trace,duration_s,dt_s,alpha,mean_W,cv0,cv_alpha,battery_state_id,battery_state_label,SOH,cap_loss0_frac,r0_growth0_frac,tte_alpha_h,status_alpha,min_margin_alpha,tte_alpha0_h,status_alpha0,min_margin_alpha0,delta_tte_h,delta_tte_pct
Mega__smartphoneBaseline_dt1s,59.0,1.0,0.0,1.4023203389830508,0.0962693584111163,0.0,D3_Cell01_new,new,1.0,0.0,0.0,10.489444444444445,soc_min,0.9628361645361648,10.489444444444445,soc_min,0.9628361645361648,0.0,0.0
Mega__smartphoneBaseline_dt1s,59.0,1.0,0.2,1.4023203389830508,0.0962693584111163,0.019253871682223242,D3_Cell01_new,new,1.0,0.0,0.0,10.489444444444445,soc_min,0.9581158093382974,10.489444444444445,soc_min,0.9628361645361648,0.0,0.0
Mega__smartphoneBaseline_dt1s,59.0,1.0,0.4,1.4023203389830508,0.0962693584111163,0.03850774336444652,D3_Cell01_new,new,1.0,0.0,0.0,10.489166666666666,soc_min,0.9533350790599147,10.489444444444445,soc_min,0.9628361645361648,-0.0002777777777787094,-0.0026481648217873887
Mega__smartphoneBaseline_dt1s,59.0,1.0,0.6,1.4023203389830508,0.0962693584111163,0.05776161504666976,D3_Cell01_new,new,1.0,0.0,0.0,10.489166666666666,soc_min,0.948553926350552,10.489444444444445,soc_min,0.9628361645361648,-0.0002777777777787094,-0.0026481648217873887
Mega__smartphoneBaseline_dt1s,59.0,1.0,0.8,1.4023203389830508,0.0962693584111163,0.07701548672889301,D3_Cell01_new,new,1.0,0.0,0.0,10.488888888888889,soc_min,0.9437722463953987,10.489444444444445,soc_min,0.9628361645361648,-0.0005555555555556424,-0.005296329643557843
Mega__smartphoneBaseline_dt1s,59.0,1.0,1.0,1.4023203389830508,0.0962693584111163,0.0962693584111163,D3_Cell01_new,new,1.0,0.0,0.0,10.488611111111112,soc_min,0.9389899336697665,10.489444444444445,soc_min,0.9628361645361648,-0.0008333333333325754,-0.007944494465328297
Mega__smartphoneBaseline_dt1s,59.0,1.0,0.0,1.4023203389830508,0.0962693584111163,0.0,D3_Cell01_eol,eol,0.6331208915526815,0.3668791084473185,0.5794771793860334,6.794722222222222,soc_min,0.9458444238289263,6.794722222222222,soc_min,0.9458444238289263,0.0,0.0
Mega__smartphoneBaseline_dt1s,59.0,1.0,0.2,1.4023203389830508,0.0962693584111163,0.019253871682223242,D3_Cell01_eol,eol,0.6331208915526815,0.3668791084473185,0.5794771793860334,6.794722222222222,soc_min,0.9389398599167291,6.794722222222222,soc_min,0.9458444238289263,0.0,0.0
Mega__smartphoneBaseline_dt1s,59.0,1.0,0.4,1.4023203389830508,0.0962693584111163,0.03850774336444652,D3_Cell01_eol,eol,0.6331208915526815,0.3668791084473185,0.5794771793860334,6.794444444444444,soc_min,0.9319700226712785,6.794722222222222,soc_min,0.9458444238289263,-0.0002777777777778212,-0.004088140304975906
Mega__smartphoneBaseline_dt1s,59.0,1.0,0.6,1.4023203389830508,0.0962693584111163,0.05776161504666976,D3_Cell01_eol,eol,0.6331208915526815,0.3668791084473185,0.5794771793860334,6.794444444444444,soc_min,0.9249991533854707,6.794722222222222,soc_min,0.9458444238289263,-0.0002777777777778212,-0.004088140304975906
Mega__smartphoneBaseline_dt1s,59.0,1.0,0.8,1.4023203389830508,0.0962693584111163,0.07701548672889301,D3_Cell01_eol,eol,0.6331208915526815,0.3668791084473185,0.5794771793860334,6.7941666666666665,soc_min,0.9180269978784591,6.794722222222222,soc_min,0.9458444238289263,-0.0005555555555556424,-0.008176280609951812
Mega__smartphoneBaseline_dt1s,59.0,1.0,1.0,1.4023203389830508,0.0962693584111163,0.0962693584111163,D3_Cell01_eol,eol,0.6331208915526815,0.3668791084473185,0.5794771793860334,6.793888888888889,soc_min,0.911053299307643,6.794722222222222,soc_min,0.9458444238289263,-0.0008333333333334636,-0.012264420914927718
Mega__smartphoneClient3g_dt1s,7.0,1.0,0.0,4.900414285714286,0.11314459853539523,0.0,D3_Cell01_new,new,1.0,0.0,0.0,2.9035482810338133,cutoff,0.8887381500215844,2.9035482810338133,cutoff,0.8887381500215844,0.0,0.0
Mega__smartphoneClient3g_dt1s,7.0,1.0,0.2,4.900414285714286,0.11314459853539523,0.022628919707079025,D3_Cell01_new,new,1.0,0.0,0.0,2.899722222222222,cutoff,0.8853358816371493,2.9035482810338133,cutoff,0.8887381500215844,-0.0038260588115912597,-0.1317718336761731
Mega__smartphoneClient3g_dt1s,7.0,1.0,0.4,4.900414285714286,0.11314459853539523,0.04525783941415811,D3_Cell01_new,new,1.0,0.0,0.0,2.894365834180649,cutoff,0.8820462560739285,2.9035482810338133,cutoff,0.8887381500215844,-0.009182446853164272,-0.3162491532565405
Mega__smartphoneClient3g_dt1s,7.0,1.0,0.6,4.900414285714286,0.11314459853539523,0.06788675912123711,D3_Cell01_new,new,1.0,0.0,0.0,2.89,cutoff,0.8786741932803429,2.9035482810338133,cutoff,0.8887381500215844,-0.013548281033813225,-0.4666111847463179
Mega__smartphoneClient3g_dt1s,7.0,1.0,0.8,4.900414285714286,0.11314459853539523,0.09051567882831621,D3_Cell01_new,new,1.0,0.0,0.0,2.8846553038301006,cutoff,0.875394488636626,2.9035482810338133,cutoff,0.8887381500215844,-0.018892977203712746,-0.650685829029365
Mega__smartphoneClient3g_dt1s,7.0,1.0,1.0,4.900414285714286,0.11314459853539523,0.11314459853539523,D3_Cell01_new,new,1.0,0.0,0.0,2.8802777777777777,cutoff,0.8720244942022419,2.9035482810338133,cutoff,0.8887381500215844,-0.023270503256035635,-0.8014505358164781
Mega__smartphoneClient3g_dt1s,7.0,1.0,0.0,4.900414285714286,0.11314459853539523,0.0,D3_Cell01_eol,eol,0.6331208915526815,0.3668791084473185,0.5794771793860334,1.8847222222222222,soc_min,0.8349426365122808,1.8847222222222222,soc_min,0.8349426365122808,0.0,0.0
Mega__smartphoneClient3g_dt1s,7.0,1.0,0.2,4.900414285714286,0.11314459853539523,0.022628919707079025,D3_Cell01_eol,eol,0.6331208915526815,0.3668791084473185,0.5794771793860334,1.8847222222222222,soc_min,0.829645132461424,1.8847222222222222,soc_min,0.8349426365122808,0.0,0.0
Mega__smartphoneClient3g_dt1s,7.0,1.0,0.4,4.900414285714286,0.11314459853539523,0.04525783941415811,D3_Cell01_eol,eol,0.6331208915526815,0.3668791084473185,0.5794771793860334,1.8844444444444444,soc_min,0.8245965396068031,1.8847222222222222,soc_min,0.8349426365122808,-0.0002777777777778212,-0.014738393515109157
Mega__smartphoneClient3g_dt1s,7.0,1.0,0.6,4.900414285714286,0.11314459853539523,0.06788675912123711,D3_Cell01_eol,eol,0.6331208915526815,0.3668791084473185,0.5794771793860334,1.8841666666666668,soc_min,0.8192886635435735,1.8847222222222222,soc_min,0.8349426365122808,-0.0005555555555554204,-0.029476787030206533
Mega__smartphoneClient3g_dt1s,7.0,1.0,0.8,4.900414285714286,0.11314459853539523,0.09051567882831621,D3_Cell01_eol,eol,0.6331208915526815,0.3668791084473185,0.5794771793860334,1.883888888888889,soc_min,0.8139703316341109,1.8847222222222222,soc_min,0.8349426365122808,-0.0008333333333332416,-0.04421518054531569
Mega__smartphoneClient3g_dt1s,7.0,1.0,1.0,4.900414285714286,0.11314459853539523,0.11314459853539523,D3_Cell01_eol,eol,0.6331208915526815,0.3668791084473185,0.5794771793860334,1.8836111111111111,soc_min,0.8086407222353018,1.8847222222222222,soc_min,0.8349426365122808,-0.0011111111111110628,-0.05895357406042485
Mega__smartphoneClientBluetooth_dt1s,59.0,1.0,0.0,2.0008271186440676,0.11225791484114411,0.0,D3_Cell01_new,new,1.0,0.0,0.0,7.323888888888889,soc_min,0.9481013250276336,7.323888888888889,soc_min,0.9481013250276336,0.0,0.0
Mega__smartphoneClientBluetooth_dt1s,59.0,1.0,0.2,2.0008271186440676,0.11225791484114411,0.022451582968228814,D3_Cell01_new,new,1.0,0.0,0.0,7.323611111111111,soc_min,0.9436097074078065,7.323888888888889,soc_min,0.9481013250276336,-0.0002777777777778212,-0.0037927634074192383
Mega__smartphoneClientBluetooth_dt1s,59.0,1.0,0.4,2.0008271186440676,0.11225791484114411,0.04490316593645765,D3_Cell01_new,new,1.0,0.0,0.0,7.323611111111111,soc_min,0.939060617442983,7.323888888888889,soc_min,0.9481013250276336,-0.0002777777777778212,-0.0037927634074192383
Mega__smartphoneClientBluetooth_dt1s,59.0,1.0,0.6,2.0008271186440676,0.11225791484114411,0.06735474890468647,D3_Cell01_new,new,1.0,0.0,0.0,7.323333333333333,soc_min,0.9345103617805169,7.323888888888889,soc_min,0.9481013250276336,-0.0005555555555556424,-0.007585526814838477
Mega__smartphoneClientBluetooth_dt1s,59.0,1.0,0.8,2.0008271186440676,0.11225791484114411,0.0898063318729153,D3_Cell01_new,new,1.0,0.0,0.0,7.323055555555555,soc_min,0.9299587539960394,7.323888888888889,soc_min,0.9481013250276336,-0.0008333333333334636,-0.011378290222257715
Mega__smartphoneClientBluetooth_dt1s,59.0,1.0,1.0,2.0008271186440676,0.11225791484114411,0.11225791484114411,D3_Cell01_new,new,1.0,0.0,0.0,7.3225,soc_min,0.9254056070130472,7.323888888888889,soc_min,0.9481013250276336,-0.001388888888889106,-0.01896381703709619
Mega__smartphoneClientBluetooth_dt1s,59.0,1.0,0.0,2.0008271186440676,0.11225791484114411,0.0,D3_Cell01_eol,eol,0.6331208915526815,0.3668791084473185,0.5794771793860334,4.7347222222222225,soc_min,0.9243311434255054,4.7347222222222225,soc_min,0.9243311434255054,0.0,0.0
Mega__smartphoneClientBluetooth_dt1s,59.0,1.0,0.2,2.0008271186440676,0.11225791484114411,0.022451582968228814,D3_Cell01_eol,eol,0.6331208915526815,0.3668791084473185,0.5794771793860334,4.7347222222222225,soc_min,0.9178465124072088,4.7347222222222225,soc_min,0.9243311434255054,0.0,0.0
Mega__smartphoneClientBluetooth_dt1s,59.0,1.0,0.4,2.0008271186440676,0.11225791484114411,0.04490316593645765,D3_Cell01_eol,eol,0.6331208915526815,0.3668791084473185,0.5794771793860334,4.7347222222222225,soc_min,0.9112177828675494,4.7347222222222225,soc_min,0.9243311434255054,0.0,0.0
Mega__smartphoneClientBluetooth_dt1s,59.0,1.0,0.6,2.0008271186440676,0.11225791484114411,0.06735474890468647,D3_Cell01_eol,eol,0.6331208915526815,0.3668791084473185,0.5794771793860334,4.734444444444445,soc_min,0.9045863148828952,4.7347222222222225,soc_min,0.9243311434255054,-0.0002777777777778212,-0.005866823115283991
Mega__smartphoneClientBluetooth_dt1s,59.0,1.0,0.8,2.0008271186440676,0.11225791484114411,0.0898063318729153,D3_Cell01_eol,eol,0.6331208915526815,0.3668791084473185,0.5794771793860334,4.734166666666667,soc_min,0.8979516554268053,4.7347222222222225,soc_min,0.9243311434255054,-0.0005555555555556424,-0.011733646230567982
Mega__smartphoneClientBluetooth_dt1s,59.0,1.0,1.0,2.0008271186440676,0.11225791484114411,0.11225791484114411,D3_Cell01_eol,eol,0.6331208915526815,0.3668791084473185,0.5794771793860334,4.733611111111111,soc_min,0.8913133489876223,4.7347222222222225,soc_min,0.9243311434255054,-0.0011111111111112848,-0.023467292461135963
Mega__smartphoneClientTcpDirect_dt1s,119.0,1.0,0.0,3.7600722689075634,0.08942517227342224,0.0,D3_Cell01_new,new,1.0,0.0,0.0,3.849300941947058,cutoff,0.9091382336763271,3.849300941947058,cutoff,0.9091382336763271,0.0,0.0
Mega__smartphoneClientTcpDirect_dt1s,119.0,1.0,0.2,3.7600722689075634,0.08942517227342224,0.017885034454684447,D3_Cell01_new,new,1.0,0.0,0.0,3.8469444444444445,cutoff,0.9054150501266385,3.849300941947058,cutoff,0.9091382336763271,-0.002356497502613575,-0.061218843061452304
Mega__smartphoneClientTcpDirect_dt1s,119.0,1.0,0.4,3.7600722689075634,0.08942517227342224,0.0357700689093689,D3_Cell01_new,new,1.0,0.0,0.0,3.838611111111111,cutoff,0.901265307357432,3.849300941947058,cutoff,0.9091382336763271,-0.010689830835946879,-0.27770836827685746
Mega__smartphoneClientTcpDirect_dt1s,119.0,1.0,0.6,3.7600722689075634,0.08942517227342224,0.05365510336405334,D3_Cell01_new,new,1.0,0.0,0.0,3.835277777777778,cutoff,0.8971137598870685,3.849300941947058,cutoff,0.9091382336763271,-0.014023164169280289,-0.3643041783630218
Mega__smartphoneClientTcpDirect_dt1s,119.0,1.0,0.8,3.7600722689075634,0.08942517227342224,0.0715401378187378,D3_Cell01_new,new,1.0,0.0,0.0,3.835277777777778,cutoff,0.89296022988658,3.849300941947058,cutoff,0.9091382336763271,-0.014023164169280289,-0.3643041783630218
Mega__smartphoneClientTcpDirect_dt1s,119.0,1.0,1.0,3.7600722689075634,0.08942517227342224,0.08942517227342224,D3_Cell01_new,new,1.0,0.0,0.0,3.834722222222222,cutoff,0.8899750223442751,3.849300941947058,cutoff,0.9091382336763271,-0.014578719724835931,-0.37873681337738446
Mega__smartphoneClientTcpDirect_dt1s,119.0,1.0,0.0,3.7600722689075634,0.08942517227342224,0.0,D3_Cell01_eol,eol,0.6331208915526815,0.3668791084473185,0.5794771793860334,2.479722222222222,soc_min,0.8670428246711029,2.479722222222222,soc_min,0.8670428246711029,0.0,0.0
Mega__smartphoneClientTcpDirect_dt1s,119.0,1.0,0.2,3.7600722689075634,0.08942517227342224,0.017885034454684447,D3_Cell01_eol,eol,0.6331208915526815,0.3668791084473185,0.5794771793860334,2.479722222222222,soc_min,0.8634096244254575,2.479722222222222,soc_min,0.8670428246711029,0.0,0.0
Mega__smartphoneClientTcpDirect_dt1s,119.0,1.0,0.4,3.7600722689075634,0.08942517227342224,0.0357700689093689,D3_Cell01_eol,eol,0.6331208915526815,0.3668791084473185,0.5794771793860334,2.4794444444444443,soc_min,0.857415975843644,2.479722222222222,soc_min,0.8670428246711029,-0.0002777777777778212,-0.011201971546994023
Mega__smartphoneClientTcpDirect_dt1s,119.0,1.0,0.6,3.7600722689075634,0.08942517227342224,0.05365510336405334,D3_Cell01_eol,eol,0.6331208915526815,0.3668791084473185,0.5794771793860334,2.4794444444444443,soc_min,0.8514185393971826,2.479722222222222,soc_min,0.8670428246711029,-0.0002777777777778212,-0.011201971546994023
Mega__smartphoneClientTcpDirect_dt1s,119.0,1.0,0.8,3.7600722689075634,0.08942517227342224,0.0715401378187378,D3_Cell01_eol,eol,0.6331208915526815,0.3668791084473185,0.5794771793860334,2.4791666666666665,soc_min,0.8454169266968569,2.479722222222222,soc_min,0.8670428246711029,-0.0005555555555556424,-0.022403943093988046
Mega__smartphoneClientTcpDirect_dt1s,119.0,1.0,1.0,3.7600722689075634,0.08942517227342224,0.08942517227342224,D3_Cell01_eol,eol,0.6331208915526815,0.3668791084473185,0.5794771793860334,2.4788888888888887,soc_min,0.8394107489269572,2.479722222222222,soc_min,0.8670428246711029,-0.0008333333333334636,-0.03360591464098207
Mega__smartphoneClientTcpRouter_dt1s,119.0,1.0,0.0,3.5435789915966387,0.10585287243184016,0.0,D3_Cell01_new,new,1.0,0.0,0.0,4.0975,soc_min,0.9133850571115941,4.0975,soc_min,0.9133850571115941,0.0,0.0
Mega__smartphoneClientTcpRouter_dt1s,119.0,1.0,0.2,3.5435789915966387,0.10585287243184016,0.02117057448636803,D3_Cell01_new,new,1.0,0.0,0.0,4.096062844987127,cutoff,0.910470230457091,4.0975,soc_min,0.9133850571115941,-0.0014371550128728927,-0.035073947843145645
Mega__smartphoneClientTcpRouter_dt1s,119.0,1.0,0.4,3.5435789915966387,0.10585287243184016,0.04234114897273606,D3_Cell01_new,new,1.0,0.0,0.0,4.089166666666666,cutoff,0.9072321439944557,4.0975,soc_min,0.9133850571115941,-0.008333333333333748,-0.20337604230222692
Mega__smartphoneClientTcpRouter_dt1s,119.0,1.0,0.6,3.5435789915966387,0.10585287243184016,0.06351172345910411,D3_Cell01_new,new,1.0,0.0,0.0,4.085118057071894,cutoff,0.9041307370166551,4.0975,soc_min,0.9133850571115941,-0.012381942928105794,-0.30218286584760934
Mega__smartphoneClientTcpRouter_dt1s,119.0,1.0,0.8,3.5435789915966387,0.10585287243184016,0.08468229794547213,D3_Cell01_new,new,1.0,0.0,0.0,4.084807538276079,cutoff,0.9007602364362444,4.0975,soc_min,0.9133850571115941,-0.0126924617239208,-0.3097611158980061
Mega__smartphoneClientTcpRouter_dt1s,119.0,1.0,1.0,3.5435789915966387,0.10585287243184016,0.10585287243184016,D3_Cell01_new,new,1.0,0.0,0.0,4.079166666666667,cutoff,0.8973872131289733,4.0975,soc_min,0.9133850571115941,-0.018333333333333535,-0.4474272930648819
Mega__smartphoneClientTcpRouter_dt1s,119.0,1.0,0.0,3.5435789915966387,0.10585287243184016,0.0,D3_Cell01_eol,eol,0.6331208915526815,0.3668791084473185,0.5794771793860334,2.636111111111111,soc_min,0.8735979076891115,2.636111111111111,soc_min,0.8735979076891115,0.0,0.0
Mega__smartphoneClientTcpRouter_dt1s,119.0,1.0,0.2,3.5435789915966387,0.10585287243184016,0.02117057448636803,D3_Cell01_eol,eol,0.6331208915526815,0.3668791084473185,0.5794771793860334,2.636111111111111,soc_min,0.8691280927569363,2.636111111111111,soc_min,0.8735979076891115,0.0,0.0
Mega__smartphoneClientTcpRouter_dt1s,119.0,1.0,0.4,3.5435789915966387,0.10585287243184016,0.04234114897273606,D3_Cell01_eol,eol,0.6331208915526815,0.3668791084473185,0.5794771793860334,2.6358333333333333,soc_min,0.8644524630375938,2.636111111111111,soc_min,0.8735979076891115,-0.0002777777777778212,-0.010537407797683418
Mega__smartphoneClientTcpRouter_dt1s,119.0,1.0,0.6,3.5435789915966387,0.10585287243184016,0.06351172345910411,D3_Cell01_eol,eol,0.6331208915526815,0.3668791084473185,0.5794771793860334,2.6355555555555554,soc_min,0.8597134933751035,2.636111111111111,soc_min,0.8735979076891115,-0.0005555555555556424,-0.021074815595366836
Mega__smartphoneClientTcpRouter_dt1s,119.0,1.0,0.8,3.5435789915966387,0.10585287243184016,0.08468229794547213,D3_Cell01_eol,eol,0.6331208915526815,0.3668791084473185,0.5794771793860334,2.6352777777777776,soc_min,0.8549688510521577,2.636111111111111,soc_min,0.8735979076891115,-0.0008333333333334636,-0.031612223393050254
Mega__smartphoneClientTcpRouter_dt1s,119.0,1.0,1.0,3.5435789915966387,0.10585287243184016,0.10585287243184016,D3_Cell01_eol,eol,0.6331208915526815,0.3668791084473185,0.5794771793860334,2.635,soc_min,0.8502180647278701,2.636111111111111,soc_min,0.8735979076891115,-0.0011111111111112848,-0.04214963119073367
Mega__smartphoneClientUdpDirect_dt1s,119.0,1.0,0.0,3.576827731092438,0.08111064234589865,0.0,D3_Cell01_new,new,1.0,0.0,0.0,4.058089534375368,cutoff,0.9127067312117209,4.058089534375368,cutoff,0.9127067312117209,0.0,0.0
Mega__smartphoneClientUdpDirect_dt1s,119.0,1.0,0.2,3.576827731092438,0.08111064234589865,0.01622212846917973,D3_Cell01_new,new,1.0,0.0,0.0,4.0575,cutoff,0.910223008891611,4.058089534375368,cutoff,0.9127067312117209,-0.000589534375367684,-0.014527387096165358
Mega__smartphoneClientUdpDirect_dt1s,119.0,1.0,0.4,3.576827731092438,0.08111064234589865,0.032444256938359464,D3_Cell01_new,new,1.0,0.0,0.0,4.050833333333333,cutoff,0.9073570390844578,4.058089534375368,cutoff,0.9127067312117209,-0.007256201042034505,-0.17880830328085404
Mega__smartphoneClientUdpDirect_dt1s,119.0,1.0,0.6,3.576827731092438,0.08111064234589865,0.04866638540753919,D3_Cell01_new,new,1.0,0.0,0.0,4.044444444444444,cutoff,0.9044898135456635,4.058089534375368,cutoff,0.9127067312117209,-0.013645089930923504,-0.3362441812911798
Mega__smartphoneClientUdpDirect_dt1s,119.0,1.0,0.8,3.576827731092438,0.08111064234589865,0.06488851387671893,D3_Cell01_new,new,1.0,0.0,0.0,4.044444444444444,cutoff,0.9016212350970007,4.058089534375368,cutoff,0.9127067312117209,-0.013645089930923504,-0.3362441812911798
Mega__smartphoneClientUdpDirect_dt1s,119.0,1.0,1.0,3.576827731092438,0.08111064234589865,0.08111064234589865,D3_Cell01_new,new,1.0,0.0,0.0,4.036944444444444,cutoff,0.8995963934574049,4.058089534375368,cutoff,0.9127067312117209,-0.02114508993092379,-0.5210602119989572
Mega__smartphoneClientUdpDirect_dt1s,119.0,1.0,0.0,3.576827731092438,0.08111064234589865,0.0,D3_Cell01_eol,eol,0.6331208915526815,0.3668791084473185,0.5794771793860334,2.6108333333333333,soc_min,0.8725837429191274,2.6108333333333333,soc_min,0.8725837429191274,0.0,0.0
Mega__smartphoneClientUdpDirect_dt1s,119.0,1.0,0.2,3.576827731092438,0.08111064234589865,0.01622212846917973,D3_Cell01_eol,eol,0.6331208915526815,0.3668791084473185,0.5794771793860334,2.6108333333333333,soc_min,0.8698382565103714,2.6108333333333333,soc_min,0.8725837429191274,0.0,0.0
Mega__smartphoneClientUdpDirect_dt1s,119.0,1.0,0.4,3.576827731092438,0.08111064234589865,0.032444256938359464,D3_Cell01_eol,eol,0.6331208915526815,0.3668791084473185,0.5794771793860334,2.6108333333333333,soc_min,0.8656814635808616,2.6108333333333333,soc_min,0.8725837429191274,0.0,0.0
Mega__smartphoneClientUdpDirect_dt1s,119.0,1.0,0.6,3.576827731092438,0.08111064234589865,0.04866638540753919,D3_Cell01_eol,eol,0.6331208915526815,0.3668791084473185,0.5794771793860334,2.6105555555555555,soc_min,0.861521652939343,2.6108333333333333,soc_min,0.8725837429191274,-0.0002777777777778212,-0.01063942972656832
Mega__smartphoneClientUdpDirect_dt1s,119.0,1.0,0.8,3.576827731092438,0.08111064234589865,0.06488851387671893,D3_Cell01_eol,eol,0.6331208915526815,0.3668791084473185,0.5794771793860334,2.6102777777777777,soc_min,0.8573585867054829,2.6108333333333333,soc_min,0.8725837429191274,-0.0005555555555556424,-0.02127885945313664
Mega__smartphoneClientUdpDirect_dt1s,119.0,1.0,1.0,3.576827731092438,0.08111064234589865,0.08111064234589865,D3_Cell01_eol,eol,0.6331208915526815,0.3668791084473185,0.5794771793860334,2.6102777777777777,soc_min,0.8531920269009394,2.6108333333333333,soc_min,0.8725837429191274,-0.0005555555555556424,-0.02127885945313664
Mega__smartphoneClientUdpRouter_dt1s,119.0,1.0,0.0,3.107575630252101,0.08922048014256391,0.0,D3_Cell01_new,new,1.0,0.0,0.0,4.684166666666667,soc_min,0.9227082498650995,4.684166666666667,soc_min,0.9227082498650995,0.0,0.0
Mega__smartphoneClientUdpRouter_dt1s,119.0,1.0,0.2,3.107575630252101,0.08922048014256391,0.017844096028512783,D3_Cell01_new,new,1.0,0.0,0.0,4.684166666666667,soc_min,0.9195860686664167,4.684166666666667,soc_min,0.9227082498650995,0.0,0.0
Mega__smartphoneClientUdpRouter_dt1s,119.0,1.0,0.4,3.107575630252101,0.08922048014256391,0.035688192057025565,D3_Cell01_new,new,1.0,0.0,0.0,4.683888888888889,soc_min,0.916158400687632,4.684166666666667,soc_min,0.9227082498650995,-0.0002777777777778212,-0.0059301429164452125
Mega__smartphoneClientUdpRouter_dt1s,119.0,1.0,0.6,3.107575630252101,0.08922048014256391,0.053532288085538345,D3_Cell01_new,new,1.0,0.0,0.0,4.683888888888889,soc_min,0.9127049519081416,4.684166666666667,soc_min,0.9227082498650995,-0.0002777777777778212,-0.0059301429164452125
Mega__smartphoneClientUdpRouter_dt1s,119.0,1.0,0.8,3.107575630252101,0.08922048014256391,0.07137638411405113,D3_Cell01_new,new,1.0,0.0,0.0,4.683611111111111,soc_min,0.9091542803299044,4.684166666666667,soc_min,0.9227082498650995,-0.0005555555555556424,-0.011860285832890425
Mega__smartphoneClientUdpRouter_dt1s,119.0,1.0,1.0,3.107575630252101,0.08922048014256391,0.08922048014256391,D3_Cell01_new,new,1.0,0.0,0.0,4.679444444444444,cutoff,0.905602179453774,4.684166666666667,soc_min,0.9227082498650995,-0.00472222222222296,-0.10081242957956862
Mega__smartphoneClientUdpRouter_dt1s,119.0,1.0,0.0,3.107575630252101,0.08922048014256391,0.0,D3_Cell01_eol,eol,0.6331208915526815,0.3668791084473185,0.5794771793860334,3.0175,soc_min,0.887227177490909,3.0175,soc_min,0.887227177490909,0.0,0.0
Mega__smartphoneClientUdpRouter_dt1s,119.0,1.0,0.2,3.107575630252101,0.08922048014256391,0.017844096028512783,D3_Cell01_eol,eol,0.6331208915526815,0.3668791084473185,0.5794771793860334,3.0175,soc_min,0.8822233864148579,3.0175,soc_min,0.887227177490909,0.0,0.0
Mega__smartphoneClientUdpRouter_dt1s,119.0,1.0,0.4,3.107575630252101,0.08922048014256391,0.035688192057025565,D3_Cell01_eol,eol,0.6331208915526815,0.3668791084473185,0.5794771793860334,3.0175,soc_min,0.8772018213567583,3.0175,soc_min,0.887227177490909,0.0,0.0
Mega__smartphoneClientUdpRouter_dt1s,119.0,1.0,0.6,3.107575630252101,0.08922048014256391,0.053532288085538345,D3_Cell01_eol,eol,0.6331208915526815,0.3668791084473185,0.5794771793860334,3.0172222222222222,soc_min,0.8721769213984758,3.0175,soc_min,0.887227177490909,-0.0002777777777778212,-0.009205560158337074
Mega__smartphoneClientUdpRouter_dt1s,119.0,1.0,0.8,3.107575630252101,0.08922048014256391,0.07137638411405113,D3_Cell01_eol,eol,0.6331208915526815,0.3668791084473185,0.5794771793860334,3.0172222222222222,soc_min,0.8671479586271654,3.0175,soc_min,0.887227177490909,-0.0002777777777778212,-0.009205560158337074
Mega__smartphoneClientUdpRouter_dt1s,119.0,1.0,1.0,3.107575630252101,0.08922048014256391,0.08922048014256391,D3_Cell01_eol,eol,0.6331208915526815,0.3668791084473185,0.5794771793860334,3.0169444444444444,soc_min,0.8621273135853813,3.0175,soc_min,0.887227177490909,-0.0005555555555556424,-0.01841112031667415
Mega__smartphoneServer3g_dt1s,6.0,1.0,0.0,5.78285,0.03919728171230224,0.0,D3_Cell01_new,new,1.0,0.0,0.0,2.4296535136343267,cutoff,0.8750316968545286,2.4296535136343267,cutoff,0.8750316968545286,0.0,0.0
Mega__smartphoneServer3g_dt1s,6.0,1.0,0.2,5.78285,0.03919728171230224,0.007839456342460454,D3_Cell01_new,new,1.0,0.0,0.0,2.428033671884188,cutoff,0.8737596812349927,2.4296535136343267,cutoff,0.8750316968545286,-0.0016198417501387397,-0.06666966055237014
Mega__smartphoneServer3g_dt1s,6.0,1.0,0.4,5.78285,0.03919728171230224,0.015678912684920908,D3_Cell01_new,new,1.0,0.0,0.0,2.4277777777777776,cutoff,0.8723962592625565,2.4296535136343267,cutoff,0.8750316968545286,-0.001875735856549099,-0.07720178395903594
Mega__smartphoneServer3g_dt1s,6.0,1.0,0.6,5.78285,0.03919728171230224,0.023518369027381334,D3_Cell01_new,new,1.0,0.0,0.0,2.426111111111111,cutoff,0.8711263747185087,2.4296535136343267,cutoff,0.8750316968545286,-0.003542402523215582,-0.1457986706061961
Mega__smartphoneServer3g_dt1s,6.0,1.0,0.8,5.78285,0.03919728171230224,0.03135782536984179,D3_Cell01_new,new,1.0,0.0,0.0,2.4244444444444446,cutoff,0.8698579671321653,2.4296535136343267,cutoff,0.8750316968545286,-0.005209069189882065,-0.21439555725335627
Mega__smartphoneServer3g_dt1s,6.0,1.0,1.0,5.78285,0.03919728171230224,0.03919728171230224,D3_Cell01_new,new,1.0,0.0,0.0,2.4227777777777777,cutoff,0.8685910242035989,2.4296535136343267,cutoff,0.8750316968545286,-0.006875735856548992,-0.2829924439005347
Mega__smartphoneServer3g_dt1s,6.0,1.0,0.0,5.78285,0.03919728171230224,0.0,D3_Cell01_eol,eol,0.6331208915526815,0.3668791084473185,0.5794771793860334,1.586111111111111,soc_min,0.8129649081798472,1.586111111111111,soc_min,0.8129649081798472,0.0,0.0
Mega__smartphoneServer3g_dt1s,6.0,1.0,0.2,5.78285,0.03919728171230224,0.007839456342460454,D3_Cell01_eol,eol,0.6331208915526815,0.3668791084473185,0.5794771793860334,1.586111111111111,soc_min,0.810922795436636,1.586111111111111,soc_min,0.8129649081798472,0.0,0.0
Mega__smartphoneServer3g_dt1s,6.0,1.0,0.4,5.78285,0.03919728171230224,0.015678912684920908,D3_Cell01_eol,eol,0.6331208915526815,0.3668791084473185,0.5794771793860334,1.586111111111111,soc_min,0.8088792412210296,1.586111111111111,soc_min,0.8129649081798472,0.0,0.0
Mega__smartphoneServer3g_dt1s,6.0,1.0,0.6,5.78285,0.03919728171230224,0.023518369027381334,D3_Cell01_eol,eol,0.6331208915526815,0.3668791084473185,0.5794771793860334,1.586111111111111,soc_min,0.8068342021454366,1.586111111111111,soc_min,0.8129649081798472,0.0,0.0
Mega__smartphoneServer3g_dt1s,6.0,1.0,0.8,5.78285,0.03919728171230224,0.03135782536984179,D3_Cell01_eol,eol,0.6331208915526815,0.3668791084473185,0.5794771793860334,1.586111111111111,soc_min,0.8047876349731442,1.586111111111111,soc_min,0.8129649081798472,0.0,0.0
Mega__smartphoneServer3g_dt1s,6.0,1.0,1.0,5.78285,0.03919728171230224,0.03919728171230224,D3_Cell01_eol,eol,0.6331208915526815,0.3668791084473185,0.5794771793860334,1.586111111111111,soc_min,0.8027394963413376,1.586111111111111,soc_min,0.8129649081798472,0.0,0.0
Mega__smartphoneServerBluetooth_dt1s,59.0,1.0,0.0,1.6323220338983049,0.04906634390369194,0.0,D3_Cell01_new,new,1.0,0.0,0.0,8.998055555555556,soc_min,0.9570927208181348,8.998055555555556,soc_min,0.9570927208181348,0.0,0.0
Mega__smartphoneServerBluetooth_dt1s,59.0,1.0,0.2,1.6323220338983049,0.04906634390369194,0.009813268780738387,D3_Cell01_new,new,1.0,0.0,0.0,8.998055555555556,soc_min,0.9557599263944411,8.998055555555556,soc_min,0.9570927208181348,0.0,0.0
Mega__smartphoneServerBluetooth_dt1s,59.0,1.0,0.4,1.6323220338983049,0.04906634390369194,0.019626537561476774,D3_Cell01_new,new,1.0,0.0,0.0,8.998055555555556,soc_min,0.9543839649190533,8.998055555555556,soc_min,0.9570927208181348,0.0,0.0
Mega__smartphoneServerBluetooth_dt1s,59.0,1.0,0.6,1.6323220338983049,0.04906634390369194,0.02943980634221516,D3_Cell01_new,new,1.0,0.0,0.0,8.998055555555556,soc_min,0.9530078987886583,8.998055555555556,soc_min,0.9570927208181348,0.0,0.0
Mega__smartphoneServerBluetooth_dt1s,59.0,1.0,0.8,1.6323220338983049,0.04906634390369194,0.03925307512295355,D3_Cell01_new,new,1.0,0.0,0.0,8.998055555555556,soc_min,0.9516317191293607,8.998055555555556,soc_min,0.9570927208181348,0.0,0.0
Mega__smartphoneServerBluetooth_dt1s,59.0,1.0,1.0,1.6323220338983049,0.04906634390369194,0.04906634390369194,D3_Cell01_new,new,1.0,0.0,0.0,8.997777777777777,soc_min,0.9502554170595854,8.998055555555556,soc_min,0.9570927208181348,-0.0002777777777787094,-0.003087086716276213
Mega__smartphoneServerBluetooth_dt1s,59.0,1.0,0.0,1.6323220338983049,0.04906634390369194,0.0,D3_Cell01_eol,eol,0.6331208915526815,0.3668791084473185,0.5794771793860334,5.824166666666667,soc_min,0.9374607397833905,5.824166666666667,soc_min,0.9374607397833905,0.0,0.0
Mega__smartphoneServerBluetooth_dt1s,59.0,1.0,0.2,1.6323220338983049,0.04906634390369194,0.009813268780738387,D3_Cell01_eol,eol,0.6331208915526815,0.3668791084473185,0.5794771793860334,5.824166666666667,soc_min,0.9356449256428244,5.824166666666667,soc_min,0.9374607397833905,0.0,0.0
Mega__smartphoneServerBluetooth_dt1s,59.0,1.0,0.4,1.6323220338983049,0.04906634390369194,0.019626537561476774,D3_Cell01_eol,eol,0.6331208915526815,0.3668791084473185,0.5794771793860334,5.824166666666667,soc_min,0.933643172530093,5.824166666666667,soc_min,0.9374607397833905,0.0,0.0
Mega__smartphoneServerBluetooth_dt1s,59.0,1.0,0.6,1.6323220338983049,0.04906634390369194,0.02943980634221516,D3_Cell01_eol,eol,0.6331208915526815,0.3668791084473185,0.5794771793860334,5.824166666666667,soc_min,0.9316411634097103,5.824166666666667,soc_min,0.9374607397833905,0.0,0.0
Mega__smartphoneServerBluetooth_dt1s,59.0,1.0,0.8,1.6323220338983049,0.04906634390369194,0.03925307512295355,D3_Cell01_eol,eol,0.6331208915526815,0.3668791084473185,0.5794771793860334,5.824166666666667,soc_min,0.9296388770255529,5.824166666666667,soc_min,0.9374607397833905,0.0,0.0
Mega__smartphoneServerBluetooth_dt1s,59.0,1.0,1.0,1.6323220338983049,0.04906634390369194,0.04906634390369194,D3_Cell01_eol,eol,0.6331208915526815,0.3668791084473185,0.5794771793860334,5.823888888888889,soc_min,0.9276362920891305,5.824166666666667,soc_min,0.9374607397833905,-0.0002777777777778212,-0.004769399532599592
Mega__smartphoneServerTcpDirect_dt1s,119.0,1.0,0.0,3.1773915966386554,0.08200587197949152,0.0,D3_Cell01_new,new,1.0,0.0,0.0,4.579444444444444,soc_min,0.9211874889765909,4.579444444444444,soc_min,0.9211874889765909,0.0,0.0
Mega__smartphoneServerTcpDirect_dt1s,119.0,1.0,0.2,3.1773915966386554,0.08200587197949152,0.0164011743958983,D3_Cell01_new,new,1.0,0.0,0.0,4.579166666666667,soc_min,0.9184783427090082,4.579444444444444,soc_min,0.9211874889765909,-0.0002777777777778212,-0.006065752759918454
Mega__smartphoneServerTcpDirect_dt1s,119.0,1.0,0.4,3.1773915966386554,0.08200587197949152,0.03280234879179661,D3_Cell01_new,new,1.0,0.0,0.0,4.578888888888889,soc_min,0.9155557927517469,4.579444444444444,soc_min,0.9211874889765909,-0.0005555555555556424,-0.012131505519836909
Mega__smartphoneServerTcpDirect_dt1s,119.0,1.0,0.6,3.1773915966386554,0.08200587197949152,0.049203523187694914,D3_Cell01_new,new,1.0,0.0,0.0,4.578888888888889,soc_min,0.912631897333692,4.579444444444444,soc_min,0.9211874889765909,-0.0005555555555556424,-0.012131505519836909
Mega__smartphoneServerTcpDirect_dt1s,119.0,1.0,0.8,3.1773915966386554,0.08200587197949152,0.06560469758359323,D3_Cell01_new,new,1.0,0.0,0.0,4.578611111111111,soc_min,0.909706561671003,4.579444444444444,soc_min,0.9211874889765909,-0.0008333333333334636,-0.018197258279755362
Mega__smartphoneServerTcpDirect_dt1s,119.0,1.0,1.0,3.1773915966386554,0.08200587197949152,0.08200587197949152,D3_Cell01_new,new,1.0,0.0,0.0,4.57,cutoff,0.9067796908746114,4.579444444444444,soc_min,0.9211874889765909,-0.009444444444444144,-0.20623559383718865
Mega__smartphoneServerTcpDirect_dt1s,119.0,1.0,0.0,3.1773915966386554,0.08200587197949152,0.0,D3_Cell01_eol,eol,0.6331208915526815,0.3668791084473185,0.5794771793860334,2.9494444444444445,soc_min,0.8850018654590143,2.9494444444444445,soc_min,0.8850018654590143,0.0,0.0
Mega__smartphoneServerTcpDirect_dt1s,119.0,1.0,0.2,3.1773915966386554,0.08200587197949152,0.0164011743958983,D3_Cell01_eol,eol,0.6331208915526815,0.3668791084473185,0.5794771793860334,2.9491666666666667,soc_min,0.8814014008987753,2.9494444444444445,soc_min,0.8850018654590143,-0.0002777777777778212,-0.009417969485780338
Mega__smartphoneServerTcpDirect_dt1s,119.0,1.0,0.4,3.1773915966386554,0.08200587197949152,0.03280234879179661,D3_Cell01_eol,eol,0.6331208915526815,0.3668791084473185,0.5794771793860334,2.9491666666666667,soc_min,0.8777077470814653,2.9494444444444445,soc_min,0.8850018654590143,-0.0002777777777778212,-0.009417969485780338
Mega__smartphoneServerTcpDirect_dt1s,119.0,1.0,0.6,3.1773915966386554,0.08200587197949152,0.049203523187694914,D3_Cell01_eol,eol,0.6331208915526815,0.3668791084473185,0.5794771793860334,2.948888888888889,soc_min,0.8738903425569097,2.9494444444444445,soc_min,0.8850018654590143,-0.0005555555555556424,-0.018835938971560676
Mega__smartphoneServerTcpDirect_dt1s,119.0,1.0,0.8,3.1773915966386554,0.08200587197949152,0.06560469758359323,D3_Cell01_eol,eol,0.6331208915526815,0.3668791084473185,0.5794771793860334,2.948888888888889,soc_min,0.8698489889769712,2.9494444444444445,soc_min,0.8850018654590143,-0.0005555555555556424,-0.018835938971560676
Mega__smartphoneServerTcpDirect_dt1s,119.0,1.0,1.0,3.1773915966386554,0.08200587197949152,0.08200587197949152,D3_Cell01_eol,eol,0.6331208915526815,0.3668791084473185,0.5794771793860334,2.948611111111111,soc_min,0.8656264826670342,2.9494444444444445,soc_min,0.8850018654590143,-0.0008333333333334636,-0.028253908457341013
Mega__smartphoneServerTcpRouter_dt1s,119.0,1.0,0.0,3.4980025210084036,0.07152456675196066,0.0,D3_Cell01_new,new,1.0,0.0,0.0,4.151944444444444,soc_min,0.9143419746100847,4.151944444444444,soc_min,0.9143419746100847,0.0,0.0
Mega__smartphoneServerTcpRouter_dt1s,119.0,1.0,0.2,3.4980025210084036,0.07152456675196066,0.014304913350392134,D3_Cell01_new,new,1.0,0.0,0.0,4.151944444444444,soc_min,0.9112659971090301,4.151944444444444,soc_min,0.9143419746100847,0.0,0.0
Mega__smartphoneServerTcpRouter_dt1s,119.0,1.0,0.4,3.4980025210084036,0.07152456675196066,0.028609826700784262,D3_Cell01_new,new,1.0,0.0,0.0,4.151944444444444,soc_min,0.9078977615076232,4.151944444444444,soc_min,0.9143419746100847,0.0,0.0
Mega__smartphoneServerTcpRouter_dt1s,119.0,1.0,0.6,3.4980025210084036,0.07152456675196066,0.042914740051176396,D3_Cell01_new,new,1.0,0.0,0.0,4.141111111111111,cutoff,0.9045284492008822,4.151944444444444,soc_min,0.9143419746100847,-0.01083333333333325,-0.2609219241319308
Mega__smartphoneServerTcpRouter_dt1s,119.0,1.0,0.8,3.4980025210084036,0.07152456675196066,0.05721965340156854,D3_Cell01_new,new,1.0,0.0,0.0,4.1369444444444445,cutoff,0.9021595384407378,4.151944444444444,soc_min,0.9143419746100847,-0.01499999999999968,-0.3612765103365147
Mega__smartphoneServerTcpRouter_dt1s,119.0,1.0,1.0,3.4980025210084036,0.07152456675196066,0.07152456675196066,D3_Cell01_new,new,1.0,0.0,0.0,4.1369444444444445,cutoff,0.8988225027680368,4.151944444444444,soc_min,0.9143419746100847,-0.01499999999999968,-0.3612765103365147
Mega__smartphoneServerTcpRouter_dt1s,119.0,1.0,0.0,3.4980025210084036,0.07152456675196066,0.0,D3_Cell01_eol,eol,0.6331208915526815,0.3668791084473185,0.5794771793860334,2.671388888888889,soc_min,0.8750047753462274,2.671388888888889,soc_min,0.8750047753462274,0.0,0.0
Mega__smartphoneServerTcpRouter_dt1s,119.0,1.0,0.2,3.4980025210084036,0.07152456675196066,0.014304913350392134,D3_Cell01_eol,eol,0.6331208915526815,0.3668791084473185,0.5794771793860334,2.671388888888889,soc_min,0.8712729397966075,2.671388888888889,soc_min,0.8750047753462274,0.0,0.0
Mega__smartphoneServerTcpRouter_dt1s,119.0,1.0,0.4,3.4980025210084036,0.07152456675196066,0.028609826700784262,D3_Cell01_eol,eol,0.6331208915526815,0.3668791084473185,0.5794771793860334,2.671388888888889,soc_min,0.8663852789657709,2.671388888888889,soc_min,0.8750047753462274,0.0,0.0
Mega__smartphoneServerTcpRouter_dt1s,119.0,1.0,0.6,3.4980025210084036,0.07152456675196066,0.042914740051176396,D3_Cell01_eol,eol,0.6331208915526815,0.3668791084473185,0.5794771793860334,2.671111111111111,soc_min,0.8614951160814673,2.671388888888889,soc_min,0.8750047753462274,-0.0002777777777778212,-0.01039825309348192
Mega__smartphoneServerTcpRouter_dt1s,119.0,1.0,0.8,3.4980025210084036,0.07152456675196066,0.05721965340156854,D3_Cell01_eol,eol,0.6331208915526815,0.3668791084473185,0.5794771793860334,2.671111111111111,soc_min,0.8566022353789161,2.671388888888889,soc_min,0.8750047753462274,-0.0002777777777778212,-0.01039825309348192
Mega__smartphoneServerTcpRouter_dt1s,119.0,1.0,1.0,3.4980025210084036,0.07152456675196066,0.07152456675196066,D3_Cell01_eol,eol,0.6331208915526815,0.3668791084473185,0.5794771793860334,2.6708333333333334,soc_min,0.8517064211436932,2.671388888888889,soc_min,0.8750047753462274,-0.0005555555555556424,-0.02079650618696384
Mega__smartphoneServerUdpDirect_dt1s,119.0,1.0,0.0,3.0391100840336134,0.1290857963775784,0.0,D3_Cell01_new,new,1.0,0.0,0.0,4.791666666666667,soc_min,0.9242064530499716,4.791666666666667,soc_min,0.9242064530499716,0.0,0.0
Mega__smartphoneServerUdpDirect_dt1s,119.0,1.0,0.2,3.0391100840336134,0.1290857963775784,0.025817159275515686,D3_Cell01_new,new,1.0,0.0,0.0,4.791388888888889,soc_min,0.9209340427428447,4.791666666666667,soc_min,0.9242064530499716,-0.0002777777777778212,-0.005797101449276268
Mega__smartphoneServerUdpDirect_dt1s,119.0,1.0,0.4,3.0391100840336134,0.1290857963775784,0.05163431855103136,D3_Cell01_new,new,1.0,0.0,0.0,4.791388888888889,soc_min,0.9175844313635555,4.791666666666667,soc_min,0.9242064530499716,-0.0002777777777778212,-0.005797101449276268
Mega__smartphoneServerUdpDirect_dt1s,119.0,1.0,0.6,3.0391100840336134,0.1290857963775784,0.07745147782654703,D3_Cell01_new,new,1.0,0.0,0.0,4.7908333333333335,soc_min,0.9142322619074053,4.791666666666667,soc_min,0.9242064530499716,-0.0008333333333334636,-0.017391304347828804
Mega__smartphoneServerUdpDirect_dt1s,119.0,1.0,0.8,3.0391100840336134,0.1290857963775784,0.10326863710206272,D3_Cell01_new,new,1.0,0.0,0.0,4.790555555555556,soc_min,0.9108772778357583,4.791666666666667,soc_min,0.9242064530499716,-0.0011111111111112848,-0.02318840579710507
Mega__smartphoneServerUdpDirect_dt1s,119.0,1.0,1.0,3.0391100840336134,0.1290857963775784,0.1290857963775784,D3_Cell01_new,new,1.0,0.0,0.0,4.788055555555555,cutoff,0.9075192221451329,4.791666666666667,soc_min,0.9242064530499716,-0.0036111111111116756,-0.07536231884059148
Mega__smartphoneServerUdpDirect_dt1s,119.0,1.0,0.0,3.0391100840336134,0.1290857963775784,0.0,D3_Cell01_eol,eol,0.6331208915526815,0.3668791084473185,0.5794771793860334,3.0875,soc_min,0.8894115724478964,3.0875,soc_min,0.8894115724478964,0.0,0.0
Mega__smartphoneServerUdpDirect_dt1s,119.0,1.0,0.2,3.0391100840336134,0.1290857963775784,0.025817159275515686,D3_Cell01_eol,eol,0.6331208915526815,0.3668791084473185,0.5794771793860334,3.087222222222222,soc_min,0.8854712640778349,3.0875,soc_min,0.8894115724478964,-0.0002777777777778212,-0.008996851102115667
Mega__smartphoneServerUdpDirect_dt1s,119.0,1.0,0.4,3.0391100840336134,0.1290857963775784,0.05163431855103136,D3_Cell01_eol,eol,0.6331208915526815,0.3668791084473185,0.5794771793860334,3.087222222222222,soc_min,0.8806145003223372,3.0875,soc_min,0.8894115724478964,-0.0002777777777778212,-0.008996851102115667
Mega__smartphoneServerUdpDirect_dt1s,119.0,1.0,0.6,3.0391100840336134,0.1290857963775784,0.07745147782654703,D3_Cell01_eol,eol,0.6331208915526815,0.3668791084473185,0.5794771793860334,3.0869444444444443,soc_min,0.8757515067600357,3.0875,soc_min,0.8894115724478964,-0.0005555555555556424,-0.017993702204231334
Mega__smartphoneServerUdpDirect_dt1s,119.0,1.0,0.8,3.0391100840336134,0.1290857963775784,0.10326863710206272,D3_Cell01_eol,eol,0.6331208915526815,0.3668791084473185,0.5794771793860334,3.086388888888889,soc_min,0.8708816610832641,3.0875,soc_min,0.8894115724478964,-0.0011111111111108407,-0.03598740440844828
Mega__smartphoneServerUdpDirect_dt1s,119.0,1.0,1.0,3.0391100840336134,0.1290857963775784,0.1290857963775784,D3_Cell01_eol,eol,0.6331208915526815,0.3668791084473185,0.5794771793860334,3.0858333333333334,soc_min,0.8660043388889481,3.0875,soc_min,0.8894115724478964,-0.0016666666666664831,-0.053981106612679616
Mega__smartphoneServerUdpRouter_dt1s,119.0,1.0,0.0,3.175190756302521,0.07991568650057086,0.0,D3_Cell01_new,new,1.0,0.0,0.0,4.5825,soc_min,0.9212395396046643,4.5825,soc_min,0.9212395396046643,0.0,0.0
Mega__smartphoneServerUdpRouter_dt1s,119.0,1.0,0.2,3.175190756302521,0.07991568650057086,0.015983137300114168,D3_Cell01_new,new,1.0,0.0,0.0,4.5825,soc_min,0.918336641117051,4.5825,soc_min,0.9212395396046643,0.0,0.0
Mega__smartphoneServerUdpRouter_dt1s,119.0,1.0,0.4,3.175190756302521,0.07991568650057086,0.03196627460022834,D3_Cell01_new,new,1.0,0.0,0.0,4.5825,soc_min,0.9149677765476986,4.5825,soc_min,0.9212395396046643,0.0,0.0
Mega__smartphoneServerUdpRouter_dt1s,119.0,1.0,0.6,3.175190756302521,0.07991568650057086,0.04794941190034253,D3_Cell01_new,new,1.0,0.0,0.0,4.582222222222223,soc_min,0.9115978700168589,4.5825,soc_min,0.9212395396046643,-0.000277777777776933,-0.00606170818934933
Mega__smartphoneServerUdpRouter_dt1s,119.0,1.0,0.8,3.175190756302521,0.07991568650057086,0.06393254920045668,D3_Cell01_new,new,1.0,0.0,0.0,4.582222222222223,soc_min,0.9082268202970729,4.5825,soc_min,0.9212395396046643,-0.000277777777776933,-0.00606170818934933
Mega__smartphoneServerUdpRouter_dt1s,119.0,1.0,1.0,3.175190756302521,0.07991568650057086,0.07991568650057086,D3_Cell01_new,new,1.0,0.0,0.0,4.581666666666667,soc_min,0.9048545261726033,4.5825,soc_min,0.9212395396046643,-0.0008333333333325754,-0.018185124568086755
Mega__smartphoneServerUdpRouter_dt1s,119.0,1.0,0.0,3.175190756302521,0.07991568650057086,0.0,D3_Cell01_eol,eol,0.6331208915526815,0.3668791084473185,0.5794771793860334,2.951388888888889,soc_min,0.885081029526967,2.951388888888889,soc_min,0.885081029526967,0.0,0.0
Mega__smartphoneServerUdpRouter_dt1s,119.0,1.0,0.2,3.175190756302521,0.07991568650057086,0.015983137300114168,D3_Cell01_eol,eol,0.6331208915526815,0.3668791084473185,0.5794771793860334,2.951388888888889,soc_min,0.8806718110878528,2.951388888888889,soc_min,0.885081029526967,0.0,0.0
Mega__smartphoneServerUdpRouter_dt1s,119.0,1.0,0.4,3.175190756302521,0.07991568650057086,0.03196627460022834,D3_Cell01_eol,eol,0.6331208915526815,0.3668791084473185,0.5794771793860334,2.951111111111111,soc_min,0.8757484507313845,2.951388888888889,soc_min,0.885081029526967,-0.0002777777777778212,-0.009411764705883825
Mega__smartphoneServerUdpRouter_dt1s,119.0,1.0,0.6,3.175190756302521,0.07991568650057086,0.04794941190034253,D3_Cell01_eol,eol,0.6331208915526815,0.3668791084473185,0.5794771793860334,2.951111111111111,soc_min,0.8708225948179038,2.951388888888889,soc_min,0.885081029526967,-0.0002777777777778212,-0.009411764705883825
Mega__smartphoneServerUdpRouter_dt1s,119.0,1.0,0.8,3.175190756302521,0.07991568650057086,0.06393254920045668,D3_Cell01_eol,eol,0.6331208915526815,0.3668791084473185,0.5794771793860334,2.950833333333333,soc_min,0.8658939919864431,2.951388888888889,soc_min,0.885081029526967,-0.0005555555555556424,-0.01882352941176765
Mega__smartphoneServerUdpRouter_dt1s,119.0,1.0,1.0,3.175190756302521,0.07991568650057086,0.07991568650057086,D3_Cell01_eol,eol,0.6331208915526815,0.3668791084473185,0.5794771793860334,2.9505555555555554,soc_min,0.8609623908034687,2.951388888888889,soc_min,0.885081029526967,-0.0008333333333334636,-0.028235294117651473
Mini__smartphoneBaseline_dt1s,59.0,1.0,0.0,1.3170661016949152,0.09536055119685076,0.0,D3_Cell01_new,new,1.0,0.0,0.0,11.174444444444445,soc_min,0.9649916151043862,11.174444444444445,soc_min,0.9649916151043862,0.0,0.0
Mini__smartphoneBaseline_dt1s,59.0,1.0,0.2,1.3170661016949152,0.09536055119685076,0.019072110239370152,D3_Cell01_new,new,1.0,0.0,0.0,11.174444444444445,soc_min,0.9607494832471886,11.174444444444445,soc_min,0.9649916151043862,0.0,0.0
Mini__smartphoneBaseline_dt1s,59.0,1.0,0.4,1.3170661016949152,0.09536055119685076,0.03814422047874032,D3_Cell01_new,new,1.0,0.0,0.0,11.174444444444445,soc_min,0.956473185811109,11.174444444444445,soc_min,0.9649916151043862,0.0,0.0
Mini__smartphoneBaseline_dt1s,59.0,1.0,0.6,1.3170661016949152,0.09536055119685076,0.057216330718110435,D3_Cell01_new,new,1.0,0.0,0.0,11.174166666666666,soc_min,0.9521965207935849,11.174444444444445,soc_min,0.9649916151043862,-0.0002777777777787094,-0.00248583076464988
Mini__smartphoneBaseline_dt1s,59.0,1.0,0.8,1.3170661016949152,0.09536055119685076,0.07628844095748064,D3_Cell01_new,new,1.0,0.0,0.0,11.17388888888889,soc_min,0.9479194017018389,11.174444444444445,soc_min,0.9649916151043862,-0.0005555555555556424,-0.004971661529283863
Mini__smartphoneBaseline_dt1s,59.0,1.0,1.0,1.3170661016949152,0.09536055119685076,0.09536055119685076,D3_Cell01_new,new,1.0,0.0,0.0,11.17361111111111,soc_min,0.9436417415448748,11.174444444444445,soc_min,0.9649916151043862,-0.0008333333333343518,-0.007457492293933743
Mini__smartphoneBaseline_dt1s,59.0,1.0,0.0,1.3170661016949152,0.09536055119685076,0.0,D3_Cell01_eol,eol,0.6331208915526815,0.3668791084473185,0.5794771793860334,7.240555555555556,soc_min,0.9489896248902112,7.240555555555556,soc_min,0.9489896248902112,0.0,0.0
Mini__smartphoneBaseline_dt1s,59.0,1.0,0.2,1.3170661016949152,0.09536055119685076,0.019072110239370152,D3_Cell01_eol,eol,0.6331208915526815,0.3668791084473185,0.5794771793860334,7.240555555555556,soc_min,0.9428381567270521,7.240555555555556,soc_min,0.9489896248902112,0.0,0.0
Mini__smartphoneBaseline_dt1s,59.0,1.0,0.4,1.3170661016949152,0.09536055119685076,0.03814422047874032,D3_Cell01_eol,eol,0.6331208915526815,0.3668791084473185,0.5794771793860334,7.240555555555556,soc_min,0.9366101520594529,7.240555555555556,soc_min,0.9489896248902112,0.0,0.0
Mini__smartphoneBaseline_dt1s,59.0,1.0,0.6,1.3170661016949152,0.09536055119685076,0.057216330718110435,D3_Cell01_eol,eol,0.6331208915526815,0.3668791084473185,0.5794771793860334,7.240277777777778,soc_min,0.9303812599617626,7.240555555555556,soc_min,0.9489896248902112,-0.0002777777777778212,-0.003836415253587648
Mini__smartphoneBaseline_dt1s,59.0,1.0,0.8,1.3170661016949152,0.09536055119685076,0.07628844095748064,D3_Cell01_eol,eol,0.6331208915526815,0.3668791084473185,0.5794771793860334,7.24,soc_min,0.9241512721116588,7.240555555555556,soc_min,0.9489896248902112,-0.0005555555555556424,-0.007672830507175296
Mini__smartphoneBaseline_dt1s,59.0,1.0,1.0,1.3170661016949152,0.09536055119685076,0.09536055119685076,D3_Cell01_eol,eol,0.6331208915526815,0.3668791084473185,0.5794771793860334,7.239722222222222,soc_min,0.9179199783431171,7.240555555555556,soc_min,0.9489896248902112,-0.0008333333333334636,-0.011509245760762944
Mini__smartphoneClient3g_dt1s,7.0,1.0,0.0,4.6024,0.12615272464623611,0.0,D3_Cell01_new,new,1.0,0.0,0.0,3.10531561792338,cutoff,0.8937647155984787,3.10531561792338,cutoff,0.8937647155984787,0.0,0.0
Mini__smartphoneClient3g_dt1s,7.0,1.0,0.2,4.6024,0.12615272464623611,0.02523054492924723,D3_Cell01_new,new,1.0,0.0,0.0,3.0997222222222223,cutoff,0.8898001018397598,3.10531561792338,cutoff,0.8937647155984787,-0.0055933957011577995,-0.1801232592549892
Mini__smartphoneClient3g_dt1s,7.0,1.0,0.4,4.6024,0.12615272464623611,0.050461089858494484,D3_Cell01_new,new,1.0,0.0,0.0,3.093912299836099,cutoff,0.8858607811452749,3.10531561792338,cutoff,0.8937647155984787,-0.011403318087281011,-0.36721929395720365
Mini__smartphoneClient3g_dt1s,7.0,1.0,0.6,4.6024,0.12615272464623611,0.07569163478774166,D3_Cell01_new,new,1.0,0.0,0.0,3.088064729250118,cutoff,0.8819351152456613,3.10531561792338,cutoff,0.8937647155984787,-0.017250888673261855,-0.5555277078340286
Mini__smartphoneClient3g_dt1s,7.0,1.0,0.8,4.6024,0.12615272464623611,0.10092217971698891,D3_Cell01_new,new,1.0,0.0,0.0,3.082222222222222,cutoff,0.8780226878786411,3.10531561792338,cutoff,0.8937647155984787,-0.02309339570115787,-0.7436730607306555
Mini__smartphoneClient3g_dt1s,7.0,1.0,1.0,4.6024,0.12615272464623611,0.12615272464623611,D3_Cell01_new,new,1.0,0.0,0.0,3.076388888888889,cutoff,0.874115940448425,3.10531561792338,cutoff,0.8937647155984787,-0.028926729034491228,-0.9315229945558777
Mini__smartphoneClient3g_dt1s,7.0,1.0,0.0,4.6024,0.12615272464623611,0.0,D3_Cell01_eol,eol,0.6331208915526815,0.3668791084473185,0.5794771793860334,2.0116666666666667,soc_min,0.8429290078163919,2.0116666666666667,soc_min,0.8429290078163919,0.0,0.0
Mini__smartphoneClient3g_dt1s,7.0,1.0,0.2,4.6024,0.12615272464623611,0.02523054492924723,D3_Cell01_eol,eol,0.6331208915526815,0.3668791084473185,0.5794771793860334,2.011388888888889,soc_min,0.8368187175429125,2.0116666666666667,soc_min,0.8429290078163919,-0.0002777777777778212,-0.01380834023750561
Mini__smartphoneClient3g_dt1s,7.0,1.0,0.4,4.6024,0.12615272464623611,0.050461089858494484,D3_Cell01_eol,eol,0.6331208915526815,0.3668791084473185,0.5794771793860334,2.011388888888889,soc_min,0.8306039894145506,2.0116666666666667,soc_min,0.8429290078163919,-0.0002777777777778212,-0.01380834023750561
Mini__smartphoneClient3g_dt1s,7.0,1.0,0.6,4.6024,0.12615272464623611,0.07569163478774166,D3_Cell01_eol,eol,0.6331208915526815,0.3668791084473185,0.5794771793860334,2.011111111111111,soc_min,0.8243778440942977,2.0116666666666667,soc_min,0.8429290078163919,-0.0005555555555556424,-0.02761668047501122
Mini__smartphoneClient3g_dt1s,7.0,1.0,0.8,4.6024,0.12615272464623611,0.10092217971698891,D3_Cell01_eol,eol,0.6331208915526815,0.3668791084473185,0.5794771793860334,2.0108333333333333,soc_min,0.8181364737682607,2.0116666666666667,soc_min,0.8429290078163919,-0.0008333333333334636,-0.04142502071251683
Mini__smartphoneClient3g_dt1s,7.0,1.0,1.0,4.6024,0.12615272464623611,0.12615272464623611,D3_Cell01_eol,eol,0.6331208915526815,0.3668791084473185,0.5794771793860334,2.0102777777777776,soc_min,0.8121420694189686,2.0116666666666667,soc_min,0.8429290078163919,-0.001388888888889106,-0.06904170118752805
Mini__smartphoneClientBluetooth_dt1s,59.0,1.0,0.0,1.7929694915254237,0.13420614940968403,0.0,D3_Cell01_new,new,1.0,0.0,0.0,8.18361111111111,soc_min,0.9531401606860402,8.18361111111111,soc_min,0.9531401606860402,0.0,0.0
Mini__smartphoneClientBluetooth_dt1s,59.0,1.0,0.2,1.7929694915254237,0.13420614940968403,0.026841229881936803,D3_Cell01_new,new,1.0,0.0,0.0,8.183333333333334,soc_min,0.9494829693943125,8.18361111111111,soc_min,0.9531401606860402,-0.000277777777776933,-0.0033943179118052984
Mini__smartphoneClientBluetooth_dt1s,59.0,1.0,0.4,1.7929694915254237,0.13420614940968403,0.05368245976387361,D3_Cell01_new,new,1.0,0.0,0.0,8.183333333333334,soc_min,0.945818503914638,8.18361111111111,soc_min,0.9531401606860402,-0.000277777777776933,-0.0033943179118052984
Mini__smartphoneClientBluetooth_dt1s,59.0,1.0,0.6,1.7929694915254237,0.13420614940968403,0.08052368964581044,D3_Cell01_new,new,1.0,0.0,0.0,8.183055555555555,soc_min,0.9421529402031559,8.18361111111111,soc_min,0.9531401606860402,-0.0005555555555556424,-0.006788635823632303
Mini__smartphoneClientBluetooth_dt1s,59.0,1.0,0.8,1.7929694915254237,0.13420614940968403,0.10736491952774725,D3_Cell01_new,new,1.0,0.0,0.0,8.182777777777778,soc_min,0.9384859763623017,8.18361111111111,soc_min,0.9531401606860402,-0.0008333333333325754,-0.010182953735437601
Mini__smartphoneClientBluetooth_dt1s,59.0,1.0,1.0,1.7929694915254237,0.13420614940968403,0.13420614940968403,D3_Cell01_new,new,1.0,0.0,0.0,8.182222222222222,soc_min,0.9349870922310698,8.18361111111111,soc_min,0.9531401606860402,-0.0013888888888882178,-0.016971589559069904
Mini__smartphoneClientBluetooth_dt1s,59.0,1.0,0.0,1.7929694915254237,0.13420614940968403,0.0,D3_Cell01_eol,eol,0.6331208915526815,0.3668791084473185,0.5794771793860334,5.2941666666666665,soc_min,0.931689594537924,5.2941666666666665,soc_min,0.931689594537924,0.0,0.0
Mini__smartphoneClientBluetooth_dt1s,59.0,1.0,0.2,1.7929694915254237,0.13420614940968403,0.026841229881936803,D3_Cell01_eol,eol,0.6331208915526815,0.3668791084473185,0.5794771793860334,5.2941666666666665,soc_min,0.9265837575376557,5.2941666666666665,soc_min,0.931689594537924,0.0,0.0
Mini__smartphoneClientBluetooth_dt1s,59.0,1.0,0.4,1.7929694915254237,0.13420614940968403,0.05368245976387361,D3_Cell01_eol,eol,0.6331208915526815,0.3668791084473185,0.5794771793860334,5.293888888888889,soc_min,0.9212572874305607,5.2941666666666665,soc_min,0.931689594537924,-0.0002777777777778212,-0.005246864998164418
Mini__smartphoneClientBluetooth_dt1s,59.0,1.0,0.6,1.7929694915254237,0.13420614940968403,0.08052368964581044,D3_Cell01_eol,eol,0.6331208915526815,0.3668791084473185,0.5794771793860334,5.293611111111111,soc_min,0.9159281508281899,5.2941666666666665,soc_min,0.931689594537924,-0.0005555555555556424,-0.010493729996328836
Mini__smartphoneClientBluetooth_dt1s,59.0,1.0,0.8,1.7929694915254237,0.13420614940968403,0.10736491952774725,D3_Cell01_eol,eol,0.6331208915526815,0.3668791084473185,0.5794771793860334,5.293333333333333,soc_min,0.9105958816459481,5.2941666666666665,soc_min,0.931689594537924,-0.0008333333333334636,-0.015740594994493252
Mini__smartphoneClientBluetooth_dt1s,59.0,1.0,1.0,1.7929694915254237,0.13420614940968403,0.13420614940968403,D3_Cell01_eol,eol,0.6331208915526815,0.3668791084473185,0.5794771793860334,5.292777777777777,soc_min,0.9052600114242998,5.2941666666666665,soc_min,0.931689594537924,-0.001388888888889106,-0.026234324990822087
Mini__smartphoneClientTcpDirect_dt1s,119.0,1.0,0.0,3.7003369747899155,0.13197858129313625,0.0,D3_Cell01_new,new,1.0,0.0,0.0,3.9150688570125727,cutoff,0.9102914109272948,3.9150688570125727,cutoff,0.9102914109272948,0.0,0.0
Mini__smartphoneClientTcpDirect_dt1s,119.0,1.0,0.2,3.7003369747899155,0.13197858129313625,0.026395716258627248,D3_Cell01_new,new,1.0,0.0,0.0,3.9097222222222223,cutoff,0.9067842306365457,3.9150688570125727,cutoff,0.9102914109272948,-0.0053466347903503575,-0.13656553653644177
Mini__smartphoneClientTcpDirect_dt1s,119.0,1.0,0.4,3.7003369747899155,0.13197858129313625,0.052791432517254495,D3_Cell01_new,new,1.0,0.0,0.0,3.9069444444444446,cutoff,0.9039650609603254,3.9150688570125727,cutoff,0.9102914109272948,-0.008124412568128125,-0.20751646688348488
Mini__smartphoneClientTcpDirect_dt1s,119.0,1.0,0.6,3.7003369747899155,0.13197858129313625,0.07918714877588173,D3_Cell01_new,new,1.0,0.0,0.0,3.9044444444444446,cutoff,0.9004502323465607,3.9150688570125727,cutoff,0.9102914109272948,-0.010624412568128072,-0.27137230419582253
Mini__smartphoneClientTcpDirect_dt1s,119.0,1.0,0.8,3.7003369747899155,0.13197858129313625,0.105582865034509,D3_Cell01_new,new,1.0,0.0,0.0,3.9002777777777777,cutoff,0.8967823639712205,3.9150688570125727,cutoff,0.9102914109272948,-0.014791079234794946,-0.3777986997163929
Mini__smartphoneClientTcpDirect_dt1s,119.0,1.0,1.0,3.7003369747899155,0.13197858129313625,0.13197858129313625,D3_Cell01_new,new,1.0,0.0,0.0,3.8855555555555554,cutoff,0.8931106449457479,3.9150688570125727,cutoff,0.9102914109272948,-0.02951330145701725,-0.7538386305557249
Mini__smartphoneClientTcpDirect_dt1s,119.0,1.0,0.0,3.7003369747899155,0.13197858129313625,0.0,D3_Cell01_eol,eol,0.6331208915526815,0.3668791084473185,0.5794771793860334,2.5208333333333335,soc_min,0.8688535688690993,2.5208333333333335,soc_min,0.8688535688690993,0.0,0.0
Mini__smartphoneClientTcpDirect_dt1s,119.0,1.0,0.2,3.7003369747899155,0.13197858129313625,0.026395716258627248,D3_Cell01_eol,eol,0.6331208915526815,0.3668791084473185,0.5794771793860334,2.5208333333333335,soc_min,0.8634773746456302,2.5208333333333335,soc_min,0.8688535688690993,0.0,0.0
Mini__smartphoneClientTcpDirect_dt1s,119.0,1.0,0.4,3.7003369747899155,0.13197858129313625,0.052791432517254495,D3_Cell01_eol,eol,0.6331208915526815,0.3668791084473185,0.5794771793860334,2.5205555555555557,soc_min,0.8580523911162193,2.5208333333333335,soc_min,0.8688535688690993,-0.0002777777777778212,-0.011019283746558195
Mini__smartphoneClientTcpDirect_dt1s,119.0,1.0,0.6,3.7003369747899155,0.13197858129313625,0.07918714877588173,D3_Cell01_eol,eol,0.6331208915526815,0.3668791084473185,0.5794771793860334,2.520277777777778,soc_min,0.8526180084575229,2.5208333333333335,soc_min,0.8688535688690993,-0.0005555555555556424,-0.02203856749311639
Mini__smartphoneClientTcpDirect_dt1s,119.0,1.0,0.8,3.7003369747899155,0.13197858129313625,0.105582865034509,D3_Cell01_eol,eol,0.6331208915526815,0.3668791084473185,0.5794771793860334,2.52,soc_min,0.8474605699923231,2.5208333333333335,soc_min,0.8688535688690993,-0.0008333333333334636,-0.033057851239674585
Mini__smartphoneClientTcpDirect_dt1s,119.0,1.0,1.0,3.7003369747899155,0.13197858129313625,0.13197858129313625,D3_Cell01_eol,eol,0.6331208915526815,0.3668791084473185,0.5794771793860334,2.5194444444444444,soc_min,0.8445103953695489,2.5208333333333335,soc_min,0.8688535688690993,-0.001388888888889106,-0.05509641873279098
Mini__smartphoneClientTcpRouter_dt1s,119.0,1.0,0.0,4.123179831932774,0.11846277324342483,0.0,D3_Cell01_new,new,1.0,0.0,0.0,3.4909436278374195,cutoff,0.9023029279099033,3.4909436278374195,cutoff,0.9023029279099033,0.0,0.0
Mini__smartphoneClientTcpRouter_dt1s,119.0,1.0,0.2,4.123179831932774,0.11846277324342483,0.023692554648684964,D3_Cell01_new,new,1.0,0.0,0.0,3.486111111111111,cutoff,0.8985021318341424,3.4909436278374195,cutoff,0.9023029279099033,-0.004832516726308356,-0.13843009917928747
Mini__smartphoneClientTcpRouter_dt1s,119.0,1.0,0.4,4.123179831932774,0.11846277324342483,0.04738510929736996,D3_Cell01_new,new,1.0,0.0,0.0,3.483113125708743,cutoff,0.8955011567059409,3.4909436278374195,cutoff,0.9023029279099033,-0.007830502128676642,-0.2243090397173645
Mini__smartphoneClientTcpRouter_dt1s,119.0,1.0,0.6,4.123179831932774,0.11846277324342483,0.07107766394605489,D3_Cell01_new,new,1.0,0.0,0.0,3.4783333333333335,cutoff,0.8916881023800106,3.4909436278374195,cutoff,0.9023029279099033,-0.012610294504086017,-0.36122882087035824
Mini__smartphoneClientTcpRouter_dt1s,119.0,1.0,0.8,4.123179831932774,0.11846277324342483,0.09477021859473987,D3_Cell01_new,new,1.0,0.0,0.0,3.4769444444444444,cutoff,0.8878605211655229,3.4909436278374195,cutoff,0.9023029279099033,-0.013999183392975123,-0.4010143068866277
Mini__smartphoneClientTcpRouter_dt1s,119.0,1.0,1.0,4.123179831932774,0.11846277324342483,0.11846277324342483,D3_Cell01_new,new,1.0,0.0,0.0,3.466014892470037,cutoff,0.8839225205270365,3.4909436278374195,cutoff,0.9023029279099033,-0.024928735367382604,-0.7140973337007316
Mini__smartphoneClientTcpRouter_dt1s,119.0,1.0,0.0,4.123179831932774,0.11846277324342483,0.0,D3_Cell01_eol,eol,0.6331208915526815,0.3668791084473185,0.5794771793860334,2.254166666666667,soc_min,0.8563980159347855,2.254166666666667,soc_min,0.8563980159347855,0.0,0.0
Mini__smartphoneClientTcpRouter_dt1s,119.0,1.0,0.2,4.123179831932774,0.11846277324342483,0.023692554648684964,D3_Cell01_eol,eol,0.6331208915526815,0.3668791084473185,0.5794771793860334,2.254166666666667,soc_min,0.8516757345695809,2.254166666666667,soc_min,0.8563980159347855,0.0,0.0
Mini__smartphoneClientTcpRouter_dt1s,119.0,1.0,0.4,4.123179831932774,0.11846277324342483,0.04738510929736996,D3_Cell01_eol,eol,0.6331208915526815,0.3668791084473185,0.5794771793860334,2.254166666666667,soc_min,0.8460577172965286,2.254166666666667,soc_min,0.8563980159347855,0.0,0.0
Mini__smartphoneClientTcpRouter_dt1s,119.0,1.0,0.6,4.123179831932774,0.11846277324342483,0.07107766394605489,D3_Cell01_eol,eol,0.6331208915526815,0.3668791084473185,0.5794771793860334,2.253888888888889,soc_min,0.8404314366974861,2.254166666666667,soc_min,0.8563980159347855,-0.0002777777777778212,-0.012322858903267482
Mini__smartphoneClientTcpRouter_dt1s,119.0,1.0,0.8,4.123179831932774,0.11846277324342483,0.09477021859473987,D3_Cell01_eol,eol,0.6331208915526815,0.3668791084473185,0.5794771793860334,2.2536111111111112,soc_min,0.8347961215955331,2.254166666666667,soc_min,0.8563980159347855,-0.0005555555555556424,-0.024645717806534965
Mini__smartphoneClientTcpRouter_dt1s,119.0,1.0,1.0,4.123179831932774,0.11846277324342483,0.11846277324342483,D3_Cell01_eol,eol,0.6331208915526815,0.3668791084473185,0.5794771793860334,2.2533333333333334,soc_min,0.829150999080466,2.254166666666667,soc_min,0.8563980159347855,-0.0008333333333334636,-0.03696857670980245
Mini__smartphoneClientUdpDirect_dt1s,119.0,1.0,0.0,3.7502806722689077,0.15357801966776927,0.0,D3_Cell01_new,new,1.0,0.0,0.0,3.8599363387301215,cutoff,0.9093294221147937,3.8599363387301215,cutoff,0.9093294221147937,0.0,0.0
Mini__smartphoneClientUdpDirect_dt1s,119.0,1.0,0.2,3.7502806722689077,0.15357801966776927,0.03071560393355386,D3_Cell01_new,new,1.0,0.0,0.0,3.8544444444444443,cutoff,0.9041651796068277,3.8599363387301215,cutoff,0.9093294221147937,-0.005491894285677201,-0.14227940058420696
Mini__smartphoneClientUdpDirect_dt1s,119.0,1.0,0.4,3.7502806722689077,0.15357801966776927,0.06143120786710772,D3_Cell01_new,new,1.0,0.0,0.0,3.844702766775091,cutoff,0.898684989048586,3.8599363387301215,cutoff,0.9093294221147937,-0.015233571955030722,-0.3946586321172957
Mini__smartphoneClientUdpDirect_dt1s,119.0,1.0,0.6,3.7502806722689077,0.15357801966776927,0.09214681180066156,D3_Cell01_new,new,1.0,0.0,0.0,3.838888888888889,cutoff,0.8928926371964414,3.8599363387301215,cutoff,0.9093294221147937,-0.021047449841232524,-0.5452797143322036
Mini__smartphoneClientUdpDirect_dt1s,119.0,1.0,0.8,3.7502806722689077,0.15357801966776927,0.12286241573421543,D3_Cell01_new,new,1.0,0.0,0.0,3.828888888888889,cutoff,0.8870948162951928,3.8599363387301215,cutoff,0.9093294221147937,-0.031047449841232755,-0.8043513445987827
Mini__smartphoneClientUdpDirect_dt1s,119.0,1.0,1.0,3.7502806722689077,0.15357801966776927,0.15357801966776927,D3_Cell01_new,new,1.0,0.0,0.0,3.8180555555555555,cutoff,0.8824882170297199,3.8599363387301215,cutoff,0.9093294221147937,-0.041880783174566005,-1.0850122773875681
Mini__smartphoneClientUdpDirect_dt1s,119.0,1.0,0.0,3.7502806722689077,0.15357801966776927,0.0,D3_Cell01_eol,eol,0.6331208915526815,0.3668791084473185,0.5794771793860334,2.486388888888889,soc_min,0.867337448622325,2.486388888888889,soc_min,0.867337448622325,0.0,0.0
Mini__smartphoneClientUdpDirect_dt1s,119.0,1.0,0.2,3.7502806722689077,0.15357801966776927,0.03071560393355386,D3_Cell01_eol,eol,0.6331208915526815,0.3668791084473185,0.5794771793860334,2.486388888888889,soc_min,0.859798256974647,2.486388888888889,soc_min,0.867337448622325,0.0,0.0
Mini__smartphoneClientUdpDirect_dt1s,119.0,1.0,0.4,3.7502806722689077,0.15357801966776927,0.06143120786710772,D3_Cell01_eol,eol,0.6331208915526815,0.3668791084473185,0.5794771793860334,2.486111111111111,soc_min,0.8512978401718584,2.486388888888889,soc_min,0.867337448622325,-0.0002777777777778212,-0.011171936096527274
Mini__smartphoneClientUdpDirect_dt1s,119.0,1.0,0.6,3.7502806722689077,0.15357801966776927,0.09214681180066156,D3_Cell01_eol,eol,0.6331208915526815,0.3668791084473185,0.5794771793860334,2.4858333333333333,soc_min,0.8427841427251506,2.486388888888889,soc_min,0.867337448622325,-0.0005555555555556424,-0.02234387219305455
Mini__smartphoneClientUdpDirect_dt1s,119.0,1.0,0.8,3.7502806722689077,0.15357801966776927,0.12286241573421543,D3_Cell01_eol,eol,0.6331208915526815,0.3668791084473185,0.5794771793860334,2.4852777777777777,soc_min,0.834255314794926,2.486388888888889,soc_min,0.867337448622325,-0.0011111111111112848,-0.0446877443861091
Mini__smartphoneClientUdpDirect_dt1s,119.0,1.0,1.0,3.7502806722689077,0.15357801966776927,0.15357801966776927,D3_Cell01_eol,eol,0.6331208915526815,0.3668791084473185,0.5794771793860334,2.484722222222222,soc_min,0.8257094984428817,2.486388888888889,soc_min,0.867337448622325,-0.0016666666666669272,-0.06703161657916365
Mini__smartphoneClientUdpRouter_dt1s,119.0,1.0,0.0,4.259401680672269,0.11505612005071603,0.0,D3_Cell01_new,new,1.0,0.0,0.0,3.3724447545769842,cutoff,0.8998253930118,3.3724447545769842,cutoff,0.8998253930118,0.0,0.0
Mini__smartphoneClientUdpRouter_dt1s,119.0,1.0,0.2,4.259401680672269,0.11505612005071603,0.02301122401014321,D3_Cell01_new,new,1.0,0.0,0.0,3.3672222222222223,cutoff,0.8941267705197821,3.3724447545769842,cutoff,0.8998253930118,-0.0052225323547618885,-0.1548589446179665
Mini__smartphoneClientUdpRouter_dt1s,119.0,1.0,0.4,4.259401680672269,0.11505612005071603,0.04602244802028641,D3_Cell01_new,new,1.0,0.0,0.0,3.3655555555555554,cutoff,0.8895272669820979,3.3724447545769842,cutoff,0.8998253930118,-0.006889199021428816,-0.20427907713177493
Mini__smartphoneClientUdpRouter_dt1s,119.0,1.0,0.6,4.259401680672269,0.11505612005071603,0.06903367203042961,D3_Cell01_new,new,1.0,0.0,0.0,3.362222222222222,cutoff,0.8836999314255322,3.3724447545769842,cutoff,0.8998253930118,-0.010222532354762226,-0.30311934215937864
Mini__smartphoneClientUdpRouter_dt1s,119.0,1.0,0.8,4.259401680672269,0.11505612005071603,0.09204489604057282,D3_Cell01_new,new,1.0,0.0,0.0,3.352277272685163,cutoff,0.877869121468163,3.3724447545769842,cutoff,0.8998253930118,-0.02016748189182138,-0.5980077765380933
Mini__smartphoneClientUdpRouter_dt1s,119.0,1.0,1.0,4.259401680672269,0.11505612005071603,0.11505612005071603,D3_Cell01_new,new,1.0,0.0,0.0,3.3341666666666665,cutoff,0.872034439788526,3.3724447545769842,cutoff,0.8998253930118,-0.038278087910317726,-1.1350249061416888
Mini__smartphoneClientUdpRouter_dt1s,119.0,1.0,0.0,4.259401680672269,0.11505612005071603,0.0,D3_Cell01_eol,eol,0.6331208915526815,0.3668791084473185,0.5794771793860334,2.1797222222222223,soc_min,0.8524892513824689,2.1797222222222223,soc_min,0.8524892513824689,0.0,0.0
Mini__smartphoneClientUdpRouter_dt1s,119.0,1.0,0.2,4.259401680672269,0.11505612005071603,0.02301122401014321,D3_Cell01_eol,eol,0.6331208915526815,0.3668791084473185,0.5794771793860334,2.1797222222222223,soc_min,0.8440551058612041,2.1797222222222223,soc_min,0.8524892513824689,0.0,0.0
Mini__smartphoneClientUdpRouter_dt1s,119.0,1.0,0.4,4.259401680672269,0.11505612005071603,0.04602244802028641,D3_Cell01_eol,eol,0.6331208915526815,0.3668791084473185,0.5794771793860334,2.1794444444444445,soc_min,0.8353748022037875,2.1797222222222223,soc_min,0.8524892513824689,-0.0002777777777778212,-0.012743723716071827
Mini__smartphoneClientUdpRouter_dt1s,119.0,1.0,0.6,4.259401680672269,0.11505612005071603,0.06903367203042961,D3_Cell01_eol,eol,0.6331208915526815,0.3668791084473185,0.5794771793860334,2.1794444444444445,soc_min,0.8266857697782591,2.1797222222222223,soc_min,0.8524892513824689,-0.0002777777777778212,-0.012743723716071827
Mini__smartphoneClientUdpRouter_dt1s,119.0,1.0,0.8,4.259401680672269,0.11505612005071603,0.09204489604057282,D3_Cell01_eol,eol,0.6331208915526815,0.3668791084473185,0.5794771793860334,2.1791666666666667,soc_min,0.817986811942552,2.1797222222222223,soc_min,0.8524892513824689,-0.0005555555555556424,-0.025487447432143654
Mini__smartphoneClientUdpRouter_dt1s,119.0,1.0,1.0,4.259401680672269,0.11505612005071603,0.11505612005071603,D3_Cell01_eol,eol,0.6331208915526815,0.3668791084473185,0.5794771793860334,2.178611111111111,soc_min,0.8092767280043479,2.1797222222222223,soc_min,0.8524892513824689,-0.0011111111111112848,-0.05097489486428731
Mini__smartphoneServer3g_dt1s,7.0,1.0,0.0,5.851871428571428,0.030092162664259934,0.0,D3_Cell01_new,new,1.0,0.0,0.0,2.398667643154064,cutoff,0.8740254390826349,2.398667643154064,cutoff,0.8740254390826349,0.0,0.0
Mini__smartphoneServer3g_dt1s,7.0,1.0,0.2,5.851871428571428,0.030092162664259934,0.006018432532851987,D3_Cell01_new,new,1.0,0.0,0.0,2.3980555555555556,cutoff,0.8728819179894597,2.398667643154064,cutoff,0.8740254390826349,-0.0006120875985082819,-0.025517816119928715
Mini__smartphoneServer3g_dt1s,7.0,1.0,0.4,5.851871428571428,0.030092162664259934,0.012036865065703973,D3_Cell01_new,new,1.0,0.0,0.0,2.3966666666666665,cutoff,0.8716298734417616,2.398667643154064,cutoff,0.8740254390826349,-0.002000976487397388,-0.08342033099534613
Mini__smartphoneServer3g_dt1s,7.0,1.0,0.6,5.851871428571428,0.030092162664259934,0.018055297598555956,D3_Cell01_new,new,1.0,0.0,0.0,2.394722222222222,cutoff,0.870488974775027,2.398667643154064,cutoff,0.8740254390826349,-0.003945420931841692,-0.164483851820912
Mini__smartphoneServer3g_dt1s,7.0,1.0,0.8,5.851871428571428,0.030092162664259934,0.024073730131407945,D3_Cell01_new,new,1.0,0.0,0.0,2.3928334758827665,cutoff,0.869349816039008,2.398667643154064,cutoff,0.8740254390826349,-0.005834167271297375,-0.2432253291925801
Mini__smartphoneServer3g_dt1s,7.0,1.0,1.0,5.851871428571428,0.030092162664259934,0.030092162664259934,D3_Cell01_new,new,1.0,0.0,0.0,2.392777777777778,cutoff,0.8680992750995054,2.398667643154064,cutoff,0.8740254390826349,-0.0058898653762859965,-0.24554737264647783
Mini__smartphoneServer3g_dt1s,7.0,1.0,0.0,5.851871428571428,0.030092162664259934,0.0,D3_Cell01_eol,eol,0.6331208915526815,0.3668791084473185,0.5794771793860334,1.5666666666666667,soc_min,0.8113371421724654,1.5666666666666667,soc_min,0.8113371421724654,0.0,0.0
Mini__smartphoneServer3g_dt1s,7.0,1.0,0.2,5.851871428571428,0.030092162664259934,0.006018432532851987,D3_Cell01_eol,eol,0.6331208915526815,0.3668791084473185,0.5794771793860334,1.5666666666666667,soc_min,0.8095115496228336,1.5666666666666667,soc_min,0.8113371421724654,0.0,0.0
Mini__smartphoneServer3g_dt1s,7.0,1.0,0.4,5.851871428571428,0.030092162664259934,0.012036865065703973,D3_Cell01_eol,eol,0.6331208915526815,0.3668791084473185,0.5794771793860334,1.5666666666666667,soc_min,0.8076348694046575,1.5666666666666667,soc_min,0.8113371421724654,0.0,0.0
Mini__smartphoneServer3g_dt1s,7.0,1.0,0.6,5.851871428571428,0.030092162664259934,0.018055297598555956,D3_Cell01_eol,eol,0.6331208915526815,0.3668791084473185,0.5794771793860334,1.5666666666666667,soc_min,0.8057574092287432,1.5666666666666667,soc_min,0.8113371421724654,0.0,0.0
Mini__smartphoneServer3g_dt1s,7.0,1.0,0.8,5.851871428571428,0.030092162664259934,0.024073730131407945,D3_Cell01_eol,eol,0.6331208915526815,0.3668791084473185,0.5794771793860334,1.5666666666666667,soc_min,0.8038791466756647,1.5666666666666667,soc_min,0.8113371421724654,0.0,0.0
Mini__smartphoneServer3g_dt1s,7.0,1.0,1.0,5.851871428571428,0.030092162664259934,0.030092162664259934,D3_Cell01_eol,eol,0.6331208915526815,0.3668791084473185,0.5794771793860334,1.5666666666666667,soc_min,0.8020000593642856,1.5666666666666667,soc_min,0.8113371421724654,0.0,0.0
Mini__smartphoneServerBluetooth_dt1s,59.0,1.0,0.0,1.7086474576271191,0.1235913881314747,0.0,D3_Cell01_new,new,1.0,0.0,0.0,8.591944444444444,soc_min,0.955209005855817,8.591944444444444,soc_min,0.955209005855817,0.0,0.0
Mini__smartphoneServerBluetooth_dt1s,59.0,1.0,0.2,1.7086474576271191,0.1235913881314747,0.02471827762629494,D3_Cell01_new,new,1.0,0.0,0.0,8.591944444444444,soc_min,0.9515810908699972,8.591944444444444,soc_min,0.955209005855817,0.0,0.0
Mini__smartphoneServerBluetooth_dt1s,59.0,1.0,0.4,1.7086474576271191,0.1235913881314747,0.0494365552525899,D3_Cell01_new,new,1.0,0.0,0.0,8.591666666666667,soc_min,0.9478715241756088,8.591944444444444,soc_min,0.955209005855817,-0.000277777777776933,-0.0032330024894020853
Mini__smartphoneServerBluetooth_dt1s,59.0,1.0,0.6,1.7086474576271191,0.1235913881314747,0.07415483287888484,D3_Cell01_new,new,1.0,0.0,0.0,8.591666666666667,soc_min,0.9441610387177911,8.591944444444444,soc_min,0.955209005855817,-0.000277777777776933,-0.0032330024894020853
Mini__smartphoneServerBluetooth_dt1s,59.0,1.0,0.8,1.7086474576271191,0.1235913881314747,0.09887311050517977,D3_Cell01_new,new,1.0,0.0,0.0,8.591111111111111,soc_min,0.9404494749572677,8.591944444444444,soc_min,0.955209005855817,-0.0008333333333325754,-0.00969900746822693
Mini__smartphoneServerBluetooth_dt1s,59.0,1.0,1.0,1.7086474576271191,0.1235913881314747,0.1235913881314747,D3_Cell01_new,new,1.0,0.0,0.0,8.590833333333334,soc_min,0.9367366727622178,8.591944444444444,soc_min,0.955209005855817,-0.0011111111111095084,-0.012932009957629016
Mini__smartphoneServerBluetooth_dt1s,59.0,1.0,0.0,1.7086474576271191,0.1235913881314747,0.0,D3_Cell01_eol,eol,0.6331208915526815,0.3668791084473185,0.5794771793860334,5.56,soc_min,0.9347085015396179,5.56,soc_min,0.9347085015396179,0.0,0.0
Mini__smartphoneServerBluetooth_dt1s,59.0,1.0,0.2,1.7086474576271191,0.1235913881314747,0.02471827762629494,D3_Cell01_eol,eol,0.6331208915526815,0.3668791084473185,0.5794771793860334,5.56,soc_min,0.9295027762038102,5.56,soc_min,0.9347085015396179,0.0,0.0
Mini__smartphoneServerBluetooth_dt1s,59.0,1.0,0.4,1.7086474576271191,0.1235913881314747,0.0494365552525899,D3_Cell01_eol,eol,0.6331208915526815,0.3668791084473185,0.5794771793860334,5.559722222222222,soc_min,0.9241009204932052,5.56,soc_min,0.9347085015396179,-0.0002777777777778212,-0.0049960031974428274
Mini__smartphoneServerBluetooth_dt1s,59.0,1.0,0.6,1.7086474576271191,0.1235913881314747,0.07415483287888484,D3_Cell01_eol,eol,0.6331208915526815,0.3668791084473185,0.5794771793860334,5.559722222222222,soc_min,0.9186968708795613,5.56,soc_min,0.9347085015396179,-0.0002777777777778212,-0.0049960031974428274
Mini__smartphoneServerBluetooth_dt1s,59.0,1.0,0.8,1.7086474576271191,0.1235913881314747,0.09887311050517977,D3_Cell01_eol,eol,0.6331208915526815,0.3668791084473185,0.5794771793860334,5.559166666666667,soc_min,0.9132902421949064,5.56,soc_min,0.9347085015396179,-0.0008333333333325754,-0.014988009592312508
Mini__smartphoneServerBluetooth_dt1s,59.0,1.0,1.0,1.7086474576271191,0.1235913881314747,0.1235913881314747,D3_Cell01_eol,eol,0.6331208915526815,0.3668791084473185,0.5794771793860334,5.558888888888889,soc_min,0.9078806470307563,5.56,soc_min,0.9347085015396179,-0.0011111111111103966,-0.019984012789755336
Mini__smartphoneServerTcpDirect_dt1s,119.0,1.0,0.0,3.35353781512605,0.12877489385409013,0.0,D3_Cell01_new,new,1.0,0.0,0.0,4.334444444444444,soc_min,0.917400015948755,4.334444444444444,soc_min,0.917400015948755,0.0,0.0
Mini__smartphoneServerTcpDirect_dt1s,119.0,1.0,0.2,3.35353781512605,0.12877489385409013,0.025754978770818022,D3_Cell01_new,new,1.0,0.0,0.0,4.334444444444444,soc_min,0.9139831458390599,4.334444444444444,soc_min,0.917400015948755,0.0,0.0
Mini__smartphoneServerTcpDirect_dt1s,119.0,1.0,0.4,3.35353781512605,0.12877489385409013,0.05150995754163606,D3_Cell01_new,new,1.0,0.0,0.0,4.3341666666666665,soc_min,0.9100752178572666,4.334444444444444,soc_min,0.917400015948755,-0.0002777777777778212,-0.0064086131761096924
Mini__smartphoneServerTcpDirect_dt1s,119.0,1.0,0.6,3.35353781512605,0.12877489385409013,0.07726493631245407,D3_Cell01_new,new,1.0,0.0,0.0,4.331944444444445,cutoff,0.9061644674503144,4.334444444444444,soc_min,0.917400015948755,-0.0024999999999995026,-0.05767751858496674
Mini__smartphoneServerTcpDirect_dt1s,119.0,1.0,0.8,3.35353781512605,0.12877489385409013,0.1030199150832721,D3_Cell01_new,new,1.0,0.0,0.0,4.322222222222222,cutoff,0.9022505827005154,4.334444444444444,soc_min,0.917400015948755,-0.012222222222222356,-0.28197897974878544
Mini__smartphoneServerTcpDirect_dt1s,119.0,1.0,1.0,3.35353781512605,0.12877489385409013,0.12877489385409013,D3_Cell01_new,new,1.0,0.0,0.0,4.314722222222223,cutoff,0.8983332519605455,4.334444444444444,soc_min,0.917400015948755,-0.019722222222221752,-0.45501153550370615
Mini__smartphoneServerTcpDirect_dt1s,119.0,1.0,0.0,3.35353781512605,0.12877489385409013,0.0,D3_Cell01_eol,eol,0.6331208915526815,0.3668791084473185,0.5794771793860334,2.79,soc_min,0.8794758324315962,2.79,soc_min,0.8794758324315962,0.0,0.0
Mini__smartphoneServerTcpDirect_dt1s,119.0,1.0,0.2,3.35353781512605,0.12877489385409013,0.025754978770818022,D3_Cell01_eol,eol,0.6331208915526815,0.3668791084473185,0.5794771793860334,2.79,soc_min,0.8755282476560192,2.79,soc_min,0.8794758324315962,0.0,0.0
Mini__smartphoneServerTcpDirect_dt1s,119.0,1.0,0.4,3.35353781512605,0.12877489385409013,0.05150995754163606,D3_Cell01_eol,eol,0.6331208915526815,0.3668791084473185,0.5794771793860334,2.79,soc_min,0.8698707402679361,2.79,soc_min,0.8794758324315962,0.0,0.0
Mini__smartphoneServerTcpDirect_dt1s,119.0,1.0,0.6,3.35353781512605,0.12877489385409013,0.07726493631245407,D3_Cell01_eol,eol,0.6331208915526815,0.3668791084473185,0.5794771793860334,2.7894444444444444,soc_min,0.8642070423170287,2.79,soc_min,0.8794758324315962,-0.0005555555555556424,-0.019912385503786465
Mini__smartphoneServerTcpDirect_dt1s,119.0,1.0,0.8,3.35353781512605,0.12877489385409013,0.1030199150832721,D3_Cell01_eol,eol,0.6331208915526815,0.3668791084473185,0.5794771793860334,2.7891666666666666,soc_min,0.8585364771189693,2.79,soc_min,0.8794758324315962,-0.0008333333333334636,-0.0298685782556797
Mini__smartphoneServerTcpDirect_dt1s,119.0,1.0,1.0,3.35353781512605,0.12877489385409013,0.12877489385409013,D3_Cell01_eol,eol,0.6331208915526815,0.3668791084473185,0.5794771793860334,2.7888888888888888,soc_min,0.852858368687926,2.79,soc_min,0.8794758324315962,-0.0011111111111112848,-0.03982477100757293
Mini__smartphoneServerTcpRouter_dt1s,119.0,1.0,0.0,3.6364285714285707,0.09667600203595643,0.0,D3_Cell01_new,new,1.0,0.0,0.0,3.9878484027002084,cutoff,0.9115370569911568,3.9878484027002084,cutoff,0.9115370569911568,0.0,0.0
Mini__smartphoneServerTcpRouter_dt1s,119.0,1.0,0.2,3.6364285714285707,0.09667600203595643,0.019335200407191284,D3_Cell01_new,new,1.0,0.0,0.0,3.986111111111111,cutoff,0.907123473264774,3.9878484027002084,cutoff,0.9115370569911568,-0.0017372915890971896,-0.04356463470178189
Mini__smartphoneServerTcpRouter_dt1s,119.0,1.0,0.4,3.6364285714285707,0.09667600203595643,0.038670400814382576,D3_Cell01_new,new,1.0,0.0,0.0,3.9775,cutoff,0.9024112549297366,3.9878484027002084,cutoff,0.9115370569911568,-0.010348402700208315,-0.2594983975118341
Mini__smartphoneServerTcpRouter_dt1s,119.0,1.0,0.6,3.6364285714285707,0.09667600203595643,0.05800560122157385,D3_Cell01_new,new,1.0,0.0,0.0,3.9725,cutoff,0.8986199000970215,3.9878484027002084,cutoff,0.9115370569911568,-0.015348402700208208,-0.3848792920467003
Mini__smartphoneServerTcpRouter_dt1s,119.0,1.0,0.8,3.6364285714285707,0.09667600203595643,0.07734080162876514,D3_Cell01_new,new,1.0,0.0,0.0,3.9719444444444445,cutoff,0.8940975673039372,3.9878484027002084,cutoff,0.9115370569911568,-0.01590395825576385,-0.3988105025505768
Mini__smartphoneServerTcpRouter_dt1s,119.0,1.0,1.0,3.6364285714285707,0.09667600203595643,0.09667600203595643,D3_Cell01_new,new,1.0,0.0,0.0,3.9691666666666667,cutoff,0.8894284584235493,3.9878484027002084,cutoff,0.9115370569911568,-0.01868173603354162,-0.4684665550699481
Mini__smartphoneServerTcpRouter_dt1s,119.0,1.0,0.0,3.6364285714285707,0.09667600203595643,0.0,D3_Cell01_eol,eol,0.6331208915526815,0.3668791084473185,0.5794771793860334,2.566666666666667,soc_min,0.8707754702145306,2.566666666666667,soc_min,0.8707754702145306,0.0,0.0
Mini__smartphoneServerTcpRouter_dt1s,119.0,1.0,0.2,3.6364285714285707,0.09667600203595643,0.019335200407191284,D3_Cell01_eol,eol,0.6331208915526815,0.3668791084473185,0.5794771793860334,2.566666666666667,soc_min,0.864650345160763,2.566666666666667,soc_min,0.8707754702145306,0.0,0.0
Mini__smartphoneServerTcpRouter_dt1s,119.0,1.0,0.4,3.6364285714285707,0.09667600203595643,0.038670400814382576,D3_Cell01_eol,eol,0.6331208915526815,0.3668791084473185,0.5794771793860334,2.566388888888889,soc_min,0.8577798253107979,2.566666666666667,soc_min,0.8707754702145306,-0.0002777777777778212,-0.010822510822512513
Mini__smartphoneServerTcpRouter_dt1s,119.0,1.0,0.6,3.6364285714285707,0.09667600203595643,0.05800560122157385,D3_Cell01_eol,eol,0.6331208915526815,0.3668791084473185,0.5794771793860334,2.5661111111111112,soc_min,0.8509040407867233,2.566666666666667,soc_min,0.8707754702145306,-0.0005555555555556424,-0.021645021645025027
Mini__smartphoneServerTcpRouter_dt1s,119.0,1.0,0.8,3.6364285714285707,0.09667600203595643,0.07734080162876514,D3_Cell01_eol,eol,0.6331208915526815,0.3668791084473185,0.5794771793860334,2.5658333333333334,soc_min,0.8440224111610903,2.566666666666667,soc_min,0.8707754702145306,-0.0008333333333334636,-0.03246753246753754
Mini__smartphoneServerTcpRouter_dt1s,119.0,1.0,1.0,3.6364285714285707,0.09667600203595643,0.09667600203595643,D3_Cell01_eol,eol,0.6331208915526815,0.3668791084473185,0.5794771793860334,2.5655555555555556,soc_min,0.8371343548250441,2.566666666666667,soc_min,0.8707754702145306,-0.0011111111111112848,-0.043290043290050054
Mini__smartphoneServerUdpDirect_dt1s,119.0,1.0,0.0,3.267938655462185,0.14242782035470647,0.0,D3_Cell01_new,new,1.0,0.0,0.0,4.450277777777778,soc_min,0.9192305527579,4.450277777777778,soc_min,0.9192305527579,0.0,0.0
Mini__smartphoneServerUdpDirect_dt1s,119.0,1.0,0.2,3.267938655462185,0.14242782035470647,0.028485564070941303,D3_Cell01_new,new,1.0,0.0,0.0,4.45,soc_min,0.9140839410787116,4.450277777777778,soc_min,0.9192305527579,-0.0002777777777778212,-0.006241807627489896
Mini__smartphoneServerUdpDirect_dt1s,119.0,1.0,0.4,3.267938655462185,0.14242782035470647,0.0569711281418826,D3_Cell01_new,new,1.0,0.0,0.0,4.449722222222222,soc_min,0.9081828435823093,4.450277777777778,soc_min,0.9192305527579,-0.0005555555555556424,-0.012483615254979792
Mini__smartphoneServerUdpDirect_dt1s,119.0,1.0,0.6,3.267938655462185,0.14242782035470647,0.08545669221282388,D3_Cell01_new,new,1.0,0.0,0.0,4.4494444444444445,soc_min,0.9022777021108321,4.450277777777778,soc_min,0.9192305527579,-0.0008333333333334636,-0.01872542288246969
Mini__smartphoneServerUdpDirect_dt1s,119.0,1.0,0.8,3.267938655462185,0.14242782035470647,0.1139422562837652,D3_Cell01_new,new,1.0,0.0,0.0,4.4366666666666665,cutoff,0.8963679410021813,4.450277777777778,soc_min,0.9192305527579,-0.013611111111111462,-0.305848573746965
Mini__smartphoneServerUdpDirect_dt1s,119.0,1.0,1.0,3.267938655462185,0.14242782035470647,0.14242782035470647,D3_Cell01_new,new,1.0,0.0,0.0,4.418333333333333,cutoff,0.8904529832355267,4.450277777777778,soc_min,0.9192305527579,-0.031944444444445,-0.7178078771612383
Mini__smartphoneServerUdpDirect_dt1s,119.0,1.0,0.0,3.267938655462185,0.14242782035470647,0.0,D3_Cell01_eol,eol,0.6331208915526815,0.3668791084473185,0.5794771793860334,2.8652777777777776,soc_min,0.882152704233624,2.8652777777777776,soc_min,0.882152704233624,0.0,0.0
Mini__smartphoneServerUdpDirect_dt1s,119.0,1.0,0.2,3.267938655462185,0.14242782035470647,0.028485564070941303,D3_Cell01_eol,eol,0.6331208915526815,0.3668791084473185,0.5794771793860334,2.8652777777777776,soc_min,0.8734981515343175,2.8652777777777776,soc_min,0.882152704233624,0.0,0.0
Mini__smartphoneServerUdpDirect_dt1s,119.0,1.0,0.4,3.267938655462185,0.14242782035470647,0.0569711281418826,D3_Cell01_eol,eol,0.6331208915526815,0.3668791084473185,0.5794771793860334,2.865,soc_min,0.8648024769963626,2.8652777777777776,soc_min,0.882152704233624,-0.0002777777777773771,-0.009694619486171185
Mini__smartphoneServerUdpDirect_dt1s,119.0,1.0,0.6,3.267938655462185,0.14242782035470647,0.08545669221282388,D3_Cell01_eol,eol,0.6331208915526815,0.3668791084473185,0.5794771793860334,2.8644444444444446,soc_min,0.8583436734814994,2.8652777777777776,soc_min,0.882152704233624,-0.0008333333333330195,-0.02908385845854455
Mini__smartphoneServerUdpDirect_dt1s,119.0,1.0,0.8,3.267938655462185,0.14242782035470647,0.1139422562837652,D3_Cell01_eol,eol,0.6331208915526815,0.3668791084473185,0.5794771793860334,2.8641666666666667,soc_min,0.8497664565038058,2.8652777777777776,soc_min,0.882152704233624,-0.0011111111111108407,-0.038778477944731236
Mini__smartphoneServerUdpDirect_dt1s,119.0,1.0,1.0,3.267938655462185,0.14242782035470647,0.14242782035470647,D3_Cell01_eol,eol,0.6331208915526815,0.3668791084473185,0.5794771793860334,2.8633333333333333,soc_min,0.8411778335043315,2.8652777777777776,soc_min,0.882152704233624,-0.0019444444444443043,-0.06786233640329128
Mini__smartphoneServerUdpRouter_dt1s,119.0,1.0,0.0,3.4906058823529413,0.09705104534991014,0.0,D3_Cell01_new,new,1.0,0.0,0.0,4.161111111111111,soc_min,0.9144919595294472,4.161111111111111,soc_min,0.9144919595294472,0.0,0.0
Mini__smartphoneServerUdpRouter_dt1s,119.0,1.0,0.2,3.4906058823529413,0.09705104534991014,0.019410209069982025,D3_Cell01_new,new,1.0,0.0,0.0,4.160833333333334,soc_min,0.9109361451720591,4.161111111111111,soc_min,0.9144919595294472,-0.0002777777777778212,-0.0066755674232320174
Mini__smartphoneServerUdpRouter_dt1s,119.0,1.0,0.4,3.4906058823529413,0.09705104534991014,0.03882041813996406,D3_Cell01_new,new,1.0,0.0,0.0,4.156573342640021,cutoff,0.9070361083222489,4.161111111111111,soc_min,0.9144919595294472,-0.004537768471090331,-0.10905184576719086
Mini__smartphoneServerUdpRouter_dt1s,119.0,1.0,0.6,3.4906058823529413,0.09705104534991014,0.05823062720994608,D3_Cell01_new,new,1.0,0.0,0.0,4.148333333333333,cutoff,0.9031341054732167,4.161111111111111,soc_min,0.9144919595294472,-0.012777777777777999,-0.3070761014686301
Mini__smartphoneServerUdpRouter_dt1s,119.0,1.0,0.8,3.4906058823529413,0.09705104534991014,0.07764083627992811,D3_Cell01_new,new,1.0,0.0,0.0,4.148333333333333,cutoff,0.8992299517200703,4.161111111111111,soc_min,0.9144919595294472,-0.012777777777777999,-0.3070761014686301
Mini__smartphoneServerUdpRouter_dt1s,119.0,1.0,1.0,3.4906058823529413,0.09705104534991014,0.09705104534991014,D3_Cell01_new,new,1.0,0.0,0.0,4.146235464595768,cutoff,0.8963790993114052,4.161111111111111,soc_min,0.9144919595294472,-0.014875646515343455,-0.35749217259837407
Mini__smartphoneServerUdpRouter_dt1s,119.0,1.0,0.0,3.4906058823529413,0.09705104534991014,0.0,D3_Cell01_eol,eol,0.6331208915526815,0.3668791084473185,0.5794771793860334,2.6772222222222224,soc_min,0.8752321815905111,2.6772222222222224,soc_min,0.8752321815905111,0.0,0.0
Mini__smartphoneServerUdpRouter_dt1s,119.0,1.0,0.2,3.4906058823529413,0.09705104534991014,0.019410209069982025,D3_Cell01_eol,eol,0.6331208915526815,0.3668791084473185,0.5794771793860334,2.6772222222222224,soc_min,0.8706280263269226,2.6772222222222224,soc_min,0.8752321815905111,0.0,0.0
Mini__smartphoneServerUdpRouter_dt1s,119.0,1.0,0.4,3.4906058823529413,0.09705104534991014,0.03882041813996406,D3_Cell01_eol,eol,0.6331208915526815,0.3668791084473185,0.5794771793860334,2.6772222222222224,soc_min,0.86495966012929,2.6772222222222224,soc_min,0.8752321815905111,0.0,0.0
Mini__smartphoneServerUdpRouter_dt1s,119.0,1.0,0.6,3.4906058823529413,0.09705104534991014,0.05823062720994608,D3_Cell01_eol,eol,0.6331208915526815,0.3668791084473185,0.5794771793860334,2.6769444444444446,soc_min,0.8592865981139948,2.6772222222222224,soc_min,0.8752321815905111,-0.0002777777777778212,-0.010375596596805937
Mini__smartphoneServerUdpRouter_dt1s,119.0,1.0,0.8,3.4906058823529413,0.09705104534991014,0.07764083627992811,D3_Cell01_eol,eol,0.6331208915526815,0.3668791084473185,0.5794771793860334,2.6766666666666667,soc_min,0.8536083881463605,2.6772222222222224,soc_min,0.8752321815905111,-0.0005555555555556424,-0.020751193193611874
Mini__smartphoneServerUdpRouter_dt1s,119.0,1.0,1.0,3.4906058823529413,0.09705104534991014,0.09705104534991014,D3_Cell01_eol,eol,0.6331208915526815,0.3668791084473185,0.5794771793860334,2.676388888888889,soc_min,0.847924578294451,2.6772222222222224,soc_min,0.8752321815905111,-0.0008333333333334636,-0.031126789790417813
Note_3__smartphoneBaseline_dt1s,59.0,1.0,0.0,1.882276271186441,0.04825398440100555,0.0,D3_Cell01_new,new,1.0,0.0,0.0,7.7908333333333335,soc_min,0.9509659217230606,7.7908333333333335,soc_min,0.9509659217230606,0.0,0.0
Note_3__smartphoneBaseline_dt1s,59.0,1.0,0.2,1.882276271186441,0.04825398440100555,0.00965079688020111,D3_Cell01_new,new,1.0,0.0,0.0,7.7908333333333335,soc_min,0.9483548749579929,7.7908333333333335,soc_min,0.9509659217230606,0.0,0.0
Note_3__smartphoneBaseline_dt1s,59.0,1.0,0.4,1.882276271186441,0.04825398440100555,0.01930159376040222,D3_Cell01_new,new,1.0,0.0,0.0,7.7908333333333335,soc_min,0.9456618620193599,7.7908333333333335,soc_min,0.9509659217230606,0.0,0.0
Note_3__smartphoneBaseline_dt1s,59.0,1.0,0.6,1.882276271186441,0.04825398440100555,0.028952390640603322,D3_Cell01_new,new,1.0,0.0,0.0,7.7908333333333335,soc_min,0.9429687018756416,7.7908333333333335,soc_min,0.9509659217230606,0.0,0.0
Note_3__smartphoneBaseline_dt1s,59.0,1.0,0.8,1.882276271186441,0.04825398440100555,0.038603187520804425,D3_Cell01_new,new,1.0,0.0,0.0,7.790555555555556,soc_min,0.9402753752051749,7.7908333333333335,soc_min,0.9509659217230606,-0.0002777777777778212,-0.0035654437194714453
Note_3__smartphoneBaseline_dt1s,59.0,1.0,1.0,1.882276271186441,0.04825398440100555,0.04825398440100555,D3_Cell01_new,new,1.0,0.0,0.0,7.790555555555556,soc_min,0.9375818626259099,7.7908333333333335,soc_min,0.9509659217230606,-0.0002777777777778212,-0.0035654437194714453
Note_3__smartphoneBaseline_dt1s,59.0,1.0,0.0,1.882276271186441,0.04825398440100555,0.0,D3_Cell01_eol,eol,0.6331208915526815,0.3668791084473185,0.5794771793860334,5.038611111111111,soc_min,0.9285139072573707,5.038611111111111,soc_min,0.9285139072573707,0.0,0.0
Note_3__smartphoneBaseline_dt1s,59.0,1.0,0.2,1.882276271186441,0.04825398440100555,0.00965079688020111,D3_Cell01_eol,eol,0.6331208915526815,0.3668791084473185,0.5794771793860334,5.038611111111111,soc_min,0.9248117596412848,5.038611111111111,soc_min,0.9285139072573707,0.0,0.0
Note_3__smartphoneBaseline_dt1s,59.0,1.0,0.4,1.882276271186441,0.04825398440100555,0.01930159376040222,D3_Cell01_eol,eol,0.6331208915526815,0.3668791084473185,0.5794771793860334,5.038611111111111,soc_min,0.9208908937416858,5.038611111111111,soc_min,0.9285139072573707,0.0,0.0
Note_3__smartphoneBaseline_dt1s,59.0,1.0,0.6,1.882276271186441,0.04825398440100555,0.028952390640603322,D3_Cell01_eol,eol,0.6331208915526815,0.3668791084473185,0.5794771793860334,5.038611111111111,soc_min,0.9169696650801996,5.038611111111111,soc_min,0.9285139072573707,0.0,0.0
Note_3__smartphoneBaseline_dt1s,59.0,1.0,0.8,1.882276271186441,0.04825398440100555,0.038603187520804425,D3_Cell01_eol,eol,0.6331208915526815,0.3668791084473185,0.5794771793860334,5.038611111111111,soc_min,0.9130480267083335,5.038611111111111,soc_min,0.9285139072573707,0.0,0.0
Note_3__smartphoneBaseline_dt1s,59.0,1.0,1.0,1.882276271186441,0.04825398440100555,0.04825398440100555,D3_Cell01_eol,eol,0.6331208915526815,0.3668791084473185,0.5794771793860334,5.038333333333333,soc_min,0.9091259314573892,5.038611111111111,soc_min,0.9285139072573707,-0.0002777777777778212,-0.005512983075142822
Note_3__smartphoneClient3g_dt1s,7.0,1.0,0.0,5.137214285714285,0.13535988750216496,0.0,D3_Cell01_new,new,1.0,0.0,0.0,2.760209953464258,cutoff,0.8848854615928294,2.760209953464258,cutoff,0.8848854615928294,0.0,0.0
Note_3__smartphoneClient3g_dt1s,7.0,1.0,0.2,5.137214285714285,0.13535988750216496,0.027071977500432987,D3_Cell01_new,new,1.0,0.0,0.0,2.7525,cutoff,0.8788464248387942,2.760209953464258,cutoff,0.8848854615928294,-0.007709953464257957,-0.2793248917380876
Note_3__smartphoneClient3g_dt1s,7.0,1.0,0.4,5.137214285714285,0.13535988750216496,0.054143955000866016,D3_Cell01_new,new,1.0,0.0,0.0,2.7447222222222223,cutoff,0.8728283452319956,2.760209953464258,cutoff,0.8848854615928294,-0.015487731242035618,-0.5611069992192957
Note_3__smartphoneClient3g_dt1s,7.0,1.0,0.6,5.137214285714285,0.13535988750216496,0.08121593250129897,D3_Cell01_new,new,1.0,0.0,0.0,2.7351075680076167,cutoff,0.8669374297434784,2.760209953464258,cutoff,0.8848854615928294,-0.02510238545664123,-0.9094375384428988
Note_3__smartphoneClient3g_dt1s,7.0,1.0,0.8,5.137214285714285,0.13535988750216496,0.10828791000173198,D3_Cell01_new,new,1.0,0.0,0.0,2.727222222222222,cutoff,0.8609814948986262,2.760209953464258,cutoff,0.8848854615928294,-0.03298773124203569,-1.1951167410520263
Note_3__smartphoneClient3g_dt1s,7.0,1.0,1.0,5.137214285714285,0.13535988750216496,0.13535988750216496,D3_Cell01_new,new,1.0,0.0,0.0,2.7175,cutoff,0.8551336592678397,2.760209953464258,cutoff,0.8848854615928294,-0.0427099534642581,-1.5473443754035485
Note_3__smartphoneClient3g_dt1s,7.0,1.0,0.0,5.137214285714285,0.13535988750216496,0.0,D3_Cell01_eol,eol,0.6331208915526815,0.3668791084473185,0.5794771793860334,1.7944444444444445,soc_min,0.8287965693662768,1.7944444444444445,soc_min,0.8287965693662768,0.0,0.0
Note_3__smartphoneClient3g_dt1s,7.0,1.0,0.2,5.137214285714285,0.13535988750216496,0.027071977500432987,D3_Cell01_eol,eol,0.6331208915526815,0.3668791084473185,0.5794771793860334,1.7944444444444445,soc_min,0.8193215657461055,1.7944444444444445,soc_min,0.8287965693662768,0.0,0.0
Note_3__smartphoneClient3g_dt1s,7.0,1.0,0.4,5.137214285714285,0.13535988750216496,0.054143955000866016,D3_Cell01_eol,eol,0.6331208915526815,0.3668791084473185,0.5794771793860334,1.7941666666666667,soc_min,0.8097550983400286,1.7944444444444445,soc_min,0.8287965693662768,-0.0002777777777778212,-0.015479876160993132
Note_3__smartphoneClient3g_dt1s,7.0,1.0,0.6,5.137214285714285,0.13535988750216496,0.08121593250129897,D3_Cell01_eol,eol,0.6331208915526815,0.3668791084473185,0.5794771793860334,1.7938888888888889,soc_min,0.8001700469256948,1.7944444444444445,soc_min,0.8287965693662768,-0.0005555555555556424,-0.030959752321986264
Note_3__smartphoneClient3g_dt1s,7.0,1.0,0.8,5.137214285714285,0.13535988750216496,0.10828791000173198,D3_Cell01_eol,eol,0.6331208915526815,0.3668791084473185,0.5794771793860334,1.793611111111111,soc_min,0.7908887219265367,1.7944444444444445,soc_min,0.8287965693662768,-0.0008333333333334636,-0.046439628482979396
Note_3__smartphoneClient3g_dt1s,7.0,1.0,1.0,5.137214285714285,0.13535988750216496,0.13535988750216496,D3_Cell01_eol,eol,0.6331208915526815,0.3668791084473185,0.5794771793860334,1.79,cutoff,0.7816130621112484,1.7944444444444445,soc_min,0.8287965693662768,-0.004444444444444473,-0.24767801857585298
Note_3__smartphoneClientBluetooth_dt1s,60.0,1.0,0.0,2.3490800000000007,0.10878040190609727,0.0,D3_Cell01_new,new,1.0,0.0,0.0,6.224722222222222,soc_min,0.9398484542106172,6.224722222222222,soc_min,0.9398484542106172,0.0,0.0
Note_3__smartphoneClientBluetooth_dt1s,60.0,1.0,0.2,2.3490800000000007,0.10878040190609727,0.02175608038121947,D3_Cell01_new,new,1.0,0.0,0.0,6.224444444444444,soc_min,0.935114727707688,6.224722222222222,soc_min,0.9398484542106172,-0.0002777777777778212,-0.004462492748449982
Note_3__smartphoneClientBluetooth_dt1s,60.0,1.0,0.4,2.3490800000000007,0.10878040190609727,0.04351216076243892,D3_Cell01_new,new,1.0,0.0,0.0,6.224444444444444,soc_min,0.9303586399453186,6.224722222222222,soc_min,0.9398484542106172,-0.0002777777777778212,-0.004462492748449982
Note_3__smartphoneClientBluetooth_dt1s,60.0,1.0,0.6,2.3490800000000007,0.10878040190609727,0.06526824114365837,D3_Cell01_new,new,1.0,0.0,0.0,6.224166666666667,soc_min,0.9256011921745133,6.224722222222222,soc_min,0.9398484542106172,-0.0005555555555547542,-0.008924985496885694
Note_3__smartphoneClientBluetooth_dt1s,60.0,1.0,0.8,2.3490800000000007,0.10878040190609727,0.08702432152487782,D3_Cell01_new,new,1.0,0.0,0.0,6.223888888888889,soc_min,0.920842172301747,6.224722222222222,soc_min,0.9398484542106172,-0.0008333333333325754,-0.013387478245335677
Note_3__smartphoneClientBluetooth_dt1s,60.0,1.0,1.0,2.3490800000000007,0.10878040190609727,0.10878040190609727,D3_Cell01_new,new,1.0,0.0,0.0,6.223611111111111,soc_min,0.9160813673631326,6.224722222222222,soc_min,0.9398484542106172,-0.0011111111111103966,-0.017849970993785658
Note_3__smartphoneClientBluetooth_dt1s,60.0,1.0,0.0,2.3490800000000007,0.10878040190609727,0.0,D3_Cell01_eol,eol,0.6331208915526815,0.3668791084473185,0.5794771793860334,4.019722222222223,soc_min,0.9122698114225802,4.019722222222223,soc_min,0.9122698114225802,0.0,0.0
Note_3__smartphoneClientBluetooth_dt1s,60.0,1.0,0.2,2.3490800000000007,0.10878040190609727,0.02175608038121947,D3_Cell01_eol,eol,0.6331208915526815,0.3668791084473185,0.5794771793860334,4.019722222222223,soc_min,0.9057676990276743,4.019722222222223,soc_min,0.9122698114225802,0.0,0.0
Note_3__smartphoneClientBluetooth_dt1s,60.0,1.0,0.4,2.3490800000000007,0.10878040190609727,0.04351216076243892,D3_Cell01_eol,eol,0.6331208915526815,0.3668791084473185,0.5794771793860334,4.019444444444445,soc_min,0.8988589037062974,4.019722222222223,soc_min,0.9122698114225802,-0.0002777777777778212,-0.006910372469077163
Note_3__smartphoneClientBluetooth_dt1s,60.0,1.0,0.6,2.3490800000000007,0.10878040190609727,0.06526824114365837,D3_Cell01_eol,eol,0.6331208915526815,0.3668791084473185,0.5794771793860334,4.019444444444445,soc_min,0.8919468683656473,4.019722222222223,soc_min,0.9122698114225802,-0.0002777777777778212,-0.006910372469077163
Note_3__smartphoneClientBluetooth_dt1s,60.0,1.0,0.8,2.3490800000000007,0.10878040190609727,0.08702432152487782,D3_Cell01_eol,eol,0.6331208915526815,0.3668791084473185,0.5794771793860334,4.019166666666667,soc_min,0.8850310767715555,4.019722222222223,soc_min,0.9122698114225802,-0.0005555555555556424,-0.013820744938154326
Note_3__smartphoneClientBluetooth_dt1s,60.0,1.0,1.0,2.3490800000000007,0.10878040190609727,0.10878040190609727,D3_Cell01_eol,eol,0.6331208915526815,0.3668791084473185,0.5794771793860334,4.018611111111111,soc_min,0.8781110092915123,4.019722222222223,soc_min,0.9122698114225802,-0.0011111111111112848,-0.027641489876308652
Note_3__smartphoneClientTcpDirect_dt1s,119.0,1.0,0.0,6.0718445378151245,0.12462208729912484,0.0,D3_Cell01_new,new,1.0,0.0,0.0,2.304746225772249,cutoff,0.8709137958756181,2.304746225772249,cutoff,0.8709137958756181,0.0,0.0
Note_3__smartphoneClientTcpDirect_dt1s,119.0,1.0,0.2,6.0718445378151245,0.12462208729912484,0.024924417459824964,D3_Cell01_new,new,1.0,0.0,0.0,2.3033333333333332,cutoff,0.8650839355849915,2.304746225772249,cutoff,0.8709137958756181,-0.001412892438915847,-0.06130360137339765
Note_3__smartphoneClientTcpDirect_dt1s,119.0,1.0,0.4,6.0718445378151245,0.12462208729912484,0.04984883491964992,D3_Cell01_new,new,1.0,0.0,0.0,2.2903643780622804,cutoff,0.8599321848302252,2.304746225772249,cutoff,0.8709137958756181,-0.014381847709968643,-0.6240100341264136
Note_3__smartphoneClientTcpDirect_dt1s,119.0,1.0,0.6,6.0718445378151245,0.12462208729912484,0.0747732523794749,D3_Cell01_new,new,1.0,0.0,0.0,2.290277777777778,cutoff,0.854022070651883,2.304746225772249,cutoff,0.8709137958756181,-0.014468447994471223,-0.6277675100486734
Note_3__smartphoneClientTcpDirect_dt1s,119.0,1.0,0.8,6.0718445378151245,0.12462208729912484,0.09969766983929984,D3_Cell01_new,new,1.0,0.0,0.0,2.2841666666666667,cutoff,0.847826380957821,2.304746225772249,cutoff,0.8709137958756181,-0.0205795591055824,-0.8929208290030642
Note_3__smartphoneClientTcpDirect_dt1s,119.0,1.0,1.0,6.0718445378151245,0.12462208729912484,0.12462208729912484,D3_Cell01_new,new,1.0,0.0,0.0,2.280999386472819,cutoff,0.8414663068712112,2.304746225772249,cutoff,0.8709137958756181,-0.02374683929943,-1.030345078077877
Note_3__smartphoneClientTcpDirect_dt1s,119.0,1.0,0.0,6.0718445378151245,0.12462208729912484,0.0,D3_Cell01_eol,eol,0.6331208915526815,0.3668791084473185,0.5794771793860334,1.5075,soc_min,0.8062862455583495,1.5075,soc_min,0.8062862455583495,0.0,0.0
Note_3__smartphoneClientTcpDirect_dt1s,119.0,1.0,0.2,6.0718445378151245,0.12462208729912484,0.024924417459824964,D3_Cell01_eol,eol,0.6331208915526815,0.3668791084473185,0.5794771793860334,1.5072222222222222,soc_min,0.7977892735435922,1.5075,soc_min,0.8062862455583495,-0.0002777777777778212,-0.018426386585593445
Note_3__smartphoneClientTcpDirect_dt1s,119.0,1.0,0.4,6.0718445378151245,0.12462208729912484,0.04984883491964992,D3_Cell01_eol,eol,0.6331208915526815,0.3668791084473185,0.5794771793860334,1.5069444444444444,soc_min,0.7881199753965008,1.5075,soc_min,0.8062862455583495,-0.0005555555555556424,-0.03685277317118689
Note_3__smartphoneClientTcpDirect_dt1s,119.0,1.0,0.6,6.0718445378151245,0.12462208729912484,0.0747732523794749,D3_Cell01_eol,eol,0.6331208915526815,0.3668791084473185,0.5794771793860334,1.501111111111111,cutoff,0.7784308342538181,1.5075,soc_min,0.8062862455583495,-0.006388888888888999,-0.42380689146859035
Note_3__smartphoneClientTcpDirect_dt1s,119.0,1.0,0.8,6.0718445378151245,0.12462208729912484,0.09969766983929984,D3_Cell01_eol,eol,0.6331208915526815,0.3668791084473185,0.5794771793860334,1.4969444444444444,cutoff,0.7727323339849491,1.5075,soc_min,0.8062862455583495,-0.010555555555555651,-0.7002026902524479
Note_3__smartphoneClientTcpDirect_dt1s,119.0,1.0,1.0,6.0718445378151245,0.12462208729912484,0.12462208729912484,D3_Cell01_eol,eol,0.6331208915526815,0.3668791084473185,0.5794771793860334,1.4969444444444444,cutoff,0.7638175375274698,1.5075,soc_min,0.8062862455583495,-0.010555555555555651,-0.7002026902524479
Note_3__smartphoneClientTcpRouter_dt1s,119.0,1.0,0.0,5.198597478991597,0.13416325460866532,0.0,D3_Cell01_new,new,1.0,0.0,0.0,2.7252269113440657,cutoff,0.8839087718228165,2.7252269113440657,cutoff,0.8839087718228165,0.0,0.0
Note_3__smartphoneClientTcpRouter_dt1s,119.0,1.0,0.2,5.198597478991597,0.13416325460866532,0.02683265092173306,D3_Cell01_new,new,1.0,0.0,0.0,2.7172222222222224,cutoff,0.8745959276401892,2.7252269113440657,cutoff,0.8839087718228165,-0.008004689121843267,-0.29372560092236144
Note_3__smartphoneClientTcpRouter_dt1s,119.0,1.0,0.4,5.198597478991597,0.13416325460866532,0.05366530184346612,D3_Cell01_new,new,1.0,0.0,0.0,2.7116666666666664,cutoff,0.8665956158872532,2.7252269113440657,cutoff,0.8839087718228165,-0.013560244677399247,-0.4975822241059338
Note_3__smartphoneClientTcpRouter_dt1s,119.0,1.0,0.6,5.198597478991597,0.13416325460866532,0.0804979527651992,D3_Cell01_new,new,1.0,0.0,0.0,2.7108333333333334,cutoff,0.8570134098168553,2.7252269113440657,cutoff,0.8839087718228165,-0.014393578010732266,-0.5281607175834558
Note_3__smartphoneClientTcpRouter_dt1s,119.0,1.0,0.8,5.198597478991597,0.13416325460866532,0.10733060368693227,D3_Cell01_new,new,1.0,0.0,0.0,2.6841666666666666,cutoff,0.8474250495523975,2.7252269113440657,cutoff,0.8839087718228165,-0.041060244677399105,-1.5066725088645347
Note_3__smartphoneClientTcpRouter_dt1s,119.0,1.0,1.0,5.198597478991597,0.13416325460866532,0.13416325460866532,D3_Cell01_new,new,1.0,0.0,0.0,2.681388888888889,cutoff,0.8396594559443354,2.7252269113440657,cutoff,0.8839087718228165,-0.04383802245517687,-1.6086008204563127
Note_3__smartphoneClientTcpRouter_dt1s,119.0,1.0,0.0,5.198597478991597,0.13416325460866532,0.0,D3_Cell01_eol,eol,0.6331208915526815,0.3668791084473185,0.5794771793860334,1.7722222222222221,soc_min,0.8272587381232932,1.7722222222222221,soc_min,0.8272587381232932,0.0,0.0
Note_3__smartphoneClientTcpRouter_dt1s,119.0,1.0,0.2,5.198597478991597,0.13416325460866532,0.02683265092173306,D3_Cell01_eol,eol,0.6331208915526815,0.3668791084473185,0.5794771793860334,1.7722222222222221,soc_min,0.8147818209584928,1.7722222222222221,soc_min,0.8272587381232932,0.0,0.0
Note_3__smartphoneClientTcpRouter_dt1s,119.0,1.0,0.4,5.198597478991597,0.13416325460866532,0.05366530184346612,D3_Cell01_eol,eol,0.6331208915526815,0.3668791084473185,0.5794771793860334,1.7719444444444445,soc_min,0.8004422122014969,1.7722222222222221,soc_min,0.8272587381232932,-0.00027777777777759916,-0.015673981191212494
Note_3__smartphoneClientTcpRouter_dt1s,119.0,1.0,0.6,5.198597478991597,0.13416325460866532,0.0804979527651992,D3_Cell01_eol,eol,0.6331208915526815,0.3668791084473185,0.5794771793860334,1.771388888888889,soc_min,0.7860829109157428,1.7722222222222221,soc_min,0.8272587381232932,-0.0008333333333332416,-0.04702194357366254
Note_3__smartphoneClientTcpRouter_dt1s,119.0,1.0,0.8,5.198597478991597,0.13416325460866532,0.10733060368693227,D3_Cell01_eol,eol,0.6331208915526815,0.3668791084473185,0.5794771793860334,1.7708333333333333,soc_min,0.7717008069854244,1.7722222222222221,soc_min,0.8272587381232932,-0.001388888888888884,-0.07836990595611258
Note_3__smartphoneClientTcpRouter_dt1s,119.0,1.0,1.0,5.198597478991597,0.13416325460866532,0.13416325460866532,D3_Cell01_eol,eol,0.6331208915526815,0.3668791084473185,0.5794771793860334,1.7586111111111111,cutoff,0.7572927667625309,1.7722222222222221,soc_min,0.8272587381232932,-0.013611111111111018,-0.7680250783699007
Note_3__smartphoneClientUdpDirect_dt1s,119.0,1.0,0.0,5.422486554621851,0.13044934050170273,0.0,D3_Cell01_new,new,1.0,0.0,0.0,2.604481956550173,cutoff,0.8804063474535975,2.604481956550173,cutoff,0.8804063474535975,0.0,0.0
Note_3__smartphoneClientUdpDirect_dt1s,119.0,1.0,0.2,5.422486554621851,0.13044934050170273,0.026089868100340554,D3_Cell01_new,new,1.0,0.0,0.0,2.6016666666666666,cutoff,0.8735208392131785,2.604481956550173,cutoff,0.8804063474535975,-0.0028152898835065443,-0.10809404443851865
Note_3__smartphoneClientUdpDirect_dt1s,119.0,1.0,0.4,5.422486554621851,0.13044934050170273,0.0521797362006811,D3_Cell01_new,new,1.0,0.0,0.0,2.589312604775952,cutoff,0.8653572343180108,2.604481956550173,cutoff,0.8804063474535975,-0.015169351774221074,-0.5824325922500915
Note_3__smartphoneClientUdpDirect_dt1s,119.0,1.0,0.6,5.422486554621851,0.13044934050170273,0.07826960430102164,D3_Cell01_new,new,1.0,0.0,0.0,2.578333333333333,cutoff,0.8571882639435522,2.604481956550173,cutoff,0.8804063474535975,-0.026148623216839972,-1.0039855776722575
Note_3__smartphoneClientUdpDirect_dt1s,119.0,1.0,0.8,5.422486554621851,0.13044934050170273,0.1043594724013622,D3_Cell01_new,new,1.0,0.0,0.0,2.578333333333333,cutoff,0.8490127493479517,2.604481956550173,cutoff,0.8804063474535975,-0.026148623216839972,-1.0039855776722575
Note_3__smartphoneClientUdpDirect_dt1s,119.0,1.0,1.0,5.422486554621851,0.13044934050170273,0.13044934050170273,D3_Cell01_new,new,1.0,0.0,0.0,2.578333333333333,cutoff,0.8408304940474427,2.604481956550173,cutoff,0.8804063474535975,-0.026148623216839972,-1.0039855776722575
Note_3__smartphoneClientUdpDirect_dt1s,119.0,1.0,0.0,5.422486554621851,0.13044934050170273,0.0,D3_Cell01_eol,eol,0.6331208915526815,0.3668791084473185,0.5794771793860334,1.6961111111111111,soc_min,0.821652553432673,1.6961111111111111,soc_min,0.821652553432673,0.0,0.0
Note_3__smartphoneClientUdpDirect_dt1s,119.0,1.0,0.2,5.422486554621851,0.13044934050170273,0.026089868100340554,D3_Cell01_eol,eol,0.6331208915526815,0.3668791084473185,0.5794771793860334,1.6961111111111111,soc_min,0.8109653120382082,1.6961111111111111,soc_min,0.821652553432673,0.0,0.0
Note_3__smartphoneClientUdpDirect_dt1s,119.0,1.0,0.4,5.422486554621851,0.13044934050170273,0.0521797362006811,D3_Cell01_eol,eol,0.6331208915526815,0.3668791084473185,0.5794771793860334,1.6958333333333333,soc_min,0.7987544483311578,1.6961111111111111,soc_min,0.821652553432673,-0.0002777777777778212,-0.016377333770064794
Note_3__smartphoneClientUdpDirect_dt1s,119.0,1.0,0.6,5.422486554621851,0.13044934050170273,0.07826960430102164,D3_Cell01_eol,eol,0.6331208915526815,0.3668791084473185,0.5794771793860334,1.6952777777777779,soc_min,0.7865260034145927,1.6961111111111111,soc_min,0.821652553432673,-0.0008333333333332416,-0.04913200131018129
Note_3__smartphoneClientUdpDirect_dt1s,119.0,1.0,0.8,5.422486554621851,0.13044934050170273,0.1043594724013622,D3_Cell01_eol,eol,0.6331208915526815,0.3668791084473185,0.5794771793860334,1.6858885990237873,cutoff,0.7742774396306328,1.6961111111111111,soc_min,0.821652553432673,-0.010222512087323832,-0.6027029727213526
Note_3__smartphoneClientUdpDirect_dt1s,119.0,1.0,1.0,5.422486554621851,0.13044934050170273,0.13044934050170273,D3_Cell01_eol,eol,0.6331208915526815,0.3668791084473185,0.5794771793860334,1.6858333333333333,cutoff,0.7620062093085348,1.6961111111111111,soc_min,0.821652553432673,-0.01027777777777783,-0.6059613494923057
Note_3__smartphoneClientUdpRouter_dt1s,119.0,1.0,0.0,4.552310084033614,0.18291083665127,0.0,D3_Cell01_new,new,1.0,0.0,0.0,3.1418674867979104,cutoff,0.8946378311067088,3.1418674867979104,cutoff,0.8946378311067088,0.0,0.0
Note_3__smartphoneClientUdpRouter_dt1s,119.0,1.0,0.2,4.552310084033614,0.18291083665127,0.036582167330254,D3_Cell01_new,new,1.0,0.0,0.0,3.140277777777778,cutoff,0.8888551738143848,3.1418674867979104,cutoff,0.8946378311067088,-0.001589709020132446,-0.050597583342148714
Note_3__smartphoneClientUdpRouter_dt1s,119.0,1.0,0.4,4.552310084033614,0.18291083665127,0.073164334660508,D3_Cell01_new,new,1.0,0.0,0.0,3.1266666666666665,cutoff,0.8817979094849996,3.1418674867979104,cutoff,0.8946378311067088,-0.015200820131243908,-0.4838148074391289
Note_3__smartphoneClientUdpRouter_dt1s,119.0,1.0,0.6,4.552310084033614,0.18291083665127,0.109746501990762,D3_Cell01_new,new,1.0,0.0,0.0,3.120833333333333,cutoff,0.8747316939426956,3.1418674867979104,cutoff,0.8946378311067088,-0.021034153464577265,-0.6694793320521164
Note_3__smartphoneClientUdpRouter_dt1s,119.0,1.0,0.8,4.552310084033614,0.18291083665127,0.146328669321016,D3_Cell01_new,new,1.0,0.0,0.0,3.108611111111111,cutoff,0.8680784832143481,3.1418674867979104,cutoff,0.8946378311067088,-0.03325637568679918,-1.0584907169555071
Note_3__smartphoneClientUdpRouter_dt1s,119.0,1.0,1.0,4.552310084033614,0.18291083665127,0.18291083665127,D3_Cell01_new,new,1.0,0.0,0.0,3.1077777777777778,cutoff,0.8621067140997409,3.1418674867979104,cutoff,0.8946378311067088,-0.03408970902013264,-1.0850142204716524
Note_3__smartphoneClientUdpRouter_dt1s,119.0,1.0,0.0,4.552310084033614,0.18291083665127,0.0,D3_Cell01_eol,eol,0.6331208915526815,0.3668791084473185,0.5794771793860334,2.0344444444444445,soc_min,0.8443228002775892,2.0344444444444445,soc_min,0.8443228002775892,0.0,0.0
Note_3__smartphoneClientUdpRouter_dt1s,119.0,1.0,0.2,4.552310084033614,0.18291083665127,0.036582167330254,D3_Cell01_eol,eol,0.6331208915526815,0.3668791084473185,0.5794771793860334,2.0341666666666667,soc_min,0.8356351427970707,2.0344444444444445,soc_min,0.8443228002775892,-0.0002777777777778212,-0.013653741125070402
Note_3__smartphoneClientUdpRouter_dt1s,119.0,1.0,0.4,4.552310084033614,0.18291083665127,0.073164334660508,D3_Cell01_eol,eol,0.6331208915526815,0.3668791084473185,0.5794771793860334,2.033611111111111,soc_min,0.8251815236348778,2.0344444444444445,soc_min,0.8443228002775892,-0.0008333333333334636,-0.04096122337521121
Note_3__smartphoneClientUdpRouter_dt1s,119.0,1.0,0.6,4.552310084033614,0.18291083665127,0.109746501990762,D3_Cell01_eol,eol,0.6331208915526815,0.3668791084473185,0.5794771793860334,2.0327777777777776,soc_min,0.8147003845087218,2.0344444444444445,soc_min,0.8443228002775892,-0.0016666666666669272,-0.08192244675042241
Note_3__smartphoneClientUdpRouter_dt1s,119.0,1.0,0.8,4.552310084033614,0.18291083665127,0.146328669321016,D3_Cell01_eol,eol,0.6331208915526815,0.3668791084473185,0.5794771793860334,2.0316666666666667,soc_min,0.8041879385307372,2.0344444444444445,soc_min,0.8443228002775892,-0.002777777777777768,-0.1365374112506822
Note_3__smartphoneClientUdpRouter_dt1s,119.0,1.0,1.0,4.552310084033614,0.18291083665127,0.18291083665127,D3_Cell01_eol,eol,0.6331208915526815,0.3668791084473185,0.5794771793860334,2.0305555555555554,soc_min,0.7936403644632521,2.0344444444444445,soc_min,0.8443228002775892,-0.0038888888888890527,-0.1911523757509638
Note_3__smartphoneServer3g_dt1s,7.0,1.0,0.0,5.791385714285714,0.09812744901877343,0.0,D3_Cell01_new,new,1.0,0.0,0.0,2.4257804259127265,cutoff,0.8749085967111341,2.4257804259127265,cutoff,0.8749085967111341,0.0,0.0
Note_3__smartphoneServer3g_dt1s,7.0,1.0,0.2,5.791385714285714,0.09812744901877343,0.019625489803754677,D3_Cell01_new,new,1.0,0.0,0.0,2.420300009879472,cutoff,0.870523235748116,2.4257804259127265,cutoff,0.8749085967111341,-0.005480416033254443,-0.22592382949055978
Note_3__smartphoneServer3g_dt1s,7.0,1.0,0.4,5.791385714285714,0.09812744901877343,0.039250979607509374,D3_Cell01_new,new,1.0,0.0,0.0,2.41467560569615,cutoff,0.8661881638903626,2.4257804259127265,cutoff,0.8749085967111341,-0.011104820216576439,-0.4577834043820404
Note_3__smartphoneServer3g_dt1s,7.0,1.0,0.6,5.791385714285714,0.09812744901877343,0.058876469411264044,D3_Cell01_new,new,1.0,0.0,0.0,2.4105555555555553,cutoff,0.8617556815271454,2.4257804259127265,cutoff,0.8749085967111341,-0.015224870357171127,-0.6276277190851931
Note_3__smartphoneServer3g_dt1s,7.0,1.0,0.8,5.791385714285714,0.09812744901877343,0.07850195921501874,D3_Cell01_new,new,1.0,0.0,0.0,2.4028787222905255,cutoff,0.857541920369393,2.4257804259127265,cutoff,0.8749085967111341,-0.02290170362220101,-0.9440963154603736
Note_3__smartphoneServer3g_dt1s,7.0,1.0,1.0,5.791385714285714,0.09812744901877343,0.09812744901877343,D3_Cell01_new,new,1.0,0.0,0.0,2.3969444444444443,cutoff,0.8532353345497538,2.4257804259127265,cutoff,0.8749085967111341,-0.028835981468282146,-1.1887300746699814
Note_3__smartphoneServer3g_dt1s,7.0,1.0,0.0,5.791385714285714,0.09812744901877343,0.0,D3_Cell01_eol,eol,0.6331208915526815,0.3668791084473185,0.5794771793860334,1.583611111111111,soc_min,0.8127755298750241,1.583611111111111,soc_min,0.8127755298750241,0.0,0.0
Note_3__smartphoneServer3g_dt1s,7.0,1.0,0.2,5.791385714285714,0.09812744901877343,0.019625489803754677,D3_Cell01_eol,eol,0.6331208915526815,0.3668791084473185,0.5794771793860334,1.583611111111111,soc_min,0.806003102468049,1.583611111111111,soc_min,0.8127755298750241,0.0,0.0
Note_3__smartphoneServer3g_dt1s,7.0,1.0,0.4,5.791385714285714,0.09812744901877343,0.039250979607509374,D3_Cell01_eol,eol,0.6331208915526815,0.3668791084473185,0.5794771793860334,1.583611111111111,soc_min,0.798990200927564,1.583611111111111,soc_min,0.8127755298750241,0.0,0.0
Note_3__smartphoneServer3g_dt1s,7.0,1.0,0.6,5.791385714285714,0.09812744901877343,0.058876469411264044,D3_Cell01_eol,eol,0.6331208915526815,0.3668791084473185,0.5794771793860334,1.5833333333333333,soc_min,0.7919678871149627,1.583611111111111,soc_min,0.8127755298750241,-0.0002777777777778212,-0.017540782318894166
Note_3__smartphoneServer3g_dt1s,7.0,1.0,0.8,5.791385714285714,0.09812744901877343,0.07850195921501874,D3_Cell01_eol,eol,0.6331208915526815,0.3668791084473185,0.5794771793860334,1.5802777777777777,cutoff,0.7853062941443109,1.583611111111111,soc_min,0.8127755298750241,-0.0033333333333334103,-0.21048938782670193
Note_3__smartphoneServer3g_dt1s,7.0,1.0,1.0,5.791385714285714,0.09812744901877343,0.09812744901877343,D3_Cell01_eol,eol,0.6331208915526815,0.3668791084473185,0.5794771793860334,1.5763888888888888,cutoff,0.7790373234116792,1.583611111111111,soc_min,0.8127755298750241,-0.007222222222222241,-0.4560603402911782
Note_3__smartphoneServerBluetooth_dt1s,104.0,1.0,0.0,2.424715384615385,0.08514564369459707,0.0,D3_Cell01_new,new,1.0,0.0,0.0,6.027777777777778,soc_min,0.9380875932281146,6.027777777777778,soc_min,0.9380875932281146,0.0,0.0
Note_3__smartphoneServerBluetooth_dt1s,104.0,1.0,0.2,2.424715384615385,0.08514564369459707,0.01702912873891941,D3_Cell01_new,new,1.0,0.0,0.0,6.027777777777778,soc_min,0.9357847244922538,6.027777777777778,soc_min,0.9380875932281146,0.0,0.0
Note_3__smartphoneServerBluetooth_dt1s,104.0,1.0,0.4,2.424715384615385,0.08514564369459707,0.034058257477838826,D3_Cell01_new,new,1.0,0.0,0.0,6.027777777777778,soc_min,0.9333215092589745,6.027777777777778,soc_min,0.9380875932281146,0.0,0.0
Note_3__smartphoneServerBluetooth_dt1s,104.0,1.0,0.6,2.424715384615385,0.08514564369459707,0.05108738621675823,D3_Cell01_new,new,1.0,0.0,0.0,6.0275,soc_min,0.9308576213802505,6.027777777777778,soc_min,0.9380875932281146,-0.0002777777777778212,-0.004608294930876297
Note_3__smartphoneServerBluetooth_dt1s,104.0,1.0,0.8,2.424715384615385,0.08514564369459707,0.06811651495567765,D3_Cell01_new,new,1.0,0.0,0.0,6.0275,soc_min,0.9283929929816135,6.027777777777778,soc_min,0.9380875932281146,-0.0002777777777778212,-0.004608294930876297
Note_3__smartphoneServerBluetooth_dt1s,104.0,1.0,1.0,2.424715384615385,0.08514564369459707,0.08514564369459707,D3_Cell01_new,new,1.0,0.0,0.0,6.027222222222222,soc_min,0.9259275561004088,6.027777777777778,soc_min,0.9380875932281146,-0.0005555555555556424,-0.009216589861752594
Note_3__smartphoneServerBluetooth_dt1s,104.0,1.0,0.0,2.424715384615385,0.08514564369459707,0.0,D3_Cell01_eol,eol,0.6331208915526815,0.3668791084473185,0.5794771793860334,3.891388888888889,soc_min,0.9097040015159987,3.891388888888889,soc_min,0.9097040015159987,0.0,0.0
Note_3__smartphoneServerBluetooth_dt1s,104.0,1.0,0.2,2.424715384615385,0.08514564369459707,0.01702912873891941,D3_Cell01_eol,eol,0.6331208915526815,0.3668791084473185,0.5794771793860334,3.891388888888889,soc_min,0.9065491887278724,3.891388888888889,soc_min,0.9097040015159987,0.0,0.0
Note_3__smartphoneServerBluetooth_dt1s,104.0,1.0,0.4,2.424715384615385,0.08514564369459707,0.034058257477838826,D3_Cell01_eol,eol,0.6331208915526815,0.3668791084473185,0.5794771793860334,3.891388888888889,soc_min,0.9029639988560108,3.891388888888889,soc_min,0.9097040015159987,0.0,0.0
Note_3__smartphoneServerBluetooth_dt1s,104.0,1.0,0.6,2.424715384615385,0.08514564369459707,0.05108738621675823,D3_Cell01_eol,eol,0.6331208915526815,0.3668791084473185,0.5794771793860334,3.891388888888889,soc_min,0.8993771749802555,3.891388888888889,soc_min,0.9097040015159987,0.0,0.0
Note_3__smartphoneServerBluetooth_dt1s,104.0,1.0,0.8,2.424715384615385,0.08514564369459707,0.06811651495567765,D3_Cell01_eol,eol,0.6331208915526815,0.3668791084473185,0.5794771793860334,3.891111111111111,soc_min,0.8957885518998042,3.891388888888889,soc_min,0.9097040015159987,-0.0002777777777778212,-0.007138268256122181
Note_3__smartphoneServerBluetooth_dt1s,104.0,1.0,1.0,2.424715384615385,0.08514564369459707,0.08514564369459707,D3_Cell01_eol,eol,0.6331208915526815,0.3668791084473185,0.5794771793860334,3.891111111111111,soc_min,0.8921979640573404,3.891388888888889,soc_min,0.9097040015159987,-0.0002777777777778212,-0.007138268256122181
Note_3__smartphoneServerTcpDirect_dt1s,119.0,1.0,0.0,4.387600840336136,0.16639415730019153,0.0,D3_Cell01_new,new,1.0,0.0,0.0,3.267732596646368,cutoff,0.8975309272078899,3.267732596646368,cutoff,0.8975309272078899,0.0,0.0
Note_3__smartphoneServerTcpDirect_dt1s,119.0,1.0,0.2,4.387600840336136,0.16639415730019153,0.0332788314600383,D3_Cell01_new,new,1.0,0.0,0.0,3.2655555555555558,cutoff,0.8912327982892362,3.267732596646368,cutoff,0.8975309272078899,-0.0021770410908121818,-0.06662237580414172
Note_3__smartphoneServerTcpDirect_dt1s,119.0,1.0,0.4,4.387600840336136,0.16639415730019153,0.06655766292007662,D3_Cell01_new,new,1.0,0.0,0.0,3.248611111111111,cutoff,0.8842195699043869,3.267732596646368,cutoff,0.8975309272078899,-0.019121485535257055,-0.5851606571137794
Note_3__smartphoneServerTcpDirect_dt1s,119.0,1.0,0.6,4.387600840336136,0.16639415730019153,0.09983649438011492,D3_Cell01_new,new,1.0,0.0,0.0,3.24294358619367,cutoff,0.8785851847953189,3.267732596646368,cutoff,0.8975309272078899,-0.02478901045269799,-0.7585997238004919
Note_3__smartphoneServerTcpDirect_dt1s,119.0,1.0,0.8,4.387600840336136,0.16639415730019153,0.1331153258401532,D3_Cell01_new,new,1.0,0.0,0.0,3.2330555555555556,cutoff,0.8716371453200309,3.267732596646368,cutoff,0.8975309272078899,-0.03467704109081238,-1.0611958006111326
Note_3__smartphoneServerTcpDirect_dt1s,119.0,1.0,1.0,4.387600840336136,0.16639415730019153,0.16639415730019153,D3_Cell01_new,new,1.0,0.0,0.0,3.2155555555555555,cutoff,0.8646801753262158,3.267732596646368,cutoff,0.8975309272078899,-0.05217704109081245,-1.5967353370456652
Note_3__smartphoneServerTcpDirect_dt1s,119.0,1.0,0.0,4.387600840336136,0.16639415730019153,0.0,D3_Cell01_eol,eol,0.6331208915526815,0.3668791084473185,0.5794771793860334,2.113611111111111,soc_min,0.8488954335062894,2.113611111111111,soc_min,0.8488954335062894,0.0,0.0
Note_3__smartphoneServerTcpDirect_dt1s,119.0,1.0,0.2,4.387600840336136,0.16639415730019153,0.0332788314600383,D3_Cell01_eol,eol,0.6331208915526815,0.3668791084473185,0.5794771793860334,2.113611111111111,soc_min,0.8400621868592554,2.113611111111111,soc_min,0.8488954335062894,0.0,0.0
Note_3__smartphoneServerTcpDirect_dt1s,119.0,1.0,0.4,4.387600840336136,0.16639415730019153,0.06655766292007662,D3_Cell01_eol,eol,0.6331208915526815,0.3668791084473185,0.5794771793860334,2.1133333333333333,soc_min,0.8305103185877779,2.113611111111111,soc_min,0.8488954335062894,-0.0002777777777778212,-0.013142331449601214
Note_3__smartphoneServerTcpDirect_dt1s,119.0,1.0,0.6,4.387600840336136,0.16639415730019153,0.09983649438011492,D3_Cell01_eol,eol,0.6331208915526815,0.3668791084473185,0.5794771793860334,2.1127777777777776,soc_min,0.8202151025192537,2.113611111111111,soc_min,0.8488954335062894,-0.0008333333333334636,-0.03942699434880364
Note_3__smartphoneServerTcpDirect_dt1s,119.0,1.0,0.8,4.387600840336136,0.16639415730019153,0.1331153258401532,D3_Cell01_eol,eol,0.6331208915526815,0.3668791084473185,0.5794771793860334,2.111666666666667,soc_min,0.809897573814732,2.113611111111111,soc_min,0.8488954335062894,-0.0019444444444443043,-0.09199632014718748
Note_3__smartphoneServerTcpDirect_dt1s,119.0,1.0,1.0,4.387600840336136,0.16639415730019153,0.16639415730019153,D3_Cell01_eol,eol,0.6331208915526815,0.3668791084473185,0.5794771793860334,2.1108333333333333,soc_min,0.7995540157396585,2.113611111111111,soc_min,0.8488954335062894,-0.002777777777777768,-0.13142331449599112
Note_3__smartphoneServerTcpRouter_dt1s,119.0,1.0,0.0,4.6434445378151255,0.15674549272904573,0.0,D3_Cell01_new,new,1.0,0.0,0.0,3.0759618668686355,cutoff,0.8930626875443349,3.0759618668686355,cutoff,0.8930626875443349,0.0,0.0
Note_3__smartphoneServerTcpRouter_dt1s,119.0,1.0,0.2,4.6434445378151255,0.15674549272904573,0.03134909854580915,D3_Cell01_new,new,1.0,0.0,0.0,3.0741666666666667,cutoff,0.8871731380728275,3.0759618668686355,cutoff,0.8930626875443349,-0.0017952002019687718,-0.05836223853439075
Note_3__smartphoneServerTcpRouter_dt1s,119.0,1.0,0.4,4.6434445378151255,0.15674549272904573,0.06269819709161831,D3_Cell01_new,new,1.0,0.0,0.0,3.0705555555555555,cutoff,0.8799363401931397,3.0759618668686355,cutoff,0.8930626875443349,-0.005406311313080003,-0.1757600239233034
Note_3__smartphoneServerTcpRouter_dt1s,119.0,1.0,0.6,4.6434445378151255,0.15674549272904573,0.09404729563742745,D3_Cell01_new,new,1.0,0.0,0.0,3.0608333333333335,cutoff,0.8726926505198018,3.0759618668686355,cutoff,0.8930626875443349,-0.015128533535301969,-0.49183098458574165
Note_3__smartphoneServerTcpRouter_dt1s,119.0,1.0,0.8,4.6434445378151255,0.15674549272904573,0.12539639418323661,D3_Cell01_new,new,1.0,0.0,0.0,3.0419444444444443,cutoff,0.8654411966899175,3.0759618668686355,cutoff,0.8930626875443349,-0.034017422424191146,-1.1059117081585044
Note_3__smartphoneServerTcpRouter_dt1s,119.0,1.0,1.0,4.6434445378151255,0.15674549272904573,0.15674549272904573,D3_Cell01_new,new,1.0,0.0,0.0,3.0411111111111113,cutoff,0.8597526138082661,3.0759618668686355,cutoff,0.8930626875443349,-0.034850755757524166,-1.1330035047867038
Note_3__smartphoneServerTcpRouter_dt1s,119.0,1.0,0.0,4.6434445378151255,0.15674549272904573,0.0,D3_Cell01_eol,eol,0.6331208915526815,0.3668791084473185,0.5794771793860334,1.9930555555555556,soc_min,0.8418309814799514,1.9930555555555556,soc_min,0.8418309814799514,0.0,0.0
Note_3__smartphoneServerTcpRouter_dt1s,119.0,1.0,0.2,4.6434445378151255,0.15674549272904573,0.03134909854580915,D3_Cell01_eol,eol,0.6331208915526815,0.3668791084473185,0.5794771793860334,1.9927777777777778,soc_min,0.8320514068023935,1.9930555555555556,soc_min,0.8418309814799514,-0.0002777777777778212,-0.013937282229967336
Note_3__smartphoneServerTcpRouter_dt1s,119.0,1.0,0.4,4.6434445378151255,0.15674549272904573,0.06269819709161831,D3_Cell01_eol,eol,0.6331208915526815,0.3668791084473185,0.5794771793860334,1.9922222222222221,soc_min,0.8212674626212149,1.9930555555555556,soc_min,0.8418309814799514,-0.0008333333333334636,-0.041811846689902
Note_3__smartphoneServerTcpRouter_dt1s,119.0,1.0,0.6,4.6434445378151255,0.15674549272904573,0.09404729563742745,D3_Cell01_eol,eol,0.6331208915526815,0.3668791084473185,0.5794771793860334,1.9916666666666667,soc_min,0.8104622669505724,1.9930555555555556,soc_min,0.8418309814799514,-0.001388888888888884,-0.06968641114982553
Note_3__smartphoneServerTcpRouter_dt1s,119.0,1.0,0.8,4.6434445378151255,0.15674549272904573,0.12539639418323661,D3_Cell01_eol,eol,0.6331208915526815,0.3668791084473185,0.5794771793860334,1.9908333333333332,soc_min,0.7996328711957417,1.9930555555555556,soc_min,0.8418309814799514,-0.0022222222222223476,-0.11149825783972754
Note_3__smartphoneServerTcpRouter_dt1s,119.0,1.0,1.0,4.6434445378151255,0.15674549272904573,0.15674549272904573,D3_Cell01_eol,eol,0.6331208915526815,0.3668791084473185,0.5794771793860334,1.99,soc_min,0.7887763064990277,1.9930555555555556,soc_min,0.8418309814799514,-0.003055555555555589,-0.1533101045296184
Note_3__smartphoneServerUdpDirect_dt1s,119.0,1.0,0.0,3.9596647058823526,0.1388622720112939,0.0,D3_Cell01_new,new,1.0,0.0,0.0,3.644091921494853,cutoff,0.9053441838114971,3.644091921494853,cutoff,0.9053441838114971,0.0,0.0
Note_3__smartphoneServerUdpDirect_dt1s,119.0,1.0,0.2,3.9596647058823526,0.1388622720112939,0.027772454402258777,D3_Cell01_new,new,1.0,0.0,0.0,3.641388888888889,cutoff,0.8995147602867529,3.644091921494853,cutoff,0.9053441838114971,-0.002703032605964051,-0.07417575253851534
Note_3__smartphoneServerUdpDirect_dt1s,119.0,1.0,0.4,3.9596647058823526,0.1388622720112939,0.055544908804517554,D3_Cell01_new,new,1.0,0.0,0.0,3.641388888888889,cutoff,0.8925673016434428,3.644091921494853,cutoff,0.9053441838114971,-0.002703032605964051,-0.07417575253851534
Note_3__smartphoneServerUdpDirect_dt1s,119.0,1.0,0.6,3.9596647058823526,0.1388622720112939,0.08331736320677632,D3_Cell01_new,new,1.0,0.0,0.0,3.6305555555555555,cutoff,0.8856155126960732,3.644091921494853,cutoff,0.9053441838114971,-0.013536365939297301,-0.37146060612391224
Note_3__smartphoneServerUdpDirect_dt1s,119.0,1.0,0.8,3.9596647058823526,0.1388622720112939,0.11108981760903511,D3_Cell01_new,new,1.0,0.0,0.0,3.609166666666667,cutoff,0.8786587205916045,3.644091921494853,cutoff,0.9053441838114971,-0.03492525482818598,-0.9584076247412331
Note_3__smartphoneServerUdpDirect_dt1s,119.0,1.0,1.0,3.9596647058823526,0.1388622720112939,0.1388622720112939,D3_Cell01_new,new,1.0,0.0,0.0,3.6083333333333334,cutoff,0.8730124953327838,3.644091921494853,cutoff,0.9053441838114971,-0.035758588161519445,-0.9812756904016521
Note_3__smartphoneServerUdpDirect_dt1s,119.0,1.0,0.0,3.9596647058823526,0.1388622720112939,0.0,D3_Cell01_eol,eol,0.6331208915526815,0.3668791084473185,0.5794771793860334,2.3505555555555557,soc_min,0.8611443955960618,2.3505555555555557,soc_min,0.8611443955960618,0.0,0.0
Note_3__smartphoneServerUdpDirect_dt1s,119.0,1.0,0.2,3.9596647058823526,0.1388622720112939,0.027772454402258777,D3_Cell01_eol,eol,0.6331208915526815,0.3668791084473185,0.5794771793860334,2.3505555555555557,soc_min,0.8534399011920207,2.3505555555555557,soc_min,0.8611443955960618,0.0,0.0
Note_3__smartphoneServerUdpDirect_dt1s,119.0,1.0,0.4,3.9596647058823526,0.1388622720112939,0.055544908804517554,D3_Cell01_eol,eol,0.6331208915526815,0.3668791084473185,0.5794771793860334,2.3505555555555557,soc_min,0.8433031860253586,2.3505555555555557,soc_min,0.8611443955960618,0.0,0.0
Note_3__smartphoneServerUdpDirect_dt1s,119.0,1.0,0.6,3.9596647058823526,0.1388622720112939,0.08331736320677632,D3_Cell01_eol,eol,0.6331208915526815,0.3668791084473185,0.5794771793860334,2.350277777777778,soc_min,0.833155850643601,2.3505555555555557,soc_min,0.8611443955960618,-0.0002777777777778212,-0.011817537225244106
Note_3__smartphoneServerUdpDirect_dt1s,119.0,1.0,0.8,3.9596647058823526,0.1388622720112939,0.11108981760903511,D3_Cell01_eol,eol,0.6331208915526815,0.3668791084473185,0.5794771793860334,2.35,soc_min,0.8229962008386161,2.3505555555555557,soc_min,0.8611443955960618,-0.0005555555555556424,-0.02363507445048821
Note_3__smartphoneServerUdpDirect_dt1s,119.0,1.0,1.0,3.9596647058823526,0.1388622720112939,0.1388622720112939,D3_Cell01_eol,eol,0.6331208915526815,0.3668791084473185,0.5794771793860334,2.3491666666666666,soc_min,0.8128225312010234,2.3505555555555557,soc_min,0.8611443955960618,-0.001388888888889106,-0.05908768612622053
Note_3__smartphoneServerUdpRouter_dt1s,119.0,1.0,0.0,3.6944613445378156,0.17449575265805636,0.0,D3_Cell01_new,new,1.0,0.0,0.0,3.921653932354131,cutoff,0.9104113543363823,3.921653932354131,cutoff,0.9104113543363823,0.0,0.0
Note_3__smartphoneServerUdpRouter_dt1s,119.0,1.0,0.2,3.6944613445378156,0.17449575265805636,0.03489915053161128,D3_Cell01_new,new,1.0,0.0,0.0,3.9125,cutoff,0.9025276602974907,3.921653932354131,cutoff,0.9104113543363823,-0.009153932354130756,-0.23342019749906232
Note_3__smartphoneServerUdpRouter_dt1s,119.0,1.0,0.4,3.6944613445378156,0.17449575265805636,0.06979830106322255,D3_Cell01_new,new,1.0,0.0,0.0,3.9030555555555555,cutoff,0.8940947723929424,3.921653932354131,cutoff,0.9104113543363823,-0.018598376798575345,-0.47424829215899017
Note_3__smartphoneServerUdpRouter_dt1s,119.0,1.0,0.6,3.6944613445378156,0.17449575265805636,0.10469745159483382,D3_Cell01_new,new,1.0,0.0,0.0,3.8897222222222223,cutoff,0.8868322829879948,3.921653932354131,cutoff,0.9104113543363823,-0.03193171013190854,-0.8142408963847619
Note_3__smartphoneServerUdpRouter_dt1s,119.0,1.0,0.8,3.6944613445378156,0.17449575265805636,0.1395966021264451,D3_Cell01_new,new,1.0,0.0,0.0,3.87,cutoff,0.878472192339191,3.921653932354131,cutoff,0.9104113543363823,-0.05165393235413074,-1.3171466234687206
Note_3__smartphoneServerUdpRouter_dt1s,119.0,1.0,1.0,3.6944613445378156,0.17449575265805636,0.17449575265805636,D3_Cell01_new,new,1.0,0.0,0.0,3.8575,cutoff,0.8713393436538631,3.921653932354131,cutoff,0.9104113543363823,-0.06415393235413092,-1.6358896899303894
Note_3__smartphoneServerUdpRouter_dt1s,119.0,1.0,0.0,3.6944613445378156,0.17449575265805636,0.0,D3_Cell01_eol,eol,0.6331208915526815,0.3668791084473185,0.5794771793860334,2.525,soc_min,0.869028200074299,2.525,soc_min,0.869028200074299,0.0,0.0
Note_3__smartphoneServerUdpRouter_dt1s,119.0,1.0,0.2,3.6944613445378156,0.17449575265805636,0.03489915053161128,D3_Cell01_eol,eol,0.6331208915526815,0.3668791084473185,0.5794771793860334,2.525,soc_min,0.8574438941560745,2.525,soc_min,0.869028200074299,0.0,0.0
Note_3__smartphoneServerUdpRouter_dt1s,119.0,1.0,0.4,3.6944613445378156,0.17449575265805636,0.06979830106322255,D3_Cell01_eol,eol,0.6331208915526815,0.3668791084473185,0.5794771793860334,2.5244444444444443,soc_min,0.8451008753591415,2.525,soc_min,0.869028200074299,-0.0005555555555556424,-0.022002200220025442
Note_3__smartphoneServerUdpRouter_dt1s,119.0,1.0,0.6,3.6944613445378156,0.17449575265805636,0.10469745159483382,D3_Cell01_eol,eol,0.6331208915526815,0.3668791084473185,0.5794771793860334,2.5241666666666664,soc_min,0.8327382872082312,2.525,soc_min,0.869028200074299,-0.0008333333333334636,-0.03300330033003816
Note_3__smartphoneServerUdpRouter_dt1s,119.0,1.0,0.8,3.6944613445378156,0.17449575265805636,0.1395966021264451,D3_Cell01_eol,eol,0.6331208915526815,0.3668791084473185,0.5794771793860334,2.5233333333333334,soc_min,0.8203525700073255,2.525,soc_min,0.869028200074299,-0.0016666666666664831,-0.06600660066005874
Note_3__smartphoneServerUdpRouter_dt1s,119.0,1.0,1.0,3.6944613445378156,0.17449575265805636,0.17449575265805636,D3_Cell01_eol,eol,0.6331208915526815,0.3668791084473185,0.5794771793860334,2.522777777777778,soc_min,0.8079401243685683,2.525,soc_min,0.869028200074299,-0.0022222222222221255,-0.08800880088008418
Note_4__smartphoneBaseline_dt1s,59.0,1.0,0.0,1.356733898305085,0.04663535883378558,0.0,D3_Cell01_new,new,1.0,0.0,0.0,10.845,soc_min,0.9639870421580344,10.845,soc_min,0.9639870421580344,0.0,0.0
Note_4__smartphoneBaseline_dt1s,59.0,1.0,0.2,1.356733898305085,0.04663535883378558,0.009327071766757107,D3_Cell01_new,new,1.0,0.0,0.0,10.845,soc_min,0.962478472805472,10.845,soc_min,0.9639870421580344,0.0,0.0
Note_4__smartphoneBaseline_dt1s,59.0,1.0,0.4,1.356733898305085,0.04663535883378558,0.018654143533514234,D3_Cell01_new,new,1.0,0.0,0.0,10.845,soc_min,0.9609422572288073,10.845,soc_min,0.9639870421580344,0.0,0.0
Note_4__smartphoneBaseline_dt1s,59.0,1.0,0.6,1.356733898305085,0.04663535883378558,0.027981215300271346,D3_Cell01_new,new,1.0,0.0,0.0,10.845,soc_min,0.9594059640517701,10.845,soc_min,0.9639870421580344,0.0,0.0
Note_4__smartphoneBaseline_dt1s,59.0,1.0,0.8,1.356733898305085,0.04663535883378558,0.03730828706702847,D3_Cell01_new,new,1.0,0.0,0.0,10.844722222222222,soc_min,0.9578695857246426,10.845,soc_min,0.9639870421580344,-0.0002777777777787094,-0.0025613441934413035
Note_4__smartphoneBaseline_dt1s,59.0,1.0,1.0,1.356733898305085,0.04663535883378558,0.04663535883378558,D3_Cell01_new,new,1.0,0.0,0.0,10.844722222222222,soc_min,0.9563331146870591,10.845,soc_min,0.9639870421580344,-0.0002777777777787094,-0.0025613441934413035
Note_4__smartphoneBaseline_dt1s,59.0,1.0,0.0,1.356733898305085,0.04663535883378558,0.0,D3_Cell01_eol,eol,0.6331208915526815,0.3668791084473185,0.5794771793860334,7.026111111111111,soc_min,0.9475240953894164,7.026111111111111,soc_min,0.9475240953894164,0.0,0.0
Note_4__smartphoneBaseline_dt1s,59.0,1.0,0.2,1.356733898305085,0.04663535883378558,0.009327071766757107,D3_Cell01_eol,eol,0.6331208915526815,0.3668791084473185,0.5794771793860334,7.026111111111111,soc_min,0.9453498751947339,7.026111111111111,soc_min,0.9475240953894164,0.0,0.0
Note_4__smartphoneBaseline_dt1s,59.0,1.0,0.4,1.356733898305085,0.04663535883378558,0.018654143533514234,D3_Cell01_eol,eol,0.6331208915526815,0.3668791084473185,0.5794771793860334,7.026111111111111,soc_min,0.9431122553220125,7.026111111111111,soc_min,0.9475240953894164,0.0,0.0
Note_4__smartphoneBaseline_dt1s,59.0,1.0,0.6,1.356733898305085,0.04663535883378558,0.027981215300271346,D3_Cell01_eol,eol,0.6331208915526815,0.3668791084473185,0.5794771793860334,7.026111111111111,soc_min,0.9408744518491138,7.026111111111111,soc_min,0.9475240953894164,0.0,0.0
Note_4__smartphoneBaseline_dt1s,59.0,1.0,0.8,1.356733898305085,0.04663535883378558,0.03730828706702847,D3_Cell01_eol,eol,0.6331208915526815,0.3668791084473185,0.5794771793860334,7.026111111111111,soc_min,0.9386364467007058,7.026111111111111,soc_min,0.9475240953894164,0.0,0.0
Note_4__smartphoneBaseline_dt1s,59.0,1.0,1.0,1.356733898305085,0.04663535883378558,0.04663535883378558,D3_Cell01_eol,eol,0.6331208915526815,0.3668791084473185,0.5794771793860334,7.025833333333333,soc_min,0.9363982217591084,7.026111111111111,soc_min,0.9475240953894164,-0.0002777777777778212,-0.003953506760497179
Note_4__smartphoneClient3g_dt1s,7.0,1.0,0.0,6.981514285714285,0.12293853243077456,0.0,D3_Cell01_new,new,1.0,0.0,0.0,1.9803563429079107,cutoff,0.8591797354263483,1.9803563429079107,cutoff,0.8591797354263483,0.0,0.0
Note_4__smartphoneClient3g_dt1s,7.0,1.0,0.2,6.981514285714285,0.12293853243077456,0.024587706486154888,D3_Cell01_new,new,1.0,0.0,0.0,1.9761111111111112,cutoff,0.8548842020641627,1.9803563429079107,cutoff,0.8591797354263483,-0.004245231796799587,-0.21436706641219852
Note_4__smartphoneClient3g_dt1s,7.0,1.0,0.4,6.981514285714285,0.12293853243077456,0.04917541297230984,D3_Cell01_new,new,1.0,0.0,0.0,1.9704012692116337,cutoff,0.8507221217452863,1.9803563429079107,cutoff,0.8591797354263483,-0.009955073696277017,-0.5026910299213732
Note_4__smartphoneClient3g_dt1s,7.0,1.0,0.6,6.981514285714285,0.12293853243077456,0.07376311945846473,D3_Cell01_new,new,1.0,0.0,0.0,1.966388888888889,cutoff,0.8464177567523093,1.9803563429079107,cutoff,0.8591797354263483,-0.013967454019021774,-0.7053000369879029
Note_4__smartphoneClient3g_dt1s,7.0,1.0,0.8,6.981514285714285,0.12293853243077456,0.09835082594461968,D3_Cell01_new,new,1.0,0.0,0.0,1.9605555555555556,cutoff,0.8422572349581708,1.9803563429079107,cutoff,0.8591797354263483,-0.01980078735235513,-0.9998598193333277
Note_4__smartphoneClient3g_dt1s,7.0,1.0,1.0,6.981514285714285,0.12293853243077456,0.12293853243077456,D3_Cell01_new,new,1.0,0.0,0.0,1.9547222222222222,cutoff,0.838114516499258,1.9803563429079107,cutoff,0.8591797354263483,-0.02563412068568849,-1.2944196016787526
Note_4__smartphoneClient3g_dt1s,7.0,1.0,0.0,6.981514285714285,0.12293853243077456,0.0,D3_Cell01_eol,eol,0.6331208915526815,0.3668791084473185,0.5794771793860334,1.297976234067159,cutoff,0.7882430834092841,1.297976234067159,cutoff,0.7882430834092841,0.0,0.0
Note_4__smartphoneClient3g_dt1s,7.0,1.0,0.2,6.981514285714285,0.12293853243077456,0.024587706486154888,D3_Cell01_eol,eol,0.6331208915526815,0.3668791084473185,0.5794771793860334,1.2955555555555556,cutoff,0.7818597244040935,1.297976234067159,cutoff,0.7882430834092841,-0.0024206785116034357,-0.18649636627154043
Note_4__smartphoneClient3g_dt1s,7.0,1.0,0.4,6.981514285714285,0.12293853243077456,0.04917541297230984,D3_Cell01_eol,eol,0.6331208915526815,0.3668791084473185,0.5794771793860334,1.2916666666666667,cutoff,0.7758901509937748,1.297976234067159,cutoff,0.7882430834092841,-0.006309567400492266,-0.486108083868491
Note_4__smartphoneClient3g_dt1s,7.0,1.0,0.6,6.981514285714285,0.12293853243077456,0.07376311945846473,D3_Cell01_eol,eol,0.6331208915526815,0.3668791084473185,0.5794771793860334,1.2877777777777777,cutoff,0.7699071600040251,1.297976234067159,cutoff,0.7882430834092841,-0.010198456289381319,-0.7857198014654587
Note_4__smartphoneClient3g_dt1s,7.0,1.0,0.8,6.981514285714285,0.12293853243077456,0.09835082594461968,D3_Cell01_eol,eol,0.6331208915526815,0.3668791084473185,0.5794771793860334,1.2838888888888889,cutoff,0.763921181715321,1.297976234067159,cutoff,0.7882430834092841,-0.01408734517827015,-1.0853315190624093
Note_4__smartphoneClient3g_dt1s,7.0,1.0,1.0,6.981514285714285,0.12293853243077456,0.12293853243077456,D3_Cell01_eol,eol,0.6331208915526815,0.3668791084473185,0.5794771793860334,1.28,cutoff,0.7579633913100966,1.297976234067159,cutoff,0.7882430834092841,-0.01797623406715898,-1.38494323665936
Note_4__smartphoneClientBluetooth_dt1s,60.0,1.0,0.0,1.7421016666666664,0.14777076915822565,0.0,D3_Cell01_new,new,1.0,0.0,0.0,8.425277777777778,soc_min,0.9543860351772689,8.425277777777778,soc_min,0.9543860351772689,0.0,0.0
Note_4__smartphoneClientBluetooth_dt1s,60.0,1.0,0.2,1.7421016666666664,0.14777076915822565,0.029554153831645117,D3_Cell01_new,new,1.0,0.0,0.0,8.425,soc_min,0.950869248377106,8.425277777777778,soc_min,0.9543860351772689,-0.000277777777776933,-0.003296956908763176
Note_4__smartphoneClientBluetooth_dt1s,60.0,1.0,0.4,1.7421016666666664,0.14777076915822565,0.05910830766329026,D3_Cell01_new,new,1.0,0.0,0.0,8.424722222222222,soc_min,0.9472517006991028,8.425277777777778,soc_min,0.9543860351772689,-0.0005555555555556424,-0.006593913817547436
Note_4__smartphoneClientBluetooth_dt1s,60.0,1.0,0.6,1.7421016666666664,0.14777076915822565,0.0886624614949354,D3_Cell01_new,new,1.0,0.0,0.0,8.424444444444445,soc_min,0.9436328323997544,8.425277777777778,soc_min,0.9543860351772689,-0.0008333333333325754,-0.009890870726310612
Note_4__smartphoneClientBluetooth_dt1s,60.0,1.0,0.8,1.7421016666666664,0.14777076915822565,0.11821661532658051,D3_Cell01_new,new,1.0,0.0,0.0,8.42388888888889,soc_min,0.9400124172889919,8.425277777777778,soc_min,0.9543860351772689,-0.0013888888888882178,-0.016484784543858048
Note_4__smartphoneClientBluetooth_dt1s,60.0,1.0,1.0,1.7421016666666664,0.14777076915822565,0.14777076915822565,D3_Cell01_new,new,1.0,0.0,0.0,8.423055555555555,soc_min,0.9363902282231313,8.425277777777778,soc_min,0.9543860351772689,-0.0022222222222225696,-0.026375655270189743
Note_4__smartphoneClientBluetooth_dt1s,60.0,1.0,0.0,1.7421016666666664,0.14777076915822565,0.0,D3_Cell01_eol,eol,0.6331208915526815,0.3668791084473185,0.5794771793860334,5.451388888888889,soc_min,0.933509533866182,5.451388888888889,soc_min,0.933509533866182,0.0,0.0
Note_4__smartphoneClientBluetooth_dt1s,60.0,1.0,0.2,1.7421016666666664,0.14777076915822565,0.029554153831645117,D3_Cell01_eol,eol,0.6331208915526815,0.3668791084473185,0.5794771793860334,5.451388888888889,soc_min,0.9283403602255685,5.451388888888889,soc_min,0.933509533866182,0.0,0.0
Note_4__smartphoneClientBluetooth_dt1s,60.0,1.0,0.4,1.7421016666666664,0.14777076915822565,0.05910830766329026,D3_Cell01_eol,eol,0.6331208915526815,0.3668791084473185,0.5794771793860334,5.4511111111111115,soc_min,0.9230756587065642,5.451388888888889,soc_min,0.933509533866182,-0.0002777777777778212,-0.005095541401274681
Note_4__smartphoneClientBluetooth_dt1s,60.0,1.0,0.6,1.7421016666666664,0.14777076915822565,0.0886624614949354,D3_Cell01_eol,eol,0.6331208915526815,0.3668791084473185,0.5794771793860334,5.450833333333334,soc_min,0.9177953747834087,5.451388888888889,soc_min,0.933509533866182,-0.0005555555555556424,-0.010191082802549363
Note_4__smartphoneClientBluetooth_dt1s,60.0,1.0,0.8,1.7421016666666664,0.14777076915822565,0.11821661532658051,D3_Cell01_eol,eol,0.6331208915526815,0.3668791084473185,0.5794771793860334,5.450277777777778,soc_min,0.9125112907116901,5.451388888888889,soc_min,0.933509533866182,-0.0011111111111112848,-0.020382165605098725
Note_4__smartphoneClientBluetooth_dt1s,60.0,1.0,1.0,1.7421016666666664,0.14777076915822565,0.14777076915822565,D3_Cell01_eol,eol,0.6331208915526815,0.3668791084473185,0.5794771793860334,5.449722222222222,soc_min,0.9072228524004562,5.451388888888889,soc_min,0.933509533866182,-0.0016666666666669272,-0.03057324840764809
Note_4__smartphoneClientTcpDirect_dt1s,119.0,1.0,0.0,5.685214285714285,0.11736315351514752,0.0,D3_Cell01_new,new,1.0,0.0,0.0,2.4748060546500135,cutoff,0.8764546238215574,2.4748060546500135,cutoff,0.8764546238215574,0.0,0.0
Note_4__smartphoneClientTcpDirect_dt1s,119.0,1.0,0.2,5.685214285714285,0.11736315351514752,0.023472630703029497,D3_Cell01_new,new,1.0,0.0,0.0,2.4719444444444445,cutoff,0.8718877668337198,2.4748060546500135,cutoff,0.8764546238215574,-0.002861610205568965,-0.11562967531100748
Note_4__smartphoneClientTcpDirect_dt1s,119.0,1.0,0.4,5.685214285714285,0.11736315351514752,0.046945261406058994,D3_Cell01_new,new,1.0,0.0,0.0,2.4691666666666667,cutoff,0.8657251033360281,2.4748060546500135,cutoff,0.8764546238215574,-0.005639387983346733,-0.22787191637706955
Note_4__smartphoneClientTcpDirect_dt1s,119.0,1.0,0.6,5.685214285714285,0.11736315351514752,0.07041789210908851,D3_Cell01_new,new,1.0,0.0,0.0,2.4644444444444447,cutoff,0.8595588736193739,2.4748060546500135,cutoff,0.8764546238215574,-0.010361610205568805,-0.4186837261893697
Note_4__smartphoneClientTcpDirect_dt1s,119.0,1.0,0.8,5.685214285714285,0.11736315351514752,0.093890522812118,D3_Cell01_new,new,1.0,0.0,0.0,2.4433333333333334,cutoff,0.853388697596572,2.4748060546500135,cutoff,0.8764546238215574,-0.03147272131668011,-1.2717247582914522
Note_4__smartphoneClientTcpDirect_dt1s,119.0,1.0,1.0,5.685214285714285,0.11736315351514752,0.11736315351514752,D3_Cell01_new,new,1.0,0.0,0.0,2.4433333333333334,cutoff,0.8472141952556577,2.4748060546500135,cutoff,0.8764546238215574,-0.03147272131668011,-1.2717247582914522
Note_4__smartphoneClientTcpDirect_dt1s,119.0,1.0,0.0,5.685214285714285,0.11736315351514752,0.0,D3_Cell01_eol,eol,0.6331208915526815,0.3668791084473185,0.5794771793860334,1.6144444444444443,soc_min,0.8152911895108248,1.6144444444444443,soc_min,0.8152911895108248,0.0,0.0
Note_4__smartphoneClientTcpDirect_dt1s,119.0,1.0,0.2,5.685214285714285,0.11736315351514752,0.023472630703029497,D3_Cell01_eol,eol,0.6331208915526815,0.3668791084473185,0.5794771793860334,1.6144444444444443,soc_min,0.8095804558816777,1.6144444444444443,soc_min,0.8152911895108248,0.0,0.0
Note_4__smartphoneClientTcpDirect_dt1s,119.0,1.0,0.4,5.685214285714285,0.11736315351514752,0.046945261406058994,D3_Cell01_eol,eol,0.6331208915526815,0.3668791084473185,0.5794771793860334,1.6144444444444443,soc_min,0.8016516609661526,1.6144444444444443,soc_min,0.8152911895108248,0.0,0.0
Note_4__smartphoneClientTcpDirect_dt1s,119.0,1.0,0.6,5.685214285714285,0.11736315351514752,0.07041789210908851,D3_Cell01_eol,eol,0.6331208915526815,0.3668791084473185,0.5794771793860334,1.6141666666666667,soc_min,0.7925305298308654,1.6144444444444443,soc_min,0.8152911895108248,-0.00027777777777759916,-0.017205781142452806
Note_4__smartphoneClientTcpDirect_dt1s,119.0,1.0,0.8,5.685214285714285,0.11736315351514752,0.093890522812118,D3_Cell01_eol,eol,0.6331208915526815,0.3668791084473185,0.5794771793860334,1.613888888888889,soc_min,0.7833967455441737,1.6144444444444443,soc_min,0.8152911895108248,-0.0005555555555554204,-0.034411562284919366
Note_4__smartphoneClientTcpDirect_dt1s,119.0,1.0,1.0,5.685214285714285,0.11736315351514752,0.11736315351514752,D3_Cell01_eol,eol,0.6331208915526815,0.3668791084473185,0.5794771793860334,1.6097222222222223,cutoff,0.774244688954368,1.6144444444444443,soc_min,0.8152911895108248,-0.004722222222222072,-0.2924982794218765
Note_4__smartphoneClientTcpRouter_dt1s,119.0,1.0,0.0,4.300903361344538,0.2763341813715455,0.0,D3_Cell01_new,new,1.0,0.0,0.0,3.337853749868979,cutoff,0.899072476707628,3.337853749868979,cutoff,0.899072476707628,0.0,0.0
Note_4__smartphoneClientTcpRouter_dt1s,119.0,1.0,0.2,4.300903361344538,0.2763341813715455,0.055266836274309096,D3_Cell01_new,new,1.0,0.0,0.0,3.318888888888889,cutoff,0.8857516463408782,3.337853749868979,cutoff,0.899072476707628,-0.01896486098008987,-0.568175312679122
Note_4__smartphoneClientTcpRouter_dt1s,119.0,1.0,0.4,4.300903361344538,0.2763341813715455,0.11053367254861819,D3_Cell01_new,new,1.0,0.0,0.0,3.3027777777777776,cutoff,0.8725702339492443,3.337853749868979,cutoff,0.899072476707628,-0.03507597209120128,-1.0508540732971934
Note_4__smartphoneClientTcpRouter_dt1s,119.0,1.0,0.6,4.300903361344538,0.2763341813715455,0.1658005088229273,D3_Cell01_new,new,1.0,0.0,0.0,3.285833333333333,cutoff,0.859258570519019,3.337853749868979,cutoff,0.899072476707628,-0.05202041653564571,-1.558498976705845
Note_4__smartphoneClientTcpRouter_dt1s,119.0,1.0,0.8,4.300903361344538,0.2763341813715455,0.22106734509723638,D3_Cell01_new,new,1.0,0.0,0.0,3.2527777777777778,cutoff,0.8469195682096674,3.337853749868979,cutoff,0.899072476707628,-0.0850759720912011,-2.5488226407325545
Note_4__smartphoneClientTcpRouter_dt1s,119.0,1.0,1.0,4.300903361344538,0.2763341813715455,0.2763341813715455,D3_Cell01_new,new,1.0,0.0,0.0,3.2198562790322924,cutoff,0.8346801905458381,3.337853749868979,cutoff,0.899072476707628,-0.11799747083668644,-3.535130047004552
Note_4__smartphoneClientTcpRouter_dt1s,119.0,1.0,0.0,4.300903361344538,0.2763341813715455,0.0,D3_Cell01_eol,eol,0.6331208915526815,0.3668791084473185,0.5794771793860334,2.1577777777777776,soc_min,0.8513315768575089,2.1577777777777776,soc_min,0.8513315768575089,0.0,0.0
Note_4__smartphoneClientTcpRouter_dt1s,119.0,1.0,0.2,4.300903361344538,0.2763341813715455,0.055266836274309096,D3_Cell01_eol,eol,0.6331208915526815,0.3668791084473185,0.5794771793860334,2.1575,soc_min,0.8319400404840174,2.1577777777777776,soc_min,0.8513315768575089,-0.0002777777777773771,-0.01287332646754065
Note_4__smartphoneClientTcpRouter_dt1s,119.0,1.0,0.4,4.300903361344538,0.2763341813715455,0.11053367254861819,D3_Cell01_eol,eol,0.6331208915526815,0.3668791084473185,0.5794771793860334,2.1569444444444446,soc_min,0.8113497364711505,2.1577777777777776,soc_min,0.8513315768575089,-0.0008333333333330195,-0.03861997940266311
Note_4__smartphoneClientTcpRouter_dt1s,119.0,1.0,0.6,4.300903361344538,0.2763341813715455,0.1658005088229273,D3_Cell01_eol,eol,0.6331208915526815,0.3668791084473185,0.5794771793860334,2.1555555555555554,soc_min,0.7906898932386326,2.1577777777777776,soc_min,0.8513315768575089,-0.0022222222222221255,-0.10298661174046926
Note_4__smartphoneClientTcpRouter_dt1s,119.0,1.0,0.8,4.300903361344538,0.2763341813715455,0.22106734509723638,D3_Cell01_eol,eol,0.6331208915526815,0.3668791084473185,0.5794771793860334,2.1458333333333335,cutoff,0.7699433582109294,2.1577777777777776,soc_min,0.8513315768575089,-0.011944444444444091,-0.55355303810503
Note_4__smartphoneClientTcpRouter_dt1s,119.0,1.0,1.0,4.300903361344538,0.2763341813715455,0.2763341813715455,D3_Cell01_eol,eol,0.6331208915526815,0.3668791084473185,0.5794771793860334,2.128888888888889,cutoff,0.751251924985936,2.1577777777777776,soc_min,0.8513315768575089,-0.02888888888888852,-1.3388259526261417
Note_4__smartphoneClientUdpDirect_dt1s,119.0,1.0,0.0,5.435554621848739,0.13086198553051115,0.0,D3_Cell01_new,new,1.0,0.0,0.0,2.597748218801973,cutoff,0.8802172735551591,2.597748218801973,cutoff,0.8802172735551591,0.0,0.0
Note_4__smartphoneClientUdpDirect_dt1s,119.0,1.0,0.2,5.435554621848739,0.13086198553051115,0.026172397106102235,D3_Cell01_new,new,1.0,0.0,0.0,2.595,cutoff,0.8744839411842837,2.597748218801973,cutoff,0.8802172735551591,-0.002748218801972957,-0.10579234669787889
Note_4__smartphoneClientUdpDirect_dt1s,119.0,1.0,0.4,5.435554621848739,0.13086198553051115,0.05234479421220447,D3_Cell01_new,new,1.0,0.0,0.0,2.584722222222222,cutoff,0.8678723661248698,2.597748218801973,cutoff,0.8802172735551591,-0.013025996579751009,-0.5014341453675724
Note_4__smartphoneClientUdpDirect_dt1s,119.0,1.0,0.6,5.435554621848739,0.13086198553051115,0.07851719131830669,D3_Cell01_new,new,1.0,0.0,0.0,2.5797222222222222,cutoff,0.8612562057289027,2.597748218801973,cutoff,0.8802172735551591,-0.018025996579750903,-0.6939085339095762
Note_4__smartphoneClientUdpDirect_dt1s,119.0,1.0,0.8,5.435554621848739,0.13086198553051115,0.10468958842440894,D3_Cell01_new,new,1.0,0.0,0.0,2.5654461280764096,cutoff,0.8564583127360769,2.597748218801973,cutoff,0.8802172735551591,-0.03230209072556356,-1.2434650322062621
Note_4__smartphoneClientUdpDirect_dt1s,119.0,1.0,1.0,5.435554621848739,0.13086198553051115,0.13086198553051115,D3_Cell01_new,new,1.0,0.0,0.0,2.5652777777777778,cutoff,0.8499188551222724,2.597748218801973,cutoff,0.8802172735551591,-0.032470441024195384,-1.2499456563642672
Note_4__smartphoneClientUdpDirect_dt1s,119.0,1.0,0.0,5.435554621848739,0.13086198553051115,0.0,D3_Cell01_eol,eol,0.6331208915526815,0.3668791084473185,0.5794771793860334,1.6919444444444445,soc_min,0.8213172253766292,1.6919444444444445,soc_min,0.8213172253766292,0.0,0.0
Note_4__smartphoneClientUdpDirect_dt1s,119.0,1.0,0.2,5.435554621848739,0.13086198553051115,0.026172397106102235,D3_Cell01_eol,eol,0.6331208915526815,0.3668791084473185,0.5794771793860334,1.6919444444444445,soc_min,0.8121242437927123,1.6919444444444445,soc_min,0.8213172253766292,0.0,0.0
Note_4__smartphoneClientUdpDirect_dt1s,119.0,1.0,0.4,5.435554621848739,0.13086198553051115,0.05234479421220447,D3_Cell01_eol,eol,0.6331208915526815,0.3668791084473185,0.5794771793860334,1.6916666666666667,soc_min,0.8022157275547743,1.6919444444444445,soc_min,0.8213172253766292,-0.0002777777777778212,-0.016417665407981553
Note_4__smartphoneClientUdpDirect_dt1s,119.0,1.0,0.6,5.435554621848739,0.13086198553051115,0.07851719131830669,D3_Cell01_eol,eol,0.6331208915526815,0.3668791084473185,0.5794771793860334,1.6913888888888888,soc_min,0.7922906922741535,1.6919444444444445,soc_min,0.8213172253766292,-0.0005555555555556424,-0.032835330815963105
Note_4__smartphoneClientUdpDirect_dt1s,119.0,1.0,0.8,5.435554621848739,0.13086198553051115,0.10468958842440894,D3_Cell01_eol,eol,0.6331208915526815,0.3668791084473185,0.5794771793860334,1.6872222222222222,cutoff,0.7823471210267837,1.6919444444444445,soc_min,0.8213172253766292,-0.004722222222222294,-0.279100311935647
Note_4__smartphoneClientUdpDirect_dt1s,119.0,1.0,1.0,5.435554621848739,0.13086198553051115,0.13086198553051115,D3_Cell01_eol,eol,0.6331208915526815,0.3668791084473185,0.5794771793860334,1.6872222222222222,cutoff,0.7723829950143396,1.6919444444444445,soc_min,0.8213172253766292,-0.004722222222222294,-0.279100311935647
Note_4__smartphoneClientUdpRouter_dt1s,119.0,1.0,0.0,4.4676277310924375,0.2393632701047453,0.0,D3_Cell01_new,new,1.0,0.0,0.0,3.2054556120179223,cutoff,0.8961159535013197,3.2054556120179223,cutoff,0.8961159535013197,0.0,0.0
Note_4__smartphoneClientUdpRouter_dt1s,119.0,1.0,0.2,4.4676277310924375,0.2393632701047453,0.04787265402094907,D3_Cell01_new,new,1.0,0.0,0.0,3.1944444444444446,cutoff,0.8837561805616968,3.2054556120179223,cutoff,0.8961159535013197,-0.011011167573477643,-0.3435133380788203
Note_4__smartphoneClientUdpRouter_dt1s,119.0,1.0,0.4,4.4676277310924375,0.2393632701047453,0.09574530804189815,D3_Cell01_new,new,1.0,0.0,0.0,3.182777777777778,cutoff,0.8719942492408539,3.2054556120179223,cutoff,0.8961159535013197,-0.022677834240144357,-0.7074761589310556
Note_4__smartphoneClientUdpRouter_dt1s,119.0,1.0,0.6,4.4676277310924375,0.2393632701047453,0.1436179620628472,D3_Cell01_new,new,1.0,0.0,0.0,3.15,cutoff,0.8589043869488229,3.2054556120179223,cutoff,0.8961159535013197,-0.05545561201792237,-1.7300383698968629
Note_4__smartphoneClientUdpRouter_dt1s,119.0,1.0,0.8,4.4676277310924375,0.2393632701047453,0.19149061608379628,D3_Cell01_new,new,1.0,0.0,0.0,3.1347222222222224,cutoff,0.8473789844825531,3.2054556120179223,cutoff,0.8961159535013197,-0.07073338979569987,-2.2066563495843035
Note_4__smartphoneClientUdpRouter_dt1s,119.0,1.0,1.0,4.4676277310924375,0.2393632701047453,0.2393632701047453,D3_Cell01_new,new,1.0,0.0,0.0,3.1169444444444445,cutoff,0.8343875065204333,3.2054556120179223,cutoff,0.8961159535013197,-0.08851116757347777,-2.7612663623115203
Note_4__smartphoneClientUdpRouter_dt1s,119.0,1.0,0.0,4.4676277310924375,0.2393632701047453,0.0,D3_Cell01_eol,eol,0.6331208915526815,0.3668791084473185,0.5794771793860334,2.0744444444444445,soc_min,0.8466595684059793,2.0744444444444445,soc_min,0.8466595684059793,0.0,0.0
Note_4__smartphoneClientUdpRouter_dt1s,119.0,1.0,0.2,4.4676277310924375,0.2393632701047453,0.04787265402094907,D3_Cell01_eol,eol,0.6331208915526815,0.3668791084473185,0.5794771793860334,2.0741666666666667,soc_min,0.8287641220041704,2.0744444444444445,soc_min,0.8466595684059793,-0.0002777777777778212,-0.013390465988218482
Note_4__smartphoneClientUdpRouter_dt1s,119.0,1.0,0.4,4.4676277310924375,0.2393632701047453,0.09574530804189815,D3_Cell01_eol,eol,0.6331208915526815,0.3668791084473185,0.5794771793860334,2.073611111111111,soc_min,0.8092539625428888,2.0744444444444445,soc_min,0.8466595684059793,-0.0008333333333334636,-0.04017139796465545
Note_4__smartphoneClientUdpRouter_dt1s,119.0,1.0,0.6,4.4676277310924375,0.2393632701047453,0.1436179620628472,D3_Cell01_eol,eol,0.6331208915526815,0.3668791084473185,0.5794771793860334,2.0727777777777776,soc_min,0.7896869298158758,2.0744444444444445,soc_min,0.8466595684059793,-0.0016666666666669272,-0.0803427959293109
Note_4__smartphoneClientUdpRouter_dt1s,119.0,1.0,0.8,4.4676277310924375,0.2393632701047453,0.19149061608379628,D3_Cell01_eol,eol,0.6331208915526815,0.3668791084473185,0.5794771793860334,2.0594107102103294,cutoff,0.7700506354156498,2.0744444444444445,soc_min,0.8466595684059793,-0.015033734234115137,-0.7247113449760912
Note_4__smartphoneClientUdpRouter_dt1s,119.0,1.0,1.0,4.4676277310924375,0.2393632701047453,0.2393632701047453,D3_Cell01_eol,eol,0.6331208915526815,0.3668791084473185,0.5794771793860334,2.0591666666666666,cutoff,0.7503324394175878,2.0744444444444445,soc_min,0.8466595684059793,-0.015277777777777946,-0.7364756293519095
Note_4__smartphoneServer3g_dt1s,6.0,1.0,0.0,9.10575,0.13993998158495805,0.0,D3_Cell01_new,new,1.0,0.0,0.0,1.4817937820582932,cutoff,0.8356691467389361,1.4817937820582932,cutoff,0.8356691467389361,0.0,0.0
Note_4__smartphoneServer3g_dt1s,6.0,1.0,0.2,9.10575,0.13993998158495805,0.027987996316991587,D3_Cell01_new,new,1.0,0.0,0.0,1.4736111111111112,cutoff,0.8265984343352081,1.4817937820582932,cutoff,0.8356691467389361,-0.008182670947181947,-0.5522138806532018
Note_4__smartphoneServer3g_dt1s,6.0,1.0,0.4,9.10575,0.13993998158495805,0.05597599263398321,D3_Cell01_new,new,1.0,0.0,0.0,1.4637784209617142,cutoff,0.817523315366525,1.4817937820582932,cutoff,0.8356691467389361,-0.018015361096578975,-1.215780583959169
Note_4__smartphoneServer3g_dt1s,6.0,1.0,0.6,9.10575,0.13993998158495805,0.08396398895097482,D3_Cell01_new,new,1.0,0.0,0.0,1.4552777777777777,cutoff,0.8084482875682709,1.4817937820582932,cutoff,0.8356691467389361,-0.02651600428051548,-1.7894530670579067
Note_4__smartphoneServer3g_dt1s,6.0,1.0,0.8,9.10575,0.13993998158495805,0.11195198526796647,D3_Cell01_new,new,1.0,0.0,0.0,1.4436263558418545,cutoff,0.7993733507863199,1.4817937820582932,cutoff,0.8356691467389361,-0.03816742621643865,-2.575758292319326
Note_4__smartphoneServer3g_dt1s,6.0,1.0,1.0,9.10575,0.13993998158495805,0.13993998158495805,D3_Cell01_new,new,1.0,0.0,0.0,1.4321043813996956,cutoff,0.7902985048731584,1.4817937820582932,cutoff,0.8356691467389361,-0.049689400658597505,-3.3533276532970864
Note_4__smartphoneServer3g_dt1s,6.0,1.0,0.0,9.10575,0.13993998158495805,0.0,D3_Cell01_eol,eol,0.6331208915526815,0.3668791084473185,0.5794771793860334,0.9651345964597902,cutoff,0.7403941348645691,0.9651345964597902,cutoff,0.7403941348645691,0.0,0.0
Note_4__smartphoneServer3g_dt1s,6.0,1.0,0.2,9.10575,0.13993998158495805,0.027987996316991587,D3_Cell01_eol,eol,0.6331208915526815,0.3668791084473185,0.5794771793860334,0.9602777777777778,cutoff,0.726062243341032,0.9651345964597902,cutoff,0.7403941348645691,-0.004856818682012376,-0.5032270835412668
Note_4__smartphoneServer3g_dt1s,6.0,1.0,0.4,9.10575,0.13993998158495805,0.05597599263398321,D3_Cell01_eol,eol,0.6331208915526815,0.3668791084473185,0.5794771793860334,0.9536111111111111,cutoff,0.7117262327539238,0.9651345964597902,cutoff,0.7403941348645691,-0.011523485348679086,-1.1939770256861972
Note_4__smartphoneServer3g_dt1s,6.0,1.0,0.6,9.10575,0.13993998158495805,0.08396398895097482,D3_Cell01_eol,eol,0.6331208915526815,0.3668791084473185,0.5794771793860334,0.9452777777777778,cutoff,0.697390384368596,0.9651345964597902,cutoff,0.7403941348645691,-0.01985681868201239,-2.0574144533673517
Note_4__smartphoneServer3g_dt1s,6.0,1.0,0.8,9.10575,0.13993998158495805,0.11195198526796647,D3_Cell01_eol,eol,0.6331208915526815,0.3668791084473185,0.5794771793860334,0.9370995875361392,cutoff,0.6830546891819868,0.9651345964597902,cutoff,0.7403941348645691,-0.02803500892365096,-2.9047771188066585
Note_4__smartphoneServer3g_dt1s,6.0,1.0,1.0,9.10575,0.13993998158495805,0.13993998158495805,D3_Cell01_eol,eol,0.6331208915526815,0.3668791084473185,0.5794771793860334,0.9286111111111112,cutoff,0.6687191380157658,0.9651345964597902,cutoff,0.7403941348645691,-0.036523485348679,-3.784289308729661
Note_4__smartphoneServerBluetooth_dt1s,60.0,1.0,0.0,2.0286216666666665,0.16181471852742244,0.0,D3_Cell01_new,new,1.0,0.0,0.0,7.222222222222222,soc_min,0.9474346268762632,7.222222222222222,soc_min,0.9474346268762632,0.0,0.0
Note_4__smartphoneServerBluetooth_dt1s,60.0,1.0,0.2,2.0286216666666665,0.16181471852742244,0.032362943705484475,D3_Cell01_new,new,1.0,0.0,0.0,7.2219444444444445,soc_min,0.941275048753299,7.222222222222222,soc_min,0.9474346268762632,-0.0002777777777778212,-0.0038461538461544474
Note_4__smartphoneServerBluetooth_dt1s,60.0,1.0,0.4,2.0286216666666665,0.16181471852742244,0.06472588741096896,D3_Cell01_new,new,1.0,0.0,0.0,7.2219444444444445,soc_min,0.9349820438126324,7.222222222222222,soc_min,0.9474346268762632,-0.0002777777777778212,-0.0038461538461544474
Note_4__smartphoneServerBluetooth_dt1s,60.0,1.0,0.6,2.0286216666666665,0.16181471852742244,0.09708883111645343,D3_Cell01_new,new,1.0,0.0,0.0,7.221388888888889,soc_min,0.9286864580906372,7.222222222222222,soc_min,0.9474346268762632,-0.0008333333333334636,-0.011538461538463341
Note_4__smartphoneServerBluetooth_dt1s,60.0,1.0,0.8,2.0286216666666665,0.16181471852742244,0.12945177482193793,D3_Cell01_new,new,1.0,0.0,0.0,7.220833333333333,soc_min,0.9223877470788215,7.222222222222222,soc_min,0.9474346268762632,-0.001388888888889106,-0.019230769230772236
Note_4__smartphoneServerBluetooth_dt1s,60.0,1.0,1.0,2.0286216666666665,0.16181471852742244,0.16181471852742244,D3_Cell01_new,new,1.0,0.0,0.0,7.220277777777778,soc_min,0.9160853629642821,7.222222222222222,soc_min,0.9474346268762632,-0.0019444444444447484,-0.026923076923081133
Note_4__smartphoneServerBluetooth_dt1s,60.0,1.0,0.0,2.0286216666666665,0.16181471852742244,0.0,D3_Cell01_eol,eol,0.6331208915526815,0.3668791084473185,0.5794771793860334,4.668611111111111,soc_min,0.923356417490514,4.668611111111111,soc_min,0.923356417490514,0.0,0.0
Note_4__smartphoneServerBluetooth_dt1s,60.0,1.0,0.2,2.0286216666666665,0.16181471852742244,0.032362943705484475,D3_Cell01_eol,eol,0.6331208915526815,0.3668791084473185,0.5794771793860334,4.668611111111111,soc_min,0.9144221410756517,4.668611111111111,soc_min,0.923356417490514,0.0,0.0
Note_4__smartphoneServerBluetooth_dt1s,60.0,1.0,0.4,2.0286216666666665,0.16181471852742244,0.06472588741096896,D3_Cell01_eol,eol,0.6331208915526815,0.3668791084473185,0.5794771793860334,4.668333333333333,soc_min,0.9052489921129309,4.668611111111111,soc_min,0.923356417490514,-0.0002777777777778212,-0.005949901826620791
Note_4__smartphoneServerBluetooth_dt1s,60.0,1.0,0.6,2.0286216666666665,0.16181471852742244,0.09708883111645343,D3_Cell01_eol,eol,0.6331208915526815,0.3668791084473185,0.5794771793860334,4.668055555555555,soc_min,0.8960696238051122,4.668611111111111,soc_min,0.923356417490514,-0.0005555555555556424,-0.011899803653241583
Note_4__smartphoneServerBluetooth_dt1s,60.0,1.0,0.8,2.0286216666666665,0.16181471852742244,0.12945177482193793,D3_Cell01_eol,eol,0.6331208915526815,0.3668791084473185,0.5794771793860334,4.667222222222223,soc_min,0.8868827040094213,4.668611111111111,soc_min,0.923356417490514,-0.0013888888888882178,-0.029749509133084932
Note_4__smartphoneServerBluetooth_dt1s,60.0,1.0,1.0,2.0286216666666665,0.16181471852742244,0.16181471852742244,D3_Cell01_eol,eol,0.6331208915526815,0.3668791084473185,0.5794771793860334,4.666388888888889,soc_min,0.8776868876941695,4.668611111111111,soc_min,0.923356417490514,-0.0022222222222216814,-0.047599214612947305
Note_4__smartphoneServerTcpDirect_dt1s,119.0,1.0,0.0,3.9982647058823533,0.13799591752461754,0.0,D3_Cell01_new,new,1.0,0.0,0.0,3.606796018983092,cutoff,0.904618687851817,3.606796018983092,cutoff,0.904618687851817,0.0,0.0
Note_4__smartphoneServerTcpDirect_dt1s,119.0,1.0,0.2,3.9982647058823533,0.13799591752461754,0.027599183504923505,D3_Cell01_new,new,1.0,0.0,0.0,3.6005555555555557,cutoff,0.8996126012747128,3.606796018983092,cutoff,0.904618687851817,-0.006240463427536369,-0.17301958288441882
Note_4__smartphoneServerTcpDirect_dt1s,119.0,1.0,0.4,3.9982647058823533,0.13799591752461754,0.05519836700984701,D3_Cell01_new,new,1.0,0.0,0.0,3.5944444444444446,cutoff,0.8954566905567831,3.606796018983092,cutoff,0.904618687851817,-0.012351574538647547,-0.34245281611822276
Note_4__smartphoneServerTcpDirect_dt1s,119.0,1.0,0.6,3.9982647058823533,0.13799591752461754,0.0827975505147705,D3_Cell01_new,new,1.0,0.0,0.0,3.5925989165895666,cutoff,0.8902409560022054,3.606796018983092,cutoff,0.904618687851817,-0.014197102393525451,-0.39362088454140565
Note_4__smartphoneServerTcpDirect_dt1s,119.0,1.0,0.8,3.9982647058823533,0.13799591752461754,0.11039673401969405,D3_Cell01_new,new,1.0,0.0,0.0,3.5877777777777777,cutoff,0.8850207629139376,3.606796018983092,cutoff,0.904618687851817,-0.019018241205314368,-0.527289070555102
Note_4__smartphoneServerTcpDirect_dt1s,119.0,1.0,1.0,3.9982647058823533,0.13799591752461754,0.13799591752461754,D3_Cell01_new,new,1.0,0.0,0.0,3.5675,cutoff,0.8800616939529964,3.606796018983092,cutoff,0.904618687851817,-0.03929601898309221,-1.0894993444672652
Note_4__smartphoneServerTcpDirect_dt1s,119.0,1.0,0.0,3.9982647058823533,0.13799591752461754,0.0,D3_Cell01_eol,eol,0.6331208915526815,0.3668791084473185,0.5794771793860334,2.3272222222222223,soc_min,0.8600039853868537,2.3272222222222223,soc_min,0.8600039853868537,0.0,0.0
Note_4__smartphoneServerTcpDirect_dt1s,119.0,1.0,0.2,3.9982647058823533,0.13799591752461754,0.027599183504923505,D3_Cell01_eol,eol,0.6331208915526815,0.3668791084473185,0.5794771793860334,2.3272222222222223,soc_min,0.8536294823680651,2.3272222222222223,soc_min,0.8600039853868537,0.0,0.0
Note_4__smartphoneServerTcpDirect_dt1s,119.0,1.0,0.4,3.9982647058823533,0.13799591752461754,0.05519836700984701,D3_Cell01_eol,eol,0.6331208915526815,0.3668791084473185,0.5794771793860334,2.3269444444444445,soc_min,0.8459436749822467,2.3272222222222223,soc_min,0.8600039853868537,-0.0002777777777778212,-0.011936022917165867
Note_4__smartphoneServerTcpDirect_dt1s,119.0,1.0,0.6,3.9982647058823533,0.13799591752461754,0.0827975505147705,D3_Cell01_eol,eol,0.6331208915526815,0.3668791084473185,0.5794771793860334,2.3266666666666667,soc_min,0.8382465578286179,2.3272222222222223,soc_min,0.8600039853868537,-0.0005555555555556424,-0.023872045834331734
Note_4__smartphoneServerTcpDirect_dt1s,119.0,1.0,0.8,3.9982647058823533,0.13799591752461754,0.11039673401969405,D3_Cell01_eol,eol,0.6331208915526815,0.3668791084473185,0.5794771793860334,2.326388888888889,soc_min,0.830536719655631,2.3272222222222223,soc_min,0.8600039853868537,-0.0008333333333334636,-0.0358080687514976
Note_4__smartphoneServerTcpDirect_dt1s,119.0,1.0,1.0,3.9982647058823533,0.13799591752461754,0.13799591752461754,D3_Cell01_eol,eol,0.6331208915526815,0.3668791084473185,0.5794771793860334,2.325833333333333,soc_min,0.8228127440226805,2.3272222222222223,soc_min,0.8600039853868537,-0.001388888888889106,-0.05968011458582933
Note_4__smartphoneServerTcpRouter_dt1s,119.0,1.0,0.0,3.447457983193278,0.22122866347573436,0.0,D3_Cell01_new,new,1.0,0.0,0.0,4.214166666666666,soc_min,0.9154037754955473,4.214166666666666,soc_min,0.9154037754955473,0.0,0.0
Note_4__smartphoneServerTcpRouter_dt1s,119.0,1.0,0.2,3.447457983193278,0.22122866347573436,0.04424573269514687,D3_Cell01_new,new,1.0,0.0,0.0,4.2075,cutoff,0.9052138046169734,4.214166666666666,soc_min,0.9154037754955473,-0.006666666666666821,-0.15819655922484052
Note_4__smartphoneServerTcpRouter_dt1s,119.0,1.0,0.4,3.447457983193278,0.22122866347573436,0.08849146539029373,D3_Cell01_new,new,1.0,0.0,0.0,4.187777777777778,cutoff,0.8946973432903278,4.214166666666666,soc_min,0.9154037754955473,-0.026388888888888573,-0.6261947135983051
Note_4__smartphoneServerTcpRouter_dt1s,119.0,1.0,0.6,3.447457983193278,0.22122866347573436,0.13273719808544063,D3_Cell01_new,new,1.0,0.0,0.0,4.174444444444444,cutoff,0.885098516838828,4.214166666666666,soc_min,0.9154037754955473,-0.039722222222222214,-0.9425878320479861
Note_4__smartphoneServerTcpRouter_dt1s,119.0,1.0,0.8,3.447457983193278,0.22122866347573436,0.17698293078058752,D3_Cell01_new,new,1.0,0.0,0.0,4.154722222222222,cutoff,0.8744765213599449,4.214166666666666,soc_min,0.9154037754955473,-0.05944444444444397,-1.4105859864214507
Note_4__smartphoneServerTcpRouter_dt1s,119.0,1.0,1.0,3.447457983193278,0.22122866347573436,0.22122866347573436,D3_Cell01_new,new,1.0,0.0,0.0,4.121666666666667,cutoff,0.8650591809547904,4.214166666666666,soc_min,0.9154037754955473,-0.09249999999999936,-2.194977259244596
Note_4__smartphoneServerTcpRouter_dt1s,119.0,1.0,0.0,3.447457983193278,0.22122866347573436,0.0,D3_Cell01_eol,eol,0.6331208915526815,0.3668791084473185,0.5794771793860334,2.7119444444444443,soc_min,0.8765485927527651,2.7119444444444443,soc_min,0.8765485927527651,0.0,0.0
Note_4__smartphoneServerTcpRouter_dt1s,119.0,1.0,0.2,3.447457983193278,0.22122866347573436,0.04424573269514687,D3_Cell01_eol,eol,0.6331208915526815,0.3668791084473185,0.5794771793860334,2.7116666666666664,soc_min,0.8616519610200818,2.7119444444444443,soc_min,0.8765485927527651,-0.0002777777777778212,-0.01024275325207576
Note_4__smartphoneServerTcpRouter_dt1s,119.0,1.0,0.4,3.447457983193278,0.22122866347573436,0.08849146539029373,D3_Cell01_eol,eol,0.6331208915526815,0.3668791084473185,0.5794771793860334,2.7111111111111112,soc_min,0.8459919368077292,2.7119444444444443,soc_min,0.8765485927527651,-0.0008333333333330195,-0.030728259756210904
Note_4__smartphoneServerTcpRouter_dt1s,119.0,1.0,0.6,3.447457983193278,0.22122866347573436,0.13273719808544063,D3_Cell01_eol,eol,0.6331208915526815,0.3668791084473185,0.5794771793860334,2.710277777777778,soc_min,0.8303018343811548,2.7119444444444443,soc_min,0.8765485927527651,-0.0016666666666664831,-0.06145651951243818
Note_4__smartphoneServerTcpRouter_dt1s,119.0,1.0,0.8,3.447457983193278,0.22122866347573436,0.17698293078058752,D3_Cell01_eol,eol,0.6331208915526815,0.3668791084473185,0.5794771793860334,2.7091666666666665,soc_min,0.8145747065965124,2.7119444444444443,soc_min,0.8765485927527651,-0.002777777777777768,-0.10242753252074122
Note_4__smartphoneServerTcpRouter_dt1s,119.0,1.0,1.0,3.447457983193278,0.22122866347573436,0.22122866347573436,D3_Cell01_eol,eol,0.6331208915526815,0.3668791084473185,0.5794771793860334,2.7080555555555557,soc_min,0.7988034839129221,2.7119444444444443,soc_min,0.8765485927527651,-0.0038888888888886086,-0.1433985455290279
Note_4__smartphoneServerUdpDirect_dt1s,119.0,1.0,0.0,3.724652100840336,0.14398862371264487,0.0,D3_Cell01_new,new,1.0,0.0,0.0,3.8880409627393684,cutoff,0.9098260115307557,3.8880409627393684,cutoff,0.9098260115307557,0.0,0.0
Note_4__smartphoneServerUdpDirect_dt1s,119.0,1.0,0.2,3.724652100840336,0.14398862371264487,0.02879772474252898,D3_Cell01_new,new,1.0,0.0,0.0,3.8827777777777777,cutoff,0.9032900216561057,3.8880409627393684,cutoff,0.9098260115307557,-0.005263184961590728,-0.13536855737966516
Note_4__smartphoneServerUdpDirect_dt1s,119.0,1.0,0.4,3.724652100840336,0.14398862371264487,0.057595449485057945,D3_Cell01_new,new,1.0,0.0,0.0,3.8675,cutoff,0.897308892439401,3.8880409627393684,cutoff,0.9098260115307557,-0.02054096273936823,-0.5283113767632693
Note_4__smartphoneServerUdpDirect_dt1s,119.0,1.0,0.6,3.724652100840336,0.14398862371264487,0.0863931742275869,D3_Cell01_new,new,1.0,0.0,0.0,3.865006588760091,cutoff,0.8905977242381959,3.8880409627393684,cutoff,0.9098260115307557,-0.023034373979277323,-0.5924416486355165
Note_4__smartphoneServerUdpDirect_dt1s,119.0,1.0,0.8,3.724652100840336,0.14398862371264487,0.1151908989701159,D3_Cell01_new,new,1.0,0.0,0.0,3.865,cutoff,0.8837387711573473,3.8880409627393684,cutoff,0.9098260115307557,-0.023040962739368176,-0.5926111108442226
Note_4__smartphoneServerUdpDirect_dt1s,119.0,1.0,1.0,3.724652100840336,0.14398862371264487,0.14398862371264487,D3_Cell01_new,new,1.0,0.0,0.0,3.8344444444444443,cutoff,0.8780643129413916,3.8880409627393684,cutoff,0.9098260115307557,-0.05359651829492407,-1.3784967496114537
Note_4__smartphoneServerUdpDirect_dt1s,119.0,1.0,0.0,3.724652100840336,0.14398862371264487,0.0,D3_Cell01_eol,eol,0.6331208915526815,0.3668791084473185,0.5794771793860334,2.503888888888889,soc_min,0.8681193229572712,2.503888888888889,soc_min,0.8681193229572712,0.0,0.0
Note_4__smartphoneServerUdpDirect_dt1s,119.0,1.0,0.2,3.724652100840336,0.14398862371264487,0.02879772474252898,D3_Cell01_eol,eol,0.6331208915526815,0.3668791084473185,0.5794771793860334,2.503888888888889,soc_min,0.8593103257468955,2.503888888888889,soc_min,0.8681193229572712,0.0,0.0
Note_4__smartphoneServerUdpDirect_dt1s,119.0,1.0,0.4,3.724652100840336,0.14398862371264487,0.057595449485057945,D3_Cell01_eol,eol,0.6331208915526815,0.3668791084473185,0.5794771793860334,2.5036111111111112,soc_min,0.8492338026875741,2.503888888888889,soc_min,0.8681193229572712,-0.0002777777777778212,-0.01109385400488303
Note_4__smartphoneServerUdpDirect_dt1s,119.0,1.0,0.6,3.724652100840336,0.14398862371264487,0.0863931742275869,D3_Cell01_eol,eol,0.6331208915526815,0.3668791084473185,0.5794771793860334,2.5033333333333334,soc_min,0.8391464323680807,2.503888888888889,soc_min,0.8681193229572712,-0.0005555555555556424,-0.02218770800976606
Note_4__smartphoneServerUdpDirect_dt1s,119.0,1.0,0.8,3.724652100840336,0.14398862371264487,0.1151908989701159,D3_Cell01_eol,eol,0.6331208915526815,0.3668791084473185,0.5794771793860334,2.5030555555555556,soc_min,0.8290462591424739,2.503888888888889,soc_min,0.8681193229572712,-0.0008333333333334636,-0.03328156201464909
Note_4__smartphoneServerUdpDirect_dt1s,119.0,1.0,1.0,3.724652100840336,0.14398862371264487,0.14398862371264487,D3_Cell01_eol,eol,0.6331208915526815,0.3668791084473185,0.5794771793860334,2.5025,soc_min,0.8189313127198363,2.503888888888889,soc_min,0.8681193229572712,-0.001388888888889106,-0.055469270024415145
