t_s,current_A,voltage_V,temp_C,step_idx,step_type,step_comment
0.0,1.002,3.743,25.17709,9730,D,pulsed load (discharge)
1.0,1.001,3.719,25.17709,9730,D,pulsed load (discharge)
2.0,0.999,3.716,25.17709,9730,D,pulsed load (discharge)
3.0,1.0,3.714,25.19265,9730,D,pulsed load (discharge)
4.0,0.999,3.712,25.19265,9730,D,pulsed load (discharge)
5.0,0.999,3.71,25.20822,9730,D,pulsed load (discharge)
6.0,1.0,3.708,25.20822,9730,D,pulsed load (discharge)
7.0,1.0,3.706,25.20822,9730,D,pulsed load (discharge)
7.999999999999999,1.0,3.704,25.20822,9730,D,pulsed load (discharge)
9.0,1.0,3.703,25.19265,9730,D,pulsed load (discharge)
10.0,1.0,3.701,25.19265,9730,D,pulsed load (discharge)
11.0,1.0,3.7,25.19265,9730,D,pulsed load (discharge)
12.0,0.999,3.698,25.19265,9730,D,pulsed load (discharge)
13.0,1.0,3.697,25.19265,9730,D,pulsed load (discharge)
14.0,1.0,3.696,25.20822,9730,D,pulsed load (discharge)
15.0,1.0,3.694,25.20822,9730,D,pulsed load (discharge)
16.0,1.0,3.693,25.22378,9730,D,pulsed load (discharge)
17.0,1.0,3.692,25.22378,9730,D,pulsed load (discharge)
18.0,0.999,3.691,25.22378,9730,D,pulsed load (discharge)
19.0,1.0,3.69,25.22378,9730,D,pulsed load (discharge)
20.0,1.001,3.688,25.23935,9730,D,pulsed load (discharge)
21.0,1.0,3.687,25.23935,9730,D,pulsed load (discharge)
22.0,0.999,3.686,25.22378,9730,D,pulsed load (discharge)
23.0,1.0,3.685,25.22378,9730,D,pulsed load (discharge)
24.0,1.0,3.684,25.22378,9730,D,pulsed load (discharge)
25.0,1.0,3.683,25.22378,9730,D,pulsed load (discharge)
26.0,1.0,3.682,25.22378,9730,D,pulsed load (discharge)
27.0,1.0,3.681,25.23935,9730,D,pulsed load (discharge)
28.0,1.0,3.68,25.23935,9730,D,pulsed load (discharge)
29.0,0.999,3.679,25.23935,9730,D,pulsed load (discharge)
30.0,1.0,3.678,25.25492,9730,D,pulsed load (discharge)
31.0,1.0,3.677,25.25492,9730,D,pulsed load (discharge)
32.0,1.0,3.677,25.25492,9730,D,pulsed load (discharge)
33.0,1.0,3.676,25.23935,9730,D,pulsed load (discharge)
34.0,1.0,3.675,25.23935,9730,D,pulsed load (discharge)
35.0,1.0,3.674,25.23935,9730,D,pulsed load (discharge)
36.0,1.0,3.673,25.23935,9730,D,pulsed load (discharge)
37.0,1.0,3.672,25.23935,9730,D,pulsed load (discharge)
38.0,1.0,3.672,25.23935,9730,D,pulsed load (discharge)
39.0,1.0,3.671,25.23935,9730,D,pulsed load (discharge)
40.0,1.0,3.67,25.23935,9730,D,pulsed load (discharge)
41.0,1.0,3.669,25.23935,9730,D,pulsed load (discharge)
42.0,1.0,3.668,25.25492,9730,D,pulsed load (discharge)
43.0,1.0,3.668,25.25492,9730,D,pulsed load (discharge)
44.0,0.999,3.667,25.27048,9730,D,pulsed load (discharge)
45.0,1.0,3.666,25.27048,9730,D,pulsed load (discharge)
46.0,1.0,3.665,25.27048,9730,D,pulsed load (discharge)
47.0,1.0,3.665,25.27048,9730,D,pulsed load (discharge)
48.0,1.0,3.664,25.27048,9730,D,pulsed load (discharge)
49.0,1.0,3.663,25.27048,9730,D,pulsed load (discharge)
50.0,1.0,3.663,25.25492,9730,D,pulsed load (discharge)
51.0,1.0,3.662,25.25492,9730,D,pulsed load (discharge)
52.0,1.0,3.661,25.27048,9730,D,pulsed load (discharge)
53.0,0.999,3.661,25.27048,9730,D,pulsed load (discharge)
54.0,1.0,3.66,25.27048,9730,D,pulsed load (discharge)
55.0,1.0,3.659,25.27048,9730,D,pulsed load (discharge)
56.0,0.999,3.659,25.28605,9730,D,pulsed load (discharge)
57.0,0.999,3.658,25.28605,9730,D,pulsed load (discharge)
58.0,1.0,3.658,25.30162,9730,D,pulsed load (discharge)
59.0,0.999,3.657,25.30162,9730,D,pulsed load (discharge)
60.0,0.999,3.657,25.30162,9730,D,pulsed load (discharge)
61.0,1.001,3.656,25.30162,9730,D,pulsed load (discharge)
62.0,1.0,3.655,25.30162,9730,D,pulsed load (discharge)
63.0,1.0,3.655,25.30162,9730,D,pulsed load (discharge)
64.0,1.0,3.654,25.30162,9730,D,pulsed load (discharge)
65.0,1.001,3.653,25.30162,9730,D,pulsed load (discharge)
66.0,0.999,3.653,25.31718,9730,D,pulsed load (discharge)
67.0,1.0,3.652,25.31718,9730,D,pulsed load (discharge)
67.99999999999999,0.999,3.652,25.31718,9730,D,pulsed load (discharge)
68.99999999999999,1.0,3.651,25.33275,9730,D,pulsed load (discharge)
69.99999999999999,1.001,3.651,25.33275,9730,D,pulsed load (discharge)
70.99999999999999,1.0,3.65,25.33275,9730,D,pulsed load (discharge)
71.99999999999999,1.0,3.65,25.33275,9730,D,pulsed load (discharge)
72.99999999999999,1.001,3.649,25.31718,9730,D,pulsed load (discharge)
73.99999999999999,1.0,3.649,25.31718,9730,D,pulsed load (discharge)
74.99999999999999,1.0,3.648,25.31718,9730,D,pulsed load (discharge)
75.99999999999999,1.0,3.648,25.31718,9730,D,pulsed load (discharge)
76.99999999999999,1.0,3.647,25.31718,9730,D,pulsed load (discharge)
77.99999999999999,0.999,3.647,25.33275,9730,D,pulsed load (discharge)
78.99999999999999,1.0,3.646,25.33275,9730,D,pulsed load (discharge)
79.99999999999999,1.0,3.646,25.33275,9730,D,pulsed load (discharge)
80.99999999999999,1.0,3.645,25.34832,9730,D,pulsed load (discharge)
81.99999999999999,1.0,3.645,25.34832,9730,D,pulsed load (discharge)
82.99999999999999,1.0,3.645,25.34832,9730,D,pulsed load (discharge)
83.99999999999999,1.0,3.644,25.34832,9730,D,pulsed load (discharge)
84.99999999999999,1.0,3.644,25.34832,9730,D,pulsed load (discharge)
85.99999999999999,1.0,3.643,25.34832,9730,D,pulsed load (discharge)
86.99999999999999,1.0,3.643,25.34832,9730,D,pulsed load (discharge)
87.99999999999999,1.0,3.642,25.34832,9730,D,pulsed load (discharge)
88.99999999999999,1.0,3.642,25.34832,9730,D,pulsed load (discharge)
89.99999999999999,1.0,3.641,25.34832,9730,D,pulsed load (discharge)
90.99999999999999,0.999,3.641,25.36389,9730,D,pulsed load (discharge)
91.99999999999999,1.0,3.641,25.36389,9730,D,pulsed load (discharge)
92.99999999999999,1.0,3.64,25.36389,9730,D,pulsed load (discharge)
93.99999999999999,0.999,3.64,25.36389,9730,D,pulsed load (discharge)
94.99999999999999,1.0,3.639,25.37945,9730,D,pulsed load (discharge)
95.99999999999999,1.001,3.639,25.37945,9730,D,pulsed load (discharge)
96.99999999999999,0.999,3.639,25.36389,9730,D,pulsed load (discharge)
97.99999999999999,1.0,3.638,25.36389,9730,D,pulsed load (discharge)
98.99999999999999,1.0,3.638,25.36389,9730,D,pulsed load (discharge)
99.99999999999999,0.999,3.637,25.36389,9730,D,pulsed load (discharge)
100.99999999999999,1.0,3.637,25.37945,9730,D,pulsed load (discharge)
101.99999999999999,1.0,3.637,25.37945,9730,D,pulsed load (discharge)
102.99999999999999,1.0,3.636,25.39502,9730,D,pulsed load (discharge)
103.99999999999999,0.999,3.636,25.39502,9730,D,pulsed load (discharge)
104.99999999999999,1.0,3.636,25.39502,9730,D,pulsed load (discharge)
105.99999999999999,1.0,3.635,25.39502,9730,D,pulsed load (discharge)
106.99999999999999,1.0,3.635,25.39502,9730,D,pulsed load (discharge)
107.99999999999999,1.0,3.635,25.39502,9730,D,pulsed load (discharge)
108.99999999999999,1.0,3.634,25.39502,9730,D,pulsed load (discharge)
109.99999999999999,1.0,3.634,25.39502,9730,D,pulsed load (discharge)
110.99999999999999,1.0,3.633,25.41059,9730,D,pulsed load (discharge)
111.99999999999999,1.0,3.633,25.41059,9730,D,pulsed load (discharge)
112.99999999999999,1.0,3.633,25.41059,9730,D,pulsed load (discharge)
113.99999999999999,1.0,3.632,25.42615,9730,D,pulsed load (discharge)
114.99999999999999,0.999,3.632,25.42615,9730,D,pulsed load (discharge)
115.99999999999999,1.0,3.632,25.44172,9730,D,pulsed load (discharge)
116.99999999999999,1.001,3.631,25.42615,9730,D,pulsed load (discharge)
117.99999999999999,0.999,3.631,25.44172,9730,D,pulsed load (discharge)
118.99999999999999,1.0,3.631,25.42615,9730,D,pulsed load (discharge)
120.0,1.0,3.63,25.42615,9730,D,pulsed load (discharge)
121.0,0.999,3.63,25.42615,9730,D,pulsed load (discharge)
122.0,0.999,3.63,25.42615,9730,D,pulsed load (discharge)
123.0,1.0,3.629,25.42615,9730,D,pulsed load (discharge)
124.0,1.0,3.629,25.42615,9730,D,pulsed load (discharge)
125.0,1.0,3.629,25.44172,9730,D,pulsed load (discharge)
126.0,1.0,3.628,25.44172,9730,D,pulsed load (discharge)
127.0,1.0,3.628,25.45728,9730,D,pulsed load (discharge)
127.99999999999999,1.0,3.628,25.45728,9730,D,pulsed load (discharge)
129.0,0.999,3.628,25.45728,9730,D,pulsed load (discharge)
130.0,1.0,3.627,25.45728,9730,D,pulsed load (discharge)
131.0,1.0,3.627,25.45728,9730,D,pulsed load (discharge)
132.0,1.0,3.626,25.45728,9730,D,pulsed load (discharge)
133.0,1.0,3.626,25.45728,9730,D,pulsed load (discharge)
134.0,1.0,3.626,25.45728,9730,D,pulsed load (discharge)
135.0,1.0,3.626,25.47285,9730,D,pulsed load (discharge)
136.0,1.0,3.625,25.47285,9730,D,pulsed load (discharge)
137.0,1.0,3.625,25.47285,9730,D,pulsed load (discharge)
138.0,0.999,3.625,25.48842,9730,D,pulsed load (discharge)
139.0,1.0,3.625,25.47285,9730,D,pulsed load (discharge)
140.0,1.0,3.624,25.48842,9730,D,pulsed load (discharge)
141.0,1.0,3.624,25.48842,9730,D,pulsed load (discharge)
142.0,1.0,3.624,25.48842,9730,D,pulsed load (discharge)
143.0,1.0,3.623,25.48842,9730,D,pulsed load (discharge)
144.0,1.0,3.623,25.47285,9730,D,pulsed load (discharge)
145.0,1.0,3.623,25.48842,9730,D,pulsed load (discharge)
146.0,1.0,3.623,25.50398,9730,D,pulsed load (discharge)
147.0,1.0,3.622,25.50398,9730,D,pulsed load (discharge)
148.0,1.0,3.622,25.51955,9730,D,pulsed load (discharge)
149.0,1.0,3.622,25.50398,9730,D,pulsed load (discharge)
150.0,1.0,3.621,25.51955,9730,D,pulsed load (discharge)
151.0,1.0,3.621,25.51955,9730,D,pulsed load (discharge)
152.0,1.0,3.621,25.50398,9730,D,pulsed load (discharge)
153.0,0.999,3.621,25.51955,9730,D,pulsed load (discharge)
154.0,1.0,3.62,25.50398,9730,D,pulsed load (discharge)
155.0,1.0,3.62,25.51955,9730,D,pulsed load (discharge)
156.0,0.999,3.62,25.51955,9730,D,pulsed load (discharge)
157.0,1.0,3.62,25.51955,9730,D,pulsed load (discharge)
158.0,1.0,3.619,25.59739,9730,D,pulsed load (discharge)
159.0,1.0,3.619,25.59739,9730,D,pulsed load (discharge)
160.0,1.0,3.619,25.61295,9730,D,pulsed load (discharge)
161.0,1.0,3.619,25.62852,9730,D,pulsed load (discharge)
162.0,1.0,3.619,25.62852,9730,D,pulsed load (discharge)
163.0,1.0,3.618,25.64409,9730,D,pulsed load (discharge)
164.0,0.999,3.618,25.64409,9730,D,pulsed load (discharge)
165.0,1.001,3.618,25.64409,9730,D,pulsed load (discharge)
166.0,1.0,3.618,25.61295,9730,D,pulsed load (discharge)
167.0,1.001,3.617,25.61295,9730,D,pulsed load (discharge)
168.0,1.0,3.617,25.62852,9730,D,pulsed load (discharge)
169.0,0.999,3.617,25.62852,9730,D,pulsed load (discharge)
170.0,1.0,3.617,25.64409,9730,D,pulsed load (discharge)
171.0,0.999,3.616,25.64409,9730,D,pulsed load (discharge)
172.0,1.001,3.616,25.64409,9730,D,pulsed load (discharge)
173.0,1.0,3.616,25.64409,9730,D,pulsed load (discharge)
174.0,1.0,3.616,25.64409,9730,D,pulsed load (discharge)
175.0,1.0,3.615,25.64409,9730,D,pulsed load (discharge)
176.0,1.0,3.615,25.64409,9730,D,pulsed load (discharge)
177.0,0.999,3.615,25.64409,9730,D,pulsed load (discharge)
178.0,1.0,3.615,25.65965,9730,D,pulsed load (discharge)
179.0,1.0,3.615,25.65965,9730,D,pulsed load (discharge)
180.0,1.0,3.614,25.67522,9730,D,pulsed load (discharge)
181.0,1.0,3.614,25.67522,9730,D,pulsed load (discharge)
182.0,1.0,3.614,25.67522,9730,D,pulsed load (discharge)
183.0,1.0,3.614,25.67522,9730,D,pulsed load (discharge)
184.0,1.0,3.613,25.67522,9730,D,pulsed load (discharge)
185.0,0.999,3.613,25.67522,9730,D,pulsed load (discharge)
186.0,1.001,3.613,25.67522,9730,D,pulsed load (discharge)
187.0,0.999,3.613,25.67522,9730,D,pulsed load (discharge)
188.0,1.0,3.613,25.69079,9730,D,pulsed load (discharge)
189.0,0.999,3.612,25.67522,9730,D,pulsed load (discharge)
190.0,1.0,3.612,25.69079,9730,D,pulsed load (discharge)
191.0,1.0,3.612,25.70635,9730,D,pulsed load (discharge)
192.0,0.999,3.612,25.70635,9730,D,pulsed load (discharge)
193.0,1.0,3.612,25.70635,9730,D,pulsed load (discharge)
194.0,1.0,3.611,25.70635,9730,D,pulsed load (discharge)
195.0,0.999,3.611,25.70635,9730,D,pulsed load (discharge)
196.0,1.0,3.611,25.70635,9730,D,pulsed load (discharge)
197.0,1.0,3.611,25.70635,9730,D,pulsed load (discharge)
198.0,1.0,3.611,25.70635,9730,D,pulsed load (discharge)
199.0,1.0,3.611,25.70635,9730,D,pulsed load (discharge)
200.0,0.999,3.61,25.70635,9730,D,pulsed load (discharge)
201.0,1.0,3.61,25.70635,9730,D,pulsed load (discharge)
202.0,1.0,3.61,25.70635,9730,D,pulsed load (discharge)
203.0,1.0,3.61,25.70635,9730,D,pulsed load (discharge)
204.0,1.0,3.609,25.70635,9730,D,pulsed load (discharge)
205.0,1.0,3.609,25.70635,9730,D,pulsed load (discharge)
206.0,1.0,3.609,25.70635,9730,D,pulsed load (discharge)
207.0,0.999,3.609,25.70635,9730,D,pulsed load (discharge)
208.0,1.001,3.609,25.72192,9730,D,pulsed load (discharge)
209.0,1.0,3.608,25.72192,9730,D,pulsed load (discharge)
210.0,0.999,3.608,25.72192,9730,D,pulsed load (discharge)
211.0,1.0,3.608,25.73748,9730,D,pulsed load (discharge)
212.0,1.0,3.608,25.73748,9730,D,pulsed load (discharge)
213.0,1.0,3.608,25.73748,9730,D,pulsed load (discharge)
214.0,1.0,3.608,25.73748,9730,D,pulsed load (discharge)
215.0,1.0,3.607,25.73748,9730,D,pulsed load (discharge)
216.0,1.0,3.607,25.73748,9730,D,pulsed load (discharge)
217.0,0.999,3.607,25.73748,9730,D,pulsed load (discharge)
218.0,1.0,3.607,25.73748,9730,D,pulsed load (discharge)
219.0,1.0,3.607,25.73748,9730,D,pulsed load (discharge)
220.0,1.0,3.607,25.73748,9730,D,pulsed load (discharge)
221.0,1.0,3.606,25.73748,9730,D,pulsed load (discharge)
222.0,1.0,3.606,25.73748,9730,D,pulsed load (discharge)
223.0,1.0,3.606,25.73748,9730,D,pulsed load (discharge)
224.0,1.0,3.606,25.73748,9730,D,pulsed load (discharge)
225.0,1.0,3.606,25.73748,9730,D,pulsed load (discharge)
226.0,1.0,3.606,25.73748,9730,D,pulsed load (discharge)
227.0,1.0,3.605,25.75305,9730,D,pulsed load (discharge)
228.0,0.999,3.605,25.75305,9730,D,pulsed load (discharge)
229.0,1.0,3.605,25.75305,9730,D,pulsed load (discharge)
230.0,1.0,3.605,25.75305,9730,D,pulsed load (discharge)
231.0,1.0,3.605,25.75305,9730,D,pulsed load (discharge)
232.0,1.0,3.604,25.75305,9730,D,pulsed load (discharge)
233.0,0.999,3.604,25.75305,9730,D,pulsed load (discharge)
234.0,1.0,3.604,25.75305,9730,D,pulsed load (discharge)
235.0,1.0,3.604,25.75305,9730,D,pulsed load (discharge)
236.0,0.999,3.604,25.75305,9730,D,pulsed load (discharge)
237.0,1.0,3.604,25.76862,9730,D,pulsed load (discharge)
238.0,0.999,3.604,25.76862,9730,D,pulsed load (discharge)
239.0,1.0,3.603,25.76862,9730,D,pulsed load (discharge)
240.0,1.0,3.603,25.76862,9730,D,pulsed load (discharge)
241.0,1.0,3.603,25.78419,9730,D,pulsed load (discharge)
242.0,1.0,3.603,25.78419,9730,D,pulsed load (discharge)
243.0,1.0,3.603,25.76862,9730,D,pulsed load (discharge)
244.0,1.0,3.603,25.76862,9730,D,pulsed load (discharge)
245.0,1.0,3.602,25.78419,9730,D,pulsed load (discharge)
246.0,1.0,3.602,25.78419,9730,D,pulsed load (discharge)
247.0,1.0,3.602,25.78419,9730,D,pulsed load (discharge)
248.0,1.0,3.602,25.78419,9730,D,pulsed load (discharge)
249.0,1.0,3.602,25.78419,9730,D,pulsed load (discharge)
250.0,1.001,3.602,25.78419,9730,D,pulsed load (discharge)
251.0,0.999,3.601,25.78419,9730,D,pulsed load (discharge)
252.0,1.0,3.601,25.78419,9730,D,pulsed load (discharge)
253.0,1.0,3.601,25.78419,9730,D,pulsed load (discharge)
254.0,1.0,3.601,25.78419,9730,D,pulsed load (discharge)
255.0,1.0,3.601,25.78419,9730,D,pulsed load (discharge)
256.0,1.0,3.601,25.79975,9730,D,pulsed load (discharge)
257.0,1.0,3.6,25.79975,9730,D,pulsed load (discharge)
258.0,1.0,3.6,25.79975,9730,D,pulsed load (discharge)
259.0,1.0,3.6,25.79975,9730,D,pulsed load (discharge)
260.0,1.0,3.6,25.79975,9730,D,pulsed load (discharge)
261.0,1.0,3.6,25.79975,9730,D,pulsed load (discharge)
262.0,1.0,3.6,25.79975,9730,D,pulsed load (discharge)
263.0,0.999,3.6,25.81532,9730,D,pulsed load (discharge)
264.0,1.001,3.599,25.81532,9730,D,pulsed load (discharge)
265.0,1.0,3.599,25.81532,9730,D,pulsed load (discharge)
266.0,0.999,3.599,25.81532,9730,D,pulsed load (discharge)
267.0,0.999,3.599,25.81532,9730,D,pulsed load (discharge)
268.0,1.0,3.599,25.81532,9730,D,pulsed load (discharge)
269.0,1.001,3.599,25.81532,9730,D,pulsed load (discharge)
270.0,0.999,3.599,25.81532,9730,D,pulsed load (discharge)
271.0,1.0,3.598,25.83088,9730,D,pulsed load (discharge)
272.0,1.0,3.598,25.83088,9730,D,pulsed load (discharge)
273.0,1.0,3.598,25.83088,9730,D,pulsed load (discharge)
274.0,0.999,3.598,25.83088,9730,D,pulsed load (discharge)
275.0,0.999,3.598,25.83088,9730,D,pulsed load (discharge)
276.0,0.999,3.598,25.83088,9730,D,pulsed load (discharge)
277.0,1.0,3.598,25.83088,9730,D,pulsed load (discharge)
278.0,1.001,3.597,25.83088,9730,D,pulsed load (discharge)
279.0,1.0,3.597,25.84645,9730,D,pulsed load (discharge)
280.0,1.0,3.597,25.84645,9730,D,pulsed load (discharge)
281.0,1.001,3.597,25.86202,9730,D,pulsed load (discharge)
282.0,0.999,3.597,25.87759,9730,D,pulsed load (discharge)
283.0,1.0,3.597,25.87759,9730,D,pulsed load (discharge)
284.0,1.001,3.597,25.87759,9730,D,pulsed load (discharge)
285.0,0.999,3.597,25.87759,9730,D,pulsed load (discharge)
286.0,1.0,3.596,25.87759,9730,D,pulsed load (discharge)
287.0,1.0,3.596,25.89315,9730,D,pulsed load (discharge)
288.0,0.999,3.596,25.87759,9730,D,pulsed load (discharge)
289.0,1.0,3.596,25.87759,9730,D,pulsed load (discharge)
290.0,1.0,3.596,25.87759,9730,D,pulsed load (discharge)
291.0,1.0,3.596,25.87759,9730,D,pulsed load (discharge)
292.0,1.0,3.595,25.89315,9730,D,pulsed load (discharge)
293.0,1.0,3.595,25.89315,9730,D,pulsed load (discharge)
294.0,1.0,3.595,25.89315,9730,D,pulsed load (discharge)
295.0,1.0,3.595,25.89315,9730,D,pulsed load (discharge)
296.0,1.0,3.595,25.89315,9730,D,pulsed load (discharge)
297.0,0.999,3.595,25.89315,9730,D,pulsed load (discharge)
298.0,1.0,3.595,25.90872,9730,D,pulsed load (discharge)
299.0,1.0,3.594,25.90872,9730,D,pulsed load (discharge)
300.0,1.0,3.594,25.90872,9730,D,pulsed load (discharge)
301.0,1.0,3.594,25.90872,9730,D,pulsed load (discharge)
302.0,0.999,3.594,25.92429,9730,D,pulsed load (discharge)
303.0,1.0,3.594,25.90872,9730,D,pulsed load (discharge)
304.0,0.999,3.594,25.90872,9730,D,pulsed load (discharge)
305.0,1.001,3.594,25.90872,9730,D,pulsed load (discharge)
306.0,1.0,3.594,25.90872,9730,D,pulsed load (discharge)
307.0,1.0,3.593,25.90872,9730,D,pulsed load (discharge)
308.0,1.001,3.593,25.92429,9730,D,pulsed load (discharge)
309.0,1.0,3.593,25.92429,9730,D,pulsed load (discharge)
310.0,1.0,3.593,25.93985,9730,D,pulsed load (discharge)
311.0,1.0,3.593,25.93985,9730,D,pulsed load (discharge)
312.0,1.0,3.593,25.93985,9730,D,pulsed load (discharge)
313.0,0.999,3.593,25.93985,9730,D,pulsed load (discharge)
314.0,1.0,3.593,25.95542,9730,D,pulsed load (discharge)
315.0,1.0,3.592,25.95542,9730,D,pulsed load (discharge)
316.0,0.999,3.592,25.95542,9730,D,pulsed load (discharge)
317.0,1.001,3.592,25.95542,9730,D,pulsed load (discharge)
318.0,1.0,3.592,25.95542,9730,D,pulsed load (discharge)
319.0,1.0,3.592,25.95542,9730,D,pulsed load (discharge)
320.0,1.0,3.592,25.97099,9730,D,pulsed load (discharge)
321.0,1.0,3.592,25.97099,9730,D,pulsed load (discharge)
322.0,0.999,3.592,25.97099,9730,D,pulsed load (discharge)
323.0,1.0,3.592,25.97099,9730,D,pulsed load (discharge)
324.0,1.0,3.591,25.97099,9730,D,pulsed load (discharge)
325.0,1.0,3.591,25.97099,9730,D,pulsed load (discharge)
326.0,1.0,3.591,25.97099,9730,D,pulsed load (discharge)
327.0,0.999,3.591,25.98655,9730,D,pulsed load (discharge)
328.0,1.0,3.591,25.98655,9730,D,pulsed load (discharge)
329.0,1.0,3.591,25.98655,9730,D,pulsed load (discharge)
330.0,1.0,3.591,26.00212,9730,D,pulsed load (discharge)
331.0,1.0,3.591,26.00212,9730,D,pulsed load (discharge)
332.0,1.0,3.59,26.00212,9730,D,pulsed load (discharge)
333.0,0.999,3.59,26.00212,9730,D,pulsed load (discharge)
334.0,1.001,3.59,26.00212,9730,D,pulsed load (discharge)
335.0,0.999,3.59,26.00212,9730,D,pulsed load (discharge)
336.0,1.001,3.59,26.01768,9730,D,pulsed load (discharge)
337.0,1.0,3.59,26.01768,9730,D,pulsed load (discharge)
338.0,1.0,3.59,26.01768,9730,D,pulsed load (discharge)
339.0,1.0,3.59,26.01768,9730,D,pulsed load (discharge)
340.0,1.0,3.589,26.01768,9730,D,pulsed load (discharge)
341.0,0.999,3.589,26.03325,9730,D,pulsed load (discharge)
342.0,1.0,3.589,26.03325,9730,D,pulsed load (discharge)
343.0,1.0,3.589,26.01768,9730,D,pulsed load (discharge)
344.0,1.0,3.589,26.03325,9730,D,pulsed load (discharge)
345.0,0.999,3.589,26.03325,9730,D,pulsed load (discharge)
346.0,1.0,3.589,26.03325,9730,D,pulsed load (discharge)
347.0,0.999,3.589,26.04882,9730,D,pulsed load (discharge)
348.0,1.0,3.588,26.04882,9730,D,pulsed load (discharge)
349.0,1.0,3.588,26.04882,9730,D,pulsed load (discharge)
350.0,1.001,3.588,26.04882,9730,D,pulsed load (discharge)
351.0,0.999,3.588,26.04882,9730,D,pulsed load (discharge)
352.0,1.0,3.588,26.04882,9730,D,pulsed load (discharge)
353.0,1.0,3.588,26.04882,9730,D,pulsed load (discharge)
354.0,1.0,3.588,26.04882,9730,D,pulsed load (discharge)
355.0,0.999,3.588,26.04882,9730,D,pulsed load (discharge)
356.0,0.999,3.588,26.06439,9730,D,pulsed load (discharge)
357.0,1.0,3.587,26.06439,9730,D,pulsed load (discharge)
358.0,0.999,3.587,26.06439,9730,D,pulsed load (discharge)
359.0,1.0,3.587,26.07995,9730,D,pulsed load (discharge)
360.0,1.0,3.587,26.07995,9730,D,pulsed load (discharge)
361.0,1.0,3.587,26.07995,9730,D,pulsed load (discharge)
362.0,1.0,3.587,26.07995,9730,D,pulsed load (discharge)
363.0,1.0,3.587,26.07995,9730,D,pulsed load (discharge)
364.0,0.999,3.587,26.07995,9730,D,pulsed load (discharge)
365.0,1.0,3.587,26.09552,9730,D,pulsed load (discharge)
366.0,1.0,3.586,26.09552,9730,D,pulsed load (discharge)
367.0,0.999,3.586,26.09552,9730,D,pulsed load (discharge)
368.0,1.0,3.586,26.09552,9730,D,pulsed load (discharge)
369.0,1.001,3.586,26.09552,9730,D,pulsed load (discharge)
370.0,0.999,3.586,26.09552,9730,D,pulsed load (discharge)
371.0,1.0,3.586,26.09552,9730,D,pulsed load (discharge)
372.0,1.0,3.586,26.09552,9730,D,pulsed load (discharge)
373.0,1.0,3.586,26.09552,9730,D,pulsed load (discharge)
374.0,1.0,3.586,26.11109,9730,D,pulsed load (discharge)
375.0,1.0,3.585,26.11109,9730,D,pulsed load (discharge)
376.0,1.0,3.585,26.11109,9730,D,pulsed load (discharge)
377.0,1.0,3.585,26.11109,9730,D,pulsed load (discharge)
378.0,1.0,3.585,26.11109,9730,D,pulsed load (discharge)
379.0,0.999,3.585,26.11109,9730,D,pulsed load (discharge)
380.0,1.0,3.585,26.11109,9730,D,pulsed load (discharge)
381.0,0.999,3.585,26.12665,9730,D,pulsed load (discharge)
382.0,1.001,3.585,26.12665,9730,D,pulsed load (discharge)
383.0,0.999,3.585,26.14222,9730,D,pulsed load (discharge)
384.0,1.0,3.584,26.14222,9730,D,pulsed load (discharge)
385.0,1.0,3.584,26.14222,9730,D,pulsed load (discharge)
386.0,0.999,3.584,26.14222,9730,D,pulsed load (discharge)
387.0,1.0,3.584,26.15779,9730,D,pulsed load (discharge)
388.0,1.0,3.584,26.15779,9730,D,pulsed load (discharge)
389.0,1.0,3.584,26.15779,9730,D,pulsed load (discharge)
390.0,0.999,3.584,26.15779,9730,D,pulsed load (discharge)
391.0,0.999,3.584,26.15779,9730,D,pulsed load (discharge)
392.0,0.999,3.584,26.15779,9730,D,pulsed load (discharge)
393.0,1.0,3.584,26.17335,9730,D,pulsed load (discharge)
394.0,0.999,3.583,26.17335,9730,D,pulsed load (discharge)
395.0,1.0,3.583,26.17335,9730,D,pulsed load (discharge)
396.0,1.001,3.583,26.17335,9730,D,pulsed load (discharge)
397.0,0.999,3.583,26.17335,9730,D,pulsed load (discharge)
398.0,1.0,3.583,26.17335,9730,D,pulsed load (discharge)
399.0,0.999,3.583,26.17335,9730,D,pulsed load (discharge)
400.0,1.001,3.583,26.17335,9730,D,pulsed load (discharge)
401.0,1.0,3.583,26.17335,9730,D,pulsed load (discharge)
402.0,0.999,3.583,26.17335,9730,D,pulsed load (discharge)
403.0,1.0,3.583,26.18892,9730,D,pulsed load (discharge)
404.0,1.0,3.582,26.18892,9730,D,pulsed load (discharge)
405.0,1.0,3.582,26.18892,9730,D,pulsed load (discharge)
406.0,1.0,3.582,26.18892,9730,D,pulsed load (discharge)
407.0,1.0,3.582,26.18892,9730,D,pulsed load (discharge)
408.0,1.0,3.582,26.18892,9730,D,pulsed load (discharge)
409.0,1.0,3.582,26.18892,9730,D,pulsed load (discharge)
410.0,0.999,3.582,26.20448,9730,D,pulsed load (discharge)
411.0,1.001,3.582,26.20448,9730,D,pulsed load (discharge)
412.0,0.999,3.582,26.20448,9730,D,pulsed load (discharge)
413.0,1.0,3.582,26.22005,9730,D,pulsed load (discharge)
414.0,1.001,3.581,26.22005,9730,D,pulsed load (discharge)
415.0,1.0,3.581,26.22005,9730,D,pulsed load (discharge)
416.0,0.999,3.581,26.22005,9730,D,pulsed load (discharge)
417.0,1.0,3.581,26.22005,9730,D,pulsed load (discharge)
418.0,0.999,3.581,26.22005,9730,D,pulsed load (discharge)
419.0,1.0,3.581,26.22005,9730,D,pulsed load (discharge)
420.0,1.0,3.581,26.22005,9730,D,pulsed load (discharge)
421.0,1.0,3.581,26.22005,9730,D,pulsed load (discharge)
422.0,1.001,3.58,26.22005,9730,D,pulsed load (discharge)
423.0,0.999,3.581,26.23562,9730,D,pulsed load (discharge)
424.0,1.0,3.58,26.23562,9730,D,pulsed load (discharge)
425.0,1.0,3.58,26.23562,9730,D,pulsed load (discharge)
426.0,1.0,3.58,26.23562,9730,D,pulsed load (discharge)
427.0,1.0,3.58,26.23562,9730,D,pulsed load (discharge)
428.0,0.999,3.58,26.23562,9730,D,pulsed load (discharge)
429.0,1.0,3.58,26.23562,9730,D,pulsed load (discharge)
430.0,1.0,3.58,26.23562,9730,D,pulsed load (discharge)
431.0,0.999,3.58,26.23562,9730,D,pulsed load (discharge)
432.0,1.0,3.58,26.25119,9730,D,pulsed load (discharge)
433.0,1.0,3.58,26.25119,9730,D,pulsed load (discharge)
434.0,1.0,3.579,26.25119,9730,D,pulsed load (discharge)
435.0,1.0,3.579,26.25119,9730,D,pulsed load (discharge)
436.0,1.0,3.579,26.25119,9730,D,pulsed load (discharge)
437.0,1.0,3.579,26.25119,9730,D,pulsed load (discharge)
438.0,1.0,3.579,26.26675,9730,D,pulsed load (discharge)
439.0,1.0,3.579,26.26675,9730,D,pulsed load (discharge)
440.0,1.0,3.579,26.26675,9730,D,pulsed load (discharge)
441.0,0.999,3.579,26.26675,9730,D,pulsed load (discharge)
442.0,1.0,3.579,26.26675,9730,D,pulsed load (discharge)
443.0,0.999,3.579,26.26675,9730,D,pulsed load (discharge)
444.0,1.0,3.579,26.26675,9730,D,pulsed load (discharge)
445.0,1.0,3.578,26.26675,9730,D,pulsed load (discharge)
446.0,1.001,3.578,26.28232,9730,D,pulsed load (discharge)
447.0,1.0,3.578,26.28232,9730,D,pulsed load (discharge)
448.0,1.0,3.578,26.28232,9730,D,pulsed load (discharge)
449.0,1.001,3.578,26.28232,9730,D,pulsed load (discharge)
450.0,1.001,3.578,26.29789,9730,D,pulsed load (discharge)
451.0,0.999,3.578,26.29789,9730,D,pulsed load (discharge)
452.0,0.999,3.578,26.29789,9730,D,pulsed load (discharge)
453.0,1.0,3.578,26.29789,9730,D,pulsed load (discharge)
454.0,1.0,3.578,26.29789,9730,D,pulsed load (discharge)
455.0,1.0,3.577,26.29789,9730,D,pulsed load (discharge)
456.0,1.0,3.577,26.31345,9730,D,pulsed load (discharge)
457.0,0.999,3.577,26.31345,9730,D,pulsed load (discharge)
458.0,1.0,3.577,26.31345,9730,D,pulsed load (discharge)
459.0,1.0,3.577,26.31345,9730,D,pulsed load (discharge)
460.0,0.999,3.577,26.31345,9730,D,pulsed load (discharge)
461.0,1.0,3.577,26.31345,9730,D,pulsed load (discharge)
462.0,0.999,3.577,26.31345,9730,D,pulsed load (discharge)
463.0,1.0,3.577,26.31345,9730,D,pulsed load (discharge)
464.0,1.0,3.577,26.31345,9730,D,pulsed load (discharge)
465.0,1.0,3.577,26.31345,9730,D,pulsed load (discharge)
466.0,1.0,3.576,26.31345,9730,D,pulsed load (discharge)
467.0,1.001,3.576,26.31345,9730,D,pulsed load (discharge)
468.0,1.0,3.576,26.32902,9730,D,pulsed load (discharge)
469.0,0.999,3.576,26.32902,9730,D,pulsed load (discharge)
470.0,1.001,3.576,26.32902,9730,D,pulsed load (discharge)
471.0,0.999,3.576,26.32902,9730,D,pulsed load (discharge)
472.0,1.001,3.576,26.32902,9730,D,pulsed load (discharge)
473.0,0.999,3.576,26.32902,9730,D,pulsed load (discharge)
474.0,1.0,3.576,26.32902,9730,D,pulsed load (discharge)
475.0,0.999,3.576,26.34459,9730,D,pulsed load (discharge)
476.0,1.0,3.576,26.34459,9730,D,pulsed load (discharge)
477.0,1.0,3.576,26.34459,9730,D,pulsed load (discharge)
478.0,1.0,3.576,26.34459,9730,D,pulsed load (discharge)
479.0,0.999,3.575,26.34459,9730,D,pulsed load (discharge)
480.0,1.0,3.575,26.34459,9730,D,pulsed load (discharge)
481.0,0.999,3.575,26.34459,9730,D,pulsed load (discharge)
482.0,1.0,3.575,26.34459,9730,D,pulsed load (discharge)
483.0,0.999,3.575,26.34459,9730,D,pulsed load (discharge)
484.0,1.0,3.575,26.34459,9730,D,pulsed load (discharge)
485.0,1.0,3.575,26.36015,9730,D,pulsed load (discharge)
486.0,1.0,3.575,26.36015,9730,D,pulsed load (discharge)
487.0,1.0,3.574,26.36015,9730,D,pulsed load (discharge)
488.0,0.999,3.575,26.36015,9730,D,pulsed load (discharge)
489.0,1.0,3.574,26.36015,9730,D,pulsed load (discharge)
490.0,1.0,3.574,26.36015,9730,D,pulsed load (discharge)
491.0,1.0,3.574,26.36015,9730,D,pulsed load (discharge)
492.0,1.0,3.574,26.36015,9730,D,pulsed load (discharge)
493.0,0.999,3.574,26.36015,9730,D,pulsed load (discharge)
494.0,0.999,3.574,26.36015,9730,D,pulsed load (discharge)
495.0,1.0,3.574,26.36015,9730,D,pulsed load (discharge)
496.0,1.0,3.574,26.36015,9730,D,pulsed load (discharge)
497.0,1.0,3.574,26.36015,9730,D,pulsed load (discharge)
498.0,1.0,3.574,26.36015,9730,D,pulsed load (discharge)
499.0,0.999,3.573,26.37572,9730,D,pulsed load (discharge)
500.0,1.0,3.574,26.37572,9730,D,pulsed load (discharge)
501.0,0.999,3.573,26.37572,9730,D,pulsed load (discharge)
502.0,1.0,3.573,26.37572,9730,D,pulsed load (discharge)
503.0,1.0,3.573,26.37572,9730,D,pulsed load (discharge)
504.0,1.0,3.573,26.39129,9730,D,pulsed load (discharge)
505.0,0.999,3.573,26.39129,9730,D,pulsed load (discharge)
506.0,1.001,3.573,26.39129,9730,D,pulsed load (discharge)
507.0,1.0,3.573,26.37572,9730,D,pulsed load (discharge)
508.0,1.0,3.573,26.37572,9730,D,pulsed load (discharge)
509.0,0.999,3.573,26.37572,9730,D,pulsed load (discharge)
510.0,1.0,3.573,26.37572,9730,D,pulsed load (discharge)
511.0,1.001,3.572,26.39129,9730,D,pulsed load (discharge)
511.99999999999994,1.0,3.572,26.39129,9730,D,pulsed load (discharge)
513.0,0.999,3.572,26.39129,9730,D,pulsed load (discharge)
514.0,1.0,3.572,26.39129,9730,D,pulsed load (discharge)
515.0,1.0,3.572,26.39129,9730,D,pulsed load (discharge)
516.0,1.0,3.572,26.39129,9730,D,pulsed load (discharge)
517.0,0.999,3.572,26.40685,9730,D,pulsed load (discharge)
518.0,1.001,3.572,26.40685,9730,D,pulsed load (discharge)
519.0,1.0,3.572,26.42242,9730,D,pulsed load (discharge)
520.0,1.001,3.572,26.42242,9730,D,pulsed load (discharge)
521.0,1.0,3.571,26.42242,9730,D,pulsed load (discharge)
522.0,1.0,3.571,26.42242,9730,D,pulsed load (discharge)
523.0,1.0,3.571,26.42242,9730,D,pulsed load (discharge)
524.0,1.0,3.571,26.42242,9730,D,pulsed load (discharge)
525.0,1.001,3.571,26.42242,9730,D,pulsed load (discharge)
526.0,1.0,3.571,26.43798,9730,D,pulsed load (discharge)
527.0,1.0,3.571,26.43798,9730,D,pulsed load (discharge)
528.0,0.999,3.571,26.43798,9730,D,pulsed load (discharge)
529.0,1.0,3.571,26.43798,9730,D,pulsed load (discharge)
530.0,1.0,3.571,26.43798,9730,D,pulsed load (discharge)
531.0,1.0,3.571,26.43798,9730,D,pulsed load (discharge)
532.0,1.0,3.57,26.43798,9730,D,pulsed load (discharge)
533.0,1.0,3.571,26.43798,9730,D,pulsed load (discharge)
534.0,1.0,3.57,26.45355,9730,D,pulsed load (discharge)
535.0,1.001,3.57,26.43798,9730,D,pulsed load (discharge)
536.0,1.0,3.57,26.45355,9730,D,pulsed load (discharge)
537.0,1.001,3.57,26.45355,9730,D,pulsed load (discharge)
538.0,1.0,3.57,26.45355,9730,D,pulsed load (discharge)
539.0,1.0,3.57,26.45355,9730,D,pulsed load (discharge)
540.0,1.001,3.57,26.46912,9730,D,pulsed load (discharge)
541.0,1.0,3.57,26.45355,9730,D,pulsed load (discharge)
542.0,1.0,3.57,26.46912,9730,D,pulsed load (discharge)
543.0,1.0,3.57,26.46912,9730,D,pulsed load (discharge)
544.0,1.0,3.57,26.46912,9730,D,pulsed load (discharge)
545.0,1.0,3.57,26.46912,9730,D,pulsed load (discharge)
546.0,0.999,3.569,26.46912,9730,D,pulsed load (discharge)
547.0,1.001,3.569,26.46912,9730,D,pulsed load (discharge)
548.0,1.0,3.569,26.46912,9730,D,pulsed load (discharge)
549.0,1.0,3.569,26.46912,9730,D,pulsed load (discharge)
550.0,1.0,3.569,26.46912,9730,D,pulsed load (discharge)
551.0,0.999,3.569,26.46912,9730,D,pulsed load (discharge)
552.0,1.001,3.569,26.46912,9730,D,pulsed load (discharge)
553.0,1.0,3.569,26.46912,9730,D,pulsed load (discharge)
554.0,1.001,3.569,26.46912,9730,D,pulsed load (discharge)
555.0,0.999,3.568,26.46912,9730,D,pulsed load (discharge)
556.0,0.999,3.568,26.48469,9730,D,pulsed load (discharge)
557.0,1.0,3.568,26.48469,9730,D,pulsed load (discharge)
558.0,0.999,3.568,26.48469,9730,D,pulsed load (discharge)
559.0,1.0,3.568,26.48469,9730,D,pulsed load (discharge)
560.0,1.0,3.568,26.48469,9730,D,pulsed load (discharge)
561.0,0.999,3.568,26.50025,9730,D,pulsed load (discharge)
562.0,1.0,3.568,26.50025,9730,D,pulsed load (discharge)
563.0,0.999,3.568,26.50025,9730,D,pulsed load (discharge)
564.0,0.999,3.568,26.50025,9730,D,pulsed load (discharge)
565.0,0.999,3.568,26.50025,9730,D,pulsed load (discharge)
566.0,1.001,3.567,26.51582,9730,D,pulsed load (discharge)
567.0,0.999,3.568,26.51582,9730,D,pulsed load (discharge)
568.0,0.999,3.567,26.51582,9730,D,pulsed load (discharge)
569.0,1.001,3.567,26.51582,9730,D,pulsed load (discharge)
570.0,1.001,3.567,26.53139,9730,D,pulsed load (discharge)
571.0,1.0,3.567,26.53139,9730,D,pulsed load (discharge)
572.0,0.999,3.567,26.53139,9730,D,pulsed load (discharge)
573.0,0.999,3.567,26.53139,9730,D,pulsed load (discharge)
574.0,1.0,3.567,26.51582,9730,D,pulsed load (discharge)
575.0,1.0,3.567,26.51582,9730,D,pulsed load (discharge)
576.0,1.0,3.567,26.53139,9730,D,pulsed load (discharge)
577.0,0.999,3.567,26.53139,9730,D,pulsed load (discharge)
578.0,0.999,3.567,26.53139,9730,D,pulsed load (discharge)
579.0,1.0,3.567,26.53139,9730,D,pulsed load (discharge)
580.0,1.0,3.566,26.54695,9730,D,pulsed load (discharge)
581.0,0.999,3.566,26.54695,9730,D,pulsed load (discharge)
582.0,0.999,3.566,26.54695,9730,D,pulsed load (discharge)
583.0,1.0,3.566,26.54695,9730,D,pulsed load (discharge)
584.0,1.001,3.566,26.56252,9730,D,pulsed load (discharge)
585.0,1.0,3.566,26.56252,9730,D,pulsed load (discharge)
586.0,0.999,3.566,26.56252,9730,D,pulsed load (discharge)
587.0,1.001,3.566,26.56252,9730,D,pulsed load (discharge)
588.0,1.001,3.566,26.56252,9730,D,pulsed load (discharge)
589.0,1.0,3.566,26.56252,9730,D,pulsed load (discharge)
590.0,1.0,3.566,26.56252,9730,D,pulsed load (discharge)
591.0,1.0,3.566,26.56252,9730,D,pulsed load (discharge)
592.0,0.999,3.566,26.57809,9730,D,pulsed load (discharge)
593.0,1.001,3.565,26.57809,9730,D,pulsed load (discharge)
594.0,1.0,3.565,26.57809,9730,D,pulsed load (discharge)
595.0,0.999,3.565,26.59365,9730,D,pulsed load (discharge)
596.0,1.0,3.565,26.59365,9730,D,pulsed load (discharge)
597.0,1.001,3.565,26.59365,9730,D,pulsed load (discharge)
598.0,1.0,3.565,26.59365,9730,D,pulsed load (discharge)
599.0,1.0,3.565,26.59365,9730,D,pulsed load (discharge)
599.96,1.001,3.565,26.60922,9730,D,pulsed load (discharge)
599.96,0.0,3.654,26.60922,9731,R,pulsed load (rest)
600.96,0.0,3.697,26.60922,9731,R,pulsed load (rest)
601.96,0.0,3.7,26.60922,9731,R,pulsed load (rest)
602.96,0.0,3.702,26.60922,9731,R,pulsed load (rest)
603.96,0.0,3.704,26.60922,9731,R,pulsed load (rest)
604.96,0.0,3.706,26.60922,9731,R,pulsed load (rest)
605.96,0.0,3.708,26.60922,9731,R,pulsed load (rest)
606.96,0.0,3.709,26.60922,9731,R,pulsed load (rest)
607.96,0.0,3.711,26.62479,9731,R,pulsed load (rest)
608.96,0.0,3.712,26.60922,9731,R,pulsed load (rest)
609.96,0.0,3.714,26.60922,9731,R,pulsed load (rest)
610.96,0.0,3.715,26.60922,9731,R,pulsed load (rest)
611.96,0.0,3.716,26.60922,9731,R,pulsed load (rest)
612.96,0.0,3.717,26.62479,9731,R,pulsed load (rest)
613.96,0.0,3.718,26.62479,9731,R,pulsed load (rest)
614.96,0.0,3.719,26.62479,9731,R,pulsed load (rest)
615.96,0.0,3.72,26.62479,9731,R,pulsed load (rest)
616.96,0.0,3.721,26.62479,9731,R,pulsed load (rest)
617.96,0.0,3.722,26.62479,9731,R,pulsed load (rest)
618.96,0.0,3.723,26.62479,9731,R,pulsed load (rest)
619.96,0.0,3.724,26.62479,9731,R,pulsed load (rest)
620.96,0.0,3.725,26.60922,9731,R,pulsed load (rest)
621.96,0.0,3.726,26.62479,9731,R,pulsed load (rest)
622.96,0.0,3.727,26.62479,9731,R,pulsed load (rest)
623.96,0.0,3.727,26.62479,9731,R,pulsed load (rest)
624.96,0.0,3.728,26.62479,9731,R,pulsed load (rest)
625.96,0.0,3.729,26.62479,9731,R,pulsed load (rest)
626.96,0.0,3.73,26.60922,9731,R,pulsed load (rest)
627.96,0.0,3.73,26.62479,9731,R,pulsed load (rest)
628.96,0.0,3.731,26.62479,9731,R,pulsed load (rest)
629.96,0.0,3.732,26.62479,9731,R,pulsed load (rest)
630.96,0.0,3.732,26.62479,9731,R,pulsed load (rest)
631.96,0.0,3.733,26.62479,9731,R,pulsed load (rest)
632.96,0.0,3.734,26.62479,9731,R,pulsed load (rest)
633.96,0.0,3.734,26.62479,9731,R,pulsed load (rest)
634.96,0.0,3.735,26.60922,9731,R,pulsed load (rest)
635.96,0.0,3.736,26.60922,9731,R,pulsed load (rest)
636.96,0.0,3.736,26.60922,9731,R,pulsed load (rest)
637.96,0.0,3.737,26.60922,9731,R,pulsed load (rest)
638.96,0.0,3.737,26.60922,9731,R,pulsed load (rest)
639.96,0.0,3.738,26.60922,9731,R,pulsed load (rest)
640.96,0.0,3.739,26.60922,9731,R,pulsed load (rest)
641.96,0.0,3.739,26.60922,9731,R,pulsed load (rest)
642.96,0.0,3.74,26.60922,9731,R,pulsed load (rest)
643.96,0.0,3.74,26.60922,9731,R,pulsed load (rest)
644.96,0.0,3.741,26.60922,9731,R,pulsed load (rest)
645.96,0.0,3.741,26.60922,9731,R,pulsed load (rest)
646.96,0.0,3.742,26.60922,9731,R,pulsed load (rest)
647.96,0.0,3.742,26.60922,9731,R,pulsed load (rest)
648.96,0.0,3.743,26.60922,9731,R,pulsed load (rest)
649.96,0.0,3.743,26.60922,9731,R,pulsed load (rest)
650.96,0.0,3.744,26.60922,9731,R,pulsed load (rest)
651.96,0.0,3.744,26.60922,9731,R,pulsed load (rest)
652.96,0.0,3.745,26.60922,9731,R,pulsed load (rest)
653.96,0.0,3.745,26.60922,9731,R,pulsed load (rest)
654.96,0.0,3.746,26.60922,9731,R,pulsed load (rest)
655.96,0.0,3.746,26.60922,9731,R,pulsed load (rest)
656.96,0.0,3.746,26.59365,9731,R,pulsed load (rest)
657.96,0.0,3.747,26.60922,9731,R,pulsed load (rest)
658.96,0.0,3.747,26.59365,9731,R,pulsed load (rest)
659.96,0.0,3.748,26.59365,9731,R,pulsed load (rest)
660.96,0.0,3.748,26.59365,9731,R,pulsed load (rest)
661.96,0.0,3.749,26.59365,9731,R,pulsed load (rest)
662.96,0.0,3.749,26.59365,9731,R,pulsed load (rest)
663.96,0.0,3.749,26.59365,9731,R,pulsed load (rest)
664.96,0.0,3.75,26.57809,9731,R,pulsed load (rest)
665.96,0.0,3.75,26.57809,9731,R,pulsed load (rest)
666.96,0.0,3.75,26.57809,9731,R,pulsed load (rest)
667.96,0.0,3.751,26.57809,9731,R,pulsed load (rest)
668.96,0.0,3.751,26.57809,9731,R,pulsed load (rest)
669.96,0.0,3.752,26.57809,9731,R,pulsed load (rest)
670.96,0.0,3.752,26.57809,9731,R,pulsed load (rest)
671.96,0.0,3.752,26.57809,9731,R,pulsed load (rest)
672.96,0.0,3.753,26.57809,9731,R,pulsed load (rest)
673.96,0.0,3.753,26.57809,9731,R,pulsed load (rest)
674.96,0.0,3.753,26.57809,9731,R,pulsed load (rest)
675.96,0.0,3.754,26.57809,9731,R,pulsed load (rest)
676.96,0.0,3.754,26.57809,9731,R,pulsed load (rest)
677.96,0.0,3.754,26.57809,9731,R,pulsed load (rest)
678.96,0.0,3.754,26.57809,9731,R,pulsed load (rest)
679.96,0.0,3.755,26.57809,9731,R,pulsed load (rest)
680.96,0.0,3.755,26.57809,9731,R,pulsed load (rest)
681.96,0.0,3.756,26.57809,9731,R,pulsed load (rest)
682.96,0.0,3.756,26.57809,9731,R,pulsed load (rest)
683.96,0.0,3.756,26.56252,9731,R,pulsed load (rest)
684.96,0.0,3.756,26.56252,9731,R,pulsed load (rest)
685.96,0.0,3.757,26.56252,9731,R,pulsed load (rest)
686.96,0.0,3.757,26.56252,9731,R,pulsed load (rest)
687.96,0.0,3.757,26.56252,9731,R,pulsed load (rest)
688.96,0.0,3.758,26.56252,9731,R,pulsed load (rest)
689.96,0.0,3.758,26.56252,9731,R,pulsed load (rest)
690.96,0.0,3.758,26.57809,9731,R,pulsed load (rest)
691.96,0.0,3.758,26.56252,9731,R,pulsed load (rest)
692.96,0.0,3.759,26.56252,9731,R,pulsed load (rest)
693.96,0.0,3.759,26.56252,9731,R,pulsed load (rest)
694.96,0.0,3.759,26.56252,9731,R,pulsed load (rest)
695.96,0.0,3.76,26.56252,9731,R,pulsed load (rest)
696.96,0.0,3.76,26.56252,9731,R,pulsed load (rest)
697.96,0.0,3.76,26.56252,9731,R,pulsed load (rest)
698.96,0.0,3.76,26.56252,9731,R,pulsed load (rest)
699.96,0.0,3.761,26.54695,9731,R,pulsed load (rest)
700.96,0.0,3.761,26.54695,9731,R,pulsed load (rest)
701.96,0.0,3.761,26.54695,9731,R,pulsed load (rest)
702.96,0.0,3.761,26.54695,9731,R,pulsed load (rest)
703.96,0.0,3.762,26.54695,9731,R,pulsed load (rest)
704.96,0.0,3.762,26.54695,9731,R,pulsed load (rest)
705.96,0.0,3.762,26.54695,9731,R,pulsed load (rest)
706.96,0.0,3.762,26.54695,9731,R,pulsed load (rest)
707.96,0.0,3.762,26.54695,9731,R,pulsed load (rest)
708.96,0.0,3.763,26.54695,9731,R,pulsed load (rest)
709.96,0.0,3.763,26.53139,9731,R,pulsed load (rest)
710.96,0.0,3.763,26.53139,9731,R,pulsed load (rest)
711.96,0.0,3.763,26.53139,9731,R,pulsed load (rest)
712.96,0.0,3.763,26.53139,9731,R,pulsed load (rest)
713.96,0.0,3.764,26.53139,9731,R,pulsed load (rest)
714.96,0.0,3.764,26.53139,9731,R,pulsed load (rest)
715.96,0.0,3.764,26.53139,9731,R,pulsed load (rest)
716.96,0.0,3.764,26.53139,9731,R,pulsed load (rest)
717.96,0.0,3.764,26.53139,9731,R,pulsed load (rest)
718.96,0.0,3.765,26.53139,9731,R,pulsed load (rest)
719.96,0.0,3.765,26.53139,9731,R,pulsed load (rest)
720.96,0.0,3.765,26.51582,9731,R,pulsed load (rest)
721.96,0.0,3.765,26.51582,9731,R,pulsed load (rest)
722.96,0.0,3.765,26.51582,9731,R,pulsed load (rest)
723.96,0.0,3.766,26.51582,9731,R,pulsed load (rest)
724.96,0.0,3.766,26.51582,9731,R,pulsed load (rest)
725.96,0.0,3.766,26.51582,9731,R,pulsed load (rest)
726.96,0.0,3.766,26.51582,9731,R,pulsed load (rest)
727.96,0.0,3.766,26.51582,9731,R,pulsed load (rest)
728.96,0.0,3.767,26.50025,9731,R,pulsed load (rest)
729.96,0.0,3.767,26.50025,9731,R,pulsed load (rest)
730.96,0.0,3.767,26.50025,9731,R,pulsed load (rest)
731.96,0.0,3.767,26.48469,9731,R,pulsed load (rest)
732.96,0.0,3.767,26.50025,9731,R,pulsed load (rest)
733.96,0.0,3.767,26.50025,9731,R,pulsed load (rest)
734.96,0.0,3.768,26.50025,9731,R,pulsed load (rest)
735.96,0.0,3.768,26.50025,9731,R,pulsed load (rest)
736.96,0.0,3.768,26.48469,9731,R,pulsed load (rest)
737.96,0.0,3.768,26.48469,9731,R,pulsed load (rest)
738.96,0.0,3.768,26.48469,9731,R,pulsed load (rest)
739.96,0.0,3.768,26.48469,9731,R,pulsed load (rest)
740.96,0.0,3.769,26.48469,9731,R,pulsed load (rest)
741.96,0.0,3.769,26.48469,9731,R,pulsed load (rest)
742.96,0.0,3.769,26.48469,9731,R,pulsed load (rest)
743.96,0.0,3.769,26.46912,9731,R,pulsed load (rest)
744.96,0.0,3.769,26.46912,9731,R,pulsed load (rest)
745.96,0.0,3.769,26.46912,9731,R,pulsed load (rest)
746.96,0.0,3.77,26.46912,9731,R,pulsed load (rest)
747.96,0.0,3.77,26.46912,9731,R,pulsed load (rest)
748.96,0.0,3.77,26.45355,9731,R,pulsed load (rest)
749.96,0.0,3.77,26.45355,9731,R,pulsed load (rest)
750.96,0.0,3.77,26.45355,9731,R,pulsed load (rest)
751.96,0.0,3.77,26.45355,9731,R,pulsed load (rest)
752.96,0.0,3.77,26.45355,9731,R,pulsed load (rest)
753.96,0.0,3.771,26.45355,9731,R,pulsed load (rest)
754.96,0.0,3.771,26.43798,9731,R,pulsed load (rest)
755.96,0.0,3.771,26.43798,9731,R,pulsed load (rest)
756.96,0.0,3.771,26.42242,9731,R,pulsed load (rest)
757.96,0.0,3.771,26.42242,9731,R,pulsed load (rest)
758.96,0.0,3.771,26.42242,9731,R,pulsed load (rest)
759.96,0.0,3.771,26.42242,9731,R,pulsed load (rest)
760.96,0.0,3.772,26.42242,9731,R,pulsed load (rest)
761.96,0.0,3.772,26.42242,9731,R,pulsed load (rest)
762.96,0.0,3.772,26.42242,9731,R,pulsed load (rest)
763.96,0.0,3.772,26.42242,9731,R,pulsed load (rest)
764.96,0.0,3.772,26.40685,9731,R,pulsed load (rest)
765.96,0.0,3.772,26.40685,9731,R,pulsed load (rest)
766.96,0.0,3.772,26.40685,9731,R,pulsed load (rest)
767.96,0.0,3.772,26.40685,9731,R,pulsed load (rest)
768.96,0.0,3.773,26.40685,9731,R,pulsed load (rest)
769.96,0.0,3.773,26.40685,9731,R,pulsed load (rest)
770.96,0.0,3.773,26.40685,9731,R,pulsed load (rest)
771.96,0.0,3.773,26.40685,9731,R,pulsed load (rest)
772.96,0.0,3.773,26.40685,9731,R,pulsed load (rest)
773.96,0.0,3.773,26.40685,9731,R,pulsed load (rest)
774.96,0.0,3.773,26.40685,9731,R,pulsed load (rest)
775.96,0.0,3.773,26.39129,9731,R,pulsed load (rest)
776.96,0.0,3.774,26.39129,9731,R,pulsed load (rest)
777.96,0.0,3.774,26.39129,9731,R,pulsed load (rest)
778.96,0.0,3.774,26.39129,9731,R,pulsed load (rest)
779.96,0.0,3.774,26.39129,9731,R,pulsed load (rest)
780.96,0.0,3.774,26.39129,9731,R,pulsed load (rest)
781.96,0.0,3.774,26.39129,9731,R,pulsed load (rest)
782.96,0.0,3.774,26.39129,9731,R,pulsed load (rest)
783.96,0.0,3.774,26.39129,9731,R,pulsed load (rest)
784.96,0.0,3.774,26.39129,9731,R,pulsed load (rest)
785.96,0.0,3.775,26.39129,9731,R,pulsed load (rest)
786.96,0.0,3.775,26.39129,9731,R,pulsed load (rest)
787.96,0.0,3.775,26.37572,9731,R,pulsed load (rest)
788.96,0.0,3.775,26.37572,9731,R,pulsed load (rest)
789.96,0.0,3.775,26.37572,9731,R,pulsed load (rest)
790.96,0.0,3.775,26.36015,9731,R,pulsed load (rest)
791.96,0.0,3.775,26.36015,9731,R,pulsed load (rest)
792.96,0.0,3.775,26.36015,9731,R,pulsed load (rest)
793.96,0.0,3.776,26.34459,9731,R,pulsed load (rest)
794.96,0.0,3.776,26.36015,9731,R,pulsed load (rest)
795.96,0.0,3.776,26.34459,9731,R,pulsed load (rest)
796.96,0.0,3.776,26.34459,9731,R,pulsed load (rest)
797.96,0.0,3.776,26.34459,9731,R,pulsed load (rest)
798.96,0.0,3.776,26.34459,9731,R,pulsed load (rest)
799.96,0.0,3.776,26.36015,9731,R,pulsed load (rest)
800.96,0.0,3.776,26.34459,9731,R,pulsed load (rest)
801.96,0.0,3.776,26.34459,9731,R,pulsed load (rest)
802.96,0.0,3.777,26.34459,9731,R,pulsed load (rest)
803.96,0.0,3.777,26.34459,9731,R,pulsed load (rest)
804.96,0.0,3.777,26.34459,9731,R,pulsed load (rest)
805.96,0.0,3.777,26.32902,9731,R,pulsed load (rest)
806.96,0.0,3.777,26.34459,9731,R,pulsed load (rest)
807.96,0.0,3.777,26.34459,9731,R,pulsed load (rest)
808.96,0.0,3.777,26.32902,9731,R,pulsed load (rest)
809.96,0.0,3.777,26.32902,9731,R,pulsed load (rest)
810.96,0.0,3.777,26.32902,9731,R,pulsed load (rest)
811.96,0.0,3.777,26.32902,9731,R,pulsed load (rest)
812.96,0.0,3.778,26.32902,9731,R,pulsed load (rest)
813.96,0.0,3.778,26.31345,9731,R,pulsed load (rest)
814.96,0.0,3.778,26.31345,9731,R,pulsed load (rest)
815.96,0.0,3.778,26.31345,9731,R,pulsed load (rest)
816.96,0.0,3.778,26.31345,9731,R,pulsed load (rest)
817.96,0.0,3.778,26.32902,9731,R,pulsed load (rest)
818.96,0.0,3.778,26.32902,9731,R,pulsed load (rest)
819.96,0.0,3.778,26.32902,9731,R,pulsed load (rest)
820.96,0.0,3.778,26.31345,9731,R,pulsed load (rest)
821.96,0.0,3.778,26.31345,9731,R,pulsed load (rest)
822.96,0.0,3.778,26.31345,9731,R,pulsed load (rest)
823.96,0.0,3.779,26.31345,9731,R,pulsed load (rest)
824.96,0.0,3.779,26.31345,9731,R,pulsed load (rest)
825.96,0.0,3.779,26.31345,9731,R,pulsed load (rest)
826.96,0.0,3.779,26.31345,9731,R,pulsed load (rest)
827.96,0.0,3.779,26.31345,9731,R,pulsed load (rest)
828.96,0.0,3.779,26.31345,9731,R,pulsed load (rest)
829.96,0.0,3.779,26.29789,9731,R,pulsed load (rest)
830.96,0.0,3.779,26.29789,9731,R,pulsed load (rest)
831.96,0.0,3.779,26.29789,9731,R,pulsed load (rest)
832.96,0.0,3.779,26.29789,9731,R,pulsed load (rest)
833.96,0.0,3.779,26.29789,9731,R,pulsed load (rest)
834.96,0.0,3.779,26.29789,9731,R,pulsed load (rest)
835.96,0.0,3.78,26.29789,9731,R,pulsed load (rest)
836.96,0.0,3.78,26.29789,9731,R,pulsed load (rest)
837.96,0.0,3.78,26.29789,9731,R,pulsed load (rest)
838.96,0.0,3.78,26.29789,9731,R,pulsed load (rest)
839.96,0.0,3.78,26.28232,9731,R,pulsed load (rest)
840.96,0.0,3.78,26.28232,9731,R,pulsed load (rest)
841.96,0.0,3.78,26.28232,9731,R,pulsed load (rest)
842.96,0.0,3.78,26.28232,9731,R,pulsed load (rest)
843.96,0.0,3.78,26.28232,9731,R,pulsed load (rest)
844.96,0.0,3.78,26.28232,9731,R,pulsed load (rest)
845.96,0.0,3.78,26.28232,9731,R,pulsed load (rest)
846.96,0.0,3.78,26.29789,9731,R,pulsed load (rest)
847.96,0.0,3.78,26.28232,9731,R,pulsed load (rest)
848.96,0.0,3.78,26.28232,9731,R,pulsed load (rest)
849.96,0.0,3.781,26.28232,9731,R,pulsed load (rest)
850.96,0.0,3.781,26.28232,9731,R,pulsed load (rest)
851.96,0.0,3.781,26.28232,9731,R,pulsed load (rest)
852.96,0.0,3.781,26.28232,9731,R,pulsed load (rest)
853.96,0.0,3.781,26.28232,9731,R,pulsed load (rest)
854.96,0.0,3.781,26.28232,9731,R,pulsed load (rest)
855.96,0.0,3.781,26.28232,9731,R,pulsed load (rest)
856.96,0.0,3.781,26.28232,9731,R,pulsed load (rest)
857.96,0.0,3.781,26.26675,9731,R,pulsed load (rest)
858.96,0.0,3.781,26.26675,9731,R,pulsed load (rest)
859.96,0.0,3.781,26.26675,9731,R,pulsed load (rest)
860.96,0.0,3.781,26.25119,9731,R,pulsed load (rest)
861.96,0.0,3.782,26.25119,9731,R,pulsed load (rest)
862.96,0.0,3.782,26.25119,9731,R,pulsed load (rest)
863.96,0.0,3.782,26.25119,9731,R,pulsed load (rest)
864.96,0.0,3.782,26.25119,9731,R,pulsed load (rest)
865.96,0.0,3.782,26.25119,9731,R,pulsed load (rest)
866.96,0.0,3.782,26.25119,9731,R,pulsed load (rest)
867.96,0.0,3.782,26.25119,9731,R,pulsed load (rest)
868.96,0.0,3.782,26.25119,9731,R,pulsed load (rest)
869.96,0.0,3.782,26.25119,9731,R,pulsed load (rest)
870.96,0.0,3.782,26.23562,9731,R,pulsed load (rest)
871.96,0.0,3.782,26.25119,9731,R,pulsed load (rest)
872.96,0.0,3.782,26.25119,9731,R,pulsed load (rest)
873.96,0.0,3.782,26.23562,9731,R,pulsed load (rest)
874.96,0.0,3.782,26.25119,9731,R,pulsed load (rest)
875.96,0.0,3.782,26.23562,9731,R,pulsed load (rest)
876.96,0.0,3.783,26.23562,9731,R,pulsed load (rest)
877.96,0.0,3.783,26.23562,9731,R,pulsed load (rest)
878.96,0.0,3.783,26.23562,9731,R,pulsed load (rest)
879.96,0.0,3.783,26.23562,9731,R,pulsed load (rest)
880.96,0.0,3.783,26.23562,9731,R,pulsed load (rest)
881.96,0.0,3.783,26.23562,9731,R,pulsed load (rest)
882.96,0.0,3.783,26.25119,9731,R,pulsed load (rest)
883.96,0.0,3.783,26.25119,9731,R,pulsed load (rest)
884.96,0.0,3.783,26.25119,9731,R,pulsed load (rest)
885.96,0.0,3.783,26.23562,9731,R,pulsed load (rest)
886.96,0.0,3.783,26.23562,9731,R,pulsed load (rest)
887.96,0.0,3.783,26.23562,9731,R,pulsed load (rest)
888.96,0.0,3.783,26.23562,9731,R,pulsed load (rest)
889.96,0.0,3.783,26.23562,9731,R,pulsed load (rest)
890.96,0.0,3.783,26.23562,9731,R,pulsed load (rest)
891.96,0.0,3.783,26.23562,9731,R,pulsed load (rest)
892.96,0.0,3.783,26.23562,9731,R,pulsed load (rest)
893.96,0.0,3.783,26.23562,9731,R,pulsed load (rest)
894.96,0.0,3.784,26.23562,9731,R,pulsed load (rest)
895.96,0.0,3.784,26.23562,9731,R,pulsed load (rest)
896.96,0.0,3.784,26.23562,9731,R,pulsed load (rest)
897.96,0.0,3.784,26.23562,9731,R,pulsed load (rest)
898.96,0.0,3.784,26.23562,9731,R,pulsed load (rest)
899.96,0.0,3.784,26.23562,9731,R,pulsed load (rest)
900.96,0.0,3.784,26.23562,9731,R,pulsed load (rest)
901.96,0.0,3.784,26.23562,9731,R,pulsed load (rest)
902.96,0.0,3.784,26.23562,9731,R,pulsed load (rest)
903.96,0.0,3.784,26.23562,9731,R,pulsed load (rest)
904.96,0.0,3.784,26.22005,9731,R,pulsed load (rest)
905.96,0.0,3.784,26.22005,9731,R,pulsed load (rest)
906.96,0.0,3.784,26.20448,9731,R,pulsed load (rest)
907.96,0.0,3.784,26.20448,9731,R,pulsed load (rest)
908.96,0.0,3.785,26.20448,9731,R,pulsed load (rest)
909.96,0.0,3.785,26.20448,9731,R,pulsed load (rest)
910.96,0.0,3.785,26.20448,9731,R,pulsed load (rest)
911.96,0.0,3.785,26.20448,9731,R,pulsed load (rest)
912.96,0.0,3.785,26.20448,9731,R,pulsed load (rest)
913.96,0.0,3.785,26.20448,9731,R,pulsed load (rest)
914.96,0.0,3.785,26.20448,9731,R,pulsed load (rest)
915.96,0.0,3.785,26.20448,9731,R,pulsed load (rest)
916.96,0.0,3.785,26.20448,9731,R,pulsed load (rest)
917.96,0.0,3.785,26.20448,9731,R,pulsed load (rest)
918.96,0.0,3.785,26.20448,9731,R,pulsed load (rest)
919.96,0.0,3.785,26.20448,9731,R,pulsed load (rest)
920.96,0.0,3.785,26.20448,9731,R,pulsed load (rest)
921.96,0.0,3.785,26.20448,9731,R,pulsed load (rest)
922.96,0.0,3.785,26.20448,9731,R,pulsed load (rest)
923.96,0.0,3.785,26.20448,9731,R,pulsed load (rest)
924.96,0.0,3.785,26.18892,9731,R,pulsed load (rest)
925.96,0.0,3.786,26.18892,9731,R,pulsed load (rest)
926.96,0.0,3.785,26.18892,9731,R,pulsed load (rest)
927.96,0.0,3.786,26.18892,9731,R,pulsed load (rest)
928.96,0.0,3.786,26.18892,9731,R,pulsed load (rest)
929.96,0.0,3.786,26.18892,9731,R,pulsed load (rest)
930.96,0.0,3.786,26.18892,9731,R,pulsed load (rest)
931.96,0.0,3.786,26.18892,9731,R,pulsed load (rest)
932.96,0.0,3.786,26.18892,9731,R,pulsed load (rest)
933.96,0.0,3.786,26.17335,9731,R,pulsed load (rest)
934.96,0.0,3.786,26.17335,9731,R,pulsed load (rest)
935.96,0.0,3.786,26.17335,9731,R,pulsed load (rest)
936.96,0.0,3.786,26.17335,9731,R,pulsed load (rest)
937.96,0.0,3.786,26.17335,9731,R,pulsed load (rest)
938.96,0.0,3.786,26.17335,9731,R,pulsed load (rest)
939.96,0.0,3.786,26.17335,9731,R,pulsed load (rest)
940.96,0.0,3.786,26.17335,9731,R,pulsed load (rest)
941.96,0.0,3.786,26.17335,9731,R,pulsed load (rest)
942.96,0.0,3.786,26.17335,9731,R,pulsed load (rest)
943.96,0.0,3.786,26.15779,9731,R,pulsed load (rest)
944.96,0.0,3.786,26.15779,9731,R,pulsed load (rest)
945.96,0.0,3.786,26.15779,9731,R,pulsed load (rest)
946.96,0.0,3.786,26.15779,9731,R,pulsed load (rest)
947.96,0.0,3.787,26.15779,9731,R,pulsed load (rest)
948.96,0.0,3.786,26.15779,9731,R,pulsed load (rest)
949.96,0.0,3.787,26.15779,9731,R,pulsed load (rest)
950.96,0.0,3.787,26.15779,9731,R,pulsed load (rest)
951.96,0.0,3.787,26.15779,9731,R,pulsed load (rest)
952.96,0.0,3.787,26.15779,9731,R,pulsed load (rest)
953.96,0.0,3.787,26.14222,9731,R,pulsed load (rest)
954.96,0.0,3.787,26.14222,9731,R,pulsed load (rest)
955.96,0.0,3.787,26.14222,9731,R,pulsed load (rest)
956.96,0.0,3.787,26.14222,9731,R,pulsed load (rest)
957.96,0.0,3.787,26.14222,9731,R,pulsed load (rest)
958.96,0.0,3.787,26.14222,9731,R,pulsed load (rest)
959.96,0.0,3.787,26.12665,9731,R,pulsed load (rest)
960.96,0.0,3.787,26.12665,9731,R,pulsed load (rest)
961.96,0.0,3.787,26.12665,9731,R,pulsed load (rest)
962.96,0.0,3.787,26.12665,9731,R,pulsed load (rest)
963.96,0.0,3.787,26.12665,9731,R,pulsed load (rest)
964.96,0.0,3.787,26.12665,9731,R,pulsed load (rest)
965.96,0.0,3.787,26.12665,9731,R,pulsed load (rest)
966.96,0.0,3.787,26.12665,9731,R,pulsed load (rest)
967.96,0.0,3.787,26.12665,9731,R,pulsed load (rest)
968.96,0.0,3.787,26.12665,9731,R,pulsed load (rest)
969.96,0.0,3.788,26.12665,9731,R,pulsed load (rest)
970.96,0.0,3.788,26.12665,9731,R,pulsed load (rest)
971.96,0.0,3.788,26.11109,9731,R,pulsed load (rest)
972.96,0.0,3.788,26.11109,9731,R,pulsed load (rest)
973.96,0.0,3.787,26.11109,9731,R,pulsed load (rest)
974.96,0.0,3.788,26.11109,9731,R,pulsed load (rest)
975.96,0.0,3.788,26.11109,9731,R,pulsed load (rest)
976.96,0.0,3.788,26.11109,9731,R,pulsed load (rest)
977.96,0.0,3.788,26.11109,9731,R,pulsed load (rest)
978.96,0.0,3.788,26.11109,9731,R,pulsed load (rest)
979.96,0.0,3.788,26.11109,9731,R,pulsed load (rest)
980.96,0.0,3.788,26.11109,9731,R,pulsed load (rest)
981.96,0.0,3.788,26.11109,9731,R,pulsed load (rest)
982.96,0.0,3.788,26.11109,9731,R,pulsed load (rest)
983.96,0.0,3.788,26.11109,9731,R,pulsed load (rest)
984.96,0.0,3.788,26.11109,9731,R,pulsed load (rest)
985.96,0.0,3.788,26.11109,9731,R,pulsed load (rest)
986.96,0.0,3.788,26.11109,9731,R,pulsed load (rest)
987.96,0.0,3.788,26.11109,9731,R,pulsed load (rest)
988.96,0.0,3.788,26.11109,9731,R,pulsed load (rest)
989.96,0.0,3.788,26.11109,9731,R,pulsed load (rest)
990.96,0.0,3.788,26.11109,9731,R,pulsed load (rest)
991.96,0.0,3.788,26.09552,9731,R,pulsed load (rest)
992.96,0.0,3.788,26.09552,9731,R,pulsed load (rest)
993.96,0.0,3.788,26.09552,9731,R,pulsed load (rest)
994.96,0.0,3.789,26.09552,9731,R,pulsed load (rest)
995.96,0.0,3.788,26.07995,9731,R,pulsed load (rest)
996.96,0.0,3.789,26.07995,9731,R,pulsed load (rest)
997.96,0.0,3.789,26.07995,9731,R,pulsed load (rest)
998.96,0.0,3.789,26.07995,9731,R,pulsed load (rest)
999.96,0.0,3.789,26.07995,9731,R,pulsed load (rest)
1000.96,0.0,3.789,26.07995,9731,R,pulsed load (rest)
1001.96,0.0,3.789,26.07995,9731,R,pulsed load (rest)
1002.96,0.0,3.789,26.07995,9731,R,pulsed load (rest)
1003.96,0.0,3.789,26.07995,9731,R,pulsed load (rest)
1004.96,0.0,3.789,26.07995,9731,R,pulsed load (rest)
1005.96,0.0,3.789,26.07995,9731,R,pulsed load (rest)
1006.96,0.0,3.789,26.06439,9731,R,pulsed load (rest)
1007.96,0.0,3.789,26.06439,9731,R,pulsed load (rest)
1008.96,0.0,3.789,26.06439,9731,R,pulsed load (rest)
1009.96,0.0,3.789,26.06439,9731,R,pulsed load (rest)
1010.96,0.0,3.789,26.04882,9731,R,pulsed load (rest)
1011.96,0.0,3.789,26.04882,9731,R,pulsed load (rest)
1012.96,0.0,3.789,26.04882,9731,R,pulsed load (rest)
1013.96,0.0,3.789,26.04882,9731,R,pulsed load (rest)
1014.96,0.0,3.789,26.04882,9731,R,pulsed load (rest)
1015.96,0.0,3.789,26.04882,9731,R,pulsed load (rest)
1016.96,0.0,3.789,26.04882,9731,R,pulsed load (rest)
1017.96,0.0,3.789,26.04882,9731,R,pulsed load (rest)
1018.96,0.0,3.789,26.04882,9731,R,pulsed load (rest)
1019.96,0.0,3.789,26.03325,9731,R,pulsed load (rest)
1020.96,0.0,3.789,26.03325,9731,R,pulsed load (rest)
1021.96,0.0,3.789,26.03325,9731,R,pulsed load (rest)
1022.96,0.0,3.789,26.03325,9731,R,pulsed load (rest)
1023.96,0.0,3.789,26.03325,9731,R,pulsed load (rest)
1024.96,0.0,3.79,26.03325,9731,R,pulsed load (rest)
1025.96,0.0,3.79,26.03325,9731,R,pulsed load (rest)
1026.96,0.0,3.79,26.03325,9731,R,pulsed load (rest)
1027.96,0.0,3.79,26.03325,9731,R,pulsed load (rest)
1028.96,0.0,3.79,26.04882,9731,R,pulsed load (rest)
1029.96,0.0,3.79,26.04882,9731,R,pulsed load (rest)
1030.96,0.0,3.79,26.03325,9731,R,pulsed load (rest)
1031.96,0.0,3.79,26.04882,9731,R,pulsed load (rest)
1032.96,0.0,3.79,26.03325,9731,R,pulsed load (rest)
1033.96,0.0,3.79,26.03325,9731,R,pulsed load (rest)
1034.96,0.0,3.79,26.03325,9731,R,pulsed load (rest)
1035.96,0.0,3.79,26.03325,9731,R,pulsed load (rest)
1036.96,0.0,3.79,26.01768,9731,R,pulsed load (rest)
1037.96,0.0,3.79,26.01768,9731,R,pulsed load (rest)
1038.96,0.0,3.79,26.01768,9731,R,pulsed load (rest)
1039.96,0.0,3.79,26.01768,9731,R,pulsed load (rest)
1040.96,0.0,3.79,26.01768,9731,R,pulsed load (rest)
1041.96,0.0,3.79,26.01768,9731,R,pulsed load (rest)
1042.96,0.0,3.79,26.01768,9731,R,pulsed load (rest)
1043.96,0.0,3.79,26.01768,9731,R,pulsed load (rest)
1044.96,0.0,3.79,26.01768,9731,R,pulsed load (rest)
1045.96,0.0,3.79,26.01768,9731,R,pulsed load (rest)
1046.96,0.0,3.79,26.01768,9731,R,pulsed load (rest)
1047.96,0.0,3.79,26.01768,9731,R,pulsed load (rest)
1048.96,0.0,3.79,26.01768,9731,R,pulsed load (rest)
1049.96,0.0,3.79,26.01768,9731,R,pulsed load (rest)
1050.96,0.0,3.79,26.00212,9731,R,pulsed load (rest)
1051.96,0.0,3.79,26.00212,9731,R,pulsed load (rest)
1052.96,0.0,3.79,26.00212,9731,R,pulsed load (rest)
1053.96,0.0,3.791,26.00212,9731,R,pulsed load (rest)
1054.96,0.0,3.791,25.98655,9731,R,pulsed load (rest)
1055.96,0.0,3.79,25.98655,9731,R,pulsed load (rest)
1056.96,0.0,3.791,26.00212,9731,R,pulsed load (rest)
1057.96,0.0,3.791,25.98655,9731,R,pulsed load (rest)
1058.96,0.0,3.791,25.98655,9731,R,pulsed load (rest)
1059.96,0.0,3.791,25.98655,9731,R,pulsed load (rest)
1060.96,0.0,3.791,25.98655,9731,R,pulsed load (rest)
1061.96,0.0,3.791,25.98655,9731,R,pulsed load (rest)
1062.96,0.0,3.791,25.98655,9731,R,pulsed load (rest)
1063.96,0.0,3.791,25.98655,9731,R,pulsed load (rest)
1064.96,0.0,3.791,25.97099,9731,R,pulsed load (rest)
1065.96,0.0,3.791,25.97099,9731,R,pulsed load (rest)
1066.96,0.0,3.791,25.97099,9731,R,pulsed load (rest)
1067.96,0.0,3.791,25.97099,9731,R,pulsed load (rest)
1068.96,0.0,3.791,25.97099,9731,R,pulsed load (rest)
1069.96,0.0,3.791,25.97099,9731,R,pulsed load (rest)
1070.96,0.0,3.791,25.95542,9731,R,pulsed load (rest)
1071.96,0.0,3.791,25.95542,9731,R,pulsed load (rest)
1072.96,0.0,3.791,25.95542,9731,R,pulsed load (rest)
1073.96,0.0,3.791,25.95542,9731,R,pulsed load (rest)
1074.96,0.0,3.791,25.95542,9731,R,pulsed load (rest)
1075.96,0.0,3.791,25.95542,9731,R,pulsed load (rest)
1076.96,0.0,3.791,25.93985,9731,R,pulsed load (rest)
1077.96,0.0,3.791,25.93985,9731,R,pulsed load (rest)
1078.96,0.0,3.791,25.93985,9731,R,pulsed load (rest)
1079.96,0.0,3.791,25.93985,9731,R,pulsed load (rest)
1080.96,0.0,3.791,25.93985,9731,R,pulsed load (rest)
1081.96,0.0,3.791,25.93985,9731,R,pulsed load (rest)
1082.96,0.0,3.791,25.93985,9731,R,pulsed load (rest)
1083.96,0.0,3.791,25.92429,9731,R,pulsed load (rest)
1084.96,0.0,3.791,25.92429,9731,R,pulsed load (rest)
1085.96,0.0,3.792,25.92429,9731,R,pulsed load (rest)
1086.96,0.0,3.792,25.92429,9731,R,pulsed load (rest)
1087.96,0.0,3.792,25.92429,9731,R,pulsed load (rest)
1088.96,0.0,3.792,25.92429,9731,R,pulsed load (rest)
1089.96,0.0,3.792,25.92429,9731,R,pulsed load (rest)
1090.96,0.0,3.792,25.92429,9731,R,pulsed load (rest)
1091.96,0.0,3.792,25.92429,9731,R,pulsed load (rest)
1092.96,0.0,3.792,25.92429,9731,R,pulsed load (rest)
1093.96,0.0,3.792,25.92429,9731,R,pulsed load (rest)
1094.96,0.0,3.792,25.92429,9731,R,pulsed load (rest)
1095.96,0.0,3.792,25.92429,9731,R,pulsed load (rest)
1096.96,0.0,3.792,25.92429,9731,R,pulsed load (rest)
1097.96,0.0,3.792,25.92429,9731,R,pulsed load (rest)
1098.96,0.0,3.792,25.92429,9731,R,pulsed load (rest)
1099.96,0.0,3.792,25.90872,9731,R,pulsed load (rest)
1100.96,0.0,3.792,25.90872,9731,R,pulsed load (rest)
1101.96,0.0,3.792,25.90872,9731,R,pulsed load (rest)
1102.96,0.0,3.792,25.90872,9731,R,pulsed load (rest)
1103.96,0.0,3.792,25.90872,9731,R,pulsed load (rest)
1104.96,0.0,3.792,25.90872,9731,R,pulsed load (rest)
1105.96,0.0,3.792,25.90872,9731,R,pulsed load (rest)
1106.96,0.0,3.792,25.90872,9731,R,pulsed load (rest)
1107.96,0.0,3.792,25.90872,9731,R,pulsed load (rest)
1108.96,0.0,3.792,25.90872,9731,R,pulsed load (rest)
1109.96,0.0,3.792,25.90872,9731,R,pulsed load (rest)
1110.96,0.0,3.792,25.90872,9731,R,pulsed load (rest)
1111.96,0.0,3.792,25.90872,9731,R,pulsed load (rest)
1112.96,0.0,3.792,25.90872,9731,R,pulsed load (rest)
1113.96,0.0,3.792,25.90872,9731,R,pulsed load (rest)
1114.96,0.0,3.792,25.90872,9731,R,pulsed load (rest)
1115.96,0.0,3.792,25.90872,9731,R,pulsed load (rest)
1116.96,0.0,3.792,25.90872,9731,R,pulsed load (rest)
1117.96,0.0,3.792,25.90872,9731,R,pulsed load (rest)
1118.96,0.0,3.792,25.90872,9731,R,pulsed load (rest)
1119.96,0.0,3.792,25.90872,9731,R,pulsed load (rest)
1120.96,0.0,3.792,25.90872,9731,R,pulsed load (rest)
1121.96,0.0,3.793,25.89315,9731,R,pulsed load (rest)
1122.96,0.0,3.792,25.89315,9731,R,pulsed load (rest)
1123.96,0.0,3.792,25.89315,9731,R,pulsed load (rest)
1124.96,0.0,3.793,25.89315,9731,R,pulsed load (rest)
1125.96,0.0,3.793,25.90872,9731,R,pulsed load (rest)
1126.96,0.0,3.793,25.90872,9731,R,pulsed load (rest)
1127.96,0.0,3.793,25.89315,9731,R,pulsed load (rest)
1128.96,0.0,3.793,25.89315,9731,R,pulsed load (rest)
1129.96,0.0,3.793,25.89315,9731,R,pulsed load (rest)
1130.96,0.0,3.793,25.89315,9731,R,pulsed load (rest)
1131.96,0.0,3.793,25.89315,9731,R,pulsed load (rest)
1132.96,0.0,3.793,25.89315,9731,R,pulsed load (rest)
1133.96,0.0,3.793,25.89315,9731,R,pulsed load (rest)
1134.96,0.0,3.793,25.89315,9731,R,pulsed load (rest)
1135.96,0.0,3.793,25.87759,9731,R,pulsed load (rest)
1136.96,0.0,3.793,25.87759,9731,R,pulsed load (rest)
1137.96,0.0,3.793,25.87759,9731,R,pulsed load (rest)
1138.96,0.0,3.793,25.87759,9731,R,pulsed load (rest)
1139.96,0.0,3.793,25.87759,9731,R,pulsed load (rest)
1140.96,0.0,3.793,25.89315,9731,R,pulsed load (rest)
1141.96,0.0,3.793,25.89315,9731,R,pulsed load (rest)
1142.96,0.0,3.793,25.89315,9731,R,pulsed load (rest)
1143.96,0.0,3.793,25.89315,9731,R,pulsed load (rest)
1144.96,0.0,3.793,25.89315,9731,R,pulsed load (rest)
1145.96,0.0,3.793,25.89315,9731,R,pulsed load (rest)
1146.96,0.0,3.793,25.87759,9731,R,pulsed load (rest)
1147.96,0.0,3.793,25.89315,9731,R,pulsed load (rest)
1148.96,0.0,3.793,25.89315,9731,R,pulsed load (rest)
1149.96,0.0,3.793,25.87759,9731,R,pulsed load (rest)
1150.96,0.0,3.793,25.87759,9731,R,pulsed load (rest)
1151.96,0.0,3.793,25.87759,9731,R,pulsed load (rest)
1152.96,0.0,3.793,25.87759,9731,R,pulsed load (rest)
1153.96,0.0,3.793,25.87759,9731,R,pulsed load (rest)
1154.96,0.0,3.793,25.87759,9731,R,pulsed load (rest)
1155.96,0.0,3.793,25.87759,9731,R,pulsed load (rest)
1156.96,0.0,3.793,25.86202,9731,R,pulsed load (rest)
1157.96,0.0,3.793,25.86202,9731,R,pulsed load (rest)
1158.96,0.0,3.793,25.86202,9731,R,pulsed load (rest)
1159.96,0.0,3.793,25.86202,9731,R,pulsed load (rest)
1160.96,0.0,3.793,25.86202,9731,R,pulsed load (rest)
1161.96,0.0,3.793,25.86202,9731,R,pulsed load (rest)
1162.96,0.0,3.793,25.86202,9731,R,pulsed load (rest)
1163.96,0.0,3.793,25.86202,9731,R,pulsed load (rest)
1164.96,0.0,3.793,25.86202,9731,R,pulsed load (rest)
1165.96,0.0,3.793,25.86202,9731,R,pulsed load (rest)
1166.96,0.0,3.793,25.86202,9731,R,pulsed load (rest)
1167.96,0.0,3.793,25.86202,9731,R,pulsed load (rest)
1168.96,0.0,3.794,25.87759,9731,R,pulsed load (rest)
1169.96,0.0,3.794,25.87759,9731,R,pulsed load (rest)
1170.96,0.0,3.794,25.87759,9731,R,pulsed load (rest)
1171.96,0.0,3.794,25.87759,9731,R,pulsed load (rest)
1172.96,0.0,3.794,25.86202,9731,R,pulsed load (rest)
1173.96,0.0,3.794,25.86202,9731,R,pulsed load (rest)
1174.96,0.0,3.794,25.86202,9731,R,pulsed load (rest)
1175.96,0.0,3.794,25.86202,9731,R,pulsed load (rest)
1176.96,0.0,3.794,25.86202,9731,R,pulsed load (rest)
1177.96,0.0,3.794,25.86202,9731,R,pulsed load (rest)
1178.96,0.0,3.794,25.86202,9731,R,pulsed load (rest)
1179.96,0.0,3.794,25.86202,9731,R,pulsed load (rest)
1180.96,0.0,3.794,25.84645,9731,R,pulsed load (rest)
1181.96,0.0,3.794,25.84645,9731,R,pulsed load (rest)
1182.96,0.0,3.794,25.84645,9731,R,pulsed load (rest)
1183.96,0.0,3.794,25.84645,9731,R,pulsed load (rest)
1184.96,0.0,3.794,25.86202,9731,R,pulsed load (rest)
1185.96,0.0,3.794,25.86202,9731,R,pulsed load (rest)
1186.96,0.0,3.794,25.84645,9731,R,pulsed load (rest)
1187.96,0.0,3.794,25.84645,9731,R,pulsed load (rest)
1188.96,0.0,3.794,25.84645,9731,R,pulsed load (rest)
1189.96,0.0,3.794,25.84645,9731,R,pulsed load (rest)
1190.96,0.0,3.794,25.84645,9731,R,pulsed load (rest)
1191.96,0.0,3.794,25.84645,9731,R,pulsed load (rest)
1192.96,0.0,3.794,25.84645,9731,R,pulsed load (rest)
1193.96,0.0,3.794,25.84645,9731,R,pulsed load (rest)
1194.96,0.0,3.794,25.83088,9731,R,pulsed load (rest)
1195.96,0.0,3.794,25.83088,9731,R,pulsed load (rest)
1196.96,0.0,3.794,25.83088,9731,R,pulsed load (rest)
1197.96,0.0,3.794,25.83088,9731,R,pulsed load (rest)
1198.96,0.0,3.794,25.83088,9731,R,pulsed load (rest)
1199.96,0.0,3.794,25.83088,9731,R,pulsed load (rest)
1200.96,0.0,3.794,25.83088,9731,R,pulsed load (rest)
1201.96,0.0,3.794,25.83088,9731,R,pulsed load (rest)
1202.96,0.0,3.794,25.83088,9731,R,pulsed load (rest)
1203.96,0.0,3.794,25.83088,9731,R,pulsed load (rest)
1204.96,0.0,3.794,25.84645,9731,R,pulsed load (rest)
1205.96,0.0,3.794,25.84645,9731,R,pulsed load (rest)
1206.96,0.0,3.794,25.83088,9731,R,pulsed load (rest)
1207.96,0.0,3.794,25.84645,9731,R,pulsed load (rest)
1208.96,0.0,3.795,25.83088,9731,R,pulsed load (rest)
1209.96,0.0,3.795,25.83088,9731,R,pulsed load (rest)
1210.96,0.0,3.795,25.83088,9731,R,pulsed load (rest)
1211.96,0.0,3.795,25.83088,9731,R,pulsed load (rest)
1212.96,0.0,3.795,25.83088,9731,R,pulsed load (rest)
1213.96,0.0,3.795,25.83088,9731,R,pulsed load (rest)
1214.96,0.0,3.795,25.83088,9731,R,pulsed load (rest)
1215.96,0.0,3.795,25.83088,9731,R,pulsed load (rest)
1216.96,0.0,3.795,25.83088,9731,R,pulsed load (rest)
1217.96,0.0,3.795,25.83088,9731,R,pulsed load (rest)
1218.96,0.0,3.795,25.83088,9731,R,pulsed load (rest)
1219.96,0.0,3.795,25.83088,9731,R,pulsed load (rest)
1220.96,0.0,3.795,25.83088,9731,R,pulsed load (rest)
1221.96,0.0,3.795,25.83088,9731,R,pulsed load (rest)
1222.96,0.0,3.795,25.83088,9731,R,pulsed load (rest)
1223.96,0.0,3.795,25.83088,9731,R,pulsed load (rest)
1224.96,0.0,3.795,25.83088,9731,R,pulsed load (rest)
1225.96,0.0,3.795,25.83088,9731,R,pulsed load (rest)
1226.96,0.0,3.795,25.83088,9731,R,pulsed load (rest)
1227.96,0.0,3.795,25.83088,9731,R,pulsed load (rest)
1228.96,0.0,3.795,25.83088,9731,R,pulsed load (rest)
1229.96,0.0,3.795,25.83088,9731,R,pulsed load (rest)
1230.96,0.0,3.795,25.83088,9731,R,pulsed load (rest)
1231.96,0.0,3.795,25.83088,9731,R,pulsed load (rest)
1232.96,0.0,3.795,25.83088,9731,R,pulsed load (rest)
1233.96,0.0,3.795,25.83088,9731,R,pulsed load (rest)
1234.96,0.0,3.795,25.83088,9731,R,pulsed load (rest)
1235.96,0.0,3.795,25.83088,9731,R,pulsed load (rest)
1236.96,0.0,3.795,25.81532,9731,R,pulsed load (rest)
1237.96,0.0,3.795,25.81532,9731,R,pulsed load (rest)
1238.96,0.0,3.795,25.81532,9731,R,pulsed load (rest)
1239.96,0.0,3.795,25.81532,9731,R,pulsed load (rest)
1240.96,0.0,3.795,25.81532,9731,R,pulsed load (rest)
1241.96,0.0,3.795,25.79975,9731,R,pulsed load (rest)
1242.96,0.0,3.795,25.79975,9731,R,pulsed load (rest)
1243.96,0.0,3.795,25.79975,9731,R,pulsed load (rest)
1244.96,0.0,3.795,25.79975,9731,R,pulsed load (rest)
1245.96,0.0,3.795,25.79975,9731,R,pulsed load (rest)
1246.96,0.0,3.795,25.79975,9731,R,pulsed load (rest)
1247.96,0.0,3.795,25.79975,9731,R,pulsed load (rest)
1248.96,0.0,3.795,25.79975,9731,R,pulsed load (rest)
1249.96,0.0,3.795,25.78419,9731,R,pulsed load (rest)
1250.96,0.0,3.795,25.78419,9731,R,pulsed load (rest)
1251.96,0.0,3.795,25.78419,9731,R,pulsed load (rest)
1252.96,0.0,3.795,25.78419,9731,R,pulsed load (rest)
1253.96,0.0,3.795,25.78419,9731,R,pulsed load (rest)
1254.96,0.0,3.796,25.78419,9731,R,pulsed load (rest)
1255.96,0.0,3.795,25.78419,9731,R,pulsed load (rest)
1256.96,0.0,3.795,25.78419,9731,R,pulsed load (rest)
1257.96,0.0,3.796,25.76862,9731,R,pulsed load (rest)
1258.96,0.0,3.796,25.76862,9731,R,pulsed load (rest)
1259.96,0.0,3.796,25.76862,9731,R,pulsed load (rest)
1260.96,0.0,3.795,25.76862,9731,R,pulsed load (rest)
1261.96,0.0,3.796,25.76862,9731,R,pulsed load (rest)
1262.96,0.0,3.796,25.76862,9731,R,pulsed load (rest)
1263.96,0.0,3.796,25.75305,9731,R,pulsed load (rest)
1264.96,0.0,3.796,25.75305,9731,R,pulsed load (rest)
1265.96,0.0,3.796,25.75305,9731,R,pulsed load (rest)
1266.96,0.0,3.796,25.75305,9731,R,pulsed load (rest)
1267.96,0.0,3.796,25.76862,9731,R,pulsed load (rest)
1268.96,0.0,3.796,25.76862,9731,R,pulsed load (rest)
1269.96,0.0,3.796,25.75305,9731,R,pulsed load (rest)
1270.96,0.0,3.796,25.75305,9731,R,pulsed load (rest)
1271.96,0.0,3.796,25.75305,9731,R,pulsed load (rest)
1272.96,0.0,3.796,25.75305,9731,R,pulsed load (rest)
1273.96,0.0,3.796,25.75305,9731,R,pulsed load (rest)
1274.96,0.0,3.796,25.75305,9731,R,pulsed load (rest)
1275.96,0.0,3.796,25.73748,9731,R,pulsed load (rest)
1276.96,0.0,3.796,25.73748,9731,R,pulsed load (rest)
1277.96,0.0,3.796,25.73748,9731,R,pulsed load (rest)
1278.96,0.0,3.796,25.73748,9731,R,pulsed load (rest)
1279.96,0.0,3.796,25.73748,9731,R,pulsed load (rest)
1280.96,0.0,3.796,25.72192,9731,R,pulsed load (rest)
1281.96,0.0,3.796,25.73748,9731,R,pulsed load (rest)
1282.96,0.0,3.796,25.73748,9731,R,pulsed load (rest)
1283.96,0.0,3.796,25.73748,9731,R,pulsed load (rest)
1284.96,0.0,3.796,25.73748,9731,R,pulsed load (rest)
1285.96,0.0,3.796,25.73748,9731,R,pulsed load (rest)
1286.96,0.0,3.796,25.72192,9731,R,pulsed load (rest)
1287.96,0.0,3.796,25.72192,9731,R,pulsed load (rest)
1288.96,0.0,3.796,25.72192,9731,R,pulsed load (rest)
1289.96,0.0,3.796,25.72192,9731,R,pulsed load (rest)
1290.96,0.0,3.796,25.72192,9731,R,pulsed load (rest)
1291.96,0.0,3.796,25.72192,9731,R,pulsed load (rest)
1292.96,0.0,3.796,25.72192,9731,R,pulsed load (rest)
1293.96,0.0,3.796,25.72192,9731,R,pulsed load (rest)
1294.96,0.0,3.796,25.70635,9731,R,pulsed load (rest)
1295.96,0.0,3.796,25.70635,9731,R,pulsed load (rest)
1296.96,0.0,3.796,25.72192,9731,R,pulsed load (rest)
1297.96,0.0,3.796,25.72192,9731,R,pulsed load (rest)
1298.96,0.0,3.796,25.72192,9731,R,pulsed load (rest)
1299.96,0.0,3.796,25.72192,9731,R,pulsed load (rest)
1300.96,0.0,3.796,25.70635,9731,R,pulsed load (rest)
1301.96,0.0,3.796,25.70635,9731,R,pulsed load (rest)
1302.96,0.0,3.796,25.70635,9731,R,pulsed load (rest)
1303.96,0.0,3.796,25.70635,9731,R,pulsed load (rest)
1304.96,0.0,3.796,25.70635,9731,R,pulsed load (rest)
1305.96,0.0,3.796,25.70635,9731,R,pulsed load (rest)
1306.96,0.0,3.796,25.70635,9731,R,pulsed load (rest)
1307.96,0.0,3.796,25.70635,9731,R,pulsed load (rest)
1308.96,0.0,3.797,25.69079,9731,R,pulsed load (rest)
1309.96,0.0,3.796,25.69079,9731,R,pulsed load (rest)
1310.96,0.0,3.796,25.69079,9731,R,pulsed load (rest)
1311.96,0.0,3.797,25.69079,9731,R,pulsed load (rest)
1312.96,0.0,3.796,25.69079,9731,R,pulsed load (rest)
1313.96,0.0,3.796,25.69079,9731,R,pulsed load (rest)
1314.96,0.0,3.796,25.67522,9731,R,pulsed load (rest)
1315.96,0.0,3.797,25.67522,9731,R,pulsed load (rest)
1316.96,0.0,3.797,25.67522,9731,R,pulsed load (rest)
1317.96,0.0,3.797,25.67522,9731,R,pulsed load (rest)
1318.96,0.0,3.797,25.67522,9731,R,pulsed load (rest)
1319.96,0.0,3.797,25.67522,9731,R,pulsed load (rest)
1320.96,0.0,3.797,25.67522,9731,R,pulsed load (rest)
1321.96,0.0,3.797,25.67522,9731,R,pulsed load (rest)
1322.96,0.0,3.797,25.65965,9731,R,pulsed load (rest)
1323.96,0.0,3.797,25.65965,9731,R,pulsed load (rest)
1324.96,0.0,3.797,25.67522,9731,R,pulsed load (rest)
1325.96,0.0,3.797,25.67522,9731,R,pulsed load (rest)
1326.96,0.0,3.797,25.65965,9731,R,pulsed load (rest)
1327.96,0.0,3.797,25.65965,9731,R,pulsed load (rest)
1328.96,0.0,3.797,25.65965,9731,R,pulsed load (rest)
1329.96,0.0,3.797,25.65965,9731,R,pulsed load (rest)
1330.96,0.0,3.797,25.65965,9731,R,pulsed load (rest)
1331.96,0.0,3.797,25.65965,9731,R,pulsed load (rest)
1332.96,0.0,3.797,25.65965,9731,R,pulsed load (rest)
1333.96,0.0,3.797,25.65965,9731,R,pulsed load (rest)
1334.96,0.0,3.797,25.64409,9731,R,pulsed load (rest)
1335.96,0.0,3.797,25.64409,9731,R,pulsed load (rest)
1336.96,0.0,3.797,25.64409,9731,R,pulsed load (rest)
1337.96,0.0,3.797,25.64409,9731,R,pulsed load (rest)
1338.96,0.0,3.797,25.64409,9731,R,pulsed load (rest)
1339.96,0.0,3.797,25.64409,9731,R,pulsed load (rest)
1340.96,0.0,3.797,25.64409,9731,R,pulsed load (rest)
1341.96,0.0,3.797,25.64409,9731,R,pulsed load (rest)
1342.96,0.0,3.797,25.62852,9731,R,pulsed load (rest)
1343.96,0.0,3.797,25.62852,9731,R,pulsed load (rest)
1344.96,0.0,3.797,25.64409,9731,R,pulsed load (rest)
1345.96,0.0,3.797,25.64409,9731,R,pulsed load (rest)
1346.96,0.0,3.797,25.64409,9731,R,pulsed load (rest)
1347.96,0.0,3.797,25.64409,9731,R,pulsed load (rest)
1348.96,0.0,3.797,25.64409,9731,R,pulsed load (rest)
1349.96,0.0,3.797,25.64409,9731,R,pulsed load (rest)
1350.96,0.0,3.797,25.64409,9731,R,pulsed load (rest)
1351.96,0.0,3.797,25.64409,9731,R,pulsed load (rest)
1352.96,0.0,3.797,25.64409,9731,R,pulsed load (rest)
1353.96,0.0,3.797,25.64409,9731,R,pulsed load (rest)
1354.96,0.0,3.797,25.64409,9731,R,pulsed load (rest)
1355.96,0.0,3.797,25.64409,9731,R,pulsed load (rest)
1356.96,0.0,3.797,25.64409,9731,R,pulsed load (rest)
1357.96,0.0,3.797,25.64409,9731,R,pulsed load (rest)
1358.96,0.0,3.797,25.64409,9731,R,pulsed load (rest)
1359.96,0.0,3.797,25.64409,9731,R,pulsed load (rest)
1360.96,0.0,3.797,25.64409,9731,R,pulsed load (rest)
1361.96,0.0,3.797,25.64409,9731,R,pulsed load (rest)
1362.96,0.0,3.797,25.64409,9731,R,pulsed load (rest)
1363.96,0.0,3.797,25.64409,9731,R,pulsed load (rest)
1364.96,0.0,3.797,25.64409,9731,R,pulsed load (rest)
1365.96,0.0,3.797,25.64409,9731,R,pulsed load (rest)
1366.96,0.0,3.797,25.64409,9731,R,pulsed load (rest)
1367.96,0.0,3.797,25.64409,9731,R,pulsed load (rest)
1368.96,0.0,3.797,25.64409,9731,R,pulsed load (rest)
1369.96,0.0,3.798,25.64409,9731,R,pulsed load (rest)
1370.96,0.0,3.797,25.62852,9731,R,pulsed load (rest)
1371.96,0.0,3.797,25.62852,9731,R,pulsed load (rest)
1372.96,0.0,3.797,25.62852,9731,R,pulsed load (rest)
1373.96,0.0,3.797,25.62852,9731,R,pulsed load (rest)
1374.96,0.0,3.798,25.62852,9731,R,pulsed load (rest)
1375.96,0.0,3.798,25.62852,9731,R,pulsed load (rest)
1376.96,0.0,3.798,25.62852,9731,R,pulsed load (rest)
1377.96,0.0,3.797,25.62852,9731,R,pulsed load (rest)
1378.96,0.0,3.798,25.62852,9731,R,pulsed load (rest)
1379.96,0.0,3.797,25.62852,9731,R,pulsed load (rest)
1380.96,0.0,3.798,25.62852,9731,R,pulsed load (rest)
1381.96,0.0,3.798,25.62852,9731,R,pulsed load (rest)
1382.96,0.0,3.798,25.62852,9731,R,pulsed load (rest)
1383.96,0.0,3.798,25.62852,9731,R,pulsed load (rest)
1384.96,0.0,3.798,25.62852,9731,R,pulsed load (rest)
1385.96,0.0,3.798,25.62852,9731,R,pulsed load (rest)
1386.96,0.0,3.798,25.62852,9731,R,pulsed load (rest)
1387.96,0.0,3.798,25.61295,9731,R,pulsed load (rest)
1388.96,0.0,3.798,25.61295,9731,R,pulsed load (rest)
1389.96,0.0,3.798,25.62852,9731,R,pulsed load (rest)
1390.96,0.0,3.798,25.62852,9731,R,pulsed load (rest)
1391.96,0.0,3.798,25.62852,9731,R,pulsed load (rest)
1392.96,0.0,3.798,25.62852,9731,R,pulsed load (rest)
1393.96,0.0,3.798,25.62852,9731,R,pulsed load (rest)
1394.96,0.0,3.798,25.62852,9731,R,pulsed load (rest)
1395.96,0.0,3.798,25.62852,9731,R,pulsed load (rest)
1396.96,0.0,3.798,25.62852,9731,R,pulsed load (rest)
1397.96,0.0,3.798,25.62852,9731,R,pulsed load (rest)
1398.96,0.0,3.798,25.62852,9731,R,pulsed load (rest)
1399.96,0.0,3.798,25.62852,9731,R,pulsed load (rest)
1400.96,0.0,3.798,25.62852,9731,R,pulsed load (rest)
1401.96,0.0,3.798,25.62852,9731,R,pulsed load (rest)
1402.96,0.0,3.798,25.62852,9731,R,pulsed load (rest)
1403.96,0.0,3.798,25.61295,9731,R,pulsed load (rest)
1404.96,0.0,3.798,25.62852,9731,R,pulsed load (rest)
1405.96,0.0,3.798,25.61295,9731,R,pulsed load (rest)
1406.96,0.0,3.798,25.62852,9731,R,pulsed load (rest)
1407.96,0.0,3.798,25.62852,9731,R,pulsed load (rest)
1408.96,0.0,3.798,25.62852,9731,R,pulsed load (rest)
1409.96,0.0,3.798,25.62852,9731,R,pulsed load (rest)
1410.96,0.0,3.798,25.62852,9731,R,pulsed load (rest)
1411.96,0.0,3.798,25.62852,9731,R,pulsed load (rest)
1412.96,0.0,3.798,25.62852,9731,R,pulsed load (rest)
1413.96,0.0,3.798,25.62852,9731,R,pulsed load (rest)
1414.96,0.0,3.798,25.62852,9731,R,pulsed load (rest)
1415.96,0.0,3.798,25.62852,9731,R,pulsed load (rest)
1416.96,0.0,3.798,25.62852,9731,R,pulsed load (rest)
1417.96,0.0,3.798,25.62852,9731,R,pulsed load (rest)
1418.96,0.0,3.798,25.62852,9731,R,pulsed load (rest)
1419.96,0.0,3.798,25.62852,9731,R,pulsed load (rest)
1420.96,0.0,3.798,25.61295,9731,R,pulsed load (rest)
1421.96,0.0,3.798,25.61295,9731,R,pulsed load (rest)
1422.96,0.0,3.798,25.61295,9731,R,pulsed load (rest)
1423.96,0.0,3.798,25.61295,9731,R,pulsed load (rest)
1424.96,0.0,3.798,25.61295,9731,R,pulsed load (rest)
1425.96,0.0,3.798,25.61295,9731,R,pulsed load (rest)
1426.96,0.0,3.798,25.61295,9731,R,pulsed load (rest)
1427.96,0.0,3.798,25.61295,9731,R,pulsed load (rest)
1428.96,0.0,3.798,25.61295,9731,R,pulsed load (rest)
1429.96,0.0,3.798,25.61295,9731,R,pulsed load (rest)
1430.96,0.0,3.798,25.61295,9731,R,pulsed load (rest)
1431.96,0.0,3.798,25.61295,9731,R,pulsed load (rest)
1432.96,0.0,3.798,25.61295,9731,R,pulsed load (rest)
1433.96,0.0,3.798,25.61295,9731,R,pulsed load (rest)
1434.96,0.0,3.798,25.61295,9731,R,pulsed load (rest)
1435.96,0.0,3.798,25.61295,9731,R,pulsed load (rest)
1436.96,0.0,3.798,25.61295,9731,R,pulsed load (rest)
1437.96,0.0,3.799,25.61295,9731,R,pulsed load (rest)
1438.96,0.0,3.799,25.61295,9731,R,pulsed load (rest)
1439.96,0.0,3.798,25.61295,9731,R,pulsed load (rest)
1440.96,0.0,3.798,25.59739,9731,R,pulsed load (rest)
1441.96,0.0,3.798,25.59739,9731,R,pulsed load (rest)
1442.96,0.0,3.799,25.59739,9731,R,pulsed load (rest)
1443.96,0.0,3.798,25.59739,9731,R,pulsed load (rest)
1444.96,0.0,3.798,25.59739,9731,R,pulsed load (rest)
1445.96,0.0,3.798,25.59739,9731,R,pulsed load (rest)
1446.96,0.0,3.798,25.59739,9731,R,pulsed load (rest)
1447.96,0.0,3.798,25.59739,9731,R,pulsed load (rest)
1448.96,0.0,3.799,25.59739,9731,R,pulsed load (rest)
1449.96,0.0,3.799,25.59739,9731,R,pulsed load (rest)
1450.96,0.0,3.799,25.58182,9731,R,pulsed load (rest)
1451.96,0.0,3.799,25.58182,9731,R,pulsed load (rest)
1452.96,0.0,3.799,25.59739,9731,R,pulsed load (rest)
1453.96,0.0,3.799,25.59739,9731,R,pulsed load (rest)
1454.96,0.0,3.799,25.59739,9731,R,pulsed load (rest)
1455.96,0.0,3.799,25.59739,9731,R,pulsed load (rest)
1456.96,0.0,3.799,25.59739,9731,R,pulsed load (rest)
1457.96,0.0,3.799,25.59739,9731,R,pulsed load (rest)
1458.96,0.0,3.799,25.59739,9731,R,pulsed load (rest)
1459.96,0.0,3.799,25.59739,9731,R,pulsed load (rest)
1460.96,0.0,3.799,25.59739,9731,R,pulsed load (rest)
1461.96,0.0,3.799,25.59739,9731,R,pulsed load (rest)
1462.96,0.0,3.799,25.59739,9731,R,pulsed load (rest)
1463.96,0.0,3.799,25.59739,9731,R,pulsed load (rest)
1464.96,0.0,3.799,25.59739,9731,R,pulsed load (rest)
1465.96,0.0,3.799,25.59739,9731,R,pulsed load (rest)
1466.96,0.0,3.799,25.58182,9731,R,pulsed load (rest)
1467.96,0.0,3.799,25.58182,9731,R,pulsed load (rest)
1468.96,0.0,3.799,25.59739,9731,R,pulsed load (rest)
1469.96,0.0,3.799,25.59739,9731,R,pulsed load (rest)
1470.96,0.0,3.799,25.58182,9731,R,pulsed load (rest)
1471.96,0.0,3.799,25.58182,9731,R,pulsed load (rest)
1472.96,0.0,3.799,25.58182,9731,R,pulsed load (rest)
1473.96,0.0,3.799,25.56625,9731,R,pulsed load (rest)
1474.96,0.0,3.799,25.58182,9731,R,pulsed load (rest)
1475.96,0.0,3.799,25.58182,9731,R,pulsed load (rest)
1476.96,0.0,3.799,25.56625,9731,R,pulsed load (rest)
1477.96,0.0,3.799,25.58182,9731,R,pulsed load (rest)
1478.96,0.0,3.799,25.56625,9731,R,pulsed load (rest)
1479.96,0.0,3.799,25.56625,9731,R,pulsed load (rest)
1480.96,0.0,3.799,25.58182,9731,R,pulsed load (rest)
1481.96,0.0,3.799,25.58182,9731,R,pulsed load (rest)
1482.96,0.0,3.799,25.58182,9731,R,pulsed load (rest)
1483.96,0.0,3.799,25.58182,9731,R,pulsed load (rest)
1484.96,0.0,3.799,25.58182,9731,R,pulsed load (rest)
1485.96,0.0,3.799,25.56625,9731,R,pulsed load (rest)
1486.96,0.0,3.799,25.58182,9731,R,pulsed load (rest)
1487.96,0.0,3.799,25.56625,9731,R,pulsed load (rest)
1488.96,0.0,3.799,25.58182,9731,R,pulsed load (rest)
1489.96,0.0,3.799,25.58182,9731,R,pulsed load (rest)
1490.96,0.0,3.799,25.56625,9731,R,pulsed load (rest)
1491.96,0.0,3.799,25.58182,9731,R,pulsed load (rest)
1492.96,0.0,3.799,25.58182,9731,R,pulsed load (rest)
1493.96,0.0,3.799,25.56625,9731,R,pulsed load (rest)
1494.96,0.0,3.799,25.58182,9731,R,pulsed load (rest)
1495.96,0.0,3.799,25.56625,9731,R,pulsed load (rest)
1496.96,0.0,3.799,25.56625,9731,R,pulsed load (rest)
1497.96,0.0,3.799,25.56625,9731,R,pulsed load (rest)
1498.96,0.0,3.799,25.56625,9731,R,pulsed load (rest)
1499.96,0.0,3.799,25.56625,9731,R,pulsed load (rest)
1500.96,0.0,3.799,25.56625,9731,R,pulsed load (rest)
1501.96,0.0,3.799,25.56625,9731,R,pulsed load (rest)
1502.96,0.0,3.799,25.56625,9731,R,pulsed load (rest)
1503.96,0.0,3.799,25.55069,9731,R,pulsed load (rest)
1504.96,0.0,3.799,25.55069,9731,R,pulsed load (rest)
1505.96,0.0,3.799,25.55069,9731,R,pulsed load (rest)
1506.96,0.0,3.799,25.55069,9731,R,pulsed load (rest)
1507.96,0.0,3.799,25.55069,9731,R,pulsed load (rest)
1508.96,0.0,3.799,25.55069,9731,R,pulsed load (rest)
1509.96,0.0,3.799,25.55069,9731,R,pulsed load (rest)
1510.96,0.0,3.799,25.55069,9731,R,pulsed load (rest)
1511.96,0.0,3.799,25.55069,9731,R,pulsed load (rest)
1512.96,0.0,3.799,25.55069,9731,R,pulsed load (rest)
1513.96,0.0,3.799,25.55069,9731,R,pulsed load (rest)
1514.96,0.0,3.799,25.55069,9731,R,pulsed load (rest)
1515.96,0.0,3.799,25.53512,9731,R,pulsed load (rest)
1516.96,0.0,3.799,25.53512,9731,R,pulsed load (rest)
1517.96,0.0,3.799,25.53512,9731,R,pulsed load (rest)
1518.96,0.0,3.8,25.53512,9731,R,pulsed load (rest)
1519.96,0.0,3.799,25.53512,9731,R,pulsed load (rest)
1520.96,0.0,3.799,25.53512,9731,R,pulsed load (rest)
1521.96,0.0,3.8,25.53512,9731,R,pulsed load (rest)
1522.96,0.0,3.799,25.53512,9731,R,pulsed load (rest)
1523.96,0.0,3.799,25.53512,9731,R,pulsed load (rest)
1524.96,0.0,3.8,25.53512,9731,R,pulsed load (rest)
1525.96,0.0,3.8,25.53512,9731,R,pulsed load (rest)
1526.96,0.0,3.8,25.51955,9731,R,pulsed load (rest)
1527.96,0.0,3.8,25.51955,9731,R,pulsed load (rest)
1528.96,0.0,3.8,25.51955,9731,R,pulsed load (rest)
1529.96,0.0,3.8,25.51955,9731,R,pulsed load (rest)
1530.96,0.0,3.8,25.51955,9731,R,pulsed load (rest)
1531.96,0.0,3.8,25.51955,9731,R,pulsed load (rest)
1532.96,0.0,3.8,25.51955,9731,R,pulsed load (rest)
1533.96,0.0,3.8,25.51955,9731,R,pulsed load (rest)
1534.96,0.0,3.8,25.51955,9731,R,pulsed load (rest)
1535.96,0.0,3.8,25.51955,9731,R,pulsed load (rest)
1536.96,0.0,3.8,25.51955,9731,R,pulsed load (rest)
1537.96,0.0,3.8,25.51955,9731,R,pulsed load (rest)
1538.96,0.0,3.8,25.51955,9731,R,pulsed load (rest)
1539.96,0.0,3.8,25.50398,9731,R,pulsed load (rest)
1540.96,0.0,3.8,25.50398,9731,R,pulsed load (rest)
1541.96,0.0,3.8,25.51955,9731,R,pulsed load (rest)
1542.96,0.0,3.8,25.50398,9731,R,pulsed load (rest)
1543.96,0.0,3.8,25.50398,9731,R,pulsed load (rest)
1544.96,0.0,3.8,25.51955,9731,R,pulsed load (rest)
1545.96,0.0,3.8,25.50398,9731,R,pulsed load (rest)
1546.96,0.0,3.8,25.50398,9731,R,pulsed load (rest)
1547.96,0.0,3.8,25.50398,9731,R,pulsed load (rest)
1548.96,0.0,3.8,25.50398,9731,R,pulsed load (rest)
1549.96,0.0,3.8,25.50398,9731,R,pulsed load (rest)
1550.96,0.0,3.8,25.50398,9731,R,pulsed load (rest)
1551.96,0.0,3.8,25.48842,9731,R,pulsed load (rest)
1552.96,0.0,3.8,25.48842,9731,R,pulsed load (rest)
1553.96,0.0,3.8,25.48842,9731,R,pulsed load (rest)
1554.96,0.0,3.8,25.48842,9731,R,pulsed load (rest)
1555.96,0.0,3.8,25.50398,9731,R,pulsed load (rest)
1556.96,0.0,3.8,25.51955,9731,R,pulsed load (rest)
1557.96,0.0,3.8,25.51955,9731,R,pulsed load (rest)
1558.96,0.0,3.8,25.51955,9731,R,pulsed load (rest)
1559.96,0.0,3.8,25.53512,9731,R,pulsed load (rest)
1560.96,0.0,3.8,25.53512,9731,R,pulsed load (rest)
1561.96,0.0,3.8,25.53512,9731,R,pulsed load (rest)
1562.96,0.0,3.8,25.53512,9731,R,pulsed load (rest)
1563.96,0.0,3.8,25.53512,9731,R,pulsed load (rest)
1564.96,0.0,3.8,25.53512,9731,R,pulsed load (rest)
1565.96,0.0,3.8,25.53512,9731,R,pulsed load (rest)
1566.96,0.0,3.8,25.53512,9731,R,pulsed load (rest)
1567.96,0.0,3.8,25.53512,9731,R,pulsed load (rest)
1568.96,0.0,3.8,25.51955,9731,R,pulsed load (rest)
1569.96,0.0,3.8,25.51955,9731,R,pulsed load (rest)
1570.96,0.0,3.8,25.51955,9731,R,pulsed load (rest)
1571.96,0.0,3.8,25.51955,9731,R,pulsed load (rest)
1572.96,0.0,3.8,25.51955,9731,R,pulsed load (rest)
1573.96,0.0,3.8,25.51955,9731,R,pulsed load (rest)
1574.96,0.0,3.8,25.51955,9731,R,pulsed load (rest)
1575.96,0.0,3.8,25.51955,9731,R,pulsed load (rest)
1576.96,0.0,3.8,25.50398,9731,R,pulsed load (rest)
1577.96,0.0,3.8,25.50398,9731,R,pulsed load (rest)
1578.96,0.0,3.8,25.51955,9731,R,pulsed load (rest)
1579.96,0.0,3.8,25.51955,9731,R,pulsed load (rest)
1580.96,0.0,3.8,25.50398,9731,R,pulsed load (rest)
1581.96,0.0,3.8,25.51955,9731,R,pulsed load (rest)
1582.96,0.0,3.8,25.50398,9731,R,pulsed load (rest)
1583.96,0.0,3.8,25.50398,9731,R,pulsed load (rest)
1584.96,0.0,3.8,25.51955,9731,R,pulsed load (rest)
1585.96,0.0,3.8,25.51955,9731,R,pulsed load (rest)
1586.96,0.0,3.8,25.51955,9731,R,pulsed load (rest)
1587.96,0.0,3.8,25.51955,9731,R,pulsed load (rest)
1588.96,0.0,3.8,25.50398,9731,R,pulsed load (rest)
1589.96,0.0,3.8,25.50398,9731,R,pulsed load (rest)
1590.96,0.0,3.8,25.50398,9731,R,pulsed load (rest)
1591.96,0.0,3.8,25.50398,9731,R,pulsed load (rest)
1592.96,0.0,3.8,25.51955,9731,R,pulsed load (rest)
1593.96,0.0,3.8,25.51955,9731,R,pulsed load (rest)
1594.96,0.0,3.8,25.50398,9731,R,pulsed load (rest)
1595.96,0.0,3.8,25.50398,9731,R,pulsed load (rest)
1596.96,0.0,3.8,25.50398,9731,R,pulsed load (rest)
1597.96,0.0,3.8,25.50398,9731,R,pulsed load (rest)
1598.96,0.0,3.8,25.51955,9731,R,pulsed load (rest)
1599.96,0.0,3.801,25.51955,9731,R,pulsed load (rest)
1600.96,0.0,3.8,25.50398,9731,R,pulsed load (rest)
1601.96,0.0,3.801,25.50398,9731,R,pulsed load (rest)
1602.96,0.0,3.801,25.50398,9731,R,pulsed load (rest)
1603.96,0.0,3.801,25.50398,9731,R,pulsed load (rest)
1604.96,0.0,3.801,25.50398,9731,R,pulsed load (rest)
1605.96,0.0,3.801,25.50398,9731,R,pulsed load (rest)
1606.96,0.0,3.801,25.50398,9731,R,pulsed load (rest)
1607.96,0.0,3.801,25.50398,9731,R,pulsed load (rest)
1608.96,0.0,3.801,25.50398,9731,R,pulsed load (rest)
1609.96,0.0,3.801,25.50398,9731,R,pulsed load (rest)
1610.96,0.0,3.801,25.50398,9731,R,pulsed load (rest)
1611.96,0.0,3.801,25.50398,9731,R,pulsed load (rest)
1612.96,0.0,3.801,25.50398,9731,R,pulsed load (rest)
1613.96,0.0,3.801,25.50398,9731,R,pulsed load (rest)
1614.96,0.0,3.801,25.50398,9731,R,pulsed load (rest)
1615.96,0.0,3.801,25.50398,9731,R,pulsed load (rest)
1616.96,0.0,3.801,25.50398,9731,R,pulsed load (rest)
1617.96,0.0,3.801,25.50398,9731,R,pulsed load (rest)
1618.96,0.0,3.801,25.50398,9731,R,pulsed load (rest)
1619.96,0.0,3.801,25.48842,9731,R,pulsed load (rest)
1620.96,0.0,3.801,25.48842,9731,R,pulsed load (rest)
1621.96,0.0,3.801,25.50398,9731,R,pulsed load (rest)
1622.96,0.0,3.801,25.50398,9731,R,pulsed load (rest)
1623.96,0.0,3.801,25.50398,9731,R,pulsed load (rest)
1624.96,0.0,3.801,25.50398,9731,R,pulsed load (rest)
1625.96,0.0,3.801,25.50398,9731,R,pulsed load (rest)
1626.96,0.0,3.801,25.50398,9731,R,pulsed load (rest)
1627.96,0.0,3.801,25.50398,9731,R,pulsed load (rest)
1628.96,0.0,3.801,25.50398,9731,R,pulsed load (rest)
1629.96,0.0,3.801,25.50398,9731,R,pulsed load (rest)
1630.96,0.0,3.801,25.50398,9731,R,pulsed load (rest)
1631.96,0.0,3.801,25.50398,9731,R,pulsed load (rest)
1632.96,0.0,3.801,25.50398,9731,R,pulsed load (rest)
1633.96,0.0,3.801,25.50398,9731,R,pulsed load (rest)
1634.96,0.0,3.801,25.50398,9731,R,pulsed load (rest)
1635.96,0.0,3.801,25.50398,9731,R,pulsed load (rest)
1636.96,0.0,3.801,25.50398,9731,R,pulsed load (rest)
1637.96,0.0,3.801,25.50398,9731,R,pulsed load (rest)
1638.96,0.0,3.801,25.50398,9731,R,pulsed load (rest)
1639.96,0.0,3.801,25.50398,9731,R,pulsed load (rest)
1640.96,0.0,3.801,25.50398,9731,R,pulsed load (rest)
1641.96,0.0,3.801,25.50398,9731,R,pulsed load (rest)
1642.96,0.0,3.801,25.50398,9731,R,pulsed load (rest)
1643.96,0.0,3.801,25.50398,9731,R,pulsed load (rest)
1644.96,0.0,3.801,25.50398,9731,R,pulsed load (rest)
1645.96,0.0,3.801,25.50398,9731,R,pulsed load (rest)
1646.96,0.0,3.801,25.50398,9731,R,pulsed load (rest)
1647.96,0.0,3.801,25.50398,9731,R,pulsed load (rest)
1648.96,0.0,3.801,25.50398,9731,R,pulsed load (rest)
1649.96,0.0,3.801,25.50398,9731,R,pulsed load (rest)
1650.96,0.0,3.801,25.50398,9731,R,pulsed load (rest)
1651.96,0.0,3.801,25.50398,9731,R,pulsed load (rest)
1652.96,0.0,3.801,25.50398,9731,R,pulsed load (rest)
1653.96,0.0,3.801,25.50398,9731,R,pulsed load (rest)
1654.96,0.0,3.801,25.50398,9731,R,pulsed load (rest)
1655.96,0.0,3.801,25.50398,9731,R,pulsed load (rest)
1656.96,0.0,3.801,25.50398,9731,R,pulsed load (rest)
1657.96,0.0,3.801,25.50398,9731,R,pulsed load (rest)
1658.96,0.0,3.801,25.50398,9731,R,pulsed load (rest)
1659.96,0.0,3.801,25.48842,9731,R,pulsed load (rest)
1660.96,0.0,3.801,25.50398,9731,R,pulsed load (rest)
1661.96,0.0,3.801,25.48842,9731,R,pulsed load (rest)
1662.96,0.0,3.801,25.48842,9731,R,pulsed load (rest)
1663.96,0.0,3.801,25.48842,9731,R,pulsed load (rest)
1664.96,0.0,3.801,25.48842,9731,R,pulsed load (rest)
1665.96,0.0,3.801,25.48842,9731,R,pulsed load (rest)
1666.96,0.0,3.801,25.48842,9731,R,pulsed load (rest)
1667.96,0.0,3.801,25.48842,9731,R,pulsed load (rest)
1668.96,0.0,3.801,25.48842,9731,R,pulsed load (rest)
1669.96,0.0,3.801,25.48842,9731,R,pulsed load (rest)
1670.96,0.0,3.801,25.48842,9731,R,pulsed load (rest)
1671.96,0.0,3.801,25.48842,9731,R,pulsed load (rest)
1672.96,0.0,3.801,25.48842,9731,R,pulsed load (rest)
1673.96,0.0,3.801,25.48842,9731,R,pulsed load (rest)
1674.96,0.0,3.802,25.48842,9731,R,pulsed load (rest)
1675.96,0.0,3.801,25.48842,9731,R,pulsed load (rest)
1676.96,0.0,3.801,25.48842,9731,R,pulsed load (rest)
1677.96,0.0,3.801,25.48842,9731,R,pulsed load (rest)
1678.96,0.0,3.801,25.48842,9731,R,pulsed load (rest)
1679.96,0.0,3.801,25.48842,9731,R,pulsed load (rest)
1680.96,0.0,3.802,25.48842,9731,R,pulsed load (rest)
1681.96,0.0,3.801,25.48842,9731,R,pulsed load (rest)
1682.96,0.0,3.802,25.48842,9731,R,pulsed load (rest)
1683.96,0.0,3.801,25.48842,9731,R,pulsed load (rest)
1684.96,0.0,3.802,25.48842,9731,R,pulsed load (rest)
1685.96,0.0,3.802,25.48842,9731,R,pulsed load (rest)
1686.96,0.0,3.802,25.48842,9731,R,pulsed load (rest)
1687.96,0.0,3.802,25.48842,9731,R,pulsed load (rest)
1688.96,0.0,3.802,25.48842,9731,R,pulsed load (rest)
1689.96,0.0,3.801,25.48842,9731,R,pulsed load (rest)
1690.96,0.0,3.802,25.48842,9731,R,pulsed load (rest)
1691.96,0.0,3.802,25.48842,9731,R,pulsed load (rest)
1692.96,0.0,3.802,25.48842,9731,R,pulsed load (rest)
1693.96,0.0,3.802,25.48842,9731,R,pulsed load (rest)
1694.96,0.0,3.802,25.48842,9731,R,pulsed load (rest)
1695.96,0.0,3.802,25.48842,9731,R,pulsed load (rest)
1696.96,0.0,3.802,25.48842,9731,R,pulsed load (rest)
1697.96,0.0,3.802,25.48842,9731,R,pulsed load (rest)
1698.96,0.0,3.802,25.48842,9731,R,pulsed load (rest)
1699.96,0.0,3.802,25.48842,9731,R,pulsed load (rest)
1700.96,0.0,3.802,25.48842,9731,R,pulsed load (rest)
1701.96,0.0,3.802,25.48842,9731,R,pulsed load (rest)
1702.96,0.0,3.802,25.48842,9731,R,pulsed load (rest)
1703.96,0.0,3.802,25.48842,9731,R,pulsed load (rest)
1704.96,0.0,3.802,25.50398,9731,R,pulsed load (rest)
1705.96,0.0,3.802,25.50398,9731,R,pulsed load (rest)
1706.96,0.0,3.802,25.48842,9731,R,pulsed load (rest)
1707.96,0.0,3.802,25.48842,9731,R,pulsed load (rest)
1708.96,0.0,3.802,25.48842,9731,R,pulsed load (rest)
1709.96,0.0,3.802,25.48842,9731,R,pulsed load (rest)
1710.96,0.0,3.802,25.48842,9731,R,pulsed load (rest)
1711.96,0.0,3.802,25.48842,9731,R,pulsed load (rest)
1712.96,0.0,3.802,25.48842,9731,R,pulsed load (rest)
1713.96,0.0,3.802,25.48842,9731,R,pulsed load (rest)
1714.96,0.0,3.802,25.47285,9731,R,pulsed load (rest)
1715.96,0.0,3.802,25.47285,9731,R,pulsed load (rest)
1716.96,0.0,3.802,25.48842,9731,R,pulsed load (rest)
1717.96,0.0,3.802,25.48842,9731,R,pulsed load (rest)
1718.96,0.0,3.802,25.47285,9731,R,pulsed load (rest)
1719.96,0.0,3.802,25.47285,9731,R,pulsed load (rest)
1720.96,0.0,3.802,25.47285,9731,R,pulsed load (rest)
1721.96,0.0,3.802,25.47285,9731,R,pulsed load (rest)
1722.96,0.0,3.802,25.47285,9731,R,pulsed load (rest)
1723.96,0.0,3.802,25.47285,9731,R,pulsed load (rest)
1724.96,0.0,3.802,25.47285,9731,R,pulsed load (rest)
1725.96,0.0,3.802,25.47285,9731,R,pulsed load (rest)
1726.96,0.0,3.802,25.47285,9731,R,pulsed load (rest)
1727.96,0.0,3.802,25.47285,9731,R,pulsed load (rest)
1728.96,0.0,3.802,25.47285,9731,R,pulsed load (rest)
1729.96,0.0,3.802,25.47285,9731,R,pulsed load (rest)
1730.96,0.0,3.802,25.47285,9731,R,pulsed load (rest)
1731.96,0.0,3.802,25.47285,9731,R,pulsed load (rest)
1732.96,0.0,3.802,25.47285,9731,R,pulsed load (rest)
1733.96,0.0,3.802,25.47285,9731,R,pulsed load (rest)
1734.96,0.0,3.802,25.47285,9731,R,pulsed load (rest)
1735.96,0.0,3.802,25.47285,9731,R,pulsed load (rest)
1736.96,0.0,3.802,25.45728,9731,R,pulsed load (rest)
1737.96,0.0,3.802,25.45728,9731,R,pulsed load (rest)
1738.96,0.0,3.802,25.45728,9731,R,pulsed load (rest)
1739.96,0.0,3.802,25.45728,9731,R,pulsed load (rest)
1740.96,0.0,3.802,25.45728,9731,R,pulsed load (rest)
1741.96,0.0,3.802,25.45728,9731,R,pulsed load (rest)
1742.96,0.0,3.802,25.45728,9731,R,pulsed load (rest)
1743.96,0.0,3.802,25.45728,9731,R,pulsed load (rest)
1744.96,0.0,3.802,25.45728,9731,R,pulsed load (rest)
1745.96,0.0,3.802,25.45728,9731,R,pulsed load (rest)
1746.96,0.0,3.802,25.45728,9731,R,pulsed load (rest)
1747.96,0.0,3.802,25.45728,9731,R,pulsed load (rest)
1748.96,0.0,3.802,25.45728,9731,R,pulsed load (rest)
1749.96,0.0,3.802,25.44172,9731,R,pulsed load (rest)
1750.96,0.0,3.802,25.44172,9731,R,pulsed load (rest)
1751.96,0.0,3.802,25.44172,9731,R,pulsed load (rest)
1752.96,0.0,3.802,25.44172,9731,R,pulsed load (rest)
1753.96,0.0,3.802,25.44172,9731,R,pulsed load (rest)
1754.96,0.0,3.802,25.44172,9731,R,pulsed load (rest)
1755.96,0.0,3.802,25.44172,9731,R,pulsed load (rest)
1756.96,0.0,3.802,25.42615,9731,R,pulsed load (rest)
1757.96,0.0,3.802,25.42615,9731,R,pulsed load (rest)
1758.96,0.0,3.802,25.42615,9731,R,pulsed load (rest)
1759.96,0.0,3.802,25.42615,9731,R,pulsed load (rest)
1760.96,0.0,3.802,25.42615,9731,R,pulsed load (rest)
1761.96,0.0,3.802,25.42615,9731,R,pulsed load (rest)
1762.96,0.0,3.802,25.42615,9731,R,pulsed load (rest)
1763.96,0.0,3.802,25.42615,9731,R,pulsed load (rest)
1764.96,0.0,3.802,25.44172,9731,R,pulsed load (rest)
1765.96,0.0,3.802,25.42615,9731,R,pulsed load (rest)
1766.96,0.0,3.802,25.42615,9731,R,pulsed load (rest)
1767.96,0.0,3.802,25.44172,9731,R,pulsed load (rest)
1768.96,0.0,3.802,25.44172,9731,R,pulsed load (rest)
1769.96,0.0,3.802,25.44172,9731,R,pulsed load (rest)
1770.96,0.0,3.802,25.42615,9731,R,pulsed load (rest)
1771.96,0.0,3.802,25.42615,9731,R,pulsed load (rest)
1772.96,0.0,3.803,25.42615,9731,R,pulsed load (rest)
1773.96,0.0,3.803,25.42615,9731,R,pulsed load (rest)
1774.96,0.0,3.803,25.42615,9731,R,pulsed load (rest)
1775.96,0.0,3.802,25.42615,9731,R,pulsed load (rest)
1776.96,0.0,3.802,25.42615,9731,R,pulsed load (rest)
1777.96,0.0,3.803,25.42615,9731,R,pulsed load (rest)
1778.96,0.0,3.802,25.42615,9731,R,pulsed load (rest)
1779.96,0.0,3.803,25.41059,9731,R,pulsed load (rest)
1780.96,0.0,3.803,25.41059,9731,R,pulsed load (rest)
1781.96,0.0,3.803,25.41059,9731,R,pulsed load (rest)
1782.96,0.0,3.802,25.41059,9731,R,pulsed load (rest)
1783.96,0.0,3.803,25.41059,9731,R,pulsed load (rest)
1784.96,0.0,3.803,25.41059,9731,R,pulsed load (rest)
1785.96,0.0,3.803,25.39502,9731,R,pulsed load (rest)
1786.96,0.0,3.803,25.39502,9731,R,pulsed load (rest)
1787.96,0.0,3.803,25.39502,9731,R,pulsed load (rest)
1788.96,0.0,3.803,25.39502,9731,R,pulsed load (rest)
1789.96,0.0,3.803,25.39502,9731,R,pulsed load (rest)
1790.96,0.0,3.803,25.39502,9731,R,pulsed load (rest)
1791.96,0.0,3.803,25.39502,9731,R,pulsed load (rest)
1792.96,0.0,3.803,25.39502,9731,R,pulsed load (rest)
1793.96,0.0,3.803,25.39502,9731,R,pulsed load (rest)
1794.96,0.0,3.803,25.39502,9731,R,pulsed load (rest)
1795.96,0.0,3.803,25.39502,9731,R,pulsed load (rest)
1796.96,0.0,3.803,25.37945,9731,R,pulsed load (rest)
1797.96,0.0,3.803,25.39502,9731,R,pulsed load (rest)
1798.96,0.0,3.803,25.39502,9731,R,pulsed load (rest)
1799.95,0.0,3.803,25.37945,9731,R,pulsed load (rest)
1799.95,1.005,3.7,25.37945,9732,D,pulsed load (discharge)
1800.95,1.0,3.672,25.37945,9732,D,pulsed load (discharge)
1801.95,1.0,3.669,25.37945,9732,D,pulsed load (discharge)
1802.95,1.0,3.667,25.37945,9732,D,pulsed load (discharge)
1803.95,1.0,3.665,25.37945,9732,D,pulsed load (discharge)
1804.95,1.0,3.663,25.37945,9732,D,pulsed load (discharge)
1805.95,1.0,3.662,25.37945,9732,D,pulsed load (discharge)
1806.95,1.0,3.66,25.39502,9732,D,pulsed load (discharge)
1807.95,1.0,3.658,25.37945,9732,D,pulsed load (discharge)
1808.95,1.0,3.657,25.37945,9732,D,pulsed load (discharge)
1809.95,0.999,3.655,25.39502,9732,D,pulsed load (discharge)
1810.95,1.0,3.654,25.39502,9732,D,pulsed load (discharge)
1811.95,1.0,3.653,25.39502,9732,D,pulsed load (discharge)
1812.95,1.0,3.651,25.39502,9732,D,pulsed load (discharge)
1813.95,1.0,3.65,25.39502,9732,D,pulsed load (discharge)
1814.95,1.0,3.649,25.39502,9732,D,pulsed load (discharge)
1815.95,1.0,3.648,25.39502,9732,D,pulsed load (discharge)
1816.95,1.0,3.646,25.39502,9732,D,pulsed load (discharge)
1817.95,1.0,3.645,25.39502,9732,D,pulsed load (discharge)
1818.95,1.0,3.644,25.39502,9732,D,pulsed load (discharge)
1819.95,0.999,3.643,25.39502,9732,D,pulsed load (discharge)
1820.95,0.999,3.642,25.41059,9732,D,pulsed load (discharge)
1821.95,1.0,3.641,25.41059,9732,D,pulsed load (discharge)
1822.95,0.999,3.64,25.41059,9732,D,pulsed load (discharge)
1823.95,1.001,3.639,25.41059,9732,D,pulsed load (discharge)
1824.95,1.0,3.638,25.41059,9732,D,pulsed load (discharge)
1825.95,1.0,3.637,25.41059,9732,D,pulsed load (discharge)
1826.95,0.999,3.636,25.41059,9732,D,pulsed load (discharge)
1827.95,0.999,3.635,25.41059,9732,D,pulsed load (discharge)
1828.95,1.0,3.634,25.42615,9732,D,pulsed load (discharge)
1829.95,1.0,3.633,25.42615,9732,D,pulsed load (discharge)
1830.95,1.0,3.632,25.42615,9732,D,pulsed load (discharge)
1831.95,0.999,3.631,25.42615,9732,D,pulsed load (discharge)
1832.95,0.999,3.631,25.42615,9732,D,pulsed load (discharge)
1833.95,1.001,3.63,25.42615,9732,D,pulsed load (discharge)
1834.95,0.999,3.629,25.42615,9732,D,pulsed load (discharge)
1835.95,1.001,3.628,25.42615,9732,D,pulsed load (discharge)
1836.95,1.0,3.627,25.42615,9732,D,pulsed load (discharge)
1837.95,1.0,3.627,25.42615,9732,D,pulsed load (discharge)
1838.95,1.0,3.626,25.42615,9732,D,pulsed load (discharge)
1839.95,1.0,3.625,25.42615,9732,D,pulsed load (discharge)
1840.95,1.0,3.624,25.42615,9732,D,pulsed load (discharge)
1841.95,1.0,3.623,25.42615,9732,D,pulsed load (discharge)
1842.95,1.0,3.623,25.44172,9732,D,pulsed load (discharge)
1843.95,1.0,3.622,25.44172,9732,D,pulsed load (discharge)
1844.95,1.0,3.621,25.44172,9732,D,pulsed load (discharge)
1845.95,1.0,3.621,25.44172,9732,D,pulsed load (discharge)
1846.95,1.0,3.62,25.44172,9732,D,pulsed load (discharge)
1847.95,1.0,3.619,25.44172,9732,D,pulsed load (discharge)
1848.95,1.0,3.619,25.45728,9732,D,pulsed load (discharge)
1849.95,1.0,3.618,25.45728,9732,D,pulsed load (discharge)
1850.95,1.0,3.617,25.45728,9732,D,pulsed load (discharge)
1851.95,1.0,3.616,25.45728,9732,D,pulsed load (discharge)
1852.95,1.001,3.616,25.45728,9732,D,pulsed load (discharge)
1853.95,1.0,3.615,25.45728,9732,D,pulsed load (discharge)
1854.95,1.0,3.615,25.47285,9732,D,pulsed load (discharge)
1855.95,1.0,3.614,25.47285,9732,D,pulsed load (discharge)
1856.95,1.0,3.613,25.47285,9732,D,pulsed load (discharge)
1857.95,1.0,3.613,25.47285,9732,D,pulsed load (discharge)
1858.95,1.0,3.612,25.47285,9732,D,pulsed load (discharge)
1859.95,1.0,3.612,25.47285,9732,D,pulsed load (discharge)
1860.95,1.001,3.611,25.47285,9732,D,pulsed load (discharge)
1861.95,1.0,3.611,25.47285,9732,D,pulsed load (discharge)
1862.95,1.0,3.61,25.48842,9732,D,pulsed load (discharge)
1863.95,1.0,3.609,25.48842,9732,D,pulsed load (discharge)
1864.95,1.0,3.609,25.48842,9732,D,pulsed load (discharge)
1865.95,0.999,3.608,25.48842,9732,D,pulsed load (discharge)
1866.95,1.0,3.608,25.48842,9732,D,pulsed load (discharge)
1867.95,0.999,3.607,25.48842,9732,D,pulsed load (discharge)
1868.95,1.0,3.607,25.50398,9732,D,pulsed load (discharge)
1869.95,1.0,3.606,25.50398,9732,D,pulsed load (discharge)
1870.95,0.999,3.606,25.50398,9732,D,pulsed load (discharge)
1871.95,1.0,3.605,25.50398,9732,D,pulsed load (discharge)
1872.95,1.001,3.605,25.50398,9732,D,pulsed load (discharge)
1873.95,0.999,3.604,25.50398,9732,D,pulsed load (discharge)
1874.95,1.0,3.604,25.51955,9732,D,pulsed load (discharge)
1875.95,1.0,3.603,25.51955,9732,D,pulsed load (discharge)
1876.95,1.0,3.603,25.51955,9732,D,pulsed load (discharge)
1877.95,1.001,3.602,25.53512,9732,D,pulsed load (discharge)
1878.95,1.0,3.602,25.51955,9732,D,pulsed load (discharge)
1879.95,1.0,3.601,25.53512,9732,D,pulsed load (discharge)
1880.95,1.0,3.601,25.53512,9732,D,pulsed load (discharge)
1881.95,0.999,3.6,25.53512,9732,D,pulsed load (discharge)
1882.95,1.0,3.6,25.55069,9732,D,pulsed load (discharge)
1883.95,1.0,3.599,25.55069,9732,D,pulsed load (discharge)
1884.95,0.999,3.599,25.55069,9732,D,pulsed load (discharge)
1885.95,1.0,3.599,25.55069,9732,D,pulsed load (discharge)
1886.95,1.0,3.598,25.55069,9732,D,pulsed load (discharge)
1887.95,1.0,3.598,25.55069,9732,D,pulsed load (discharge)
1888.95,1.0,3.597,25.55069,9732,D,pulsed load (discharge)
1889.95,1.0,3.597,25.56625,9732,D,pulsed load (discharge)
1890.95,1.0,3.597,25.56625,9732,D,pulsed load (discharge)
1891.95,1.0,3.596,25.56625,9732,D,pulsed load (discharge)
1892.95,1.0,3.596,25.56625,9732,D,pulsed load (discharge)
1893.95,1.0,3.595,25.56625,9732,D,pulsed load (discharge)
1894.95,0.999,3.595,25.56625,9732,D,pulsed load (discharge)
1895.95,1.0,3.594,25.56625,9732,D,pulsed load (discharge)
1896.95,1.0,3.594,25.56625,9732,D,pulsed load (discharge)
1897.95,0.999,3.594,25.58182,9732,D,pulsed load (discharge)
1898.95,1.0,3.593,25.56625,9732,D,pulsed load (discharge)
1899.95,0.999,3.593,25.58182,9732,D,pulsed load (discharge)
1900.95,1.0,3.592,25.58182,9732,D,pulsed load (discharge)
1901.95,1.0,3.592,25.58182,9732,D,pulsed load (discharge)
1902.95,1.0,3.592,25.58182,9732,D,pulsed load (discharge)
1903.95,1.0,3.591,25.59739,9732,D,pulsed load (discharge)
1904.95,0.999,3.591,25.59739,9732,D,pulsed load (discharge)
1905.95,1.0,3.591,25.59739,9732,D,pulsed load (discharge)
1906.95,0.999,3.59,25.59739,9732,D,pulsed load (discharge)
1907.95,1.0,3.59,25.59739,9732,D,pulsed load (discharge)
1908.95,1.0,3.59,25.59739,9732,D,pulsed load (discharge)
1909.95,1.0,3.589,25.59739,9732,D,pulsed load (discharge)
1910.95,1.0,3.589,25.59739,9732,D,pulsed load (discharge)
1911.95,1.0,3.589,25.61295,9732,D,pulsed load (discharge)
1912.95,1.0,3.588,25.61295,9732,D,pulsed load (discharge)
1913.95,0.999,3.588,25.61295,9732,D,pulsed load (discharge)
1914.95,1.0,3.588,25.61295,9732,D,pulsed load (discharge)
1915.95,1.001,3.587,25.61295,9732,D,pulsed load (discharge)
1916.95,1.0,3.587,25.61295,9732,D,pulsed load (discharge)
1917.95,1.0,3.587,25.62852,9732,D,pulsed load (discharge)
1918.95,1.0,3.586,25.62852,9732,D,pulsed load (discharge)
1919.95,1.0,3.586,25.62852,9732,D,pulsed load (discharge)
1920.95,1.0,3.586,25.62852,9732,D,pulsed load (discharge)
1921.95,1.0,3.585,25.62852,9732,D,pulsed load (discharge)
1922.95,1.0,3.585,25.62852,9732,D,pulsed load (discharge)
1923.95,1.0,3.585,25.62852,9732,D,pulsed load (discharge)
1924.95,1.0,3.584,25.62852,9732,D,pulsed load (discharge)
1925.95,1.0,3.584,25.64409,9732,D,pulsed load (discharge)
1926.95,1.0,3.584,25.64409,9732,D,pulsed load (discharge)
1927.95,1.0,3.583,25.64409,9732,D,pulsed load (discharge)
1928.95,1.0,3.583,25.64409,9732,D,pulsed load (discharge)
1929.95,0.999,3.583,25.64409,9732,D,pulsed load (discharge)
1930.95,1.0,3.583,25.65965,9732,D,pulsed load (discharge)
1931.95,1.0,3.582,25.65965,9732,D,pulsed load (discharge)
1932.95,1.0,3.582,25.65965,9732,D,pulsed load (discharge)
1933.95,1.001,3.582,25.67522,9732,D,pulsed load (discharge)
1934.95,1.0,3.581,25.67522,9732,D,pulsed load (discharge)
1935.95,1.0,3.581,25.67522,9732,D,pulsed load (discharge)
1936.95,1.0,3.581,25.67522,9732,D,pulsed load (discharge)
1937.95,1.0,3.581,25.67522,9732,D,pulsed load (discharge)
1938.95,1.0,3.58,25.67522,9732,D,pulsed load (discharge)
1939.95,0.999,3.58,25.69079,9732,D,pulsed load (discharge)
1940.95,1.0,3.58,25.67522,9732,D,pulsed load (discharge)
1941.95,1.001,3.579,25.69079,9732,D,pulsed load (discharge)
1942.95,1.0,3.579,25.69079,9732,D,pulsed load (discharge)
1943.95,0.999,3.579,25.69079,9732,D,pulsed load (discharge)
1944.95,0.999,3.579,25.70635,9732,D,pulsed load (discharge)
1945.95,1.0,3.578,25.69079,9732,D,pulsed load (discharge)
1946.95,0.999,3.578,25.70635,9732,D,pulsed load (discharge)
1947.95,1.0,3.578,25.70635,9732,D,pulsed load (discharge)
1948.95,1.0,3.578,25.70635,9732,D,pulsed load (discharge)
1949.95,0.999,3.577,25.70635,9732,D,pulsed load (discharge)
1950.95,0.999,3.577,25.72192,9732,D,pulsed load (discharge)
1951.95,1.001,3.577,25.70635,9732,D,pulsed load (discharge)
1952.95,1.0,3.577,25.70635,9732,D,pulsed load (discharge)
1953.95,0.999,3.576,25.72192,9732,D,pulsed load (discharge)
1954.95,1.0,3.576,25.72192,9732,D,pulsed load (discharge)
1955.95,1.0,3.576,25.72192,9732,D,pulsed load (discharge)
1956.95,0.999,3.576,25.73748,9732,D,pulsed load (discharge)
1957.95,1.0,3.575,25.73748,9732,D,pulsed load (discharge)
1958.95,1.0,3.575,25.73748,9732,D,pulsed load (discharge)
1959.95,1.0,3.575,25.73748,9732,D,pulsed load (discharge)
1960.95,0.999,3.575,25.73748,9732,D,pulsed load (discharge)
1961.95,1.0,3.574,25.73748,9732,D,pulsed load (discharge)
1962.95,0.999,3.574,25.75305,9732,D,pulsed load (discharge)
1963.95,1.0,3.574,25.75305,9732,D,pulsed load (discharge)
1964.95,0.999,3.574,25.73748,9732,D,pulsed load (discharge)
1965.95,1.0,3.574,25.75305,9732,D,pulsed load (discharge)
1966.95,1.001,3.573,25.75305,9732,D,pulsed load (discharge)
1967.95,0.999,3.573,25.75305,9732,D,pulsed load (discharge)
1968.95,1.0,3.573,25.76862,9732,D,pulsed load (discharge)
1969.95,1.0,3.573,25.76862,9732,D,pulsed load (discharge)
1970.95,1.0,3.572,25.76862,9732,D,pulsed load (discharge)
1971.95,1.0,3.572,25.76862,9732,D,pulsed load (discharge)
1972.95,0.999,3.572,25.76862,9732,D,pulsed load (discharge)
1973.95,1.0,3.572,25.76862,9732,D,pulsed load (discharge)
1974.95,1.001,3.571,25.76862,9732,D,pulsed load (discharge)
1975.95,1.0,3.571,25.76862,9732,D,pulsed load (discharge)
1976.95,1.0,3.571,25.78419,9732,D,pulsed load (discharge)
1977.95,1.0,3.571,25.78419,9732,D,pulsed load (discharge)
1978.95,0.999,3.571,25.78419,9732,D,pulsed load (discharge)
1979.95,1.0,3.57,25.78419,9732,D,pulsed load (discharge)
1980.95,1.0,3.57,25.78419,9732,D,pulsed load (discharge)
1981.95,1.0,3.57,25.79975,9732,D,pulsed load (discharge)
1982.95,1.0,3.57,25.79975,9732,D,pulsed load (discharge)
1983.95,1.0,3.57,25.79975,9732,D,pulsed load (discharge)
1984.95,1.0,3.569,25.81532,9732,D,pulsed load (discharge)
1985.95,1.0,3.569,25.81532,9732,D,pulsed load (discharge)
1986.95,1.0,3.569,25.81532,9732,D,pulsed load (discharge)
1987.95,0.999,3.569,25.81532,9732,D,pulsed load (discharge)
1988.95,1.0,3.568,25.83088,9732,D,pulsed load (discharge)
1989.95,1.0,3.568,25.83088,9732,D,pulsed load (discharge)
1990.95,1.0,3.568,25.83088,9732,D,pulsed load (discharge)
1991.95,1.0,3.568,25.83088,9732,D,pulsed load (discharge)
1992.95,1.0,3.568,25.83088,9732,D,pulsed load (discharge)
1993.95,1.0,3.568,25.84645,9732,D,pulsed load (discharge)
1994.95,1.0,3.567,25.84645,9732,D,pulsed load (discharge)
1995.95,1.0,3.567,25.84645,9732,D,pulsed load (discharge)
1996.95,1.0,3.567,25.86202,9732,D,pulsed load (discharge)
1997.95,1.0,3.567,25.86202,9732,D,pulsed load (discharge)
1998.95,1.0,3.567,25.86202,9732,D,pulsed load (discharge)
1999.95,1.0,3.566,25.86202,9732,D,pulsed load (discharge)
2000.95,0.999,3.566,25.86202,9732,D,pulsed load (discharge)
2001.95,1.0,3.566,25.86202,9732,D,pulsed load (discharge)
2002.95,1.0,3.566,25.86202,9732,D,pulsed load (discharge)
2003.95,1.0,3.566,25.86202,9732,D,pulsed load (discharge)
2004.95,1.0,3.565,25.86202,9732,D,pulsed load (discharge)
2005.95,1.0,3.565,25.86202,9732,D,pulsed load (discharge)
2006.95,1.0,3.565,25.86202,9732,D,pulsed load (discharge)
2007.95,1.0,3.565,25.86202,9732,D,pulsed load (discharge)
2008.95,1.0,3.565,25.86202,9732,D,pulsed load (discharge)
2009.95,1.0,3.564,25.86202,9732,D,pulsed load (discharge)
2010.95,1.0,3.564,25.87759,9732,D,pulsed load (discharge)
2011.95,1.0,3.564,25.86202,9732,D,pulsed load (discharge)
2012.95,1.0,3.564,25.87759,9732,D,pulsed load (discharge)
2013.95,1.0,3.564,25.87759,9732,D,pulsed load (discharge)
2014.95,1.0,3.564,25.87759,9732,D,pulsed load (discharge)
2015.95,1.0,3.564,25.87759,9732,D,pulsed load (discharge)
2016.95,1.0,3.563,25.87759,9732,D,pulsed load (discharge)
2017.95,1.0,3.563,25.87759,9732,D,pulsed load (discharge)
2018.95,0.999,3.563,25.89315,9732,D,pulsed load (discharge)
2019.95,0.999,3.563,25.87759,9732,D,pulsed load (discharge)
2020.95,0.999,3.563,25.89315,9732,D,pulsed load (discharge)
2021.95,1.001,3.562,25.89315,9732,D,pulsed load (discharge)
2022.95,1.001,3.562,25.89315,9732,D,pulsed load (discharge)
2023.95,1.0,3.562,25.89315,9732,D,pulsed load (discharge)
2024.95,0.999,3.562,25.89315,9732,D,pulsed load (discharge)
2025.95,1.0,3.562,25.89315,9732,D,pulsed load (discharge)
2026.95,1.0,3.562,25.89315,9732,D,pulsed load (discharge)
2027.95,1.0,3.562,25.89315,9732,D,pulsed load (discharge)
2028.95,1.0,3.561,25.89315,9732,D,pulsed load (discharge)
2029.95,1.001,3.561,25.89315,9732,D,pulsed load (discharge)
2030.95,1.0,3.561,25.89315,9732,D,pulsed load (discharge)
2031.95,1.0,3.561,25.89315,9732,D,pulsed load (discharge)
2032.95,1.0,3.561,25.90872,9732,D,pulsed load (discharge)
2033.95,1.0,3.56,25.90872,9732,D,pulsed load (discharge)
2034.95,0.999,3.56,25.90872,9732,D,pulsed load (discharge)
2035.95,0.999,3.56,25.92429,9732,D,pulsed load (discharge)
2036.95,1.001,3.56,25.92429,9732,D,pulsed load (discharge)
2037.95,1.0,3.56,25.90872,9732,D,pulsed load (discharge)
2038.95,1.0,3.56,25.90872,9732,D,pulsed load (discharge)
2039.95,1.0,3.56,25.90872,9732,D,pulsed load (discharge)
2040.95,1.001,3.559,25.92429,9732,D,pulsed load (discharge)
2041.95,0.999,3.559,25.92429,9732,D,pulsed load (discharge)
2042.95,1.0,3.559,25.92429,9732,D,pulsed load (discharge)
2043.95,1.0,3.559,25.92429,9732,D,pulsed load (discharge)
2044.95,1.0,3.559,25.92429,9732,D,pulsed load (discharge)
2045.95,1.0,3.559,25.93985,9732,D,pulsed load (discharge)
2046.95,1.0,3.558,25.93985,9732,D,pulsed load (discharge)
2047.95,0.999,3.558,25.93985,9732,D,pulsed load (discharge)
2048.95,0.999,3.558,25.93985,9732,D,pulsed load (discharge)
2049.95,1.0,3.558,25.93985,9732,D,pulsed load (discharge)
2050.95,1.0,3.558,25.93985,9732,D,pulsed load (discharge)
2051.95,1.0,3.558,25.93985,9732,D,pulsed load (discharge)
2052.95,1.0,3.558,25.93985,9732,D,pulsed load (discharge)
2053.95,0.999,3.558,25.93985,9732,D,pulsed load (discharge)
2054.95,1.0,3.557,25.93985,9732,D,pulsed load (discharge)
2055.95,1.0,3.557,25.95542,9732,D,pulsed load (discharge)
2056.95,0.999,3.557,25.95542,9732,D,pulsed load (discharge)
2057.95,1.0,3.557,25.95542,9732,D,pulsed load (discharge)
2058.95,1.0,3.557,25.95542,9732,D,pulsed load (discharge)
2059.95,1.0,3.557,25.95542,9732,D,pulsed load (discharge)
2060.95,1.0,3.556,25.95542,9732,D,pulsed load (discharge)
2061.95,1.0,3.556,25.97099,9732,D,pulsed load (discharge)
2062.95,1.001,3.556,25.97099,9732,D,pulsed load (discharge)
2063.95,1.0,3.556,25.97099,9732,D,pulsed load (discharge)
2064.95,1.0,3.556,25.97099,9732,D,pulsed load (discharge)
2065.95,1.0,3.556,25.97099,9732,D,pulsed load (discharge)
2066.95,1.001,3.556,25.97099,9732,D,pulsed load (discharge)
2067.95,0.999,3.556,25.98655,9732,D,pulsed load (discharge)
2068.95,1.001,3.555,25.97099,9732,D,pulsed load (discharge)
2069.95,1.001,3.555,25.98655,9732,D,pulsed load (discharge)
2070.95,1.0,3.555,25.98655,9732,D,pulsed load (discharge)
2071.95,0.999,3.555,25.98655,9732,D,pulsed load (discharge)
2072.95,1.0,3.555,26.00212,9732,D,pulsed load (discharge)
2073.95,0.999,3.555,26.00212,9732,D,pulsed load (discharge)
2074.95,1.0,3.555,26.00212,9732,D,pulsed load (discharge)
2075.95,0.999,3.554,26.01768,9732,D,pulsed load (discharge)
2076.95,1.0,3.554,26.00212,9732,D,pulsed load (discharge)
2077.95,1.0,3.554,26.01768,9732,D,pulsed load (discharge)
2078.95,0.999,3.554,26.01768,9732,D,pulsed load (discharge)
2079.95,1.0,3.554,26.00212,9732,D,pulsed load (discharge)
2080.95,1.001,3.554,26.00212,9732,D,pulsed load (discharge)
2081.95,1.0,3.554,26.01768,9732,D,pulsed load (discharge)
2082.95,1.001,3.553,26.01768,9732,D,pulsed load (discharge)
2083.95,1.0,3.554,26.01768,9732,D,pulsed load (discharge)
2084.95,1.0,3.553,26.01768,9732,D,pulsed load (discharge)
2085.95,1.0,3.553,26.01768,9732,D,pulsed load (discharge)
2086.95,1.0,3.553,26.01768,9732,D,pulsed load (discharge)
2087.95,0.999,3.553,26.01768,9732,D,pulsed load (discharge)
2088.95,1.0,3.553,26.01768,9732,D,pulsed load (discharge)
2089.95,1.0,3.553,26.01768,9732,D,pulsed load (discharge)
2090.95,1.0,3.552,26.03325,9732,D,pulsed load (discharge)
2091.95,1.0,3.552,26.03325,9732,D,pulsed load (discharge)
2092.95,1.001,3.552,26.03325,9732,D,pulsed load (discharge)
2093.95,1.0,3.552,26.03325,9732,D,pulsed load (discharge)
2094.95,0.999,3.552,26.03325,9732,D,pulsed load (discharge)
2095.95,0.999,3.552,26.03325,9732,D,pulsed load (discharge)
2096.95,1.0,3.552,26.04882,9732,D,pulsed load (discharge)
2097.95,0.999,3.552,26.04882,9732,D,pulsed load (discharge)
2098.95,1.0,3.551,26.04882,9732,D,pulsed load (discharge)
2099.95,1.001,3.551,26.04882,9732,D,pulsed load (discharge)
2100.95,1.0,3.551,26.04882,9732,D,pulsed load (discharge)
2101.95,1.0,3.551,26.06439,9732,D,pulsed load (discharge)
2102.95,1.0,3.551,26.06439,9732,D,pulsed load (discharge)
2103.95,1.0,3.551,26.06439,9732,D,pulsed load (discharge)
2104.95,1.0,3.551,26.07995,9732,D,pulsed load (discharge)
2105.95,1.0,3.551,26.07995,9732,D,pulsed load (discharge)
2106.95,1.0,3.55,26.07995,9732,D,pulsed load (discharge)
2107.95,1.0,3.55,26.07995,9732,D,pulsed load (discharge)
2108.95,1.0,3.55,26.06439,9732,D,pulsed load (discharge)
2109.95,1.0,3.55,26.07995,9732,D,pulsed load (discharge)
2110.95,1.0,3.55,26.07995,9732,D,pulsed load (discharge)
2111.95,1.0,3.55,26.07995,9732,D,pulsed load (discharge)
2112.95,1.0,3.55,26.07995,9732,D,pulsed load (discharge)
2113.95,1.0,3.55,26.07995,9732,D,pulsed load (discharge)
2114.95,0.999,3.55,26.07995,9732,D,pulsed load (discharge)
2115.95,1.001,3.549,26.07995,9732,D,pulsed load (discharge)
2116.95,1.0,3.549,26.09552,9732,D,pulsed load (discharge)
2117.95,0.999,3.549,26.09552,9732,D,pulsed load (discharge)
2118.95,1.0,3.549,26.09552,9732,D,pulsed load (discharge)
2119.95,1.0,3.549,26.09552,9732,D,pulsed load (discharge)
2120.95,0.999,3.549,26.09552,9732,D,pulsed load (discharge)
2121.95,1.0,3.549,26.09552,9732,D,pulsed load (discharge)
2122.95,0.999,3.549,26.11109,9732,D,pulsed load (discharge)
2123.95,0.999,3.549,26.11109,9732,D,pulsed load (discharge)
2124.95,1.001,3.548,26.11109,9732,D,pulsed load (discharge)
2125.95,0.999,3.548,26.11109,9732,D,pulsed load (discharge)
2126.95,1.0,3.548,26.11109,9732,D,pulsed load (discharge)
2127.95,1.0,3.548,26.11109,9732,D,pulsed load (discharge)
2128.95,1.0,3.548,26.12665,9732,D,pulsed load (discharge)
2129.95,1.0,3.548,26.12665,9732,D,pulsed load (discharge)
2130.95,0.999,3.548,26.12665,9732,D,pulsed load (discharge)
2131.95,1.0,3.547,26.12665,9732,D,pulsed load (discharge)
2132.95,0.999,3.547,26.12665,9732,D,pulsed load (discharge)
2133.95,1.001,3.547,26.12665,9732,D,pulsed load (discharge)
2134.95,1.0,3.547,26.12665,9732,D,pulsed load (discharge)
2135.95,1.0,3.547,26.12665,9732,D,pulsed load (discharge)
2136.95,1.0,3.547,26.14222,9732,D,pulsed load (discharge)
2137.95,1.0,3.547,26.14222,9732,D,pulsed load (discharge)
2138.95,1.0,3.547,26.14222,9732,D,pulsed load (discharge)
2139.95,0.999,3.547,26.14222,9732,D,pulsed load (discharge)
2140.95,0.999,3.547,26.14222,9732,D,pulsed load (discharge)
2141.95,0.999,3.547,26.14222,9732,D,pulsed load (discharge)
2142.95,1.0,3.546,26.14222,9732,D,pulsed load (discharge)
2143.95,1.0,3.546,26.15779,9732,D,pulsed load (discharge)
2144.95,1.0,3.546,26.15779,9732,D,pulsed load (discharge)
2145.95,1.0,3.546,26.15779,9732,D,pulsed load (discharge)
2146.95,0.999,3.546,26.15779,9732,D,pulsed load (discharge)
2147.95,1.0,3.546,26.15779,9732,D,pulsed load (discharge)
2148.95,1.0,3.546,26.17335,9732,D,pulsed load (discharge)
2149.95,1.0,3.545,26.17335,9732,D,pulsed load (discharge)
2150.95,1.0,3.546,26.17335,9732,D,pulsed load (discharge)
2151.95,1.0,3.545,26.17335,9732,D,pulsed load (discharge)
2152.95,1.0,3.545,26.17335,9732,D,pulsed load (discharge)
2153.95,0.999,3.545,26.17335,9732,D,pulsed load (discharge)
2154.95,1.001,3.545,26.17335,9732,D,pulsed load (discharge)
2155.95,1.0,3.545,26.17335,9732,D,pulsed load (discharge)
2156.95,0.999,3.545,26.18892,9732,D,pulsed load (discharge)
2157.95,1.0,3.545,26.20448,9732,D,pulsed load (discharge)
2158.95,1.0,3.545,26.20448,9732,D,pulsed load (discharge)
2159.95,1.0,3.544,26.20448,9732,D,pulsed load (discharge)
2160.95,0.999,3.544,26.20448,9732,D,pulsed load (discharge)
2161.95,1.0,3.544,26.20448,9732,D,pulsed load (discharge)
2162.95,0.999,3.544,26.22005,9732,D,pulsed load (discharge)
2163.95,1.0,3.544,26.22005,9732,D,pulsed load (discharge)
2164.95,1.0,3.544,26.22005,9732,D,pulsed load (discharge)
2165.95,1.0,3.544,26.23562,9732,D,pulsed load (discharge)
2166.95,0.999,3.544,26.22005,9732,D,pulsed load (discharge)
2167.95,1.001,3.543,26.22005,9732,D,pulsed load (discharge)
2168.95,1.0,3.543,26.22005,9732,D,pulsed load (discharge)
2169.95,0.999,3.543,26.23562,9732,D,pulsed load (discharge)
2170.95,1.0,3.543,26.23562,9732,D,pulsed load (discharge)
2171.95,1.0,3.543,26.25119,9732,D,pulsed load (discharge)
2172.95,1.0,3.543,26.25119,9732,D,pulsed load (discharge)
2173.95,1.0,3.543,26.25119,9732,D,pulsed load (discharge)
2174.95,1.0,3.543,26.25119,9732,D,pulsed load (discharge)
2175.95,1.0,3.543,26.26675,9732,D,pulsed load (discharge)
2176.95,1.001,3.543,26.26675,9732,D,pulsed load (discharge)
2177.95,1.001,3.542,26.28232,9732,D,pulsed load (discharge)
2178.95,1.0,3.542,26.26675,9732,D,pulsed load (discharge)
2179.95,1.0,3.542,26.28232,9732,D,pulsed load (discharge)
2180.95,0.999,3.542,26.28232,9732,D,pulsed load (discharge)
2181.95,1.0,3.542,26.26675,9732,D,pulsed load (discharge)
2182.95,0.999,3.542,26.28232,9732,D,pulsed load (discharge)
2183.95,1.0,3.542,26.28232,9732,D,pulsed load (discharge)
2184.95,1.0,3.542,26.28232,9732,D,pulsed load (discharge)
2185.95,1.001,3.542,26.29789,9732,D,pulsed load (discharge)
2186.95,1.0,3.541,26.29789,9732,D,pulsed load (discharge)
2187.95,1.0,3.541,26.28232,9732,D,pulsed load (discharge)
2188.95,0.999,3.541,26.29789,9732,D,pulsed load (discharge)
2189.95,0.999,3.541,26.29789,9732,D,pulsed load (discharge)
2190.95,1.0,3.541,26.29789,9732,D,pulsed load (discharge)
2191.95,1.0,3.541,26.31345,9732,D,pulsed load (discharge)
2192.95,1.0,3.541,26.29789,9732,D,pulsed load (discharge)
2193.95,0.999,3.541,26.31345,9732,D,pulsed load (discharge)
2194.95,1.0,3.541,26.31345,9732,D,pulsed load (discharge)
2195.95,0.999,3.541,26.31345,9732,D,pulsed load (discharge)
2196.95,1.0,3.54,26.32902,9732,D,pulsed load (discharge)
2197.95,1.0,3.54,26.32902,9732,D,pulsed load (discharge)
2198.95,1.0,3.54,26.32902,9732,D,pulsed load (discharge)
2199.95,1.0,3.54,26.32902,9732,D,pulsed load (discharge)
2200.95,0.999,3.54,26.34459,9732,D,pulsed load (discharge)
2201.95,1.0,3.54,26.34459,9732,D,pulsed load (discharge)
2202.95,0.999,3.54,26.34459,9732,D,pulsed load (discharge)
2203.95,1.0,3.54,26.34459,9732,D,pulsed load (discharge)
2204.95,1.0,3.54,26.34459,9732,D,pulsed load (discharge)
2205.95,1.0,3.54,26.34459,9732,D,pulsed load (discharge)
2206.95,0.999,3.54,26.36015,9732,D,pulsed load (discharge)
2207.95,1.001,3.539,26.36015,9732,D,pulsed load (discharge)
2208.95,0.999,3.539,26.36015,9732,D,pulsed load (discharge)
2209.95,0.999,3.539,26.36015,9732,D,pulsed load (discharge)
2210.95,1.0,3.539,26.36015,9732,D,pulsed load (discharge)
2211.95,0.999,3.539,26.37572,9732,D,pulsed load (discharge)
2212.95,1.001,3.539,26.37572,9732,D,pulsed load (discharge)
2213.95,1.0,3.539,26.37572,9732,D,pulsed load (discharge)
2214.95,1.0,3.539,26.39129,9732,D,pulsed load (discharge)
2215.95,1.0,3.539,26.37572,9732,D,pulsed load (discharge)
2216.95,1.0,3.538,26.39129,9732,D,pulsed load (discharge)
2217.95,0.999,3.538,26.39129,9732,D,pulsed load (discharge)
2218.95,1.0,3.538,26.37572,9732,D,pulsed load (discharge)
2219.95,0.999,3.538,26.39129,9732,D,pulsed load (discharge)
2220.95,1.0,3.538,26.39129,9732,D,pulsed load (discharge)
2221.95,1.0,3.538,26.39129,9732,D,pulsed load (discharge)
2222.95,0.999,3.538,26.39129,9732,D,pulsed load (discharge)
2223.95,1.0,3.538,26.39129,9732,D,pulsed load (discharge)
2224.95,1.0,3.538,26.39129,9732,D,pulsed load (discharge)
2225.95,1.001,3.538,26.39129,9732,D,pulsed load (discharge)
2226.95,1.0,3.537,26.40685,9732,D,pulsed load (discharge)
2227.95,0.999,3.537,26.40685,9732,D,pulsed load (discharge)
2228.95,1.0,3.537,26.42242,9732,D,pulsed load (discharge)
2229.95,1.0,3.537,26.42242,9732,D,pulsed load (discharge)
2230.95,1.0,3.537,26.42242,9732,D,pulsed load (discharge)
2231.95,1.0,3.537,26.42242,9732,D,pulsed load (discharge)
2232.95,1.0,3.537,26.42242,9732,D,pulsed load (discharge)
2233.95,0.999,3.537,26.42242,9732,D,pulsed load (discharge)
2234.95,1.0,3.537,26.43798,9732,D,pulsed load (discharge)
2235.95,1.0,3.536,26.43798,9732,D,pulsed load (discharge)
2236.95,0.999,3.536,26.43798,9732,D,pulsed load (discharge)
2237.95,1.0,3.536,26.43798,9732,D,pulsed load (discharge)
2238.95,1.0,3.536,26.45355,9732,D,pulsed load (discharge)
2239.95,1.0,3.536,26.43798,9732,D,pulsed load (discharge)
2240.95,0.999,3.536,26.45355,9732,D,pulsed load (discharge)
2241.95,0.999,3.536,26.45355,9732,D,pulsed load (discharge)
2242.95,0.999,3.536,26.45355,9732,D,pulsed load (discharge)
2243.95,1.0,3.536,26.45355,9732,D,pulsed load (discharge)
2244.95,1.0,3.535,26.45355,9732,D,pulsed load (discharge)
2245.95,0.999,3.536,26.45355,9732,D,pulsed load (discharge)
2246.95,1.0,3.535,26.46912,9732,D,pulsed load (discharge)
2247.95,1.0,3.535,26.46912,9732,D,pulsed load (discharge)
2248.95,1.0,3.535,26.46912,9732,D,pulsed load (discharge)
2249.95,1.0,3.535,26.48469,9732,D,pulsed load (discharge)
2250.95,1.0,3.535,26.46912,9732,D,pulsed load (discharge)
2251.95,0.999,3.535,26.48469,9732,D,pulsed load (discharge)
2252.95,1.0,3.535,26.48469,9732,D,pulsed load (discharge)
2253.95,0.999,3.535,26.48469,9732,D,pulsed load (discharge)
2254.95,1.0,3.535,26.50025,9732,D,pulsed load (discharge)
2255.95,1.0,3.534,26.48469,9732,D,pulsed load (discharge)
2256.95,0.999,3.534,26.50025,9732,D,pulsed load (discharge)
2257.95,1.001,3.534,26.50025,9732,D,pulsed load (discharge)
2258.95,0.999,3.534,26.50025,9732,D,pulsed load (discharge)
2259.95,0.999,3.534,26.51582,9732,D,pulsed load (discharge)
2260.95,1.0,3.534,26.51582,9732,D,pulsed load (discharge)
2261.95,0.999,3.534,26.51582,9732,D,pulsed load (discharge)
2262.95,1.0,3.534,26.51582,9732,D,pulsed load (discharge)
2263.95,1.0,3.534,26.53139,9732,D,pulsed load (discharge)
2264.95,1.0,3.534,26.53139,9732,D,pulsed load (discharge)
2265.95,1.0,3.533,26.53139,9732,D,pulsed load (discharge)
2266.95,1.0,3.533,26.53139,9732,D,pulsed load (discharge)
2267.95,0.999,3.533,26.54695,9732,D,pulsed load (discharge)
2268.95,1.0,3.533,26.54695,9732,D,pulsed load (discharge)
2269.95,1.0,3.533,26.54695,9732,D,pulsed load (discharge)
2270.95,1.0,3.533,26.56252,9732,D,pulsed load (discharge)
2271.95,0.999,3.533,26.56252,9732,D,pulsed load (discharge)
2272.95,1.0,3.533,26.56252,9732,D,pulsed load (discharge)
2273.95,0.999,3.533,26.56252,9732,D,pulsed load (discharge)
2274.95,1.0,3.533,26.56252,9732,D,pulsed load (discharge)
2275.95,0.999,3.532,26.56252,9732,D,pulsed load (discharge)
2276.95,0.999,3.532,26.56252,9732,D,pulsed load (discharge)
2277.95,0.999,3.532,26.56252,9732,D,pulsed load (discharge)
2278.95,1.0,3.532,26.56252,9732,D,pulsed load (discharge)
2279.95,0.999,3.532,26.56252,9732,D,pulsed load (discharge)
2280.95,1.0,3.532,26.56252,9732,D,pulsed load (discharge)
2281.95,0.999,3.532,26.57809,9732,D,pulsed load (discharge)
2282.95,1.0,3.532,26.57809,9732,D,pulsed load (discharge)
2283.95,1.0,3.532,26.57809,9732,D,pulsed load (discharge)
2284.95,1.0,3.531,26.57809,9732,D,pulsed load (discharge)
2285.95,1.0,3.531,26.57809,9732,D,pulsed load (discharge)
2286.95,1.0,3.531,26.57809,9732,D,pulsed load (discharge)
2287.95,1.0,3.531,26.59365,9732,D,pulsed load (discharge)
2288.95,1.0,3.531,26.59365,9732,D,pulsed load (discharge)
2289.95,1.0,3.531,26.59365,9732,D,pulsed load (discharge)
2290.95,1.0,3.531,26.59365,9732,D,pulsed load (discharge)
2291.95,1.0,3.531,26.59365,9732,D,pulsed load (discharge)
2292.95,1.0,3.531,26.59365,9732,D,pulsed load (discharge)
2293.95,1.0,3.531,26.60922,9732,D,pulsed load (discharge)
2294.95,1.0,3.53,26.60922,9732,D,pulsed load (discharge)
2295.95,1.0,3.53,26.60922,9732,D,pulsed load (discharge)
2296.95,1.0,3.53,26.60922,9732,D,pulsed load (discharge)
2297.95,1.0,3.53,26.60922,9732,D,pulsed load (discharge)
2298.95,0.999,3.53,26.60922,9732,D,pulsed load (discharge)
2299.95,0.999,3.53,26.62479,9732,D,pulsed load (discharge)
2300.95,0.999,3.53,26.62479,9732,D,pulsed load (discharge)
2301.95,1.0,3.53,26.64035,9732,D,pulsed load (discharge)
2302.95,1.0,3.53,26.64035,9732,D,pulsed load (discharge)
2303.95,1.0,3.529,26.64035,9732,D,pulsed load (discharge)
2304.95,1.0,3.53,26.65592,9732,D,pulsed load (discharge)
2305.95,1.0,3.529,26.65592,9732,D,pulsed load (discharge)
2306.95,0.999,3.529,26.65592,9732,D,pulsed load (discharge)
2307.95,0.999,3.529,26.65592,9732,D,pulsed load (discharge)
2308.95,1.0,3.529,26.65592,9732,D,pulsed load (discharge)
2309.95,1.0,3.529,26.67149,9732,D,pulsed load (discharge)
2310.95,1.0,3.529,26.65592,9732,D,pulsed load (discharge)
2311.95,1.0,3.529,26.65592,9732,D,pulsed load (discharge)
2312.95,1.0,3.529,26.67149,9732,D,pulsed load (discharge)
2313.95,1.0,3.529,26.67149,9732,D,pulsed load (discharge)
2314.95,1.0,3.528,26.67149,9732,D,pulsed load (discharge)
2315.95,1.001,3.528,26.67149,9732,D,pulsed load (discharge)
2316.95,1.0,3.528,26.67149,9732,D,pulsed load (discharge)
2317.95,0.999,3.528,26.67149,9732,D,pulsed load (discharge)
2318.95,1.0,3.528,26.67149,9732,D,pulsed load (discharge)
2319.95,0.999,3.528,26.67149,9732,D,pulsed load (discharge)
2320.95,1.001,3.528,26.68705,9732,D,pulsed load (discharge)
2321.95,1.0,3.528,26.68705,9732,D,pulsed load (discharge)
2322.95,1.0,3.528,26.68705,9732,D,pulsed load (discharge)
2323.95,0.999,3.528,26.68705,9732,D,pulsed load (discharge)
2324.95,0.999,3.527,26.68705,9732,D,pulsed load (discharge)
2325.95,1.0,3.527,26.68705,9732,D,pulsed load (discharge)
2326.95,0.999,3.527,26.68705,9732,D,pulsed load (discharge)
2327.95,1.0,3.527,26.68705,9732,D,pulsed load (discharge)
2328.95,1.0,3.527,26.70262,9732,D,pulsed load (discharge)
2329.95,1.0,3.527,26.70262,9732,D,pulsed load (discharge)
2330.95,1.0,3.527,26.70262,9732,D,pulsed load (discharge)
2331.95,1.0,3.527,26.70262,9732,D,pulsed load (discharge)
2332.95,1.001,3.527,26.70262,9732,D,pulsed load (discharge)
2333.95,0.999,3.527,26.70262,9732,D,pulsed load (discharge)
2334.95,1.0,3.526,26.71819,9732,D,pulsed load (discharge)
2335.95,1.0,3.526,26.70262,9732,D,pulsed load (discharge)
2336.95,1.0,3.526,26.70262,9732,D,pulsed load (discharge)
2337.95,1.0,3.526,26.71819,9732,D,pulsed load (discharge)
2338.95,0.999,3.526,26.70262,9732,D,pulsed load (discharge)
2339.95,1.0,3.526,26.71819,9732,D,pulsed load (discharge)
2340.95,0.999,3.526,26.71819,9732,D,pulsed load (discharge)
2341.95,1.0,3.526,26.71819,9732,D,pulsed load (discharge)
2342.95,0.999,3.526,26.71819,9732,D,pulsed load (discharge)
2343.95,0.999,3.526,26.73375,9732,D,pulsed load (discharge)
2344.95,1.0,3.525,26.71819,9732,D,pulsed load (discharge)
2345.95,0.999,3.525,26.71819,9732,D,pulsed load (discharge)
2346.95,1.001,3.525,26.73375,9732,D,pulsed load (discharge)
2347.95,1.0,3.525,26.71819,9732,D,pulsed load (discharge)
2348.95,1.001,3.525,26.73375,9732,D,pulsed load (discharge)
2349.95,1.0,3.525,26.73375,9732,D,pulsed load (discharge)
2350.95,1.0,3.525,26.73375,9732,D,pulsed load (discharge)
2351.95,1.0,3.525,26.73375,9732,D,pulsed load (discharge)
2352.95,1.0,3.525,26.73375,9732,D,pulsed load (discharge)
2353.95,1.0,3.524,26.73375,9732,D,pulsed load (discharge)
2354.95,1.0,3.524,26.74932,9732,D,pulsed load (discharge)
2355.95,0.999,3.524,26.73375,9732,D,pulsed load (discharge)
2356.95,1.0,3.524,26.73375,9732,D,pulsed load (discharge)
2357.95,1.0,3.524,26.74932,9732,D,pulsed load (discharge)
2358.95,1.0,3.524,26.73375,9732,D,pulsed load (discharge)
2359.95,1.0,3.524,26.74932,9732,D,pulsed load (discharge)
2360.95,1.0,3.524,26.74932,9732,D,pulsed load (discharge)
2361.95,1.0,3.524,26.73375,9732,D,pulsed load (discharge)
2362.95,1.0,3.524,26.74932,9732,D,pulsed load (discharge)
2363.95,0.999,3.523,26.74932,9732,D,pulsed load (discharge)
2364.95,1.0,3.523,26.74932,9732,D,pulsed load (discharge)
2365.95,1.001,3.523,26.74932,9732,D,pulsed load (discharge)
2366.95,1.0,3.523,26.74932,9732,D,pulsed load (discharge)
2367.95,1.0,3.523,26.74932,9732,D,pulsed load (discharge)
2368.95,1.0,3.523,26.74932,9732,D,pulsed load (discharge)
2369.95,1.0,3.523,26.74932,9732,D,pulsed load (discharge)
2370.95,0.999,3.523,26.74932,9732,D,pulsed load (discharge)
2371.95,1.0,3.523,26.74932,9732,D,pulsed load (discharge)
2372.95,1.0,3.523,26.74932,9732,D,pulsed load (discharge)
2373.95,1.0,3.522,26.76489,9732,D,pulsed load (discharge)
2374.95,0.999,3.522,26.76489,9732,D,pulsed load (discharge)
2375.95,1.0,3.522,26.76489,9732,D,pulsed load (discharge)
2376.95,0.999,3.522,26.76489,9732,D,pulsed load (discharge)
2377.95,1.0,3.522,26.76489,9732,D,pulsed load (discharge)
2378.95,0.999,3.522,26.76489,9732,D,pulsed load (discharge)
2379.95,1.001,3.522,26.78045,9732,D,pulsed load (discharge)
2380.95,1.0,3.522,26.78045,9732,D,pulsed load (discharge)
2381.95,0.999,3.522,26.78045,9732,D,pulsed load (discharge)
2382.95,0.999,3.522,26.78045,9732,D,pulsed load (discharge)
2383.95,0.999,3.522,26.79602,9732,D,pulsed load (discharge)
2384.95,1.0,3.521,26.79602,9732,D,pulsed load (discharge)
2385.95,1.001,3.521,26.81159,9732,D,pulsed load (discharge)
2386.95,1.0,3.521,26.81159,9732,D,pulsed load (discharge)
2387.95,1.0,3.521,26.81159,9732,D,pulsed load (discharge)
2388.95,1.0,3.521,26.81159,9732,D,pulsed load (discharge)
2389.95,0.999,3.521,26.81159,9732,D,pulsed load (discharge)
2390.95,1.0,3.521,26.82715,9732,D,pulsed load (discharge)
2391.95,1.0,3.52,26.82715,9732,D,pulsed load (discharge)
2392.95,1.0,3.52,26.82715,9732,D,pulsed load (discharge)
2393.95,1.001,3.52,26.82715,9732,D,pulsed load (discharge)
2394.95,0.999,3.52,26.82715,9732,D,pulsed load (discharge)
2395.95,1.0,3.52,26.82715,9732,D,pulsed load (discharge)
2396.95,1.0,3.52,26.82715,9732,D,pulsed load (discharge)
2397.95,1.0,3.52,26.82715,9732,D,pulsed load (discharge)
2398.95,1.0,3.52,26.82715,9732,D,pulsed load (discharge)
2399.91,0.999,3.52,26.82715,9732,D,pulsed load (discharge)
2399.91,0.0,3.609,26.82715,9733,R,pulsed load (rest)
2400.91,0.0,3.661,26.82715,9733,R,pulsed load (rest)
2401.91,0.0,3.665,26.82715,9733,R,pulsed load (rest)
2402.91,0.0,3.667,26.82715,9733,R,pulsed load (rest)
2403.91,0.0,3.669,26.82715,9733,R,pulsed load (rest)
2404.91,0.0,3.671,26.84272,9733,R,pulsed load (rest)
2405.91,0.0,3.673,26.82715,9733,R,pulsed load (rest)
2406.91,0.0,3.675,26.82715,9733,R,pulsed load (rest)
2407.91,0.0,3.676,26.82715,9733,R,pulsed load (rest)
2408.91,0.0,3.678,26.82715,9733,R,pulsed load (rest)
2409.91,0.0,3.679,26.82715,9733,R,pulsed load (rest)
2410.91,0.0,3.681,26.82715,9733,R,pulsed load (rest)
2411.91,0.0,3.682,26.82715,9733,R,pulsed load (rest)
2412.91,0.0,3.683,26.82715,9733,R,pulsed load (rest)
2413.91,0.0,3.684,26.82715,9733,R,pulsed load (rest)
2414.91,0.0,3.685,26.82715,9733,R,pulsed load (rest)
2415.91,0.0,3.686,26.82715,9733,R,pulsed load (rest)
2416.91,0.0,3.687,26.82715,9733,R,pulsed load (rest)
2417.91,0.0,3.688,26.82715,9733,R,pulsed load (rest)
2418.91,0.0,3.689,26.82715,9733,R,pulsed load (rest)
2419.91,0.0,3.69,26.82715,9733,R,pulsed load (rest)
2420.91,0.0,3.691,26.82715,9733,R,pulsed load (rest)
2421.91,0.0,3.692,26.82715,9733,R,pulsed load (rest)
2422.91,0.0,3.693,26.81159,9733,R,pulsed load (rest)
2423.91,0.0,3.694,26.81159,9733,R,pulsed load (rest)
2424.91,0.0,3.695,26.82715,9733,R,pulsed load (rest)
2425.91,0.0,3.695,26.82715,9733,R,pulsed load (rest)
2426.91,0.0,3.696,26.81159,9733,R,pulsed load (rest)
2427.91,0.0,3.697,26.81159,9733,R,pulsed load (rest)
2428.91,0.0,3.698,26.81159,9733,R,pulsed load (rest)
2429.91,0.0,3.698,26.81159,9733,R,pulsed load (rest)
2430.91,0.0,3.699,26.81159,9733,R,pulsed load (rest)
2431.91,0.0,3.7,26.81159,9733,R,pulsed load (rest)
2432.91,0.0,3.701,26.81159,9733,R,pulsed load (rest)
2433.91,0.0,3.701,26.79602,9733,R,pulsed load (rest)
2434.91,0.0,3.702,26.79602,9733,R,pulsed load (rest)
2435.91,0.0,3.702,26.79602,9733,R,pulsed load (rest)
2436.91,0.0,3.703,26.79602,9733,R,pulsed load (rest)
2437.91,0.0,3.704,26.79602,9733,R,pulsed load (rest)
2438.91,0.0,3.704,26.79602,9733,R,pulsed load (rest)
2439.91,0.0,3.705,26.78045,9733,R,pulsed load (rest)
2440.91,0.0,3.706,26.79602,9733,R,pulsed load (rest)
2441.91,0.0,3.706,26.79602,9733,R,pulsed load (rest)
2442.91,0.0,3.707,26.79602,9733,R,pulsed load (rest)
2443.91,0.0,3.707,26.79602,9733,R,pulsed load (rest)
2444.91,0.0,3.708,26.79602,9733,R,pulsed load (rest)
2445.91,0.0,3.708,26.79602,9733,R,pulsed load (rest)
2446.91,0.0,3.709,26.79602,9733,R,pulsed load (rest)
2447.91,0.0,3.709,26.78045,9733,R,pulsed load (rest)
2448.91,0.0,3.71,26.78045,9733,R,pulsed load (rest)
2449.91,0.0,3.71,26.78045,9733,R,pulsed load (rest)
2450.91,0.0,3.711,26.76489,9733,R,pulsed load (rest)
2451.91,0.0,3.711,26.78045,9733,R,pulsed load (rest)
2452.91,0.0,3.712,26.76489,9733,R,pulsed load (rest)
2453.91,0.0,3.712,26.76489,9733,R,pulsed load (rest)
2454.91,0.0,3.713,26.76489,9733,R,pulsed load (rest)
2455.91,0.0,3.713,26.76489,9733,R,pulsed load (rest)
2456.91,0.0,3.714,26.76489,9733,R,pulsed load (rest)
2457.91,0.0,3.714,26.76489,9733,R,pulsed load (rest)
2458.91,0.0,3.715,26.76489,9733,R,pulsed load (rest)
2459.91,0.0,3.715,26.76489,9733,R,pulsed load (rest)
2460.91,0.0,3.715,26.76489,9733,R,pulsed load (rest)
2461.91,0.0,3.716,26.74932,9733,R,pulsed load (rest)
2462.91,0.0,3.716,26.74932,9733,R,pulsed load (rest)
2463.91,0.0,3.717,26.74932,9733,R,pulsed load (rest)
2464.91,0.0,3.717,26.74932,9733,R,pulsed load (rest)
2465.91,0.0,3.718,26.74932,9733,R,pulsed load (rest)
2466.91,0.0,3.718,26.74932,9733,R,pulsed load (rest)
2467.91,0.0,3.718,26.73375,9733,R,pulsed load (rest)
2468.91,0.0,3.719,26.74932,9733,R,pulsed load (rest)
2469.91,0.0,3.719,26.73375,9733,R,pulsed load (rest)
2470.91,0.0,3.719,26.73375,9733,R,pulsed load (rest)
2471.91,0.0,3.72,26.73375,9733,R,pulsed load (rest)
2472.91,0.0,3.72,26.73375,9733,R,pulsed load (rest)
2473.91,0.0,3.721,26.73375,9733,R,pulsed load (rest)
2474.91,0.0,3.721,26.73375,9733,R,pulsed load (rest)
2475.91,0.0,3.721,26.73375,9733,R,pulsed load (rest)
2476.91,0.0,3.722,26.73375,9733,R,pulsed load (rest)
2477.91,0.0,3.722,26.73375,9733,R,pulsed load (rest)
2478.91,0.0,3.723,26.73375,9733,R,pulsed load (rest)
2479.91,0.0,3.723,26.73375,9733,R,pulsed load (rest)
2480.91,0.0,3.723,26.73375,9733,R,pulsed load (rest)
2481.91,0.0,3.723,26.73375,9733,R,pulsed load (rest)
2482.91,0.0,3.724,26.73375,9733,R,pulsed load (rest)
2483.91,0.0,3.724,26.73375,9733,R,pulsed load (rest)
2484.91,0.0,3.724,26.73375,9733,R,pulsed load (rest)
2485.91,0.0,3.725,26.73375,9733,R,pulsed load (rest)
2486.91,0.0,3.725,26.71819,9733,R,pulsed load (rest)
2487.91,0.0,3.725,26.71819,9733,R,pulsed load (rest)
2488.91,0.0,3.726,26.71819,9733,R,pulsed load (rest)
2489.91,0.0,3.726,26.70262,9733,R,pulsed load (rest)
2490.91,0.0,3.726,26.70262,9733,R,pulsed load (rest)
2491.91,0.0,3.727,26.70262,9733,R,pulsed load (rest)
2492.91,0.0,3.727,26.68705,9733,R,pulsed load (rest)
2493.91,0.0,3.727,26.68705,9733,R,pulsed load (rest)
2494.91,0.0,3.727,26.68705,9733,R,pulsed load (rest)
2495.91,0.0,3.728,26.68705,9733,R,pulsed load (rest)
2496.91,0.0,3.728,26.68705,9733,R,pulsed load (rest)
2497.91,0.0,3.728,26.68705,9733,R,pulsed load (rest)
2498.91,0.0,3.729,26.68705,9733,R,pulsed load (rest)
2499.91,0.0,3.729,26.68705,9733,R,pulsed load (rest)
2500.91,0.0,3.729,26.67149,9733,R,pulsed load (rest)
2501.91,0.0,3.729,26.67149,9733,R,pulsed load (rest)
2502.91,0.0,3.73,26.67149,9733,R,pulsed load (rest)
2503.91,0.0,3.73,26.67149,9733,R,pulsed load (rest)
2504.91,0.0,3.73,26.67149,9733,R,pulsed load (rest)
2505.91,0.0,3.73,26.67149,9733,R,pulsed load (rest)
2506.91,0.0,3.731,26.67149,9733,R,pulsed load (rest)
2507.91,0.0,3.731,26.67149,9733,R,pulsed load (rest)
2508.91,0.0,3.731,26.67149,9733,R,pulsed load (rest)
2509.91,0.0,3.731,26.67149,9733,R,pulsed load (rest)
2510.91,0.0,3.732,26.67149,9733,R,pulsed load (rest)
2511.91,0.0,3.732,26.67149,9733,R,pulsed load (rest)
2512.91,0.0,3.732,26.67149,9733,R,pulsed load (rest)
2513.91,0.0,3.732,26.67149,9733,R,pulsed load (rest)
2514.91,0.0,3.733,26.65592,9733,R,pulsed load (rest)
2515.91,0.0,3.733,26.65592,9733,R,pulsed load (rest)
2516.91,0.0,3.733,26.67149,9733,R,pulsed load (rest)
2517.91,0.0,3.733,26.67149,9733,R,pulsed load (rest)
2518.91,0.0,3.734,26.67149,9733,R,pulsed load (rest)
2519.91,0.0,3.734,26.67149,9733,R,pulsed load (rest)
2520.91,0.0,3.734,26.65592,9733,R,pulsed load (rest)
2521.91,0.0,3.734,26.65592,9733,R,pulsed load (rest)
2522.91,0.0,3.734,26.65592,9733,R,pulsed load (rest)
2523.91,0.0,3.735,26.64035,9733,R,pulsed load (rest)
2524.91,0.0,3.735,26.65592,9733,R,pulsed load (rest)
2525.91,0.0,3.735,26.65592,9733,R,pulsed load (rest)
2526.91,0.0,3.735,26.64035,9733,R,pulsed load (rest)
2527.91,0.0,3.736,26.64035,9733,R,pulsed load (rest)
2528.91,0.0,3.736,26.62479,9733,R,pulsed load (rest)
2529.91,0.0,3.736,26.62479,9733,R,pulsed load (rest)
2530.91,0.0,3.736,26.64035,9733,R,pulsed load (rest)
2531.91,0.0,3.736,26.64035,9733,R,pulsed load (rest)
2532.91,0.0,3.736,26.62479,9733,R,pulsed load (rest)
2533.91,0.0,3.737,26.64035,9733,R,pulsed load (rest)
2534.91,0.0,3.737,26.62479,9733,R,pulsed load (rest)
2535.91,0.0,3.737,26.62479,9733,R,pulsed load (rest)
2536.91,0.0,3.737,26.64035,9733,R,pulsed load (rest)
2537.91,0.0,3.737,26.62479,9733,R,pulsed load (rest)
2538.91,0.0,3.738,26.62479,9733,R,pulsed load (rest)
2539.91,0.0,3.738,26.62479,9733,R,pulsed load (rest)
2540.91,0.0,3.738,26.62479,9733,R,pulsed load (rest)
2541.91,0.0,3.738,26.60922,9733,R,pulsed load (rest)
2542.91,0.0,3.738,26.62479,9733,R,pulsed load (rest)
2543.91,0.0,3.739,26.62479,9733,R,pulsed load (rest)
2544.91,0.0,3.739,26.62479,9733,R,pulsed load (rest)
2545.91,0.0,3.739,26.62479,9733,R,pulsed load (rest)
2546.91,0.0,3.739,26.60922,9733,R,pulsed load (rest)
2547.91,0.0,3.739,26.60922,9733,R,pulsed load (rest)
2548.91,0.0,3.739,26.60922,9733,R,pulsed load (rest)
2549.91,0.0,3.74,26.60922,9733,R,pulsed load (rest)
2550.91,0.0,3.74,26.60922,9733,R,pulsed load (rest)
2551.91,0.0,3.74,26.60922,9733,R,pulsed load (rest)
2552.91,0.0,3.74,26.59365,9733,R,pulsed load (rest)
2553.91,0.0,3.74,26.60922,9733,R,pulsed load (rest)
2554.91,0.0,3.741,26.60922,9733,R,pulsed load (rest)
2555.91,0.0,3.741,26.59365,9733,R,pulsed load (rest)
2556.91,0.0,3.741,26.59365,9733,R,pulsed load (rest)
2557.91,0.0,3.741,26.59365,9733,R,pulsed load (rest)
2558.91,0.0,3.741,26.59365,9733,R,pulsed load (rest)
2559.91,0.0,3.741,26.59365,9733,R,pulsed load (rest)
2560.91,0.0,3.741,26.59365,9733,R,pulsed load (rest)
2561.91,0.0,3.742,26.59365,9733,R,pulsed load (rest)
2562.91,0.0,3.742,26.59365,9733,R,pulsed load (rest)
2563.91,0.0,3.742,26.57809,9733,R,pulsed load (rest)
2564.91,0.0,3.742,26.57809,9733,R,pulsed load (rest)
2565.91,0.0,3.742,26.57809,9733,R,pulsed load (rest)
2566.91,0.0,3.742,26.57809,9733,R,pulsed load (rest)
2567.91,0.0,3.743,26.57809,9733,R,pulsed load (rest)
2568.91,0.0,3.743,26.57809,9733,R,pulsed load (rest)
2569.91,0.0,3.743,26.57809,9733,R,pulsed load (rest)
2570.91,0.0,3.743,26.57809,9733,R,pulsed load (rest)
2571.91,0.0,3.743,26.57809,9733,R,pulsed load (rest)
2572.91,0.0,3.743,26.57809,9733,R,pulsed load (rest)
2573.91,0.0,3.743,26.57809,9733,R,pulsed load (rest)
2574.91,0.0,3.744,26.57809,9733,R,pulsed load (rest)
2575.91,0.0,3.744,26.57809,9733,R,pulsed load (rest)
2576.91,0.0,3.744,26.57809,9733,R,pulsed load (rest)
2577.91,0.0,3.744,26.56252,9733,R,pulsed load (rest)
2578.91,0.0,3.744,26.56252,9733,R,pulsed load (rest)
2579.91,0.0,3.744,26.56252,9733,R,pulsed load (rest)
2580.91,0.0,3.744,26.56252,9733,R,pulsed load (rest)
2581.91,0.0,3.744,26.56252,9733,R,pulsed load (rest)
2582.91,0.0,3.744,26.56252,9733,R,pulsed load (rest)
2583.91,0.0,3.745,26.54695,9733,R,pulsed load (rest)
2584.91,0.0,3.745,26.54695,9733,R,pulsed load (rest)
2585.91,0.0,3.745,26.54695,9733,R,pulsed load (rest)
2586.91,0.0,3.745,26.54695,9733,R,pulsed load (rest)
2587.91,0.0,3.745,26.54695,9733,R,pulsed load (rest)
2588.91,0.0,3.745,26.54695,9733,R,pulsed load (rest)
2589.91,0.0,3.745,26.53139,9733,R,pulsed load (rest)
2590.91,0.0,3.746,26.53139,9733,R,pulsed load (rest)
2591.91,0.0,3.746,26.53139,9733,R,pulsed load (rest)
2592.91,0.0,3.746,26.53139,9733,R,pulsed load (rest)
2593.91,0.0,3.746,26.53139,9733,R,pulsed load (rest)
2594.91,0.0,3.746,26.53139,9733,R,pulsed load (rest)
2595.91,0.0,3.746,26.51582,9733,R,pulsed load (rest)
2596.91,0.0,3.746,26.51582,9733,R,pulsed load (rest)
2597.91,0.0,3.746,26.51582,9733,R,pulsed load (rest)
2598.91,0.0,3.747,26.51582,9733,R,pulsed load (rest)
2599.91,0.0,3.747,26.50025,9733,R,pulsed load (rest)
2600.91,0.0,3.747,26.50025,9733,R,pulsed load (rest)
2601.91,0.0,3.747,26.50025,9733,R,pulsed load (rest)
2602.91,0.0,3.747,26.50025,9733,R,pulsed load (rest)
2603.91,0.0,3.747,26.48469,9733,R,pulsed load (rest)
2604.91,0.0,3.747,26.48469,9733,R,pulsed load (rest)
2605.91,0.0,3.747,26.48469,9733,R,pulsed load (rest)
2606.91,0.0,3.747,26.46912,9733,R,pulsed load (rest)
2607.91,0.0,3.747,26.48469,9733,R,pulsed load (rest)
2608.91,0.0,3.748,26.46912,9733,R,pulsed load (rest)
2609.91,0.0,3.748,26.46912,9733,R,pulsed load (rest)
2610.91,0.0,3.748,26.48469,9733,R,pulsed load (rest)
2611.91,0.0,3.748,26.46912,9733,R,pulsed load (rest)
2612.91,0.0,3.748,26.46912,9733,R,pulsed load (rest)
2613.91,0.0,3.748,26.46912,9733,R,pulsed load (rest)
2614.91,0.0,3.748,26.45355,9733,R,pulsed load (rest)
2615.91,0.0,3.748,26.45355,9733,R,pulsed load (rest)
2616.91,0.0,3.749,26.46912,9733,R,pulsed load (rest)
2617.91,0.0,3.748,26.45355,9733,R,pulsed load (rest)
2618.91,0.0,3.749,26.45355,9733,R,pulsed load (rest)
2619.91,0.0,3.749,26.45355,9733,R,pulsed load (rest)
2620.91,0.0,3.749,26.45355,9733,R,pulsed load (rest)
2621.91,0.0,3.749,26.45355,9733,R,pulsed load (rest)
2622.91,0.0,3.749,26.46912,9733,R,pulsed load (rest)
2623.91,0.0,3.749,26.46912,9733,R,pulsed load (rest)
2624.91,0.0,3.749,26.45355,9733,R,pulsed load (rest)
2625.91,0.0,3.749,26.45355,9733,R,pulsed load (rest)
2626.91,0.0,3.75,26.45355,9733,R,pulsed load (rest)
2627.91,0.0,3.75,26.45355,9733,R,pulsed load (rest)
2628.91,0.0,3.75,26.45355,9733,R,pulsed load (rest)
2629.91,0.0,3.75,26.45355,9733,R,pulsed load (rest)
2630.91,0.0,3.75,26.45355,9733,R,pulsed load (rest)
2631.91,0.0,3.75,26.45355,9733,R,pulsed load (rest)
2632.91,0.0,3.75,26.42242,9733,R,pulsed load (rest)
2633.91,0.0,3.75,26.42242,9733,R,pulsed load (rest)
2634.91,0.0,3.75,26.43798,9733,R,pulsed load (rest)
2635.91,0.0,3.75,26.42242,9733,R,pulsed load (rest)
2636.91,0.0,3.75,26.43798,9733,R,pulsed load (rest)
2637.91,0.0,3.75,26.43798,9733,R,pulsed load (rest)
2638.91,0.0,3.751,26.42242,9733,R,pulsed load (rest)
2639.91,0.0,3.751,26.42242,9733,R,pulsed load (rest)
2640.91,0.0,3.751,26.42242,9733,R,pulsed load (rest)
2641.91,0.0,3.751,26.40685,9733,R,pulsed load (rest)
2642.91,0.0,3.751,26.40685,9733,R,pulsed load (rest)
2643.91,0.0,3.751,26.40685,9733,R,pulsed load (rest)
2644.91,0.0,3.751,26.39129,9733,R,pulsed load (rest)
2645.91,0.0,3.751,26.39129,9733,R,pulsed load (rest)
2646.91,0.0,3.751,26.39129,9733,R,pulsed load (rest)
2647.91,0.0,3.751,26.39129,9733,R,pulsed load (rest)
2648.91,0.0,3.751,26.39129,9733,R,pulsed load (rest)
2649.91,0.0,3.752,26.37572,9733,R,pulsed load (rest)
2650.91,0.0,3.752,26.37572,9733,R,pulsed load (rest)
2651.91,0.0,3.752,26.37572,9733,R,pulsed load (rest)
2652.91,0.0,3.752,26.37572,9733,R,pulsed load (rest)
2653.91,0.0,3.752,26.37572,9733,R,pulsed load (rest)
2654.91,0.0,3.752,26.37572,9733,R,pulsed load (rest)
2655.91,0.0,3.752,26.36015,9733,R,pulsed load (rest)
2656.91,0.0,3.752,26.36015,9733,R,pulsed load (rest)
2657.91,0.0,3.752,26.36015,9733,R,pulsed load (rest)
2658.91,0.0,3.752,26.36015,9733,R,pulsed load (rest)
2659.91,0.0,3.752,26.34459,9733,R,pulsed load (rest)
2660.91,0.0,3.752,26.34459,9733,R,pulsed load (rest)
2661.91,0.0,3.753,26.34459,9733,R,pulsed load (rest)
2662.91,0.0,3.753,26.34459,9733,R,pulsed load (rest)
2663.91,0.0,3.753,26.32902,9733,R,pulsed load (rest)
2664.91,0.0,3.753,26.32902,9733,R,pulsed load (rest)
2665.91,0.0,3.753,26.32902,9733,R,pulsed load (rest)
2666.91,0.0,3.753,26.31345,9733,R,pulsed load (rest)
2667.91,0.0,3.753,26.32902,9733,R,pulsed load (rest)
2668.91,0.0,3.753,26.32902,9733,R,pulsed load (rest)
2669.91,0.0,3.753,26.31345,9733,R,pulsed load (rest)
2670.91,0.0,3.753,26.31345,9733,R,pulsed load (rest)
2671.91,0.0,3.753,26.31345,9733,R,pulsed load (rest)
2672.91,0.0,3.753,26.31345,9733,R,pulsed load (rest)
2673.91,0.0,3.753,26.31345,9733,R,pulsed load (rest)
2674.91,0.0,3.754,26.31345,9733,R,pulsed load (rest)
2675.91,0.0,3.754,26.29789,9733,R,pulsed load (rest)
2676.91,0.0,3.754,26.29789,9733,R,pulsed load (rest)
2677.91,0.0,3.754,26.29789,9733,R,pulsed load (rest)
2678.91,0.0,3.754,26.29789,9733,R,pulsed load (rest)
2679.91,0.0,3.754,26.29789,9733,R,pulsed load (rest)
2680.91,0.0,3.754,26.29789,9733,R,pulsed load (rest)
2681.91,0.0,3.754,26.29789,9733,R,pulsed load (rest)
2682.91,0.0,3.754,26.29789,9733,R,pulsed load (rest)
2683.91,0.0,3.754,26.28232,9733,R,pulsed load (rest)
2684.91,0.0,3.754,26.28232,9733,R,pulsed load (rest)
2685.91,0.0,3.754,26.26675,9733,R,pulsed load (rest)
2686.91,0.0,3.754,26.26675,9733,R,pulsed load (rest)
2687.91,0.0,3.754,26.26675,9733,R,pulsed load (rest)
2688.91,0.0,3.755,26.26675,9733,R,pulsed load (rest)
2689.91,0.0,3.754,26.26675,9733,R,pulsed load (rest)
2690.91,0.0,3.755,26.26675,9733,R,pulsed load (rest)
2691.91,0.0,3.755,26.25119,9733,R,pulsed load (rest)
2692.91,0.0,3.755,26.25119,9733,R,pulsed load (rest)
2693.91,0.0,3.755,26.25119,9733,R,pulsed load (rest)
2694.91,0.0,3.755,26.23562,9733,R,pulsed load (rest)
2695.91,0.0,3.755,26.23562,9733,R,pulsed load (rest)
2696.91,0.0,3.755,26.23562,9733,R,pulsed load (rest)
2697.91,0.0,3.755,26.22005,9733,R,pulsed load (rest)
2698.91,0.0,3.755,26.22005,9733,R,pulsed load (rest)
2699.91,0.0,3.755,26.22005,9733,R,pulsed load (rest)
2700.91,0.0,3.755,26.22005,9733,R,pulsed load (rest)
2701.91,0.0,3.755,26.22005,9733,R,pulsed load (rest)
2702.91,0.0,3.755,26.20448,9733,R,pulsed load (rest)
2703.91,0.0,3.756,26.20448,9733,R,pulsed load (rest)
2704.91,0.0,3.756,26.20448,9733,R,pulsed load (rest)
2705.91,0.0,3.756,26.20448,9733,R,pulsed load (rest)
2706.91,0.0,3.756,26.20448,9733,R,pulsed load (rest)
2707.91,0.0,3.756,26.18892,9733,R,pulsed load (rest)
2708.91,0.0,3.756,26.20448,9733,R,pulsed load (rest)
2709.91,0.0,3.756,26.18892,9733,R,pulsed load (rest)
2710.91,0.0,3.756,26.17335,9733,R,pulsed load (rest)
2711.91,0.0,3.756,26.17335,9733,R,pulsed load (rest)
2712.91,0.0,3.756,26.17335,9733,R,pulsed load (rest)
2713.91,0.0,3.756,26.17335,9733,R,pulsed load (rest)
2714.91,0.0,3.756,26.18892,9733,R,pulsed load (rest)
2715.91,0.0,3.756,26.18892,9733,R,pulsed load (rest)
2716.91,0.0,3.756,26.17335,9733,R,pulsed load (rest)
2717.91,0.0,3.756,26.18892,9733,R,pulsed load (rest)
2718.91,0.0,3.756,26.17335,9733,R,pulsed load (rest)
2719.91,0.0,3.757,26.17335,9733,R,pulsed load (rest)
2720.91,0.0,3.757,26.17335,9733,R,pulsed load (rest)
2721.91,0.0,3.757,26.15779,9733,R,pulsed load (rest)
2722.91,0.0,3.757,26.15779,9733,R,pulsed load (rest)
2723.91,0.0,3.757,26.15779,9733,R,pulsed load (rest)
2724.91,0.0,3.757,26.15779,9733,R,pulsed load (rest)
2725.91,0.0,3.757,26.15779,9733,R,pulsed load (rest)
2726.91,0.0,3.757,26.15779,9733,R,pulsed load (rest)
2727.91,0.0,3.757,26.14222,9733,R,pulsed load (rest)
2728.91,0.0,3.757,26.14222,9733,R,pulsed load (rest)
2729.91,0.0,3.757,26.14222,9733,R,pulsed load (rest)
2730.91,0.0,3.757,26.14222,9733,R,pulsed load (rest)
2731.91,0.0,3.757,26.14222,9733,R,pulsed load (rest)
2732.91,0.0,3.757,26.12665,9733,R,pulsed load (rest)
2733.91,0.0,3.757,26.12665,9733,R,pulsed load (rest)
2734.91,0.0,3.757,26.12665,9733,R,pulsed load (rest)
2735.91,0.0,3.757,26.12665,9733,R,pulsed load (rest)
2736.91,0.0,3.757,26.12665,9733,R,pulsed load (rest)
2737.91,0.0,3.757,26.11109,9733,R,pulsed load (rest)
2738.91,0.0,3.758,26.11109,9733,R,pulsed load (rest)
2739.91,0.0,3.758,26.11109,9733,R,pulsed load (rest)
2740.91,0.0,3.758,26.11109,9733,R,pulsed load (rest)
2741.91,0.0,3.758,26.11109,9733,R,pulsed load (rest)
2742.91,0.0,3.758,26.11109,9733,R,pulsed load (rest)
2743.91,0.0,3.758,26.11109,9733,R,pulsed load (rest)
2744.91,0.0,3.758,26.11109,9733,R,pulsed load (rest)
2745.91,0.0,3.758,26.09552,9733,R,pulsed load (rest)
2746.91,0.0,3.758,26.09552,9733,R,pulsed load (rest)
2747.91,0.0,3.758,26.09552,9733,R,pulsed load (rest)
2748.91,0.0,3.758,26.09552,9733,R,pulsed load (rest)
2749.91,0.0,3.758,26.09552,9733,R,pulsed load (rest)
2750.91,0.0,3.758,26.09552,9733,R,pulsed load (rest)
2751.91,0.0,3.758,26.07995,9733,R,pulsed load (rest)
2752.91,0.0,3.758,26.07995,9733,R,pulsed load (rest)
2753.91,0.0,3.758,26.07995,9733,R,pulsed load (rest)
2754.91,0.0,3.758,26.07995,9733,R,pulsed load (rest)
2755.91,0.0,3.758,26.07995,9733,R,pulsed load (rest)
2756.91,0.0,3.758,26.07995,9733,R,pulsed load (rest)
2757.91,0.0,3.759,26.07995,9733,R,pulsed load (rest)
2758.91,0.0,3.759,26.07995,9733,R,pulsed load (rest)
2759.91,0.0,3.759,26.07995,9733,R,pulsed load (rest)
2760.91,0.0,3.759,26.07995,9733,R,pulsed load (rest)
2761.91,0.0,3.759,26.07995,9733,R,pulsed load (rest)
2762.91,0.0,3.759,26.07995,9733,R,pulsed load (rest)
2763.91,0.0,3.759,26.07995,9733,R,pulsed load (rest)
2764.91,0.0,3.759,26.07995,9733,R,pulsed load (rest)
2765.91,0.0,3.759,26.07995,9733,R,pulsed load (rest)
2766.91,0.0,3.759,26.07995,9733,R,pulsed load (rest)
2767.91,0.0,3.759,26.07995,9733,R,pulsed load (rest)
2768.91,0.0,3.759,26.06439,9733,R,pulsed load (rest)
2769.91,0.0,3.759,26.06439,9733,R,pulsed load (rest)
2770.91,0.0,3.759,26.06439,9733,R,pulsed load (rest)
2771.91,0.0,3.759,26.06439,9733,R,pulsed load (rest)
2772.91,0.0,3.759,26.06439,9733,R,pulsed load (rest)
2773.91,0.0,3.759,26.04882,9733,R,pulsed load (rest)
2774.91,0.0,3.759,26.06439,9733,R,pulsed load (rest)
2775.91,0.0,3.759,26.06439,9733,R,pulsed load (rest)
2776.91,0.0,3.76,26.06439,9733,R,pulsed load (rest)
2777.91,0.0,3.759,26.06439,9733,R,pulsed load (rest)
2778.91,0.0,3.76,26.06439,9733,R,pulsed load (rest)
2779.91,0.0,3.76,26.06439,9733,R,pulsed load (rest)
2780.91,0.0,3.76,26.06439,9733,R,pulsed load (rest)
2781.91,0.0,3.76,26.06439,9733,R,pulsed load (rest)
2782.91,0.0,3.76,26.06439,9733,R,pulsed load (rest)
2783.91,0.0,3.76,26.06439,9733,R,pulsed load (rest)
2784.91,0.0,3.76,26.04882,9733,R,pulsed load (rest)
2785.91,0.0,3.76,26.04882,9733,R,pulsed load (rest)
2786.91,0.0,3.76,26.04882,9733,R,pulsed load (rest)
2787.91,0.0,3.76,26.04882,9733,R,pulsed load (rest)
2788.91,0.0,3.76,26.06439,9733,R,pulsed load (rest)
2789.91,0.0,3.76,26.04882,9733,R,pulsed load (rest)
2790.91,0.0,3.76,26.04882,9733,R,pulsed load (rest)
2791.91,0.0,3.76,26.04882,9733,R,pulsed load (rest)
2792.91,0.0,3.76,26.04882,9733,R,pulsed load (rest)
2793.91,0.0,3.76,26.04882,9733,R,pulsed load (rest)
2794.91,0.0,3.76,26.03325,9733,R,pulsed load (rest)
2795.91,0.0,3.76,26.03325,9733,R,pulsed load (rest)
2796.91,0.0,3.76,26.03325,9733,R,pulsed load (rest)
2797.91,0.0,3.76,26.03325,9733,R,pulsed load (rest)
2798.91,0.0,3.76,26.03325,9733,R,pulsed load (rest)
2799.91,0.0,3.761,26.03325,9733,R,pulsed load (rest)
2800.91,0.0,3.761,26.03325,9733,R,pulsed load (rest)
2801.91,0.0,3.761,26.03325,9733,R,pulsed load (rest)
2802.91,0.0,3.761,26.01768,9733,R,pulsed load (rest)
2803.91,0.0,3.761,26.01768,9733,R,pulsed load (rest)
2804.91,0.0,3.761,26.01768,9733,R,pulsed load (rest)
2805.91,0.0,3.761,26.01768,9733,R,pulsed load (rest)
2806.91,0.0,3.761,26.01768,9733,R,pulsed load (rest)
2807.91,0.0,3.761,26.01768,9733,R,pulsed load (rest)
2808.91,0.0,3.761,26.01768,9733,R,pulsed load (rest)
2809.91,0.0,3.761,26.01768,9733,R,pulsed load (rest)
2810.91,0.0,3.761,26.01768,9733,R,pulsed load (rest)
2811.91,0.0,3.761,26.01768,9733,R,pulsed load (rest)
2812.91,0.0,3.761,26.01768,9733,R,pulsed load (rest)
2813.91,0.0,3.761,26.01768,9733,R,pulsed load (rest)
2814.91,0.0,3.761,26.01768,9733,R,pulsed load (rest)
2815.91,0.0,3.761,26.00212,9733,R,pulsed load (rest)
2816.91,0.0,3.761,26.00212,9733,R,pulsed load (rest)
2817.91,0.0,3.761,26.00212,9733,R,pulsed load (rest)
2818.91,0.0,3.761,26.00212,9733,R,pulsed load (rest)
2819.91,0.0,3.762,25.98655,9733,R,pulsed load (rest)
2820.91,0.0,3.761,25.98655,9733,R,pulsed load (rest)
2821.91,0.0,3.761,25.98655,9733,R,pulsed load (rest)
2822.91,0.0,3.762,25.98655,9733,R,pulsed load (rest)
2823.91,0.0,3.762,25.98655,9733,R,pulsed load (rest)
2824.91,0.0,3.762,25.98655,9733,R,pulsed load (rest)
2825.91,0.0,3.762,25.98655,9733,R,pulsed load (rest)
2826.91,0.0,3.762,26.00212,9733,R,pulsed load (rest)
2827.91,0.0,3.762,25.98655,9733,R,pulsed load (rest)
2828.91,0.0,3.762,26.00212,9733,R,pulsed load (rest)
2829.91,0.0,3.762,26.00212,9733,R,pulsed load (rest)
2830.91,0.0,3.762,26.00212,9733,R,pulsed load (rest)
2831.91,0.0,3.762,26.00212,9733,R,pulsed load (rest)
2832.91,0.0,3.762,26.00212,9733,R,pulsed load (rest)
2833.91,0.0,3.762,26.00212,9733,R,pulsed load (rest)
2834.91,0.0,3.762,26.01768,9733,R,pulsed load (rest)
2835.91,0.0,3.762,26.01768,9733,R,pulsed load (rest)
2836.91,0.0,3.762,26.01768,9733,R,pulsed load (rest)
2837.91,0.0,3.762,26.01768,9733,R,pulsed load (rest)
2838.91,0.0,3.762,26.00212,9733,R,pulsed load (rest)
2839.91,0.0,3.762,26.01768,9733,R,pulsed load (rest)
2840.91,0.0,3.762,26.01768,9733,R,pulsed load (rest)
2841.91,0.0,3.762,26.00212,9733,R,pulsed load (rest)
2842.91,0.0,3.762,26.01768,9733,R,pulsed load (rest)
2843.91,0.0,3.762,26.00212,9733,R,pulsed load (rest)
2844.91,0.0,3.762,26.01768,9733,R,pulsed load (rest)
2845.91,0.0,3.762,26.01768,9733,R,pulsed load (rest)
2846.91,0.0,3.762,26.01768,9733,R,pulsed load (rest)
2847.91,0.0,3.762,26.01768,9733,R,pulsed load (rest)
2848.91,0.0,3.762,26.01768,9733,R,pulsed load (rest)
2849.91,0.0,3.763,26.01768,9733,R,pulsed load (rest)
2850.91,0.0,3.763,26.01768,9733,R,pulsed load (rest)
2851.91,0.0,3.763,26.00212,9733,R,pulsed load (rest)
2852.91,0.0,3.763,26.00212,9733,R,pulsed load (rest)
2853.91,0.0,3.763,26.01768,9733,R,pulsed load (rest)
2854.91,0.0,3.763,26.01768,9733,R,pulsed load (rest)
2855.91,0.0,3.763,26.00212,9733,R,pulsed load (rest)
2856.91,0.0,3.763,26.00212,9733,R,pulsed load (rest)
2857.91,0.0,3.763,26.00212,9733,R,pulsed load (rest)
2858.91,0.0,3.763,26.00212,9733,R,pulsed load (rest)
2859.91,0.0,3.763,26.00212,9733,R,pulsed load (rest)
2860.91,0.0,3.763,26.00212,9733,R,pulsed load (rest)
2861.91,0.0,3.763,26.00212,9733,R,pulsed load (rest)
2862.91,0.0,3.763,26.00212,9733,R,pulsed load (rest)
2863.91,0.0,3.763,25.98655,9733,R,pulsed load (rest)
2864.91,0.0,3.763,25.98655,9733,R,pulsed load (rest)
2865.91,0.0,3.763,25.98655,9733,R,pulsed load (rest)
2866.91,0.0,3.763,25.98655,9733,R,pulsed load (rest)
2867.91,0.0,3.763,25.98655,9733,R,pulsed load (rest)
2868.91,0.0,3.763,25.98655,9733,R,pulsed load (rest)
2869.91,0.0,3.763,25.98655,9733,R,pulsed load (rest)
2870.91,0.0,3.763,25.98655,9733,R,pulsed load (rest)
2871.91,0.0,3.763,25.97099,9733,R,pulsed load (rest)
2872.91,0.0,3.763,25.97099,9733,R,pulsed load (rest)
2873.91,0.0,3.763,25.97099,9733,R,pulsed load (rest)
2874.91,0.0,3.763,25.97099,9733,R,pulsed load (rest)
2875.91,0.0,3.764,25.97099,9733,R,pulsed load (rest)
2876.91,0.0,3.763,25.97099,9733,R,pulsed load (rest)
2877.91,0.0,3.764,25.97099,9733,R,pulsed load (rest)
2878.91,0.0,3.764,25.95542,9733,R,pulsed load (rest)
2879.91,0.0,3.764,25.95542,9733,R,pulsed load (rest)
2880.91,0.0,3.764,25.95542,9733,R,pulsed load (rest)
2881.91,0.0,3.764,25.95542,9733,R,pulsed load (rest)
2882.91,0.0,3.764,25.95542,9733,R,pulsed load (rest)
2883.91,0.0,3.764,25.95542,9733,R,pulsed load (rest)
2884.91,0.0,3.764,25.95542,9733,R,pulsed load (rest)
2885.91,0.0,3.764,25.95542,9733,R,pulsed load (rest)
2886.91,0.0,3.764,25.93985,9733,R,pulsed load (rest)
2887.91,0.0,3.764,25.93985,9733,R,pulsed load (rest)
2888.91,0.0,3.764,25.93985,9733,R,pulsed load (rest)
2889.91,0.0,3.764,25.92429,9733,R,pulsed load (rest)
2890.91,0.0,3.764,25.92429,9733,R,pulsed load (rest)
2891.91,0.0,3.764,25.92429,9733,R,pulsed load (rest)
2892.91,0.0,3.764,25.90872,9733,R,pulsed load (rest)
2893.91,0.0,3.764,25.90872,9733,R,pulsed load (rest)
2894.91,0.0,3.764,25.90872,9733,R,pulsed load (rest)
2895.91,0.0,3.764,25.90872,9733,R,pulsed load (rest)
2896.91,0.0,3.764,25.92429,9733,R,pulsed load (rest)
2897.91,0.0,3.764,25.92429,9733,R,pulsed load (rest)
2898.91,0.0,3.764,25.90872,9733,R,pulsed load (rest)
2899.91,0.0,3.764,25.90872,9733,R,pulsed load (rest)
2900.91,0.0,3.764,25.90872,9733,R,pulsed load (rest)
2901.91,0.0,3.764,25.90872,9733,R,pulsed load (rest)
2902.91,0.0,3.764,25.90872,9733,R,pulsed load (rest)
2903.91,0.0,3.764,25.90872,9733,R,pulsed load (rest)
2904.91,0.0,3.765,25.90872,9733,R,pulsed load (rest)
2905.91,0.0,3.765,25.90872,9733,R,pulsed load (rest)
2906.91,0.0,3.765,25.90872,9733,R,pulsed load (rest)
2907.91,0.0,3.764,25.90872,9733,R,pulsed load (rest)
2908.91,0.0,3.765,25.90872,9733,R,pulsed load (rest)
2909.91,0.0,3.765,25.90872,9733,R,pulsed load (rest)
2910.91,0.0,3.765,25.90872,9733,R,pulsed load (rest)
2911.91,0.0,3.765,25.90872,9733,R,pulsed load (rest)
2912.91,0.0,3.765,25.89315,9733,R,pulsed load (rest)
2913.91,0.0,3.765,25.89315,9733,R,pulsed load (rest)
2914.91,0.0,3.765,25.87759,9733,R,pulsed load (rest)
2915.91,0.0,3.765,25.87759,9733,R,pulsed load (rest)
2916.91,0.0,3.765,25.89315,9733,R,pulsed load (rest)
2917.91,0.0,3.765,25.87759,9733,R,pulsed load (rest)
2918.91,0.0,3.765,25.87759,9733,R,pulsed load (rest)
2919.91,0.0,3.765,25.87759,9733,R,pulsed load (rest)
2920.91,0.0,3.765,25.87759,9733,R,pulsed load (rest)
2921.91,0.0,3.765,25.87759,9733,R,pulsed load (rest)
2922.91,0.0,3.765,25.87759,9733,R,pulsed load (rest)
2923.91,0.0,3.765,25.87759,9733,R,pulsed load (rest)
2924.91,0.0,3.765,25.87759,9733,R,pulsed load (rest)
2925.91,0.0,3.765,25.87759,9733,R,pulsed load (rest)
2926.91,0.0,3.765,25.86202,9733,R,pulsed load (rest)
2927.91,0.0,3.765,25.86202,9733,R,pulsed load (rest)
2928.91,0.0,3.765,25.86202,9733,R,pulsed load (rest)
2929.91,0.0,3.765,25.84645,9733,R,pulsed load (rest)
2930.91,0.0,3.765,25.86202,9733,R,pulsed load (rest)
2931.91,0.0,3.765,25.84645,9733,R,pulsed load (rest)
2932.91,0.0,3.765,25.84645,9733,R,pulsed load (rest)
2933.91,0.0,3.766,25.84645,9733,R,pulsed load (rest)
2934.91,0.0,3.765,25.84645,9733,R,pulsed load (rest)
2935.91,0.0,3.766,25.83088,9733,R,pulsed load (rest)
2936.91,0.0,3.766,25.83088,9733,R,pulsed load (rest)
2937.91,0.0,3.765,25.83088,9733,R,pulsed load (rest)
2938.91,0.0,3.766,25.81532,9733,R,pulsed load (rest)
2939.91,0.0,3.766,25.83088,9733,R,pulsed load (rest)
2940.91,0.0,3.766,25.81532,9733,R,pulsed load (rest)
2941.91,0.0,3.766,25.81532,9733,R,pulsed load (rest)
2942.91,0.0,3.766,25.81532,9733,R,pulsed load (rest)
2943.91,0.0,3.766,25.81532,9733,R,pulsed load (rest)
2944.91,0.0,3.766,25.81532,9733,R,pulsed load (rest)
2945.91,0.0,3.766,25.81532,9733,R,pulsed load (rest)
2946.91,0.0,3.766,25.79975,9733,R,pulsed load (rest)
2947.91,0.0,3.766,25.79975,9733,R,pulsed load (rest)
2948.91,0.0,3.766,25.79975,9733,R,pulsed load (rest)
2949.91,0.0,3.766,25.78419,9733,R,pulsed load (rest)
2950.91,0.0,3.766,25.78419,9733,R,pulsed load (rest)
2951.91,0.0,3.766,25.78419,9733,R,pulsed load (rest)
2952.91,0.0,3.766,25.78419,9733,R,pulsed load (rest)
2953.91,0.0,3.766,25.78419,9733,R,pulsed load (rest)
2954.91,0.0,3.766,25.78419,9733,R,pulsed load (rest)
2955.91,0.0,3.766,25.78419,9733,R,pulsed load (rest)
2956.91,0.0,3.766,25.78419,9733,R,pulsed load (rest)
2957.91,0.0,3.766,25.78419,9733,R,pulsed load (rest)
2958.91,0.0,3.766,25.78419,9733,R,pulsed load (rest)
2959.91,0.0,3.766,25.78419,9733,R,pulsed load (rest)
2960.91,0.0,3.766,25.78419,9733,R,pulsed load (rest)
2961.91,0.0,3.766,25.76862,9733,R,pulsed load (rest)
2962.91,0.0,3.766,25.76862,9733,R,pulsed load (rest)
2963.91,0.0,3.766,25.78419,9733,R,pulsed load (rest)
2964.91,0.0,3.766,25.76862,9733,R,pulsed load (rest)
2965.91,0.0,3.766,25.76862,9733,R,pulsed load (rest)
2966.91,0.0,3.766,25.76862,9733,R,pulsed load (rest)
2967.91,0.0,3.766,25.76862,9733,R,pulsed load (rest)
2968.91,0.0,3.766,25.75305,9733,R,pulsed load (rest)
2969.91,0.0,3.766,25.76862,9733,R,pulsed load (rest)
2970.91,0.0,3.767,25.75305,9733,R,pulsed load (rest)
2971.91,0.0,3.766,25.75305,9733,R,pulsed load (rest)
2972.91,0.0,3.767,25.75305,9733,R,pulsed load (rest)
2973.91,0.0,3.767,25.73748,9733,R,pulsed load (rest)
2974.91,0.0,3.767,25.75305,9733,R,pulsed load (rest)
2975.91,0.0,3.767,25.73748,9733,R,pulsed load (rest)
2976.91,0.0,3.767,25.73748,9733,R,pulsed load (rest)
2977.91,0.0,3.767,25.73748,9733,R,pulsed load (rest)
2978.91,0.0,3.767,25.73748,9733,R,pulsed load (rest)
2979.91,0.0,3.767,25.72192,9733,R,pulsed load (rest)
2980.91,0.0,3.767,25.73748,9733,R,pulsed load (rest)
2981.91,0.0,3.767,25.72192,9733,R,pulsed load (rest)
2982.91,0.0,3.767,25.72192,9733,R,pulsed load (rest)
2983.91,0.0,3.767,25.72192,9733,R,pulsed load (rest)
2984.91,0.0,3.767,25.70635,9733,R,pulsed load (rest)
2985.91,0.0,3.767,25.70635,9733,R,pulsed load (rest)
2986.91,0.0,3.767,25.72192,9733,R,pulsed load (rest)
2987.91,0.0,3.767,25.70635,9733,R,pulsed load (rest)
2988.91,0.0,3.767,25.70635,9733,R,pulsed load (rest)
2989.91,0.0,3.767,25.70635,9733,R,pulsed load (rest)
2990.91,0.0,3.767,25.69079,9733,R,pulsed load (rest)
2991.91,0.0,3.767,25.69079,9733,R,pulsed load (rest)
2992.91,0.0,3.767,25.69079,9733,R,pulsed load (rest)
2993.91,0.0,3.767,25.69079,9733,R,pulsed load (rest)
2994.91,0.0,3.767,25.69079,9733,R,pulsed load (rest)
2995.91,0.0,3.767,25.69079,9733,R,pulsed load (rest)
2996.91,0.0,3.767,25.69079,9733,R,pulsed load (rest)
2997.91,0.0,3.767,25.69079,9733,R,pulsed load (rest)
2998.91,0.0,3.767,25.69079,9733,R,pulsed load (rest)
2999.91,0.0,3.767,25.67522,9733,R,pulsed load (rest)
3000.91,0.0,3.767,25.69079,9733,R,pulsed load (rest)
3001.91,0.0,3.767,25.67522,9733,R,pulsed load (rest)
3002.91,0.0,3.767,25.67522,9733,R,pulsed load (rest)
3003.91,0.0,3.767,25.67522,9733,R,pulsed load (rest)
3004.91,0.0,3.768,25.67522,9733,R,pulsed load (rest)
3005.91,0.0,3.767,25.67522,9733,R,pulsed load (rest)
3006.91,0.0,3.767,25.67522,9733,R,pulsed load (rest)
3007.91,0.0,3.768,25.65965,9733,R,pulsed load (rest)
3008.91,0.0,3.767,25.65965,9733,R,pulsed load (rest)
3009.91,0.0,3.768,25.67522,9733,R,pulsed load (rest)
3010.91,0.0,3.768,25.65965,9733,R,pulsed load (rest)
3011.91,0.0,3.768,25.64409,9733,R,pulsed load (rest)
3012.91,0.0,3.768,25.65965,9733,R,pulsed load (rest)
3013.91,0.0,3.768,25.64409,9733,R,pulsed load (rest)
3014.91,0.0,3.768,25.64409,9733,R,pulsed load (rest)
3015.91,0.0,3.768,25.65965,9733,R,pulsed load (rest)
3016.91,0.0,3.768,25.64409,9733,R,pulsed load (rest)
3017.91,0.0,3.768,25.64409,9733,R,pulsed load (rest)
3018.91,0.0,3.768,25.64409,9733,R,pulsed load (rest)
3019.91,0.0,3.768,25.64409,9733,R,pulsed load (rest)
3020.91,0.0,3.768,25.64409,9733,R,pulsed load (rest)
3021.91,0.0,3.768,25.64409,9733,R,pulsed load (rest)
3022.91,0.0,3.768,25.64409,9733,R,pulsed load (rest)
3023.91,0.0,3.768,25.64409,9733,R,pulsed load (rest)
3024.91,0.0,3.768,25.64409,9733,R,pulsed load (rest)
3025.91,0.0,3.768,25.62852,9733,R,pulsed load (rest)
3026.91,0.0,3.768,25.62852,9733,R,pulsed load (rest)
3027.91,0.0,3.768,25.62852,9733,R,pulsed load (rest)
3028.91,0.0,3.768,25.62852,9733,R,pulsed load (rest)
3029.91,0.0,3.768,25.62852,9733,R,pulsed load (rest)
3030.91,0.0,3.768,25.62852,9733,R,pulsed load (rest)
3031.91,0.0,3.768,25.61295,9733,R,pulsed load (rest)
3032.91,0.0,3.768,25.61295,9733,R,pulsed load (rest)
3033.91,0.0,3.768,25.61295,9733,R,pulsed load (rest)
3034.91,0.0,3.768,25.61295,9733,R,pulsed load (rest)
3035.91,0.0,3.768,25.61295,9733,R,pulsed load (rest)
3036.91,0.0,3.768,25.61295,9733,R,pulsed load (rest)
3037.91,0.0,3.768,25.59739,9733,R,pulsed load (rest)
3038.91,0.0,3.768,25.59739,9733,R,pulsed load (rest)
3039.91,0.0,3.768,25.59739,9733,R,pulsed load (rest)
3040.91,0.0,3.768,25.58182,9733,R,pulsed load (rest)
3041.91,0.0,3.768,25.59739,9733,R,pulsed load (rest)
3042.91,0.0,3.768,25.59739,9733,R,pulsed load (rest)
3043.91,0.0,3.768,25.58182,9733,R,pulsed load (rest)
3044.91,0.0,3.768,25.58182,9733,R,pulsed load (rest)
3045.91,0.0,3.768,25.58182,9733,R,pulsed load (rest)
3046.91,0.0,3.768,25.58182,9733,R,pulsed load (rest)
3047.91,0.0,3.769,25.58182,9733,R,pulsed load (rest)
3048.91,0.0,3.768,25.58182,9733,R,pulsed load (rest)
3049.91,0.0,3.769,25.56625,9733,R,pulsed load (rest)
3050.91,0.0,3.769,25.58182,9733,R,pulsed load (rest)
3051.91,0.0,3.769,25.56625,9733,R,pulsed load (rest)
3052.91,0.0,3.769,25.56625,9733,R,pulsed load (rest)
3053.91,0.0,3.769,25.58182,9733,R,pulsed load (rest)
3054.91,0.0,3.769,25.56625,9733,R,pulsed load (rest)
3055.91,0.0,3.769,25.56625,9733,R,pulsed load (rest)
3056.91,0.0,3.769,25.58182,9733,R,pulsed load (rest)
3057.91,0.0,3.769,25.56625,9733,R,pulsed load (rest)
3058.91,0.0,3.769,25.56625,9733,R,pulsed load (rest)
3059.91,0.0,3.769,25.56625,9733,R,pulsed load (rest)
3060.91,0.0,3.769,25.56625,9733,R,pulsed load (rest)
3061.91,0.0,3.769,25.56625,9733,R,pulsed load (rest)
3062.91,0.0,3.769,25.56625,9733,R,pulsed load (rest)
3063.91,0.0,3.769,25.56625,9733,R,pulsed load (rest)
3064.91,0.0,3.769,25.56625,9733,R,pulsed load (rest)
3065.91,0.0,3.769,25.56625,9733,R,pulsed load (rest)
3066.91,0.0,3.769,25.55069,9733,R,pulsed load (rest)
3067.91,0.0,3.769,25.55069,9733,R,pulsed load (rest)
3068.91,0.0,3.769,25.55069,9733,R,pulsed load (rest)
3069.91,0.0,3.769,25.55069,9733,R,pulsed load (rest)
3070.91,0.0,3.769,25.55069,9733,R,pulsed load (rest)
3071.91,0.0,3.769,25.55069,9733,R,pulsed load (rest)
3072.91,0.0,3.769,25.53512,9733,R,pulsed load (rest)
3073.91,0.0,3.769,25.53512,9733,R,pulsed load (rest)
3074.91,0.0,3.769,25.53512,9733,R,pulsed load (rest)
3075.91,0.0,3.769,25.53512,9733,R,pulsed load (rest)
3076.91,0.0,3.769,25.55069,9733,R,pulsed load (rest)
3077.91,0.0,3.769,25.55069,9733,R,pulsed load (rest)
3078.91,0.0,3.769,25.53512,9733,R,pulsed load (rest)
3079.91,0.0,3.769,25.53512,9733,R,pulsed load (rest)
3080.91,0.0,3.769,25.53512,9733,R,pulsed load (rest)
3081.91,0.0,3.769,25.53512,9733,R,pulsed load (rest)
3082.91,0.0,3.769,25.53512,9733,R,pulsed load (rest)
3083.91,0.0,3.769,25.53512,9733,R,pulsed load (rest)
3084.91,0.0,3.769,25.53512,9733,R,pulsed load (rest)
3085.91,0.0,3.769,25.53512,9733,R,pulsed load (rest)
3086.91,0.0,3.769,25.51955,9733,R,pulsed load (rest)
3087.91,0.0,3.769,25.51955,9733,R,pulsed load (rest)
3088.91,0.0,3.769,25.53512,9733,R,pulsed load (rest)
3089.91,0.0,3.769,25.53512,9733,R,pulsed load (rest)
3090.91,0.0,3.769,25.51955,9733,R,pulsed load (rest)
3091.91,0.0,3.77,25.53512,9733,R,pulsed load (rest)
3092.91,0.0,3.769,25.51955,9733,R,pulsed load (rest)
3093.91,0.0,3.769,25.51955,9733,R,pulsed load (rest)
3094.91,0.0,3.769,25.51955,9733,R,pulsed load (rest)
3095.91,0.0,3.769,25.51955,9733,R,pulsed load (rest)
3096.91,0.0,3.77,25.51955,9733,R,pulsed load (rest)
3097.91,0.0,3.77,25.51955,9733,R,pulsed load (rest)
3098.91,0.0,3.77,25.51955,9733,R,pulsed load (rest)
3099.91,0.0,3.77,25.51955,9733,R,pulsed load (rest)
3100.91,0.0,3.77,25.50398,9733,R,pulsed load (rest)
3101.91,0.0,3.77,25.50398,9733,R,pulsed load (rest)
3102.91,0.0,3.77,25.50398,9733,R,pulsed load (rest)
3103.91,0.0,3.77,25.50398,9733,R,pulsed load (rest)
3104.91,0.0,3.77,25.50398,9733,R,pulsed load (rest)
3105.91,0.0,3.77,25.50398,9733,R,pulsed load (rest)
3106.91,0.0,3.77,25.48842,9733,R,pulsed load (rest)
3107.91,0.0,3.77,25.50398,9733,R,pulsed load (rest)
3108.91,0.0,3.77,25.50398,9733,R,pulsed load (rest)
3109.91,0.0,3.77,25.48842,9733,R,pulsed load (rest)
3110.91,0.0,3.77,25.48842,9733,R,pulsed load (rest)
3111.91,0.0,3.77,25.48842,9733,R,pulsed load (rest)
3112.91,0.0,3.77,25.48842,9733,R,pulsed load (rest)
3113.91,0.0,3.77,25.48842,9733,R,pulsed load (rest)
3114.91,0.0,3.77,25.48842,9733,R,pulsed load (rest)
3115.91,0.0,3.77,25.48842,9733,R,pulsed load (rest)
3116.91,0.0,3.77,25.48842,9733,R,pulsed load (rest)
3117.91,0.0,3.77,25.48842,9733,R,pulsed load (rest)
3118.91,0.0,3.77,25.48842,9733,R,pulsed load (rest)
3119.91,0.0,3.77,25.48842,9733,R,pulsed load (rest)
3120.91,0.0,3.77,25.48842,9733,R,pulsed load (rest)
3121.91,0.0,3.77,25.47285,9733,R,pulsed load (rest)
3122.91,0.0,3.77,25.47285,9733,R,pulsed load (rest)
3123.91,0.0,3.77,25.47285,9733,R,pulsed load (rest)
3124.91,0.0,3.77,25.47285,9733,R,pulsed load (rest)
3125.91,0.0,3.77,25.47285,9733,R,pulsed load (rest)
3126.91,0.0,3.77,25.47285,9733,R,pulsed load (rest)
3127.91,0.0,3.77,25.45728,9733,R,pulsed load (rest)
3128.91,0.0,3.77,25.45728,9733,R,pulsed load (rest)
3129.91,0.0,3.77,25.45728,9733,R,pulsed load (rest)
3130.91,0.0,3.77,25.45728,9733,R,pulsed load (rest)
3131.91,0.0,3.77,25.44172,9733,R,pulsed load (rest)
3132.91,0.0,3.77,25.44172,9733,R,pulsed load (rest)
3133.91,0.0,3.77,25.45728,9733,R,pulsed load (rest)
3134.91,0.0,3.77,25.45728,9733,R,pulsed load (rest)
3135.91,0.0,3.77,25.44172,9733,R,pulsed load (rest)
3136.91,0.0,3.77,25.45728,9733,R,pulsed load (rest)
3137.91,0.0,3.77,25.44172,9733,R,pulsed load (rest)
3138.91,0.0,3.77,25.44172,9733,R,pulsed load (rest)
3139.91,0.0,3.77,25.45728,9733,R,pulsed load (rest)
3140.91,0.0,3.77,25.45728,9733,R,pulsed load (rest)
3141.91,0.0,3.77,25.45728,9733,R,pulsed load (rest)
3142.91,0.0,3.77,25.45728,9733,R,pulsed load (rest)
3143.91,0.0,3.77,25.44172,9733,R,pulsed load (rest)
3144.91,0.0,3.771,25.44172,9733,R,pulsed load (rest)
3145.91,0.0,3.77,25.44172,9733,R,pulsed load (rest)
3146.91,0.0,3.771,25.44172,9733,R,pulsed load (rest)
3147.91,0.0,3.771,25.44172,9733,R,pulsed load (rest)
3148.91,0.0,3.771,25.44172,9733,R,pulsed load (rest)
3149.91,0.0,3.771,25.44172,9733,R,pulsed load (rest)
3150.91,0.0,3.771,25.42615,9733,R,pulsed load (rest)
3151.91,0.0,3.771,25.42615,9733,R,pulsed load (rest)
3152.91,0.0,3.771,25.42615,9733,R,pulsed load (rest)
3153.91,0.0,3.771,25.42615,9733,R,pulsed load (rest)
3154.91,0.0,3.771,25.44172,9733,R,pulsed load (rest)
3155.91,0.0,3.771,25.42615,9733,R,pulsed load (rest)
3156.91,0.0,3.771,25.42615,9733,R,pulsed load (rest)
3157.91,0.0,3.771,25.42615,9733,R,pulsed load (rest)
3158.91,0.0,3.771,25.42615,9733,R,pulsed load (rest)
3159.91,0.0,3.771,25.42615,9733,R,pulsed load (rest)
3160.91,0.0,3.771,25.42615,9733,R,pulsed load (rest)
3161.91,0.0,3.771,25.42615,9733,R,pulsed load (rest)
3162.91,0.0,3.771,25.42615,9733,R,pulsed load (rest)
3163.91,0.0,3.771,25.42615,9733,R,pulsed load (rest)
3164.91,0.0,3.771,25.42615,9733,R,pulsed load (rest)
3165.91,0.0,3.771,25.42615,9733,R,pulsed load (rest)
3166.91,0.0,3.771,25.42615,9733,R,pulsed load (rest)
3167.91,0.0,3.771,25.41059,9733,R,pulsed load (rest)
3168.91,0.0,3.771,25.42615,9733,R,pulsed load (rest)
3169.91,0.0,3.771,25.42615,9733,R,pulsed load (rest)
3170.91,0.0,3.771,25.41059,9733,R,pulsed load (rest)
3171.91,0.0,3.771,25.41059,9733,R,pulsed load (rest)
3172.91,0.0,3.771,25.41059,9733,R,pulsed load (rest)
3173.91,0.0,3.771,25.41059,9733,R,pulsed load (rest)
3174.91,0.0,3.771,25.42615,9733,R,pulsed load (rest)
3175.91,0.0,3.771,25.42615,9733,R,pulsed load (rest)
3176.91,0.0,3.771,25.42615,9733,R,pulsed load (rest)
3177.91,0.0,3.771,25.42615,9733,R,pulsed load (rest)
3178.91,0.0,3.771,25.42615,9733,R,pulsed load (rest)
3179.91,0.0,3.771,25.42615,9733,R,pulsed load (rest)
3180.91,0.0,3.771,25.42615,9733,R,pulsed load (rest)
3181.91,0.0,3.771,25.42615,9733,R,pulsed load (rest)
3182.91,0.0,3.771,25.41059,9733,R,pulsed load (rest)
3183.91,0.0,3.771,25.41059,9733,R,pulsed load (rest)
3184.91,0.0,3.771,25.41059,9733,R,pulsed load (rest)
3185.91,0.0,3.771,25.41059,9733,R,pulsed load (rest)
3186.91,0.0,3.771,25.39502,9733,R,pulsed load (rest)
3187.91,0.0,3.771,25.39502,9733,R,pulsed load (rest)
3188.91,0.0,3.771,25.39502,9733,R,pulsed load (rest)
3189.91,0.0,3.771,25.39502,9733,R,pulsed load (rest)
3190.91,0.0,3.771,25.39502,9733,R,pulsed load (rest)
3191.91,0.0,3.771,25.39502,9733,R,pulsed load (rest)
3192.91,0.0,3.771,25.39502,9733,R,pulsed load (rest)
3193.91,0.0,3.771,25.39502,9733,R,pulsed load (rest)
3194.91,0.0,3.772,25.39502,9733,R,pulsed load (rest)
3195.91,0.0,3.771,25.39502,9733,R,pulsed load (rest)
3196.91,0.0,3.771,25.39502,9733,R,pulsed load (rest)
3197.91,0.0,3.771,25.39502,9733,R,pulsed load (rest)
3198.91,0.0,3.771,25.41059,9733,R,pulsed load (rest)
3199.91,0.0,3.771,25.41059,9733,R,pulsed load (rest)
3200.91,0.0,3.771,25.39502,9733,R,pulsed load (rest)
3201.91,0.0,3.772,25.39502,9733,R,pulsed load (rest)
3202.91,0.0,3.772,25.39502,9733,R,pulsed load (rest)
3203.91,0.0,3.771,25.39502,9733,R,pulsed load (rest)
3204.91,0.0,3.771,25.39502,9733,R,pulsed load (rest)
3205.91,0.0,3.772,25.39502,9733,R,pulsed load (rest)
3206.91,0.0,3.772,25.39502,9733,R,pulsed load (rest)
3207.91,0.0,3.772,25.39502,9733,R,pulsed load (rest)
3208.91,0.0,3.772,25.39502,9733,R,pulsed load (rest)
3209.91,0.0,3.772,25.39502,9733,R,pulsed load (rest)
3210.91,0.0,3.772,25.41059,9733,R,pulsed load (rest)
3211.91,0.0,3.772,25.41059,9733,R,pulsed load (rest)
3212.91,0.0,3.772,25.41059,9733,R,pulsed load (rest)
3213.91,0.0,3.772,25.41059,9733,R,pulsed load (rest)
3214.91,0.0,3.772,25.41059,9733,R,pulsed load (rest)
3215.91,0.0,3.772,25.41059,9733,R,pulsed load (rest)
3216.91,0.0,3.772,25.41059,9733,R,pulsed load (rest)
3217.91,0.0,3.772,25.41059,9733,R,pulsed load (rest)
3218.91,0.0,3.772,25.41059,9733,R,pulsed load (rest)
3219.91,0.0,3.772,25.41059,9733,R,pulsed load (rest)
3220.91,0.0,3.772,25.41059,9733,R,pulsed load (rest)
3221.91,0.0,3.772,25.41059,9733,R,pulsed load (rest)
3222.91,0.0,3.772,25.41059,9733,R,pulsed load (rest)
3223.91,0.0,3.772,25.39502,9733,R,pulsed load (rest)
3224.91,0.0,3.772,25.39502,9733,R,pulsed load (rest)
3225.91,0.0,3.772,25.39502,9733,R,pulsed load (rest)
3226.91,0.0,3.772,25.39502,9733,R,pulsed load (rest)
3227.91,0.0,3.772,25.39502,9733,R,pulsed load (rest)
3228.91,0.0,3.772,25.39502,9733,R,pulsed load (rest)
3229.91,0.0,3.772,25.39502,9733,R,pulsed load (rest)
3230.91,0.0,3.772,25.39502,9733,R,pulsed load (rest)
3231.91,0.0,3.772,25.39502,9733,R,pulsed load (rest)
3232.91,0.0,3.772,25.39502,9733,R,pulsed load (rest)
3233.91,0.0,3.772,25.39502,9733,R,pulsed load (rest)
3234.91,0.0,3.772,25.39502,9733,R,pulsed load (rest)
3235.91,0.0,3.772,25.39502,9733,R,pulsed load (rest)
3236.91,0.0,3.772,25.39502,9733,R,pulsed load (rest)
3237.91,0.0,3.772,25.39502,9733,R,pulsed load (rest)
3238.91,0.0,3.772,25.39502,9733,R,pulsed load (rest)
3239.91,0.0,3.772,25.39502,9733,R,pulsed load (rest)
3240.91,0.0,3.772,25.39502,9733,R,pulsed load (rest)
3241.91,0.0,3.772,25.39502,9733,R,pulsed load (rest)
3242.91,0.0,3.772,25.39502,9733,R,pulsed load (rest)
3243.91,0.0,3.772,25.37945,9733,R,pulsed load (rest)
3244.91,0.0,3.772,25.37945,9733,R,pulsed load (rest)
3245.91,0.0,3.772,25.39502,9733,R,pulsed load (rest)
3246.91,0.0,3.772,25.37945,9733,R,pulsed load (rest)
3247.91,0.0,3.772,25.37945,9733,R,pulsed load (rest)
3248.91,0.0,3.772,25.37945,9733,R,pulsed load (rest)
3249.91,0.0,3.772,25.39502,9733,R,pulsed load (rest)
3250.91,0.0,3.772,25.39502,9733,R,pulsed load (rest)
3251.91,0.0,3.772,25.37945,9733,R,pulsed load (rest)
3252.91,0.0,3.772,25.37945,9733,R,pulsed load (rest)
3253.91,0.0,3.772,25.37945,9733,R,pulsed load (rest)
3254.91,0.0,3.772,25.37945,9733,R,pulsed load (rest)
3255.91,0.0,3.772,25.37945,9733,R,pulsed load (rest)
3256.91,0.0,3.772,25.37945,9733,R,pulsed load (rest)
3257.91,0.0,3.772,25.36389,9733,R,pulsed load (rest)
3258.91,0.0,3.772,25.37945,9733,R,pulsed load (rest)
3259.91,0.0,3.772,25.36389,9733,R,pulsed load (rest)
3260.91,0.0,3.772,25.36389,9733,R,pulsed load (rest)
3261.91,0.0,3.772,25.37945,9733,R,pulsed load (rest)
3262.91,0.0,3.772,25.36389,9733,R,pulsed load (rest)
3263.91,0.0,3.772,25.36389,9733,R,pulsed load (rest)
3264.91,0.0,3.772,25.37945,9733,R,pulsed load (rest)
3265.91,0.0,3.772,25.36389,9733,R,pulsed load (rest)
3266.91,0.0,3.772,25.37945,9733,R,pulsed load (rest)
3267.91,0.0,3.772,25.37945,9733,R,pulsed load (rest)
3268.91,0.0,3.772,25.36389,9733,R,pulsed load (rest)
3269.91,0.0,3.773,25.37945,9733,R,pulsed load (rest)
3270.91,0.0,3.773,25.37945,9733,R,pulsed load (rest)
3271.91,0.0,3.773,25.36389,9733,R,pulsed load (rest)
3272.91,0.0,3.773,25.36389,9733,R,pulsed load (rest)
3273.91,0.0,3.773,25.36389,9733,R,pulsed load (rest)
3274.91,0.0,3.773,25.36389,9733,R,pulsed load (rest)
3275.91,0.0,3.773,25.36389,9733,R,pulsed load (rest)
3276.91,0.0,3.773,25.37945,9733,R,pulsed load (rest)
3277.91,0.0,3.773,25.36389,9733,R,pulsed load (rest)
3278.91,0.0,3.773,25.36389,9733,R,pulsed load (rest)
3279.91,0.0,3.773,25.36389,9733,R,pulsed load (rest)
3280.91,0.0,3.773,25.36389,9733,R,pulsed load (rest)
3281.91,0.0,3.773,25.36389,9733,R,pulsed load (rest)
3282.91,0.0,3.773,25.37945,9733,R,pulsed load (rest)
3283.91,0.0,3.773,25.36389,9733,R,pulsed load (rest)
3284.91,0.0,3.773,25.36389,9733,R,pulsed load (rest)
3285.91,0.0,3.773,25.36389,9733,R,pulsed load (rest)
3286.91,0.0,3.773,25.36389,9733,R,pulsed load (rest)
3287.91,0.0,3.773,25.36389,9733,R,pulsed load (rest)
3288.91,0.0,3.773,25.36389,9733,R,pulsed load (rest)
3289.91,0.0,3.773,25.36389,9733,R,pulsed load (rest)
3290.91,0.0,3.773,25.36389,9733,R,pulsed load (rest)
3291.91,0.0,3.773,25.36389,9733,R,pulsed load (rest)
3292.91,0.0,3.773,25.36389,9733,R,pulsed load (rest)
3293.91,0.0,3.773,25.36389,9733,R,pulsed load (rest)
3294.91,0.0,3.773,25.36389,9733,R,pulsed load (rest)
3295.91,0.0,3.773,25.36389,9733,R,pulsed load (rest)
3296.91,0.0,3.773,25.36389,9733,R,pulsed load (rest)
3297.91,0.0,3.773,25.36389,9733,R,pulsed load (rest)
3298.91,0.0,3.773,25.36389,9733,R,pulsed load (rest)
3299.91,0.0,3.773,25.36389,9733,R,pulsed load (rest)
3300.91,0.0,3.773,25.34832,9733,R,pulsed load (rest)
3301.91,0.0,3.773,25.36389,9733,R,pulsed load (rest)
3302.91,0.0,3.773,25.36389,9733,R,pulsed load (rest)
3303.91,0.0,3.773,25.36389,9733,R,pulsed load (rest)
3304.91,0.0,3.773,25.36389,9733,R,pulsed load (rest)
3305.91,0.0,3.773,25.36389,9733,R,pulsed load (rest)
3306.91,0.0,3.773,25.34832,9733,R,pulsed load (rest)
3307.91,0.0,3.773,25.34832,9733,R,pulsed load (rest)
3308.91,0.0,3.773,25.34832,9733,R,pulsed load (rest)
3309.91,0.0,3.773,25.34832,9733,R,pulsed load (rest)
3310.91,0.0,3.773,25.36389,9733,R,pulsed load (rest)
3311.91,0.0,3.773,25.34832,9733,R,pulsed load (rest)
3312.91,0.0,3.773,25.34832,9733,R,pulsed load (rest)
3313.91,0.0,3.773,25.34832,9733,R,pulsed load (rest)
3314.91,0.0,3.773,25.34832,9733,R,pulsed load (rest)
3315.91,0.0,3.773,25.34832,9733,R,pulsed load (rest)
3316.91,0.0,3.773,25.33275,9733,R,pulsed load (rest)
3317.91,0.0,3.773,25.33275,9733,R,pulsed load (rest)
3318.91,0.0,3.773,25.34832,9733,R,pulsed load (rest)
3319.91,0.0,3.773,25.33275,9733,R,pulsed load (rest)
3320.91,0.0,3.773,25.33275,9733,R,pulsed load (rest)
3321.91,0.0,3.773,25.33275,9733,R,pulsed load (rest)
3322.91,0.0,3.773,25.33275,9733,R,pulsed load (rest)
3323.91,0.0,3.773,25.33275,9733,R,pulsed load (rest)
3324.91,0.0,3.773,25.33275,9733,R,pulsed load (rest)
3325.91,0.0,3.773,25.33275,9733,R,pulsed load (rest)
3326.91,0.0,3.773,25.33275,9733,R,pulsed load (rest)
3327.91,0.0,3.773,25.33275,9733,R,pulsed load (rest)
3328.91,0.0,3.773,25.33275,9733,R,pulsed load (rest)
3329.91,0.0,3.773,25.33275,9733,R,pulsed load (rest)
3330.91,0.0,3.773,25.33275,9733,R,pulsed load (rest)
3331.91,0.0,3.773,25.33275,9733,R,pulsed load (rest)
3332.91,0.0,3.774,25.33275,9733,R,pulsed load (rest)
3333.91,0.0,3.773,25.33275,9733,R,pulsed load (rest)
3334.91,0.0,3.773,25.33275,9733,R,pulsed load (rest)
3335.91,0.0,3.773,25.33275,9733,R,pulsed load (rest)
3336.91,0.0,3.773,25.33275,9733,R,pulsed load (rest)
3337.91,0.0,3.773,25.33275,9733,R,pulsed load (rest)
3338.91,0.0,3.773,25.33275,9733,R,pulsed load (rest)
3339.91,0.0,3.773,25.33275,9733,R,pulsed load (rest)
3340.91,0.0,3.774,25.33275,9733,R,pulsed load (rest)
3341.91,0.0,3.773,25.33275,9733,R,pulsed load (rest)
3342.91,0.0,3.774,25.31718,9733,R,pulsed load (rest)
3343.91,0.0,3.773,25.33275,9733,R,pulsed load (rest)
3344.91,0.0,3.774,25.33275,9733,R,pulsed load (rest)
3345.91,0.0,3.774,25.31718,9733,R,pulsed load (rest)
3346.91,0.0,3.774,25.31718,9733,R,pulsed load (rest)
3347.91,0.0,3.774,25.31718,9733,R,pulsed load (rest)
3348.91,0.0,3.774,25.31718,9733,R,pulsed load (rest)
3349.91,0.0,3.774,25.31718,9733,R,pulsed load (rest)
3350.91,0.0,3.774,25.31718,9733,R,pulsed load (rest)
3351.91,0.0,3.774,25.30162,9733,R,pulsed load (rest)
3352.91,0.0,3.774,25.30162,9733,R,pulsed load (rest)
3353.91,0.0,3.774,25.30162,9733,R,pulsed load (rest)
3354.91,0.0,3.774,25.30162,9733,R,pulsed load (rest)
3355.91,0.0,3.774,25.30162,9733,R,pulsed load (rest)
3356.91,0.0,3.774,25.30162,9733,R,pulsed load (rest)
3357.91,0.0,3.774,25.30162,9733,R,pulsed load (rest)
3358.91,0.0,3.774,25.30162,9733,R,pulsed load (rest)
3359.91,0.0,3.774,25.28605,9733,R,pulsed load (rest)
3360.91,0.0,3.774,25.28605,9733,R,pulsed load (rest)
3361.91,0.0,3.774,25.28605,9733,R,pulsed load (rest)
3362.91,0.0,3.774,25.28605,9733,R,pulsed load (rest)
3363.91,0.0,3.774,25.30162,9733,R,pulsed load (rest)
3364.91,0.0,3.774,25.30162,9733,R,pulsed load (rest)
3365.91,0.0,3.774,25.28605,9733,R,pulsed load (rest)
3366.91,0.0,3.774,25.28605,9733,R,pulsed load (rest)
3367.91,0.0,3.774,25.28605,9733,R,pulsed load (rest)
3368.91,0.0,3.774,25.28605,9733,R,pulsed load (rest)
3369.91,0.0,3.774,25.28605,9733,R,pulsed load (rest)
3370.91,0.0,3.774,25.28605,9733,R,pulsed load (rest)
3371.91,0.0,3.774,25.28605,9733,R,pulsed load (rest)
3372.91,0.0,3.774,25.28605,9733,R,pulsed load (rest)
3373.91,0.0,3.774,25.28605,9733,R,pulsed load (rest)
3374.91,0.0,3.774,25.28605,9733,R,pulsed load (rest)
3375.91,0.0,3.774,25.28605,9733,R,pulsed load (rest)
3376.91,0.0,3.774,25.27048,9733,R,pulsed load (rest)
3377.91,0.0,3.774,25.28605,9733,R,pulsed load (rest)
3378.91,0.0,3.774,25.27048,9733,R,pulsed load (rest)
3379.91,0.0,3.774,25.27048,9733,R,pulsed load (rest)
3380.91,0.0,3.774,25.27048,9733,R,pulsed load (rest)
3381.91,0.0,3.774,25.27048,9733,R,pulsed load (rest)
3382.91,0.0,3.774,25.27048,9733,R,pulsed load (rest)
3383.91,0.0,3.774,25.27048,9733,R,pulsed load (rest)
3384.91,0.0,3.774,25.25492,9733,R,pulsed load (rest)
3385.91,0.0,3.774,25.25492,9733,R,pulsed load (rest)
3386.91,0.0,3.774,25.27048,9733,R,pulsed load (rest)
3387.91,0.0,3.774,25.25492,9733,R,pulsed load (rest)
3388.91,0.0,3.774,25.25492,9733,R,pulsed load (rest)
3389.91,0.0,3.774,25.25492,9733,R,pulsed load (rest)
3390.91,0.0,3.774,25.25492,9733,R,pulsed load (rest)
3391.91,0.0,3.774,25.25492,9733,R,pulsed load (rest)
3392.91,0.0,3.774,25.25492,9733,R,pulsed load (rest)
3393.91,0.0,3.774,25.25492,9733,R,pulsed load (rest)
3394.91,0.0,3.774,25.25492,9733,R,pulsed load (rest)
3395.91,0.0,3.774,25.25492,9733,R,pulsed load (rest)
3396.91,0.0,3.774,25.25492,9733,R,pulsed load (rest)
3397.91,0.0,3.774,25.25492,9733,R,pulsed load (rest)
3398.91,0.0,3.774,25.23935,9733,R,pulsed load (rest)
3399.91,0.0,3.774,25.25492,9733,R,pulsed load (rest)
3400.91,0.0,3.774,25.25492,9733,R,pulsed load (rest)
3401.91,0.0,3.774,25.23935,9733,R,pulsed load (rest)
3402.91,0.0,3.774,25.23935,9733,R,pulsed load (rest)
3403.91,0.0,3.774,25.23935,9733,R,pulsed load (rest)
3404.91,0.0,3.774,25.22378,9733,R,pulsed load (rest)
3405.91,0.0,3.774,25.22378,9733,R,pulsed load (rest)
3406.91,0.0,3.774,25.23935,9733,R,pulsed load (rest)
3407.91,0.0,3.774,25.22378,9733,R,pulsed load (rest)
3408.91,0.0,3.774,25.23935,9733,R,pulsed load (rest)
3409.91,0.0,3.774,25.22378,9733,R,pulsed load (rest)
3410.91,0.0,3.774,25.22378,9733,R,pulsed load (rest)
3411.91,0.0,3.774,25.22378,9733,R,pulsed load (rest)
3412.91,0.0,3.774,25.22378,9733,R,pulsed load (rest)
3413.91,0.0,3.774,25.22378,9733,R,pulsed load (rest)
3414.91,0.0,3.774,25.22378,9733,R,pulsed load (rest)
3415.91,0.0,3.774,25.22378,9733,R,pulsed load (rest)
3416.91,0.0,3.774,25.22378,9733,R,pulsed load (rest)
3417.91,0.0,3.774,25.22378,9733,R,pulsed load (rest)
3418.91,0.0,3.774,25.20822,9733,R,pulsed load (rest)
3419.91,0.0,3.775,25.20822,9733,R,pulsed load (rest)
3420.91,0.0,3.774,25.19265,9733,R,pulsed load (rest)
3421.91,0.0,3.774,25.19265,9733,R,pulsed load (rest)
3422.91,0.0,3.775,25.20822,9733,R,pulsed load (rest)
3423.91,0.0,3.775,25.19265,9733,R,pulsed load (rest)
3424.91,0.0,3.775,25.20822,9733,R,pulsed load (rest)
3425.91,0.0,3.775,25.20822,9733,R,pulsed load (rest)
3426.91,0.0,3.775,25.19265,9733,R,pulsed load (rest)
3427.91,0.0,3.775,25.19265,9733,R,pulsed load (rest)
3428.91,0.0,3.775,25.19265,9733,R,pulsed load (rest)
3429.91,0.0,3.774,25.19265,9733,R,pulsed load (rest)
3430.91,0.0,3.775,25.19265,9733,R,pulsed load (rest)
3431.91,0.0,3.775,25.19265,9733,R,pulsed load (rest)
3432.91,0.0,3.775,25.17709,9733,R,pulsed load (rest)
3433.91,0.0,3.775,25.19265,9733,R,pulsed load (rest)
3434.91,0.0,3.775,25.17709,9733,R,pulsed load (rest)
3435.91,0.0,3.775,25.17709,9733,R,pulsed load (rest)
3436.91,0.0,3.775,25.17709,9733,R,pulsed load (rest)
3437.91,0.0,3.775,25.17709,9733,R,pulsed load (rest)
3438.91,0.0,3.775,25.17709,9733,R,pulsed load (rest)
3439.91,0.0,3.775,25.17709,9733,R,pulsed load (rest)
3440.91,0.0,3.775,25.17709,9733,R,pulsed load (rest)
3441.91,0.0,3.775,25.17709,9733,R,pulsed load (rest)
3442.91,0.0,3.775,25.17709,9733,R,pulsed load (rest)
3443.91,0.0,3.775,25.16152,9733,R,pulsed load (rest)
3444.91,0.0,3.775,25.16152,9733,R,pulsed load (rest)
3445.91,0.0,3.775,25.16152,9733,R,pulsed load (rest)
3446.91,0.0,3.775,25.16152,9733,R,pulsed load (rest)
3447.91,0.0,3.775,25.16152,9733,R,pulsed load (rest)
3448.91,0.0,3.775,25.16152,9733,R,pulsed load (rest)
3449.91,0.0,3.775,25.16152,9733,R,pulsed load (rest)
3450.91,0.0,3.775,25.16152,9733,R,pulsed load (rest)
3451.91,0.0,3.775,25.16152,9733,R,pulsed load (rest)
3452.91,0.0,3.775,25.16152,9733,R,pulsed load (rest)
3453.91,0.0,3.775,25.16152,9733,R,pulsed load (rest)
3454.91,0.0,3.775,25.16152,9733,R,pulsed load (rest)
3455.91,0.0,3.775,25.16152,9733,R,pulsed load (rest)
3456.91,0.0,3.775,25.16152,9733,R,pulsed load (rest)
3457.91,0.0,3.775,25.16152,9733,R,pulsed load (rest)
3458.91,0.0,3.775,25.16152,9733,R,pulsed load (rest)
3459.91,0.0,3.775,25.16152,9733,R,pulsed load (rest)
3460.91,0.0,3.775,25.16152,9733,R,pulsed load (rest)
3461.91,0.0,3.775,25.16152,9733,R,pulsed load (rest)
3462.91,0.0,3.775,25.16152,9733,R,pulsed load (rest)
3463.91,0.0,3.775,25.14595,9733,R,pulsed load (rest)
3464.91,0.0,3.775,25.16152,9733,R,pulsed load (rest)
3465.91,0.0,3.775,25.14595,9733,R,pulsed load (rest)
3466.91,0.0,3.775,25.14595,9733,R,pulsed load (rest)
3467.91,0.0,3.775,25.14595,9733,R,pulsed load (rest)
3468.91,0.0,3.775,25.14595,9733,R,pulsed load (rest)
3469.91,0.0,3.775,25.14595,9733,R,pulsed load (rest)
3470.91,0.0,3.775,25.14595,9733,R,pulsed load (rest)
3471.91,0.0,3.775,25.13039,9733,R,pulsed load (rest)
3472.91,0.0,3.775,25.13039,9733,R,pulsed load (rest)
3473.91,0.0,3.775,25.14595,9733,R,pulsed load (rest)
3474.91,0.0,3.775,25.13039,9733,R,pulsed load (rest)
3475.91,0.0,3.775,25.13039,9733,R,pulsed load (rest)
3476.91,0.0,3.775,25.14595,9733,R,pulsed load (rest)
3477.91,0.0,3.775,25.13039,9733,R,pulsed load (rest)
3478.91,0.0,3.775,25.13039,9733,R,pulsed load (rest)
3479.91,0.0,3.775,25.14595,9733,R,pulsed load (rest)
3480.91,0.0,3.775,25.13039,9733,R,pulsed load (rest)
3481.91,0.0,3.775,25.13039,9733,R,pulsed load (rest)
3482.91,0.0,3.775,25.14595,9733,R,pulsed load (rest)
3483.91,0.0,3.775,25.13039,9733,R,pulsed load (rest)
3484.91,0.0,3.775,25.13039,9733,R,pulsed load (rest)
3485.91,0.0,3.775,25.13039,9733,R,pulsed load (rest)
3486.91,0.0,3.775,25.13039,9733,R,pulsed load (rest)
3487.91,0.0,3.775,25.13039,9733,R,pulsed load (rest)
3488.91,0.0,3.775,25.13039,9733,R,pulsed load (rest)
3489.91,0.0,3.775,25.13039,9733,R,pulsed load (rest)
3490.91,0.0,3.775,25.13039,9733,R,pulsed load (rest)
3491.91,0.0,3.775,25.13039,9733,R,pulsed load (rest)
3492.91,0.0,3.775,25.13039,9733,R,pulsed load (rest)
3493.91,0.0,3.775,25.13039,9733,R,pulsed load (rest)
3494.91,0.0,3.775,25.13039,9733,R,pulsed load (rest)
3495.91,0.0,3.775,25.13039,9733,R,pulsed load (rest)
3496.91,0.0,3.775,25.13039,9733,R,pulsed load (rest)
3497.91,0.0,3.775,25.13039,9733,R,pulsed load (rest)
3498.91,0.0,3.775,25.13039,9733,R,pulsed load (rest)
3499.91,0.0,3.775,25.13039,9733,R,pulsed load (rest)
3500.91,0.0,3.775,25.13039,9733,R,pulsed load (rest)
3501.91,0.0,3.775,25.13039,9733,R,pulsed load (rest)
3502.91,0.0,3.775,25.13039,9733,R,pulsed load (rest)
3503.91,0.0,3.775,25.13039,9733,R,pulsed load (rest)
3504.91,0.0,3.775,25.13039,9733,R,pulsed load (rest)
3505.91,0.0,3.775,25.13039,9733,R,pulsed load (rest)
3506.91,0.0,3.775,25.13039,9733,R,pulsed load (rest)
3507.91,0.0,3.775,25.13039,9733,R,pulsed load (rest)
3508.91,0.0,3.775,25.11482,9733,R,pulsed load (rest)
3509.91,0.0,3.775,25.11482,9733,R,pulsed load (rest)
3510.91,0.0,3.775,25.13039,9733,R,pulsed load (rest)
3511.91,0.0,3.775,25.13039,9733,R,pulsed load (rest)
3512.91,0.0,3.775,25.11482,9733,R,pulsed load (rest)
3513.91,0.0,3.775,25.11482,9733,R,pulsed load (rest)
3514.91,0.0,3.775,25.11482,9733,R,pulsed load (rest)
3515.91,0.0,3.776,25.11482,9733,R,pulsed load (rest)
3516.91,0.0,3.776,25.11482,9733,R,pulsed load (rest)
3517.91,0.0,3.776,25.11482,9733,R,pulsed load (rest)
3518.91,0.0,3.776,25.11482,9733,R,pulsed load (rest)
3519.91,0.0,3.776,25.11482,9733,R,pulsed load (rest)
3520.91,0.0,3.775,25.11482,9733,R,pulsed load (rest)
3521.91,0.0,3.776,25.11482,9733,R,pulsed load (rest)
3522.91,0.0,3.776,25.11482,9733,R,pulsed load (rest)
3523.91,0.0,3.776,25.11482,9733,R,pulsed load (rest)
3524.91,0.0,3.776,25.11482,9733,R,pulsed load (rest)
3525.91,0.0,3.775,25.11482,9733,R,pulsed load (rest)
3526.91,0.0,3.776,25.11482,9733,R,pulsed load (rest)
3527.91,0.0,3.776,25.11482,9733,R,pulsed load (rest)
3528.91,0.0,3.776,25.11482,9733,R,pulsed load (rest)
3529.91,0.0,3.776,25.11482,9733,R,pulsed load (rest)
3530.91,0.0,3.776,25.11482,9733,R,pulsed load (rest)
3531.91,0.0,3.776,25.11482,9733,R,pulsed load (rest)
3532.91,0.0,3.776,25.11482,9733,R,pulsed load (rest)
3533.91,0.0,3.776,25.11482,9733,R,pulsed load (rest)
3534.91,0.0,3.776,25.09925,9733,R,pulsed load (rest)
3535.91,0.0,3.776,25.11482,9733,R,pulsed load (rest)
3536.91,0.0,3.776,25.11482,9733,R,pulsed load (rest)
3537.91,0.0,3.776,25.09925,9733,R,pulsed load (rest)
3538.91,0.0,3.776,25.11482,9733,R,pulsed load (rest)
3539.91,0.0,3.776,25.11482,9733,R,pulsed load (rest)
3540.91,0.0,3.776,25.11482,9733,R,pulsed load (rest)
3541.91,0.0,3.776,25.11482,9733,R,pulsed load (rest)
3542.91,0.0,3.776,25.09925,9733,R,pulsed load (rest)
3543.91,0.0,3.776,25.09925,9733,R,pulsed load (rest)
3544.91,0.0,3.776,25.09925,9733,R,pulsed load (rest)
3545.91,0.0,3.776,25.11482,9733,R,pulsed load (rest)
3546.91,0.0,3.776,25.11482,9733,R,pulsed load (rest)
3547.91,0.0,3.776,25.11482,9733,R,pulsed load (rest)
3548.91,0.0,3.776,25.11482,9733,R,pulsed load (rest)
3549.91,0.0,3.776,25.11482,9733,R,pulsed load (rest)
3550.91,0.0,3.776,25.11482,9733,R,pulsed load (rest)
3551.91,0.0,3.776,25.11482,9733,R,pulsed load (rest)
3552.91,0.0,3.776,25.11482,9733,R,pulsed load (rest)
3553.91,0.0,3.776,25.11482,9733,R,pulsed load (rest)
3554.91,0.0,3.776,25.11482,9733,R,pulsed load (rest)
3555.91,0.0,3.776,25.11482,9733,R,pulsed load (rest)
3556.91,0.0,3.776,25.11482,9733,R,pulsed load (rest)
3557.91,0.0,3.776,25.11482,9733,R,pulsed load (rest)
3558.91,0.0,3.776,25.11482,9733,R,pulsed load (rest)
3559.91,0.0,3.776,25.09925,9733,R,pulsed load (rest)
3560.91,0.0,3.776,25.11482,9733,R,pulsed load (rest)
3561.91,0.0,3.776,25.11482,9733,R,pulsed load (rest)
3562.91,0.0,3.776,25.11482,9733,R,pulsed load (rest)
3563.91,0.0,3.776,25.11482,9733,R,pulsed load (rest)
3564.91,0.0,3.776,25.11482,9733,R,pulsed load (rest)
3565.91,0.0,3.776,25.11482,9733,R,pulsed load (rest)
3566.91,0.0,3.776,25.11482,9733,R,pulsed load (rest)
3567.91,0.0,3.776,25.11482,9733,R,pulsed load (rest)
3568.91,0.0,3.776,25.11482,9733,R,pulsed load (rest)
3569.91,0.0,3.776,25.11482,9733,R,pulsed load (rest)
3570.91,0.0,3.776,25.11482,9733,R,pulsed load (rest)
3571.91,0.0,3.776,25.11482,9733,R,pulsed load (rest)
3572.91,0.0,3.776,25.11482,9733,R,pulsed load (rest)
3573.91,0.0,3.776,25.11482,9733,R,pulsed load (rest)
3574.91,0.0,3.776,25.11482,9733,R,pulsed load (rest)
3575.91,0.0,3.776,25.11482,9733,R,pulsed load (rest)
3576.91,0.0,3.776,25.11482,9733,R,pulsed load (rest)
3577.91,0.0,3.776,25.11482,9733,R,pulsed load (rest)
3578.91,0.0,3.776,25.11482,9733,R,pulsed load (rest)
3579.91,0.0,3.776,25.11482,9733,R,pulsed load (rest)
3580.91,0.0,3.776,25.11482,9733,R,pulsed load (rest)
3581.91,0.0,3.776,25.11482,9733,R,pulsed load (rest)
3582.91,0.0,3.776,25.11482,9733,R,pulsed load (rest)
3583.91,0.0,3.776,25.11482,9733,R,pulsed load (rest)
3584.91,0.0,3.776,25.11482,9733,R,pulsed load (rest)
3585.91,0.0,3.776,25.11482,9733,R,pulsed load (rest)
3586.91,0.0,3.776,25.11482,9733,R,pulsed load (rest)
3587.91,0.0,3.776,25.09925,9733,R,pulsed load (rest)
3588.91,0.0,3.776,25.09925,9733,R,pulsed load (rest)
3589.91,0.0,3.776,25.09925,9733,R,pulsed load (rest)
3590.91,0.0,3.776,25.09925,9733,R,pulsed load (rest)
3591.91,0.0,3.776,25.09925,9733,R,pulsed load (rest)
3592.91,0.0,3.776,25.09925,9733,R,pulsed load (rest)
3593.91,0.0,3.776,25.09925,9733,R,pulsed load (rest)
3594.91,0.0,3.776,25.09925,9733,R,pulsed load (rest)
3595.91,0.0,3.776,25.09925,9733,R,pulsed load (rest)
3596.91,0.0,3.776,25.09925,9733,R,pulsed load (rest)
3597.91,0.0,3.776,25.09925,9733,R,pulsed load (rest)
3598.91,0.0,3.776,25.09925,9733,R,pulsed load (rest)
3599.8999999999996,0.0,3.776,25.09925,9733,R,pulsed load (rest)
3599.8999999999996,1.002,3.673,25.09925,9734,D,pulsed load (discharge)
3600.8999999999996,1.0,3.639,25.09925,9734,D,pulsed load (discharge)
3601.8999999999996,0.999,3.636,25.09925,9734,D,pulsed load (discharge)
3602.8999999999996,1.0,3.634,25.09925,9734,D,pulsed load (discharge)
3603.8999999999996,1.0,3.632,25.09925,9734,D,pulsed load (discharge)
3604.8999999999996,0.999,3.63,25.11482,9734,D,pulsed load (discharge)
3605.8999999999996,0.999,3.629,25.09925,9734,D,pulsed load (discharge)
3606.8999999999996,1.001,3.627,25.11482,9734,D,pulsed load (discharge)
3607.8999999999996,0.999,3.625,25.11482,9734,D,pulsed load (discharge)
3608.8999999999996,1.0,3.624,25.11482,9734,D,pulsed load (discharge)
3609.8999999999996,1.0,3.622,25.11482,9734,D,pulsed load (discharge)
3610.8999999999996,0.999,3.621,25.11482,9734,D,pulsed load (discharge)
3611.8999999999996,1.0,3.62,25.11482,9734,D,pulsed load (discharge)
3612.8999999999996,1.0,3.618,25.13039,9734,D,pulsed load (discharge)
3613.8999999999996,0.999,3.617,25.13039,9734,D,pulsed load (discharge)
3614.8999999999996,1.0,3.616,25.13039,9734,D,pulsed load (discharge)
3615.8999999999996,1.0,3.615,25.13039,9734,D,pulsed load (discharge)
3616.8999999999996,1.0,3.613,25.13039,9734,D,pulsed load (discharge)
3617.8999999999996,1.0,3.612,25.13039,9734,D,pulsed load (discharge)
3618.8999999999996,1.0,3.611,25.13039,9734,D,pulsed load (discharge)
3619.8999999999996,0.999,3.61,25.13039,9734,D,pulsed load (discharge)
3620.8999999999996,1.0,3.609,25.14595,9734,D,pulsed load (discharge)
3621.8999999999996,1.0,3.608,25.14595,9734,D,pulsed load (discharge)
3622.8999999999996,1.001,3.607,25.14595,9734,D,pulsed load (discharge)
3623.8999999999996,0.999,3.606,25.14595,9734,D,pulsed load (discharge)
3624.8999999999996,1.0,3.605,25.16152,9734,D,pulsed load (discharge)
3625.8999999999996,0.999,3.604,25.16152,9734,D,pulsed load (discharge)
3626.8999999999996,1.0,3.603,25.14595,9734,D,pulsed load (discharge)
3627.8999999999996,1.0,3.602,25.14595,9734,D,pulsed load (discharge)
3628.8999999999996,1.0,3.601,25.14595,9734,D,pulsed load (discharge)
3629.8999999999996,1.0,3.601,25.14595,9734,D,pulsed load (discharge)
3630.8999999999996,0.999,3.6,25.14595,9734,D,pulsed load (discharge)
3631.8999999999996,1.0,3.599,25.14595,9734,D,pulsed load (discharge)
3632.8999999999996,1.0,3.598,25.14595,9734,D,pulsed load (discharge)
3633.8999999999996,0.999,3.597,25.14595,9734,D,pulsed load (discharge)
3634.8999999999996,0.999,3.596,25.16152,9734,D,pulsed load (discharge)
3635.8999999999996,1.0,3.595,25.16152,9734,D,pulsed load (discharge)
3636.8999999999996,1.0,3.594,25.16152,9734,D,pulsed load (discharge)
3637.8999999999996,0.999,3.594,25.16152,9734,D,pulsed load (discharge)
3638.8999999999996,1.0,3.593,25.16152,9734,D,pulsed load (discharge)
3639.8999999999996,1.0,3.592,25.16152,9734,D,pulsed load (discharge)
3640.8999999999996,1.0,3.591,25.17709,9734,D,pulsed load (discharge)
3641.8999999999996,1.0,3.591,25.16152,9734,D,pulsed load (discharge)
3642.8999999999996,1.0,3.59,25.17709,9734,D,pulsed load (discharge)
3643.8999999999996,1.0,3.589,25.17709,9734,D,pulsed load (discharge)
3644.8999999999996,0.999,3.589,25.17709,9734,D,pulsed load (discharge)
3645.8999999999996,1.0,3.588,25.17709,9734,D,pulsed load (discharge)
3646.8999999999996,1.0,3.587,25.17709,9734,D,pulsed load (discharge)
3647.8999999999996,1.0,3.586,25.17709,9734,D,pulsed load (discharge)
3648.8999999999996,1.001,3.586,25.17709,9734,D,pulsed load (discharge)
3649.8999999999996,1.0,3.585,25.17709,9734,D,pulsed load (discharge)
3650.8999999999996,1.0,3.584,25.17709,9734,D,pulsed load (discharge)
3651.8999999999996,0.999,3.584,25.17709,9734,D,pulsed load (discharge)
3652.8999999999996,1.0,3.583,25.17709,9734,D,pulsed load (discharge)
3653.8999999999996,0.999,3.583,25.17709,9734,D,pulsed load (discharge)
3654.8999999999996,0.999,3.582,25.17709,9734,D,pulsed load (discharge)
3655.8999999999996,1.001,3.581,25.17709,9734,D,pulsed load (discharge)
3656.8999999999996,1.001,3.58,25.19265,9734,D,pulsed load (discharge)
3657.8999999999996,1.001,3.58,25.19265,9734,D,pulsed load (discharge)
3658.8999999999996,1.0,3.579,25.19265,9734,D,pulsed load (discharge)
3659.8999999999996,1.0,3.579,25.19265,9734,D,pulsed load (discharge)
3660.8999999999996,1.0,3.578,25.19265,9734,D,pulsed load (discharge)
3661.8999999999996,1.0,3.577,25.20822,9734,D,pulsed load (discharge)
3662.8999999999996,1.0,3.577,25.20822,9734,D,pulsed load (discharge)
3663.8999999999996,0.999,3.576,25.20822,9734,D,pulsed load (discharge)
3664.8999999999996,1.0,3.576,25.20822,9734,D,pulsed load (discharge)
3665.8999999999996,1.0,3.575,25.20822,9734,D,pulsed load (discharge)
3666.8999999999996,1.0,3.575,25.20822,9734,D,pulsed load (discharge)
3667.8999999999996,1.0,3.574,25.22378,9734,D,pulsed load (discharge)
3668.8999999999996,1.0,3.573,25.20822,9734,D,pulsed load (discharge)
3669.8999999999996,1.0,3.573,25.20822,9734,D,pulsed load (discharge)
3670.8999999999996,1.0,3.572,25.20822,9734,D,pulsed load (discharge)
3671.8999999999996,1.0,3.572,25.22378,9734,D,pulsed load (discharge)
3672.8999999999996,1.0,3.571,25.22378,9734,D,pulsed load (discharge)
3673.8999999999996,1.0,3.571,25.22378,9734,D,pulsed load (discharge)
3674.8999999999996,1.0,3.57,25.22378,9734,D,pulsed load (discharge)
3675.8999999999996,0.999,3.57,25.22378,9734,D,pulsed load (discharge)
3676.8999999999996,1.0,3.569,25.22378,9734,D,pulsed load (discharge)
3677.8999999999996,0.999,3.569,25.22378,9734,D,pulsed load (discharge)
3678.8999999999996,1.0,3.568,25.22378,9734,D,pulsed load (discharge)
3679.8999999999996,1.0,3.568,25.23935,9734,D,pulsed load (discharge)
3680.8999999999996,1.0,3.567,25.23935,9734,D,pulsed load (discharge)
3681.8999999999996,1.0,3.567,25.23935,9734,D,pulsed load (discharge)
3682.8999999999996,1.0,3.566,25.23935,9734,D,pulsed load (discharge)
3683.8999999999996,1.001,3.566,25.23935,9734,D,pulsed load (discharge)
3684.8999999999996,0.999,3.565,25.23935,9734,D,pulsed load (discharge)
3685.8999999999996,1.0,3.565,25.23935,9734,D,pulsed load (discharge)
3686.8999999999996,1.0,3.564,25.23935,9734,D,pulsed load (discharge)
3687.8999999999996,0.999,3.564,25.25492,9734,D,pulsed load (discharge)
3688.8999999999996,1.0,3.563,25.25492,9734,D,pulsed load (discharge)
3689.8999999999996,1.0,3.563,25.25492,9734,D,pulsed load (discharge)
3690.8999999999996,1.0,3.562,25.25492,9734,D,pulsed load (discharge)
3691.8999999999996,1.0,3.562,25.27048,9734,D,pulsed load (discharge)
3692.8999999999996,1.0,3.561,25.27048,9734,D,pulsed load (discharge)
3693.8999999999996,1.0,3.561,25.27048,9734,D,pulsed load (discharge)
3694.8999999999996,0.999,3.561,25.27048,9734,D,pulsed load (discharge)
3695.8999999999996,1.0,3.56,25.27048,9734,D,pulsed load (discharge)
3696.8999999999996,1.0,3.56,25.27048,9734,D,pulsed load (discharge)
3697.8999999999996,1.0,3.559,25.27048,9734,D,pulsed load (discharge)
3698.8999999999996,1.0,3.559,25.27048,9734,D,pulsed load (discharge)
3699.8999999999996,1.001,3.558,25.27048,9734,D,pulsed load (discharge)
3700.8999999999996,0.999,3.558,25.28605,9734,D,pulsed load (discharge)
3701.8999999999996,1.001,3.557,25.28605,9734,D,pulsed load (discharge)
3702.8999999999996,0.999,3.557,25.28605,9734,D,pulsed load (discharge)
3703.8999999999996,1.001,3.557,25.30162,9734,D,pulsed load (discharge)
3704.8999999999996,0.999,3.556,25.28605,9734,D,pulsed load (discharge)
3705.8999999999996,1.0,3.556,25.30162,9734,D,pulsed load (discharge)
3706.8999999999996,1.0,3.555,25.30162,9734,D,pulsed load (discharge)
3707.8999999999996,1.001,3.555,25.30162,9734,D,pulsed load (discharge)
3708.8999999999996,0.999,3.555,25.30162,9734,D,pulsed load (discharge)
3709.8999999999996,1.0,3.554,25.30162,9734,D,pulsed load (discharge)
3710.8999999999996,1.0,3.554,25.30162,9734,D,pulsed load (discharge)
3711.8999999999996,1.0,3.553,25.30162,9734,D,pulsed load (discharge)
3712.8999999999996,1.0,3.553,25.30162,9734,D,pulsed load (discharge)
3713.8999999999996,1.0,3.553,25.31718,9734,D,pulsed load (discharge)
3714.8999999999996,1.0,3.552,25.31718,9734,D,pulsed load (discharge)
3715.8999999999996,1.0,3.552,25.31718,9734,D,pulsed load (discharge)
3716.8999999999996,0.999,3.551,25.31718,9734,D,pulsed load (discharge)
3717.8999999999996,1.001,3.551,25.33275,9734,D,pulsed load (discharge)
3718.8999999999996,1.0,3.55,25.33275,9734,D,pulsed load (discharge)
3719.8999999999996,1.0,3.55,25.33275,9734,D,pulsed load (discharge)
3720.8999999999996,1.001,3.55,25.33275,9734,D,pulsed load (discharge)
3721.8999999999996,0.999,3.549,25.33275,9734,D,pulsed load (discharge)
3722.8999999999996,1.0,3.549,25.33275,9734,D,pulsed load (discharge)
3723.8999999999996,1.0,3.549,25.34832,9734,D,pulsed load (discharge)
3724.8999999999996,1.0,3.548,25.34832,9734,D,pulsed load (discharge)
3725.8999999999996,1.0,3.548,25.34832,9734,D,pulsed load (discharge)
3726.8999999999996,1.001,3.547,25.34832,9734,D,pulsed load (discharge)
3727.8999999999996,1.0,3.547,25.34832,9734,D,pulsed load (discharge)
3728.8999999999996,1.0,3.547,25.34832,9734,D,pulsed load (discharge)
3729.8999999999996,1.0,3.547,25.34832,9734,D,pulsed load (discharge)
3730.8999999999996,0.999,3.546,25.34832,9734,D,pulsed load (discharge)
3731.8999999999996,1.0,3.546,25.34832,9734,D,pulsed load (discharge)
3732.8999999999996,1.0,3.545,25.34832,9734,D,pulsed load (discharge)
3733.8999999999996,1.0,3.545,25.34832,9734,D,pulsed load (discharge)
3734.8999999999996,1.0,3.545,25.36389,9734,D,pulsed load (discharge)
3735.8999999999996,0.999,3.544,25.36389,9734,D,pulsed load (discharge)
3736.8999999999996,1.0,3.544,25.36389,9734,D,pulsed load (discharge)
3737.8999999999996,1.0,3.544,25.36389,9734,D,pulsed load (discharge)
3738.8999999999996,0.999,3.543,25.37945,9734,D,pulsed load (discharge)
3739.8999999999996,1.001,3.543,25.37945,9734,D,pulsed load (discharge)
3740.8999999999996,1.0,3.542,25.37945,9734,D,pulsed load (discharge)
3741.8999999999996,1.0,3.542,25.37945,9734,D,pulsed load (discharge)
3742.8999999999996,1.0,3.542,25.39502,9734,D,pulsed load (discharge)
3743.8999999999996,0.999,3.541,25.39502,9734,D,pulsed load (discharge)
3744.8999999999996,1.0,3.541,25.39502,9734,D,pulsed load (discharge)
3745.8999999999996,1.0,3.541,25.39502,9734,D,pulsed load (discharge)
3746.8999999999996,1.0,3.54,25.39502,9734,D,pulsed load (discharge)
3747.8999999999996,1.0,3.54,25.39502,9734,D,pulsed load (discharge)
3748.8999999999996,1.0,3.54,25.41059,9734,D,pulsed load (discharge)
3749.8999999999996,1.001,3.539,25.41059,9734,D,pulsed load (discharge)
3750.8999999999996,1.0,3.539,25.41059,9734,D,pulsed load (discharge)
3751.8999999999996,0.999,3.539,25.41059,9734,D,pulsed load (discharge)
3752.8999999999996,1.0,3.538,25.41059,9734,D,pulsed load (discharge)
3753.8999999999996,1.001,3.538,25.41059,9734,D,pulsed load (discharge)
3754.8999999999996,0.999,3.538,25.41059,9734,D,pulsed load (discharge)
3755.8999999999996,1.0,3.537,25.41059,9734,D,pulsed load (discharge)
3756.8999999999996,0.999,3.537,25.42615,9734,D,pulsed load (discharge)
3757.8999999999996,1.0,3.537,25.42615,9734,D,pulsed load (discharge)
3758.8999999999996,0.999,3.537,25.42615,9734,D,pulsed load (discharge)
3759.8999999999996,1.0,3.536,25.44172,9734,D,pulsed load (discharge)
3760.8999999999996,1.0,3.536,25.44172,9734,D,pulsed load (discharge)
3761.8999999999996,0.999,3.536,25.44172,9734,D,pulsed load (discharge)
3762.8999999999996,1.001,3.535,25.44172,9734,D,pulsed load (discharge)
3763.8999999999996,1.001,3.535,25.44172,9734,D,pulsed load (discharge)
3764.8999999999996,1.0,3.535,25.44172,9734,D,pulsed load (discharge)
3765.8999999999996,1.0,3.534,25.44172,9734,D,pulsed load (discharge)
3766.8999999999996,0.999,3.534,25.44172,9734,D,pulsed load (discharge)
3767.8999999999996,1.001,3.533,25.44172,9734,D,pulsed load (discharge)
3768.8999999999996,1.0,3.533,25.45728,9734,D,pulsed load (discharge)
3769.8999999999996,1.0,3.533,25.45728,9734,D,pulsed load (discharge)
3770.8999999999996,1.0,3.533,25.47285,9734,D,pulsed load (discharge)
3771.8999999999996,1.0,3.532,25.47285,9734,D,pulsed load (discharge)
3772.8999999999996,0.999,3.532,25.47285,9734,D,pulsed load (discharge)
3773.8999999999996,1.0,3.532,25.47285,9734,D,pulsed load (discharge)
3774.8999999999996,1.0,3.532,25.48842,9734,D,pulsed load (discharge)
3775.8999999999996,0.999,3.531,25.48842,9734,D,pulsed load (discharge)
3776.8999999999996,1.0,3.531,25.48842,9734,D,pulsed load (discharge)
3777.8999999999996,1.0,3.531,25.48842,9734,D,pulsed load (discharge)
3778.8999999999996,0.999,3.53,25.48842,9734,D,pulsed load (discharge)
3779.8999999999996,1.0,3.53,25.50398,9734,D,pulsed load (discharge)
3780.8999999999996,1.0,3.53,25.50398,9734,D,pulsed load (discharge)
3781.8999999999996,1.001,3.529,25.50398,9734,D,pulsed load (discharge)
3782.8999999999996,0.999,3.529,25.50398,9734,D,pulsed load (discharge)
3783.8999999999996,1.0,3.529,25.51955,9734,D,pulsed load (discharge)
3784.8999999999996,1.001,3.528,25.51955,9734,D,pulsed load (discharge)
3785.8999999999996,1.0,3.528,25.51955,9734,D,pulsed load (discharge)
3786.8999999999996,1.0,3.528,25.51955,9734,D,pulsed load (discharge)
3787.8999999999996,1.0,3.528,25.53512,9734,D,pulsed load (discharge)
3788.8999999999996,1.0,3.528,25.53512,9734,D,pulsed load (discharge)
3789.8999999999996,0.999,3.527,25.55069,9734,D,pulsed load (discharge)
3790.8999999999996,1.0,3.527,25.55069,9734,D,pulsed load (discharge)
3791.8999999999996,1.0,3.527,25.55069,9734,D,pulsed load (discharge)
3792.8999999999996,0.999,3.526,25.55069,9734,D,pulsed load (discharge)
3793.8999999999996,1.0,3.526,25.55069,9734,D,pulsed load (discharge)
3794.8999999999996,0.999,3.526,25.55069,9734,D,pulsed load (discharge)
3795.8999999999996,0.999,3.525,25.56625,9734,D,pulsed load (discharge)
3796.8999999999996,1.0,3.525,25.56625,9734,D,pulsed load (discharge)
3797.8999999999996,1.001,3.525,25.56625,9734,D,pulsed load (discharge)
3798.8999999999996,1.0,3.525,25.56625,9734,D,pulsed load (discharge)
3799.8999999999996,1.0,3.524,25.58182,9734,D,pulsed load (discharge)
3800.8999999999996,1.001,3.524,25.58182,9734,D,pulsed load (discharge)
3801.8999999999996,1.0,3.524,25.58182,9734,D,pulsed load (discharge)
3802.8999999999996,1.0,3.524,25.58182,9734,D,pulsed load (discharge)
3803.8999999999996,1.001,3.523,25.58182,9734,D,pulsed load (discharge)
3804.8999999999996,1.0,3.523,25.58182,9734,D,pulsed load (discharge)
3805.8999999999996,0.999,3.523,25.59739,9734,D,pulsed load (discharge)
3806.8999999999996,1.0,3.522,25.59739,9734,D,pulsed load (discharge)
3807.8999999999996,1.0,3.522,25.59739,9734,D,pulsed load (discharge)
3808.8999999999996,1.001,3.522,25.59739,9734,D,pulsed load (discharge)
3809.8999999999996,0.999,3.522,25.59739,9734,D,pulsed load (discharge)
3810.8999999999996,1.0,3.521,25.59739,9734,D,pulsed load (discharge)
3811.8999999999996,1.0,3.521,25.61295,9734,D,pulsed load (discharge)
3812.8999999999996,1.0,3.521,25.61295,9734,D,pulsed load (discharge)
3813.8999999999996,0.999,3.52,25.61295,9734,D,pulsed load (discharge)
3814.8999999999996,1.0,3.52,25.61295,9734,D,pulsed load (discharge)
3815.8999999999996,1.0,3.52,25.61295,9734,D,pulsed load (discharge)
3816.8999999999996,1.0,3.52,25.61295,9734,D,pulsed load (discharge)
3817.8999999999996,1.0,3.519,25.62852,9734,D,pulsed load (discharge)
3818.8999999999996,1.0,3.519,25.62852,9734,D,pulsed load (discharge)
3819.8999999999996,0.999,3.519,25.64409,9734,D,pulsed load (discharge)
3820.8999999999996,1.0,3.519,25.64409,9734,D,pulsed load (discharge)
3821.8999999999996,0.999,3.519,25.64409,9734,D,pulsed load (discharge)
3822.8999999999996,1.001,3.518,25.64409,9734,D,pulsed load (discharge)
3823.8999999999996,1.0,3.518,25.65965,9734,D,pulsed load (discharge)
3824.8999999999996,0.999,3.518,25.65965,9734,D,pulsed load (discharge)
3825.8999999999996,0.999,3.518,25.67522,9734,D,pulsed load (discharge)
3826.8999999999996,1.0,3.517,25.67522,9734,D,pulsed load (discharge)
3827.8999999999996,1.0,3.517,25.67522,9734,D,pulsed load (discharge)
3828.8999999999996,1.0,3.517,25.67522,9734,D,pulsed load (discharge)
3829.8999999999996,1.0,3.517,25.69079,9734,D,pulsed load (discharge)
3830.8999999999996,1.001,3.516,25.69079,9734,D,pulsed load (discharge)
3831.8999999999996,0.999,3.516,25.69079,9734,D,pulsed load (discharge)
3832.8999999999996,0.999,3.516,25.69079,9734,D,pulsed load (discharge)
3833.8999999999996,1.0,3.515,25.70635,9734,D,pulsed load (discharge)
3834.8999999999996,1.001,3.515,25.70635,9734,D,pulsed load (discharge)
3835.8999999999996,0.999,3.515,25.70635,9734,D,pulsed load (discharge)
3836.8999999999996,1.0,3.515,25.72192,9734,D,pulsed load (discharge)
3837.8999999999996,1.0,3.514,25.72192,9734,D,pulsed load (discharge)
3838.8999999999996,1.0,3.514,25.72192,9734,D,pulsed load (discharge)
3839.8999999999996,1.0,3.514,25.72192,9734,D,pulsed load (discharge)
3840.8999999999996,1.001,3.514,25.72192,9734,D,pulsed load (discharge)
3841.8999999999996,1.0,3.513,25.73748,9734,D,pulsed load (discharge)
3842.8999999999996,1.0,3.513,25.73748,9734,D,pulsed load (discharge)
3843.8999999999996,1.0,3.513,25.73748,9734,D,pulsed load (discharge)
3844.8999999999996,1.001,3.513,25.75305,9734,D,pulsed load (discharge)
3845.8999999999996,0.999,3.512,25.75305,9734,D,pulsed load (discharge)
3846.8999999999996,1.0,3.512,25.75305,9734,D,pulsed load (discharge)
3847.8999999999996,1.0,3.512,25.75305,9734,D,pulsed load (discharge)
3848.8999999999996,1.0,3.512,25.75305,9734,D,pulsed load (discharge)
3849.8999999999996,1.0,3.511,25.76862,9734,D,pulsed load (discharge)
3850.8999999999996,1.0,3.511,25.76862,9734,D,pulsed load (discharge)
3851.8999999999996,1.001,3.511,25.76862,9734,D,pulsed load (discharge)
3852.8999999999996,0.999,3.511,25.78419,9734,D,pulsed load (discharge)
3853.8999999999996,0.999,3.511,25.78419,9734,D,pulsed load (discharge)
3854.8999999999996,1.0,3.51,25.78419,9734,D,pulsed load (discharge)
3855.8999999999996,1.0,3.51,25.79975,9734,D,pulsed load (discharge)
3856.8999999999996,0.999,3.51,25.79975,9734,D,pulsed load (discharge)
3857.8999999999996,1.0,3.51,25.79975,9734,D,pulsed load (discharge)
3858.8999999999996,1.0,3.509,25.79975,9734,D,pulsed load (discharge)
3859.8999999999996,1.0,3.509,25.79975,9734,D,pulsed load (discharge)
3860.8999999999996,1.0,3.509,25.81532,9734,D,pulsed load (discharge)
3861.8999999999996,0.999,3.509,25.81532,9734,D,pulsed load (discharge)
3862.8999999999996,1.0,3.508,25.81532,9734,D,pulsed load (discharge)
3863.8999999999996,0.999,3.508,25.81532,9734,D,pulsed load (discharge)
3864.8999999999996,1.0,3.508,25.83088,9734,D,pulsed load (discharge)
3865.8999999999996,1.0,3.508,25.83088,9734,D,pulsed load (discharge)
3866.8999999999996,0.999,3.508,25.83088,9734,D,pulsed load (discharge)
3867.8999999999996,1.0,3.507,25.83088,9734,D,pulsed load (discharge)
3868.8999999999996,1.001,3.507,25.84645,9734,D,pulsed load (discharge)
3869.8999999999996,1.0,3.507,25.84645,9734,D,pulsed load (discharge)
3870.8999999999996,1.0,3.507,25.84645,9734,D,pulsed load (discharge)
3871.8999999999996,1.0,3.506,25.84645,9734,D,pulsed load (discharge)
3872.8999999999996,1.0,3.506,25.86202,9734,D,pulsed load (discharge)
3873.8999999999996,0.999,3.506,25.86202,9734,D,pulsed load (discharge)
3874.8999999999996,1.001,3.506,25.86202,9734,D,pulsed load (discharge)
3875.8999999999996,1.0,3.506,25.86202,9734,D,pulsed load (discharge)
3876.8999999999996,1.0,3.505,25.86202,9734,D,pulsed load (discharge)
3877.8999999999996,1.001,3.505,25.86202,9734,D,pulsed load (discharge)
3878.8999999999996,1.0,3.505,25.87759,9734,D,pulsed load (discharge)
3879.8999999999996,1.0,3.505,25.87759,9734,D,pulsed load (discharge)
3880.8999999999996,1.001,3.504,25.87759,9734,D,pulsed load (discharge)
3881.8999999999996,1.0,3.504,25.89315,9734,D,pulsed load (discharge)
3882.8999999999996,1.0,3.504,25.89315,9734,D,pulsed load (discharge)
3883.8999999999996,0.999,3.504,25.89315,9734,D,pulsed load (discharge)
3884.8999999999996,1.0,3.503,25.90872,9734,D,pulsed load (discharge)
3885.8999999999996,1.0,3.503,25.90872,9734,D,pulsed load (discharge)
3886.8999999999996,1.0,3.503,25.90872,9734,D,pulsed load (discharge)
3887.8999999999996,0.999,3.503,25.92429,9734,D,pulsed load (discharge)
3888.8999999999996,1.0,3.503,25.92429,9734,D,pulsed load (discharge)
3889.8999999999996,1.0,3.502,25.93985,9734,D,pulsed load (discharge)
3890.8999999999996,1.001,3.502,25.93985,9734,D,pulsed load (discharge)
3891.8999999999996,0.999,3.502,25.93985,9734,D,pulsed load (discharge)
3892.8999999999996,1.0,3.502,25.93985,9734,D,pulsed load (discharge)
3893.8999999999996,1.0,3.502,25.95542,9734,D,pulsed load (discharge)
3894.8999999999996,1.0,3.501,25.95542,9734,D,pulsed load (discharge)
3895.8999999999996,1.0,3.501,25.97099,9734,D,pulsed load (discharge)
3896.8999999999996,1.001,3.501,25.97099,9734,D,pulsed load (discharge)
3897.8999999999996,1.0,3.501,25.97099,9734,D,pulsed load (discharge)
3898.8999999999996,1.0,3.5,25.97099,9734,D,pulsed load (discharge)
3899.8999999999996,1.0,3.5,25.97099,9734,D,pulsed load (discharge)
3900.8999999999996,1.0,3.5,25.97099,9734,D,pulsed load (discharge)
3901.8999999999996,1.0,3.5,25.97099,9734,D,pulsed load (discharge)
3902.8999999999996,0.999,3.5,25.97099,9734,D,pulsed load (discharge)
3903.8999999999996,0.999,3.499,25.97099,9734,D,pulsed load (discharge)
3904.8999999999996,1.0,3.499,25.97099,9734,D,pulsed load (discharge)
3905.8999999999996,1.001,3.499,25.98655,9734,D,pulsed load (discharge)
3906.8999999999996,1.001,3.499,25.98655,9734,D,pulsed load (discharge)
3907.8999999999996,0.999,3.499,25.98655,9734,D,pulsed load (discharge)
3908.8999999999996,1.0,3.498,25.98655,9734,D,pulsed load (discharge)
3909.8999999999996,1.0,3.498,25.98655,9734,D,pulsed load (discharge)
3910.8999999999996,1.0,3.498,25.98655,9734,D,pulsed load (discharge)
3911.8999999999996,0.999,3.498,25.98655,9734,D,pulsed load (discharge)
3912.8999999999996,1.0,3.498,25.98655,9734,D,pulsed load (discharge)
3913.8999999999996,1.0,3.497,26.00212,9734,D,pulsed load (discharge)
3914.8999999999996,1.0,3.497,26.00212,9734,D,pulsed load (discharge)
3915.8999999999996,1.0,3.497,26.00212,9734,D,pulsed load (discharge)
3916.8999999999996,0.999,3.497,26.00212,9734,D,pulsed load (discharge)
3917.8999999999996,1.0,3.496,26.00212,9734,D,pulsed load (discharge)
3918.8999999999996,1.0,3.496,26.00212,9734,D,pulsed load (discharge)
3919.8999999999996,1.0,3.496,26.01768,9734,D,pulsed load (discharge)
3920.8999999999996,1.0,3.496,26.01768,9734,D,pulsed load (discharge)
3921.8999999999996,1.001,3.496,26.03325,9734,D,pulsed load (discharge)
3922.8999999999996,1.0,3.495,26.03325,9734,D,pulsed load (discharge)
3923.8999999999996,1.0,3.495,26.03325,9734,D,pulsed load (discharge)
3924.8999999999996,1.0,3.495,26.03325,9734,D,pulsed load (discharge)
3925.8999999999996,1.0,3.495,26.03325,9734,D,pulsed load (discharge)
3926.8999999999996,0.999,3.495,26.03325,9734,D,pulsed load (discharge)
3927.8999999999996,1.0,3.495,26.03325,9734,D,pulsed load (discharge)
3928.8999999999996,0.999,3.494,26.03325,9734,D,pulsed load (discharge)
3929.8999999999996,0.999,3.494,26.04882,9734,D,pulsed load (discharge)
3930.8999999999996,1.0,3.494,26.04882,9734,D,pulsed load (discharge)
3931.8999999999996,1.001,3.494,26.04882,9734,D,pulsed load (discharge)
3932.8999999999996,0.999,3.494,26.04882,9734,D,pulsed load (discharge)
3933.8999999999996,1.0,3.493,26.06439,9734,D,pulsed load (discharge)
3934.8999999999996,1.0,3.493,26.06439,9734,D,pulsed load (discharge)
3935.8999999999996,1.0,3.493,26.06439,9734,D,pulsed load (discharge)
3936.8999999999996,1.0,3.493,26.06439,9734,D,pulsed load (discharge)
3937.8999999999996,1.0,3.492,26.07995,9734,D,pulsed load (discharge)
3938.8999999999996,1.0,3.492,26.07995,9734,D,pulsed load (discharge)
3939.8999999999996,1.0,3.492,26.07995,9734,D,pulsed load (discharge)
3940.8999999999996,1.0,3.492,26.07995,9734,D,pulsed load (discharge)
3941.8999999999996,0.999,3.492,26.07995,9734,D,pulsed load (discharge)
3942.8999999999996,1.0,3.491,26.09552,9734,D,pulsed load (discharge)
3943.8999999999996,1.0,3.491,26.09552,9734,D,pulsed load (discharge)
3944.8999999999996,0.999,3.491,26.09552,9734,D,pulsed load (discharge)
3945.8999999999996,1.001,3.491,26.09552,9734,D,pulsed load (discharge)
3946.8999999999996,0.999,3.491,26.09552,9734,D,pulsed load (discharge)
3947.8999999999996,0.999,3.49,26.09552,9734,D,pulsed load (discharge)
3948.8999999999996,1.0,3.49,26.11109,9734,D,pulsed load (discharge)
3949.8999999999996,1.0,3.49,26.11109,9734,D,pulsed load (discharge)
3950.8999999999996,0.999,3.49,26.12665,9734,D,pulsed load (discharge)
3951.8999999999996,1.0,3.49,26.12665,9734,D,pulsed load (discharge)
3952.8999999999996,1.001,3.489,26.12665,9734,D,pulsed load (discharge)
3953.8999999999996,1.0,3.489,26.12665,9734,D,pulsed load (discharge)
3954.8999999999996,0.999,3.489,26.12665,9734,D,pulsed load (discharge)
3955.8999999999996,1.001,3.489,26.12665,9734,D,pulsed load (discharge)
3956.8999999999996,1.0,3.489,26.14222,9734,D,pulsed load (discharge)
3957.8999999999996,0.999,3.488,26.14222,9734,D,pulsed load (discharge)
3958.8999999999996,1.0,3.488,26.14222,9734,D,pulsed load (discharge)
3959.8999999999996,0.999,3.488,26.14222,9734,D,pulsed load (discharge)
3960.8999999999996,1.001,3.488,26.14222,9734,D,pulsed load (discharge)
3961.8999999999996,0.999,3.488,26.14222,9734,D,pulsed load (discharge)
3962.8999999999996,1.0,3.487,26.14222,9734,D,pulsed load (discharge)
3963.8999999999996,1.0,3.487,26.14222,9734,D,pulsed load (discharge)
3964.8999999999996,1.0,3.487,26.14222,9734,D,pulsed load (discharge)
3965.8999999999996,1.0,3.487,26.15779,9734,D,pulsed load (discharge)
3966.8999999999996,1.0,3.487,26.15779,9734,D,pulsed load (discharge)
3967.8999999999996,1.0,3.486,26.15779,9734,D,pulsed load (discharge)
3968.8999999999996,1.0,3.486,26.15779,9734,D,pulsed load (discharge)
3969.8999999999996,1.0,3.486,26.15779,9734,D,pulsed load (discharge)
3970.8999999999996,0.999,3.486,26.15779,9734,D,pulsed load (discharge)
3971.8999999999996,1.0,3.486,26.15779,9734,D,pulsed load (discharge)
3972.8999999999996,1.0,3.485,26.15779,9734,D,pulsed load (discharge)
3973.8999999999996,1.0,3.485,26.15779,9734,D,pulsed load (discharge)
3974.8999999999996,1.0,3.485,26.15779,9734,D,pulsed load (discharge)
3975.8999999999996,1.001,3.485,26.15779,9734,D,pulsed load (discharge)
3976.8999999999996,1.0,3.485,26.17335,9734,D,pulsed load (discharge)
3977.8999999999996,0.999,3.484,26.17335,9734,D,pulsed load (discharge)
3978.8999999999996,0.999,3.484,26.17335,9734,D,pulsed load (discharge)
3979.8999999999996,1.0,3.484,26.17335,9734,D,pulsed load (discharge)
3980.8999999999996,0.999,3.484,26.18892,9734,D,pulsed load (discharge)
3981.8999999999996,1.0,3.484,26.18892,9734,D,pulsed load (discharge)
3982.8999999999996,0.999,3.483,26.18892,9734,D,pulsed load (discharge)
3983.8999999999996,1.0,3.483,26.18892,9734,D,pulsed load (discharge)
3984.8999999999996,0.999,3.483,26.18892,9734,D,pulsed load (discharge)
3985.8999999999996,1.0,3.483,26.18892,9734,D,pulsed load (discharge)
3986.8999999999996,1.001,3.483,26.17335,9734,D,pulsed load (discharge)
3987.8999999999996,1.0,3.482,26.17335,9734,D,pulsed load (discharge)
3988.8999999999996,0.999,3.482,26.18892,9734,D,pulsed load (discharge)
3989.8999999999996,1.0,3.482,26.18892,9734,D,pulsed load (discharge)
3990.8999999999996,1.0,3.482,26.20448,9734,D,pulsed load (discharge)
3991.8999999999996,0.999,3.481,26.20448,9734,D,pulsed load (discharge)
3992.8999999999996,1.001,3.481,26.22005,9734,D,pulsed load (discharge)
3993.8999999999996,1.0,3.481,26.22005,9734,D,pulsed load (discharge)
3994.8999999999996,0.999,3.481,26.22005,9734,D,pulsed load (discharge)
3995.8999999999996,1.0,3.481,26.22005,9734,D,pulsed load (discharge)
3996.8999999999996,0.999,3.48,26.22005,9734,D,pulsed load (discharge)
3997.8999999999996,1.0,3.48,26.22005,9734,D,pulsed load (discharge)
3998.8999999999996,1.0,3.48,26.22005,9734,D,pulsed load (discharge)
3999.8999999999996,1.001,3.48,26.23562,9734,D,pulsed load (discharge)
4000.8999999999996,0.999,3.48,26.23562,9734,D,pulsed load (discharge)
4001.8999999999996,1.0,3.48,26.23562,9734,D,pulsed load (discharge)
4002.8999999999996,0.999,3.479,26.25119,9734,D,pulsed load (discharge)
4003.8999999999996,1.0,3.479,26.25119,9734,D,pulsed load (discharge)
4004.8999999999996,1.0,3.479,26.26675,9734,D,pulsed load (discharge)
4005.8999999999996,0.999,3.479,26.26675,9734,D,pulsed load (discharge)
4006.8999999999996,1.001,3.479,26.26675,9734,D,pulsed load (discharge)
4007.8999999999996,0.999,3.478,26.26675,9734,D,pulsed load (discharge)
4008.8999999999996,1.0,3.478,26.28232,9734,D,pulsed load (discharge)
4009.8999999999996,0.999,3.478,26.28232,9734,D,pulsed load (discharge)
4010.8999999999996,1.0,3.478,26.29789,9734,D,pulsed load (discharge)
4011.8999999999996,1.0,3.478,26.29789,9734,D,pulsed load (discharge)
4012.8999999999996,1.0,3.477,26.29789,9734,D,pulsed load (discharge)
4013.8999999999996,1.0,3.477,26.29789,9734,D,pulsed load (discharge)
4014.8999999999996,1.0,3.477,26.29789,9734,D,pulsed load (discharge)
4015.8999999999996,1.0,3.477,26.29789,9734,D,pulsed load (discharge)
4016.8999999999996,1.001,3.476,26.29789,9734,D,pulsed load (discharge)
4017.8999999999996,1.0,3.476,26.31345,9734,D,pulsed load (discharge)
4018.8999999999996,1.002,3.476,26.31345,9734,D,pulsed load (discharge)
4019.8999999999996,0.999,3.476,26.31345,9734,D,pulsed load (discharge)
4020.8999999999996,1.0,3.476,26.31345,9734,D,pulsed load (discharge)
4021.8999999999996,1.0,3.476,26.31345,9734,D,pulsed load (discharge)
4022.8999999999996,1.0,3.475,26.31345,9734,D,pulsed load (discharge)
4023.8999999999996,0.999,3.475,26.31345,9734,D,pulsed load (discharge)
4024.8999999999996,1.0,3.475,26.31345,9734,D,pulsed load (discharge)
4025.8999999999996,1.0,3.475,26.31345,9734,D,pulsed load (discharge)
4026.8999999999996,0.999,3.474,26.31345,9734,D,pulsed load (discharge)
4027.8999999999996,1.0,3.474,26.32902,9734,D,pulsed load (discharge)
4028.8999999999996,1.0,3.474,26.31345,9734,D,pulsed load (discharge)
4029.8999999999996,1.0,3.474,26.32902,9734,D,pulsed load (discharge)
4030.8999999999996,1.0,3.474,26.32902,9734,D,pulsed load (discharge)
4031.8999999999996,1.0,3.473,26.32902,9734,D,pulsed load (discharge)
4032.8999999999996,1.0,3.473,26.32902,9734,D,pulsed load (discharge)
4033.8999999999996,1.0,3.473,26.32902,9734,D,pulsed load (discharge)
4034.8999999999996,0.999,3.473,26.32902,9734,D,pulsed load (discharge)
4035.8999999999996,1.0,3.473,26.32902,9734,D,pulsed load (discharge)
4036.8999999999996,0.999,3.473,26.32902,9734,D,pulsed load (discharge)
4037.8999999999996,1.0,3.472,26.34459,9734,D,pulsed load (discharge)
4038.8999999999996,0.999,3.472,26.34459,9734,D,pulsed load (discharge)
4039.8999999999996,1.0,3.472,26.34459,9734,D,pulsed load (discharge)
4040.8999999999996,1.0,3.472,26.34459,9734,D,pulsed load (discharge)
4041.8999999999996,1.0,3.472,26.36015,9734,D,pulsed load (discharge)
4042.8999999999996,1.0,3.471,26.36015,9734,D,pulsed load (discharge)
4043.8999999999996,1.0,3.471,26.37572,9734,D,pulsed load (discharge)
4044.8999999999996,0.999,3.471,26.37572,9734,D,pulsed load (discharge)
4045.8999999999996,1.0,3.471,26.37572,9734,D,pulsed load (discharge)
4046.8999999999996,1.0,3.47,26.37572,9734,D,pulsed load (discharge)
4047.8999999999996,1.0,3.47,26.39129,9734,D,pulsed load (discharge)
4048.8999999999996,1.0,3.47,26.39129,9734,D,pulsed load (discharge)
4049.8999999999996,1.001,3.47,26.39129,9734,D,pulsed load (discharge)
4050.8999999999996,1.0,3.47,26.39129,9734,D,pulsed load (discharge)
4051.8999999999996,1.0,3.47,26.39129,9734,D,pulsed load (discharge)
4052.8999999999996,1.0,3.469,26.40685,9734,D,pulsed load (discharge)
4053.8999999999996,1.0,3.469,26.40685,9734,D,pulsed load (discharge)
4054.8999999999996,0.999,3.469,26.40685,9734,D,pulsed load (discharge)
4055.8999999999996,0.999,3.469,26.40685,9734,D,pulsed load (discharge)
4056.8999999999996,1.0,3.468,26.40685,9734,D,pulsed load (discharge)
4057.8999999999996,0.999,3.468,26.40685,9734,D,pulsed load (discharge)
4058.8999999999996,1.0,3.468,26.40685,9734,D,pulsed load (discharge)
4059.8999999999996,1.0,3.468,26.42242,9734,D,pulsed load (discharge)
4060.8999999999996,1.0,3.468,26.42242,9734,D,pulsed load (discharge)
4061.8999999999996,1.0,3.467,26.42242,9734,D,pulsed load (discharge)
4062.8999999999996,1.0,3.467,26.42242,9734,D,pulsed load (discharge)
4063.8999999999996,1.0,3.467,26.43798,9734,D,pulsed load (discharge)
4064.8999999999996,1.0,3.467,26.42242,9734,D,pulsed load (discharge)
4065.8999999999996,1.0,3.467,26.43798,9734,D,pulsed load (discharge)
4066.8999999999996,1.0,3.466,26.43798,9734,D,pulsed load (discharge)
4067.8999999999996,1.0,3.466,26.43798,9734,D,pulsed load (discharge)
4068.8999999999996,1.0,3.466,26.43798,9734,D,pulsed load (discharge)
4069.8999999999996,1.0,3.466,26.45355,9734,D,pulsed load (discharge)
4070.8999999999996,1.0,3.465,26.45355,9734,D,pulsed load (discharge)
4071.8999999999996,1.0,3.465,26.45355,9734,D,pulsed load (discharge)
4072.8999999999996,1.0,3.465,26.46912,9734,D,pulsed load (discharge)
4073.8999999999996,1.0,3.465,26.46912,9734,D,pulsed load (discharge)
4074.8999999999996,1.0,3.465,26.46912,9734,D,pulsed load (discharge)
4075.8999999999996,1.0,3.465,26.46912,9734,D,pulsed load (discharge)
4076.8999999999996,1.0,3.464,26.46912,9734,D,pulsed load (discharge)
4077.8999999999996,1.0,3.464,26.48469,9734,D,pulsed load (discharge)
4078.8999999999996,1.0,3.464,26.48469,9734,D,pulsed load (discharge)
4079.8999999999996,1.001,3.464,26.48469,9734,D,pulsed load (discharge)
4080.8999999999996,1.0,3.463,26.48469,9734,D,pulsed load (discharge)
4081.8999999999996,1.0,3.463,26.50025,9734,D,pulsed load (discharge)
4082.8999999999996,1.0,3.463,26.50025,9734,D,pulsed load (discharge)
4083.8999999999996,0.999,3.463,26.50025,9734,D,pulsed load (discharge)
4084.8999999999996,1.0,3.463,26.51582,9734,D,pulsed load (discharge)
4085.8999999999996,1.0,3.462,26.51582,9734,D,pulsed load (discharge)
4086.8999999999996,1.0,3.462,26.51582,9734,D,pulsed load (discharge)
4087.8999999999996,1.0,3.462,26.51582,9734,D,pulsed load (discharge)
4088.8999999999996,0.999,3.462,26.53139,9734,D,pulsed load (discharge)
4089.8999999999996,0.999,3.462,26.53139,9734,D,pulsed load (discharge)
4090.8999999999996,0.999,3.462,26.53139,9734,D,pulsed load (discharge)
4091.8999999999996,1.0,3.461,26.53139,9734,D,pulsed load (discharge)
4092.8999999999996,0.999,3.461,26.53139,9734,D,pulsed load (discharge)
4093.8999999999996,1.0,3.461,26.53139,9734,D,pulsed load (discharge)
4094.8999999999996,1.001,3.461,26.53139,9734,D,pulsed load (discharge)
4095.8999999999996,0.999,3.46,26.53139,9734,D,pulsed load (discharge)
4096.9,1.0,3.46,26.54695,9734,D,pulsed load (discharge)
4097.9,1.0,3.46,26.54695,9734,D,pulsed load (discharge)
4098.9,1.001,3.46,26.54695,9734,D,pulsed load (discharge)
4099.9,1.0,3.459,26.54695,9734,D,pulsed load (discharge)
4100.9,1.0,3.459,26.56252,9734,D,pulsed load (discharge)
4101.9,1.0,3.459,26.56252,9734,D,pulsed load (discharge)
4102.9,0.999,3.459,26.56252,9734,D,pulsed load (discharge)
4103.9,1.0,3.459,26.56252,9734,D,pulsed load (discharge)
4104.9,1.0,3.458,26.56252,9734,D,pulsed load (discharge)
4105.9,1.0,3.458,26.56252,9734,D,pulsed load (discharge)
4106.9,1.0,3.458,26.57809,9734,D,pulsed load (discharge)
4107.9,1.0,3.458,26.57809,9734,D,pulsed load (discharge)
4108.9,1.0,3.458,26.57809,9734,D,pulsed load (discharge)
4109.9,1.0,3.457,26.57809,9734,D,pulsed load (discharge)
4110.9,0.999,3.457,26.59365,9734,D,pulsed load (discharge)
4111.9,1.0,3.457,26.59365,9734,D,pulsed load (discharge)
4112.9,1.0,3.457,26.59365,9734,D,pulsed load (discharge)
4113.9,1.0,3.456,26.59365,9734,D,pulsed load (discharge)
4114.9,1.001,3.456,26.60922,9734,D,pulsed load (discharge)
4115.9,1.0,3.456,26.60922,9734,D,pulsed load (discharge)
4116.9,1.0,3.456,26.60922,9734,D,pulsed load (discharge)
4117.9,1.0,3.456,26.60922,9734,D,pulsed load (discharge)
4118.9,1.0,3.455,26.60922,9734,D,pulsed load (discharge)
4119.9,1.0,3.455,26.60922,9734,D,pulsed load (discharge)
4120.9,1.001,3.455,26.62479,9734,D,pulsed load (discharge)
4121.9,1.0,3.455,26.62479,9734,D,pulsed load (discharge)
4122.9,0.999,3.455,26.62479,9734,D,pulsed load (discharge)
4123.9,1.0,3.454,26.62479,9734,D,pulsed load (discharge)
4124.9,1.0,3.454,26.64035,9734,D,pulsed load (discharge)
4125.9,1.0,3.454,26.64035,9734,D,pulsed load (discharge)
4126.9,0.999,3.454,26.64035,9734,D,pulsed load (discharge)
4127.9,1.0,3.453,26.64035,9734,D,pulsed load (discharge)
4128.9,1.0,3.453,26.65592,9734,D,pulsed load (discharge)
4129.9,1.0,3.453,26.65592,9734,D,pulsed load (discharge)
4130.9,1.0,3.453,26.65592,9734,D,pulsed load (discharge)
4131.9,0.999,3.453,26.65592,9734,D,pulsed load (discharge)
4132.9,1.0,3.452,26.67149,9734,D,pulsed load (discharge)
4133.9,1.0,3.452,26.67149,9734,D,pulsed load (discharge)
4134.9,1.0,3.452,26.67149,9734,D,pulsed load (discharge)
4135.9,1.0,3.452,26.67149,9734,D,pulsed load (discharge)
4136.9,1.0,3.452,26.67149,9734,D,pulsed load (discharge)
4137.9,1.0,3.451,26.68705,9734,D,pulsed load (discharge)
4138.9,1.0,3.451,26.68705,9734,D,pulsed load (discharge)
4139.9,0.999,3.451,26.68705,9734,D,pulsed load (discharge)
4140.9,1.0,3.451,26.68705,9734,D,pulsed load (discharge)
4141.9,1.0,3.45,26.70262,9734,D,pulsed load (discharge)
4142.9,1.0,3.45,26.70262,9734,D,pulsed load (discharge)
4143.9,1.0,3.45,26.70262,9734,D,pulsed load (discharge)
4144.9,0.999,3.45,26.70262,9734,D,pulsed load (discharge)
4145.9,1.0,3.449,26.70262,9734,D,pulsed load (discharge)
4146.9,0.999,3.449,26.70262,9734,D,pulsed load (discharge)
4147.9,0.999,3.449,26.71819,9734,D,pulsed load (discharge)
4148.9,1.0,3.449,26.71819,9734,D,pulsed load (discharge)
4149.9,1.0,3.449,26.71819,9734,D,pulsed load (discharge)
4150.9,1.0,3.448,26.71819,9734,D,pulsed load (discharge)
4151.9,1.001,3.448,26.73375,9734,D,pulsed load (discharge)
4152.9,0.999,3.448,26.73375,9734,D,pulsed load (discharge)
4153.9,1.001,3.448,26.73375,9734,D,pulsed load (discharge)
4154.9,1.0,3.447,26.74932,9734,D,pulsed load (discharge)
4155.9,0.999,3.447,26.74932,9734,D,pulsed load (discharge)
4156.9,1.0,3.447,26.74932,9734,D,pulsed load (discharge)
4157.9,0.999,3.447,26.76489,9734,D,pulsed load (discharge)
4158.9,1.001,3.446,26.76489,9734,D,pulsed load (discharge)
4159.9,0.999,3.446,26.76489,9734,D,pulsed load (discharge)
4160.9,0.999,3.446,26.76489,9734,D,pulsed load (discharge)
4161.9,1.0,3.446,26.76489,9734,D,pulsed load (discharge)
4162.9,1.0,3.446,26.76489,9734,D,pulsed load (discharge)
4163.9,1.0,3.445,26.78045,9734,D,pulsed load (discharge)
4164.9,1.0,3.445,26.78045,9734,D,pulsed load (discharge)
4165.9,1.0,3.445,26.79602,9734,D,pulsed load (discharge)
4166.9,1.001,3.445,26.79602,9734,D,pulsed load (discharge)
4167.9,1.0,3.444,26.79602,9734,D,pulsed load (discharge)
4168.9,1.0,3.444,26.81159,9734,D,pulsed load (discharge)
4169.9,1.0,3.444,26.81159,9734,D,pulsed load (discharge)
4170.9,1.0,3.444,26.81159,9734,D,pulsed load (discharge)
4171.9,1.0,3.444,26.82715,9734,D,pulsed load (discharge)
4172.9,1.0,3.443,26.82715,9734,D,pulsed load (discharge)
4173.9,1.0,3.443,26.82715,9734,D,pulsed load (discharge)
4174.9,1.0,3.443,26.82715,9734,D,pulsed load (discharge)
4175.9,0.999,3.443,26.84272,9734,D,pulsed load (discharge)
4176.9,1.0,3.442,26.84272,9734,D,pulsed load (discharge)
4177.9,0.999,3.442,26.84272,9734,D,pulsed load (discharge)
4178.9,1.0,3.442,26.84272,9734,D,pulsed load (discharge)
4179.9,1.0,3.442,26.85829,9734,D,pulsed load (discharge)
4180.9,0.999,3.442,26.85829,9734,D,pulsed load (discharge)
4181.9,1.0,3.441,26.85829,9734,D,pulsed load (discharge)
4182.9,1.0,3.441,26.85829,9734,D,pulsed load (discharge)
4183.9,1.0,3.441,26.87385,9734,D,pulsed load (discharge)
4184.9,1.0,3.441,26.87385,9734,D,pulsed load (discharge)
4185.9,0.999,3.441,26.87385,9734,D,pulsed load (discharge)
4186.9,1.0,3.44,26.87385,9734,D,pulsed load (discharge)
4187.9,1.0,3.44,26.88942,9734,D,pulsed load (discharge)
4188.9,0.999,3.44,26.88942,9734,D,pulsed load (discharge)
4189.9,1.0,3.439,26.88942,9734,D,pulsed load (discharge)
4190.9,1.0,3.439,26.88942,9734,D,pulsed load (discharge)
4191.9,0.999,3.439,26.88942,9734,D,pulsed load (discharge)
4192.9,0.999,3.439,26.88942,9734,D,pulsed load (discharge)
4193.9,1.001,3.438,26.90499,9734,D,pulsed load (discharge)
4194.9,1.0,3.438,26.90499,9734,D,pulsed load (discharge)
4195.9,0.999,3.438,26.90499,9734,D,pulsed load (discharge)
4196.9,1.001,3.438,26.90499,9734,D,pulsed load (discharge)
4197.9,1.0,3.437,26.90499,9734,D,pulsed load (discharge)
4198.9,0.999,3.437,26.90499,9734,D,pulsed load (discharge)
4199.86,1.0,3.437,26.92055,9734,D,pulsed load (discharge)
4199.86,0.0,3.526,26.92055,9735,R,pulsed load (rest)
4200.86,0.0,3.612,26.92055,9735,R,pulsed load (rest)
4201.86,0.0,3.617,26.92055,9735,R,pulsed load (rest)
4202.86,0.0,3.621,26.92055,9735,R,pulsed load (rest)
4203.86,0.0,3.624,26.92055,9735,R,pulsed load (rest)
4204.86,0.0,3.626,26.93612,9735,R,pulsed load (rest)
4205.86,0.0,3.629,26.93612,9735,R,pulsed load (rest)
4206.86,0.0,3.631,26.93612,9735,R,pulsed load (rest)
4207.86,0.0,3.633,26.95168,9735,R,pulsed load (rest)
4208.86,0.0,3.635,26.93612,9735,R,pulsed load (rest)
4209.86,0.0,3.636,26.93612,9735,R,pulsed load (rest)
4210.86,0.0,3.638,26.93612,9735,R,pulsed load (rest)
4211.86,0.0,3.639,26.93612,9735,R,pulsed load (rest)
4212.86,0.0,3.641,26.93612,9735,R,pulsed load (rest)
4213.86,0.0,3.642,26.93612,9735,R,pulsed load (rest)
4214.86,0.0,3.643,26.93612,9735,R,pulsed load (rest)
4215.86,0.0,3.645,26.93612,9735,R,pulsed load (rest)
4216.86,0.0,3.646,26.95168,9735,R,pulsed load (rest)
4217.86,0.0,3.647,26.95168,9735,R,pulsed load (rest)
4218.86,0.0,3.648,26.95168,9735,R,pulsed load (rest)
4219.86,0.0,3.649,26.95168,9735,R,pulsed load (rest)
4220.86,0.0,3.651,26.95168,9735,R,pulsed load (rest)
4221.86,0.0,3.651,26.95168,9735,R,pulsed load (rest)
4222.86,0.0,3.653,26.93612,9735,R,pulsed load (rest)
4223.86,0.0,3.653,26.93612,9735,R,pulsed load (rest)
4224.86,0.0,3.655,26.93612,9735,R,pulsed load (rest)
4225.86,0.0,3.656,26.93612,9735,R,pulsed load (rest)
4226.86,0.0,3.656,26.93612,9735,R,pulsed load (rest)
4227.86,0.0,3.657,26.93612,9735,R,pulsed load (rest)
4228.86,0.0,3.658,26.92055,9735,R,pulsed load (rest)
4229.86,0.0,3.659,26.92055,9735,R,pulsed load (rest)
4230.86,0.0,3.66,26.92055,9735,R,pulsed load (rest)
4231.86,0.0,3.661,26.92055,9735,R,pulsed load (rest)
4232.86,0.0,3.661,26.93612,9735,R,pulsed load (rest)
4233.86,0.0,3.662,26.93612,9735,R,pulsed load (rest)
4234.86,0.0,3.663,26.93612,9735,R,pulsed load (rest)
4235.86,0.0,3.664,26.93612,9735,R,pulsed load (rest)
4236.86,0.0,3.664,26.92055,9735,R,pulsed load (rest)
4237.86,0.0,3.665,26.92055,9735,R,pulsed load (rest)
4238.86,0.0,3.666,26.93612,9735,R,pulsed load (rest)
4239.86,0.0,3.666,26.93612,9735,R,pulsed load (rest)
4240.86,0.0,3.667,26.93612,9735,R,pulsed load (rest)
4241.86,0.0,3.668,26.93612,9735,R,pulsed load (rest)
4242.86,0.0,3.668,26.93612,9735,R,pulsed load (rest)
4243.86,0.0,3.669,26.93612,9735,R,pulsed load (rest)
4244.86,0.0,3.67,26.93612,9735,R,pulsed load (rest)
4245.86,0.0,3.67,26.93612,9735,R,pulsed load (rest)
4246.86,0.0,3.671,26.93612,9735,R,pulsed load (rest)
4247.86,0.0,3.671,26.93612,9735,R,pulsed load (rest)
4248.86,0.0,3.672,26.93612,9735,R,pulsed load (rest)
4249.86,0.0,3.673,26.93612,9735,R,pulsed load (rest)
4250.86,0.0,3.673,26.93612,9735,R,pulsed load (rest)
4251.86,0.0,3.674,26.92055,9735,R,pulsed load (rest)
4252.86,0.0,3.674,26.92055,9735,R,pulsed load (rest)
4253.86,0.0,3.675,26.92055,9735,R,pulsed load (rest)
4254.86,0.0,3.675,26.92055,9735,R,pulsed load (rest)
4255.86,0.0,3.676,26.92055,9735,R,pulsed load (rest)
4256.86,0.0,3.676,26.92055,9735,R,pulsed load (rest)
4257.86,0.0,3.677,26.92055,9735,R,pulsed load (rest)
4258.86,0.0,3.677,26.92055,9735,R,pulsed load (rest)
4259.86,0.0,3.678,26.92055,9735,R,pulsed load (rest)
4260.86,0.0,3.678,26.90499,9735,R,pulsed load (rest)
4261.86,0.0,3.679,26.90499,9735,R,pulsed load (rest)
4262.86,0.0,3.679,26.90499,9735,R,pulsed load (rest)
4263.86,0.0,3.679,26.90499,9735,R,pulsed load (rest)
4264.86,0.0,3.68,26.88942,9735,R,pulsed load (rest)
4265.86,0.0,3.68,26.88942,9735,R,pulsed load (rest)
4266.86,0.0,3.681,26.88942,9735,R,pulsed load (rest)
4267.86,0.0,3.681,26.88942,9735,R,pulsed load (rest)
4268.86,0.0,3.682,26.88942,9735,R,pulsed load (rest)
4269.86,0.0,3.682,26.88942,9735,R,pulsed load (rest)
4270.86,0.0,3.682,26.88942,9735,R,pulsed load (rest)
4271.86,0.0,3.683,26.88942,9735,R,pulsed load (rest)
4272.86,0.0,3.683,26.87385,9735,R,pulsed load (rest)
4273.86,0.0,3.684,26.87385,9735,R,pulsed load (rest)
4274.86,0.0,3.684,26.87385,9735,R,pulsed load (rest)
4275.86,0.0,3.684,26.87385,9735,R,pulsed load (rest)
4276.86,0.0,3.685,26.87385,9735,R,pulsed load (rest)
4277.86,0.0,3.685,26.87385,9735,R,pulsed load (rest)
4278.86,0.0,3.686,26.85829,9735,R,pulsed load (rest)
4279.86,0.0,3.686,26.87385,9735,R,pulsed load (rest)
4280.86,0.0,3.686,26.87385,9735,R,pulsed load (rest)
4281.86,0.0,3.687,26.85829,9735,R,pulsed load (rest)
4282.86,0.0,3.687,26.85829,9735,R,pulsed load (rest)
4283.86,0.0,3.687,26.85829,9735,R,pulsed load (rest)
4284.86,0.0,3.687,26.85829,9735,R,pulsed load (rest)
4285.86,0.0,3.688,26.85829,9735,R,pulsed load (rest)
4286.86,0.0,3.688,26.85829,9735,R,pulsed load (rest)
4287.86,0.0,3.688,26.85829,9735,R,pulsed load (rest)
4288.86,0.0,3.689,26.84272,9735,R,pulsed load (rest)
4289.86,0.0,3.689,26.84272,9735,R,pulsed load (rest)
4290.86,0.0,3.689,26.82715,9735,R,pulsed load (rest)
4291.86,0.0,3.69,26.82715,9735,R,pulsed load (rest)
4292.86,0.0,3.69,26.82715,9735,R,pulsed load (rest)
4293.86,0.0,3.69,26.82715,9735,R,pulsed load (rest)
4294.86,0.0,3.691,26.82715,9735,R,pulsed load (rest)
4295.86,0.0,3.691,26.81159,9735,R,pulsed load (rest)
4296.86,0.0,3.691,26.81159,9735,R,pulsed load (rest)
4297.86,0.0,3.691,26.81159,9735,R,pulsed load (rest)
4298.86,0.0,3.692,26.81159,9735,R,pulsed load (rest)
4299.86,0.0,3.692,26.79602,9735,R,pulsed load (rest)
4300.86,0.0,3.692,26.79602,9735,R,pulsed load (rest)
4301.86,0.0,3.692,26.79602,9735,R,pulsed load (rest)
4302.86,0.0,3.693,26.79602,9735,R,pulsed load (rest)
4303.86,0.0,3.693,26.78045,9735,R,pulsed load (rest)
4304.86,0.0,3.693,26.78045,9735,R,pulsed load (rest)
4305.86,0.0,3.694,26.78045,9735,R,pulsed load (rest)
4306.86,0.0,3.694,26.78045,9735,R,pulsed load (rest)
4307.86,0.0,3.694,26.78045,9735,R,pulsed load (rest)
4308.86,0.0,3.694,26.78045,9735,R,pulsed load (rest)
4309.86,0.0,3.695,26.76489,9735,R,pulsed load (rest)
4310.86,0.0,3.695,26.76489,9735,R,pulsed load (rest)
4311.86,0.0,3.695,26.76489,9735,R,pulsed load (rest)
4312.86,0.0,3.695,26.76489,9735,R,pulsed load (rest)
4313.86,0.0,3.695,26.74932,9735,R,pulsed load (rest)
4314.86,0.0,3.696,26.74932,9735,R,pulsed load (rest)
4315.86,0.0,3.696,26.73375,9735,R,pulsed load (rest)
4316.86,0.0,3.696,26.73375,9735,R,pulsed load (rest)
4317.86,0.0,3.696,26.73375,9735,R,pulsed load (rest)
4318.86,0.0,3.697,26.73375,9735,R,pulsed load (rest)
4319.86,0.0,3.697,26.73375,9735,R,pulsed load (rest)
4320.86,0.0,3.697,26.73375,9735,R,pulsed load (rest)
4321.86,0.0,3.697,26.73375,9735,R,pulsed load (rest)
4322.86,0.0,3.697,26.73375,9735,R,pulsed load (rest)
4323.86,0.0,3.698,26.71819,9735,R,pulsed load (rest)
4324.86,0.0,3.698,26.71819,9735,R,pulsed load (rest)
4325.86,0.0,3.698,26.71819,9735,R,pulsed load (rest)
4326.86,0.0,3.698,26.71819,9735,R,pulsed load (rest)
4327.86,0.0,3.699,26.71819,9735,R,pulsed load (rest)
4328.86,0.0,3.699,26.70262,9735,R,pulsed load (rest)
4329.86,0.0,3.699,26.70262,9735,R,pulsed load (rest)
4330.86,0.0,3.699,26.70262,9735,R,pulsed load (rest)
4331.86,0.0,3.699,26.70262,9735,R,pulsed load (rest)
4332.86,0.0,3.7,26.70262,9735,R,pulsed load (rest)
4333.86,0.0,3.7,26.68705,9735,R,pulsed load (rest)
4334.86,0.0,3.7,26.68705,9735,R,pulsed load (rest)
4335.86,0.0,3.7,26.68705,9735,R,pulsed load (rest)
4336.86,0.0,3.7,26.68705,9735,R,pulsed load (rest)
4337.86,0.0,3.7,26.68705,9735,R,pulsed load (rest)
4338.86,0.0,3.701,26.68705,9735,R,pulsed load (rest)
4339.86,0.0,3.701,26.67149,9735,R,pulsed load (rest)
4340.86,0.0,3.701,26.68705,9735,R,pulsed load (rest)
4341.86,0.0,3.701,26.67149,9735,R,pulsed load (rest)
4342.86,0.0,3.701,26.67149,9735,R,pulsed load (rest)
4343.86,0.0,3.702,26.67149,9735,R,pulsed load (rest)
4344.86,0.0,3.702,26.67149,9735,R,pulsed load (rest)
4345.86,0.0,3.702,26.67149,9735,R,pulsed load (rest)
4346.86,0.0,3.702,26.67149,9735,R,pulsed load (rest)
4347.86,0.0,3.702,26.65592,9735,R,pulsed load (rest)
4348.86,0.0,3.702,26.67149,9735,R,pulsed load (rest)
4349.86,0.0,3.702,26.67149,9735,R,pulsed load (rest)
4350.86,0.0,3.703,26.65592,9735,R,pulsed load (rest)
4351.86,0.0,3.703,26.65592,9735,R,pulsed load (rest)
4352.86,0.0,3.703,26.64035,9735,R,pulsed load (rest)
4353.86,0.0,3.703,26.64035,9735,R,pulsed load (rest)
4354.86,0.0,3.703,26.64035,9735,R,pulsed load (rest)
4355.86,0.0,3.704,26.64035,9735,R,pulsed load (rest)
4356.86,0.0,3.704,26.64035,9735,R,pulsed load (rest)
4357.86,0.0,3.704,26.64035,9735,R,pulsed load (rest)
4358.86,0.0,3.704,26.62479,9735,R,pulsed load (rest)
4359.86,0.0,3.704,26.62479,9735,R,pulsed load (rest)
4360.86,0.0,3.704,26.62479,9735,R,pulsed load (rest)
4361.86,0.0,3.705,26.62479,9735,R,pulsed load (rest)
4362.86,0.0,3.705,26.62479,9735,R,pulsed load (rest)
4363.86,0.0,3.705,26.62479,9735,R,pulsed load (rest)
4364.86,0.0,3.705,26.62479,9735,R,pulsed load (rest)
4365.86,0.0,3.705,26.62479,9735,R,pulsed load (rest)
4366.86,0.0,3.705,26.60922,9735,R,pulsed load (rest)
4367.86,0.0,3.705,26.60922,9735,R,pulsed load (rest)
4368.86,0.0,3.706,26.60922,9735,R,pulsed load (rest)
4369.86,0.0,3.706,26.60922,9735,R,pulsed load (rest)
4370.86,0.0,3.706,26.60922,9735,R,pulsed load (rest)
4371.86,0.0,3.706,26.60922,9735,R,pulsed load (rest)
4372.86,0.0,3.706,26.60922,9735,R,pulsed load (rest)
4373.86,0.0,3.706,26.60922,9735,R,pulsed load (rest)
4374.86,0.0,3.706,26.59365,9735,R,pulsed load (rest)
4375.86,0.0,3.707,26.59365,9735,R,pulsed load (rest)
4376.86,0.0,3.707,26.59365,9735,R,pulsed load (rest)
4377.86,0.0,3.707,26.59365,9735,R,pulsed load (rest)
4378.86,0.0,3.707,26.59365,9735,R,pulsed load (rest)
4379.86,0.0,3.707,26.59365,9735,R,pulsed load (rest)
4380.86,0.0,3.707,26.59365,9735,R,pulsed load (rest)
4381.86,0.0,3.707,26.57809,9735,R,pulsed load (rest)
4382.86,0.0,3.707,26.59365,9735,R,pulsed load (rest)
4383.86,0.0,3.708,26.59365,9735,R,pulsed load (rest)
4384.86,0.0,3.708,26.57809,9735,R,pulsed load (rest)
4385.86,0.0,3.708,26.57809,9735,R,pulsed load (rest)
4386.86,0.0,3.708,26.57809,9735,R,pulsed load (rest)
4387.86,0.0,3.708,26.57809,9735,R,pulsed load (rest)
4388.86,0.0,3.708,26.57809,9735,R,pulsed load (rest)
4389.86,0.0,3.708,26.57809,9735,R,pulsed load (rest)
4390.86,0.0,3.708,26.57809,9735,R,pulsed load (rest)
4391.86,0.0,3.709,26.57809,9735,R,pulsed load (rest)
4392.86,0.0,3.709,26.57809,9735,R,pulsed load (rest)
4393.86,0.0,3.709,26.57809,9735,R,pulsed load (rest)
4394.86,0.0,3.709,26.57809,9735,R,pulsed load (rest)
4395.86,0.0,3.709,26.57809,9735,R,pulsed load (rest)
4396.86,0.0,3.709,26.56252,9735,R,pulsed load (rest)
4397.86,0.0,3.709,26.56252,9735,R,pulsed load (rest)
4398.86,0.0,3.71,26.56252,9735,R,pulsed load (rest)
4399.86,0.0,3.71,26.56252,9735,R,pulsed load (rest)
4400.86,0.0,3.71,26.56252,9735,R,pulsed load (rest)
4401.86,0.0,3.71,26.56252,9735,R,pulsed load (rest)
4402.86,0.0,3.71,26.54695,9735,R,pulsed load (rest)
4403.86,0.0,3.71,26.54695,9735,R,pulsed load (rest)
4404.86,0.0,3.71,26.54695,9735,R,pulsed load (rest)
4405.86,0.0,3.71,26.54695,9735,R,pulsed load (rest)
4406.86,0.0,3.71,26.54695,9735,R,pulsed load (rest)
4407.86,0.0,3.711,26.53139,9735,R,pulsed load (rest)
4408.86,0.0,3.711,26.53139,9735,R,pulsed load (rest)
4409.86,0.0,3.711,26.53139,9735,R,pulsed load (rest)
4410.86,0.0,3.711,26.53139,9735,R,pulsed load (rest)
4411.86,0.0,3.711,26.53139,9735,R,pulsed load (rest)
4412.86,0.0,3.711,26.51582,9735,R,pulsed load (rest)
4413.86,0.0,3.711,26.51582,9735,R,pulsed load (rest)
4414.86,0.0,3.711,26.51582,9735,R,pulsed load (rest)
4415.86,0.0,3.712,26.51582,9735,R,pulsed load (rest)
4416.86,0.0,3.712,26.51582,9735,R,pulsed load (rest)
4417.86,0.0,3.712,26.50025,9735,R,pulsed load (rest)
4418.86,0.0,3.712,26.50025,9735,R,pulsed load (rest)
4419.86,0.0,3.712,26.50025,9735,R,pulsed load (rest)
4420.86,0.0,3.712,26.50025,9735,R,pulsed load (rest)
4421.86,0.0,3.712,26.50025,9735,R,pulsed load (rest)
4422.86,0.0,3.712,26.50025,9735,R,pulsed load (rest)
4423.86,0.0,3.712,26.48469,9735,R,pulsed load (rest)
4424.86,0.0,3.712,26.48469,9735,R,pulsed load (rest)
4425.86,0.0,3.713,26.48469,9735,R,pulsed load (rest)
4426.86,0.0,3.713,26.48469,9735,R,pulsed load (rest)
4427.86,0.0,3.713,26.48469,9735,R,pulsed load (rest)
4428.86,0.0,3.713,26.48469,9735,R,pulsed load (rest)
4429.86,0.0,3.713,26.48469,9735,R,pulsed load (rest)
4430.86,0.0,3.713,26.48469,9735,R,pulsed load (rest)
4431.86,0.0,3.713,26.46912,9735,R,pulsed load (rest)
4432.86,0.0,3.713,26.46912,9735,R,pulsed load (rest)
4433.86,0.0,3.713,26.46912,9735,R,pulsed load (rest)
4434.86,0.0,3.713,26.46912,9735,R,pulsed load (rest)
4435.86,0.0,3.714,26.46912,9735,R,pulsed load (rest)
4436.86,0.0,3.714,26.46912,9735,R,pulsed load (rest)
4437.86,0.0,3.714,26.45355,9735,R,pulsed load (rest)
4438.86,0.0,3.714,26.45355,9735,R,pulsed load (rest)
4439.86,0.0,3.714,26.45355,9735,R,pulsed load (rest)
4440.86,0.0,3.714,26.45355,9735,R,pulsed load (rest)
4441.86,0.0,3.714,26.45355,9735,R,pulsed load (rest)
4442.86,0.0,3.714,26.45355,9735,R,pulsed load (rest)
4443.86,0.0,3.714,26.45355,9735,R,pulsed load (rest)
4444.86,0.0,3.714,26.45355,9735,R,pulsed load (rest)
4445.86,0.0,3.715,26.45355,9735,R,pulsed load (rest)
4446.86,0.0,3.715,26.45355,9735,R,pulsed load (rest)
4447.86,0.0,3.715,26.43798,9735,R,pulsed load (rest)
4448.86,0.0,3.715,26.43798,9735,R,pulsed load (rest)
4449.86,0.0,3.715,26.43798,9735,R,pulsed load (rest)
4450.86,0.0,3.715,26.43798,9735,R,pulsed load (rest)
4451.86,0.0,3.715,26.43798,9735,R,pulsed load (rest)
4452.86,0.0,3.715,26.43798,9735,R,pulsed load (rest)
4453.86,0.0,3.715,26.42242,9735,R,pulsed load (rest)
4454.86,0.0,3.715,26.42242,9735,R,pulsed load (rest)
4455.86,0.0,3.715,26.42242,9735,R,pulsed load (rest)
4456.86,0.0,3.715,26.42242,9735,R,pulsed load (rest)
4457.86,0.0,3.715,26.42242,9735,R,pulsed load (rest)
4458.86,0.0,3.716,26.42242,9735,R,pulsed load (rest)
4459.86,0.0,3.716,26.42242,9735,R,pulsed load (rest)
4460.86,0.0,3.716,26.42242,9735,R,pulsed load (rest)
4461.86,0.0,3.716,26.42242,9735,R,pulsed load (rest)
4462.86,0.0,3.716,26.40685,9735,R,pulsed load (rest)
4463.86,0.0,3.716,26.40685,9735,R,pulsed load (rest)
4464.86,0.0,3.716,26.40685,9735,R,pulsed load (rest)
4465.86,0.0,3.716,26.40685,9735,R,pulsed load (rest)
4466.86,0.0,3.716,26.39129,9735,R,pulsed load (rest)
4467.86,0.0,3.716,26.39129,9735,R,pulsed load (rest)
4468.86,0.0,3.716,26.39129,9735,R,pulsed load (rest)
4469.86,0.0,3.716,26.39129,9735,R,pulsed load (rest)
4470.86,0.0,3.717,26.39129,9735,R,pulsed load (rest)
4471.86,0.0,3.717,26.37572,9735,R,pulsed load (rest)
4472.86,0.0,3.717,26.37572,9735,R,pulsed load (rest)
4473.86,0.0,3.717,26.37572,9735,R,pulsed load (rest)
4474.86,0.0,3.717,26.37572,9735,R,pulsed load (rest)
4475.86,0.0,3.717,26.37572,9735,R,pulsed load (rest)
4476.86,0.0,3.717,26.36015,9735,R,pulsed load (rest)
4477.86,0.0,3.717,26.36015,9735,R,pulsed load (rest)
4478.86,0.0,3.717,26.36015,9735,R,pulsed load (rest)
4479.86,0.0,3.717,26.36015,9735,R,pulsed load (rest)
4480.86,0.0,3.717,26.34459,9735,R,pulsed load (rest)
4481.86,0.0,3.717,26.34459,9735,R,pulsed load (rest)
4482.86,0.0,3.718,26.34459,9735,R,pulsed load (rest)
4483.86,0.0,3.718,26.34459,9735,R,pulsed load (rest)
4484.86,0.0,3.718,26.34459,9735,R,pulsed load (rest)
4485.86,0.0,3.718,26.34459,9735,R,pulsed load (rest)
4486.86,0.0,3.718,26.34459,9735,R,pulsed load (rest)
4487.86,0.0,3.718,26.34459,9735,R,pulsed load (rest)
4488.86,0.0,3.718,26.34459,9735,R,pulsed load (rest)
4489.86,0.0,3.718,26.34459,9735,R,pulsed load (rest)
4490.86,0.0,3.718,26.34459,9735,R,pulsed load (rest)
4491.86,0.0,3.718,26.34459,9735,R,pulsed load (rest)
4492.86,0.0,3.718,26.34459,9735,R,pulsed load (rest)
4493.86,0.0,3.718,26.34459,9735,R,pulsed load (rest)
4494.86,0.0,3.718,26.34459,9735,R,pulsed load (rest)
4495.86,0.0,3.718,26.34459,9735,R,pulsed load (rest)
4496.86,0.0,3.718,26.34459,9735,R,pulsed load (rest)
4497.86,0.0,3.719,26.34459,9735,R,pulsed load (rest)
4498.86,0.0,3.719,26.34459,9735,R,pulsed load (rest)
4499.86,0.0,3.719,26.34459,9735,R,pulsed load (rest)
4500.86,0.0,3.719,26.32902,9735,R,pulsed load (rest)
4501.86,0.0,3.719,26.32902,9735,R,pulsed load (rest)
4502.86,0.0,3.719,26.32902,9735,R,pulsed load (rest)
4503.86,0.0,3.719,26.32902,9735,R,pulsed load (rest)
4504.86,0.0,3.719,26.32902,9735,R,pulsed load (rest)
4505.86,0.0,3.719,26.32902,9735,R,pulsed load (rest)
4506.86,0.0,3.719,26.31345,9735,R,pulsed load (rest)
4507.86,0.0,3.719,26.31345,9735,R,pulsed load (rest)
4508.86,0.0,3.719,26.31345,9735,R,pulsed load (rest)
4509.86,0.0,3.719,26.31345,9735,R,pulsed load (rest)
4510.86,0.0,3.72,26.29789,9735,R,pulsed load (rest)
4511.86,0.0,3.72,26.29789,9735,R,pulsed load (rest)
4512.86,0.0,3.72,26.29789,9735,R,pulsed load (rest)
4513.86,0.0,3.72,26.29789,9735,R,pulsed load (rest)
4514.86,0.0,3.72,26.29789,9735,R,pulsed load (rest)
4515.86,0.0,3.72,26.29789,9735,R,pulsed load (rest)
4516.86,0.0,3.72,26.28232,9735,R,pulsed load (rest)
4517.86,0.0,3.72,26.28232,9735,R,pulsed load (rest)
4518.86,0.0,3.72,26.28232,9735,R,pulsed load (rest)
4519.86,0.0,3.72,26.28232,9735,R,pulsed load (rest)
4520.86,0.0,3.72,26.28232,9735,R,pulsed load (rest)
4521.86,0.0,3.72,26.28232,9735,R,pulsed load (rest)
4522.86,0.0,3.72,26.28232,9735,R,pulsed load (rest)
4523.86,0.0,3.72,26.28232,9735,R,pulsed load (rest)
4524.86,0.0,3.72,26.28232,9735,R,pulsed load (rest)
4525.86,0.0,3.72,26.26675,9735,R,pulsed load (rest)
4526.86,0.0,3.72,26.26675,9735,R,pulsed load (rest)
4527.86,0.0,3.721,26.26675,9735,R,pulsed load (rest)
4528.86,0.0,3.721,26.26675,9735,R,pulsed load (rest)
4529.86,0.0,3.721,26.25119,9735,R,pulsed load (rest)
4530.86,0.0,3.721,26.25119,9735,R,pulsed load (rest)
4531.86,0.0,3.721,26.25119,9735,R,pulsed load (rest)
4532.86,0.0,3.721,26.25119,9735,R,pulsed load (rest)
4533.86,0.0,3.721,26.23562,9735,R,pulsed load (rest)
4534.86,0.0,3.721,26.23562,9735,R,pulsed load (rest)
4535.86,0.0,3.721,26.23562,9735,R,pulsed load (rest)
4536.86,0.0,3.721,26.23562,9735,R,pulsed load (rest)
4537.86,0.0,3.721,26.23562,9735,R,pulsed load (rest)
4538.86,0.0,3.721,26.23562,9735,R,pulsed load (rest)
4539.86,0.0,3.721,26.23562,9735,R,pulsed load (rest)
4540.86,0.0,3.721,26.23562,9735,R,pulsed load (rest)
4541.86,0.0,3.721,26.23562,9735,R,pulsed load (rest)
4542.86,0.0,3.721,26.23562,9735,R,pulsed load (rest)
4543.86,0.0,3.721,26.23562,9735,R,pulsed load (rest)
4544.86,0.0,3.722,26.23562,9735,R,pulsed load (rest)
4545.86,0.0,3.722,26.23562,9735,R,pulsed load (rest)
4546.86,0.0,3.722,26.22005,9735,R,pulsed load (rest)
4547.86,0.0,3.722,26.22005,9735,R,pulsed load (rest)
4548.86,0.0,3.722,26.22005,9735,R,pulsed load (rest)
4549.86,0.0,3.722,26.22005,9735,R,pulsed load (rest)
4550.86,0.0,3.722,26.22005,9735,R,pulsed load (rest)
4551.86,0.0,3.722,26.22005,9735,R,pulsed load (rest)
4552.86,0.0,3.722,26.22005,9735,R,pulsed load (rest)
4553.86,0.0,3.722,26.22005,9735,R,pulsed load (rest)
4554.86,0.0,3.722,26.22005,9735,R,pulsed load (rest)
4555.86,0.0,3.722,26.22005,9735,R,pulsed load (rest)
4556.86,0.0,3.722,26.22005,9735,R,pulsed load (rest)
4557.86,0.0,3.722,26.22005,9735,R,pulsed load (rest)
4558.86,0.0,3.722,26.22005,9735,R,pulsed load (rest)
4559.86,0.0,3.722,26.20448,9735,R,pulsed load (rest)
4560.86,0.0,3.722,26.20448,9735,R,pulsed load (rest)
4561.86,0.0,3.722,26.18892,9735,R,pulsed load (rest)
4562.86,0.0,3.722,26.18892,9735,R,pulsed load (rest)
4563.86,0.0,3.723,26.18892,9735,R,pulsed load (rest)
4564.86,0.0,3.723,26.18892,9735,R,pulsed load (rest)
4565.86,0.0,3.723,26.18892,9735,R,pulsed load (rest)
4566.86,0.0,3.723,26.18892,9735,R,pulsed load (rest)
4567.86,0.0,3.723,26.18892,9735,R,pulsed load (rest)
4568.86,0.0,3.723,26.18892,9735,R,pulsed load (rest)
4569.86,0.0,3.723,26.18892,9735,R,pulsed load (rest)
4570.86,0.0,3.723,26.18892,9735,R,pulsed load (rest)
4571.86,0.0,3.723,26.18892,9735,R,pulsed load (rest)
4572.86,0.0,3.723,26.18892,9735,R,pulsed load (rest)
4573.86,0.0,3.723,26.18892,9735,R,pulsed load (rest)
4574.86,0.0,3.723,26.18892,9735,R,pulsed load (rest)
4575.86,0.0,3.723,26.18892,9735,R,pulsed load (rest)
4576.86,0.0,3.723,26.17335,9735,R,pulsed load (rest)
4577.86,0.0,3.723,26.17335,9735,R,pulsed load (rest)
4578.86,0.0,3.723,26.17335,9735,R,pulsed load (rest)
4579.86,0.0,3.723,26.17335,9735,R,pulsed load (rest)
4580.86,0.0,3.723,26.17335,9735,R,pulsed load (rest)
4581.86,0.0,3.723,26.17335,9735,R,pulsed load (rest)
4582.86,0.0,3.723,26.17335,9735,R,pulsed load (rest)
4583.86,0.0,3.724,26.17335,9735,R,pulsed load (rest)
4584.86,0.0,3.724,26.17335,9735,R,pulsed load (rest)
4585.86,0.0,3.724,26.17335,9735,R,pulsed load (rest)
4586.86,0.0,3.724,26.15779,9735,R,pulsed load (rest)
4587.86,0.0,3.724,26.15779,9735,R,pulsed load (rest)
4588.86,0.0,3.724,26.15779,9735,R,pulsed load (rest)
4589.86,0.0,3.724,26.15779,9735,R,pulsed load (rest)
4590.86,0.0,3.724,26.15779,9735,R,pulsed load (rest)
4591.86,0.0,3.724,26.15779,9735,R,pulsed load (rest)
4592.86,0.0,3.724,26.15779,9735,R,pulsed load (rest)
4593.86,0.0,3.724,26.15779,9735,R,pulsed load (rest)
4594.86,0.0,3.724,26.14222,9735,R,pulsed load (rest)
4595.86,0.0,3.724,26.14222,9735,R,pulsed load (rest)
4596.86,0.0,3.724,26.14222,9735,R,pulsed load (rest)
4597.86,0.0,3.724,26.14222,9735,R,pulsed load (rest)
4598.86,0.0,3.724,26.14222,9735,R,pulsed load (rest)
4599.86,0.0,3.724,26.14222,9735,R,pulsed load (rest)
4600.86,0.0,3.724,26.12665,9735,R,pulsed load (rest)
4601.86,0.0,3.724,26.12665,9735,R,pulsed load (rest)
4602.86,0.0,3.724,26.12665,9735,R,pulsed load (rest)
4603.86,0.0,3.724,26.12665,9735,R,pulsed load (rest)
4604.86,0.0,3.724,26.11109,9735,R,pulsed load (rest)
4605.86,0.0,3.724,26.12665,9735,R,pulsed load (rest)
4606.86,0.0,3.725,26.12665,9735,R,pulsed load (rest)
4607.86,0.0,3.725,26.12665,9735,R,pulsed load (rest)
4608.86,0.0,3.725,26.12665,9735,R,pulsed load (rest)
4609.86,0.0,3.725,26.12665,9735,R,pulsed load (rest)
4610.86,0.0,3.725,26.12665,9735,R,pulsed load (rest)
4611.86,0.0,3.725,26.12665,9735,R,pulsed load (rest)
4612.86,0.0,3.725,26.11109,9735,R,pulsed load (rest)
4613.86,0.0,3.725,26.11109,9735,R,pulsed load (rest)
4614.86,0.0,3.725,26.11109,9735,R,pulsed load (rest)
4615.86,0.0,3.725,26.11109,9735,R,pulsed load (rest)
4616.86,0.0,3.725,26.11109,9735,R,pulsed load (rest)
4617.86,0.0,3.725,26.11109,9735,R,pulsed load (rest)
4618.86,0.0,3.725,26.11109,9735,R,pulsed load (rest)
4619.86,0.0,3.725,26.11109,9735,R,pulsed load (rest)
4620.86,0.0,3.725,26.11109,9735,R,pulsed load (rest)
4621.86,0.0,3.725,26.11109,9735,R,pulsed load (rest)
4622.86,0.0,3.725,26.11109,9735,R,pulsed load (rest)
4623.86,0.0,3.725,26.11109,9735,R,pulsed load (rest)
4624.86,0.0,3.725,26.11109,9735,R,pulsed load (rest)
4625.86,0.0,3.725,26.11109,9735,R,pulsed load (rest)
4626.86,0.0,3.725,26.11109,9735,R,pulsed load (rest)
4627.86,0.0,3.726,26.11109,9735,R,pulsed load (rest)
4628.86,0.0,3.726,26.09552,9735,R,pulsed load (rest)
4629.86,0.0,3.726,26.09552,9735,R,pulsed load (rest)
4630.86,0.0,3.725,26.09552,9735,R,pulsed load (rest)
4631.86,0.0,3.726,26.09552,9735,R,pulsed load (rest)
4632.86,0.0,3.726,26.09552,9735,R,pulsed load (rest)
4633.86,0.0,3.726,26.09552,9735,R,pulsed load (rest)
4634.86,0.0,3.726,26.07995,9735,R,pulsed load (rest)
4635.86,0.0,3.726,26.09552,9735,R,pulsed load (rest)
4636.86,0.0,3.726,26.09552,9735,R,pulsed load (rest)
4637.86,0.0,3.726,26.09552,9735,R,pulsed load (rest)
4638.86,0.0,3.726,26.07995,9735,R,pulsed load (rest)
4639.86,0.0,3.726,26.07995,9735,R,pulsed load (rest)
4640.86,0.0,3.726,26.07995,9735,R,pulsed load (rest)
4641.86,0.0,3.726,26.07995,9735,R,pulsed load (rest)
4642.86,0.0,3.726,26.07995,9735,R,pulsed load (rest)
4643.86,0.0,3.726,26.07995,9735,R,pulsed load (rest)
4644.86,0.0,3.726,26.07995,9735,R,pulsed load (rest)
4645.86,0.0,3.726,26.07995,9735,R,pulsed load (rest)
4646.86,0.0,3.726,26.07995,9735,R,pulsed load (rest)
4647.86,0.0,3.726,26.07995,9735,R,pulsed load (rest)
4648.86,0.0,3.726,26.07995,9735,R,pulsed load (rest)
4649.86,0.0,3.726,26.06439,9735,R,pulsed load (rest)
4650.86,0.0,3.726,26.06439,9735,R,pulsed load (rest)
4651.86,0.0,3.726,26.07995,9735,R,pulsed load (rest)
4652.86,0.0,3.726,26.06439,9735,R,pulsed load (rest)
4653.86,0.0,3.727,26.07995,9735,R,pulsed load (rest)
4654.86,0.0,3.726,26.07995,9735,R,pulsed load (rest)
4655.86,0.0,3.727,26.07995,9735,R,pulsed load (rest)
4656.86,0.0,3.727,26.07995,9735,R,pulsed load (rest)
4657.86,0.0,3.727,26.06439,9735,R,pulsed load (rest)
4658.86,0.0,3.727,26.06439,9735,R,pulsed load (rest)
4659.86,0.0,3.727,26.06439,9735,R,pulsed load (rest)
4660.86,0.0,3.727,26.06439,9735,R,pulsed load (rest)
4661.86,0.0,3.727,26.07995,9735,R,pulsed load (rest)
4662.86,0.0,3.727,26.07995,9735,R,pulsed load (rest)
4663.86,0.0,3.727,26.06439,9735,R,pulsed load (rest)
4664.86,0.0,3.727,26.06439,9735,R,pulsed load (rest)
4665.86,0.0,3.727,26.06439,9735,R,pulsed load (rest)
4666.86,0.0,3.727,26.06439,9735,R,pulsed load (rest)
4667.86,0.0,3.727,26.15779,9735,R,pulsed load (rest)
4668.86,0.0,3.727,26.15779,9735,R,pulsed load (rest)
4669.86,0.0,3.727,26.15779,9735,R,pulsed load (rest)
4670.86,0.0,3.727,26.15779,9735,R,pulsed load (rest)
4671.86,0.0,3.727,26.14222,9735,R,pulsed load (rest)
4672.86,0.0,3.727,26.14222,9735,R,pulsed load (rest)
4673.86,0.0,3.727,26.14222,9735,R,pulsed load (rest)
4674.86,0.0,3.727,26.12665,9735,R,pulsed load (rest)
4675.86,0.0,3.727,26.01768,9735,R,pulsed load (rest)
4676.86,0.0,3.727,26.01768,9735,R,pulsed load (rest)
4677.86,0.0,3.727,26.00212,9735,R,pulsed load (rest)
4678.86,0.0,3.727,26.01768,9735,R,pulsed load (rest)
4679.86,0.0,3.727,26.00212,9735,R,pulsed load (rest)
4680.86,0.0,3.727,26.01768,9735,R,pulsed load (rest)
4681.86,0.0,3.728,26.00212,9735,R,pulsed load (rest)
4682.86,0.0,3.727,26.00212,9735,R,pulsed load (rest)
4683.86,0.0,3.728,26.00212,9735,R,pulsed load (rest)
4684.86,0.0,3.728,25.98655,9735,R,pulsed load (rest)
4685.86,0.0,3.728,25.98655,9735,R,pulsed load (rest)
4686.86,0.0,3.728,25.98655,9735,R,pulsed load (rest)
4687.86,0.0,3.728,25.98655,9735,R,pulsed load (rest)
4688.86,0.0,3.728,25.98655,9735,R,pulsed load (rest)
4689.86,0.0,3.728,25.98655,9735,R,pulsed load (rest)
4690.86,0.0,3.728,26.00212,9735,R,pulsed load (rest)
4691.86,0.0,3.728,25.98655,9735,R,pulsed load (rest)
4692.86,0.0,3.728,25.98655,9735,R,pulsed load (rest)
4693.86,0.0,3.728,25.98655,9735,R,pulsed load (rest)
4694.86,0.0,3.728,25.98655,9735,R,pulsed load (rest)
4695.86,0.0,3.728,25.98655,9735,R,pulsed load (rest)
4696.86,0.0,3.728,25.97099,9735,R,pulsed load (rest)
4697.86,0.0,3.728,25.97099,9735,R,pulsed load (rest)
4698.86,0.0,3.728,25.97099,9735,R,pulsed load (rest)
4699.86,0.0,3.728,25.97099,9735,R,pulsed load (rest)
4700.86,0.0,3.728,25.97099,9735,R,pulsed load (rest)
4701.86,0.0,3.728,25.97099,9735,R,pulsed load (rest)
4702.86,0.0,3.728,25.97099,9735,R,pulsed load (rest)
4703.86,0.0,3.728,25.97099,9735,R,pulsed load (rest)
4704.86,0.0,3.728,25.95542,9735,R,pulsed load (rest)
4705.86,0.0,3.728,25.95542,9735,R,pulsed load (rest)
4706.86,0.0,3.728,25.95542,9735,R,pulsed load (rest)
4707.86,0.0,3.728,25.95542,9735,R,pulsed load (rest)
4708.86,0.0,3.728,25.95542,9735,R,pulsed load (rest)
4709.86,0.0,3.728,25.95542,9735,R,pulsed load (rest)
4710.86,0.0,3.728,25.95542,9735,R,pulsed load (rest)
4711.86,0.0,3.728,25.95542,9735,R,pulsed load (rest)
4712.86,0.0,3.728,25.95542,9735,R,pulsed load (rest)
4713.86,0.0,3.729,25.95542,9735,R,pulsed load (rest)
4714.86,0.0,3.729,25.93985,9735,R,pulsed load (rest)
4715.86,0.0,3.729,25.93985,9735,R,pulsed load (rest)
4716.86,0.0,3.729,25.92429,9735,R,pulsed load (rest)
4717.86,0.0,3.729,25.92429,9735,R,pulsed load (rest)
4718.86,0.0,3.729,25.93985,9735,R,pulsed load (rest)
4719.86,0.0,3.729,25.93985,9735,R,pulsed load (rest)
4720.86,0.0,3.729,25.93985,9735,R,pulsed load (rest)
4721.86,0.0,3.729,25.93985,9735,R,pulsed load (rest)
4722.86,0.0,3.729,25.93985,9735,R,pulsed load (rest)
4723.86,0.0,3.729,25.92429,9735,R,pulsed load (rest)
4724.86,0.0,3.729,25.92429,9735,R,pulsed load (rest)
4725.86,0.0,3.729,25.92429,9735,R,pulsed load (rest)
4726.86,0.0,3.729,25.92429,9735,R,pulsed load (rest)
4727.86,0.0,3.729,25.92429,9735,R,pulsed load (rest)
4728.86,0.0,3.729,25.92429,9735,R,pulsed load (rest)
4729.86,0.0,3.729,25.92429,9735,R,pulsed load (rest)
4730.86,0.0,3.729,25.90872,9735,R,pulsed load (rest)
4731.86,0.0,3.729,25.90872,9735,R,pulsed load (rest)
4732.86,0.0,3.729,25.90872,9735,R,pulsed load (rest)
4733.86,0.0,3.729,25.89315,9735,R,pulsed load (rest)
4734.86,0.0,3.729,25.89315,9735,R,pulsed load (rest)
4735.86,0.0,3.729,25.89315,9735,R,pulsed load (rest)
4736.86,0.0,3.729,25.89315,9735,R,pulsed load (rest)
4737.86,0.0,3.729,25.89315,9735,R,pulsed load (rest)
4738.86,0.0,3.729,25.89315,9735,R,pulsed load (rest)
4739.86,0.0,3.729,25.87759,9735,R,pulsed load (rest)
4740.86,0.0,3.729,25.87759,9735,R,pulsed load (rest)
4741.86,0.0,3.729,25.87759,9735,R,pulsed load (rest)
4742.86,0.0,3.729,25.87759,9735,R,pulsed load (rest)
4743.86,0.0,3.729,25.87759,9735,R,pulsed load (rest)
4744.86,0.0,3.729,25.86202,9735,R,pulsed load (rest)
4745.86,0.0,3.729,25.86202,9735,R,pulsed load (rest)
4746.86,0.0,3.73,25.86202,9735,R,pulsed load (rest)
4747.86,0.0,3.73,25.86202,9735,R,pulsed load (rest)
4748.86,0.0,3.73,25.86202,9735,R,pulsed load (rest)
4749.86,0.0,3.73,25.86202,9735,R,pulsed load (rest)
4750.86,0.0,3.73,25.86202,9735,R,pulsed load (rest)
4751.86,0.0,3.73,25.84645,9735,R,pulsed load (rest)
4752.86,0.0,3.73,25.84645,9735,R,pulsed load (rest)
4753.86,0.0,3.73,25.84645,9735,R,pulsed load (rest)
4754.86,0.0,3.73,25.84645,9735,R,pulsed load (rest)
4755.86,0.0,3.73,25.84645,9735,R,pulsed load (rest)
4756.86,0.0,3.73,25.84645,9735,R,pulsed load (rest)
4757.86,0.0,3.73,25.84645,9735,R,pulsed load (rest)
4758.86,0.0,3.73,25.84645,9735,R,pulsed load (rest)
4759.86,0.0,3.73,25.84645,9735,R,pulsed load (rest)
4760.86,0.0,3.73,25.84645,9735,R,pulsed load (rest)
4761.86,0.0,3.73,25.83088,9735,R,pulsed load (rest)
4762.86,0.0,3.73,25.83088,9735,R,pulsed load (rest)
4763.86,0.0,3.73,25.83088,9735,R,pulsed load (rest)
4764.86,0.0,3.73,25.83088,9735,R,pulsed load (rest)
4765.86,0.0,3.73,25.83088,9735,R,pulsed load (rest)
4766.86,0.0,3.73,25.83088,9735,R,pulsed load (rest)
4767.86,0.0,3.73,25.81532,9735,R,pulsed load (rest)
4768.86,0.0,3.73,25.81532,9735,R,pulsed load (rest)
4769.86,0.0,3.73,25.81532,9735,R,pulsed load (rest)
4770.86,0.0,3.73,25.81532,9735,R,pulsed load (rest)
4771.86,0.0,3.73,25.81532,9735,R,pulsed load (rest)
4772.86,0.0,3.73,25.81532,9735,R,pulsed load (rest)
4773.86,0.0,3.73,25.81532,9735,R,pulsed load (rest)
4774.86,0.0,3.73,25.81532,9735,R,pulsed load (rest)
4775.86,0.0,3.73,25.79975,9735,R,pulsed load (rest)
4776.86,0.0,3.73,25.79975,9735,R,pulsed load (rest)
4777.86,0.0,3.73,25.79975,9735,R,pulsed load (rest)
4778.86,0.0,3.73,25.79975,9735,R,pulsed load (rest)
4779.86,0.0,3.731,25.78419,9735,R,pulsed load (rest)
4780.86,0.0,3.731,25.78419,9735,R,pulsed load (rest)
4781.86,0.0,3.73,25.78419,9735,R,pulsed load (rest)
4782.86,0.0,3.731,25.78419,9735,R,pulsed load (rest)
4783.86,0.0,3.731,25.78419,9735,R,pulsed load (rest)
4784.86,0.0,3.731,25.76862,9735,R,pulsed load (rest)
4785.86,0.0,3.731,25.76862,9735,R,pulsed load (rest)
4786.86,0.0,3.731,25.76862,9735,R,pulsed load (rest)
4787.86,0.0,3.731,25.76862,9735,R,pulsed load (rest)
4788.86,0.0,3.731,25.76862,9735,R,pulsed load (rest)
4789.86,0.0,3.731,25.76862,9735,R,pulsed load (rest)
4790.86,0.0,3.731,25.78419,9735,R,pulsed load (rest)
4791.86,0.0,3.731,25.78419,9735,R,pulsed load (rest)
4792.86,0.0,3.731,25.76862,9735,R,pulsed load (rest)
4793.86,0.0,3.731,25.76862,9735,R,pulsed load (rest)
4794.86,0.0,3.731,25.76862,9735,R,pulsed load (rest)
4795.86,0.0,3.731,25.76862,9735,R,pulsed load (rest)
4796.86,0.0,3.731,25.76862,9735,R,pulsed load (rest)
4797.86,0.0,3.731,25.76862,9735,R,pulsed load (rest)
4798.86,0.0,3.731,25.76862,9735,R,pulsed load (rest)
4799.86,0.0,3.731,25.76862,9735,R,pulsed load (rest)
4800.86,0.0,3.731,25.76862,9735,R,pulsed load (rest)
4801.86,0.0,3.731,25.76862,9735,R,pulsed load (rest)
4802.86,0.0,3.731,25.75305,9735,R,pulsed load (rest)
4803.86,0.0,3.731,25.75305,9735,R,pulsed load (rest)
4804.86,0.0,3.731,25.75305,9735,R,pulsed load (rest)
4805.86,0.0,3.731,25.75305,9735,R,pulsed load (rest)
4806.86,0.0,3.731,25.75305,9735,R,pulsed load (rest)
4807.86,0.0,3.731,25.75305,9735,R,pulsed load (rest)
4808.86,0.0,3.731,25.75305,9735,R,pulsed load (rest)
4809.86,0.0,3.731,25.75305,9735,R,pulsed load (rest)
4810.86,0.0,3.731,25.75305,9735,R,pulsed load (rest)
4811.86,0.0,3.731,25.75305,9735,R,pulsed load (rest)
4812.86,0.0,3.731,25.75305,9735,R,pulsed load (rest)
4813.86,0.0,3.731,25.75305,9735,R,pulsed load (rest)
4814.86,0.0,3.731,25.75305,9735,R,pulsed load (rest)
4815.86,0.0,3.731,25.75305,9735,R,pulsed load (rest)
4816.86,0.0,3.731,25.75305,9735,R,pulsed load (rest)
4817.86,0.0,3.731,25.75305,9735,R,pulsed load (rest)
4818.86,0.0,3.732,25.75305,9735,R,pulsed load (rest)
4819.86,0.0,3.731,25.75305,9735,R,pulsed load (rest)
4820.86,0.0,3.732,25.75305,9735,R,pulsed load (rest)
4821.86,0.0,3.731,25.75305,9735,R,pulsed load (rest)
4822.86,0.0,3.732,25.76862,9735,R,pulsed load (rest)
4823.86,0.0,3.732,25.76862,9735,R,pulsed load (rest)
4824.86,0.0,3.732,25.75305,9735,R,pulsed load (rest)
4825.86,0.0,3.732,25.75305,9735,R,pulsed load (rest)
4826.86,0.0,3.732,25.75305,9735,R,pulsed load (rest)
4827.86,0.0,3.732,25.75305,9735,R,pulsed load (rest)
4828.86,0.0,3.732,25.75305,9735,R,pulsed load (rest)
4829.86,0.0,3.732,25.75305,9735,R,pulsed load (rest)
4830.86,0.0,3.732,25.75305,9735,R,pulsed load (rest)
4831.86,0.0,3.732,25.75305,9735,R,pulsed load (rest)
4832.86,0.0,3.732,25.75305,9735,R,pulsed load (rest)
4833.86,0.0,3.732,25.75305,9735,R,pulsed load (rest)
4834.86,0.0,3.732,25.73748,9735,R,pulsed load (rest)
4835.86,0.0,3.732,25.73748,9735,R,pulsed load (rest)
4836.86,0.0,3.732,25.75305,9735,R,pulsed load (rest)
4837.86,0.0,3.732,25.75305,9735,R,pulsed load (rest)
4838.86,0.0,3.732,25.73748,9735,R,pulsed load (rest)
4839.86,0.0,3.732,25.75305,9735,R,pulsed load (rest)
4840.86,0.0,3.732,25.73748,9735,R,pulsed load (rest)
4841.86,0.0,3.732,25.73748,9735,R,pulsed load (rest)
4842.86,0.0,3.732,25.73748,9735,R,pulsed load (rest)
4843.86,0.0,3.732,25.75305,9735,R,pulsed load (rest)
4844.86,0.0,3.732,25.75305,9735,R,pulsed load (rest)
4845.86,0.0,3.732,25.75305,9735,R,pulsed load (rest)
4846.86,0.0,3.732,25.75305,9735,R,pulsed load (rest)
4847.86,0.0,3.732,25.75305,9735,R,pulsed load (rest)
4848.86,0.0,3.732,25.73748,9735,R,pulsed load (rest)
4849.86,0.0,3.732,25.73748,9735,R,pulsed load (rest)
4850.86,0.0,3.732,25.75305,9735,R,pulsed load (rest)
4851.86,0.0,3.732,25.73748,9735,R,pulsed load (rest)
4852.86,0.0,3.732,25.73748,9735,R,pulsed load (rest)
4853.86,0.0,3.732,25.73748,9735,R,pulsed load (rest)
4854.86,0.0,3.732,25.73748,9735,R,pulsed load (rest)
4855.86,0.0,3.732,25.73748,9735,R,pulsed load (rest)
4856.86,0.0,3.732,25.75305,9735,R,pulsed load (rest)
4857.86,0.0,3.732,25.73748,9735,R,pulsed load (rest)
4858.86,0.0,3.732,25.73748,9735,R,pulsed load (rest)
4859.86,0.0,3.732,25.73748,9735,R,pulsed load (rest)
4860.86,0.0,3.732,25.73748,9735,R,pulsed load (rest)
4861.86,0.0,3.732,25.73748,9735,R,pulsed load (rest)
4862.86,0.0,3.733,25.72192,9735,R,pulsed load (rest)
4863.86,0.0,3.733,25.72192,9735,R,pulsed load (rest)
4864.86,0.0,3.733,25.72192,9735,R,pulsed load (rest)
4865.86,0.0,3.733,25.72192,9735,R,pulsed load (rest)
4866.86,0.0,3.733,25.72192,9735,R,pulsed load (rest)
4867.86,0.0,3.733,25.72192,9735,R,pulsed load (rest)
4868.86,0.0,3.733,25.72192,9735,R,pulsed load (rest)
4869.86,0.0,3.733,25.72192,9735,R,pulsed load (rest)
4870.86,0.0,3.733,25.72192,9735,R,pulsed load (rest)
4871.86,0.0,3.733,25.72192,9735,R,pulsed load (rest)
4872.86,0.0,3.733,25.72192,9735,R,pulsed load (rest)
4873.86,0.0,3.733,25.72192,9735,R,pulsed load (rest)
4874.86,0.0,3.733,25.72192,9735,R,pulsed load (rest)
4875.86,0.0,3.733,25.72192,9735,R,pulsed load (rest)
4876.86,0.0,3.733,25.72192,9735,R,pulsed load (rest)
4877.86,0.0,3.733,25.72192,9735,R,pulsed load (rest)
4878.86,0.0,3.733,25.72192,9735,R,pulsed load (rest)
4879.86,0.0,3.733,25.72192,9735,R,pulsed load (rest)
4880.86,0.0,3.733,25.72192,9735,R,pulsed load (rest)
4881.86,0.0,3.733,25.72192,9735,R,pulsed load (rest)
4882.86,0.0,3.733,25.72192,9735,R,pulsed load (rest)
4883.86,0.0,3.733,25.72192,9735,R,pulsed load (rest)
4884.86,0.0,3.733,25.72192,9735,R,pulsed load (rest)
4885.86,0.0,3.733,25.70635,9735,R,pulsed load (rest)
4886.86,0.0,3.733,25.70635,9735,R,pulsed load (rest)
4887.86,0.0,3.733,25.70635,9735,R,pulsed load (rest)
4888.86,0.0,3.733,25.70635,9735,R,pulsed load (rest)
4889.86,0.0,3.733,25.70635,9735,R,pulsed load (rest)
4890.86,0.0,3.733,25.70635,9735,R,pulsed load (rest)
4891.86,0.0,3.733,25.72192,9735,R,pulsed load (rest)
4892.86,0.0,3.733,25.72192,9735,R,pulsed load (rest)
4893.86,0.0,3.733,25.72192,9735,R,pulsed load (rest)
4894.86,0.0,3.733,25.72192,9735,R,pulsed load (rest)
4895.86,0.0,3.733,25.72192,9735,R,pulsed load (rest)
4896.86,0.0,3.733,25.72192,9735,R,pulsed load (rest)
4897.86,0.0,3.733,25.70635,9735,R,pulsed load (rest)
4898.86,0.0,3.733,25.70635,9735,R,pulsed load (rest)
4899.86,0.0,3.733,25.70635,9735,R,pulsed load (rest)
4900.86,0.0,3.733,25.70635,9735,R,pulsed load (rest)
4901.86,0.0,3.733,25.70635,9735,R,pulsed load (rest)
4902.86,0.0,3.733,25.70635,9735,R,pulsed load (rest)
4903.86,0.0,3.733,25.70635,9735,R,pulsed load (rest)
4904.86,0.0,3.733,25.70635,9735,R,pulsed load (rest)
4905.86,0.0,3.734,25.70635,9735,R,pulsed load (rest)
4906.86,0.0,3.733,25.70635,9735,R,pulsed load (rest)
4907.86,0.0,3.733,25.70635,9735,R,pulsed load (rest)
4908.86,0.0,3.734,25.70635,9735,R,pulsed load (rest)
4909.86,0.0,3.733,25.69079,9735,R,pulsed load (rest)
4910.86,0.0,3.734,25.69079,9735,R,pulsed load (rest)
4911.86,0.0,3.734,25.69079,9735,R,pulsed load (rest)
4912.86,0.0,3.734,25.69079,9735,R,pulsed load (rest)
4913.86,0.0,3.734,25.69079,9735,R,pulsed load (rest)
4914.86,0.0,3.734,25.67522,9735,R,pulsed load (rest)
4915.86,0.0,3.734,25.67522,9735,R,pulsed load (rest)
4916.86,0.0,3.734,25.67522,9735,R,pulsed load (rest)
4917.86,0.0,3.734,25.67522,9735,R,pulsed load (rest)
4918.86,0.0,3.734,25.67522,9735,R,pulsed load (rest)
4919.86,0.0,3.734,25.67522,9735,R,pulsed load (rest)
4920.86,0.0,3.734,25.67522,9735,R,pulsed load (rest)
4921.86,0.0,3.734,25.67522,9735,R,pulsed load (rest)
4922.86,0.0,3.734,25.65965,9735,R,pulsed load (rest)
4923.86,0.0,3.734,25.65965,9735,R,pulsed load (rest)
4924.86,0.0,3.734,25.65965,9735,R,pulsed load (rest)
4925.86,0.0,3.734,25.65965,9735,R,pulsed load (rest)
4926.86,0.0,3.734,25.65965,9735,R,pulsed load (rest)
4927.86,0.0,3.734,25.65965,9735,R,pulsed load (rest)
4928.86,0.0,3.734,25.65965,9735,R,pulsed load (rest)
4929.86,0.0,3.734,25.65965,9735,R,pulsed load (rest)
4930.86,0.0,3.734,25.64409,9735,R,pulsed load (rest)
4931.86,0.0,3.734,25.65965,9735,R,pulsed load (rest)
4932.86,0.0,3.734,25.65965,9735,R,pulsed load (rest)
4933.86,0.0,3.734,25.65965,9735,R,pulsed load (rest)
4934.86,0.0,3.734,25.64409,9735,R,pulsed load (rest)
4935.86,0.0,3.734,25.64409,9735,R,pulsed load (rest)
4936.86,0.0,3.734,25.64409,9735,R,pulsed load (rest)
4937.86,0.0,3.734,25.64409,9735,R,pulsed load (rest)
4938.86,0.0,3.734,25.62852,9735,R,pulsed load (rest)
4939.86,0.0,3.734,25.62852,9735,R,pulsed load (rest)
4940.86,0.0,3.734,25.62852,9735,R,pulsed load (rest)
4941.86,0.0,3.734,25.62852,9735,R,pulsed load (rest)
4942.86,0.0,3.734,25.62852,9735,R,pulsed load (rest)
4943.86,0.0,3.734,25.62852,9735,R,pulsed load (rest)
4944.86,0.0,3.734,25.62852,9735,R,pulsed load (rest)
4945.86,0.0,3.734,25.62852,9735,R,pulsed load (rest)
4946.86,0.0,3.734,25.61295,9735,R,pulsed load (rest)
4947.86,0.0,3.734,25.61295,9735,R,pulsed load (rest)
4948.86,0.0,3.734,25.61295,9735,R,pulsed load (rest)
4949.86,0.0,3.734,25.61295,9735,R,pulsed load (rest)
4950.86,0.0,3.734,25.61295,9735,R,pulsed load (rest)
4951.86,0.0,3.734,25.61295,9735,R,pulsed load (rest)
4952.86,0.0,3.734,25.61295,9735,R,pulsed load (rest)
4953.86,0.0,3.734,25.61295,9735,R,pulsed load (rest)
4954.86,0.0,3.734,25.59739,9735,R,pulsed load (rest)
4955.86,0.0,3.734,25.59739,9735,R,pulsed load (rest)
4956.86,0.0,3.734,25.59739,9735,R,pulsed load (rest)
4957.86,0.0,3.734,25.59739,9735,R,pulsed load (rest)
4958.86,0.0,3.734,25.59739,9735,R,pulsed load (rest)
4959.86,0.0,3.735,25.59739,9735,R,pulsed load (rest)
4960.86,0.0,3.734,25.59739,9735,R,pulsed load (rest)
4961.86,0.0,3.734,25.59739,9735,R,pulsed load (rest)
4962.86,0.0,3.735,25.58182,9735,R,pulsed load (rest)
4963.86,0.0,3.734,25.58182,9735,R,pulsed load (rest)
4964.86,0.0,3.735,25.58182,9735,R,pulsed load (rest)
4965.86,0.0,3.734,25.58182,9735,R,pulsed load (rest)
4966.86,0.0,3.735,25.58182,9735,R,pulsed load (rest)
4967.86,0.0,3.735,25.58182,9735,R,pulsed load (rest)
4968.86,0.0,3.735,25.56625,9735,R,pulsed load (rest)
4969.86,0.0,3.735,25.56625,9735,R,pulsed load (rest)
4970.86,0.0,3.735,25.58182,9735,R,pulsed load (rest)
4971.86,0.0,3.735,25.56625,9735,R,pulsed load (rest)
4972.86,0.0,3.735,25.56625,9735,R,pulsed load (rest)
4973.86,0.0,3.735,25.56625,9735,R,pulsed load (rest)
4974.86,0.0,3.735,25.56625,9735,R,pulsed load (rest)
4975.86,0.0,3.735,25.56625,9735,R,pulsed load (rest)
4976.86,0.0,3.735,25.56625,9735,R,pulsed load (rest)
4977.86,0.0,3.735,25.56625,9735,R,pulsed load (rest)
4978.86,0.0,3.735,25.55069,9735,R,pulsed load (rest)
4979.86,0.0,3.735,25.55069,9735,R,pulsed load (rest)
4980.86,0.0,3.735,25.55069,9735,R,pulsed load (rest)
4981.86,0.0,3.735,25.55069,9735,R,pulsed load (rest)
4982.86,0.0,3.735,25.55069,9735,R,pulsed load (rest)
4983.86,0.0,3.735,25.55069,9735,R,pulsed load (rest)
4984.86,0.0,3.735,25.55069,9735,R,pulsed load (rest)
4985.86,0.0,3.735,25.55069,9735,R,pulsed load (rest)
4986.86,0.0,3.735,25.55069,9735,R,pulsed load (rest)
4987.86,0.0,3.735,25.55069,9735,R,pulsed load (rest)
4988.86,0.0,3.735,25.53512,9735,R,pulsed load (rest)
4989.86,0.0,3.735,25.53512,9735,R,pulsed load (rest)
4990.86,0.0,3.735,25.53512,9735,R,pulsed load (rest)
4991.86,0.0,3.735,25.53512,9735,R,pulsed load (rest)
4992.86,0.0,3.735,25.53512,9735,R,pulsed load (rest)
4993.86,0.0,3.735,25.51955,9735,R,pulsed load (rest)
4994.86,0.0,3.735,25.51955,9735,R,pulsed load (rest)
4995.86,0.0,3.735,25.53512,9735,R,pulsed load (rest)
4996.86,0.0,3.735,25.51955,9735,R,pulsed load (rest)
4997.86,0.0,3.735,25.51955,9735,R,pulsed load (rest)
4998.86,0.0,3.735,25.51955,9735,R,pulsed load (rest)
4999.86,0.0,3.735,25.51955,9735,R,pulsed load (rest)
5000.86,0.0,3.735,25.51955,9735,R,pulsed load (rest)
5001.86,0.0,3.735,25.51955,9735,R,pulsed load (rest)
5002.86,0.0,3.735,25.51955,9735,R,pulsed load (rest)
5003.86,0.0,3.735,25.51955,9735,R,pulsed load (rest)
5004.86,0.0,3.735,25.50398,9735,R,pulsed load (rest)
5005.86,0.0,3.735,25.50398,9735,R,pulsed load (rest)
5006.86,0.0,3.735,25.50398,9735,R,pulsed load (rest)
5007.86,0.0,3.735,25.50398,9735,R,pulsed load (rest)
5008.86,0.0,3.735,25.50398,9735,R,pulsed load (rest)
5009.86,0.0,3.736,25.48842,9735,R,pulsed load (rest)
5010.86,0.0,3.736,25.48842,9735,R,pulsed load (rest)
5011.86,0.0,3.735,25.48842,9735,R,pulsed load (rest)
5012.86,0.0,3.736,25.48842,9735,R,pulsed load (rest)
5013.86,0.0,3.736,25.48842,9735,R,pulsed load (rest)
5014.86,0.0,3.736,25.48842,9735,R,pulsed load (rest)
5015.86,0.0,3.736,25.47285,9735,R,pulsed load (rest)
5016.86,0.0,3.736,25.47285,9735,R,pulsed load (rest)
5017.86,0.0,3.736,25.47285,9735,R,pulsed load (rest)
5018.86,0.0,3.736,25.47285,9735,R,pulsed load (rest)
5019.86,0.0,3.736,25.47285,9735,R,pulsed load (rest)
5020.86,0.0,3.736,25.47285,9735,R,pulsed load (rest)
5021.86,0.0,3.736,25.47285,9735,R,pulsed load (rest)
5022.86,0.0,3.736,25.47285,9735,R,pulsed load (rest)
5023.86,0.0,3.736,25.47285,9735,R,pulsed load (rest)
5024.86,0.0,3.736,25.47285,9735,R,pulsed load (rest)
5025.86,0.0,3.736,25.47285,9735,R,pulsed load (rest)
5026.86,0.0,3.736,25.47285,9735,R,pulsed load (rest)
5027.86,0.0,3.736,25.45728,9735,R,pulsed load (rest)
5028.86,0.0,3.736,25.45728,9735,R,pulsed load (rest)
5029.86,0.0,3.736,25.45728,9735,R,pulsed load (rest)
5030.86,0.0,3.736,25.45728,9735,R,pulsed load (rest)
5031.86,0.0,3.736,25.47285,9735,R,pulsed load (rest)
5032.86,0.0,3.736,25.45728,9735,R,pulsed load (rest)
5033.86,0.0,3.736,25.45728,9735,R,pulsed load (rest)
5034.86,0.0,3.736,25.45728,9735,R,pulsed load (rest)
5035.86,0.0,3.736,25.45728,9735,R,pulsed load (rest)
5036.86,0.0,3.736,25.45728,9735,R,pulsed load (rest)
5037.86,0.0,3.736,25.44172,9735,R,pulsed load (rest)
5038.86,0.0,3.736,25.44172,9735,R,pulsed load (rest)
5039.86,0.0,3.736,25.44172,9735,R,pulsed load (rest)
5040.86,0.0,3.736,25.42615,9735,R,pulsed load (rest)
5041.86,0.0,3.736,25.42615,9735,R,pulsed load (rest)
5042.86,0.0,3.736,25.42615,9735,R,pulsed load (rest)
5043.86,0.0,3.736,25.42615,9735,R,pulsed load (rest)
5044.86,0.0,3.736,25.44172,9735,R,pulsed load (rest)
5045.86,0.0,3.736,25.44172,9735,R,pulsed load (rest)
5046.86,0.0,3.736,25.42615,9735,R,pulsed load (rest)
5047.86,0.0,3.736,25.42615,9735,R,pulsed load (rest)
5048.86,0.0,3.736,25.42615,9735,R,pulsed load (rest)
5049.86,0.0,3.736,25.42615,9735,R,pulsed load (rest)
5050.86,0.0,3.736,25.42615,9735,R,pulsed load (rest)
5051.86,0.0,3.736,25.42615,9735,R,pulsed load (rest)
5052.86,0.0,3.736,25.41059,9735,R,pulsed load (rest)
5053.86,0.0,3.736,25.42615,9735,R,pulsed load (rest)
5054.86,0.0,3.736,25.41059,9735,R,pulsed load (rest)
5055.86,0.0,3.736,25.41059,9735,R,pulsed load (rest)
5056.86,0.0,3.736,25.41059,9735,R,pulsed load (rest)
5057.86,0.0,3.736,25.41059,9735,R,pulsed load (rest)
5058.86,0.0,3.736,25.41059,9735,R,pulsed load (rest)
5059.86,0.0,3.736,25.41059,9735,R,pulsed load (rest)
5060.86,0.0,3.736,25.39502,9735,R,pulsed load (rest)
5061.86,0.0,3.736,25.39502,9735,R,pulsed load (rest)
5062.86,0.0,3.736,25.39502,9735,R,pulsed load (rest)
5063.86,0.0,3.736,25.39502,9735,R,pulsed load (rest)
5064.86,0.0,3.736,25.39502,9735,R,pulsed load (rest)
5065.86,0.0,3.736,25.39502,9735,R,pulsed load (rest)
5066.86,0.0,3.736,25.39502,9735,R,pulsed load (rest)
5067.86,0.0,3.737,25.39502,9735,R,pulsed load (rest)
5068.86,0.0,3.737,25.39502,9735,R,pulsed load (rest)
5069.86,0.0,3.737,25.39502,9735,R,pulsed load (rest)
5070.86,0.0,3.737,25.39502,9735,R,pulsed load (rest)
5071.86,0.0,3.737,25.39502,9735,R,pulsed load (rest)
5072.86,0.0,3.737,25.39502,9735,R,pulsed load (rest)
5073.86,0.0,3.737,25.39502,9735,R,pulsed load (rest)
5074.86,0.0,3.737,25.39502,9735,R,pulsed load (rest)
5075.86,0.0,3.737,25.39502,9735,R,pulsed load (rest)
5076.86,0.0,3.737,25.39502,9735,R,pulsed load (rest)
5077.86,0.0,3.737,25.39502,9735,R,pulsed load (rest)
5078.86,0.0,3.737,25.39502,9735,R,pulsed load (rest)
5079.86,0.0,3.737,25.39502,9735,R,pulsed load (rest)
5080.86,0.0,3.737,25.37945,9735,R,pulsed load (rest)
5081.86,0.0,3.737,25.37945,9735,R,pulsed load (rest)
5082.86,0.0,3.737,25.37945,9735,R,pulsed load (rest)
5083.86,0.0,3.737,25.37945,9735,R,pulsed load (rest)
5084.86,0.0,3.737,25.39502,9735,R,pulsed load (rest)
5085.86,0.0,3.737,25.39502,9735,R,pulsed load (rest)
5086.86,0.0,3.737,25.37945,9735,R,pulsed load (rest)
5087.86,0.0,3.737,25.39502,9735,R,pulsed load (rest)
5088.86,0.0,3.737,25.37945,9735,R,pulsed load (rest)
5089.86,0.0,3.737,25.37945,9735,R,pulsed load (rest)
5090.86,0.0,3.737,25.37945,9735,R,pulsed load (rest)
5091.86,0.0,3.737,25.37945,9735,R,pulsed load (rest)
5092.86,0.0,3.737,25.37945,9735,R,pulsed load (rest)
5093.86,0.0,3.737,25.37945,9735,R,pulsed load (rest)
5094.86,0.0,3.737,25.37945,9735,R,pulsed load (rest)
5095.86,0.0,3.737,25.36389,9735,R,pulsed load (rest)
5096.86,0.0,3.737,25.37945,9735,R,pulsed load (rest)
5097.86,0.0,3.737,25.36389,9735,R,pulsed load (rest)
5098.86,0.0,3.737,25.36389,9735,R,pulsed load (rest)
5099.86,0.0,3.737,25.36389,9735,R,pulsed load (rest)
5100.86,0.0,3.737,25.36389,9735,R,pulsed load (rest)
5101.86,0.0,3.737,25.36389,9735,R,pulsed load (rest)
5102.86,0.0,3.737,25.36389,9735,R,pulsed load (rest)
5103.86,0.0,3.737,25.34832,9735,R,pulsed load (rest)
5104.86,0.0,3.737,25.34832,9735,R,pulsed load (rest)
5105.86,0.0,3.737,25.34832,9735,R,pulsed load (rest)
5106.86,0.0,3.737,25.34832,9735,R,pulsed load (rest)
5107.86,0.0,3.737,25.34832,9735,R,pulsed load (rest)
5108.86,0.0,3.737,25.34832,9735,R,pulsed load (rest)
5109.86,0.0,3.737,25.34832,9735,R,pulsed load (rest)
5110.86,0.0,3.737,25.34832,9735,R,pulsed load (rest)
5111.86,0.0,3.737,25.34832,9735,R,pulsed load (rest)
5112.86,0.0,3.737,25.34832,9735,R,pulsed load (rest)
5113.86,0.0,3.737,25.34832,9735,R,pulsed load (rest)
5114.86,0.0,3.737,25.34832,9735,R,pulsed load (rest)
5115.86,0.0,3.737,25.34832,9735,R,pulsed load (rest)
5116.86,0.0,3.737,25.34832,9735,R,pulsed load (rest)
5117.86,0.0,3.737,25.33275,9735,R,pulsed load (rest)
5118.86,0.0,3.737,25.33275,9735,R,pulsed load (rest)
5119.86,0.0,3.737,25.33275,9735,R,pulsed load (rest)
5120.86,0.0,3.737,25.33275,9735,R,pulsed load (rest)
5121.86,0.0,3.737,25.33275,9735,R,pulsed load (rest)
5122.86,0.0,3.737,25.33275,9735,R,pulsed load (rest)
5123.86,0.0,3.737,25.33275,9735,R,pulsed load (rest)
5124.86,0.0,3.737,25.33275,9735,R,pulsed load (rest)
5125.86,0.0,3.737,25.33275,9735,R,pulsed load (rest)
5126.86,0.0,3.737,25.33275,9735,R,pulsed load (rest)
5127.86,0.0,3.737,25.33275,9735,R,pulsed load (rest)
5128.86,0.0,3.737,25.33275,9735,R,pulsed load (rest)
5129.86,0.0,3.738,25.33275,9735,R,pulsed load (rest)
5130.86,0.0,3.737,25.33275,9735,R,pulsed load (rest)
5131.86,0.0,3.738,25.33275,9735,R,pulsed load (rest)
5132.86,0.0,3.737,25.33275,9735,R,pulsed load (rest)
5133.86,0.0,3.738,25.33275,9735,R,pulsed load (rest)
5134.86,0.0,3.738,25.33275,9735,R,pulsed load (rest)
5135.86,0.0,3.738,25.33275,9735,R,pulsed load (rest)
5136.86,0.0,3.738,25.33275,9735,R,pulsed load (rest)
5137.86,0.0,3.738,25.33275,9735,R,pulsed load (rest)
5138.86,0.0,3.738,25.33275,9735,R,pulsed load (rest)
5139.86,0.0,3.738,25.33275,9735,R,pulsed load (rest)
5140.86,0.0,3.738,25.33275,9735,R,pulsed load (rest)
5141.86,0.0,3.738,25.33275,9735,R,pulsed load (rest)
5142.86,0.0,3.738,25.33275,9735,R,pulsed load (rest)
5143.86,0.0,3.738,25.33275,9735,R,pulsed load (rest)
5144.86,0.0,3.738,25.33275,9735,R,pulsed load (rest)
5145.86,0.0,3.738,25.31718,9735,R,pulsed load (rest)
5146.86,0.0,3.738,25.31718,9735,R,pulsed load (rest)
5147.86,0.0,3.738,25.31718,9735,R,pulsed load (rest)
5148.86,0.0,3.738,25.31718,9735,R,pulsed load (rest)
5149.86,0.0,3.738,25.31718,9735,R,pulsed load (rest)
5150.86,0.0,3.738,25.33275,9735,R,pulsed load (rest)
5151.86,0.0,3.738,25.31718,9735,R,pulsed load (rest)
5152.86,0.0,3.738,25.31718,9735,R,pulsed load (rest)
5153.86,0.0,3.738,25.31718,9735,R,pulsed load (rest)
5154.86,0.0,3.738,25.31718,9735,R,pulsed load (rest)
5155.86,0.0,3.738,25.30162,9735,R,pulsed load (rest)
5156.86,0.0,3.738,25.30162,9735,R,pulsed load (rest)
5157.86,0.0,3.738,25.28605,9735,R,pulsed load (rest)
5158.86,0.0,3.738,25.28605,9735,R,pulsed load (rest)
5159.86,0.0,3.738,25.27048,9735,R,pulsed load (rest)
5160.86,0.0,3.738,25.25492,9735,R,pulsed load (rest)
5161.86,0.0,3.738,25.25492,9735,R,pulsed load (rest)
5162.86,0.0,3.738,25.23935,9735,R,pulsed load (rest)
5163.86,0.0,3.738,25.23935,9735,R,pulsed load (rest)
5164.86,0.0,3.738,25.23935,9735,R,pulsed load (rest)
5165.86,0.0,3.738,25.23935,9735,R,pulsed load (rest)
5166.86,0.0,3.738,25.23935,9735,R,pulsed load (rest)
5167.86,0.0,3.738,25.23935,9735,R,pulsed load (rest)
5168.86,0.0,3.738,25.23935,9735,R,pulsed load (rest)
5169.86,0.0,3.738,25.23935,9735,R,pulsed load (rest)
5170.86,0.0,3.738,25.23935,9735,R,pulsed load (rest)
5171.86,0.0,3.738,25.23935,9735,R,pulsed load (rest)
5172.86,0.0,3.738,25.23935,9735,R,pulsed load (rest)
5173.86,0.0,3.738,25.23935,9735,R,pulsed load (rest)
5174.86,0.0,3.738,25.23935,9735,R,pulsed load (rest)
5175.86,0.0,3.738,25.23935,9735,R,pulsed load (rest)
5176.86,0.0,3.738,25.23935,9735,R,pulsed load (rest)
5177.86,0.0,3.738,25.23935,9735,R,pulsed load (rest)
5178.86,0.0,3.738,25.23935,9735,R,pulsed load (rest)
5179.86,0.0,3.738,25.23935,9735,R,pulsed load (rest)
5180.86,0.0,3.738,25.22378,9735,R,pulsed load (rest)
5181.86,0.0,3.738,25.23935,9735,R,pulsed load (rest)
5182.86,0.0,3.738,25.23935,9735,R,pulsed load (rest)
5183.86,0.0,3.738,25.23935,9735,R,pulsed load (rest)
5184.86,0.0,3.738,25.23935,9735,R,pulsed load (rest)
5185.86,0.0,3.738,25.23935,9735,R,pulsed load (rest)
5186.86,0.0,3.738,25.22378,9735,R,pulsed load (rest)
5187.86,0.0,3.738,25.23935,9735,R,pulsed load (rest)
5188.86,0.0,3.738,25.23935,9735,R,pulsed load (rest)
5189.86,0.0,3.738,25.23935,9735,R,pulsed load (rest)
5190.86,0.0,3.739,25.23935,9735,R,pulsed load (rest)
5191.86,0.0,3.738,25.23935,9735,R,pulsed load (rest)
5192.86,0.0,3.738,25.23935,9735,R,pulsed load (rest)
5193.86,0.0,3.739,25.23935,9735,R,pulsed load (rest)
5194.86,0.0,3.738,25.22378,9735,R,pulsed load (rest)
5195.86,0.0,3.738,25.22378,9735,R,pulsed load (rest)
5196.86,0.0,3.738,25.23935,9735,R,pulsed load (rest)
5197.86,0.0,3.739,25.23935,9735,R,pulsed load (rest)
5198.86,0.0,3.739,25.23935,9735,R,pulsed load (rest)
5199.86,0.0,3.739,25.23935,9735,R,pulsed load (rest)
5200.86,0.0,3.739,25.22378,9735,R,pulsed load (rest)
5201.86,0.0,3.739,25.22378,9735,R,pulsed load (rest)
5202.86,0.0,3.739,25.23935,9735,R,pulsed load (rest)
5203.86,0.0,3.739,25.23935,9735,R,pulsed load (rest)
5204.86,0.0,3.739,25.23935,9735,R,pulsed load (rest)
5205.86,0.0,3.739,25.23935,9735,R,pulsed load (rest)
5206.86,0.0,3.739,25.22378,9735,R,pulsed load (rest)
5207.86,0.0,3.739,25.22378,9735,R,pulsed load (rest)
5208.86,0.0,3.739,25.22378,9735,R,pulsed load (rest)
5209.86,0.0,3.739,25.22378,9735,R,pulsed load (rest)
5210.86,0.0,3.739,25.23935,9735,R,pulsed load (rest)
5211.86,0.0,3.739,25.23935,9735,R,pulsed load (rest)
5212.86,0.0,3.739,25.22378,9735,R,pulsed load (rest)
5213.86,0.0,3.739,25.22378,9735,R,pulsed load (rest)
5214.86,0.0,3.739,25.22378,9735,R,pulsed load (rest)
5215.86,0.0,3.739,25.22378,9735,R,pulsed load (rest)
5216.86,0.0,3.739,25.22378,9735,R,pulsed load (rest)
5217.86,0.0,3.739,25.22378,9735,R,pulsed load (rest)
5218.86,0.0,3.739,25.22378,9735,R,pulsed load (rest)
5219.86,0.0,3.739,25.22378,9735,R,pulsed load (rest)
5220.86,0.0,3.739,25.22378,9735,R,pulsed load (rest)
5221.86,0.0,3.739,25.22378,9735,R,pulsed load (rest)
5222.86,0.0,3.739,25.22378,9735,R,pulsed load (rest)
5223.86,0.0,3.739,25.20822,9735,R,pulsed load (rest)
5224.86,0.0,3.739,25.22378,9735,R,pulsed load (rest)
5225.86,0.0,3.739,25.22378,9735,R,pulsed load (rest)
5226.86,0.0,3.739,25.20822,9735,R,pulsed load (rest)
5227.86,0.0,3.739,25.20822,9735,R,pulsed load (rest)
5228.86,0.0,3.739,25.20822,9735,R,pulsed load (rest)
5229.86,0.0,3.739,25.20822,9735,R,pulsed load (rest)
5230.86,0.0,3.739,25.20822,9735,R,pulsed load (rest)
5231.86,0.0,3.739,25.20822,9735,R,pulsed load (rest)
5232.86,0.0,3.739,25.20822,9735,R,pulsed load (rest)
5233.86,0.0,3.739,25.20822,9735,R,pulsed load (rest)
5234.86,0.0,3.739,25.20822,9735,R,pulsed load (rest)
5235.86,0.0,3.739,25.20822,9735,R,pulsed load (rest)
5236.86,0.0,3.739,25.19265,9735,R,pulsed load (rest)
5237.86,0.0,3.739,25.19265,9735,R,pulsed load (rest)
5238.86,0.0,3.739,25.19265,9735,R,pulsed load (rest)
5239.86,0.0,3.739,25.19265,9735,R,pulsed load (rest)
5240.86,0.0,3.739,25.19265,9735,R,pulsed load (rest)
5241.86,0.0,3.739,25.19265,9735,R,pulsed load (rest)
5242.86,0.0,3.739,25.19265,9735,R,pulsed load (rest)
5243.86,0.0,3.739,25.19265,9735,R,pulsed load (rest)
5244.86,0.0,3.739,25.19265,9735,R,pulsed load (rest)
5245.86,0.0,3.739,25.19265,9735,R,pulsed load (rest)
5246.86,0.0,3.739,25.19265,9735,R,pulsed load (rest)
5247.86,0.0,3.739,25.19265,9735,R,pulsed load (rest)
5248.86,0.0,3.739,25.19265,9735,R,pulsed load (rest)
5249.86,0.0,3.739,25.19265,9735,R,pulsed load (rest)
5250.86,0.0,3.739,25.19265,9735,R,pulsed load (rest)
5251.86,0.0,3.739,25.17709,9735,R,pulsed load (rest)
5252.86,0.0,3.739,25.19265,9735,R,pulsed load (rest)
5253.86,0.0,3.739,25.19265,9735,R,pulsed load (rest)
5254.86,0.0,3.739,25.19265,9735,R,pulsed load (rest)
5255.86,0.0,3.739,25.19265,9735,R,pulsed load (rest)
5256.86,0.0,3.739,25.19265,9735,R,pulsed load (rest)
5257.86,0.0,3.739,25.19265,9735,R,pulsed load (rest)
5258.86,0.0,3.739,25.19265,9735,R,pulsed load (rest)
5259.86,0.0,3.739,25.17709,9735,R,pulsed load (rest)
5260.86,0.0,3.739,25.17709,9735,R,pulsed load (rest)
5261.86,0.0,3.74,25.17709,9735,R,pulsed load (rest)
5262.86,0.0,3.739,25.17709,9735,R,pulsed load (rest)
5263.86,0.0,3.739,25.17709,9735,R,pulsed load (rest)
5264.86,0.0,3.74,25.17709,9735,R,pulsed load (rest)
5265.86,0.0,3.739,25.16152,9735,R,pulsed load (rest)
5266.86,0.0,3.74,25.16152,9735,R,pulsed load (rest)
5267.86,0.0,3.74,25.16152,9735,R,pulsed load (rest)
5268.86,0.0,3.739,25.16152,9735,R,pulsed load (rest)
5269.86,0.0,3.74,25.16152,9735,R,pulsed load (rest)
5270.86,0.0,3.74,25.16152,9735,R,pulsed load (rest)
5271.86,0.0,3.74,25.16152,9735,R,pulsed load (rest)
5272.86,0.0,3.74,25.16152,9735,R,pulsed load (rest)
5273.86,0.0,3.74,25.14595,9735,R,pulsed load (rest)
5274.86,0.0,3.74,25.14595,9735,R,pulsed load (rest)
5275.86,0.0,3.74,25.14595,9735,R,pulsed load (rest)
5276.86,0.0,3.74,25.14595,9735,R,pulsed load (rest)
5277.86,0.0,3.74,25.14595,9735,R,pulsed load (rest)
5278.86,0.0,3.74,25.14595,9735,R,pulsed load (rest)
5279.86,0.0,3.74,25.13039,9735,R,pulsed load (rest)
5280.86,0.0,3.74,25.13039,9735,R,pulsed load (rest)
5281.86,0.0,3.74,25.13039,9735,R,pulsed load (rest)
5282.86,0.0,3.74,25.13039,9735,R,pulsed load (rest)
5283.86,0.0,3.74,25.13039,9735,R,pulsed load (rest)
5284.86,0.0,3.74,25.13039,9735,R,pulsed load (rest)
5285.86,0.0,3.74,25.14595,9735,R,pulsed load (rest)
5286.86,0.0,3.74,25.14595,9735,R,pulsed load (rest)
5287.86,0.0,3.74,25.13039,9735,R,pulsed load (rest)
5288.86,0.0,3.74,25.13039,9735,R,pulsed load (rest)
5289.86,0.0,3.74,25.13039,9735,R,pulsed load (rest)
5290.86,0.0,3.74,25.13039,9735,R,pulsed load (rest)
5291.86,0.0,3.74,25.14595,9735,R,pulsed load (rest)
5292.86,0.0,3.74,25.14595,9735,R,pulsed load (rest)
5293.86,0.0,3.74,25.14595,9735,R,pulsed load (rest)
5294.86,0.0,3.74,25.14595,9735,R,pulsed load (rest)
5295.86,0.0,3.74,25.14595,9735,R,pulsed load (rest)
5296.86,0.0,3.74,25.14595,9735,R,pulsed load (rest)
5297.86,0.0,3.74,25.14595,9735,R,pulsed load (rest)
5298.86,0.0,3.74,25.14595,9735,R,pulsed load (rest)
5299.86,0.0,3.74,25.14595,9735,R,pulsed load (rest)
5300.86,0.0,3.74,25.14595,9735,R,pulsed load (rest)
5301.86,0.0,3.74,25.13039,9735,R,pulsed load (rest)
5302.86,0.0,3.74,25.13039,9735,R,pulsed load (rest)
5303.86,0.0,3.74,25.13039,9735,R,pulsed load (rest)
5304.86,0.0,3.74,25.13039,9735,R,pulsed load (rest)
5305.86,0.0,3.74,25.13039,9735,R,pulsed load (rest)
5306.86,0.0,3.74,25.14595,9735,R,pulsed load (rest)
5307.86,0.0,3.74,25.13039,9735,R,pulsed load (rest)
5308.86,0.0,3.74,25.14595,9735,R,pulsed load (rest)
5309.86,0.0,3.74,25.14595,9735,R,pulsed load (rest)
5310.86,0.0,3.74,25.13039,9735,R,pulsed load (rest)
5311.86,0.0,3.74,25.13039,9735,R,pulsed load (rest)
5312.86,0.0,3.74,25.14595,9735,R,pulsed load (rest)
5313.86,0.0,3.74,25.14595,9735,R,pulsed load (rest)
5314.86,0.0,3.74,25.14595,9735,R,pulsed load (rest)
5315.86,0.0,3.74,25.13039,9735,R,pulsed load (rest)
5316.86,0.0,3.74,25.13039,9735,R,pulsed load (rest)
5317.86,0.0,3.74,25.13039,9735,R,pulsed load (rest)
5318.86,0.0,3.74,25.13039,9735,R,pulsed load (rest)
5319.86,0.0,3.74,25.13039,9735,R,pulsed load (rest)
5320.86,0.0,3.74,25.13039,9735,R,pulsed load (rest)
5321.86,0.0,3.74,25.13039,9735,R,pulsed load (rest)
5322.86,0.0,3.74,25.11482,9735,R,pulsed load (rest)
5323.86,0.0,3.74,25.11482,9735,R,pulsed load (rest)
5324.86,0.0,3.74,25.11482,9735,R,pulsed load (rest)
5325.86,0.0,3.74,25.11482,9735,R,pulsed load (rest)
5326.86,0.0,3.74,25.11482,9735,R,pulsed load (rest)
5327.86,0.0,3.74,25.11482,9735,R,pulsed load (rest)
5328.86,0.0,3.74,25.09925,9735,R,pulsed load (rest)
5329.86,0.0,3.74,25.09925,9735,R,pulsed load (rest)
5330.86,0.0,3.74,25.09925,9735,R,pulsed load (rest)
5331.86,0.0,3.74,25.09925,9735,R,pulsed load (rest)
5332.86,0.0,3.74,25.09925,9735,R,pulsed load (rest)
5333.86,0.0,3.74,25.09925,9735,R,pulsed load (rest)
5334.86,0.0,3.74,25.09925,9735,R,pulsed load (rest)
5335.86,0.0,3.74,25.09925,9735,R,pulsed load (rest)
5336.86,0.0,3.74,25.08368,9735,R,pulsed load (rest)
5337.86,0.0,3.74,25.08368,9735,R,pulsed load (rest)
5338.86,0.0,3.74,25.09925,9735,R,pulsed load (rest)
5339.86,0.0,3.74,25.09925,9735,R,pulsed load (rest)
5340.86,0.0,3.74,25.08368,9735,R,pulsed load (rest)
5341.86,0.0,3.74,25.08368,9735,R,pulsed load (rest)
5342.86,0.0,3.741,25.06812,9735,R,pulsed load (rest)
5343.86,0.0,3.74,25.06812,9735,R,pulsed load (rest)
5344.86,0.0,3.74,25.06812,9735,R,pulsed load (rest)
5345.86,0.0,3.74,25.06812,9735,R,pulsed load (rest)
5346.86,0.0,3.741,25.06812,9735,R,pulsed load (rest)
5347.86,0.0,3.74,25.06812,9735,R,pulsed load (rest)
5348.86,0.0,3.741,25.05255,9735,R,pulsed load (rest)
5349.86,0.0,3.741,25.05255,9735,R,pulsed load (rest)
5350.86,0.0,3.741,25.05255,9735,R,pulsed load (rest)
5351.86,0.0,3.741,25.05255,9735,R,pulsed load (rest)
5352.86,0.0,3.741,25.05255,9735,R,pulsed load (rest)
5353.86,0.0,3.741,25.06812,9735,R,pulsed load (rest)
5354.86,0.0,3.741,25.05255,9735,R,pulsed load (rest)
5355.86,0.0,3.741,25.05255,9735,R,pulsed load (rest)
5356.86,0.0,3.741,25.03698,9735,R,pulsed load (rest)
5357.86,0.0,3.741,25.03698,9735,R,pulsed load (rest)
5358.86,0.0,3.741,25.03698,9735,R,pulsed load (rest)
5359.86,0.0,3.741,25.03698,9735,R,pulsed load (rest)
5360.86,0.0,3.741,25.03698,9735,R,pulsed load (rest)
5361.86,0.0,3.741,25.03698,9735,R,pulsed load (rest)
5362.86,0.0,3.741,25.03698,9735,R,pulsed load (rest)
5363.86,0.0,3.741,25.02142,9735,R,pulsed load (rest)
5364.86,0.0,3.741,25.03698,9735,R,pulsed load (rest)
5365.86,0.0,3.741,25.03698,9735,R,pulsed load (rest)
5366.86,0.0,3.741,25.03698,9735,R,pulsed load (rest)
5367.86,0.0,3.741,25.03698,9735,R,pulsed load (rest)
5368.86,0.0,3.741,25.03698,9735,R,pulsed load (rest)
5369.86,0.0,3.741,25.02142,9735,R,pulsed load (rest)
5370.86,0.0,3.741,25.02142,9735,R,pulsed load (rest)
5371.86,0.0,3.741,25.02142,9735,R,pulsed load (rest)
5372.86,0.0,3.741,25.02142,9735,R,pulsed load (rest)
5373.86,0.0,3.741,25.02142,9735,R,pulsed load (rest)
5374.86,0.0,3.741,25.02142,9735,R,pulsed load (rest)
5375.86,0.0,3.741,25.02142,9735,R,pulsed load (rest)
5376.86,0.0,3.741,25.02142,9735,R,pulsed load (rest)
5377.86,0.0,3.741,25.00585,9735,R,pulsed load (rest)
5378.86,0.0,3.741,25.00585,9735,R,pulsed load (rest)
5379.86,0.0,3.741,25.00585,9735,R,pulsed load (rest)
5380.86,0.0,3.741,25.00585,9735,R,pulsed load (rest)
5381.86,0.0,3.741,25.00585,9735,R,pulsed load (rest)
5382.86,0.0,3.741,25.00585,9735,R,pulsed load (rest)
5383.86,0.0,3.741,24.99028,9735,R,pulsed load (rest)
5384.86,0.0,3.741,24.99028,9735,R,pulsed load (rest)
5385.86,0.0,3.741,24.99028,9735,R,pulsed load (rest)
5386.86,0.0,3.741,24.99028,9735,R,pulsed load (rest)
5387.86,0.0,3.741,24.99028,9735,R,pulsed load (rest)
5388.86,0.0,3.741,24.99028,9735,R,pulsed load (rest)
5389.86,0.0,3.741,24.97472,9735,R,pulsed load (rest)
5390.86,0.0,3.741,24.99028,9735,R,pulsed load (rest)
5391.86,0.0,3.741,24.99028,9735,R,pulsed load (rest)
5392.86,0.0,3.741,24.99028,9735,R,pulsed load (rest)
5393.86,0.0,3.741,24.99028,9735,R,pulsed load (rest)
5394.86,0.0,3.741,24.99028,9735,R,pulsed load (rest)
5395.86,0.0,3.741,24.99028,9735,R,pulsed load (rest)
5396.86,0.0,3.741,24.99028,9735,R,pulsed load (rest)
5397.86,0.0,3.741,24.99028,9735,R,pulsed load (rest)
5398.86,0.0,3.741,24.99028,9735,R,pulsed load (rest)
5399.849999999999,0.0,3.741,24.99028,9735,R,pulsed load (rest)
5399.849999999999,1.003,3.637,24.99028,9736,D,pulsed load (discharge)
5400.849999999999,0.999,3.595,24.99028,9736,D,pulsed load (discharge)
5401.849999999999,1.0,3.591,24.97472,9736,D,pulsed load (discharge)
5402.849999999999,1.0,3.588,24.97472,9736,D,pulsed load (discharge)
5403.849999999999,1.0,3.586,24.97472,9736,D,pulsed load (discharge)
5404.849999999999,0.999,3.584,24.97472,9736,D,pulsed load (discharge)
5405.849999999999,0.999,3.581,24.97472,9736,D,pulsed load (discharge)
5406.849999999999,1.0,3.579,24.97472,9736,D,pulsed load (discharge)
5407.849999999999,0.999,3.577,24.97472,9736,D,pulsed load (discharge)
5408.849999999999,1.0,3.575,24.97472,9736,D,pulsed load (discharge)
5409.849999999999,0.999,3.574,24.97472,9736,D,pulsed load (discharge)
5410.849999999999,1.0,3.572,24.97472,9736,D,pulsed load (discharge)
5411.849999999999,1.0,3.57,24.99028,9736,D,pulsed load (discharge)
5412.849999999999,0.999,3.569,24.99028,9736,D,pulsed load (discharge)
5413.849999999999,1.0,3.567,24.99028,9736,D,pulsed load (discharge)
5414.849999999999,0.999,3.566,24.99028,9736,D,pulsed load (discharge)
5415.849999999999,1.0,3.564,24.99028,9736,D,pulsed load (discharge)
5416.849999999999,1.0,3.563,24.99028,9736,D,pulsed load (discharge)
5417.849999999999,1.0,3.561,24.99028,9736,D,pulsed load (discharge)
5418.849999999999,1.001,3.56,24.99028,9736,D,pulsed load (discharge)
5419.849999999999,0.999,3.558,25.00585,9736,D,pulsed load (discharge)
5420.849999999999,1.0,3.557,25.00585,9736,D,pulsed load (discharge)
5421.849999999999,1.0,3.556,24.99028,9736,D,pulsed load (discharge)
5422.849999999999,1.0,3.554,25.00585,9736,D,pulsed load (discharge)
5423.849999999999,1.0,3.553,25.02142,9736,D,pulsed load (discharge)
5424.849999999999,0.999,3.552,25.02142,9736,D,pulsed load (discharge)
5425.849999999999,1.0,3.55,25.02142,9736,D,pulsed load (discharge)
5426.849999999999,1.0,3.549,25.02142,9736,D,pulsed load (discharge)
5427.849999999999,1.0,3.548,25.02142,9736,D,pulsed load (discharge)
5428.849999999999,1.0,3.547,25.02142,9736,D,pulsed load (discharge)
5429.849999999999,1.0,3.546,25.03698,9736,D,pulsed load (discharge)
5430.849999999999,0.999,3.544,25.03698,9736,D,pulsed load (discharge)
5431.849999999999,1.0,3.543,25.03698,9736,D,pulsed load (discharge)
5432.849999999999,0.999,3.542,25.03698,9736,D,pulsed load (discharge)
5433.849999999999,1.0,3.541,25.03698,9736,D,pulsed load (discharge)
5434.849999999999,0.999,3.54,25.03698,9736,D,pulsed load (discharge)
5435.849999999999,1.0,3.539,25.05255,9736,D,pulsed load (discharge)
5436.849999999999,0.999,3.538,25.05255,9736,D,pulsed load (discharge)
5437.849999999999,1.001,3.537,25.05255,9736,D,pulsed load (discharge)
5438.849999999999,1.0,3.536,25.05255,9736,D,pulsed load (discharge)
5439.849999999999,1.0,3.534,25.05255,9736,D,pulsed load (discharge)
5440.849999999999,1.0,3.533,25.05255,9736,D,pulsed load (discharge)
5441.849999999999,1.0,3.532,25.06812,9736,D,pulsed load (discharge)
5442.849999999999,1.0,3.531,25.06812,9736,D,pulsed load (discharge)
5443.849999999999,1.0,3.53,25.06812,9736,D,pulsed load (discharge)
5444.849999999999,1.0,3.529,25.06812,9736,D,pulsed load (discharge)
5445.849999999999,1.0,3.528,25.06812,9736,D,pulsed load (discharge)
5446.849999999999,1.0,3.527,25.06812,9736,D,pulsed load (discharge)
5447.849999999999,0.999,3.526,25.06812,9736,D,pulsed load (discharge)
5448.849999999999,1.0,3.525,25.08368,9736,D,pulsed load (discharge)
5449.849999999999,1.0,3.524,25.06812,9736,D,pulsed load (discharge)
5450.849999999999,1.0,3.524,25.06812,9736,D,pulsed load (discharge)
5451.849999999999,1.0,3.523,25.08368,9736,D,pulsed load (discharge)
5452.849999999999,1.0,3.521,25.06812,9736,D,pulsed load (discharge)
5453.849999999999,1.0,3.521,25.06812,9736,D,pulsed load (discharge)
5454.849999999999,1.0,3.52,25.08368,9736,D,pulsed load (discharge)
5455.849999999999,1.0,3.519,25.08368,9736,D,pulsed load (discharge)
5456.849999999999,1.0,3.518,25.08368,9736,D,pulsed load (discharge)
5457.849999999999,1.0,3.517,25.08368,9736,D,pulsed load (discharge)
5458.849999999999,1.0,3.516,25.08368,9736,D,pulsed load (discharge)
5459.849999999999,1.0,3.515,25.08368,9736,D,pulsed load (discharge)
5460.849999999999,1.0,3.514,25.08368,9736,D,pulsed load (discharge)
5461.849999999999,1.0,3.514,25.08368,9736,D,pulsed load (discharge)
5462.849999999999,1.0,3.513,25.08368,9736,D,pulsed load (discharge)
5463.849999999999,1.0,3.512,25.08368,9736,D,pulsed load (discharge)
5464.849999999999,0.999,3.511,25.08368,9736,D,pulsed load (discharge)
5465.849999999999,1.0,3.51,25.08368,9736,D,pulsed load (discharge)
5466.849999999999,1.0,3.509,25.09925,9736,D,pulsed load (discharge)
5467.849999999999,1.0,3.508,25.09925,9736,D,pulsed load (discharge)
5468.849999999999,1.0,3.508,25.09925,9736,D,pulsed load (discharge)
5469.849999999999,1.0,3.507,25.09925,9736,D,pulsed load (discharge)
5470.849999999999,0.999,3.506,25.11482,9736,D,pulsed load (discharge)
5471.849999999999,1.0,3.505,25.11482,9736,D,pulsed load (discharge)
5472.849999999999,1.0,3.505,25.13039,9736,D,pulsed load (discharge)
5473.849999999999,1.0,3.504,25.13039,9736,D,pulsed load (discharge)
5474.849999999999,1.0,3.503,25.11482,9736,D,pulsed load (discharge)
5475.849999999999,1.0,3.502,25.11482,9736,D,pulsed load (discharge)
5476.849999999999,0.999,3.501,25.13039,9736,D,pulsed load (discharge)
5477.849999999999,1.0,3.5,25.13039,9736,D,pulsed load (discharge)
5478.849999999999,1.0,3.5,25.14595,9736,D,pulsed load (discharge)
5479.849999999999,0.999,3.499,25.14595,9736,D,pulsed load (discharge)
5480.849999999999,1.0,3.498,25.13039,9736,D,pulsed load (discharge)
5481.849999999999,0.999,3.498,25.13039,9736,D,pulsed load (discharge)
5482.849999999999,1.0,3.497,25.14595,9736,D,pulsed load (discharge)
5483.849999999999,0.999,3.496,25.14595,9736,D,pulsed load (discharge)
5484.849999999999,1.0,3.495,25.14595,9736,D,pulsed load (discharge)
5485.849999999999,0.999,3.494,25.14595,9736,D,pulsed load (discharge)
5486.849999999999,0.999,3.494,25.14595,9736,D,pulsed load (discharge)
5487.849999999999,1.0,3.493,25.14595,9736,D,pulsed load (discharge)
5488.849999999999,1.0,3.492,25.17709,9736,D,pulsed load (discharge)
5489.849999999999,1.0,3.492,25.17709,9736,D,pulsed load (discharge)
5490.849999999999,0.999,3.491,25.19265,9736,D,pulsed load (discharge)
5491.849999999999,1.0,3.49,25.19265,9736,D,pulsed load (discharge)
5492.849999999999,1.0,3.49,25.20822,9736,D,pulsed load (discharge)
5493.849999999999,1.0,3.489,25.20822,9736,D,pulsed load (discharge)
5494.849999999999,1.0,3.488,25.23935,9736,D,pulsed load (discharge)
5495.849999999999,1.0,3.488,25.23935,9736,D,pulsed load (discharge)
5496.849999999999,1.0,3.487,25.23935,9736,D,pulsed load (discharge)
5497.849999999999,1.001,3.486,25.23935,9736,D,pulsed load (discharge)
5498.849999999999,0.999,3.485,25.25492,9736,D,pulsed load (discharge)
5499.849999999999,1.0,3.485,25.23935,9736,D,pulsed load (discharge)
5500.849999999999,0.999,3.484,25.27048,9736,D,pulsed load (discharge)
5501.849999999999,1.0,3.483,25.27048,9736,D,pulsed load (discharge)
5502.849999999999,1.0,3.483,25.25492,9736,D,pulsed load (discharge)
5503.849999999999,1.0,3.482,25.27048,9736,D,pulsed load (discharge)
5504.849999999999,1.0,3.481,25.27048,9736,D,pulsed load (discharge)
5505.849999999999,1.0,3.481,25.27048,9736,D,pulsed load (discharge)
5506.849999999999,1.0,3.48,25.28605,9736,D,pulsed load (discharge)
5507.849999999999,1.0,3.479,25.30162,9736,D,pulsed load (discharge)
5508.849999999999,1.0,3.479,25.30162,9736,D,pulsed load (discharge)
5509.849999999999,1.0,3.478,25.30162,9736,D,pulsed load (discharge)
5510.849999999999,1.0,3.477,25.31718,9736,D,pulsed load (discharge)
5511.849999999999,1.0,3.477,25.31718,9736,D,pulsed load (discharge)
5512.849999999999,1.0,3.476,25.31718,9736,D,pulsed load (discharge)
5513.849999999999,1.0,3.476,25.33275,9736,D,pulsed load (discharge)
5514.849999999999,1.0,3.475,25.33275,9736,D,pulsed load (discharge)
5515.849999999999,1.0,3.474,25.33275,9736,D,pulsed load (discharge)
5516.849999999999,1.0,3.473,25.33275,9736,D,pulsed load (discharge)
5517.849999999999,1.0,3.473,25.33275,9736,D,pulsed load (discharge)
5518.849999999999,1.0,3.472,25.34832,9736,D,pulsed load (discharge)
5519.849999999999,1.0,3.472,25.34832,9736,D,pulsed load (discharge)
5520.849999999999,1.0,3.471,25.34832,9736,D,pulsed load (discharge)
5521.849999999999,0.999,3.47,25.34832,9736,D,pulsed load (discharge)
5522.849999999999,0.999,3.47,25.36389,9736,D,pulsed load (discharge)
5523.849999999999,1.0,3.469,25.37945,9736,D,pulsed load (discharge)
5524.849999999999,1.0,3.468,25.37945,9736,D,pulsed load (discharge)
5525.849999999999,1.0,3.468,25.39502,9736,D,pulsed load (discharge)
5526.849999999999,0.999,3.467,25.39502,9736,D,pulsed load (discharge)
5527.849999999999,1.0,3.467,25.39502,9736,D,pulsed load (discharge)
5528.849999999999,1.0,3.466,25.39502,9736,D,pulsed load (discharge)
5529.849999999999,0.999,3.465,25.41059,9736,D,pulsed load (discharge)
5530.849999999999,1.0,3.465,25.41059,9736,D,pulsed load (discharge)
5531.849999999999,0.999,3.464,25.41059,9736,D,pulsed load (discharge)
5532.849999999999,1.0,3.463,25.41059,9736,D,pulsed load (discharge)
5533.849999999999,0.999,3.463,25.41059,9736,D,pulsed load (discharge)
5534.849999999999,1.0,3.462,25.41059,9736,D,pulsed load (discharge)
5535.849999999999,0.999,3.462,25.42615,9736,D,pulsed load (discharge)
5536.849999999999,1.0,3.461,25.42615,9736,D,pulsed load (discharge)
5537.849999999999,0.999,3.461,25.42615,9736,D,pulsed load (discharge)
5538.849999999999,1.0,3.46,25.42615,9736,D,pulsed load (discharge)
5539.849999999999,1.0,3.459,25.42615,9736,D,pulsed load (discharge)
5540.849999999999,1.001,3.459,25.42615,9736,D,pulsed load (discharge)
5541.849999999999,1.0,3.458,25.44172,9736,D,pulsed load (discharge)
5542.849999999999,0.999,3.457,25.44172,9736,D,pulsed load (discharge)
5543.849999999999,1.001,3.457,25.44172,9736,D,pulsed load (discharge)
5544.849999999999,0.999,3.456,25.44172,9736,D,pulsed load (discharge)
5545.849999999999,1.0,3.456,25.45728,9736,D,pulsed load (discharge)
5546.849999999999,1.0,3.455,25.45728,9736,D,pulsed load (discharge)
5547.849999999999,1.0,3.455,25.45728,9736,D,pulsed load (discharge)
5548.849999999999,0.999,3.454,25.45728,9736,D,pulsed load (discharge)
5549.849999999999,0.999,3.453,25.45728,9736,D,pulsed load (discharge)
5550.849999999999,1.0,3.453,25.45728,9736,D,pulsed load (discharge)
5551.849999999999,1.0,3.452,25.47285,9736,D,pulsed load (discharge)
5552.849999999999,1.0,3.452,25.48842,9736,D,pulsed load (discharge)
5553.849999999999,1.0,3.451,25.48842,9736,D,pulsed load (discharge)
5554.849999999999,1.0,3.45,25.48842,9736,D,pulsed load (discharge)
5555.849999999999,1.0,3.45,25.48842,9736,D,pulsed load (discharge)
5556.849999999999,1.001,3.449,25.48842,9736,D,pulsed load (discharge)
5557.849999999999,1.0,3.449,25.50398,9736,D,pulsed load (discharge)
5558.849999999999,1.0,3.448,25.50398,9736,D,pulsed load (discharge)
5559.849999999999,1.0,3.448,25.50398,9736,D,pulsed load (discharge)
5560.849999999999,1.001,3.447,25.50398,9736,D,pulsed load (discharge)
5561.849999999999,0.999,3.446,25.50398,9736,D,pulsed load (discharge)
5562.849999999999,1.0,3.446,25.50398,9736,D,pulsed load (discharge)
5563.849999999999,1.0,3.445,25.51955,9736,D,pulsed load (discharge)
5564.849999999999,0.999,3.445,25.53512,9736,D,pulsed load (discharge)
5565.849999999999,1.0,3.444,25.51955,9736,D,pulsed load (discharge)
5566.849999999999,1.0,3.444,25.53512,9736,D,pulsed load (discharge)
5567.849999999999,0.999,3.443,25.53512,9736,D,pulsed load (discharge)
5568.849999999999,1.0,3.442,25.53512,9736,D,pulsed load (discharge)
5569.849999999999,1.0,3.442,25.55069,9736,D,pulsed load (discharge)
5570.849999999999,1.0,3.441,25.56625,9736,D,pulsed load (discharge)
5571.849999999999,1.0,3.441,25.55069,9736,D,pulsed load (discharge)
5572.849999999999,1.0,3.44,25.55069,9736,D,pulsed load (discharge)
5573.849999999999,0.999,3.44,25.56625,9736,D,pulsed load (discharge)
5574.849999999999,1.0,3.439,25.56625,9736,D,pulsed load (discharge)
5575.849999999999,0.999,3.439,25.56625,9736,D,pulsed load (discharge)
5576.849999999999,1.0,3.438,25.58182,9736,D,pulsed load (discharge)
5577.849999999999,1.0,3.437,25.58182,9736,D,pulsed load (discharge)
5578.849999999999,1.0,3.437,25.58182,9736,D,pulsed load (discharge)
5579.849999999999,1.001,3.436,25.58182,9736,D,pulsed load (discharge)
5580.849999999999,0.999,3.436,25.59739,9736,D,pulsed load (discharge)
5581.849999999999,1.0,3.435,25.59739,9736,D,pulsed load (discharge)
5582.849999999999,0.999,3.435,25.59739,9736,D,pulsed load (discharge)
5583.849999999999,1.001,3.434,25.59739,9736,D,pulsed load (discharge)
5584.849999999999,0.999,3.433,25.59739,9736,D,pulsed load (discharge)
5585.849999999999,1.0,3.433,25.59739,9736,D,pulsed load (discharge)
5586.849999999999,1.0,3.432,25.61295,9736,D,pulsed load (discharge)
5587.849999999999,1.0,3.432,25.61295,9736,D,pulsed load (discharge)
5588.849999999999,1.0,3.431,25.61295,9736,D,pulsed load (discharge)
5589.849999999999,1.0,3.431,25.61295,9736,D,pulsed load (discharge)
5590.849999999999,0.999,3.43,25.61295,9736,D,pulsed load (discharge)
5591.849999999999,1.0,3.43,25.61295,9736,D,pulsed load (discharge)
5592.849999999999,1.0,3.429,25.64409,9736,D,pulsed load (discharge)
5593.849999999999,1.0,3.429,25.64409,9736,D,pulsed load (discharge)
5594.849999999999,1.0,3.428,25.64409,9736,D,pulsed load (discharge)
5595.849999999999,1.001,3.427,25.64409,9736,D,pulsed load (discharge)
5596.849999999999,1.0,3.427,25.64409,9736,D,pulsed load (discharge)
5597.849999999999,1.0,3.426,25.64409,9736,D,pulsed load (discharge)
5598.849999999999,1.0,3.426,25.67522,9736,D,pulsed load (discharge)
5599.849999999999,1.0,3.426,25.67522,9736,D,pulsed load (discharge)
5600.849999999999,1.0,3.425,25.67522,9736,D,pulsed load (discharge)
5601.849999999999,1.0,3.424,25.67522,9736,D,pulsed load (discharge)
5602.849999999999,1.0,3.424,25.67522,9736,D,pulsed load (discharge)
5603.849999999999,0.999,3.423,25.67522,9736,D,pulsed load (discharge)
5604.849999999999,1.0,3.423,25.69079,9736,D,pulsed load (discharge)
5605.849999999999,1.0,3.422,25.70635,9736,D,pulsed load (discharge)
5606.849999999999,0.999,3.422,25.69079,9736,D,pulsed load (discharge)
5607.849999999999,1.0,3.421,25.69079,9736,D,pulsed load (discharge)
5608.849999999999,1.0,3.42,25.70635,9736,D,pulsed load (discharge)
5609.849999999999,1.0,3.42,25.70635,9736,D,pulsed load (discharge)
5610.849999999999,1.0,3.419,25.72192,9736,D,pulsed load (discharge)
5611.849999999999,1.0,3.419,25.72192,9736,D,pulsed load (discharge)
5612.849999999999,1.0,3.418,25.70635,9736,D,pulsed load (discharge)
5613.849999999999,1.0,3.418,25.70635,9736,D,pulsed load (discharge)
5614.849999999999,1.0,3.417,25.72192,9736,D,pulsed load (discharge)
5615.849999999999,1.0,3.417,25.72192,9736,D,pulsed load (discharge)
5616.849999999999,1.0,3.416,25.73748,9736,D,pulsed load (discharge)
5617.849999999999,1.0,3.416,25.73748,9736,D,pulsed load (discharge)
5618.849999999999,0.999,3.415,25.73748,9736,D,pulsed load (discharge)
5619.849999999999,1.0,3.415,25.73748,9736,D,pulsed load (discharge)
5620.849999999999,1.0,3.414,25.75305,9736,D,pulsed load (discharge)
5621.849999999999,1.0,3.414,25.75305,9736,D,pulsed load (discharge)
5622.849999999999,1.0,3.413,25.75305,9736,D,pulsed load (discharge)
5623.849999999999,1.0,3.413,25.76862,9736,D,pulsed load (discharge)
5624.849999999999,1.0,3.412,25.75305,9736,D,pulsed load (discharge)
5625.849999999999,1.0,3.411,25.75305,9736,D,pulsed load (discharge)
5626.849999999999,1.001,3.411,25.76862,9736,D,pulsed load (discharge)
5627.849999999999,1.0,3.411,25.76862,9736,D,pulsed load (discharge)
5628.849999999999,1.0,3.41,25.76862,9736,D,pulsed load (discharge)
5629.849999999999,0.999,3.41,25.78419,9736,D,pulsed load (discharge)
5630.849999999999,1.001,3.409,25.76862,9736,D,pulsed load (discharge)
5631.849999999999,1.0,3.408,25.76862,9736,D,pulsed load (discharge)
5632.849999999999,1.0,3.408,25.78419,9736,D,pulsed load (discharge)
5633.849999999999,1.0,3.407,25.76862,9736,D,pulsed load (discharge)
5634.849999999999,1.0,3.407,25.78419,9736,D,pulsed load (discharge)
5635.849999999999,0.999,3.407,25.79975,9736,D,pulsed load (discharge)
5636.849999999999,1.0,3.406,25.78419,9736,D,pulsed load (discharge)
5637.849999999999,1.0,3.405,25.78419,9736,D,pulsed load (discharge)
5638.849999999999,0.999,3.405,25.79975,9736,D,pulsed load (discharge)
5639.849999999999,1.0,3.405,25.79975,9736,D,pulsed load (discharge)
5640.849999999999,1.001,3.404,25.79975,9736,D,pulsed load (discharge)
5641.849999999999,1.0,3.404,25.81532,9736,D,pulsed load (discharge)
5642.849999999999,1.0,3.403,25.81532,9736,D,pulsed load (discharge)
5643.849999999999,1.0,3.402,25.79975,9736,D,pulsed load (discharge)
5644.849999999999,1.0,3.402,25.79975,9736,D,pulsed load (discharge)
5645.849999999999,1.0,3.401,25.81532,9736,D,pulsed load (discharge)
5646.849999999999,1.0,3.401,25.81532,9736,D,pulsed load (discharge)
5647.849999999999,1.0,3.4,25.83088,9736,D,pulsed load (discharge)
5648.849999999999,1.0,3.4,25.83088,9736,D,pulsed load (discharge)
5649.849999999999,1.0,3.399,25.83088,9736,D,pulsed load (discharge)
5650.849999999999,1.0,3.399,25.83088,9736,D,pulsed load (discharge)
5651.849999999999,1.0,3.399,25.84645,9736,D,pulsed load (discharge)
5652.849999999999,1.0,3.398,25.84645,9736,D,pulsed load (discharge)
5653.849999999999,1.0,3.397,25.84645,9736,D,pulsed load (discharge)
5654.849999999999,1.0,3.397,25.84645,9736,D,pulsed load (discharge)
5655.849999999999,1.0,3.397,25.86202,9736,D,pulsed load (discharge)
5656.849999999999,1.0,3.396,25.86202,9736,D,pulsed load (discharge)
5657.849999999999,0.999,3.396,25.87759,9736,D,pulsed load (discharge)
5658.849999999999,1.0,3.395,25.87759,9736,D,pulsed load (discharge)
5659.849999999999,1.0,3.395,25.89315,9736,D,pulsed load (discharge)
5660.849999999999,0.999,3.394,25.89315,9736,D,pulsed load (discharge)
5661.849999999999,1.0,3.394,25.89315,9736,D,pulsed load (discharge)
5662.849999999999,1.0,3.393,25.89315,9736,D,pulsed load (discharge)
5663.849999999999,1.001,3.393,25.92429,9736,D,pulsed load (discharge)
5664.849999999999,1.0,3.392,25.92429,9736,D,pulsed load (discharge)
5665.849999999999,0.999,3.392,25.90872,9736,D,pulsed load (discharge)
5666.849999999999,1.0,3.391,25.92429,9736,D,pulsed load (discharge)
5667.849999999999,1.0,3.391,25.93985,9736,D,pulsed load (discharge)
5668.849999999999,1.0,3.39,25.93985,9736,D,pulsed load (discharge)
5669.849999999999,1.0,3.39,25.95542,9736,D,pulsed load (discharge)
5670.849999999999,0.999,3.389,25.95542,9736,D,pulsed load (discharge)
5671.849999999999,1.0,3.389,25.95542,9736,D,pulsed load (discharge)
5672.849999999999,0.999,3.388,25.95542,9736,D,pulsed load (discharge)
5673.849999999999,1.0,3.388,25.97099,9736,D,pulsed load (discharge)
5674.849999999999,1.0,3.387,25.97099,9736,D,pulsed load (discharge)
5675.849999999999,1.0,3.387,25.97099,9736,D,pulsed load (discharge)
5676.849999999999,1.001,3.386,25.97099,9736,D,pulsed load (discharge)
5677.849999999999,1.0,3.386,25.97099,9736,D,pulsed load (discharge)
5678.849999999999,1.001,3.385,25.97099,9736,D,pulsed load (discharge)
5679.849999999999,1.0,3.385,25.98655,9736,D,pulsed load (discharge)
5680.849999999999,0.999,3.384,25.98655,9736,D,pulsed load (discharge)
5681.849999999999,0.999,3.384,25.98655,9736,D,pulsed load (discharge)
5682.849999999999,1.001,3.383,25.98655,9736,D,pulsed load (discharge)
5683.849999999999,1.0,3.383,26.00212,9736,D,pulsed load (discharge)
5684.849999999999,1.0,3.382,26.00212,9736,D,pulsed load (discharge)
5685.849999999999,0.999,3.382,26.01768,9736,D,pulsed load (discharge)
5686.849999999999,1.001,3.381,26.03325,9736,D,pulsed load (discharge)
5687.849999999999,1.0,3.381,26.01768,9736,D,pulsed load (discharge)
5688.849999999999,0.999,3.381,26.03325,9736,D,pulsed load (discharge)
5689.849999999999,1.0,3.38,26.03325,9736,D,pulsed load (discharge)
5690.849999999999,0.999,3.38,26.03325,9736,D,pulsed load (discharge)
5691.849999999999,0.999,3.379,26.03325,9736,D,pulsed load (discharge)
5692.849999999999,1.0,3.379,26.04882,9736,D,pulsed load (discharge)
5693.849999999999,1.0,3.378,26.04882,9736,D,pulsed load (discharge)
5694.849999999999,1.0,3.378,26.04882,9736,D,pulsed load (discharge)
5695.849999999999,1.0,3.377,26.06439,9736,D,pulsed load (discharge)
5696.849999999999,1.0,3.377,26.06439,9736,D,pulsed load (discharge)
5697.849999999999,1.0,3.376,26.06439,9736,D,pulsed load (discharge)
5698.849999999999,1.0,3.376,26.07995,9736,D,pulsed load (discharge)
5699.849999999999,1.0,3.376,26.07995,9736,D,pulsed load (discharge)
5700.849999999999,1.0,3.375,26.07995,9736,D,pulsed load (discharge)
5701.849999999999,1.0,3.374,26.07995,9736,D,pulsed load (discharge)
5702.849999999999,1.0,3.374,26.09552,9736,D,pulsed load (discharge)
5703.849999999999,0.999,3.374,26.09552,9736,D,pulsed load (discharge)
5704.849999999999,1.001,3.373,26.11109,9736,D,pulsed load (discharge)
5705.849999999999,1.0,3.373,26.11109,9736,D,pulsed load (discharge)
5706.849999999999,1.0,3.372,26.11109,9736,D,pulsed load (discharge)
5707.849999999999,1.0,3.372,26.11109,9736,D,pulsed load (discharge)
5708.849999999999,1.0,3.371,26.12665,9736,D,pulsed load (discharge)
5709.849999999999,1.0,3.371,26.12665,9736,D,pulsed load (discharge)
5710.849999999999,1.0,3.37,26.12665,9736,D,pulsed load (discharge)
5711.849999999999,1.0,3.37,26.12665,9736,D,pulsed load (discharge)
5712.849999999999,1.001,3.369,26.12665,9736,D,pulsed load (discharge)
5713.849999999999,1.0,3.369,26.12665,9736,D,pulsed load (discharge)
5714.849999999999,1.0,3.369,26.15779,9736,D,pulsed load (discharge)
5715.849999999999,1.0,3.368,26.15779,9736,D,pulsed load (discharge)
5716.849999999999,1.0,3.367,26.15779,9736,D,pulsed load (discharge)
5717.849999999999,1.0,3.367,26.15779,9736,D,pulsed load (discharge)
5718.849999999999,0.999,3.367,26.15779,9736,D,pulsed load (discharge)
5719.849999999999,1.0,3.366,26.15779,9736,D,pulsed load (discharge)
5720.849999999999,1.0,3.366,26.17335,9736,D,pulsed load (discharge)
5721.849999999999,1.0,3.365,26.18892,9736,D,pulsed load (discharge)
5722.849999999999,1.0,3.365,26.17335,9736,D,pulsed load (discharge)
5723.849999999999,0.999,3.364,26.17335,9736,D,pulsed load (discharge)
5724.849999999999,1.001,3.364,26.18892,9736,D,pulsed load (discharge)
5725.849999999999,1.0,3.363,26.17335,9736,D,pulsed load (discharge)
5726.849999999999,1.0,3.363,26.20448,9736,D,pulsed load (discharge)
5727.849999999999,1.0,3.362,26.20448,9736,D,pulsed load (discharge)
5728.849999999999,1.0,3.362,26.20448,9736,D,pulsed load (discharge)
5729.849999999999,0.999,3.361,26.20448,9736,D,pulsed load (discharge)
5730.849999999999,1.0,3.361,26.20448,9736,D,pulsed load (discharge)
5731.849999999999,1.0,3.36,26.20448,9736,D,pulsed load (discharge)
5732.849999999999,1.0,3.36,26.22005,9736,D,pulsed load (discharge)
5733.849999999999,1.0,3.36,26.23562,9736,D,pulsed load (discharge)
5734.849999999999,1.0,3.359,26.22005,9736,D,pulsed load (discharge)
5735.849999999999,1.0,3.359,26.23562,9736,D,pulsed load (discharge)
5736.849999999999,1.0,3.358,26.23562,9736,D,pulsed load (discharge)
5737.849999999999,1.0,3.358,26.23562,9736,D,pulsed load (discharge)
5738.849999999999,1.001,3.357,26.25119,9736,D,pulsed load (discharge)
5739.849999999999,0.999,3.357,26.25119,9736,D,pulsed load (discharge)
5740.849999999999,1.0,3.356,26.25119,9736,D,pulsed load (discharge)
5741.849999999999,1.0,3.356,26.25119,9736,D,pulsed load (discharge)
5742.849999999999,1.0,3.355,26.25119,9736,D,pulsed load (discharge)
5743.849999999999,1.0,3.355,26.25119,9736,D,pulsed load (discharge)
5744.849999999999,1.0,3.354,26.25119,9736,D,pulsed load (discharge)
5745.849999999999,1.0,3.354,26.26675,9736,D,pulsed load (discharge)
5746.849999999999,0.999,3.354,26.26675,9736,D,pulsed load (discharge)
5747.849999999999,1.0,3.353,26.26675,9736,D,pulsed load (discharge)
5748.849999999999,1.0,3.352,26.26675,9736,D,pulsed load (discharge)
5749.849999999999,1.0,3.352,26.26675,9736,D,pulsed load (discharge)
5750.849999999999,1.0,3.351,26.26675,9736,D,pulsed load (discharge)
5751.849999999999,0.999,3.351,26.28232,9736,D,pulsed load (discharge)
5752.849999999999,1.0,3.351,26.28232,9736,D,pulsed load (discharge)
5753.849999999999,1.0,3.35,26.29789,9736,D,pulsed load (discharge)
5754.849999999999,0.999,3.35,26.29789,9736,D,pulsed load (discharge)
5755.849999999999,1.0,3.349,26.29789,9736,D,pulsed load (discharge)
5756.849999999999,1.0,3.349,26.29789,9736,D,pulsed load (discharge)
5757.849999999999,1.0,3.348,26.32902,9736,D,pulsed load (discharge)
5758.849999999999,1.0,3.348,26.31345,9736,D,pulsed load (discharge)
5759.849999999999,1.0,3.347,26.32902,9736,D,pulsed load (discharge)
5760.849999999999,1.0,3.347,26.32902,9736,D,pulsed load (discharge)
5761.849999999999,0.999,3.346,26.32902,9736,D,pulsed load (discharge)
5762.849999999999,1.0,3.346,26.32902,9736,D,pulsed load (discharge)
5763.849999999999,1.0,3.345,26.34459,9736,D,pulsed load (discharge)
5764.849999999999,1.0,3.345,26.34459,9736,D,pulsed load (discharge)
5765.849999999999,1.0,3.345,26.36015,9736,D,pulsed load (discharge)
5766.849999999999,1.0,3.344,26.36015,9736,D,pulsed load (discharge)
5767.849999999999,1.0,3.344,26.36015,9736,D,pulsed load (discharge)
5768.849999999999,1.0,3.343,26.36015,9736,D,pulsed load (discharge)
5769.849999999999,0.999,3.343,26.39129,9736,D,pulsed load (discharge)
5770.849999999999,1.0,3.342,26.39129,9736,D,pulsed load (discharge)
5771.849999999999,1.0,3.342,26.39129,9736,D,pulsed load (discharge)
5772.849999999999,1.0,3.341,26.39129,9736,D,pulsed load (discharge)
5773.849999999999,1.0,3.341,26.39129,9736,D,pulsed load (discharge)
5774.849999999999,1.0,3.34,26.37572,9736,D,pulsed load (discharge)
5775.849999999999,1.0,3.34,26.40685,9736,D,pulsed load (discharge)
5776.849999999999,1.0,3.339,26.40685,9736,D,pulsed load (discharge)
5777.849999999999,1.0,3.339,26.40685,9736,D,pulsed load (discharge)
5778.849999999999,1.0,3.339,26.40685,9736,D,pulsed load (discharge)
5779.849999999999,1.0,3.338,26.40685,9736,D,pulsed load (discharge)
5780.849999999999,1.0,3.338,26.40685,9736,D,pulsed load (discharge)
5781.849999999999,1.0,3.337,26.43798,9736,D,pulsed load (discharge)
5782.849999999999,1.0,3.337,26.43798,9736,D,pulsed load (discharge)
5783.849999999999,0.999,3.336,26.45355,9736,D,pulsed load (discharge)
5784.849999999999,1.001,3.336,26.45355,9736,D,pulsed load (discharge)
5785.849999999999,1.0,3.335,26.45355,9736,D,pulsed load (discharge)
5786.849999999999,1.0,3.335,26.45355,9736,D,pulsed load (discharge)
5787.849999999999,0.999,3.334,26.46912,9736,D,pulsed load (discharge)
5788.849999999999,1.0,3.334,26.46912,9736,D,pulsed load (discharge)
5789.849999999999,0.999,3.333,26.46912,9736,D,pulsed load (discharge)
5790.849999999999,1.0,3.333,26.48469,9736,D,pulsed load (discharge)
5791.849999999999,1.0,3.332,26.48469,9736,D,pulsed load (discharge)
5792.849999999999,1.0,3.332,26.48469,9736,D,pulsed load (discharge)
5793.849999999999,1.0,3.332,26.50025,9736,D,pulsed load (discharge)
5794.849999999999,1.0,3.331,26.51582,9736,D,pulsed load (discharge)
5795.849999999999,1.0,3.331,26.50025,9736,D,pulsed load (discharge)
5796.849999999999,1.0,3.33,26.50025,9736,D,pulsed load (discharge)
5797.849999999999,1.0,3.33,26.51582,9736,D,pulsed load (discharge)
5798.849999999999,1.0,3.329,26.51582,9736,D,pulsed load (discharge)
5799.849999999999,1.0,3.329,26.53139,9736,D,pulsed load (discharge)
5800.849999999999,0.999,3.328,26.53139,9736,D,pulsed load (discharge)
5801.849999999999,1.0,3.328,26.53139,9736,D,pulsed load (discharge)
5802.849999999999,1.0,3.327,26.53139,9736,D,pulsed load (discharge)
5803.849999999999,0.999,3.327,26.54695,9736,D,pulsed load (discharge)
5804.849999999999,1.0,3.326,26.54695,9736,D,pulsed load (discharge)
5805.849999999999,0.999,3.326,26.54695,9736,D,pulsed load (discharge)
5806.849999999999,0.999,3.326,26.56252,9736,D,pulsed load (discharge)
5807.849999999999,1.0,3.325,26.56252,9736,D,pulsed load (discharge)
5808.849999999999,1.0,3.325,26.56252,9736,D,pulsed load (discharge)
5809.849999999999,1.0,3.324,26.57809,9736,D,pulsed load (discharge)
5810.849999999999,0.999,3.324,26.57809,9736,D,pulsed load (discharge)
5811.849999999999,1.0,3.323,26.57809,9736,D,pulsed load (discharge)
5812.849999999999,1.001,3.323,26.60922,9736,D,pulsed load (discharge)
5813.849999999999,1.0,3.322,26.59365,9736,D,pulsed load (discharge)
5814.849999999999,0.999,3.322,26.59365,9736,D,pulsed load (discharge)
5815.849999999999,1.0,3.321,26.60922,9736,D,pulsed load (discharge)
5816.849999999999,0.999,3.321,26.60922,9736,D,pulsed load (discharge)
5817.849999999999,0.999,3.32,26.60922,9736,D,pulsed load (discharge)
5818.849999999999,1.0,3.32,26.62479,9736,D,pulsed load (discharge)
5819.849999999999,1.0,3.319,26.62479,9736,D,pulsed load (discharge)
5820.849999999999,1.001,3.319,26.62479,9736,D,pulsed load (discharge)
5821.849999999999,1.0,3.318,26.62479,9736,D,pulsed load (discharge)
5822.849999999999,1.0,3.318,26.64035,9736,D,pulsed load (discharge)
5823.849999999999,1.0,3.318,26.64035,9736,D,pulsed load (discharge)
5824.849999999999,1.0,3.317,26.64035,9736,D,pulsed load (discharge)
5825.849999999999,1.0,3.317,26.65592,9736,D,pulsed load (discharge)
5826.849999999999,1.0,3.316,26.64035,9736,D,pulsed load (discharge)
5827.849999999999,0.999,3.316,26.64035,9736,D,pulsed load (discharge)
5828.849999999999,0.999,3.315,26.67149,9736,D,pulsed load (discharge)
5829.849999999999,1.0,3.315,26.67149,9736,D,pulsed load (discharge)
5830.849999999999,1.0,3.314,26.67149,9736,D,pulsed load (discharge)
5831.849999999999,1.001,3.314,26.67149,9736,D,pulsed load (discharge)
5832.849999999999,1.0,3.313,26.67149,9736,D,pulsed load (discharge)
5833.849999999999,1.0,3.313,26.67149,9736,D,pulsed load (discharge)
5834.849999999999,1.0,3.312,26.68705,9736,D,pulsed load (discharge)
5835.849999999999,1.0,3.312,26.68705,9736,D,pulsed load (discharge)
5836.849999999999,0.999,3.311,26.68705,9736,D,pulsed load (discharge)
5837.849999999999,1.0,3.311,26.68705,9736,D,pulsed load (discharge)
5838.849999999999,1.0,3.31,26.68705,9736,D,pulsed load (discharge)
5839.849999999999,1.0,3.31,26.68705,9736,D,pulsed load (discharge)
5840.849999999999,0.999,3.309,26.71819,9736,D,pulsed load (discharge)
5841.849999999999,1.0,3.309,26.71819,9736,D,pulsed load (discharge)
5842.849999999999,1.0,3.309,26.71819,9736,D,pulsed load (discharge)
5843.849999999999,1.0,3.308,26.71819,9736,D,pulsed load (discharge)
5844.849999999999,1.0,3.307,26.71819,9736,D,pulsed load (discharge)
5845.849999999999,1.0,3.307,26.71819,9736,D,pulsed load (discharge)
5846.849999999999,1.0,3.307,26.74932,9736,D,pulsed load (discharge)
5847.849999999999,1.0,3.306,26.74932,9736,D,pulsed load (discharge)
5848.849999999999,1.0,3.306,26.74932,9736,D,pulsed load (discharge)
5849.849999999999,1.0,3.305,26.74932,9736,D,pulsed load (discharge)
5850.849999999999,1.0,3.305,26.76489,9736,D,pulsed load (discharge)
5851.849999999999,1.0,3.304,26.76489,9736,D,pulsed load (discharge)
5852.849999999999,1.0,3.304,26.79602,9736,D,pulsed load (discharge)
5853.849999999999,1.0,3.303,26.79602,9736,D,pulsed load (discharge)
5854.849999999999,1.0,3.303,26.79602,9736,D,pulsed load (discharge)
5855.849999999999,1.0,3.302,26.79602,9736,D,pulsed load (discharge)
5856.849999999999,0.999,3.302,26.79602,9736,D,pulsed load (discharge)
5857.849999999999,0.999,3.301,26.79602,9736,D,pulsed load (discharge)
5858.849999999999,1.0,3.301,26.82715,9736,D,pulsed load (discharge)
5859.849999999999,1.0,3.3,26.82715,9736,D,pulsed load (discharge)
5860.849999999999,1.0,3.3,26.82715,9736,D,pulsed load (discharge)
5861.849999999999,0.999,3.299,26.82715,9736,D,pulsed load (discharge)
5862.849999999999,0.999,3.299,26.84272,9736,D,pulsed load (discharge)
5863.849999999999,1.001,3.298,26.82715,9736,D,pulsed load (discharge)
5864.849999999999,1.001,3.298,26.85829,9736,D,pulsed load (discharge)
5865.849999999999,1.0,3.297,26.85829,9736,D,pulsed load (discharge)
5866.849999999999,0.999,3.297,26.85829,9736,D,pulsed load (discharge)
5867.849999999999,1.0,3.296,26.85829,9736,D,pulsed load (discharge)
5868.849999999999,1.0,3.296,26.87385,9736,D,pulsed load (discharge)
5869.849999999999,1.0,3.295,26.85829,9736,D,pulsed load (discharge)
5870.849999999999,1.0,3.295,26.87385,9736,D,pulsed load (discharge)
5871.849999999999,1.0,3.294,26.88942,9736,D,pulsed load (discharge)
5872.849999999999,1.0,3.294,26.88942,9736,D,pulsed load (discharge)
5873.849999999999,1.0,3.293,26.88942,9736,D,pulsed load (discharge)
5874.849999999999,1.0,3.293,26.88942,9736,D,pulsed load (discharge)
5875.849999999999,0.999,3.293,26.88942,9736,D,pulsed load (discharge)
5876.849999999999,1.001,3.292,26.90499,9736,D,pulsed load (discharge)
5877.849999999999,1.001,3.291,26.92055,9736,D,pulsed load (discharge)
5878.849999999999,0.999,3.291,26.92055,9736,D,pulsed load (discharge)
5879.849999999999,1.0,3.291,26.92055,9736,D,pulsed load (discharge)
5880.849999999999,1.0,3.29,26.92055,9736,D,pulsed load (discharge)
5881.849999999999,0.999,3.29,26.92055,9736,D,pulsed load (discharge)
5882.849999999999,1.0,3.289,26.93612,9736,D,pulsed load (discharge)
5883.849999999999,1.0,3.289,26.93612,9736,D,pulsed load (discharge)
5884.849999999999,0.999,3.288,26.93612,9736,D,pulsed load (discharge)
5885.849999999999,1.0,3.288,26.95168,9736,D,pulsed load (discharge)
5886.849999999999,1.0,3.287,26.95168,9736,D,pulsed load (discharge)
5887.849999999999,1.0,3.287,26.95168,9736,D,pulsed load (discharge)
5888.849999999999,0.999,3.286,26.95168,9736,D,pulsed load (discharge)
5889.849999999999,1.0,3.286,26.96725,9736,D,pulsed load (discharge)
5890.849999999999,1.0,3.285,26.96725,9736,D,pulsed load (discharge)
5891.849999999999,1.0,3.285,26.98282,9736,D,pulsed load (discharge)
5892.849999999999,1.0,3.284,26.98282,9736,D,pulsed load (discharge)
5893.849999999999,0.999,3.284,26.96725,9736,D,pulsed load (discharge)
5894.849999999999,0.999,3.283,26.98282,9736,D,pulsed load (discharge)
5895.849999999999,1.0,3.283,26.99839,9736,D,pulsed load (discharge)
5896.849999999999,1.0,3.282,26.99839,9736,D,pulsed load (discharge)
5897.849999999999,1.0,3.282,27.01395,9736,D,pulsed load (discharge)
5898.849999999999,1.0,3.281,27.01395,9736,D,pulsed load (discharge)
5899.849999999999,1.0,3.281,27.01395,9736,D,pulsed load (discharge)
5900.849999999999,1.0,3.28,27.01395,9736,D,pulsed load (discharge)
5901.849999999999,1.0,3.28,27.02952,9736,D,pulsed load (discharge)
5902.849999999999,1.0,3.279,27.02952,9736,D,pulsed load (discharge)
5903.849999999999,0.999,3.279,27.04509,9736,D,pulsed load (discharge)
5904.849999999999,1.0,3.278,27.04509,9736,D,pulsed load (discharge)
5905.849999999999,1.0,3.278,27.04509,9736,D,pulsed load (discharge)
5906.849999999999,0.999,3.277,27.04509,9736,D,pulsed load (discharge)
5907.849999999999,1.0,3.277,27.06066,9736,D,pulsed load (discharge)
5908.849999999999,0.999,3.276,27.06066,9736,D,pulsed load (discharge)
5909.849999999999,1.0,3.276,27.07622,9736,D,pulsed load (discharge)
5910.849999999999,1.0,3.275,27.07622,9736,D,pulsed load (discharge)
5911.849999999999,1.0,3.275,27.07622,9736,D,pulsed load (discharge)
5912.849999999999,1.0,3.274,27.07622,9736,D,pulsed load (discharge)
5913.849999999999,1.0,3.273,27.07622,9736,D,pulsed load (discharge)
5914.849999999999,0.999,3.273,27.07622,9736,D,pulsed load (discharge)
5915.849999999999,1.0,3.273,27.10735,9736,D,pulsed load (discharge)
5916.849999999999,1.0,3.272,27.10735,9736,D,pulsed load (discharge)
5917.849999999999,1.001,3.271,27.10735,9736,D,pulsed load (discharge)
5918.849999999999,1.0,3.271,27.10735,9736,D,pulsed load (discharge)
5919.849999999999,1.0,3.27,27.10735,9736,D,pulsed load (discharge)
5920.849999999999,1.0,3.27,27.10735,9736,D,pulsed load (discharge)
5921.849999999999,1.0,3.269,27.10735,9736,D,pulsed load (discharge)
5922.849999999999,1.0,3.269,27.10735,9736,D,pulsed load (discharge)
5923.849999999999,1.001,3.268,27.10735,9736,D,pulsed load (discharge)
5924.849999999999,1.0,3.268,27.12292,9736,D,pulsed load (discharge)
5925.849999999999,1.0,3.267,27.10735,9736,D,pulsed load (discharge)
5926.849999999999,1.0,3.267,27.12292,9736,D,pulsed load (discharge)
5927.849999999999,0.999,3.266,27.13849,9736,D,pulsed load (discharge)
5928.849999999999,1.0,3.266,27.13849,9736,D,pulsed load (discharge)
5929.849999999999,0.999,3.265,27.13849,9736,D,pulsed load (discharge)
5930.849999999999,1.0,3.265,27.13849,9736,D,pulsed load (discharge)
5931.849999999999,0.999,3.264,27.13849,9736,D,pulsed load (discharge)
5932.849999999999,1.0,3.264,27.15405,9736,D,pulsed load (discharge)
5933.849999999999,1.0,3.263,27.15405,9736,D,pulsed load (discharge)
5934.849999999999,1.0,3.263,27.16962,9736,D,pulsed load (discharge)
5935.849999999999,0.999,3.262,27.16962,9736,D,pulsed load (discharge)
5936.849999999999,1.0,3.261,27.18519,9736,D,pulsed load (discharge)
5937.849999999999,1.0,3.261,27.18519,9736,D,pulsed load (discharge)
5938.849999999999,1.001,3.26,27.20075,9736,D,pulsed load (discharge)
5939.849999999999,1.0,3.26,27.20075,9736,D,pulsed load (discharge)
5940.849999999999,1.0,3.259,27.20075,9736,D,pulsed load (discharge)
5941.849999999999,1.001,3.259,27.20075,9736,D,pulsed load (discharge)
5942.849999999999,1.0,3.258,27.21632,9736,D,pulsed load (discharge)
5943.849999999999,0.999,3.258,27.21632,9736,D,pulsed load (discharge)
5944.849999999999,1.0,3.257,27.21632,9736,D,pulsed load (discharge)
5945.849999999999,1.0,3.257,27.23189,9736,D,pulsed load (discharge)
5946.849999999999,1.0,3.256,27.21632,9736,D,pulsed load (discharge)
5947.849999999999,1.0,3.256,27.23189,9736,D,pulsed load (discharge)
5948.849999999999,1.0,3.255,27.24745,9736,D,pulsed load (discharge)
5949.849999999999,1.0,3.255,27.24745,9736,D,pulsed load (discharge)
5950.849999999999,0.999,3.254,27.24745,9736,D,pulsed load (discharge)
5951.849999999999,1.0,3.254,27.26302,9736,D,pulsed load (discharge)
5952.849999999999,1.0,3.253,27.26302,9736,D,pulsed load (discharge)
5953.849999999999,1.001,3.253,27.26302,9736,D,pulsed load (discharge)
5954.849999999999,1.0,3.252,27.27859,9736,D,pulsed load (discharge)
5955.849999999999,0.999,3.252,27.27859,9736,D,pulsed load (discharge)
5956.849999999999,1.0,3.251,27.27859,9736,D,pulsed load (discharge)
5957.849999999999,1.0,3.25,27.29416,9736,D,pulsed load (discharge)
5958.849999999999,1.0,3.25,27.29416,9736,D,pulsed load (discharge)
5959.849999999999,0.999,3.249,27.29416,9736,D,pulsed load (discharge)
5960.849999999999,1.0,3.249,27.30972,9736,D,pulsed load (discharge)
5961.849999999999,1.001,3.248,27.30972,9736,D,pulsed load (discharge)
5962.849999999999,1.0,3.248,27.29416,9736,D,pulsed load (discharge)
5963.849999999999,1.0,3.247,27.29416,9736,D,pulsed load (discharge)
5964.849999999999,1.0,3.247,27.32529,9736,D,pulsed load (discharge)
5965.849999999999,0.999,3.246,27.32529,9736,D,pulsed load (discharge)
5966.849999999999,1.0,3.246,27.32529,9736,D,pulsed load (discharge)
5967.849999999999,1.0,3.245,27.32529,9736,D,pulsed load (discharge)
5968.849999999999,1.0,3.244,27.32529,9736,D,pulsed load (discharge)
5969.849999999999,1.0,3.244,27.32529,9736,D,pulsed load (discharge)
5970.849999999999,1.0,3.243,27.35642,9736,D,pulsed load (discharge)
5971.849999999999,1.0,3.243,27.35642,9736,D,pulsed load (discharge)
5972.849999999999,1.0,3.242,27.37199,9736,D,pulsed load (discharge)
5973.849999999999,1.001,3.242,27.37199,9736,D,pulsed load (discharge)
5974.849999999999,1.0,3.241,27.37199,9736,D,pulsed load (discharge)
5975.849999999999,0.999,3.241,27.37199,9736,D,pulsed load (discharge)
5976.849999999999,1.001,3.24,27.40312,9736,D,pulsed load (discharge)
5977.849999999999,1.001,3.239,27.40312,9736,D,pulsed load (discharge)
5978.849999999999,1.0,3.239,27.40312,9736,D,pulsed load (discharge)
5979.849999999999,1.0,3.238,27.41869,9736,D,pulsed load (discharge)
5980.849999999999,1.0,3.238,27.40312,9736,D,pulsed load (discharge)
5981.849999999999,1.0,3.237,27.40312,9736,D,pulsed load (discharge)
5982.849999999999,0.999,3.237,27.43425,9736,D,pulsed load (discharge)
5983.849999999999,1.0,3.236,27.43425,9736,D,pulsed load (discharge)
5984.849999999999,1.0,3.236,27.43425,9736,D,pulsed load (discharge)
5985.849999999999,1.0,3.235,27.43425,9736,D,pulsed load (discharge)
5986.849999999999,1.001,3.235,27.43425,9736,D,pulsed load (discharge)
5987.849999999999,0.999,3.234,27.43425,9736,D,pulsed load (discharge)
5988.849999999999,1.0,3.234,27.44982,9736,D,pulsed load (discharge)
5989.849999999999,0.999,3.233,27.46539,9736,D,pulsed load (discharge)
5990.849999999999,1.0,3.232,27.46539,9736,D,pulsed load (discharge)
5991.849999999999,0.999,3.232,27.48096,9736,D,pulsed load (discharge)
5992.849999999999,1.0,3.231,27.48096,9736,D,pulsed load (discharge)
5993.849999999999,1.0,3.231,27.48096,9736,D,pulsed load (discharge)
5994.849999999999,1.0,3.23,27.49652,9736,D,pulsed load (discharge)
5995.849999999999,1.0,3.23,27.49652,9736,D,pulsed load (discharge)
5996.849999999999,1.0,3.229,27.49652,9736,D,pulsed load (discharge)
5997.849999999999,1.0,3.229,27.51209,9736,D,pulsed load (discharge)
5998.849999999999,1.0,3.228,27.51209,9736,D,pulsed load (discharge)
5999.8099999999995,1.0,3.227,27.51209,9736,D,pulsed load (discharge)
5999.8099999999995,0.0,3.317,27.51209,9737,R,pulsed load (rest)
6000.8099999999995,0.0,3.459,27.52765,9737,R,pulsed load (rest)
6001.8099999999995,0.0,3.479,27.52765,9737,R,pulsed load (rest)
6002.8099999999995,0.0,3.489,27.52765,9737,R,pulsed load (rest)
6003.8099999999995,0.0,3.496,27.54322,9737,R,pulsed load (rest)
6004.8099999999995,0.0,3.501,27.54322,9737,R,pulsed load (rest)
6005.8099999999995,0.0,3.507,27.54322,9737,R,pulsed load (rest)
6006.8099999999995,0.0,3.511,27.54322,9737,R,pulsed load (rest)
6007.8099999999995,0.0,3.515,27.54322,9737,R,pulsed load (rest)
6008.8099999999995,0.0,3.519,27.55879,9737,R,pulsed load (rest)
6009.8099999999995,0.0,3.523,27.54322,9737,R,pulsed load (rest)
6010.8099999999995,0.0,3.527,27.55879,9737,R,pulsed load (rest)
6011.8099999999995,0.0,3.529,27.55879,9737,R,pulsed load (rest)
6012.8099999999995,0.0,3.533,27.55879,9737,R,pulsed load (rest)
6013.8099999999995,0.0,3.536,27.55879,9737,R,pulsed load (rest)
6014.8099999999995,0.0,3.538,27.55879,9737,R,pulsed load (rest)
6015.8099999999995,0.0,3.541,27.55879,9737,R,pulsed load (rest)
6016.8099999999995,0.0,3.544,27.55879,9737,R,pulsed load (rest)
6017.8099999999995,0.0,3.546,27.55879,9737,R,pulsed load (rest)
6018.8099999999995,0.0,3.548,27.55879,9737,R,pulsed load (rest)
6019.8099999999995,0.0,3.551,27.55879,9737,R,pulsed load (rest)
6020.8099999999995,0.0,3.553,27.55879,9737,R,pulsed load (rest)
6021.8099999999995,0.0,3.555,27.55879,9737,R,pulsed load (rest)
6022.8099999999995,0.0,3.557,27.55879,9737,R,pulsed load (rest)
6023.8099999999995,0.0,3.559,27.55879,9737,R,pulsed load (rest)
6024.8099999999995,0.0,3.561,27.55879,9737,R,pulsed load (rest)
6025.8099999999995,0.0,3.563,27.55879,9737,R,pulsed load (rest)
6026.8099999999995,0.0,3.564,27.55879,9737,R,pulsed load (rest)
6027.8099999999995,0.0,3.566,27.55879,9737,R,pulsed load (rest)
6028.8099999999995,0.0,3.568,27.55879,9737,R,pulsed load (rest)
6029.8099999999995,0.0,3.569,27.54322,9737,R,pulsed load (rest)
6030.8099999999995,0.0,3.571,27.54322,9737,R,pulsed load (rest)
6031.8099999999995,0.0,3.573,27.54322,9737,R,pulsed load (rest)
6032.8099999999995,0.0,3.574,27.54322,9737,R,pulsed load (rest)
6033.8099999999995,0.0,3.575,27.54322,9737,R,pulsed load (rest)
6034.8099999999995,0.0,3.577,27.54322,9737,R,pulsed load (rest)
6035.8099999999995,0.0,3.578,27.52765,9737,R,pulsed load (rest)
6036.8099999999995,0.0,3.58,27.52765,9737,R,pulsed load (rest)
6037.8099999999995,0.0,3.581,27.52765,9737,R,pulsed load (rest)
6038.8099999999995,0.0,3.582,27.52765,9737,R,pulsed load (rest)
6039.8099999999995,0.0,3.583,27.52765,9737,R,pulsed load (rest)
6040.8099999999995,0.0,3.585,27.52765,9737,R,pulsed load (rest)
6041.8099999999995,0.0,3.586,27.52765,9737,R,pulsed load (rest)
6042.8099999999995,0.0,3.587,27.52765,9737,R,pulsed load (rest)
6043.8099999999995,0.0,3.588,27.52765,9737,R,pulsed load (rest)
6044.8099999999995,0.0,3.589,27.51209,9737,R,pulsed load (rest)
6045.8099999999995,0.0,3.59,27.52765,9737,R,pulsed load (rest)
6046.8099999999995,0.0,3.591,27.51209,9737,R,pulsed load (rest)
6047.8099999999995,0.0,3.592,27.51209,9737,R,pulsed load (rest)
6048.8099999999995,0.0,3.593,27.51209,9737,R,pulsed load (rest)
6049.8099999999995,0.0,3.594,27.51209,9737,R,pulsed load (rest)
6050.8099999999995,0.0,3.595,27.49652,9737,R,pulsed load (rest)
6051.8099999999995,0.0,3.596,27.49652,9737,R,pulsed load (rest)
6052.8099999999995,0.0,3.597,27.48096,9737,R,pulsed load (rest)
6053.8099999999995,0.0,3.598,27.49652,9737,R,pulsed load (rest)
6054.8099999999995,0.0,3.599,27.49652,9737,R,pulsed load (rest)
6055.8099999999995,0.0,3.6,27.48096,9737,R,pulsed load (rest)
6056.8099999999995,0.0,3.601,27.49652,9737,R,pulsed load (rest)
6057.8099999999995,0.0,3.602,27.49652,9737,R,pulsed load (rest)
6058.8099999999995,0.0,3.602,27.48096,9737,R,pulsed load (rest)
6059.8099999999995,0.0,3.603,27.48096,9737,R,pulsed load (rest)
6060.8099999999995,0.0,3.604,27.48096,9737,R,pulsed load (rest)
6061.8099999999995,0.0,3.605,27.48096,9737,R,pulsed load (rest)
6062.8099999999995,0.0,3.606,27.48096,9737,R,pulsed load (rest)
6063.8099999999995,0.0,3.606,27.48096,9737,R,pulsed load (rest)
6064.8099999999995,0.0,3.607,27.46539,9737,R,pulsed load (rest)
6065.8099999999995,0.0,3.608,27.46539,9737,R,pulsed load (rest)
6066.8099999999995,0.0,3.609,27.44982,9737,R,pulsed load (rest)
6067.8099999999995,0.0,3.609,27.44982,9737,R,pulsed load (rest)
6068.8099999999995,0.0,3.61,27.44982,9737,R,pulsed load (rest)
6069.8099999999995,0.0,3.611,27.44982,9737,R,pulsed load (rest)
6070.8099999999995,0.0,3.611,27.44982,9737,R,pulsed load (rest)
6071.8099999999995,0.0,3.612,27.44982,9737,R,pulsed load (rest)
6072.8099999999995,0.0,3.613,27.43425,9737,R,pulsed load (rest)
6073.8099999999995,0.0,3.613,27.43425,9737,R,pulsed load (rest)
6074.8099999999995,0.0,3.614,27.43425,9737,R,pulsed load (rest)
6075.8099999999995,0.0,3.614,27.43425,9737,R,pulsed load (rest)
6076.8099999999995,0.0,3.615,27.43425,9737,R,pulsed load (rest)
6077.8099999999995,0.0,3.616,27.43425,9737,R,pulsed load (rest)
6078.8099999999995,0.0,3.616,27.41869,9737,R,pulsed load (rest)
6079.8099999999995,0.0,3.617,27.41869,9737,R,pulsed load (rest)
6080.8099999999995,0.0,3.617,27.40312,9737,R,pulsed load (rest)
6081.8099999999995,0.0,3.618,27.40312,9737,R,pulsed load (rest)
6082.8099999999995,0.0,3.618,27.40312,9737,R,pulsed load (rest)
6083.8099999999995,0.0,3.619,27.40312,9737,R,pulsed load (rest)
6084.8099999999995,0.0,3.62,27.40312,9737,R,pulsed load (rest)
6085.8099999999995,0.0,3.62,27.40312,9737,R,pulsed load (rest)
6086.8099999999995,0.0,3.621,27.40312,9737,R,pulsed load (rest)
6087.8099999999995,0.0,3.621,27.40312,9737,R,pulsed load (rest)
6088.8099999999995,0.0,3.622,27.40312,9737,R,pulsed load (rest)
6089.8099999999995,0.0,3.622,27.38755,9737,R,pulsed load (rest)
6090.8099999999995,0.0,3.623,27.40312,9737,R,pulsed load (rest)
6091.8099999999995,0.0,3.623,27.38755,9737,R,pulsed load (rest)
6092.8099999999995,0.0,3.624,27.40312,9737,R,pulsed load (rest)
6093.8099999999995,0.0,3.624,27.40312,9737,R,pulsed load (rest)
6094.8099999999995,0.0,3.624,27.38755,9737,R,pulsed load (rest)
6095.8099999999995,0.0,3.625,27.38755,9737,R,pulsed load (rest)
6096.8099999999995,0.0,3.625,27.38755,9737,R,pulsed load (rest)
6097.8099999999995,0.0,3.626,27.37199,9737,R,pulsed load (rest)
6098.8099999999995,0.0,3.626,27.38755,9737,R,pulsed load (rest)
6099.8099999999995,0.0,3.627,27.37199,9737,R,pulsed load (rest)
6100.8099999999995,0.0,3.627,27.37199,9737,R,pulsed load (rest)
6101.8099999999995,0.0,3.628,27.37199,9737,R,pulsed load (rest)
6102.8099999999995,0.0,3.628,27.35642,9737,R,pulsed load (rest)
6103.8099999999995,0.0,3.628,27.35642,9737,R,pulsed load (rest)
6104.8099999999995,0.0,3.629,27.35642,9737,R,pulsed load (rest)
6105.8099999999995,0.0,3.629,27.35642,9737,R,pulsed load (rest)
6106.8099999999995,0.0,3.63,27.35642,9737,R,pulsed load (rest)
6107.8099999999995,0.0,3.63,27.35642,9737,R,pulsed load (rest)
6108.8099999999995,0.0,3.63,27.34085,9737,R,pulsed load (rest)
6109.8099999999995,0.0,3.631,27.35642,9737,R,pulsed load (rest)
6110.8099999999995,0.0,3.631,27.34085,9737,R,pulsed load (rest)
6111.8099999999995,0.0,3.632,27.34085,9737,R,pulsed load (rest)
6112.8099999999995,0.0,3.632,27.34085,9737,R,pulsed load (rest)
6113.8099999999995,0.0,3.632,27.34085,9737,R,pulsed load (rest)
6114.8099999999995,0.0,3.632,27.34085,9737,R,pulsed load (rest)
6115.8099999999995,0.0,3.633,27.34085,9737,R,pulsed load (rest)
6116.8099999999995,0.0,3.633,27.32529,9737,R,pulsed load (rest)
6117.8099999999995,0.0,3.634,27.32529,9737,R,pulsed load (rest)
6118.8099999999995,0.0,3.634,27.32529,9737,R,pulsed load (rest)
6119.8099999999995,0.0,3.634,27.30972,9737,R,pulsed load (rest)
6120.8099999999995,0.0,3.634,27.30972,9737,R,pulsed load (rest)
6121.8099999999995,0.0,3.635,27.30972,9737,R,pulsed load (rest)
6122.8099999999995,0.0,3.635,27.29416,9737,R,pulsed load (rest)
6123.8099999999995,0.0,3.636,27.29416,9737,R,pulsed load (rest)
6124.8099999999995,0.0,3.636,27.29416,9737,R,pulsed load (rest)
6125.8099999999995,0.0,3.636,27.27859,9737,R,pulsed load (rest)
6126.8099999999995,0.0,3.636,27.29416,9737,R,pulsed load (rest)
6127.8099999999995,0.0,3.637,27.27859,9737,R,pulsed load (rest)
6128.8099999999995,0.0,3.637,27.27859,9737,R,pulsed load (rest)
6129.8099999999995,0.0,3.638,27.27859,9737,R,pulsed load (rest)
6130.8099999999995,0.0,3.638,27.27859,9737,R,pulsed load (rest)
6131.8099999999995,0.0,3.638,27.27859,9737,R,pulsed load (rest)
6132.8099999999995,0.0,3.638,27.27859,9737,R,pulsed load (rest)
6133.8099999999995,0.0,3.638,27.27859,9737,R,pulsed load (rest)
6134.8099999999995,0.0,3.639,27.26302,9737,R,pulsed load (rest)
6135.8099999999995,0.0,3.639,27.26302,9737,R,pulsed load (rest)
6136.8099999999995,0.0,3.639,27.26302,9737,R,pulsed load (rest)
6137.8099999999995,0.0,3.64,27.26302,9737,R,pulsed load (rest)
6138.8099999999995,0.0,3.64,27.26302,9737,R,pulsed load (rest)
6139.8099999999995,0.0,3.64,27.24745,9737,R,pulsed load (rest)
6140.8099999999995,0.0,3.64,27.26302,9737,R,pulsed load (rest)
6141.8099999999995,0.0,3.641,27.26302,9737,R,pulsed load (rest)
6142.8099999999995,0.0,3.641,27.24745,9737,R,pulsed load (rest)
6143.8099999999995,0.0,3.641,27.26302,9737,R,pulsed load (rest)
6144.8099999999995,0.0,3.641,27.26302,9737,R,pulsed load (rest)
6145.8099999999995,0.0,3.642,27.24745,9737,R,pulsed load (rest)
6146.8099999999995,0.0,3.642,27.24745,9737,R,pulsed load (rest)
6147.8099999999995,0.0,3.642,27.24745,9737,R,pulsed load (rest)
6148.8099999999995,0.0,3.642,27.23189,9737,R,pulsed load (rest)
6149.8099999999995,0.0,3.643,27.23189,9737,R,pulsed load (rest)
6150.8099999999995,0.0,3.643,27.23189,9737,R,pulsed load (rest)
6151.8099999999995,0.0,3.643,27.23189,9737,R,pulsed load (rest)
6152.8099999999995,0.0,3.643,27.23189,9737,R,pulsed load (rest)
6153.8099999999995,0.0,3.644,27.23189,9737,R,pulsed load (rest)
6154.8099999999995,0.0,3.644,27.23189,9737,R,pulsed load (rest)
6155.8099999999995,0.0,3.644,27.21632,9737,R,pulsed load (rest)
6156.8099999999995,0.0,3.644,27.21632,9737,R,pulsed load (rest)
6157.8099999999995,0.0,3.645,27.21632,9737,R,pulsed load (rest)
6158.8099999999995,0.0,3.645,27.21632,9737,R,pulsed load (rest)
6159.8099999999995,0.0,3.645,27.21632,9737,R,pulsed load (rest)
6160.8099999999995,0.0,3.645,27.21632,9737,R,pulsed load (rest)
6161.8099999999995,0.0,3.646,27.21632,9737,R,pulsed load (rest)
6162.8099999999995,0.0,3.646,27.21632,9737,R,pulsed load (rest)
6163.8099999999995,0.0,3.646,27.21632,9737,R,pulsed load (rest)
6164.8099999999995,0.0,3.646,27.20075,9737,R,pulsed load (rest)
6165.8099999999995,0.0,3.646,27.20075,9737,R,pulsed load (rest)
6166.8099999999995,0.0,3.647,27.18519,9737,R,pulsed load (rest)
6167.8099999999995,0.0,3.647,27.18519,9737,R,pulsed load (rest)
6168.8099999999995,0.0,3.647,27.18519,9737,R,pulsed load (rest)
6169.8099999999995,0.0,3.647,27.18519,9737,R,pulsed load (rest)
6170.8099999999995,0.0,3.648,27.18519,9737,R,pulsed load (rest)
6171.8099999999995,0.0,3.648,27.18519,9737,R,pulsed load (rest)
6172.8099999999995,0.0,3.648,27.18519,9737,R,pulsed load (rest)
6173.8099999999995,0.0,3.648,27.18519,9737,R,pulsed load (rest)
6174.8099999999995,0.0,3.648,27.18519,9737,R,pulsed load (rest)
6175.8099999999995,0.0,3.648,27.16962,9737,R,pulsed load (rest)
6176.8099999999995,0.0,3.649,27.18519,9737,R,pulsed load (rest)
6177.8099999999995,0.0,3.649,27.18519,9737,R,pulsed load (rest)
6178.8099999999995,0.0,3.649,27.18519,9737,R,pulsed load (rest)
6179.8099999999995,0.0,3.649,27.18519,9737,R,pulsed load (rest)
6180.8099999999995,0.0,3.649,27.16962,9737,R,pulsed load (rest)
6181.8099999999995,0.0,3.649,27.16962,9737,R,pulsed load (rest)
6182.8099999999995,0.0,3.65,27.16962,9737,R,pulsed load (rest)
6183.8099999999995,0.0,3.65,27.15405,9737,R,pulsed load (rest)
6184.8099999999995,0.0,3.65,27.15405,9737,R,pulsed load (rest)
6185.8099999999995,0.0,3.65,27.15405,9737,R,pulsed load (rest)
6186.8099999999995,0.0,3.651,27.13849,9737,R,pulsed load (rest)
6187.8099999999995,0.0,3.651,27.15405,9737,R,pulsed load (rest)
6188.8099999999995,0.0,3.651,27.13849,9737,R,pulsed load (rest)
6189.8099999999995,0.0,3.651,27.13849,9737,R,pulsed load (rest)
6190.8099999999995,0.0,3.651,27.13849,9737,R,pulsed load (rest)
6191.8099999999995,0.0,3.651,27.12292,9737,R,pulsed load (rest)
6192.8099999999995,0.0,3.651,27.13849,9737,R,pulsed load (rest)
6193.8099999999995,0.0,3.652,27.13849,9737,R,pulsed load (rest)
6194.8099999999995,0.0,3.652,27.13849,9737,R,pulsed load (rest)
6195.8099999999995,0.0,3.652,27.13849,9737,R,pulsed load (rest)
6196.8099999999995,0.0,3.652,27.13849,9737,R,pulsed load (rest)
6197.8099999999995,0.0,3.652,27.13849,9737,R,pulsed load (rest)
6198.8099999999995,0.0,3.652,27.13849,9737,R,pulsed load (rest)
6199.8099999999995,0.0,3.653,27.12292,9737,R,pulsed load (rest)
6200.8099999999995,0.0,3.653,27.12292,9737,R,pulsed load (rest)
6201.8099999999995,0.0,3.653,27.12292,9737,R,pulsed load (rest)
6202.8099999999995,0.0,3.653,27.12292,9737,R,pulsed load (rest)
6203.8099999999995,0.0,3.653,27.12292,9737,R,pulsed load (rest)
6204.8099999999995,0.0,3.653,27.12292,9737,R,pulsed load (rest)
6205.8099999999995,0.0,3.654,27.12292,9737,R,pulsed load (rest)
6206.8099999999995,0.0,3.654,27.10735,9737,R,pulsed load (rest)
6207.8099999999995,0.0,3.654,27.10735,9737,R,pulsed load (rest)
6208.8099999999995,0.0,3.654,27.10735,9737,R,pulsed load (rest)
6209.8099999999995,0.0,3.654,27.10735,9737,R,pulsed load (rest)
6210.8099999999995,0.0,3.654,27.09179,9737,R,pulsed load (rest)
6211.8099999999995,0.0,3.654,27.09179,9737,R,pulsed load (rest)
6212.8099999999995,0.0,3.655,27.10735,9737,R,pulsed load (rest)
6213.8099999999995,0.0,3.655,27.09179,9737,R,pulsed load (rest)
6214.8099999999995,0.0,3.655,27.09179,9737,R,pulsed load (rest)
6215.8099999999995,0.0,3.655,27.09179,9737,R,pulsed load (rest)
6216.8099999999995,0.0,3.655,27.09179,9737,R,pulsed load (rest)
6217.8099999999995,0.0,3.655,27.09179,9737,R,pulsed load (rest)
6218.8099999999995,0.0,3.655,27.09179,9737,R,pulsed load (rest)
6219.8099999999995,0.0,3.656,27.07622,9737,R,pulsed load (rest)
6220.8099999999995,0.0,3.656,27.09179,9737,R,pulsed load (rest)
6221.8099999999995,0.0,3.656,27.09179,9737,R,pulsed load (rest)
6222.8099999999995,0.0,3.656,27.09179,9737,R,pulsed load (rest)
6223.8099999999995,0.0,3.656,27.09179,9737,R,pulsed load (rest)
6224.8099999999995,0.0,3.656,27.09179,9737,R,pulsed load (rest)
6225.8099999999995,0.0,3.656,27.09179,9737,R,pulsed load (rest)
6226.8099999999995,0.0,3.657,27.07622,9737,R,pulsed load (rest)
6227.8099999999995,0.0,3.657,27.07622,9737,R,pulsed load (rest)
6228.8099999999995,0.0,3.657,27.07622,9737,R,pulsed load (rest)
6229.8099999999995,0.0,3.657,27.07622,9737,R,pulsed load (rest)
6230.8099999999995,0.0,3.657,27.07622,9737,R,pulsed load (rest)
6231.8099999999995,0.0,3.657,27.07622,9737,R,pulsed load (rest)
6232.8099999999995,0.0,3.657,27.06066,9737,R,pulsed load (rest)
6233.8099999999995,0.0,3.657,27.06066,9737,R,pulsed load (rest)
6234.8099999999995,0.0,3.658,27.06066,9737,R,pulsed load (rest)
6235.8099999999995,0.0,3.658,27.06066,9737,R,pulsed load (rest)
6236.8099999999995,0.0,3.658,27.06066,9737,R,pulsed load (rest)
6237.8099999999995,0.0,3.658,27.06066,9737,R,pulsed load (rest)
6238.8099999999995,0.0,3.658,27.04509,9737,R,pulsed load (rest)
6239.8099999999995,0.0,3.658,27.04509,9737,R,pulsed load (rest)
6240.8099999999995,0.0,3.658,27.04509,9737,R,pulsed load (rest)
6241.8099999999995,0.0,3.659,27.04509,9737,R,pulsed load (rest)
6242.8099999999995,0.0,3.659,27.04509,9737,R,pulsed load (rest)
6243.8099999999995,0.0,3.659,27.04509,9737,R,pulsed load (rest)
6244.8099999999995,0.0,3.659,27.02952,9737,R,pulsed load (rest)
6245.8099999999995,0.0,3.659,27.04509,9737,R,pulsed load (rest)
6246.8099999999995,0.0,3.659,27.02952,9737,R,pulsed load (rest)
6247.8099999999995,0.0,3.659,27.02952,9737,R,pulsed load (rest)
6248.8099999999995,0.0,3.659,27.02952,9737,R,pulsed load (rest)
6249.8099999999995,0.0,3.659,27.02952,9737,R,pulsed load (rest)
6250.8099999999995,0.0,3.659,27.02952,9737,R,pulsed load (rest)
6251.8099999999995,0.0,3.66,27.02952,9737,R,pulsed load (rest)
6252.8099999999995,0.0,3.66,27.01395,9737,R,pulsed load (rest)
6253.8099999999995,0.0,3.66,27.01395,9737,R,pulsed load (rest)
6254.8099999999995,0.0,3.66,27.01395,9737,R,pulsed load (rest)
6255.8099999999995,0.0,3.66,27.01395,9737,R,pulsed load (rest)
6256.8099999999995,0.0,3.66,27.01395,9737,R,pulsed load (rest)
6257.8099999999995,0.0,3.66,27.01395,9737,R,pulsed load (rest)
6258.8099999999995,0.0,3.66,27.01395,9737,R,pulsed load (rest)
6259.8099999999995,0.0,3.661,27.01395,9737,R,pulsed load (rest)
6260.8099999999995,0.0,3.661,26.99839,9737,R,pulsed load (rest)
6261.8099999999995,0.0,3.661,26.99839,9737,R,pulsed load (rest)
6262.8099999999995,0.0,3.661,26.99839,9737,R,pulsed load (rest)
6263.8099999999995,0.0,3.661,26.99839,9737,R,pulsed load (rest)
6264.8099999999995,0.0,3.661,26.99839,9737,R,pulsed load (rest)
6265.8099999999995,0.0,3.661,26.99839,9737,R,pulsed load (rest)
6266.8099999999995,0.0,3.661,26.98282,9737,R,pulsed load (rest)
6267.8099999999995,0.0,3.661,26.98282,9737,R,pulsed load (rest)
6268.8099999999995,0.0,3.661,26.98282,9737,R,pulsed load (rest)
6269.8099999999995,0.0,3.662,26.98282,9737,R,pulsed load (rest)
6270.8099999999995,0.0,3.662,26.98282,9737,R,pulsed load (rest)
6271.8099999999995,0.0,3.662,26.98282,9737,R,pulsed load (rest)
6272.8099999999995,0.0,3.662,26.96725,9737,R,pulsed load (rest)
6273.8099999999995,0.0,3.662,26.96725,9737,R,pulsed load (rest)
6274.8099999999995,0.0,3.662,26.96725,9737,R,pulsed load (rest)
6275.8099999999995,0.0,3.662,26.96725,9737,R,pulsed load (rest)
6276.8099999999995,0.0,3.662,26.96725,9737,R,pulsed load (rest)
6277.8099999999995,0.0,3.662,26.95168,9737,R,pulsed load (rest)
6278.8099999999995,0.0,3.662,26.95168,9737,R,pulsed load (rest)
6279.8099999999995,0.0,3.663,26.95168,9737,R,pulsed load (rest)
6280.8099999999995,0.0,3.663,26.95168,9737,R,pulsed load (rest)
6281.8099999999995,0.0,3.663,26.95168,9737,R,pulsed load (rest)
6282.8099999999995,0.0,3.663,26.95168,9737,R,pulsed load (rest)
6283.8099999999995,0.0,3.663,26.93612,9737,R,pulsed load (rest)
6284.8099999999995,0.0,3.663,26.93612,9737,R,pulsed load (rest)
6285.8099999999995,0.0,3.663,26.93612,9737,R,pulsed load (rest)
6286.8099999999995,0.0,3.663,26.92055,9737,R,pulsed load (rest)
6287.8099999999995,0.0,3.663,26.92055,9737,R,pulsed load (rest)
6288.8099999999995,0.0,3.664,26.92055,9737,R,pulsed load (rest)
6289.8099999999995,0.0,3.664,26.90499,9737,R,pulsed load (rest)
6290.8099999999995,0.0,3.664,26.92055,9737,R,pulsed load (rest)
6291.8099999999995,0.0,3.664,26.90499,9737,R,pulsed load (rest)
6292.8099999999995,0.0,3.664,26.90499,9737,R,pulsed load (rest)
6293.8099999999995,0.0,3.664,26.90499,9737,R,pulsed load (rest)
6294.8099999999995,0.0,3.664,26.90499,9737,R,pulsed load (rest)
6295.8099999999995,0.0,3.664,26.90499,9737,R,pulsed load (rest)
6296.8099999999995,0.0,3.664,26.90499,9737,R,pulsed load (rest)
6297.8099999999995,0.0,3.664,26.88942,9737,R,pulsed load (rest)
6298.8099999999995,0.0,3.664,26.88942,9737,R,pulsed load (rest)
6299.8099999999995,0.0,3.665,26.88942,9737,R,pulsed load (rest)
6300.8099999999995,0.0,3.664,26.88942,9737,R,pulsed load (rest)
6301.8099999999995,0.0,3.665,26.88942,9737,R,pulsed load (rest)
6302.8099999999995,0.0,3.665,26.88942,9737,R,pulsed load (rest)
6303.8099999999995,0.0,3.665,26.87385,9737,R,pulsed load (rest)
6304.8099999999995,0.0,3.665,26.87385,9737,R,pulsed load (rest)
6305.8099999999995,0.0,3.665,26.85829,9737,R,pulsed load (rest)
6306.8099999999995,0.0,3.665,26.85829,9737,R,pulsed load (rest)
6307.8099999999995,0.0,3.665,26.85829,9737,R,pulsed load (rest)
6308.8099999999995,0.0,3.665,26.84272,9737,R,pulsed load (rest)
6309.8099999999995,0.0,3.665,26.84272,9737,R,pulsed load (rest)
6310.8099999999995,0.0,3.665,26.84272,9737,R,pulsed load (rest)
6311.8099999999995,0.0,3.666,26.84272,9737,R,pulsed load (rest)
6312.8099999999995,0.0,3.666,26.84272,9737,R,pulsed load (rest)
6313.8099999999995,0.0,3.666,26.84272,9737,R,pulsed load (rest)
6314.8099999999995,0.0,3.666,26.82715,9737,R,pulsed load (rest)
6315.8099999999995,0.0,3.666,26.82715,9737,R,pulsed load (rest)
6316.8099999999995,0.0,3.666,26.82715,9737,R,pulsed load (rest)
6317.8099999999995,0.0,3.666,26.81159,9737,R,pulsed load (rest)
6318.8099999999995,0.0,3.666,26.81159,9737,R,pulsed load (rest)
6319.8099999999995,0.0,3.666,26.81159,9737,R,pulsed load (rest)
6320.8099999999995,0.0,3.666,26.81159,9737,R,pulsed load (rest)
6321.8099999999995,0.0,3.666,26.81159,9737,R,pulsed load (rest)
6322.8099999999995,0.0,3.667,26.79602,9737,R,pulsed load (rest)
6323.8099999999995,0.0,3.667,26.79602,9737,R,pulsed load (rest)
6324.8099999999995,0.0,3.667,26.79602,9737,R,pulsed load (rest)
6325.8099999999995,0.0,3.667,26.79602,9737,R,pulsed load (rest)
6326.8099999999995,0.0,3.667,26.78045,9737,R,pulsed load (rest)
6327.8099999999995,0.0,3.667,26.78045,9737,R,pulsed load (rest)
6328.8099999999995,0.0,3.667,26.76489,9737,R,pulsed load (rest)
6329.8099999999995,0.0,3.667,26.76489,9737,R,pulsed load (rest)
6330.8099999999995,0.0,3.667,26.78045,9737,R,pulsed load (rest)
6331.8099999999995,0.0,3.667,26.78045,9737,R,pulsed load (rest)
6332.8099999999995,0.0,3.667,26.76489,9737,R,pulsed load (rest)
6333.8099999999995,0.0,3.667,26.76489,9737,R,pulsed load (rest)
6334.8099999999995,0.0,3.667,26.76489,9737,R,pulsed load (rest)
6335.8099999999995,0.0,3.668,26.76489,9737,R,pulsed load (rest)
6336.8099999999995,0.0,3.668,26.76489,9737,R,pulsed load (rest)
6337.8099999999995,0.0,3.668,26.76489,9737,R,pulsed load (rest)
6338.8099999999995,0.0,3.668,26.74932,9737,R,pulsed load (rest)
6339.8099999999995,0.0,3.668,26.74932,9737,R,pulsed load (rest)
6340.8099999999995,0.0,3.668,26.74932,9737,R,pulsed load (rest)
6341.8099999999995,0.0,3.668,26.74932,9737,R,pulsed load (rest)
6342.8099999999995,0.0,3.668,26.73375,9737,R,pulsed load (rest)
6343.8099999999995,0.0,3.668,26.73375,9737,R,pulsed load (rest)
6344.8099999999995,0.0,3.668,26.73375,9737,R,pulsed load (rest)
6345.8099999999995,0.0,3.668,26.71819,9737,R,pulsed load (rest)
6346.8099999999995,0.0,3.668,26.71819,9737,R,pulsed load (rest)
6347.8099999999995,0.0,3.668,26.71819,9737,R,pulsed load (rest)
6348.8099999999995,0.0,3.668,26.70262,9737,R,pulsed load (rest)
6349.8099999999995,0.0,3.668,26.71819,9737,R,pulsed load (rest)
6350.8099999999995,0.0,3.669,26.70262,9737,R,pulsed load (rest)
6351.8099999999995,0.0,3.669,26.70262,9737,R,pulsed load (rest)
6352.8099999999995,0.0,3.669,26.70262,9737,R,pulsed load (rest)
6353.8099999999995,0.0,3.669,26.70262,9737,R,pulsed load (rest)
6354.8099999999995,0.0,3.669,26.68705,9737,R,pulsed load (rest)
6355.8099999999995,0.0,3.669,26.68705,9737,R,pulsed load (rest)
6356.8099999999995,0.0,3.669,26.68705,9737,R,pulsed load (rest)
6357.8099999999995,0.0,3.669,26.67149,9737,R,pulsed load (rest)
6358.8099999999995,0.0,3.669,26.67149,9737,R,pulsed load (rest)
6359.8099999999995,0.0,3.669,26.67149,9737,R,pulsed load (rest)
6360.8099999999995,0.0,3.669,26.67149,9737,R,pulsed load (rest)
6361.8099999999995,0.0,3.669,26.65592,9737,R,pulsed load (rest)
6362.8099999999995,0.0,3.669,26.65592,9737,R,pulsed load (rest)
6363.8099999999995,0.0,3.669,26.65592,9737,R,pulsed load (rest)
6364.8099999999995,0.0,3.669,26.65592,9737,R,pulsed load (rest)
6365.8099999999995,0.0,3.67,26.65592,9737,R,pulsed load (rest)
6366.8099999999995,0.0,3.67,26.65592,9737,R,pulsed load (rest)
6367.8099999999995,0.0,3.67,26.64035,9737,R,pulsed load (rest)
6368.8099999999995,0.0,3.67,26.64035,9737,R,pulsed load (rest)
6369.8099999999995,0.0,3.67,26.64035,9737,R,pulsed load (rest)
6370.8099999999995,0.0,3.67,26.64035,9737,R,pulsed load (rest)
6371.8099999999995,0.0,3.67,26.64035,9737,R,pulsed load (rest)
6372.8099999999995,0.0,3.67,26.64035,9737,R,pulsed load (rest)
6373.8099999999995,0.0,3.67,26.62479,9737,R,pulsed load (rest)
6374.8099999999995,0.0,3.67,26.62479,9737,R,pulsed load (rest)
6375.8099999999995,0.0,3.67,26.62479,9737,R,pulsed load (rest)
6376.8099999999995,0.0,3.67,26.62479,9737,R,pulsed load (rest)
6377.8099999999995,0.0,3.67,26.62479,9737,R,pulsed load (rest)
6378.8099999999995,0.0,3.671,26.60922,9737,R,pulsed load (rest)
6379.8099999999995,0.0,3.671,26.60922,9737,R,pulsed load (rest)
6380.8099999999995,0.0,3.671,26.60922,9737,R,pulsed load (rest)
6381.8099999999995,0.0,3.671,26.60922,9737,R,pulsed load (rest)
6382.8099999999995,0.0,3.671,26.60922,9737,R,pulsed load (rest)
6383.8099999999995,0.0,3.671,26.60922,9737,R,pulsed load (rest)
6384.8099999999995,0.0,3.671,26.60922,9737,R,pulsed load (rest)
6385.8099999999995,0.0,3.671,26.60922,9737,R,pulsed load (rest)
6386.8099999999995,0.0,3.671,26.60922,9737,R,pulsed load (rest)
6387.8099999999995,0.0,3.671,26.60922,9737,R,pulsed load (rest)
6388.8099999999995,0.0,3.671,26.60922,9737,R,pulsed load (rest)
6389.8099999999995,0.0,3.671,26.59365,9737,R,pulsed load (rest)
6390.8099999999995,0.0,3.671,26.60922,9737,R,pulsed load (rest)
6391.8099999999995,0.0,3.671,26.60922,9737,R,pulsed load (rest)
6392.8099999999995,0.0,3.671,26.59365,9737,R,pulsed load (rest)
6393.8099999999995,0.0,3.671,26.59365,9737,R,pulsed load (rest)
6394.8099999999995,0.0,3.671,26.59365,9737,R,pulsed load (rest)
6395.8099999999995,0.0,3.672,26.59365,9737,R,pulsed load (rest)
6396.8099999999995,0.0,3.672,26.59365,9737,R,pulsed load (rest)
6397.8099999999995,0.0,3.672,26.59365,9737,R,pulsed load (rest)
6398.8099999999995,0.0,3.672,26.59365,9737,R,pulsed load (rest)
6399.8099999999995,0.0,3.672,26.59365,9737,R,pulsed load (rest)
6400.8099999999995,0.0,3.672,26.57809,9737,R,pulsed load (rest)
6401.8099999999995,0.0,3.672,26.57809,9737,R,pulsed load (rest)
6402.8099999999995,0.0,3.672,26.57809,9737,R,pulsed load (rest)
6403.8099999999995,0.0,3.672,26.57809,9737,R,pulsed load (rest)
6404.8099999999995,0.0,3.672,26.57809,9737,R,pulsed load (rest)
6405.8099999999995,0.0,3.672,26.57809,9737,R,pulsed load (rest)
6406.8099999999995,0.0,3.672,26.57809,9737,R,pulsed load (rest)
6407.8099999999995,0.0,3.672,26.57809,9737,R,pulsed load (rest)
6408.8099999999995,0.0,3.672,26.56252,9737,R,pulsed load (rest)
6409.8099999999995,0.0,3.672,26.56252,9737,R,pulsed load (rest)
6410.8099999999995,0.0,3.672,26.56252,9737,R,pulsed load (rest)
6411.8099999999995,0.0,3.673,26.56252,9737,R,pulsed load (rest)
6412.8099999999995,0.0,3.673,26.56252,9737,R,pulsed load (rest)
6413.8099999999995,0.0,3.673,26.54695,9737,R,pulsed load (rest)
6414.8099999999995,0.0,3.673,26.54695,9737,R,pulsed load (rest)
6415.8099999999995,0.0,3.673,26.54695,9737,R,pulsed load (rest)
6416.8099999999995,0.0,3.673,26.54695,9737,R,pulsed load (rest)
6417.8099999999995,0.0,3.673,26.54695,9737,R,pulsed load (rest)
6418.8099999999995,0.0,3.673,26.53139,9737,R,pulsed load (rest)
6419.8099999999995,0.0,3.673,26.53139,9737,R,pulsed load (rest)
6420.8099999999995,0.0,3.673,26.53139,9737,R,pulsed load (rest)
6421.8099999999995,0.0,3.673,26.53139,9737,R,pulsed load (rest)
6422.8099999999995,0.0,3.673,26.53139,9737,R,pulsed load (rest)
6423.8099999999995,0.0,3.673,26.53139,9737,R,pulsed load (rest)
6424.8099999999995,0.0,3.673,26.53139,9737,R,pulsed load (rest)
6425.8099999999995,0.0,3.673,26.53139,9737,R,pulsed load (rest)
6426.8099999999995,0.0,3.673,26.53139,9737,R,pulsed load (rest)
6427.8099999999995,0.0,3.673,26.51582,9737,R,pulsed load (rest)
6428.8099999999995,0.0,3.674,26.53139,9737,R,pulsed load (rest)
6429.8099999999995,0.0,3.674,26.53139,9737,R,pulsed load (rest)
6430.8099999999995,0.0,3.674,26.51582,9737,R,pulsed load (rest)
6431.8099999999995,0.0,3.674,26.51582,9737,R,pulsed load (rest)
6432.8099999999995,0.0,3.674,26.51582,9737,R,pulsed load (rest)
6433.8099999999995,0.0,3.674,26.51582,9737,R,pulsed load (rest)
6434.8099999999995,0.0,3.674,26.51582,9737,R,pulsed load (rest)
6435.8099999999995,0.0,3.674,26.50025,9737,R,pulsed load (rest)
6436.8099999999995,0.0,3.674,26.51582,9737,R,pulsed load (rest)
6437.8099999999995,0.0,3.674,26.51582,9737,R,pulsed load (rest)
6438.8099999999995,0.0,3.674,26.51582,9737,R,pulsed load (rest)
6439.8099999999995,0.0,3.674,26.51582,9737,R,pulsed load (rest)
6440.8099999999995,0.0,3.674,26.51582,9737,R,pulsed load (rest)
6441.8099999999995,0.0,3.674,26.51582,9737,R,pulsed load (rest)
6442.8099999999995,0.0,3.674,26.51582,9737,R,pulsed load (rest)
6443.8099999999995,0.0,3.674,26.51582,9737,R,pulsed load (rest)
6444.8099999999995,0.0,3.674,26.50025,9737,R,pulsed load (rest)
6445.8099999999995,0.0,3.674,26.50025,9737,R,pulsed load (rest)
6446.8099999999995,0.0,3.674,26.50025,9737,R,pulsed load (rest)
6447.8099999999995,0.0,3.675,26.50025,9737,R,pulsed load (rest)
6448.8099999999995,0.0,3.674,26.48469,9737,R,pulsed load (rest)
6449.8099999999995,0.0,3.674,26.48469,9737,R,pulsed load (rest)
6450.8099999999995,0.0,3.675,26.48469,9737,R,pulsed load (rest)
6451.8099999999995,0.0,3.675,26.46912,9737,R,pulsed load (rest)
6452.8099999999995,0.0,3.675,26.46912,9737,R,pulsed load (rest)
6453.8099999999995,0.0,3.675,26.48469,9737,R,pulsed load (rest)
6454.8099999999995,0.0,3.675,26.46912,9737,R,pulsed load (rest)
6455.8099999999995,0.0,3.675,26.48469,9737,R,pulsed load (rest)
6456.8099999999995,0.0,3.675,26.48469,9737,R,pulsed load (rest)
6457.8099999999995,0.0,3.675,26.48469,9737,R,pulsed load (rest)
6458.8099999999995,0.0,3.675,26.48469,9737,R,pulsed load (rest)
6459.8099999999995,0.0,3.675,26.46912,9737,R,pulsed load (rest)
6460.8099999999995,0.0,3.675,26.46912,9737,R,pulsed load (rest)
6461.8099999999995,0.0,3.675,26.46912,9737,R,pulsed load (rest)
6462.8099999999995,0.0,3.675,26.46912,9737,R,pulsed load (rest)
6463.8099999999995,0.0,3.675,26.46912,9737,R,pulsed load (rest)
6464.8099999999995,0.0,3.675,26.46912,9737,R,pulsed load (rest)
6465.8099999999995,0.0,3.675,26.46912,9737,R,pulsed load (rest)
6466.8099999999995,0.0,3.676,26.46912,9737,R,pulsed load (rest)
6467.8099999999995,0.0,3.676,26.46912,9737,R,pulsed load (rest)
6468.8099999999995,0.0,3.676,26.45355,9737,R,pulsed load (rest)
6469.8099999999995,0.0,3.676,26.46912,9737,R,pulsed load (rest)
6470.8099999999995,0.0,3.676,26.45355,9737,R,pulsed load (rest)
6471.8099999999995,0.0,3.676,26.45355,9737,R,pulsed load (rest)
6472.8099999999995,0.0,3.676,26.45355,9737,R,pulsed load (rest)
6473.8099999999995,0.0,3.676,26.45355,9737,R,pulsed load (rest)
6474.8099999999995,0.0,3.676,26.45355,9737,R,pulsed load (rest)
6475.8099999999995,0.0,3.676,26.45355,9737,R,pulsed load (rest)
6476.8099999999995,0.0,3.676,26.43798,9737,R,pulsed load (rest)
6477.8099999999995,0.0,3.676,26.43798,9737,R,pulsed load (rest)
6478.8099999999995,0.0,3.676,26.43798,9737,R,pulsed load (rest)
6479.8099999999995,0.0,3.676,26.42242,9737,R,pulsed load (rest)
6480.8099999999995,0.0,3.676,26.43798,9737,R,pulsed load (rest)
6481.8099999999995,0.0,3.676,26.42242,9737,R,pulsed load (rest)
6482.8099999999995,0.0,3.676,26.42242,9737,R,pulsed load (rest)
6483.8099999999995,0.0,3.676,26.42242,9737,R,pulsed load (rest)
6484.8099999999995,0.0,3.676,26.42242,9737,R,pulsed load (rest)
6485.8099999999995,0.0,3.676,26.42242,9737,R,pulsed load (rest)
6486.8099999999995,0.0,3.676,26.42242,9737,R,pulsed load (rest)
6487.8099999999995,0.0,3.676,26.42242,9737,R,pulsed load (rest)
6488.8099999999995,0.0,3.676,26.42242,9737,R,pulsed load (rest)
6489.8099999999995,0.0,3.676,26.42242,9737,R,pulsed load (rest)
6490.8099999999995,0.0,3.677,26.40685,9737,R,pulsed load (rest)
6491.8099999999995,0.0,3.677,26.42242,9737,R,pulsed load (rest)
6492.8099999999995,0.0,3.677,26.40685,9737,R,pulsed load (rest)
6493.8099999999995,0.0,3.677,26.40685,9737,R,pulsed load (rest)
6494.8099999999995,0.0,3.677,26.40685,9737,R,pulsed load (rest)
6495.8099999999995,0.0,3.677,26.40685,9737,R,pulsed load (rest)
6496.8099999999995,0.0,3.677,26.40685,9737,R,pulsed load (rest)
6497.8099999999995,0.0,3.677,26.40685,9737,R,pulsed load (rest)
6498.8099999999995,0.0,3.677,26.39129,9737,R,pulsed load (rest)
6499.8099999999995,0.0,3.677,26.39129,9737,R,pulsed load (rest)
6500.8099999999995,0.0,3.677,26.40685,9737,R,pulsed load (rest)
6501.8099999999995,0.0,3.677,26.40685,9737,R,pulsed load (rest)
6502.8099999999995,0.0,3.677,26.40685,9737,R,pulsed load (rest)
6503.8099999999995,0.0,3.677,26.40685,9737,R,pulsed load (rest)
6504.8099999999995,0.0,3.677,26.39129,9737,R,pulsed load (rest)
6505.8099999999995,0.0,3.677,26.39129,9737,R,pulsed load (rest)
6506.8099999999995,0.0,3.677,26.39129,9737,R,pulsed load (rest)
6507.8099999999995,0.0,3.677,26.39129,9737,R,pulsed load (rest)
6508.8099999999995,0.0,3.677,26.39129,9737,R,pulsed load (rest)
6509.8099999999995,0.0,3.677,26.39129,9737,R,pulsed load (rest)
6510.8099999999995,0.0,3.677,26.39129,9737,R,pulsed load (rest)
6511.8099999999995,0.0,3.677,26.39129,9737,R,pulsed load (rest)
6512.8099999999995,0.0,3.677,26.39129,9737,R,pulsed load (rest)
6513.8099999999995,0.0,3.677,26.37572,9737,R,pulsed load (rest)
6514.8099999999995,0.0,3.678,26.39129,9737,R,pulsed load (rest)
6515.8099999999995,0.0,3.678,26.37572,9737,R,pulsed load (rest)
6516.8099999999995,0.0,3.678,26.37572,9737,R,pulsed load (rest)
6517.8099999999995,0.0,3.678,26.37572,9737,R,pulsed load (rest)
6518.8099999999995,0.0,3.678,26.37572,9737,R,pulsed load (rest)
6519.8099999999995,0.0,3.678,26.37572,9737,R,pulsed load (rest)
6520.8099999999995,0.0,3.678,26.37572,9737,R,pulsed load (rest)
6521.8099999999995,0.0,3.678,26.37572,9737,R,pulsed load (rest)
6522.8099999999995,0.0,3.678,26.37572,9737,R,pulsed load (rest)
6523.8099999999995,0.0,3.678,26.36015,9737,R,pulsed load (rest)
6524.8099999999995,0.0,3.678,26.36015,9737,R,pulsed load (rest)
6525.8099999999995,0.0,3.678,26.37572,9737,R,pulsed load (rest)
6526.8099999999995,0.0,3.678,26.36015,9737,R,pulsed load (rest)
6527.8099999999995,0.0,3.678,26.36015,9737,R,pulsed load (rest)
6528.8099999999995,0.0,3.678,26.36015,9737,R,pulsed load (rest)
6529.8099999999995,0.0,3.678,26.36015,9737,R,pulsed load (rest)
6530.8099999999995,0.0,3.678,26.36015,9737,R,pulsed load (rest)
6531.8099999999995,0.0,3.678,26.36015,9737,R,pulsed load (rest)
6532.8099999999995,0.0,3.678,26.36015,9737,R,pulsed load (rest)
6533.8099999999995,0.0,3.678,26.36015,9737,R,pulsed load (rest)
6534.8099999999995,0.0,3.678,26.36015,9737,R,pulsed load (rest)
6535.8099999999995,0.0,3.678,26.36015,9737,R,pulsed load (rest)
6536.8099999999995,0.0,3.678,26.36015,9737,R,pulsed load (rest)
6537.8099999999995,0.0,3.678,26.34459,9737,R,pulsed load (rest)
6538.8099999999995,0.0,3.678,26.34459,9737,R,pulsed load (rest)
6539.8099999999995,0.0,3.678,26.34459,9737,R,pulsed load (rest)
6540.8099999999995,0.0,3.679,26.34459,9737,R,pulsed load (rest)
6541.8099999999995,0.0,3.679,26.34459,9737,R,pulsed load (rest)
6542.8099999999995,0.0,3.679,26.34459,9737,R,pulsed load (rest)
6543.8099999999995,0.0,3.679,26.32902,9737,R,pulsed load (rest)
6544.8099999999995,0.0,3.679,26.32902,9737,R,pulsed load (rest)
6545.8099999999995,0.0,3.679,26.32902,9737,R,pulsed load (rest)
6546.8099999999995,0.0,3.679,26.32902,9737,R,pulsed load (rest)
6547.8099999999995,0.0,3.679,26.32902,9737,R,pulsed load (rest)
6548.8099999999995,0.0,3.679,26.31345,9737,R,pulsed load (rest)
6549.8099999999995,0.0,3.679,26.31345,9737,R,pulsed load (rest)
6550.8099999999995,0.0,3.679,26.31345,9737,R,pulsed load (rest)
6551.8099999999995,0.0,3.679,26.31345,9737,R,pulsed load (rest)
6552.8099999999995,0.0,3.679,26.31345,9737,R,pulsed load (rest)
6553.8099999999995,0.0,3.679,26.31345,9737,R,pulsed load (rest)
6554.8099999999995,0.0,3.679,26.31345,9737,R,pulsed load (rest)
6555.8099999999995,0.0,3.679,26.29789,9737,R,pulsed load (rest)
6556.8099999999995,0.0,3.679,26.29789,9737,R,pulsed load (rest)
6557.8099999999995,0.0,3.679,26.29789,9737,R,pulsed load (rest)
6558.8099999999995,0.0,3.679,26.29789,9737,R,pulsed load (rest)
6559.8099999999995,0.0,3.679,26.29789,9737,R,pulsed load (rest)
6560.8099999999995,0.0,3.679,26.29789,9737,R,pulsed load (rest)
6561.8099999999995,0.0,3.679,26.28232,9737,R,pulsed load (rest)
6562.8099999999995,0.0,3.679,26.28232,9737,R,pulsed load (rest)
6563.8099999999995,0.0,3.679,26.28232,9737,R,pulsed load (rest)
6564.8099999999995,0.0,3.679,26.26675,9737,R,pulsed load (rest)
6565.8099999999995,0.0,3.68,26.26675,9737,R,pulsed load (rest)
6566.8099999999995,0.0,3.68,26.26675,9737,R,pulsed load (rest)
6567.8099999999995,0.0,3.679,26.26675,9737,R,pulsed load (rest)
6568.8099999999995,0.0,3.68,26.26675,9737,R,pulsed load (rest)
6569.8099999999995,0.0,3.68,26.26675,9737,R,pulsed load (rest)
6570.8099999999995,0.0,3.68,26.26675,9737,R,pulsed load (rest)
6571.8099999999995,0.0,3.68,26.26675,9737,R,pulsed load (rest)
6572.8099999999995,0.0,3.68,26.26675,9737,R,pulsed load (rest)
6573.8099999999995,0.0,3.68,26.26675,9737,R,pulsed load (rest)
6574.8099999999995,0.0,3.68,26.26675,9737,R,pulsed load (rest)
6575.8099999999995,0.0,3.68,26.25119,9737,R,pulsed load (rest)
6576.8099999999995,0.0,3.68,26.26675,9737,R,pulsed load (rest)
6577.8099999999995,0.0,3.68,26.26675,9737,R,pulsed load (rest)
6578.8099999999995,0.0,3.68,26.25119,9737,R,pulsed load (rest)
6579.8099999999995,0.0,3.68,26.25119,9737,R,pulsed load (rest)
6580.8099999999995,0.0,3.68,26.23562,9737,R,pulsed load (rest)
6581.8099999999995,0.0,3.68,26.23562,9737,R,pulsed load (rest)
6582.8099999999995,0.0,3.68,26.23562,9737,R,pulsed load (rest)
6583.8099999999995,0.0,3.68,26.23562,9737,R,pulsed load (rest)
6584.8099999999995,0.0,3.68,26.22005,9737,R,pulsed load (rest)
6585.8099999999995,0.0,3.68,26.22005,9737,R,pulsed load (rest)
6586.8099999999995,0.0,3.68,26.22005,9737,R,pulsed load (rest)
6587.8099999999995,0.0,3.68,26.22005,9737,R,pulsed load (rest)
6588.8099999999995,0.0,3.68,26.18892,9737,R,pulsed load (rest)
6589.8099999999995,0.0,3.68,26.18892,9737,R,pulsed load (rest)
6590.8099999999995,0.0,3.68,26.18892,9737,R,pulsed load (rest)
6591.8099999999995,0.0,3.68,26.18892,9737,R,pulsed load (rest)
6592.8099999999995,0.0,3.681,26.18892,9737,R,pulsed load (rest)
6593.8099999999995,0.0,3.681,26.18892,9737,R,pulsed load (rest)
6594.8099999999995,0.0,3.681,26.18892,9737,R,pulsed load (rest)
6595.8099999999995,0.0,3.681,26.18892,9737,R,pulsed load (rest)
6596.8099999999995,0.0,3.681,26.18892,9737,R,pulsed load (rest)
6597.8099999999995,0.0,3.681,26.17335,9737,R,pulsed load (rest)
6598.8099999999995,0.0,3.681,26.17335,9737,R,pulsed load (rest)
6599.8099999999995,0.0,3.681,26.15779,9737,R,pulsed load (rest)
6600.8099999999995,0.0,3.681,26.15779,9737,R,pulsed load (rest)
6601.8099999999995,0.0,3.681,26.15779,9737,R,pulsed load (rest)
6602.8099999999995,0.0,3.681,26.15779,9737,R,pulsed load (rest)
6603.8099999999995,0.0,3.681,26.15779,9737,R,pulsed load (rest)
6604.8099999999995,0.0,3.681,26.15779,9737,R,pulsed load (rest)
6605.8099999999995,0.0,3.681,26.15779,9737,R,pulsed load (rest)
6606.8099999999995,0.0,3.681,26.15779,9737,R,pulsed load (rest)
6607.8099999999995,0.0,3.681,26.14222,9737,R,pulsed load (rest)
6608.8099999999995,0.0,3.681,26.14222,9737,R,pulsed load (rest)
6609.8099999999995,0.0,3.681,26.14222,9737,R,pulsed load (rest)
6610.8099999999995,0.0,3.681,26.14222,9737,R,pulsed load (rest)
6611.8099999999995,0.0,3.681,26.14222,9737,R,pulsed load (rest)
6612.8099999999995,0.0,3.681,26.14222,9737,R,pulsed load (rest)
6613.8099999999995,0.0,3.681,26.14222,9737,R,pulsed load (rest)
6614.8099999999995,0.0,3.681,26.14222,9737,R,pulsed load (rest)
6615.8099999999995,0.0,3.681,26.12665,9737,R,pulsed load (rest)
6616.8099999999995,0.0,3.681,26.12665,9737,R,pulsed load (rest)
6617.8099999999995,0.0,3.681,26.11109,9737,R,pulsed load (rest)
6618.8099999999995,0.0,3.681,26.11109,9737,R,pulsed load (rest)
6619.8099999999995,0.0,3.681,26.11109,9737,R,pulsed load (rest)
6620.8099999999995,0.0,3.681,26.11109,9737,R,pulsed load (rest)
6621.8099999999995,0.0,3.681,26.11109,9737,R,pulsed load (rest)
6622.8099999999995,0.0,3.681,26.11109,9737,R,pulsed load (rest)
6623.8099999999995,0.0,3.681,26.09552,9737,R,pulsed load (rest)
6624.8099999999995,0.0,3.682,26.09552,9737,R,pulsed load (rest)
6625.8099999999995,0.0,3.682,26.09552,9737,R,pulsed load (rest)
6626.8099999999995,0.0,3.682,26.07995,9737,R,pulsed load (rest)
6627.8099999999995,0.0,3.682,26.09552,9737,R,pulsed load (rest)
6628.8099999999995,0.0,3.682,26.09552,9737,R,pulsed load (rest)
6629.8099999999995,0.0,3.682,26.07995,9737,R,pulsed load (rest)
6630.8099999999995,0.0,3.682,26.09552,9737,R,pulsed load (rest)
6631.8099999999995,0.0,3.682,26.07995,9737,R,pulsed load (rest)
6632.8099999999995,0.0,3.682,26.07995,9737,R,pulsed load (rest)
6633.8099999999995,0.0,3.682,26.07995,9737,R,pulsed load (rest)
6634.8099999999995,0.0,3.682,26.06439,9737,R,pulsed load (rest)
6635.8099999999995,0.0,3.682,26.07995,9737,R,pulsed load (rest)
6636.8099999999995,0.0,3.682,26.06439,9737,R,pulsed load (rest)
6637.8099999999995,0.0,3.682,26.06439,9737,R,pulsed load (rest)
6638.8099999999995,0.0,3.682,26.07995,9737,R,pulsed load (rest)
6639.8099999999995,0.0,3.682,26.06439,9737,R,pulsed load (rest)
6640.8099999999995,0.0,3.682,26.07995,9737,R,pulsed load (rest)
6641.8099999999995,0.0,3.682,26.07995,9737,R,pulsed load (rest)
6642.8099999999995,0.0,3.682,26.06439,9737,R,pulsed load (rest)
6643.8099999999995,0.0,3.682,26.06439,9737,R,pulsed load (rest)
6644.8099999999995,0.0,3.682,26.06439,9737,R,pulsed load (rest)
6645.8099999999995,0.0,3.682,26.04882,9737,R,pulsed load (rest)
6646.8099999999995,0.0,3.682,26.06439,9737,R,pulsed load (rest)
6647.8099999999995,0.0,3.682,26.04882,9737,R,pulsed load (rest)
6648.8099999999995,0.0,3.682,26.04882,9737,R,pulsed load (rest)
6649.8099999999995,0.0,3.682,26.04882,9737,R,pulsed load (rest)
6650.8099999999995,0.0,3.682,26.04882,9737,R,pulsed load (rest)
6651.8099999999995,0.0,3.682,26.04882,9737,R,pulsed load (rest)
6652.8099999999995,0.0,3.682,26.03325,9737,R,pulsed load (rest)
6653.8099999999995,0.0,3.682,26.03325,9737,R,pulsed load (rest)
6654.8099999999995,0.0,3.682,26.03325,9737,R,pulsed load (rest)
6655.8099999999995,0.0,3.682,26.03325,9737,R,pulsed load (rest)
6656.8099999999995,0.0,3.682,26.03325,9737,R,pulsed load (rest)
6657.8099999999995,0.0,3.682,26.03325,9737,R,pulsed load (rest)
6658.8099999999995,0.0,3.682,26.01768,9737,R,pulsed load (rest)
6659.8099999999995,0.0,3.682,26.01768,9737,R,pulsed load (rest)
6660.8099999999995,0.0,3.683,26.01768,9737,R,pulsed load (rest)
6661.8099999999995,0.0,3.683,26.01768,9737,R,pulsed load (rest)
6662.8099999999995,0.0,3.683,26.01768,9737,R,pulsed load (rest)
6663.8099999999995,0.0,3.683,26.01768,9737,R,pulsed load (rest)
6664.8099999999995,0.0,3.683,26.00212,9737,R,pulsed load (rest)
6665.8099999999995,0.0,3.683,26.00212,9737,R,pulsed load (rest)
6666.8099999999995,0.0,3.683,26.00212,9737,R,pulsed load (rest)
6667.8099999999995,0.0,3.683,26.00212,9737,R,pulsed load (rest)
6668.8099999999995,0.0,3.683,26.00212,9737,R,pulsed load (rest)
6669.8099999999995,0.0,3.683,26.00212,9737,R,pulsed load (rest)
6670.8099999999995,0.0,3.683,25.98655,9737,R,pulsed load (rest)
6671.8099999999995,0.0,3.683,26.00212,9737,R,pulsed load (rest)
6672.8099999999995,0.0,3.683,25.98655,9737,R,pulsed load (rest)
6673.8099999999995,0.0,3.683,25.98655,9737,R,pulsed load (rest)
6674.8099999999995,0.0,3.683,25.98655,9737,R,pulsed load (rest)
6675.8099999999995,0.0,3.683,25.97099,9737,R,pulsed load (rest)
6676.8099999999995,0.0,3.683,25.98655,9737,R,pulsed load (rest)
6677.8099999999995,0.0,3.683,25.98655,9737,R,pulsed load (rest)
6678.8099999999995,0.0,3.683,25.97099,9737,R,pulsed load (rest)
6679.8099999999995,0.0,3.683,25.98655,9737,R,pulsed load (rest)
6680.8099999999995,0.0,3.683,25.97099,9737,R,pulsed load (rest)
6681.8099999999995,0.0,3.683,25.97099,9737,R,pulsed load (rest)
6682.8099999999995,0.0,3.683,25.97099,9737,R,pulsed load (rest)
6683.8099999999995,0.0,3.683,25.95542,9737,R,pulsed load (rest)
6684.8099999999995,0.0,3.683,25.95542,9737,R,pulsed load (rest)
6685.8099999999995,0.0,3.683,25.95542,9737,R,pulsed load (rest)
6686.8099999999995,0.0,3.683,25.95542,9737,R,pulsed load (rest)
6687.8099999999995,0.0,3.683,25.95542,9737,R,pulsed load (rest)
6688.8099999999995,0.0,3.683,25.95542,9737,R,pulsed load (rest)
6689.8099999999995,0.0,3.683,25.95542,9737,R,pulsed load (rest)
6690.8099999999995,0.0,3.684,25.95542,9737,R,pulsed load (rest)
6691.8099999999995,0.0,3.683,25.95542,9737,R,pulsed load (rest)
6692.8099999999995,0.0,3.683,25.95542,9737,R,pulsed load (rest)
6693.8099999999995,0.0,3.683,25.95542,9737,R,pulsed load (rest)
6694.8099999999995,0.0,3.684,25.97099,9737,R,pulsed load (rest)
6695.8099999999995,0.0,3.684,25.95542,9737,R,pulsed load (rest)
6696.8099999999995,0.0,3.684,25.95542,9737,R,pulsed load (rest)
6697.8099999999995,0.0,3.684,25.95542,9737,R,pulsed load (rest)
6698.8099999999995,0.0,3.684,25.95542,9737,R,pulsed load (rest)
6699.8099999999995,0.0,3.684,25.95542,9737,R,pulsed load (rest)
6700.8099999999995,0.0,3.684,25.95542,9737,R,pulsed load (rest)
6701.8099999999995,0.0,3.684,25.93985,9737,R,pulsed load (rest)
6702.8099999999995,0.0,3.684,25.95542,9737,R,pulsed load (rest)
6703.8099999999995,0.0,3.684,25.93985,9737,R,pulsed load (rest)
6704.8099999999995,0.0,3.684,25.93985,9737,R,pulsed load (rest)
6705.8099999999995,0.0,3.684,25.95542,9737,R,pulsed load (rest)
6706.8099999999995,0.0,3.684,25.95542,9737,R,pulsed load (rest)
6707.8099999999995,0.0,3.684,25.93985,9737,R,pulsed load (rest)
6708.8099999999995,0.0,3.684,25.95542,9737,R,pulsed load (rest)
6709.8099999999995,0.0,3.684,25.93985,9737,R,pulsed load (rest)
6710.8099999999995,0.0,3.684,25.93985,9737,R,pulsed load (rest)
6711.8099999999995,0.0,3.684,25.93985,9737,R,pulsed load (rest)
6712.8099999999995,0.0,3.684,25.93985,9737,R,pulsed load (rest)
6713.8099999999995,0.0,3.684,25.92429,9737,R,pulsed load (rest)
6714.8099999999995,0.0,3.684,25.92429,9737,R,pulsed load (rest)
6715.8099999999995,0.0,3.684,25.92429,9737,R,pulsed load (rest)
6716.8099999999995,0.0,3.684,25.92429,9737,R,pulsed load (rest)
6717.8099999999995,0.0,3.684,25.92429,9737,R,pulsed load (rest)
6718.8099999999995,0.0,3.684,25.92429,9737,R,pulsed load (rest)
6719.8099999999995,0.0,3.684,25.92429,9737,R,pulsed load (rest)
6720.8099999999995,0.0,3.684,25.90872,9737,R,pulsed load (rest)
6721.8099999999995,0.0,3.684,25.92429,9737,R,pulsed load (rest)
6722.8099999999995,0.0,3.684,25.92429,9737,R,pulsed load (rest)
6723.8099999999995,0.0,3.684,25.90872,9737,R,pulsed load (rest)
6724.8099999999995,0.0,3.684,25.92429,9737,R,pulsed load (rest)
6725.8099999999995,0.0,3.684,25.90872,9737,R,pulsed load (rest)
6726.8099999999995,0.0,3.684,25.90872,9737,R,pulsed load (rest)
6727.8099999999995,0.0,3.684,25.90872,9737,R,pulsed load (rest)
6728.8099999999995,0.0,3.684,25.89315,9737,R,pulsed load (rest)
6729.8099999999995,0.0,3.684,25.89315,9737,R,pulsed load (rest)
6730.8099999999995,0.0,3.684,25.89315,9737,R,pulsed load (rest)
6731.8099999999995,0.0,3.684,25.89315,9737,R,pulsed load (rest)
6732.8099999999995,0.0,3.685,25.89315,9737,R,pulsed load (rest)
6733.8099999999995,0.0,3.684,25.89315,9737,R,pulsed load (rest)
6734.8099999999995,0.0,3.684,25.87759,9737,R,pulsed load (rest)
6735.8099999999995,0.0,3.685,25.87759,9737,R,pulsed load (rest)
6736.8099999999995,0.0,3.685,25.87759,9737,R,pulsed load (rest)
6737.8099999999995,0.0,3.685,25.87759,9737,R,pulsed load (rest)
6738.8099999999995,0.0,3.685,25.87759,9737,R,pulsed load (rest)
6739.8099999999995,0.0,3.685,25.86202,9737,R,pulsed load (rest)
6740.8099999999995,0.0,3.685,25.86202,9737,R,pulsed load (rest)
6741.8099999999995,0.0,3.685,25.86202,9737,R,pulsed load (rest)
6742.8099999999995,0.0,3.685,25.86202,9737,R,pulsed load (rest)
6743.8099999999995,0.0,3.685,25.86202,9737,R,pulsed load (rest)
6744.8099999999995,0.0,3.685,25.86202,9737,R,pulsed load (rest)
6745.8099999999995,0.0,3.685,25.86202,9737,R,pulsed load (rest)
6746.8099999999995,0.0,3.685,25.84645,9737,R,pulsed load (rest)
6747.8099999999995,0.0,3.685,25.84645,9737,R,pulsed load (rest)
6748.8099999999995,0.0,3.685,25.84645,9737,R,pulsed load (rest)
6749.8099999999995,0.0,3.685,25.84645,9737,R,pulsed load (rest)
6750.8099999999995,0.0,3.685,25.84645,9737,R,pulsed load (rest)
6751.8099999999995,0.0,3.685,25.84645,9737,R,pulsed load (rest)
6752.8099999999995,0.0,3.685,25.84645,9737,R,pulsed load (rest)
6753.8099999999995,0.0,3.685,25.84645,9737,R,pulsed load (rest)
6754.8099999999995,0.0,3.685,25.84645,9737,R,pulsed load (rest)
6755.8099999999995,0.0,3.685,25.84645,9737,R,pulsed load (rest)
6756.8099999999995,0.0,3.685,25.84645,9737,R,pulsed load (rest)
6757.8099999999995,0.0,3.685,25.84645,9737,R,pulsed load (rest)
6758.8099999999995,0.0,3.685,25.84645,9737,R,pulsed load (rest)
6759.8099999999995,0.0,3.685,25.84645,9737,R,pulsed load (rest)
6760.8099999999995,0.0,3.685,25.84645,9737,R,pulsed load (rest)
6761.8099999999995,0.0,3.685,25.83088,9737,R,pulsed load (rest)
6762.8099999999995,0.0,3.685,25.84645,9737,R,pulsed load (rest)
6763.8099999999995,0.0,3.685,25.84645,9737,R,pulsed load (rest)
6764.8099999999995,0.0,3.685,25.83088,9737,R,pulsed load (rest)
6765.8099999999995,0.0,3.685,25.83088,9737,R,pulsed load (rest)
6766.8099999999995,0.0,3.685,25.83088,9737,R,pulsed load (rest)
6767.8099999999995,0.0,3.685,25.83088,9737,R,pulsed load (rest)
6768.8099999999995,0.0,3.685,25.83088,9737,R,pulsed load (rest)
6769.8099999999995,0.0,3.685,25.83088,9737,R,pulsed load (rest)
6770.8099999999995,0.0,3.685,25.83088,9737,R,pulsed load (rest)
6771.8099999999995,0.0,3.685,25.83088,9737,R,pulsed load (rest)
6772.8099999999995,0.0,3.685,25.83088,9737,R,pulsed load (rest)
6773.8099999999995,0.0,3.686,25.83088,9737,R,pulsed load (rest)
6774.8099999999995,0.0,3.685,25.83088,9737,R,pulsed load (rest)
6775.8099999999995,0.0,3.686,25.83088,9737,R,pulsed load (rest)
6776.8099999999995,0.0,3.686,25.83088,9737,R,pulsed load (rest)
6777.8099999999995,0.0,3.685,25.83088,9737,R,pulsed load (rest)
6778.8099999999995,0.0,3.685,25.83088,9737,R,pulsed load (rest)
6779.8099999999995,0.0,3.686,25.83088,9737,R,pulsed load (rest)
6780.8099999999995,0.0,3.686,25.83088,9737,R,pulsed load (rest)
6781.8099999999995,0.0,3.686,25.81532,9737,R,pulsed load (rest)
6782.8099999999995,0.0,3.686,25.81532,9737,R,pulsed load (rest)
6783.8099999999995,0.0,3.686,25.81532,9737,R,pulsed load (rest)
6784.8099999999995,0.0,3.686,25.81532,9737,R,pulsed load (rest)
6785.8099999999995,0.0,3.686,25.83088,9737,R,pulsed load (rest)
6786.8099999999995,0.0,3.686,25.83088,9737,R,pulsed load (rest)
6787.8099999999995,0.0,3.686,25.83088,9737,R,pulsed load (rest)
6788.8099999999995,0.0,3.686,25.83088,9737,R,pulsed load (rest)
6789.8099999999995,0.0,3.686,25.81532,9737,R,pulsed load (rest)
6790.8099999999995,0.0,3.686,25.81532,9737,R,pulsed load (rest)
6791.8099999999995,0.0,3.686,25.83088,9737,R,pulsed load (rest)
6792.8099999999995,0.0,3.686,25.83088,9737,R,pulsed load (rest)
6793.8099999999995,0.0,3.686,25.83088,9737,R,pulsed load (rest)
6794.8099999999995,0.0,3.686,25.83088,9737,R,pulsed load (rest)
6795.8099999999995,0.0,3.686,25.81532,9737,R,pulsed load (rest)
6796.8099999999995,0.0,3.686,25.81532,9737,R,pulsed load (rest)
6797.8099999999995,0.0,3.686,25.81532,9737,R,pulsed load (rest)
6798.8099999999995,0.0,3.686,25.81532,9737,R,pulsed load (rest)
6799.8099999999995,0.0,3.686,25.81532,9737,R,pulsed load (rest)
6800.8099999999995,0.0,3.686,25.81532,9737,R,pulsed load (rest)
6801.8099999999995,0.0,3.686,25.79975,9737,R,pulsed load (rest)
6802.8099999999995,0.0,3.686,25.81532,9737,R,pulsed load (rest)
6803.8099999999995,0.0,3.686,25.79975,9737,R,pulsed load (rest)
6804.8099999999995,0.0,3.686,25.79975,9737,R,pulsed load (rest)
6805.8099999999995,0.0,3.686,25.81532,9737,R,pulsed load (rest)
6806.8099999999995,0.0,3.686,25.79975,9737,R,pulsed load (rest)
6807.8099999999995,0.0,3.686,25.79975,9737,R,pulsed load (rest)
6808.8099999999995,0.0,3.686,25.81532,9737,R,pulsed load (rest)
6809.8099999999995,0.0,3.686,25.79975,9737,R,pulsed load (rest)
6810.8099999999995,0.0,3.686,25.81532,9737,R,pulsed load (rest)
6811.8099999999995,0.0,3.686,25.79975,9737,R,pulsed load (rest)
6812.8099999999995,0.0,3.686,25.79975,9737,R,pulsed load (rest)
6813.8099999999995,0.0,3.686,25.81532,9737,R,pulsed load (rest)
6814.8099999999995,0.0,3.686,25.79975,9737,R,pulsed load (rest)
6815.8099999999995,0.0,3.686,25.79975,9737,R,pulsed load (rest)
6816.8099999999995,0.0,3.687,25.79975,9737,R,pulsed load (rest)
6817.8099999999995,0.0,3.686,25.79975,9737,R,pulsed load (rest)
6818.8099999999995,0.0,3.686,25.79975,9737,R,pulsed load (rest)
6819.8099999999995,0.0,3.686,25.79975,9737,R,pulsed load (rest)
6820.8099999999995,0.0,3.686,25.79975,9737,R,pulsed load (rest)
6821.8099999999995,0.0,3.686,25.79975,9737,R,pulsed load (rest)
6822.8099999999995,0.0,3.686,25.79975,9737,R,pulsed load (rest)
6823.8099999999995,0.0,3.687,25.79975,9737,R,pulsed load (rest)
6824.8099999999995,0.0,3.686,25.79975,9737,R,pulsed load (rest)
6825.8099999999995,0.0,3.686,25.79975,9737,R,pulsed load (rest)
6826.8099999999995,0.0,3.687,25.79975,9737,R,pulsed load (rest)
6827.8099999999995,0.0,3.687,25.79975,9737,R,pulsed load (rest)
6828.8099999999995,0.0,3.687,25.78419,9737,R,pulsed load (rest)
6829.8099999999995,0.0,3.687,25.79975,9737,R,pulsed load (rest)
6830.8099999999995,0.0,3.687,25.78419,9737,R,pulsed load (rest)
6831.8099999999995,0.0,3.687,25.78419,9737,R,pulsed load (rest)
6832.8099999999995,0.0,3.687,25.78419,9737,R,pulsed load (rest)
6833.8099999999995,0.0,3.687,25.78419,9737,R,pulsed load (rest)
6834.8099999999995,0.0,3.687,25.76862,9737,R,pulsed load (rest)
6835.8099999999995,0.0,3.687,25.78419,9737,R,pulsed load (rest)
6836.8099999999995,0.0,3.687,25.76862,9737,R,pulsed load (rest)
6837.8099999999995,0.0,3.687,25.76862,9737,R,pulsed load (rest)
6838.8099999999995,0.0,3.687,25.76862,9737,R,pulsed load (rest)
6839.8099999999995,0.0,3.687,25.76862,9737,R,pulsed load (rest)
6840.8099999999995,0.0,3.687,25.76862,9737,R,pulsed load (rest)
6841.8099999999995,0.0,3.687,25.76862,9737,R,pulsed load (rest)
6842.8099999999995,0.0,3.687,25.76862,9737,R,pulsed load (rest)
6843.8099999999995,0.0,3.687,25.76862,9737,R,pulsed load (rest)
6844.8099999999995,0.0,3.687,25.76862,9737,R,pulsed load (rest)
6845.8099999999995,0.0,3.687,25.75305,9737,R,pulsed load (rest)
6846.8099999999995,0.0,3.687,25.75305,9737,R,pulsed load (rest)
6847.8099999999995,0.0,3.687,25.73748,9737,R,pulsed load (rest)
6848.8099999999995,0.0,3.687,25.73748,9737,R,pulsed load (rest)
6849.8099999999995,0.0,3.687,25.73748,9737,R,pulsed load (rest)
6850.8099999999995,0.0,3.687,25.73748,9737,R,pulsed load (rest)
6851.8099999999995,0.0,3.687,25.73748,9737,R,pulsed load (rest)
6852.8099999999995,0.0,3.687,25.73748,9737,R,pulsed load (rest)
6853.8099999999995,0.0,3.687,25.72192,9737,R,pulsed load (rest)
6854.8099999999995,0.0,3.687,25.72192,9737,R,pulsed load (rest)
6855.8099999999995,0.0,3.687,25.72192,9737,R,pulsed load (rest)
6856.8099999999995,0.0,3.687,25.72192,9737,R,pulsed load (rest)
6857.8099999999995,0.0,3.687,25.72192,9737,R,pulsed load (rest)
6858.8099999999995,0.0,3.687,25.72192,9737,R,pulsed load (rest)
6859.8099999999995,0.0,3.687,25.72192,9737,R,pulsed load (rest)
6860.8099999999995,0.0,3.687,25.72192,9737,R,pulsed load (rest)
6861.8099999999995,0.0,3.687,25.70635,9737,R,pulsed load (rest)
6862.8099999999995,0.0,3.687,25.70635,9737,R,pulsed load (rest)
6863.8099999999995,0.0,3.687,25.70635,9737,R,pulsed load (rest)
6864.8099999999995,0.0,3.687,25.69079,9737,R,pulsed load (rest)
6865.8099999999995,0.0,3.687,25.69079,9737,R,pulsed load (rest)
6866.8099999999995,0.0,3.687,25.69079,9737,R,pulsed load (rest)
6867.8099999999995,0.0,3.687,25.70635,9737,R,pulsed load (rest)
6868.8099999999995,0.0,3.687,25.69079,9737,R,pulsed load (rest)
6869.8099999999995,0.0,3.687,25.69079,9737,R,pulsed load (rest)
6870.8099999999995,0.0,3.687,25.69079,9737,R,pulsed load (rest)
6871.8099999999995,0.0,3.687,25.67522,9737,R,pulsed load (rest)
6872.8099999999995,0.0,3.687,25.67522,9737,R,pulsed load (rest)
6873.8099999999995,0.0,3.688,25.67522,9737,R,pulsed load (rest)
6874.8099999999995,0.0,3.687,25.67522,9737,R,pulsed load (rest)
6875.8099999999995,0.0,3.687,25.69079,9737,R,pulsed load (rest)
6876.8099999999995,0.0,3.688,25.69079,9737,R,pulsed load (rest)
6877.8099999999995,0.0,3.687,25.67522,9737,R,pulsed load (rest)
6878.8099999999995,0.0,3.687,25.67522,9737,R,pulsed load (rest)
6879.8099999999995,0.0,3.688,25.67522,9737,R,pulsed load (rest)
6880.8099999999995,0.0,3.688,25.67522,9737,R,pulsed load (rest)
6881.8099999999995,0.0,3.687,25.65965,9737,R,pulsed load (rest)
6882.8099999999995,0.0,3.688,25.65965,9737,R,pulsed load (rest)
6883.8099999999995,0.0,3.688,25.65965,9737,R,pulsed load (rest)
6884.8099999999995,0.0,3.688,25.65965,9737,R,pulsed load (rest)
6885.8099999999995,0.0,3.687,25.64409,9737,R,pulsed load (rest)
6886.8099999999995,0.0,3.688,25.64409,9737,R,pulsed load (rest)
6887.8099999999995,0.0,3.688,25.64409,9737,R,pulsed load (rest)
6888.8099999999995,0.0,3.688,25.64409,9737,R,pulsed load (rest)
6889.8099999999995,0.0,3.688,25.64409,9737,R,pulsed load (rest)
6890.8099999999995,0.0,3.688,25.64409,9737,R,pulsed load (rest)
6891.8099999999995,0.0,3.688,25.64409,9737,R,pulsed load (rest)
6892.8099999999995,0.0,3.688,25.64409,9737,R,pulsed load (rest)
6893.8099999999995,0.0,3.688,25.62852,9737,R,pulsed load (rest)
6894.8099999999995,0.0,3.688,25.64409,9737,R,pulsed load (rest)
6895.8099999999995,0.0,3.688,25.64409,9737,R,pulsed load (rest)
6896.8099999999995,0.0,3.688,25.62852,9737,R,pulsed load (rest)
6897.8099999999995,0.0,3.688,25.62852,9737,R,pulsed load (rest)
6898.8099999999995,0.0,3.688,25.62852,9737,R,pulsed load (rest)
6899.8099999999995,0.0,3.688,25.62852,9737,R,pulsed load (rest)
6900.8099999999995,0.0,3.688,25.62852,9737,R,pulsed load (rest)
6901.8099999999995,0.0,3.688,25.61295,9737,R,pulsed load (rest)
6902.8099999999995,0.0,3.688,25.61295,9737,R,pulsed load (rest)
6903.8099999999995,0.0,3.688,25.61295,9737,R,pulsed load (rest)
6904.8099999999995,0.0,3.688,25.59739,9737,R,pulsed load (rest)
6905.8099999999995,0.0,3.688,25.61295,9737,R,pulsed load (rest)
6906.8099999999995,0.0,3.688,25.59739,9737,R,pulsed load (rest)
6907.8099999999995,0.0,3.688,25.59739,9737,R,pulsed load (rest)
6908.8099999999995,0.0,3.688,25.61295,9737,R,pulsed load (rest)
6909.8099999999995,0.0,3.688,25.61295,9737,R,pulsed load (rest)
6910.8099999999995,0.0,3.688,25.61295,9737,R,pulsed load (rest)
6911.8099999999995,0.0,3.688,25.61295,9737,R,pulsed load (rest)
6912.8099999999995,0.0,3.688,25.59739,9737,R,pulsed load (rest)
6913.8099999999995,0.0,3.688,25.59739,9737,R,pulsed load (rest)
6914.8099999999995,0.0,3.688,25.59739,9737,R,pulsed load (rest)
6915.8099999999995,0.0,3.688,25.59739,9737,R,pulsed load (rest)
6916.8099999999995,0.0,3.688,25.59739,9737,R,pulsed load (rest)
6917.8099999999995,0.0,3.688,25.61295,9737,R,pulsed load (rest)
6918.8099999999995,0.0,3.688,25.59739,9737,R,pulsed load (rest)
6919.8099999999995,0.0,3.688,25.61295,9737,R,pulsed load (rest)
6920.8099999999995,0.0,3.688,25.59739,9737,R,pulsed load (rest)
6921.8099999999995,0.0,3.688,25.58182,9737,R,pulsed load (rest)
6922.8099999999995,0.0,3.688,25.58182,9737,R,pulsed load (rest)
6923.8099999999995,0.0,3.688,25.58182,9737,R,pulsed load (rest)
6924.8099999999995,0.0,3.688,25.58182,9737,R,pulsed load (rest)
6925.8099999999995,0.0,3.688,25.58182,9737,R,pulsed load (rest)
6926.8099999999995,0.0,3.688,25.56625,9737,R,pulsed load (rest)
6927.8099999999995,0.0,3.688,25.58182,9737,R,pulsed load (rest)
6928.8099999999995,0.0,3.688,25.56625,9737,R,pulsed load (rest)
6929.8099999999995,0.0,3.688,25.56625,9737,R,pulsed load (rest)
6930.8099999999995,0.0,3.688,25.56625,9737,R,pulsed load (rest)
6931.8099999999995,0.0,3.688,25.55069,9737,R,pulsed load (rest)
6932.8099999999995,0.0,3.688,25.55069,9737,R,pulsed load (rest)
6933.8099999999995,0.0,3.688,25.55069,9737,R,pulsed load (rest)
6934.8099999999995,0.0,3.688,25.53512,9737,R,pulsed load (rest)
6935.8099999999995,0.0,3.688,25.55069,9737,R,pulsed load (rest)
6936.8099999999995,0.0,3.689,25.55069,9737,R,pulsed load (rest)
6937.8099999999995,0.0,3.688,25.55069,9737,R,pulsed load (rest)
6938.8099999999995,0.0,3.689,25.55069,9737,R,pulsed load (rest)
6939.8099999999995,0.0,3.689,25.53512,9737,R,pulsed load (rest)
6940.8099999999995,0.0,3.689,25.53512,9737,R,pulsed load (rest)
6941.8099999999995,0.0,3.689,25.51955,9737,R,pulsed load (rest)
6942.8099999999995,0.0,3.689,25.51955,9737,R,pulsed load (rest)
6943.8099999999995,0.0,3.689,25.51955,9737,R,pulsed load (rest)
6944.8099999999995,0.0,3.689,25.51955,9737,R,pulsed load (rest)
6945.8099999999995,0.0,3.689,25.51955,9737,R,pulsed load (rest)
6946.8099999999995,0.0,3.689,25.51955,9737,R,pulsed load (rest)
6947.8099999999995,0.0,3.689,25.50398,9737,R,pulsed load (rest)
6948.8099999999995,0.0,3.689,25.50398,9737,R,pulsed load (rest)
6949.8099999999995,0.0,3.689,25.51955,9737,R,pulsed load (rest)
6950.8099999999995,0.0,3.689,25.50398,9737,R,pulsed load (rest)
6951.8099999999995,0.0,3.689,25.50398,9737,R,pulsed load (rest)
6952.8099999999995,0.0,3.689,25.50398,9737,R,pulsed load (rest)
6953.8099999999995,0.0,3.689,25.48842,9737,R,pulsed load (rest)
6954.8099999999995,0.0,3.689,25.48842,9737,R,pulsed load (rest)
6955.8099999999995,0.0,3.689,25.50398,9737,R,pulsed load (rest)
6956.8099999999995,0.0,3.689,25.48842,9737,R,pulsed load (rest)
6957.8099999999995,0.0,3.689,25.48842,9737,R,pulsed load (rest)
6958.8099999999995,0.0,3.689,25.48842,9737,R,pulsed load (rest)
6959.8099999999995,0.0,3.689,25.47285,9737,R,pulsed load (rest)
6960.8099999999995,0.0,3.689,25.48842,9737,R,pulsed load (rest)
6961.8099999999995,0.0,3.689,25.48842,9737,R,pulsed load (rest)
6962.8099999999995,0.0,3.689,25.47285,9737,R,pulsed load (rest)
6963.8099999999995,0.0,3.689,25.47285,9737,R,pulsed load (rest)
6964.8099999999995,0.0,3.689,25.45728,9737,R,pulsed load (rest)
6965.8099999999995,0.0,3.689,25.45728,9737,R,pulsed load (rest)
6966.8099999999995,0.0,3.689,25.45728,9737,R,pulsed load (rest)
6967.8099999999995,0.0,3.689,25.45728,9737,R,pulsed load (rest)
6968.8099999999995,0.0,3.689,25.45728,9737,R,pulsed load (rest)
6969.8099999999995,0.0,3.689,25.45728,9737,R,pulsed load (rest)
6970.8099999999995,0.0,3.689,25.44172,9737,R,pulsed load (rest)
6971.8099999999995,0.0,3.689,25.44172,9737,R,pulsed load (rest)
6972.8099999999995,0.0,3.689,25.44172,9737,R,pulsed load (rest)
6973.8099999999995,0.0,3.689,25.44172,9737,R,pulsed load (rest)
6974.8099999999995,0.0,3.689,25.44172,9737,R,pulsed load (rest)
6975.8099999999995,0.0,3.689,25.44172,9737,R,pulsed load (rest)
6976.8099999999995,0.0,3.689,25.44172,9737,R,pulsed load (rest)
6977.8099999999995,0.0,3.689,25.44172,9737,R,pulsed load (rest)
6978.8099999999995,0.0,3.689,25.42615,9737,R,pulsed load (rest)
6979.8099999999995,0.0,3.689,25.42615,9737,R,pulsed load (rest)
6980.8099999999995,0.0,3.689,25.42615,9737,R,pulsed load (rest)
6981.8099999999995,0.0,3.689,25.42615,9737,R,pulsed load (rest)
6982.8099999999995,0.0,3.689,25.42615,9737,R,pulsed load (rest)
6983.8099999999995,0.0,3.689,25.42615,9737,R,pulsed load (rest)
6984.8099999999995,0.0,3.689,25.42615,9737,R,pulsed load (rest)
6985.8099999999995,0.0,3.689,25.42615,9737,R,pulsed load (rest)
6986.8099999999995,0.0,3.689,25.42615,9737,R,pulsed load (rest)
6987.8099999999995,0.0,3.689,25.41059,9737,R,pulsed load (rest)
6988.8099999999995,0.0,3.689,25.42615,9737,R,pulsed load (rest)
6989.8099999999995,0.0,3.689,25.41059,9737,R,pulsed load (rest)
6990.8099999999995,0.0,3.689,25.41059,9737,R,pulsed load (rest)
6991.8099999999995,0.0,3.689,25.42615,9737,R,pulsed load (rest)
6992.8099999999995,0.0,3.689,25.41059,9737,R,pulsed load (rest)
6993.8099999999995,0.0,3.689,25.41059,9737,R,pulsed load (rest)
6994.8099999999995,0.0,3.689,25.41059,9737,R,pulsed load (rest)
6995.8099999999995,0.0,3.69,25.39502,9737,R,pulsed load (rest)
6996.8099999999995,0.0,3.69,25.41059,9737,R,pulsed load (rest)
6997.8099999999995,0.0,3.69,25.39502,9737,R,pulsed load (rest)
6998.8099999999995,0.0,3.69,25.39502,9737,R,pulsed load (rest)
6999.8099999999995,0.0,3.689,25.41059,9737,R,pulsed load (rest)
7000.8099999999995,0.0,3.69,25.41059,9737,R,pulsed load (rest)
7001.8099999999995,0.0,3.69,25.39502,9737,R,pulsed load (rest)
7002.8099999999995,0.0,3.69,25.39502,9737,R,pulsed load (rest)
7003.8099999999995,0.0,3.69,25.39502,9737,R,pulsed load (rest)
7004.8099999999995,0.0,3.69,25.39502,9737,R,pulsed load (rest)
7005.8099999999995,0.0,3.69,25.39502,9737,R,pulsed load (rest)
7006.8099999999995,0.0,3.69,25.39502,9737,R,pulsed load (rest)
7007.8099999999995,0.0,3.69,25.39502,9737,R,pulsed load (rest)
7008.8099999999995,0.0,3.69,25.39502,9737,R,pulsed load (rest)
7009.8099999999995,0.0,3.69,25.39502,9737,R,pulsed load (rest)
7010.8099999999995,0.0,3.69,25.39502,9737,R,pulsed load (rest)
7011.8099999999995,0.0,3.69,25.39502,9737,R,pulsed load (rest)
7012.8099999999995,0.0,3.69,25.39502,9737,R,pulsed load (rest)
7013.8099999999995,0.0,3.69,25.37945,9737,R,pulsed load (rest)
7014.8099999999995,0.0,3.69,25.37945,9737,R,pulsed load (rest)
7015.8099999999995,0.0,3.69,25.36389,9737,R,pulsed load (rest)
7016.8099999999995,0.0,3.69,25.36389,9737,R,pulsed load (rest)
7017.8099999999995,0.0,3.69,25.36389,9737,R,pulsed load (rest)
7018.8099999999995,0.0,3.69,25.36389,9737,R,pulsed load (rest)
7019.8099999999995,0.0,3.69,25.36389,9737,R,pulsed load (rest)
7020.8099999999995,0.0,3.69,25.36389,9737,R,pulsed load (rest)
7021.8099999999995,0.0,3.69,25.36389,9737,R,pulsed load (rest)
7022.8099999999995,0.0,3.69,25.36389,9737,R,pulsed load (rest)
7023.8099999999995,0.0,3.69,25.36389,9737,R,pulsed load (rest)
7024.8099999999995,0.0,3.69,25.36389,9737,R,pulsed load (rest)
7025.8099999999995,0.0,3.69,25.36389,9737,R,pulsed load (rest)
7026.8099999999995,0.0,3.69,25.36389,9737,R,pulsed load (rest)
7027.8099999999995,0.0,3.69,25.36389,9737,R,pulsed load (rest)
7028.8099999999995,0.0,3.69,25.36389,9737,R,pulsed load (rest)
7029.8099999999995,0.0,3.69,25.36389,9737,R,pulsed load (rest)
7030.8099999999995,0.0,3.69,25.36389,9737,R,pulsed load (rest)
7031.8099999999995,0.0,3.69,25.34832,9737,R,pulsed load (rest)
7032.8099999999995,0.0,3.69,25.34832,9737,R,pulsed load (rest)
7033.8099999999995,0.0,3.69,25.36389,9737,R,pulsed load (rest)
7034.8099999999995,0.0,3.69,25.34832,9737,R,pulsed load (rest)
7035.8099999999995,0.0,3.69,25.34832,9737,R,pulsed load (rest)
7036.8099999999995,0.0,3.69,25.34832,9737,R,pulsed load (rest)
7037.8099999999995,0.0,3.69,25.34832,9737,R,pulsed load (rest)
7038.8099999999995,0.0,3.69,25.34832,9737,R,pulsed load (rest)
7039.8099999999995,0.0,3.69,25.34832,9737,R,pulsed load (rest)
7040.8099999999995,0.0,3.69,25.33275,9737,R,pulsed load (rest)
7041.8099999999995,0.0,3.69,25.34832,9737,R,pulsed load (rest)
7042.8099999999995,0.0,3.69,25.34832,9737,R,pulsed load (rest)
7043.8099999999995,0.0,3.69,25.33275,9737,R,pulsed load (rest)
7044.8099999999995,0.0,3.69,25.33275,9737,R,pulsed load (rest)
7045.8099999999995,0.0,3.69,25.33275,9737,R,pulsed load (rest)
7046.8099999999995,0.0,3.69,25.33275,9737,R,pulsed load (rest)
7047.8099999999995,0.0,3.69,25.33275,9737,R,pulsed load (rest)
7048.8099999999995,0.0,3.69,25.33275,9737,R,pulsed load (rest)
7049.8099999999995,0.0,3.69,25.33275,9737,R,pulsed load (rest)
7050.8099999999995,0.0,3.69,25.33275,9737,R,pulsed load (rest)
7051.8099999999995,0.0,3.69,25.33275,9737,R,pulsed load (rest)
7052.8099999999995,0.0,3.69,25.33275,9737,R,pulsed load (rest)
7053.8099999999995,0.0,3.69,25.33275,9737,R,pulsed load (rest)
7054.8099999999995,0.0,3.69,25.31718,9737,R,pulsed load (rest)
7055.8099999999995,0.0,3.69,25.31718,9737,R,pulsed load (rest)
7056.8099999999995,0.0,3.69,25.31718,9737,R,pulsed load (rest)
7057.8099999999995,0.0,3.69,25.31718,9737,R,pulsed load (rest)
7058.8099999999995,0.0,3.691,25.31718,9737,R,pulsed load (rest)
7059.8099999999995,0.0,3.69,25.31718,9737,R,pulsed load (rest)
7060.8099999999995,0.0,3.691,25.31718,9737,R,pulsed load (rest)
7061.8099999999995,0.0,3.691,25.31718,9737,R,pulsed load (rest)
7062.8099999999995,0.0,3.69,25.31718,9737,R,pulsed load (rest)
7063.8099999999995,0.0,3.691,25.31718,9737,R,pulsed load (rest)
7064.8099999999995,0.0,3.691,25.31718,9737,R,pulsed load (rest)
7065.8099999999995,0.0,3.691,25.31718,9737,R,pulsed load (rest)
7066.8099999999995,0.0,3.691,25.31718,9737,R,pulsed load (rest)
7067.8099999999995,0.0,3.691,25.33275,9737,R,pulsed load (rest)
7068.8099999999995,0.0,3.691,25.31718,9737,R,pulsed load (rest)
7069.8099999999995,0.0,3.691,25.31718,9737,R,pulsed load (rest)
7070.8099999999995,0.0,3.691,25.33275,9737,R,pulsed load (rest)
7071.8099999999995,0.0,3.691,25.31718,9737,R,pulsed load (rest)
7072.8099999999995,0.0,3.691,25.31718,9737,R,pulsed load (rest)
7073.8099999999995,0.0,3.691,25.31718,9737,R,pulsed load (rest)
7074.8099999999995,0.0,3.691,25.31718,9737,R,pulsed load (rest)
7075.8099999999995,0.0,3.691,25.31718,9737,R,pulsed load (rest)
7076.8099999999995,0.0,3.691,25.31718,9737,R,pulsed load (rest)
7077.8099999999995,0.0,3.691,25.31718,9737,R,pulsed load (rest)
7078.8099999999995,0.0,3.691,25.31718,9737,R,pulsed load (rest)
7079.8099999999995,0.0,3.691,25.31718,9737,R,pulsed load (rest)
7080.8099999999995,0.0,3.691,25.31718,9737,R,pulsed load (rest)
7081.8099999999995,0.0,3.691,25.31718,9737,R,pulsed load (rest)
7082.8099999999995,0.0,3.691,25.31718,9737,R,pulsed load (rest)
7083.8099999999995,0.0,3.691,25.31718,9737,R,pulsed load (rest)
7084.8099999999995,0.0,3.691,25.31718,9737,R,pulsed load (rest)
7085.8099999999995,0.0,3.691,25.30162,9737,R,pulsed load (rest)
7086.8099999999995,0.0,3.691,25.31718,9737,R,pulsed load (rest)
7087.8099999999995,0.0,3.691,25.30162,9737,R,pulsed load (rest)
7088.8099999999995,0.0,3.691,25.30162,9737,R,pulsed load (rest)
7089.8099999999995,0.0,3.691,25.30162,9737,R,pulsed load (rest)
7090.8099999999995,0.0,3.691,25.30162,9737,R,pulsed load (rest)
7091.8099999999995,0.0,3.691,25.31718,9737,R,pulsed load (rest)
7092.8099999999995,0.0,3.691,25.31718,9737,R,pulsed load (rest)
7093.8099999999995,0.0,3.691,25.30162,9737,R,pulsed load (rest)
7094.8099999999995,0.0,3.691,25.30162,9737,R,pulsed load (rest)
7095.8099999999995,0.0,3.691,25.30162,9737,R,pulsed load (rest)
7096.8099999999995,0.0,3.691,25.30162,9737,R,pulsed load (rest)
7097.8099999999995,0.0,3.691,25.30162,9737,R,pulsed load (rest)
7098.8099999999995,0.0,3.691,25.30162,9737,R,pulsed load (rest)
7099.8099999999995,0.0,3.691,25.30162,9737,R,pulsed load (rest)
7100.8099999999995,0.0,3.691,25.30162,9737,R,pulsed load (rest)
7101.8099999999995,0.0,3.691,25.30162,9737,R,pulsed load (rest)
7102.8099999999995,0.0,3.691,25.30162,9737,R,pulsed load (rest)
7103.8099999999995,0.0,3.691,25.30162,9737,R,pulsed load (rest)
7104.8099999999995,0.0,3.691,25.30162,9737,R,pulsed load (rest)
7105.8099999999995,0.0,3.691,25.30162,9737,R,pulsed load (rest)
7106.8099999999995,0.0,3.691,25.30162,9737,R,pulsed load (rest)
7107.8099999999995,0.0,3.691,25.30162,9737,R,pulsed load (rest)
7108.8099999999995,0.0,3.691,25.28605,9737,R,pulsed load (rest)
7109.8099999999995,0.0,3.691,25.30162,9737,R,pulsed load (rest)
7110.8099999999995,0.0,3.691,25.30162,9737,R,pulsed load (rest)
7111.8099999999995,0.0,3.691,25.30162,9737,R,pulsed load (rest)
7112.8099999999995,0.0,3.691,25.30162,9737,R,pulsed load (rest)
7113.8099999999995,0.0,3.691,25.30162,9737,R,pulsed load (rest)
7114.8099999999995,0.0,3.691,25.30162,9737,R,pulsed load (rest)
7115.8099999999995,0.0,3.691,25.30162,9737,R,pulsed load (rest)
7116.8099999999995,0.0,3.691,25.30162,9737,R,pulsed load (rest)
7117.8099999999995,0.0,3.691,25.30162,9737,R,pulsed load (rest)
7118.8099999999995,0.0,3.691,25.30162,9737,R,pulsed load (rest)
7119.8099999999995,0.0,3.691,25.28605,9737,R,pulsed load (rest)
7120.8099999999995,0.0,3.691,25.30162,9737,R,pulsed load (rest)
7121.8099999999995,0.0,3.691,25.30162,9737,R,pulsed load (rest)
7122.8099999999995,0.0,3.691,25.28605,9737,R,pulsed load (rest)
7123.8099999999995,0.0,3.691,25.30162,9737,R,pulsed load (rest)
7124.8099999999995,0.0,3.691,25.30162,9737,R,pulsed load (rest)
7125.8099999999995,0.0,3.691,25.28605,9737,R,pulsed load (rest)
7126.8099999999995,0.0,3.692,25.30162,9737,R,pulsed load (rest)
7127.8099999999995,0.0,3.691,25.30162,9737,R,pulsed load (rest)
7128.8099999999995,0.0,3.691,25.28605,9737,R,pulsed load (rest)
7129.8099999999995,0.0,3.691,25.28605,9737,R,pulsed load (rest)
7130.8099999999995,0.0,3.691,25.28605,9737,R,pulsed load (rest)
7131.8099999999995,0.0,3.691,25.28605,9737,R,pulsed load (rest)
7132.8099999999995,0.0,3.692,25.28605,9737,R,pulsed load (rest)
7133.8099999999995,0.0,3.691,25.28605,9737,R,pulsed load (rest)
7134.8099999999995,0.0,3.692,25.28605,9737,R,pulsed load (rest)
7135.8099999999995,0.0,3.692,25.28605,9737,R,pulsed load (rest)
7136.8099999999995,0.0,3.691,25.27048,9737,R,pulsed load (rest)
7137.8099999999995,0.0,3.691,25.27048,9737,R,pulsed load (rest)
7138.8099999999995,0.0,3.692,25.27048,9737,R,pulsed load (rest)
7139.8099999999995,0.0,3.692,25.27048,9737,R,pulsed load (rest)
7140.8099999999995,0.0,3.692,25.27048,9737,R,pulsed load (rest)
7141.8099999999995,0.0,3.692,25.27048,9737,R,pulsed load (rest)
7142.8099999999995,0.0,3.692,25.27048,9737,R,pulsed load (rest)
7143.8099999999995,0.0,3.692,25.27048,9737,R,pulsed load (rest)
7144.8099999999995,0.0,3.692,25.25492,9737,R,pulsed load (rest)
7145.8099999999995,0.0,3.692,25.25492,9737,R,pulsed load (rest)
7146.8099999999995,0.0,3.692,25.25492,9737,R,pulsed load (rest)
7147.8099999999995,0.0,3.692,25.25492,9737,R,pulsed load (rest)
7148.8099999999995,0.0,3.692,25.25492,9737,R,pulsed load (rest)
7149.8099999999995,0.0,3.692,25.25492,9737,R,pulsed load (rest)
7150.8099999999995,0.0,3.692,25.25492,9737,R,pulsed load (rest)
7151.8099999999995,0.0,3.692,25.25492,9737,R,pulsed load (rest)
7152.8099999999995,0.0,3.692,25.25492,9737,R,pulsed load (rest)
7153.8099999999995,0.0,3.692,25.25492,9737,R,pulsed load (rest)
7154.8099999999995,0.0,3.692,25.25492,9737,R,pulsed load (rest)
7155.8099999999995,0.0,3.692,25.25492,9737,R,pulsed load (rest)
7156.8099999999995,0.0,3.692,25.25492,9737,R,pulsed load (rest)
7157.8099999999995,0.0,3.692,25.23935,9737,R,pulsed load (rest)
7158.8099999999995,0.0,3.692,25.23935,9737,R,pulsed load (rest)
7159.8099999999995,0.0,3.692,25.23935,9737,R,pulsed load (rest)
7160.8099999999995,0.0,3.692,25.23935,9737,R,pulsed load (rest)
7161.8099999999995,0.0,3.692,25.23935,9737,R,pulsed load (rest)
7162.8099999999995,0.0,3.692,25.23935,9737,R,pulsed load (rest)
7163.8099999999995,0.0,3.692,25.23935,9737,R,pulsed load (rest)
7164.8099999999995,0.0,3.692,25.23935,9737,R,pulsed load (rest)
7165.8099999999995,0.0,3.692,25.25492,9737,R,pulsed load (rest)
7166.8099999999995,0.0,3.692,25.25492,9737,R,pulsed load (rest)
7167.8099999999995,0.0,3.692,25.23935,9737,R,pulsed load (rest)
7168.8099999999995,0.0,3.692,25.25492,9737,R,pulsed load (rest)
7169.8099999999995,0.0,3.692,25.23935,9737,R,pulsed load (rest)
7170.8099999999995,0.0,3.692,25.23935,9737,R,pulsed load (rest)
7171.8099999999995,0.0,3.692,25.23935,9737,R,pulsed load (rest)
7172.8099999999995,0.0,3.692,25.23935,9737,R,pulsed load (rest)
7173.8099999999995,0.0,3.692,25.22378,9737,R,pulsed load (rest)
7174.8099999999995,0.0,3.692,25.23935,9737,R,pulsed load (rest)
7175.8099999999995,0.0,3.692,25.22378,9737,R,pulsed load (rest)
7176.8099999999995,0.0,3.692,25.22378,9737,R,pulsed load (rest)
7177.8099999999995,0.0,3.692,25.22378,9737,R,pulsed load (rest)
7178.8099999999995,0.0,3.692,25.22378,9737,R,pulsed load (rest)
7179.8099999999995,0.0,3.692,25.23935,9737,R,pulsed load (rest)
7180.8099999999995,0.0,3.692,25.23935,9737,R,pulsed load (rest)
7181.8099999999995,0.0,3.692,25.22378,9737,R,pulsed load (rest)
7182.8099999999995,0.0,3.692,25.22378,9737,R,pulsed load (rest)
7183.8099999999995,0.0,3.692,25.22378,9737,R,pulsed load (rest)
7184.8099999999995,0.0,3.692,25.22378,9737,R,pulsed load (rest)
7185.8099999999995,0.0,3.692,25.22378,9737,R,pulsed load (rest)
7186.8099999999995,0.0,3.692,25.22378,9737,R,pulsed load (rest)
7187.8099999999995,0.0,3.692,25.20822,9737,R,pulsed load (rest)
7188.8099999999995,0.0,3.692,25.20822,9737,R,pulsed load (rest)
7189.8099999999995,0.0,3.692,25.20822,9737,R,pulsed load (rest)
7190.8099999999995,0.0,3.692,25.20822,9737,R,pulsed load (rest)
7191.8099999999995,0.0,3.692,25.20822,9737,R,pulsed load (rest)
7192.8099999999995,0.0,3.692,25.20822,9737,R,pulsed load (rest)
7193.8099999999995,0.0,3.692,25.20822,9737,R,pulsed load (rest)
7194.8099999999995,0.0,3.692,25.20822,9737,R,pulsed load (rest)
7195.8099999999995,0.0,3.692,25.20822,9737,R,pulsed load (rest)
7196.8099999999995,0.0,3.692,25.20822,9737,R,pulsed load (rest)
7197.8099999999995,0.0,3.692,25.20822,9737,R,pulsed load (rest)
7198.8099999999995,0.0,3.692,25.20822,9737,R,pulsed load (rest)
7199.799999999999,0.0,3.692,25.20822,9737,R,pulsed load (rest)
7199.799999999999,1.004,3.588,25.20822,9738,D,pulsed load (discharge)
7200.799999999999,1.0,3.528,25.20822,9738,D,pulsed load (discharge)
7201.799999999999,1.0,3.521,25.19265,9738,D,pulsed load (discharge)
7202.799999999999,1.0,3.516,25.19265,9738,D,pulsed load (discharge)
7203.799999999999,1.0,3.512,25.19265,9738,D,pulsed load (discharge)
7204.799999999999,1.0,3.508,25.19265,9738,D,pulsed load (discharge)
7205.799999999999,1.001,3.504,25.19265,9738,D,pulsed load (discharge)
7206.799999999999,1.0,3.5,25.17709,9738,D,pulsed load (discharge)
7207.799999999999,1.0,3.497,25.19265,9738,D,pulsed load (discharge)
7208.799999999999,1.0,3.494,25.19265,9738,D,pulsed load (discharge)
7209.799999999999,0.999,3.491,25.19265,9738,D,pulsed load (discharge)
7210.799999999999,1.0,3.488,25.19265,9738,D,pulsed load (discharge)
7211.799999999999,1.0,3.485,25.19265,9738,D,pulsed load (discharge)
7212.799999999999,0.999,3.482,25.20822,9738,D,pulsed load (discharge)
7213.799999999999,1.0,3.479,25.20822,9738,D,pulsed load (discharge)
7214.799999999999,1.0,3.476,25.19265,9738,D,pulsed load (discharge)
7215.799999999999,1.0,3.473,25.20822,9738,D,pulsed load (discharge)
7216.799999999999,1.0,3.471,25.20822,9738,D,pulsed load (discharge)
7217.799999999999,1.0,3.468,25.20822,9738,D,pulsed load (discharge)
7218.799999999999,1.0,3.465,25.20822,9738,D,pulsed load (discharge)
7219.799999999999,1.0,3.462,25.20822,9738,D,pulsed load (discharge)
7220.799999999999,1.0,3.46,25.20822,9738,D,pulsed load (discharge)
7221.799999999999,0.999,3.457,25.22378,9738,D,pulsed load (discharge)
7222.799999999999,1.0,3.455,25.22378,9738,D,pulsed load (discharge)
7223.799999999999,1.0,3.452,25.22378,9738,D,pulsed load (discharge)
7224.799999999999,0.999,3.45,25.22378,9738,D,pulsed load (discharge)
7225.799999999999,1.0,3.447,25.22378,9738,D,pulsed load (discharge)
7226.799999999999,0.999,3.444,25.23935,9738,D,pulsed load (discharge)
7227.799999999999,1.0,3.442,25.23935,9738,D,pulsed load (discharge)
7228.799999999999,1.0,3.439,25.23935,9738,D,pulsed load (discharge)
7229.799999999999,1.0,3.437,25.23935,9738,D,pulsed load (discharge)
7230.799999999999,1.0,3.434,25.23935,9738,D,pulsed load (discharge)
7231.799999999999,1.0,3.432,25.23935,9738,D,pulsed load (discharge)
7232.799999999999,1.0,3.43,25.23935,9738,D,pulsed load (discharge)
7233.799999999999,1.0,3.427,25.23935,9738,D,pulsed load (discharge)
7234.799999999999,1.0,3.425,25.25492,9738,D,pulsed load (discharge)
7235.799999999999,0.999,3.422,25.25492,9738,D,pulsed load (discharge)
7236.799999999999,1.0,3.42,25.25492,9738,D,pulsed load (discharge)
7237.799999999999,1.0,3.418,25.27048,9738,D,pulsed load (discharge)
7238.799999999999,0.999,3.416,25.27048,9738,D,pulsed load (discharge)
7239.799999999999,1.0,3.413,25.27048,9738,D,pulsed load (discharge)
7240.799999999999,1.0,3.411,25.27048,9738,D,pulsed load (discharge)
7241.799999999999,1.001,3.408,25.27048,9738,D,pulsed load (discharge)
7242.799999999999,1.0,3.406,25.27048,9738,D,pulsed load (discharge)
7243.799999999999,1.0,3.404,25.27048,9738,D,pulsed load (discharge)
7244.799999999999,0.999,3.401,25.27048,9738,D,pulsed load (discharge)
7245.799999999999,1.0,3.399,25.27048,9738,D,pulsed load (discharge)
7246.799999999999,1.0,3.397,25.27048,9738,D,pulsed load (discharge)
7247.799999999999,1.0,3.395,25.27048,9738,D,pulsed load (discharge)
7248.799999999999,0.999,3.392,25.28605,9738,D,pulsed load (discharge)
7249.799999999999,1.0,3.39,25.28605,9738,D,pulsed load (discharge)
7250.799999999999,0.999,3.388,25.28605,9738,D,pulsed load (discharge)
7251.799999999999,1.0,3.386,25.30162,9738,D,pulsed load (discharge)
7252.799999999999,1.0,3.384,25.30162,9738,D,pulsed load (discharge)
7253.799999999999,0.999,3.381,25.30162,9738,D,pulsed load (discharge)
7254.799999999999,1.001,3.379,25.30162,9738,D,pulsed load (discharge)
7255.799999999999,0.999,3.377,25.31718,9738,D,pulsed load (discharge)
7256.799999999999,1.0,3.375,25.31718,9738,D,pulsed load (discharge)
7257.799999999999,1.0,3.373,25.31718,9738,D,pulsed load (discharge)
7258.799999999999,1.0,3.371,25.31718,9738,D,pulsed load (discharge)
7259.799999999999,1.0,3.368,25.31718,9738,D,pulsed load (discharge)
7260.799999999999,1.0,3.366,25.33275,9738,D,pulsed load (discharge)
7261.799999999999,1.0,3.364,25.33275,9738,D,pulsed load (discharge)
7262.799999999999,1.0,3.362,25.33275,9738,D,pulsed load (discharge)
7263.799999999999,1.0,3.36,25.33275,9738,D,pulsed load (discharge)
7264.799999999999,0.999,3.358,25.33275,9738,D,pulsed load (discharge)
7265.799999999999,1.0,3.356,25.34832,9738,D,pulsed load (discharge)
7266.799999999999,1.0,3.354,25.34832,9738,D,pulsed load (discharge)
7267.799999999999,0.999,3.352,25.34832,9738,D,pulsed load (discharge)
7268.799999999999,1.0,3.35,25.34832,9738,D,pulsed load (discharge)
7269.799999999999,1.0,3.348,25.34832,9738,D,pulsed load (discharge)
7270.799999999999,0.999,3.346,25.34832,9738,D,pulsed load (discharge)
7271.799999999999,1.0,3.344,25.36389,9738,D,pulsed load (discharge)
7272.799999999999,1.0,3.342,25.36389,9738,D,pulsed load (discharge)
7273.799999999999,1.0,3.34,25.36389,9738,D,pulsed load (discharge)
7274.799999999999,1.0,3.338,25.37945,9738,D,pulsed load (discharge)
7275.799999999999,1.0,3.336,25.37945,9738,D,pulsed load (discharge)
7276.799999999999,0.999,3.334,25.37945,9738,D,pulsed load (discharge)
7277.799999999999,1.0,3.332,25.37945,9738,D,pulsed load (discharge)
7278.799999999999,0.999,3.33,25.37945,9738,D,pulsed load (discharge)
7279.799999999999,1.0,3.328,25.39502,9738,D,pulsed load (discharge)
7280.799999999999,1.0,3.326,25.39502,9738,D,pulsed load (discharge)
7281.799999999999,1.0,3.324,25.39502,9738,D,pulsed load (discharge)
7282.799999999999,1.0,3.322,25.39502,9738,D,pulsed load (discharge)
7283.799999999999,0.999,3.321,25.39502,9738,D,pulsed load (discharge)
7284.799999999999,1.0,3.319,25.39502,9738,D,pulsed load (discharge)
7285.799999999999,1.0,3.317,25.41059,9738,D,pulsed load (discharge)
7286.799999999999,0.999,3.315,25.41059,9738,D,pulsed load (discharge)
7287.799999999999,1.0,3.313,25.42615,9738,D,pulsed load (discharge)
7288.799999999999,1.0,3.312,25.42615,9738,D,pulsed load (discharge)
7289.799999999999,0.999,3.31,25.42615,9738,D,pulsed load (discharge)
7290.799999999999,1.0,3.308,25.42615,9738,D,pulsed load (discharge)
7291.799999999999,1.001,3.306,25.44172,9738,D,pulsed load (discharge)
7292.799999999999,1.0,3.304,25.44172,9738,D,pulsed load (discharge)
7293.799999999999,1.001,3.303,25.44172,9738,D,pulsed load (discharge)
7294.799999999999,0.999,3.301,25.44172,9738,D,pulsed load (discharge)
7295.799999999999,1.0,3.299,25.45728,9738,D,pulsed load (discharge)
7296.799999999999,1.0,3.297,25.45728,9738,D,pulsed load (discharge)
7297.799999999999,1.0,3.296,25.47285,9738,D,pulsed load (discharge)
7298.799999999999,1.0,3.294,25.47285,9738,D,pulsed load (discharge)
7299.799999999999,1.001,3.292,25.47285,9738,D,pulsed load (discharge)
7300.799999999999,1.0,3.29,25.47285,9738,D,pulsed load (discharge)
7301.799999999999,1.0,3.289,25.48842,9738,D,pulsed load (discharge)
7302.799999999999,1.0,3.287,25.48842,9738,D,pulsed load (discharge)
7303.799999999999,1.0,3.285,25.50398,9738,D,pulsed load (discharge)
7304.799999999999,1.0,3.284,25.50398,9738,D,pulsed load (discharge)
7305.799999999999,0.999,3.282,25.50398,9738,D,pulsed load (discharge)
7306.799999999999,1.0,3.28,25.50398,9738,D,pulsed load (discharge)
7307.799999999999,1.0,3.279,25.51955,9738,D,pulsed load (discharge)
7308.799999999999,0.999,3.277,25.51955,9738,D,pulsed load (discharge)
7309.799999999999,1.0,3.275,25.51955,9738,D,pulsed load (discharge)
7310.799999999999,0.999,3.274,25.53512,9738,D,pulsed load (discharge)
7311.799999999999,1.0,3.272,25.53512,9738,D,pulsed load (discharge)
7312.799999999999,1.0,3.27,25.55069,9738,D,pulsed load (discharge)
7313.799999999999,1.0,3.269,25.55069,9738,D,pulsed load (discharge)
7314.799999999999,1.0,3.267,25.55069,9738,D,pulsed load (discharge)
7315.799999999999,0.999,3.266,25.56625,9738,D,pulsed load (discharge)
7316.799999999999,0.999,3.264,25.55069,9738,D,pulsed load (discharge)
7317.799999999999,1.0,3.262,25.56625,9738,D,pulsed load (discharge)
7318.799999999999,0.999,3.261,25.56625,9738,D,pulsed load (discharge)
7319.799999999999,0.999,3.26,25.56625,9738,D,pulsed load (discharge)
7320.799999999999,1.0,3.258,25.59739,9738,D,pulsed load (discharge)
7321.799999999999,1.0,3.256,25.59739,9738,D,pulsed load (discharge)
7322.799999999999,1.0,3.255,25.61295,9738,D,pulsed load (discharge)
7323.799999999999,0.999,3.253,25.61295,9738,D,pulsed load (discharge)
7324.799999999999,1.0,3.252,25.61295,9738,D,pulsed load (discharge)
7325.799999999999,1.0,3.25,25.61295,9738,D,pulsed load (discharge)
7326.799999999999,1.0,3.249,25.62852,9738,D,pulsed load (discharge)
7327.799999999999,1.0,3.247,25.62852,9738,D,pulsed load (discharge)
7328.799999999999,1.0,3.246,25.64409,9738,D,pulsed load (discharge)
7329.799999999999,0.999,3.244,25.64409,9738,D,pulsed load (discharge)
7330.799999999999,1.0,3.243,25.64409,9738,D,pulsed load (discharge)
7331.799999999999,0.999,3.241,25.64409,9738,D,pulsed load (discharge)
7332.799999999999,1.0,3.24,25.64409,9738,D,pulsed load (discharge)
7333.799999999999,0.999,3.238,25.64409,9738,D,pulsed load (discharge)
7334.799999999999,0.999,3.237,25.65965,9738,D,pulsed load (discharge)
7335.799999999999,1.0,3.235,25.65965,9738,D,pulsed load (discharge)
7336.799999999999,1.0,3.234,25.67522,9738,D,pulsed load (discharge)
7337.799999999999,1.001,3.232,25.67522,9738,D,pulsed load (discharge)
7338.799999999999,1.0,3.231,25.69079,9738,D,pulsed load (discharge)
7339.799999999999,0.999,3.229,25.69079,9738,D,pulsed load (discharge)
7340.799999999999,0.999,3.228,25.70635,9738,D,pulsed load (discharge)
7341.799999999999,1.001,3.227,25.70635,9738,D,pulsed load (discharge)
7342.799999999999,1.0,3.225,25.72192,9738,D,pulsed load (discharge)
7343.799999999999,1.0,3.224,25.72192,9738,D,pulsed load (discharge)
7344.799999999999,1.001,3.222,25.72192,9738,D,pulsed load (discharge)
7345.799999999999,1.0,3.221,25.73748,9738,D,pulsed load (discharge)
7346.799999999999,1.0,3.22,25.73748,9738,D,pulsed load (discharge)
7347.799999999999,1.0,3.218,25.75305,9738,D,pulsed load (discharge)
7348.799999999999,1.0,3.217,25.75305,9738,D,pulsed load (discharge)
7349.799999999999,1.0,3.215,25.75305,9738,D,pulsed load (discharge)
7350.799999999999,0.999,3.214,25.75305,9738,D,pulsed load (discharge)
7351.799999999999,1.0,3.213,25.76862,9738,D,pulsed load (discharge)
7352.799999999999,1.0,3.211,25.76862,9738,D,pulsed load (discharge)
7353.799999999999,1.0,3.21,25.76862,9738,D,pulsed load (discharge)
7354.799999999999,1.0,3.208,25.76862,9738,D,pulsed load (discharge)
7355.799999999999,0.999,3.207,25.78419,9738,D,pulsed load (discharge)
7356.799999999999,1.0,3.206,25.78419,9738,D,pulsed load (discharge)
7357.799999999999,1.0,3.204,25.78419,9738,D,pulsed load (discharge)
7358.799999999999,0.999,3.203,25.79975,9738,D,pulsed load (discharge)
7359.799999999999,1.0,3.202,25.81532,9738,D,pulsed load (discharge)
7360.799999999999,1.0,3.201,25.81532,9738,D,pulsed load (discharge)
7361.099999999999,1.0,3.2,25.81532,9738,D,pulsed load (discharge)
7361.099999999999,0.0,3.291,25.81532,9739,R,rest post pulsed load
7371.099999999999,0.0,3.52,25.86202,9739,R,rest post pulsed load
7381.099999999999,0.0,3.545,25.87759,9739,R,rest post pulsed load
7391.099999999999,0.0,3.563,25.87759,9739,R,rest post pulsed load
7401.099999999999,0.0,3.576,25.87759,9739,R,rest post pulsed load
7411.099999999999,0.0,3.586,25.89315,9739,R,rest post pulsed load
7421.099999999999,0.0,3.595,25.89315,9739,R,rest post pulsed load
7431.099999999999,0.0,3.602,25.89315,9739,R,rest post pulsed load
7441.099999999999,0.0,3.608,25.90872,9739,R,rest post pulsed load
7451.099999999999,0.0,3.613,25.87759,9739,R,rest post pulsed load
7461.099999999999,0.0,3.617,25.87759,9739,R,rest post pulsed load
7471.099999999999,0.0,3.621,25.84645,9739,R,rest post pulsed load
7481.099999999999,0.0,3.625,25.83088,9739,R,rest post pulsed load
7491.099999999999,0.0,3.628,25.79975,9739,R,rest post pulsed load
7501.099999999999,0.0,3.63,25.78419,9739,R,rest post pulsed load
7511.099999999999,0.0,3.633,25.76862,9739,R,rest post pulsed load
7521.099999999999,0.0,3.635,25.73748,9739,R,rest post pulsed load
7531.099999999999,0.0,3.637,25.70635,9739,R,rest post pulsed load
7541.099999999999,0.0,3.639,25.69079,9739,R,rest post pulsed load
7551.099999999999,0.0,3.641,25.67522,9739,R,rest post pulsed load
7561.099999999999,0.0,3.642,25.67522,9739,R,rest post pulsed load
7571.099999999999,0.0,3.644,25.67522,9739,R,rest post pulsed load
7581.099999999999,0.0,3.645,25.64409,9739,R,rest post pulsed load
7591.099999999999,0.0,3.646,25.61295,9739,R,rest post pulsed load
7601.099999999999,0.0,3.648,25.61295,9739,R,rest post pulsed load
7611.099999999999,0.0,3.649,25.58182,9739,R,rest post pulsed load
7621.099999999999,0.0,3.65,25.58182,9739,R,rest post pulsed load
7631.099999999999,0.0,3.651,25.55069,9739,R,rest post pulsed load
7641.099999999999,0.0,3.652,25.53512,9739,R,rest post pulsed load
7651.099999999999,0.0,3.653,25.51955,9739,R,rest post pulsed load
7661.099999999999,0.0,3.654,25.51955,9739,R,rest post pulsed load
7671.099999999999,0.0,3.654,25.51955,9739,R,rest post pulsed load
7681.099999999999,0.0,3.655,25.48842,9739,R,rest post pulsed load
7691.099999999999,0.0,3.656,25.47285,9739,R,rest post pulsed load
7701.099999999999,0.0,3.657,25.44172,9739,R,rest post pulsed load
7711.099999999999,0.0,3.657,25.42615,9739,R,rest post pulsed load
7721.099999999999,0.0,3.658,25.41059,9739,R,rest post pulsed load
7731.099999999999,0.0,3.659,25.37945,9739,R,rest post pulsed load
7741.099999999999,0.0,3.659,25.37945,9739,R,rest post pulsed load
7751.099999999999,0.0,3.66,25.39502,9739,R,rest post pulsed load
7761.099999999999,0.0,3.661,25.36389,9739,R,rest post pulsed load
7771.099999999999,0.0,3.661,25.36389,9739,R,rest post pulsed load
7781.099999999999,0.0,3.662,25.36389,9739,R,rest post pulsed load
7791.099999999999,0.0,3.662,25.34832,9739,R,rest post pulsed load
7801.099999999999,0.0,3.663,25.33275,9739,R,rest post pulsed load
7811.099999999999,0.0,3.663,25.33275,9739,R,rest post pulsed load
7821.099999999999,0.0,3.664,25.30162,9739,R,rest post pulsed load
7831.099999999999,0.0,3.664,25.30162,9739,R,rest post pulsed load
7841.099999999999,0.0,3.665,25.28605,9739,R,rest post pulsed load
7851.099999999999,0.0,3.665,25.28605,9739,R,rest post pulsed load
7861.099999999999,0.0,3.666,25.27048,9739,R,rest post pulsed load
7871.099999999999,0.0,3.666,25.27048,9739,R,rest post pulsed load
7881.099999999999,0.0,3.667,25.23935,9739,R,rest post pulsed load
7891.099999999999,0.0,3.667,25.22378,9739,R,rest post pulsed load
7901.099999999999,0.0,3.668,25.20822,9739,R,rest post pulsed load
7911.099999999999,0.0,3.668,25.19265,9739,R,rest post pulsed load
7921.099999999999,0.0,3.668,25.19265,9739,R,rest post pulsed load
7931.099999999999,0.0,3.669,25.17709,9739,R,rest post pulsed load
7941.099999999999,0.0,3.669,25.16152,9739,R,rest post pulsed load
7951.099999999999,0.0,3.669,25.14595,9739,R,rest post pulsed load
7961.099999999999,0.0,3.67,25.11482,9739,R,rest post pulsed load
7971.099999999999,0.0,3.67,25.09925,9739,R,rest post pulsed load
7981.099999999999,0.0,3.67,25.08368,9739,R,rest post pulsed load
7991.099999999999,0.0,3.671,25.06812,9739,R,rest post pulsed load
8001.099999999999,0.0,3.671,25.05255,9739,R,rest post pulsed load
8011.099999999999,0.0,3.671,25.03698,9739,R,rest post pulsed load
8021.099999999999,0.0,3.672,25.03698,9739,R,rest post pulsed load
8031.099999999999,0.0,3.672,25.03698,9739,R,rest post pulsed load
8041.099999999999,0.0,3.672,25.03698,9739,R,rest post pulsed load
8051.099999999999,0.0,3.673,25.02142,9739,R,rest post pulsed load
8061.099999999999,0.0,3.673,25.00585,9739,R,rest post pulsed load
8071.099999999999,0.0,3.673,24.99028,9739,R,rest post pulsed load
8081.099999999999,0.0,3.673,24.99028,9739,R,rest post pulsed load
8091.099999999999,0.0,3.674,25.00585,9739,R,rest post pulsed load
8101.099999999999,0.0,3.674,24.99028,9739,R,rest post pulsed load
8111.099999999999,0.0,3.674,24.97472,9739,R,rest post pulsed load
8121.099999999999,0.0,3.675,24.97472,9739,R,rest post pulsed load
8131.099999999999,0.0,3.675,24.95915,9739,R,rest post pulsed load
8141.099999999999,0.0,3.675,24.95915,9739,R,rest post pulsed load
8151.099999999999,0.0,3.675,24.94358,9739,R,rest post pulsed load
8161.099999999999,0.0,3.675,24.94358,9739,R,rest post pulsed load
8171.099999999999,0.0,3.676,24.91245,9739,R,rest post pulsed load
8181.099999999999,0.0,3.676,24.89688,9739,R,rest post pulsed load
8191.099999999999,0.0,3.676,24.89688,9739,R,rest post pulsed load
8201.099999999999,0.0,3.676,24.86575,9739,R,rest post pulsed load
8211.099999999999,0.0,3.677,24.85019,9739,R,rest post pulsed load
8221.099999999999,0.0,3.677,24.83462,9739,R,rest post pulsed load
8231.099999999999,0.0,3.677,24.85019,9739,R,rest post pulsed load
8241.099999999999,0.0,3.677,24.81905,9739,R,rest post pulsed load
8251.099999999999,0.0,3.677,24.80348,9739,R,rest post pulsed load
8261.099999999999,0.0,3.678,24.78792,9739,R,rest post pulsed load
8271.099999999999,0.0,3.678,24.77235,9739,R,rest post pulsed load
8281.099999999999,0.0,3.678,24.75678,9739,R,rest post pulsed load
8291.099999999999,0.0,3.678,24.74122,9739,R,rest post pulsed load
8301.099999999999,0.0,3.678,24.74122,9739,R,rest post pulsed load
8311.099999999999,0.0,3.678,24.72565,9739,R,rest post pulsed load
8321.099999999999,0.0,3.679,24.72565,9739,R,rest post pulsed load
8331.099999999999,0.0,3.679,24.72565,9739,R,rest post pulsed load
8341.099999999999,0.0,3.679,24.71008,9739,R,rest post pulsed load
8351.099999999999,0.0,3.679,24.72565,9739,R,rest post pulsed load
8361.099999999999,0.0,3.679,24.72565,9739,R,rest post pulsed load
8371.099999999999,0.0,3.68,24.71008,9739,R,rest post pulsed load
8381.099999999999,0.0,3.68,24.72565,9739,R,rest post pulsed load
8391.099999999999,0.0,3.68,24.72565,9739,R,rest post pulsed load
8401.099999999999,0.0,3.68,24.74122,9739,R,rest post pulsed load
8411.099999999999,0.0,3.68,24.72565,9739,R,rest post pulsed load
8421.099999999999,0.0,3.68,24.72565,9739,R,rest post pulsed load
8431.099999999999,0.0,3.681,24.71008,9739,R,rest post pulsed load
8441.099999999999,0.0,3.681,24.71008,9739,R,rest post pulsed load
8451.099999999999,0.0,3.681,24.71008,9739,R,rest post pulsed load
8461.099999999999,0.0,3.681,24.69452,9739,R,rest post pulsed load
8471.099999999999,0.0,3.681,24.69452,9739,R,rest post pulsed load
8481.099999999999,0.0,3.681,24.67895,9739,R,rest post pulsed load
8491.099999999999,0.0,3.682,24.66338,9739,R,rest post pulsed load
8501.099999999999,0.0,3.682,24.64782,9739,R,rest post pulsed load
8511.099999999999,0.0,3.682,24.63225,9739,R,rest post pulsed load
8521.099999999999,0.0,3.682,24.64782,9739,R,rest post pulsed load
8531.099999999999,0.0,3.682,24.61668,9739,R,rest post pulsed load
8541.099999999999,0.0,3.682,24.60112,9739,R,rest post pulsed load
8551.099999999999,0.0,3.682,24.60112,9739,R,rest post pulsed load
8561.099999999999,0.0,3.683,24.58555,9739,R,rest post pulsed load
8571.099999999999,0.0,3.683,24.56998,9739,R,rest post pulsed load
8581.099999999999,0.0,3.683,24.55442,9739,R,rest post pulsed load
8591.099999999999,0.0,3.683,24.55442,9739,R,rest post pulsed load
8601.099999999999,0.0,3.683,24.53885,9739,R,rest post pulsed load
8611.099999999999,0.0,3.683,24.53885,9739,R,rest post pulsed load
8621.099999999999,0.0,3.683,24.53885,9739,R,rest post pulsed load
8631.099999999999,0.0,3.683,24.53885,9739,R,rest post pulsed load
8641.099999999999,0.0,3.684,24.53885,9739,R,rest post pulsed load
8651.099999999999,0.0,3.684,24.52328,9739,R,rest post pulsed load
8661.099999999999,0.0,3.684,24.53885,9739,R,rest post pulsed load
8671.099999999999,0.0,3.684,24.53885,9739,R,rest post pulsed load
8681.099999999999,0.0,3.684,24.55442,9739,R,rest post pulsed load
8691.099999999999,0.0,3.684,24.53885,9739,R,rest post pulsed load
8701.099999999999,0.0,3.684,24.52328,9739,R,rest post pulsed load
8711.099999999999,0.0,3.684,24.53885,9739,R,rest post pulsed load
8721.099999999999,0.0,3.684,24.53885,9739,R,rest post pulsed load
8731.099999999999,0.0,3.685,24.52328,9739,R,rest post pulsed load
8741.099999999999,0.0,3.685,24.52328,9739,R,rest post pulsed load
8751.099999999999,0.0,3.685,24.52328,9739,R,rest post pulsed load
8761.099999999999,0.0,3.685,24.50772,9739,R,rest post pulsed load
8771.099999999999,0.0,3.685,24.50772,9739,R,rest post pulsed load
8781.099999999999,0.0,3.685,24.52328,9739,R,rest post pulsed load
8791.099999999999,0.0,3.685,24.49215,9739,R,rest post pulsed load
8801.099999999999,0.0,3.685,24.47658,9739,R,rest post pulsed load
8811.099999999999,0.0,3.686,24.47658,9739,R,rest post pulsed load
8821.099999999999,0.0,3.686,24.46102,9739,R,rest post pulsed load
8831.099999999999,0.0,3.686,24.44545,9739,R,rest post pulsed load
8841.099999999999,0.0,3.686,24.42988,9739,R,rest post pulsed load
8851.099999999999,0.0,3.686,24.42988,9739,R,rest post pulsed load
8861.099999999999,0.0,3.686,24.41432,9739,R,rest post pulsed load
8871.099999999999,0.0,3.686,24.41432,9739,R,rest post pulsed load
8881.099999999999,0.0,3.686,24.39875,9739,R,rest post pulsed load
8891.099999999999,0.0,3.686,24.41432,9739,R,rest post pulsed load
8901.099999999999,0.0,3.687,24.41432,9739,R,rest post pulsed load
8911.099999999999,0.0,3.687,24.41432,9739,R,rest post pulsed load
8921.099999999999,0.0,3.687,24.41432,9739,R,rest post pulsed load
8931.099999999999,0.0,3.687,24.39875,9739,R,rest post pulsed load
8941.099999999999,0.0,3.687,24.39875,9739,R,rest post pulsed load
8951.099999999999,0.0,3.687,24.38318,9739,R,rest post pulsed load
8961.099999999999,0.0,3.687,24.39875,9739,R,rest post pulsed load
8971.099999999999,0.0,3.687,24.39875,9739,R,rest post pulsed load
8981.099999999999,0.0,3.687,24.38318,9739,R,rest post pulsed load
8991.099999999999,0.0,3.687,24.39875,9739,R,rest post pulsed load
9001.099999999999,0.0,3.687,24.38318,9739,R,rest post pulsed load
9011.099999999999,0.0,3.687,24.39875,9739,R,rest post pulsed load
9021.099999999999,0.0,3.688,24.38318,9739,R,rest post pulsed load
9031.099999999999,0.0,3.688,24.38318,9739,R,rest post pulsed load
9041.099999999999,0.0,3.688,24.36762,9739,R,rest post pulsed load
9051.099999999999,0.0,3.688,24.36762,9739,R,rest post pulsed load
9061.099999999999,0.0,3.688,24.36762,9739,R,rest post pulsed load
9071.099999999999,0.0,3.688,24.35205,9739,R,rest post pulsed load
9081.099999999999,0.0,3.688,24.35205,9739,R,rest post pulsed load
9091.099999999999,0.0,3.688,24.39875,9739,R,rest post pulsed load
9101.099999999999,0.0,3.688,24.38318,9739,R,rest post pulsed load
9111.099999999999,0.0,3.688,24.39875,9739,R,rest post pulsed load
9121.099999999999,0.0,3.688,24.38318,9739,R,rest post pulsed load
9131.099999999999,0.0,3.688,24.36762,9739,R,rest post pulsed load
9141.099999999999,0.0,3.689,24.36762,9739,R,rest post pulsed load
9151.099999999999,0.0,3.689,24.36762,9739,R,rest post pulsed load
9161.099999999999,0.0,3.689,24.38318,9739,R,rest post pulsed load
9171.099999999999,0.0,3.689,24.38318,9739,R,rest post pulsed load
9181.099999999999,0.0,3.689,24.38318,9739,R,rest post pulsed load
9191.099999999999,0.0,3.689,24.39875,9739,R,rest post pulsed load
9201.099999999999,0.0,3.689,24.38318,9739,R,rest post pulsed load
9211.099999999999,0.0,3.689,24.36762,9739,R,rest post pulsed load
9221.099999999999,0.0,3.689,24.35205,9739,R,rest post pulsed load
9231.099999999999,0.0,3.689,24.36762,9739,R,rest post pulsed load
9241.099999999999,0.0,3.689,24.35205,9739,R,rest post pulsed load
9251.099999999999,0.0,3.689,24.33648,9739,R,rest post pulsed load
9261.099999999999,0.0,3.689,24.33648,9739,R,rest post pulsed load
9271.099999999999,0.0,3.69,24.35205,9739,R,rest post pulsed load
9281.099999999999,0.0,3.69,24.33648,9739,R,rest post pulsed load
9291.099999999999,0.0,3.69,24.33648,9739,R,rest post pulsed load
9301.099999999999,0.0,3.69,24.33648,9739,R,rest post pulsed load
9311.099999999999,0.0,3.69,24.33648,9739,R,rest post pulsed load
9321.099999999999,0.0,3.69,24.33648,9739,R,rest post pulsed load
9331.099999999999,0.0,3.69,24.32092,9739,R,rest post pulsed load
9341.099999999999,0.0,3.69,24.33648,9739,R,rest post pulsed load
9351.099999999999,0.0,3.69,24.32092,9739,R,rest post pulsed load
9361.099999999999,0.0,3.69,24.32092,9739,R,rest post pulsed load
9371.099999999999,0.0,3.69,24.32092,9739,R,rest post pulsed load
9381.099999999999,0.0,3.69,24.32092,9739,R,rest post pulsed load
9391.099999999999,0.0,3.69,24.32092,9739,R,rest post pulsed load
9401.099999999999,0.0,3.691,24.32092,9739,R,rest post pulsed load
9411.099999999999,0.0,3.691,24.30535,9739,R,rest post pulsed load
9421.099999999999,0.0,3.691,24.30535,9739,R,rest post pulsed load
9431.099999999999,0.0,3.691,24.30535,9739,R,rest post pulsed load
9441.099999999999,0.0,3.691,24.28978,9739,R,rest post pulsed load
9451.099999999999,0.0,3.691,24.30535,9739,R,rest post pulsed load
9461.099999999999,0.0,3.691,24.30535,9739,R,rest post pulsed load
9471.099999999999,0.0,3.691,24.30535,9739,R,rest post pulsed load
9481.099999999999,0.0,3.691,24.30535,9739,R,rest post pulsed load
9491.099999999999,0.0,3.691,24.30535,9739,R,rest post pulsed load
9501.099999999999,0.0,3.691,24.32092,9739,R,rest post pulsed load
9511.099999999999,0.0,3.691,24.30535,9739,R,rest post pulsed load
9521.099999999999,0.0,3.691,24.30535,9739,R,rest post pulsed load
9531.099999999999,0.0,3.691,24.28978,9739,R,rest post pulsed load
9541.099999999999,0.0,3.691,24.28978,9739,R,rest post pulsed load
9551.099999999999,0.0,3.691,24.27422,9739,R,rest post pulsed load
9561.099999999999,0.0,3.692,24.27422,9739,R,rest post pulsed load
9571.099999999999,0.0,3.692,24.25865,9739,R,rest post pulsed load
9581.099999999999,0.0,3.692,24.25865,9739,R,rest post pulsed load
9591.099999999999,0.0,3.692,24.24308,9739,R,rest post pulsed load
9601.099999999999,0.0,3.692,24.25865,9739,R,rest post pulsed load
9611.099999999999,0.0,3.692,24.24308,9739,R,rest post pulsed load
9621.099999999999,0.0,3.692,24.24308,9739,R,rest post pulsed load
9631.099999999999,0.0,3.692,24.22752,9739,R,rest post pulsed load
9641.099999999999,0.0,3.692,24.24308,9739,R,rest post pulsed load
9651.099999999999,0.0,3.692,24.24308,9739,R,rest post pulsed load
9661.099999999999,0.0,3.692,24.24308,9739,R,rest post pulsed load
9671.099999999999,0.0,3.692,24.25865,9739,R,rest post pulsed load
9681.099999999999,0.0,3.692,24.25865,9739,R,rest post pulsed load
9691.099999999999,0.0,3.692,24.25865,9739,R,rest post pulsed load
9701.099999999999,0.0,3.692,24.25865,9739,R,rest post pulsed load
9711.099999999999,0.0,3.692,24.28978,9739,R,rest post pulsed load
9721.099999999999,0.0,3.692,24.27422,9739,R,rest post pulsed load
9731.099999999999,0.0,3.693,24.28978,9739,R,rest post pulsed load
9741.099999999999,0.0,3.693,24.28978,9739,R,rest post pulsed load
9751.099999999999,0.0,3.693,24.28978,9739,R,rest post pulsed load
9761.099999999999,0.0,3.693,24.25865,9739,R,rest post pulsed load
9771.099999999999,0.0,3.693,24.27422,9739,R,rest post pulsed load
9781.099999999999,0.0,3.693,24.27422,9739,R,rest post pulsed load
9791.099999999999,0.0,3.693,24.27422,9739,R,rest post pulsed load
9801.099999999999,0.0,3.693,24.25865,9739,R,rest post pulsed load
9811.099999999999,0.0,3.693,24.24308,9739,R,rest post pulsed load
9821.099999999999,0.0,3.693,24.24308,9739,R,rest post pulsed load
9831.099999999999,0.0,3.693,24.24308,9739,R,rest post pulsed load
9841.099999999999,0.0,3.693,24.24308,9739,R,rest post pulsed load
9851.099999999999,0.0,3.693,24.24308,9739,R,rest post pulsed load
9861.099999999999,0.0,3.693,24.22752,9739,R,rest post pulsed load
9871.099999999999,0.0,3.693,24.22752,9739,R,rest post pulsed load
9881.099999999999,0.0,3.693,24.21195,9739,R,rest post pulsed load
9891.099999999999,0.0,3.694,24.21195,9739,R,rest post pulsed load
9901.099999999999,0.0,3.693,24.21195,9739,R,rest post pulsed load
9911.099999999999,0.0,3.694,24.21195,9739,R,rest post pulsed load
9921.099999999999,0.0,3.694,24.21195,9739,R,rest post pulsed load
9931.099999999999,0.0,3.694,24.21195,9739,R,rest post pulsed load
9941.099999999999,0.0,3.694,24.22752,9739,R,rest post pulsed load
9951.099999999999,0.0,3.694,24.22752,9739,R,rest post pulsed load
9961.099999999999,0.0,3.694,24.22752,9739,R,rest post pulsed load
9971.099999999999,0.0,3.694,24.24308,9739,R,rest post pulsed load
9981.099999999999,0.0,3.694,24.24308,9739,R,rest post pulsed load
9991.099999999999,0.0,3.694,24.24308,9739,R,rest post pulsed load
10001.099999999999,0.0,3.694,24.24308,9739,R,rest post pulsed load
10011.099999999999,0.0,3.694,24.24308,9739,R,rest post pulsed load
10021.099999999999,0.0,3.694,24.24308,9739,R,rest post pulsed load
10031.099999999999,0.0,3.694,24.24308,9739,R,rest post pulsed load
10041.099999999999,0.0,3.694,24.24308,9739,R,rest post pulsed load
10051.099999999999,0.0,3.694,24.24308,9739,R,rest post pulsed load
10061.099999999999,0.0,3.694,24.24308,9739,R,rest post pulsed load
10071.099999999999,0.0,3.694,24.22752,9739,R,rest post pulsed load
10081.099999999999,0.0,3.694,24.22752,9739,R,rest post pulsed load
10091.099999999999,0.0,3.694,24.22752,9739,R,rest post pulsed load
10101.099999999999,0.0,3.695,24.21195,9739,R,rest post pulsed load
10111.099999999999,0.0,3.694,24.22752,9739,R,rest post pulsed load
10121.099999999999,0.0,3.695,24.21195,9739,R,rest post pulsed load
10131.099999999999,0.0,3.695,24.21195,9739,R,rest post pulsed load
10141.099999999999,0.0,3.695,24.19638,9739,R,rest post pulsed load
10151.099999999999,0.0,3.695,24.19638,9739,R,rest post pulsed load
10161.099999999999,0.0,3.695,24.18082,9739,R,rest post pulsed load
10171.099999999999,0.0,3.695,24.18082,9739,R,rest post pulsed load
10181.099999999999,0.0,3.695,24.16525,9739,R,rest post pulsed load
10191.099999999999,0.0,3.695,24.16525,9739,R,rest post pulsed load
10201.099999999999,0.0,3.695,24.14968,9739,R,rest post pulsed load
10211.099999999999,0.0,3.695,24.14968,9739,R,rest post pulsed load
10221.099999999999,0.0,3.695,24.14968,9739,R,rest post pulsed load
10231.099999999999,0.0,3.695,24.16525,9739,R,rest post pulsed load
10241.099999999999,0.0,3.695,24.16525,9739,R,rest post pulsed load
10251.099999999999,0.0,3.695,24.18082,9739,R,rest post pulsed load
10261.099999999999,0.0,3.695,24.19638,9739,R,rest post pulsed load
10271.099999999999,0.0,3.695,24.18082,9739,R,rest post pulsed load
10281.099999999999,0.0,3.695,24.18082,9739,R,rest post pulsed load
10291.099999999999,0.0,3.695,24.21195,9739,R,rest post pulsed load
10301.099999999999,0.0,3.695,24.19638,9739,R,rest post pulsed load
10311.099999999999,0.0,3.696,24.21195,9739,R,rest post pulsed load
10321.099999999999,0.0,3.695,24.19638,9739,R,rest post pulsed load
10331.099999999999,0.0,3.696,24.21195,9739,R,rest post pulsed load
10341.099999999999,0.0,3.696,24.21195,9739,R,rest post pulsed load
10351.099999999999,0.0,3.696,24.19638,9739,R,rest post pulsed load
10361.099999999999,0.0,3.696,24.21195,9739,R,rest post pulsed load
10371.099999999999,0.0,3.696,24.21195,9739,R,rest post pulsed load
10381.099999999999,0.0,3.696,24.21195,9739,R,rest post pulsed load
10391.099999999999,0.0,3.696,24.19638,9739,R,rest post pulsed load
10401.099999999999,0.0,3.696,24.21195,9739,R,rest post pulsed load
10411.099999999999,0.0,3.696,24.19638,9739,R,rest post pulsed load
10421.099999999999,0.0,3.696,24.19638,9739,R,rest post pulsed load
10431.099999999999,0.0,3.696,24.18082,9739,R,rest post pulsed load
10441.099999999999,0.0,3.696,24.16525,9739,R,rest post pulsed load
10451.099999999999,0.0,3.696,24.14968,9739,R,rest post pulsed load
10461.099999999999,0.0,3.696,24.14968,9739,R,rest post pulsed load
10471.099999999999,0.0,3.696,24.14968,9739,R,rest post pulsed load
10481.099999999999,0.0,3.696,24.14968,9739,R,rest post pulsed load
10491.099999999999,0.0,3.696,24.13412,9739,R,rest post pulsed load
10501.099999999999,0.0,3.696,24.14968,9739,R,rest post pulsed load
10511.099999999999,0.0,3.696,24.14968,9739,R,rest post pulsed load
10521.099999999999,0.0,3.696,24.13412,9739,R,rest post pulsed load
10531.099999999999,0.0,3.696,24.14968,9739,R,rest post pulsed load
10541.099999999999,0.0,3.696,24.14968,9739,R,rest post pulsed load
10551.099999999999,0.0,3.696,24.16525,9739,R,rest post pulsed load
10561.099999999999,0.0,3.696,24.16525,9739,R,rest post pulsed load
10571.099999999999,0.0,3.696,24.16525,9739,R,rest post pulsed load
10581.099999999999,0.0,3.697,24.16525,9739,R,rest post pulsed load
10591.099999999999,0.0,3.697,24.16525,9739,R,rest post pulsed load
10601.099999999999,0.0,3.697,24.18082,9739,R,rest post pulsed load
10611.099999999999,0.0,3.697,24.18082,9739,R,rest post pulsed load
10621.099999999999,0.0,3.697,24.16525,9739,R,rest post pulsed load
10631.099999999999,0.0,3.697,24.16525,9739,R,rest post pulsed load
10641.099999999999,0.0,3.697,24.18082,9739,R,rest post pulsed load
10651.099999999999,0.0,3.697,24.16525,9739,R,rest post pulsed load
10661.099999999999,0.0,3.697,24.16525,9739,R,rest post pulsed load
10671.099999999999,0.0,3.697,24.18082,9739,R,rest post pulsed load
10681.099999999999,0.0,3.697,24.18082,9739,R,rest post pulsed load
10691.099999999999,0.0,3.697,24.16525,9739,R,rest post pulsed load
10701.099999999999,0.0,3.697,24.18082,9739,R,rest post pulsed load
10711.099999999999,0.0,3.697,24.18082,9739,R,rest post pulsed load
10721.099999999999,0.0,3.697,24.18082,9739,R,rest post pulsed load
10731.099999999999,0.0,3.697,24.18082,9739,R,rest post pulsed load
10741.099999999999,0.0,3.697,24.16525,9739,R,rest post pulsed load
10751.099999999999,0.0,3.697,24.16525,9739,R,rest post pulsed load
10761.099999999999,0.0,3.697,24.16525,9739,R,rest post pulsed load
10771.099999999999,0.0,3.697,24.16525,9739,R,rest post pulsed load
10781.099999999999,0.0,3.697,24.18082,9739,R,rest post pulsed load
10791.099999999999,0.0,3.697,24.18082,9739,R,rest post pulsed load
10801.099999999999,0.0,3.697,24.16525,9739,R,rest post pulsed load
10811.099999999999,0.0,3.697,24.18082,9739,R,rest post pulsed load
10821.099999999999,0.0,3.697,24.18082,9739,R,rest post pulsed load
10831.099999999999,0.0,3.697,24.16525,9739,R,rest post pulsed load
10841.099999999999,0.0,3.697,24.16525,9739,R,rest post pulsed load
10851.099999999999,0.0,3.698,24.14968,9739,R,rest post pulsed load
10861.099999999999,0.0,3.698,24.16525,9739,R,rest post pulsed load
10871.099999999999,0.0,3.698,24.16525,9739,R,rest post pulsed load
10881.099999999999,0.0,3.698,24.14968,9739,R,rest post pulsed load
10891.099999999999,0.0,3.698,24.14968,9739,R,rest post pulsed load
10901.099999999999,0.0,3.698,24.14968,9739,R,rest post pulsed load
10911.099999999999,0.0,3.698,24.14968,9739,R,rest post pulsed load
10921.099999999999,0.0,3.698,24.16525,9739,R,rest post pulsed load
10931.099999999999,0.0,3.698,24.14968,9739,R,rest post pulsed load
10941.099999999999,0.0,3.698,24.16525,9739,R,rest post pulsed load
10951.099999999999,0.0,3.698,24.14968,9739,R,rest post pulsed load
10961.099999999999,0.0,3.698,24.16525,9739,R,rest post pulsed load
10971.099999999999,0.0,3.698,24.14968,9739,R,rest post pulsed load
10981.099999999999,0.0,3.698,24.14968,9739,R,rest post pulsed load
10991.099999999999,0.0,3.698,24.14968,9739,R,rest post pulsed load
11001.099999999999,0.0,3.698,24.14968,9739,R,rest post pulsed load
11011.099999999999,0.0,3.698,24.16525,9739,R,rest post pulsed load
11021.099999999999,0.0,3.698,24.14968,9739,R,rest post pulsed load
11031.099999999999,0.0,3.698,24.14968,9739,R,rest post pulsed load
11041.099999999999,0.0,3.698,24.16525,9739,R,rest post pulsed load
11051.099999999999,0.0,3.698,24.16525,9739,R,rest post pulsed load
11061.099999999999,0.0,3.698,24.16525,9739,R,rest post pulsed load
11071.099999999999,0.0,3.698,24.14968,9739,R,rest post pulsed load
11081.099999999999,0.0,3.698,24.16525,9739,R,rest post pulsed load
11091.099999999999,0.0,3.698,24.16525,9739,R,rest post pulsed load
11101.099999999999,0.0,3.698,24.14968,9739,R,rest post pulsed load
11111.099999999999,0.0,3.698,24.14968,9739,R,rest post pulsed load
11121.099999999999,0.0,3.698,24.16525,9739,R,rest post pulsed load
11131.099999999999,0.0,3.698,24.14968,9739,R,rest post pulsed load
11141.099999999999,0.0,3.698,24.14968,9739,R,rest post pulsed load
11151.099999999999,0.0,3.698,24.14968,9739,R,rest post pulsed load
11161.099999999999,0.0,3.699,24.14968,9739,R,rest post pulsed load
11171.099999999999,0.0,3.698,24.14968,9739,R,rest post pulsed load
11181.099999999999,0.0,3.699,24.13412,9739,R,rest post pulsed load
11191.099999999999,0.0,3.699,24.13412,9739,R,rest post pulsed load
11201.099999999999,0.0,3.699,24.13412,9739,R,rest post pulsed load
11211.099999999999,0.0,3.699,24.13412,9739,R,rest post pulsed load
11221.099999999999,0.0,3.699,24.11855,9739,R,rest post pulsed load
11231.099999999999,0.0,3.699,24.11855,9739,R,rest post pulsed load
11241.099999999999,0.0,3.699,24.11855,9739,R,rest post pulsed load
11251.099999999999,0.0,3.699,24.11855,9739,R,rest post pulsed load
11261.099999999999,0.0,3.699,24.11855,9739,R,rest post pulsed load
11271.099999999999,0.0,3.699,24.13412,9739,R,rest post pulsed load
11281.099999999999,0.0,3.699,24.10298,9739,R,rest post pulsed load
11291.099999999999,0.0,3.699,24.11855,9739,R,rest post pulsed load
11301.099999999999,0.0,3.699,24.11855,9739,R,rest post pulsed load
11311.099999999999,0.0,3.699,24.11855,9739,R,rest post pulsed load
11321.099999999999,0.0,3.699,24.11855,9739,R,rest post pulsed load
11331.099999999999,0.0,3.699,24.13412,9739,R,rest post pulsed load
11341.099999999999,0.0,3.699,24.14968,9739,R,rest post pulsed load
11351.099999999999,0.0,3.699,24.14968,9739,R,rest post pulsed load
11361.099999999999,0.0,3.699,24.14968,9739,R,rest post pulsed load
11371.099999999999,0.0,3.699,24.14968,9739,R,rest post pulsed load
11381.099999999999,0.0,3.699,24.14968,9739,R,rest post pulsed load
11391.099999999999,0.0,3.699,24.14968,9739,R,rest post pulsed load
11401.099999999999,0.0,3.699,24.13412,9739,R,rest post pulsed load
11411.099999999999,0.0,3.699,24.13412,9739,R,rest post pulsed load
11421.099999999999,0.0,3.699,24.13412,9739,R,rest post pulsed load
11431.099999999999,0.0,3.699,24.11855,9739,R,rest post pulsed load
11441.099999999999,0.0,3.699,24.11855,9739,R,rest post pulsed load
11451.099999999999,0.0,3.699,24.11855,9739,R,rest post pulsed load
11461.099999999999,0.0,3.699,24.08742,9739,R,rest post pulsed load
11471.099999999999,0.0,3.699,24.08742,9739,R,rest post pulsed load
11481.099999999999,0.0,3.7,24.07185,9739,R,rest post pulsed load
11491.099999999999,0.0,3.7,24.07185,9739,R,rest post pulsed load
11501.099999999999,0.0,3.7,24.07185,9739,R,rest post pulsed load
11511.099999999999,0.0,3.7,24.04072,9739,R,rest post pulsed load
11521.099999999999,0.0,3.7,24.05628,9739,R,rest post pulsed load
11531.099999999999,0.0,3.7,24.05628,9739,R,rest post pulsed load
11541.099999999999,0.0,3.7,24.04072,9739,R,rest post pulsed load
11551.099999999999,0.0,3.7,24.05628,9739,R,rest post pulsed load
11561.099999999999,0.0,3.7,24.05628,9739,R,rest post pulsed load
11571.099999999999,0.0,3.7,24.07185,9739,R,rest post pulsed load
11581.099999999999,0.0,3.7,24.08742,9739,R,rest post pulsed load
11591.099999999999,0.0,3.7,24.10298,9739,R,rest post pulsed load
11601.099999999999,0.0,3.7,24.11855,9739,R,rest post pulsed load
11611.099999999999,0.0,3.7,24.13412,9739,R,rest post pulsed load
11621.099999999999,0.0,3.7,24.13412,9739,R,rest post pulsed load
11631.099999999999,0.0,3.7,24.14968,9739,R,rest post pulsed load
11641.099999999999,0.0,3.7,24.13412,9739,R,rest post pulsed load
11651.099999999999,0.0,3.7,24.13412,9739,R,rest post pulsed load
11661.099999999999,0.0,3.7,24.13412,9739,R,rest post pulsed load
11671.099999999999,0.0,3.7,24.13412,9739,R,rest post pulsed load
11681.099999999999,0.0,3.7,24.14968,9739,R,rest post pulsed load
11691.099999999999,0.0,3.7,24.14968,9739,R,rest post pulsed load
11701.099999999999,0.0,3.7,24.14968,9739,R,rest post pulsed load
11711.099999999999,0.0,3.7,24.13412,9739,R,rest post pulsed load
11721.099999999999,0.0,3.7,24.11855,9739,R,rest post pulsed load
11731.099999999999,0.0,3.7,24.11855,9739,R,rest post pulsed load
11741.099999999999,0.0,3.7,24.10298,9739,R,rest post pulsed load
11751.099999999999,0.0,3.7,24.10298,9739,R,rest post pulsed load
11761.099999999999,0.0,3.7,24.08742,9739,R,rest post pulsed load
11771.099999999999,0.0,3.7,24.08742,9739,R,rest post pulsed load
11781.099999999999,0.0,3.7,24.08742,9739,R,rest post pulsed load
11791.099999999999,0.0,3.7,24.07185,9739,R,rest post pulsed load
11801.099999999999,0.0,3.7,24.08742,9739,R,rest post pulsed load
11811.099999999999,0.0,3.7,24.08742,9739,R,rest post pulsed load
11821.099999999999,0.0,3.7,24.07185,9739,R,rest post pulsed load
11831.099999999999,0.0,3.701,24.05628,9739,R,rest post pulsed load
11841.099999999999,0.0,3.701,24.07185,9739,R,rest post pulsed load
11851.099999999999,0.0,3.701,24.07185,9739,R,rest post pulsed load
11861.099999999999,0.0,3.701,24.08742,9739,R,rest post pulsed load
11871.099999999999,0.0,3.701,24.07185,9739,R,rest post pulsed load
11881.099999999999,0.0,3.701,24.10298,9739,R,rest post pulsed load
11891.099999999999,0.0,3.701,24.08742,9739,R,rest post pulsed load
11901.099999999999,0.0,3.701,24.10298,9739,R,rest post pulsed load
11911.099999999999,0.0,3.701,24.10298,9739,R,rest post pulsed load
11921.099999999999,0.0,3.701,24.10298,9739,R,rest post pulsed load
11931.099999999999,0.0,3.701,24.11855,9739,R,rest post pulsed load
11941.099999999999,0.0,3.701,24.11855,9739,R,rest post pulsed load
11951.099999999999,0.0,3.701,24.11855,9739,R,rest post pulsed load
11961.099999999999,0.0,3.701,24.11855,9739,R,rest post pulsed load
11971.099999999999,0.0,3.701,24.11855,9739,R,rest post pulsed load
11981.099999999999,0.0,3.701,24.11855,9739,R,rest post pulsed load
11991.099999999999,0.0,3.701,24.10298,9739,R,rest post pulsed load
12001.099999999999,0.0,3.701,24.11855,9739,R,rest post pulsed load
12011.099999999999,0.0,3.701,24.11855,9739,R,rest post pulsed load
12021.099999999999,0.0,3.701,24.10298,9739,R,rest post pulsed load
12031.099999999999,0.0,3.701,24.10298,9739,R,rest post pulsed load
12041.099999999999,0.0,3.701,24.10298,9739,R,rest post pulsed load
12051.099999999999,0.0,3.701,24.11855,9739,R,rest post pulsed load
12061.099999999999,0.0,3.701,24.10298,9739,R,rest post pulsed load
12071.099999999999,0.0,3.701,24.11855,9739,R,rest post pulsed load
12081.099999999999,0.0,3.701,24.11855,9739,R,rest post pulsed load
12091.099999999999,0.0,3.701,24.11855,9739,R,rest post pulsed load
12101.099999999999,0.0,3.701,24.11855,9739,R,rest post pulsed load
12111.099999999999,0.0,3.701,24.11855,9739,R,rest post pulsed load
12121.099999999999,0.0,3.701,24.11855,9739,R,rest post pulsed load
12131.099999999999,0.0,3.701,24.13412,9739,R,rest post pulsed load
12141.099999999999,0.0,3.701,24.13412,9739,R,rest post pulsed load
12151.099999999999,0.0,3.701,24.13412,9739,R,rest post pulsed load
12161.099999999999,0.0,3.701,24.13412,9739,R,rest post pulsed load
12171.099999999999,0.0,3.701,24.13412,9739,R,rest post pulsed load
12181.099999999999,0.0,3.701,24.11855,9739,R,rest post pulsed load
12191.099999999999,0.0,3.701,24.11855,9739,R,rest post pulsed load
12201.099999999999,0.0,3.701,24.10298,9739,R,rest post pulsed load
12211.099999999999,0.0,3.701,24.11855,9739,R,rest post pulsed load
12221.099999999999,0.0,3.702,24.11855,9739,R,rest post pulsed load
12231.099999999999,0.0,3.702,24.11855,9739,R,rest post pulsed load
12241.099999999999,0.0,3.702,24.11855,9739,R,rest post pulsed load
12251.099999999999,0.0,3.702,24.11855,9739,R,rest post pulsed load
12261.099999999999,0.0,3.702,24.13412,9739,R,rest post pulsed load
12271.099999999999,0.0,3.702,24.11855,9739,R,rest post pulsed load
12281.099999999999,0.0,3.702,24.13412,9739,R,rest post pulsed load
12291.099999999999,0.0,3.702,24.13412,9739,R,rest post pulsed load
12301.099999999999,0.0,3.702,24.11855,9739,R,rest post pulsed load
12311.099999999999,0.0,3.702,24.10298,9739,R,rest post pulsed load
12321.099999999999,0.0,3.702,24.11855,9739,R,rest post pulsed load
12331.099999999999,0.0,3.702,24.10298,9739,R,rest post pulsed load
12341.099999999999,0.0,3.702,24.10298,9739,R,rest post pulsed load
12351.099999999999,0.0,3.702,24.10298,9739,R,rest post pulsed load
12361.099999999999,0.0,3.702,24.10298,9739,R,rest post pulsed load
12371.099999999999,0.0,3.702,24.10298,9739,R,rest post pulsed load
12381.099999999999,0.0,3.702,24.11855,9739,R,rest post pulsed load
12391.099999999999,0.0,3.702,24.11855,9739,R,rest post pulsed load
12401.099999999999,0.0,3.702,24.13412,9739,R,rest post pulsed load
12411.099999999999,0.0,3.702,24.11855,9739,R,rest post pulsed load
12421.099999999999,0.0,3.702,24.13412,9739,R,rest post pulsed load
12431.099999999999,0.0,3.702,24.13412,9739,R,rest post pulsed load
12441.099999999999,0.0,3.702,24.11855,9739,R,rest post pulsed load
12451.099999999999,0.0,3.702,24.13412,9739,R,rest post pulsed load
12461.099999999999,0.0,3.702,24.11855,9739,R,rest post pulsed load
12471.099999999999,0.0,3.702,24.13412,9739,R,rest post pulsed load
12481.099999999999,0.0,3.702,24.10298,9739,R,rest post pulsed load
12491.099999999999,0.0,3.702,24.10298,9739,R,rest post pulsed load
12501.099999999999,0.0,3.702,24.10298,9739,R,rest post pulsed load
12511.099999999999,0.0,3.702,24.08742,9739,R,rest post pulsed load
12521.099999999999,0.0,3.702,24.08742,9739,R,rest post pulsed load
12531.099999999999,0.0,3.702,24.08742,9739,R,rest post pulsed load
12541.099999999999,0.0,3.702,24.07185,9739,R,rest post pulsed load
12551.099999999999,0.0,3.702,24.08742,9739,R,rest post pulsed load
12561.099999999999,0.0,3.702,24.07185,9739,R,rest post pulsed load
12571.099999999999,0.0,3.702,24.07185,9739,R,rest post pulsed load
12581.099999999999,0.0,3.702,24.07185,9739,R,rest post pulsed load
12591.099999999999,0.0,3.702,24.08742,9739,R,rest post pulsed load
12601.099999999999,0.0,3.702,24.08742,9739,R,rest post pulsed load
12611.099999999999,0.0,3.702,24.08742,9739,R,rest post pulsed load
12621.099999999999,0.0,3.702,24.10298,9739,R,rest post pulsed load
12631.099999999999,0.0,3.702,24.10298,9739,R,rest post pulsed load
12641.099999999999,0.0,3.702,24.10298,9739,R,rest post pulsed load
12651.099999999999,0.0,3.703,24.11855,9739,R,rest post pulsed load
12661.099999999999,0.0,3.703,24.13412,9739,R,rest post pulsed load
12671.099999999999,0.0,3.703,24.13412,9739,R,rest post pulsed load
12681.099999999999,0.0,3.703,24.14968,9739,R,rest post pulsed load
12691.099999999999,0.0,3.703,24.13412,9739,R,rest post pulsed load
12701.099999999999,0.0,3.703,24.13412,9739,R,rest post pulsed load
12711.099999999999,0.0,3.703,24.13412,9739,R,rest post pulsed load
12721.099999999999,0.0,3.703,24.13412,9739,R,rest post pulsed load
12731.099999999999,0.0,3.703,24.13412,9739,R,rest post pulsed load
12741.099999999999,0.0,3.703,24.13412,9739,R,rest post pulsed load
12751.099999999999,0.0,3.703,24.11855,9739,R,rest post pulsed load
12761.09,0.0,3.703,24.11855,9739,R,rest post pulsed load
