phone_test_id,duration_s_est,throughput_MBps,radio_mode,obs_radio_w,wlan_w,cell_w
-1,29.745867781024316,0.2085819464294797,wifi,0.15032659501320036,0.14220000687256423,0.008126588140636132
1,29.852907032019957,0.054893782982082896,wifi,0.20818722560058048,0.19987943760552568,0.00830778799505478
10,30.933543941235566,0.1405850557653983,wifi,0.23333737863053966,0.2265525694800063,0.0067848091505333845
100,29.97951177805678,0.04704663005994496,wifi,0.20462300298370933,0.1990640681181201,0.0055589348655892155
101,30.017845167330858,0.04956734874558294,wifi,0.20178155567268394,0.1960291165385549,0.0057524391341290705
102,29.947601105176865,0.06003469171656652,wifi,0.21163745799707573,0.2044570473610049,0.007180410636070854
103,33.917142020501196,0.08504605129336824,wifi,0.2036255709990315,0.19841824818595769,0.005207322813073815
104,30.51226387492342,0.03599582136881859,wifi,0.20088027460116445,0.19591598415661454,0.004964290444549913
105,32.36959591439104,0.2046283499342414,wifi,0.2268501170456889,0.22080444955975803,0.00604566748593086
106,30.889354012552356,0.10362670578022579,wifi,0.2246433555414465,0.21789990675866397,0.006743448782782547
107,30.040303270276898,0.03921252023995103,wifi,0.19096420516623597,0.1858504501752044,0.005113754991031577
108,34.38134371701694,0.03423365327683362,wifi,0.19784887080070107,0.19190095822558909,0.005947912575111985
109,31.606295055027587,0.04473918874509367,wifi,0.20112389462557967,0.19593537413652118,0.005188520489058484
11,25.026378682342806,0.046973635895209344,wifi,0.21171810332243396,0.2033148586041612,0.008403244718272774
110,29.615550125807825,0.08428899646961763,wifi,0.19848418266432027,0.19384224507603653,0.004641937588283721
111,29.787412331141358,0.06565212775986934,wifi,0.2083954677413162,0.20268711805955805,0.005708349681758136
112,29.52026868161812,0.055649662871223984,wifi,0.19572582641878072,0.19048857919812548,0.005237247220655239
113,34.569896955570734,0.07450039562773351,wifi,0.20663673264192142,0.1991544954075692,0.007482237234352256
114,30.033916719063477,0.06462640281505462,wifi,0.19663471533616858,0.18971636303391565,0.006918352302252919
115,32.459781850205935,0.09138268438428156,wifi,0.20537235125071387,0.19968504559680184,0.00568730565391205
116,31.996230617763885,0.02956445124116653,wifi,0.19599245224041198,0.19056273138113905,0.005429720859272923
117,30.212397018662987,0.04414244256012425,wifi,0.19572792371082534,0.1907064302742748,0.005021493436550548
118,29.920500378858442,0.07186437301427367,wifi,0.20518505586578545,0.1988825596745103,0.006302496191275168
119,29.991420427251054,0.03413496211302437,wifi,0.19275651474524147,0.1874111284265647,0.005345386318676751
12,34.30156352442275,0.04333869501142565,wifi,0.21024861508164788,0.20317058228594898,0.007078032795698925
120,29.960580656249647,0.026353928485538122,wifi,0.1958779627197937,0.18868279696175136,0.007195165758042365
121,32.067439760530185,0.05124097877069912,wifi,0.20331251304282283,0.1970653039463025,0.006247209096520329
122,29.958781260423425,0.02893779264463133,wifi,0.19452326130240563,0.18898080595825115,0.0055424553441545095
123,30.058415680624176,0.031471851678789346,wifi,0.19468283586675417,0.189638888,0.005043947866754184
124,33.96666162671088,0.02554702047367577,wifi,0.1933797293202909,0.18681000481634458,0.006569724503946301
125,25.892978050216044,0.2330475462612788,wifi,0.23591123086910432,0.2300048479865772,0.005906382882527147
126,29.18142121213053,0.13066471205367364,wifi,0.20476555235313024,0.20042791741165675,0.004337634941473491
127,30.39982734492579,0.03874492399696474,wifi,0.1991162269021014,0.19306768226094548,0.006048544641155922
128,30.016664414539257,0.20632618982808,wifi,0.23106266914699986,0.2257432000803439,0.005319469066655953
129,30.55378660219417,0.028393305592364786,wifi,0.06701406566101192,0.06119231926414717,0.005821746396864752
13,29.64643249142625,0.07108194217329315,wifi,0.2065153600937317,0.19980013609852046,0.00671522399521122
130,34.185652149341536,0.06024167656663139,wifi,0.19619295719690008,0.19134803556763502,0.0048449216292650674
131,35.350563079539526,0.042145721884196,wifi,0.1942727053884073,0.1891763663779275,0.005096339010479789
132,34.152147649081186,0.1959771335253075,wifi,0.2188008226090988,0.21443717842768206,0.00436364418141673
133,32.52683860008791,0.03378822066024669,wifi,0.19855303514501027,0.19346411786557052,0.005088917279439751
134,30.51058337837471,0.06404449812601685,wifi,0.20885218257698862,0.20264409681740714,0.0062080857595814675
135,34.688034258941,0.025038028777203913,wifi,0.19050494096989778,0.1852426205157593,0.005262320454138462
136,29.838169151836738,0.04468146129260521,wifi,0.19373063540587548,0.18793754878307775,0.005793086622797708
137,29.631722392122892,0.10257942349001047,wifi,0.20613888810405714,0.19972604296666374,0.006412845137393402
138,29.95824687170356,0.03671279580244201,wifi,0.19222097735469484,0.18626737667754056,0.0059536006771543
139,24.145065536381797,0.042256832911164416,wifi,0.1896063691353848,0.18407597771533435,0.005530391420050471
14,34.060441880832734,0.0322775906386192,wifi,0.20300150980301376,0.19643861082705646,0.006562898975957258
140,34.02068153400589,0.17374146352981693,wifi,0.21988051588993712,0.2154459370034638,0.004434578886473341
141,34.15966223507209,0.16396848310312864,wifi,0.21872755424750148,0.21282621077307468,0.005901343474426808
142,32.9785636706222,0.04279431372741084,wifi,0.1945553633226145,0.1898418594602789,0.004713503862335594
143,32.87889978785965,0.1278540044564445,wifi,0.20800405693073185,0.20251701338332198,0.005487043547409876
144,33.90289432177953,0.07364152972615445,wifi,0.20779657297634285,0.20172237994603984,0.00607419303030303
145,34.2408728264545,0.032129175140361454,wifi,0.19170005056109954,0.18690519353730306,0.004794857023796469
146,34.496519104589105,0.06111048461465081,wifi,0.19623780525876763,0.19059249714575852,0.005645308113009103
147,31.268691868157937,0.04265918784272381,wifi,0.19822865889717553,0.19318270411229732,0.005045954784878203
148,25.05940160739237,0.23605176582728207,wifi,0.22120326807811563,0.2149982688482515,0.006204999229864157
149,32.40817325987345,0.07944110207494161,wifi,0.2006181040117176,0.1953570462060033,0.005261057805714286
15,29.47424550378123,0.03724611033246513,wifi,0.20329998392888404,0.19608036628707398,0.00721961764181007
150,32.99277223125659,0.09920624362990484,wifi,0.11930759926980244,0.11411789421412985,0.005189705055672585
151,29.92195115659335,0.028993898006842815,wifi,0.19692152003802324,0.1912248318150685,0.005696688222954749
152,29.720354590402266,0.07320777393088805,wifi,0.2121646200464129,0.20458781184850292,0.007576808197910001
153,35.123737626760054,0.03126039750289759,wifi,0.19925918309808896,0.1954235773969165,0.0038356057011725052
154,29.482856626369642,0.0293592649779332,wifi,0.20539193560172117,0.1992624077245875,0.006129527877133661
155,28.502539475447787,0.04127590108289876,wifi,0.20303841252817348,0.1989915561703107,0.004046856357862764
156,35.10982866892298,0.024692658234683276,wifi,0.19884658176068015,0.19485438402072983,0.0039921977399503365
157,29.708948266023864,0.24475767148970132,wifi,0.22485568515971135,0.21963260620279335,0.0052230789569180135
158,29.98312101754455,0.02885360064730341,wifi,0.21138667338100436,0.20606417898436558,0.005322494396638791
159,24.715661754269554,0.04113755925731428,wifi,0.20060480052353932,0.19596545504597257,0.00463934547756675
16,30.280545018009494,0.03377069334094901,wifi,0.20575314168973904,0.19866185310848222,0.007091288581256817
160,33.86546172493287,0.034703852838206935,wifi,0.20384900831882657,0.1988956784695729,0.0049533298492536754
161,34.7776674580934,0.07387378705302186,wifi,0.20665677545331823,0.20156120332007732,0.005095572133240907
162,30.339855172581142,0.04889486095308198,wifi,0.20926862800859306,0.2044733694053747,0.004795258603218353
163,29.135694953981748,0.029691037106419793,wifi,0.20499157716564265,0.1999886973267689,0.005002879838873743
164,32.37998396270153,0.035620771193975886,wifi,0.2045884184896282,0.20000788976395908,0.0045805287256691
165,29.880083225849617,0.07462947754010459,wifi,0.2035586381455501,0.1974543986318723,0.006104239513677811
166,29.884678630347317,0.05481273599297068,wifi,0.08307908544056472,0.0780088782721963,0.005070207168368418
167,31.14274180313131,0.03030006175965923,wifi,0.2058588126587194,0.2002550159670718,0.005603796691647575
168,30.644202407260945,0.04344293195519956,wifi,0.2131621863573489,0.2071691453819705,0.005993040975378413
169,29.874197143112358,0.04977897792118104,wifi,0.20351944957301452,0.1982297249017933,0.005289724671221178
17,30.23701604374167,0.08513965122338295,wifi,0.22329626426579585,0.21665311681148774,0.006643147454308094
170,33.28961302968601,0.08209816069543474,wifi,0.22384172765308544,0.2175049511528029,0.006336776500282539
171,25.986814456480865,0.048241118668061904,wifi,0.21552634419726205,0.2093888557951748,0.0061374884020872315
172,31.085881320465155,0.027879376848467998,wifi,0.20338318335902575,0.1985066086943117,0.004876574664714043
173,25.01452071132484,0.11210712499202133,wifi,0.2376344979471465,0.23180919874207506,0.005825299205071442
174,31.169877604962355,0.03267019565831978,wifi,0.20787071330246898,0.20311488710292003,0.004755826199548953
175,29.876185385455376,0.22690704695186012,wifi,0.23709755410911046,0.23192923194907286,0.005168322160037596
176,33.86667640758215,0.09432449058641071,wifi,0.21222997582681488,0.20804262799343903,0.004187347833375852
177,30.22202477731723,0.03627520022493073,wifi,0.20321241031018922,0.19692884405484004,0.006283566255349204
178,34.28385844840172,0.03429963992442106,wifi,0.20226035508107126,0.19720274786664238,0.005057607214428857
179,29.807576369513292,0.20094350931953348,wifi,0.2324287187349443,0.2278988354376704,0.004529883297273907
18,30.81924419288989,0.17918171404326658,wifi,0.22078501474088552,0.21325322331771468,0.007531791423170827
180,31.277517610381356,0.10719220245558105,wifi,0.1425825422124136,0.136344277964114,0.006238264248299585
181,30.03546459693477,0.21916767688926642,wifi,0.19649877063986676,0.19111135094583528,0.005387419694031458
182,29.513519323370435,0.03652434628988519,wifi,0.20094603640561023,0.1961820130324941,0.004764023373116125
183,25.049182590675752,0.06241824436147482,wifi,0.21173290269938455,0.20684188106587562,0.004891021633508924
184,26.191497420409416,0.06271806356210702,wifi,0.21354240406740033,0.20792161932527303,0.005620784742127327
185,24.835188327420177,0.045217937758100915,wifi,0.21088977441645293,0.2057411585452994,0.005148615871153538
186,26.67779695342156,0.036165654970856095,wifi,0.20377297002801478,0.19917716281913328,0.004595807208881498
187,31.718105724504078,0.03223537398105404,wifi,0.2030173542139424,0.19723282339149814,0.005784530822444273
188,31.34473040634785,0.035115408099892054,wifi,0.20311113291495425,0.19740633951628708,0.005704793398667189
189,29.83200162997352,0.039448945283563415,wifi,0.19999879974828452,0.1959361063340879,0.0040626934141966345
19,30.0295094774004,0.029020587254542193,wifi,0.20828449884935535,0.20125069106414234,0.007033807785212991
190,29.98339882227825,0.07391126713604551,wifi,0.20714568785926668,0.20188622933310973,0.005259458526156942
191,29.756721505361384,0.06303748884641179,wifi,0.20304982968101182,0.1978196867008223,0.005230142980189491
192,29.896967846377102,0.06548881512200774,wifi,0.20451055032025447,0.1990577863584305,0.005452763961823966
193,30.059733754343565,0.10886134344177795,wifi,0.2176977542276319,0.21221927593757864,0.005478478290053279
194,34.03656540594337,0.08758862606858177,wifi,0.21455346143437076,0.20923472953955308,0.005318731894817686
195,34.2680773662922,0.027564400240590543,wifi,0.19865160522277955,0.19390476614045438,0.00474683908232517
196,31.930321142436064,0.02715622546143442,wifi,0.2063599499769053,0.20153240514241721,0.004827544834488068
197,29.99212464864336,0.028899753190349806,wifi,0.2059717001878122,0.2011262893826174,0.004845410805194805
198,30.017113802905616,0.041948536700357704,wifi,0.20268116014830864,0.1969819480753208,0.005699212072987835
199,32.16302667827871,0.036610578095724704,wifi,0.2081320385907874,0.20317863878850184,0.004953399802285579
2,29.72634187882264,0.06567861622391215,wifi,0.20801096623940724,0.200528110760976,0.0074828554784312044
20,29.850095674356087,0.036836833355433446,wifi,0.2062631489911263,0.19955070502645503,0.006712443964671246
200,32.83439952861079,0.026408066309982138,wifi,0.19733258860848107,0.19205629402489627,0.005276294583584791
201,30.506565375738237,0.09853842813752858,wifi,0.2217954599817032,0.21628161681715127,0.005513843164551928
202,32.661592014077705,0.033682038509507864,wifi,0.20354087307162147,0.1973334188392516,0.006207454232369898
203,29.441263646192986,0.10851731903882213,wifi,0.21067580978746786,0.2059734352497966,0.004702374537671233
204,30.456013550707098,0.034503366576536174,wifi,0.19910843884181245,0.19259312277578533,0.006515316066027137
205,29.633331095160347,0.14711525295622221,wifi,0.22244298890161154,0.21590031532562284,0.0065426735759887234
206,34.348067358280296,0.09515504805285903,wifi,0.20831364806836078,0.20407001216379403,0.004243635904566745
207,33.65613370219592,0.03268429492625375,wifi,0.2008092021457258,0.19627688873323842,0.00453231341248736
208,33.47709563698249,0.03051907522322004,wifi,0.1970506664920847,0.19126192155466434,0.00578874493742037
209,31.399494235383425,0.03255883653208518,wifi,0.20019768176437516,0.19622651461097587,0.003971167153399277
21,32.13623568727196,0.18880179555077997,wifi,0.23842517113279163,0.23179681200629487,0.006628359126496776
210,31.79312429298677,0.02726636715571943,wifi,0.19695034401026681,0.1896512660128716,0.007299077997395234
211,29.941116803577778,0.07026394552352207,wifi,0.21290563214578123,0.20704637096061984,0.005859261185161393
212,32.046368821079525,0.06825069673919835,wifi,0.21341182738480985,0.20765682922040424,0.0057549981644056105
213,30.751959686359086,0.4354661991164146,wifi,0.2751155757650918,0.26913625703884464,0.005979318726247149
214,29.69079968920615,0.22153377709092836,wifi,0.23425990362830548,0.22876593633351974,0.005493967294785751
215,31.43642327187606,0.027541491998378048,wifi,0.2024649805761899,0.19737095149943007,0.005094029076759816
216,35.263272916541894,0.2024615813993517,wifi,0.23370945600870846,0.22703730098261526,0.006672155026093215
217,34.732447459543316,0.09648197132964328,wifi,0.20838603578333814,0.20306561101694917,0.0053204247663889885
218,33.60471389202591,0.025809057705020472,wifi,0.19261874519468333,0.18768479696044105,0.004933948234242288
219,30.007292468092956,0.08839454618641147,wifi,0.2153305435748283,0.21035781970257236,0.004972723872255925
22,31.36240151420889,0.035068647389828025,wifi,0.21229117069529474,0.20595748492331586,0.006333685771978875
220,33.60184144150062,0.09594739043135071,wifi,0.2101128926742899,0.2053793364810033,0.004733556193286609
221,29.95580043666401,0.04446981821822922,wifi,0.19435673709384754,0.1893743185013486,0.0049824185924989455
222,24.957645212037622,0.24609204705889628,wifi,0.2437451097421485,0.23384107570820797,0.009904034033940528
223,29.65921594783669,0.031862507817538195,wifi,0.19208570555682325,0.1871528536846615,0.004932851872161768
224,30.19938770014385,0.1056357179051284,wifi,0.21501658311290256,0.20919728912121596,0.00581929399168661
225,33.57588389704452,0.05867345163691754,wifi,0.20554576686754833,0.20015512742092278,0.005390639446625538
226,30.914948962594906,0.028365435798099223,wifi,0.20237782080253167,0.1969936481896348,0.005384172612896864
227,29.86616223019151,0.044633421251976245,wifi,0.0869127268392093,0.08194612224984715,0.004966604589362136
228,31.841025883707136,0.05168627436850637,wifi,0.20455149604500905,0.19946493068555723,0.00508656535945182
229,29.962346199525356,0.104073892586202,wifi,0.21873918870916334,0.21308581021513942,0.005653378494023904
23,30.06343051677057,0.4497969382588141,wifi,0.2833067841870088,0.2755924083515757,0.007714375835433103
230,30.882124205148724,0.1036771945715507,wifi,0.22190278876141473,0.21667284361033104,0.0052299451510836896
231,29.870437536990586,0.02901745242019396,wifi,0.18929515343402434,0.184783608906392,0.004511544527632319
232,30.946671828231036,0.16987439002097374,wifi,0.13378387386111987,0.1274518307655805,0.006332043095539386
233,24.641502814342264,0.08844428103352157,wifi,0.20833590752463335,0.20272215671688312,0.005613750807750247
234,31.83304275481659,0.17318064887673548,wifi,0.21961351989939545,0.2128851942994873,0.006728325599908148
235,31.673695739166295,0.13480659267431574,wifi,0.22217115782747976,0.2158061551752053,0.006365002652274479
236,31.504849748371566,0.07412017573963196,wifi,0.20669458274070762,0.2009082125549034,0.005786370185804245
237,30.403521755117215,0.08734027660966813,wifi,0.21930438357246532,0.21326090816367027,0.006043475408795047
238,33.312005810754314,0.41364068793334496,wifi,0.27801748511255986,0.2731014683120841,0.004916016800475766
239,29.76607385064341,0.11779830345090028,wifi,0.21004957578521685,0.2045989394440655,0.005450636341151386
24,32.43707813737697,0.0267361010855255,wifi,0.20725285336665097,0.19998276796228148,0.007270085404369489
240,32.051978135569534,0.1600204199037609,wifi,0.2326059683016002,0.22615435985602042,0.00645160844557981
241,24.809573256120864,0.3062858003059471,wifi,0.24714689055091912,0.2420714433882045,0.0050754471627146355
242,31.1110510870995,0.1027978447608973,wifi,0.22626167600344932,0.2193557450533082,0.006905930950141109
243,32.701433608003335,0.20304330016819128,wifi,0.237799606131118,0.23253793171657366,0.005261674414544349
244,33.85229187437681,0.26179420976539564,wifi,0.2536133435370895,0.24825280612823628,0.005360537408853207
245,31.994770352859437,0.3667254013889608,wifi,0.27608508759953615,0.2712253748898338,0.004859712709702357
246,30.161031659890714,0.10581574383757548,wifi,0.22004485168609725,0.21507820109618844,0.004966650589908794
247,32.13516794120561,0.12846035245724396,wifi,0.2292690544027328,0.22392940385785237,0.005339650544880435
248,29.972994410158627,0.15580031598101798,wifi,0.23155450372216152,0.22488328655056825,0.006671217171593278
249,31.061603074730634,0.13533190768958578,wifi,0.2268719138451864,0.22107485225302956,0.005797061592156862
25,24.937750638654347,0.028476024573735124,wifi,0.21686822761947386,0.207249890665871,0.009618336953602865
250,30.730098874415734,0.192336218121341,wifi,0.23738981525883557,0.23209423927889208,0.00529557597994349
251,31.10026961493724,0.16761562084645995,wifi,0.22758455232850192,0.22233761405447777,0.0052469382740241415
252,29.948827963702296,0.12175037381827626,wifi,0.22445417172536514,0.2192663218226213,0.0051878499027438645
253,29.946751987440408,0.09442980665101844,wifi,0.2053426916603166,0.20037325706544742,0.0049694345948691895
254,28.486528055554338,0.20350840891154673,wifi,0.23687732196896802,0.232433075926269,0.004444246042699023
255,33.81297437399203,0.13121052146812967,wifi,0.21602939821138997,0.21120227620602106,0.004827122005368933
256,30.112132021182738,0.19375270392331528,wifi,0.23297486051674846,0.22806635327505487,0.004908507241693596
257,29.920391878960242,0.08081809254979688,wifi,0.20852882743555406,0.20208466291429528,0.006444164521258788
258,29.570876284366545,0.17102513132739708,wifi,0.22203233708061465,0.2172788018981582,0.004753535182456444
259,24.52038244336532,0.07957445217286777,wifi,0.1968010630771883,0.1922978246830848,0.004503238394103523
26,28.264534787430236,0.058078790694621185,wifi,0.20911322896969695,0.20178960367365967,0.0073236252960372965
260,34.7180441250231,0.06293666751881134,wifi,0.20816180849353164,0.20312693754519096,0.005034870948340673
261,29.988324403395684,0.43023504169306165,wifi,0.26554133226760285,0.2601404065586224,0.005400925708980419
262,29.936866599073618,0.19232523821241088,wifi,0.22902634091709276,0.224451323170425,0.004575017746667784
263,29.997596936642,0.11686592787430244,wifi,0.22077671171772334,0.21545428911340203,0.005322422604321293
264,32.60718596515542,0.0694574810110942,wifi,0.21275574342426087,0.20726380921213042,0.005491934212130448
265,30.980917147163677,0.0831675507784601,wifi,0.2160956531525383,0.2083758537264151,0.0077197994261231865
266,29.969052880670475,0.07812642626120984,wifi,0.20732530741861033,0.2026257573260977,0.0046995500925126445
267,30.047950776099043,0.29723048558453086,wifi,0.25850596832821143,0.2532225589002496,0.005283409427961837
268,30.043050868663823,0.08311462810205121,wifi,0.20075971383572586,0.19651118118493766,0.004248532650788211
269,29.7419837327038,0.07613765848140146,wifi,0.20644464337803065,0.1998342138502038,0.006610429527826835
27,29.78486684059824,0.039509627701137764,wifi,0.20716122589354585,0.200147789783149,0.007013436110396846
270,31.354386397281193,0.15943692651671468,wifi,0.22639833375957702,0.22081357089730067,0.005584762862276385
271,30.07394247863818,0.289445090419491,wifi,0.25546327599039126,0.24776163161109077,0.007701644379300516
272,33.03027455953246,0.12901028092635744,wifi,0.21416709283216884,0.20867326611121584,0.005493826720953027
273,32.75281131470062,0.10703679651543355,wifi,0.21817839230760702,0.21157359833953188,0.006604793968075118
274,25.439728184563055,0.10116680419414648,wifi,0.21639678386951394,0.21168906807899815,0.00470771579051579
275,27.030019395881876,0.2409352692137617,wifi,0.24533840852505967,0.23902408657756563,0.006314321947494033
276,29.15216706668743,0.088272065473327,wifi,0.20513622684153787,0.20105225959396333,0.00408396724757456
277,27.253517528006586,0.3348394933102594,wifi,0.2617436384588136,0.2561073008878282,0.0056363375709854455
278,24.731516970607082,0.4281608367406211,wifi,0.276968807880597,0.27221958491542286,0.004749222965174129
279,29.778851405619278,0.09802738729705192,wifi,0.2092003584010261,0.204081724309534,0.00511863409149209
28,30.43573971962716,0.1534189424346017,wifi,0.23271118364235516,0.2247431068487712,0.007968076793583991
280,31.508154427940894,0.1506455102235639,wifi,0.22527131444588297,0.21842743394132252,0.00684388050456045
281,28.398371867269205,0.08515266337458995,wifi,0.21202940619535923,0.20581438374912892,0.006215022446230315
282,29.379131309058156,0.24086644787275227,wifi,0.23132965072654793,0.22667541971746055,0.004654231009087385
283,29.837842906055847,0.28643287073092694,wifi,0.2524761549037386,0.2470251074815596,0.005451047422178988
284,23.818089020926813,0.13080654779913853,wifi,0.20884217038063763,0.20434074558134083,0.004501424799296806
285,27.521156508606005,0.13294753797340794,wifi,0.2129728614014506,0.20820827294598485,0.004764588455465775
286,31.00038273269477,0.4540764906477775,wifi,0.2751162561807633,0.26831313213977226,0.006803124040991007
287,34.9778597881928,0.07143979120310567,wifi,0.20841047207849714,0.2030482775145188,0.005362194563978341
288,34.51018609448295,0.07010356285464264,wifi,0.20246903599111357,0.19682624980840144,0.005642786182712121
289,33.29813634196217,0.10745973778390583,wifi,0.21977482646315166,0.21481362774549134,0.004961198717660292
29,31.215093663861847,0.03024584869636413,wifi,0.20610222812473708,0.19909548170736485,0.007006746417372216
290,29.39861194891272,0.13489640282648344,wifi,0.2173060340128743,0.2113165979216339,0.005989436091240383
291,35.10984741272841,0.17364416109053737,wifi,0.23350845674043266,0.22808571282583237,0.005422743914600274
292,32.57772625212441,0.08861959787054616,wifi,0.20449186247137416,0.1989247824392112,0.00556708003216296
293,31.903776776568908,0.16692371681559673,wifi,0.2321560407752729,0.2270047455552543,0.005151295220018593
294,29.794642699159162,0.12284419843381078,wifi,0.22888977454373396,0.22321894810011564,0.0056708264436183395
295,30.05739403994702,0.15791571929661427,wifi,0.22695004839299537,0.22167616253827557,0.005273885854719794
296,34.40311453194935,0.07256776120317558,wifi,0.20523339849412578,0.200144391873654,0.005089006620471762
297,29.83701100107691,0.07851533787735795,wifi,0.20701479461840797,0.20164249454498334,0.00537230007342461
298,32.516262061138306,0.11984271109246873,wifi,0.2186877299293636,0.212309976943863,0.006377752985500628
299,32.128122810137235,0.1068281835288882,wifi,0.21317779080424534,0.20750426593356067,0.005673524870684701
3,32.18314948591369,0.04124829363207713,wifi,0.08177740668099372,0.0749649372580958,0.0068124694228979205
30,29.959350140787453,0.028958138141283354,wifi,0.20266749252566718,0.195435402262786,0.007232090262881177
300,29.570231414785987,0.10006905115123246,wifi,0.20329276287494683,0.1985025134913793,0.004790249383567548
301,34.69617541405881,0.1703992422635836,wifi,0.22904489406901601,0.22274845078037706,0.006296443288638985
302,34.27295737896425,0.36505399465991767,wifi,0.2567198358302395,0.25198320966732185,0.004736626162917667
303,29.869446085242444,0.08619212397353379,wifi,0.2071556580946034,0.20112166568554085,0.006033992409062565
304,29.917937362107125,0.08867492995557066,wifi,0.20522133633681727,0.2000871415289953,0.005134194807821982
305,30.082644485611873,0.07993519323575816,wifi,0.21022267212534954,0.20407079997532487,0.006151872150024674
306,34.509662321821104,0.19834247974289648,wifi,0.22957064388158652,0.22418605440149048,0.005384589480096026
307,25.513346949324895,0.25600835566471347,wifi,0.24419244380430513,0.23898928314840498,0.0052031606559001286
308,29.38357174703447,0.27193828132233244,wifi,0.24887799382975279,0.24313849885458608,0.0057394949751666735
309,31.021616497474437,0.10049466636446253,wifi,0.21146209252839676,0.2068045549738631,0.004657537554533663
31,30.09543867320982,0.0803947743135504,wifi,0.2236941779436493,0.21651700591395645,0.007177172029692819
310,34.30512422580714,0.06139225691582371,wifi,0.20280808279021176,0.19723698353778035,0.005571099252431412
311,31.30832277721464,0.2308093298839717,wifi,0.23388425999782617,0.2291265444596657,0.004757715538160469
312,29.79260136692903,0.09690882526306913,wifi,0.20217866882476132,0.19626543805222174,0.0059132307725395725
313,33.01423992483365,0.18427493753759813,wifi,0.2300450679149452,0.2246419049160444,0.005403162998900807
314,30.135369831296977,0.16792569755505152,wifi,0.22641975257447067,0.2212510822611452,0.005168670313325476
315,30.09156569511246,0.09327985882954269,wifi,0.20688907514576302,0.20181731027142552,0.005071764874337493
316,31.810883802350443,0.2878322732838836,wifi,0.25372278414804467,0.24853773352731223,0.005185050620732464
317,30.004319486338208,0.08576521794375995,wifi,0.20768138267428654,0.2023705785953177,0.005310804078968836
318,24.92336236173547,0.14607374988815489,wifi,0.2093176849461034,0.20398862225327888,0.0053290626928245086
319,29.794831511673703,0.20037324250888625,wifi,0.22573929161419887,0.2211413417776701,0.004597949836528759
32,28.839153511610025,0.027265606103294458,wifi,0.2011346936550651,0.19473657355222804,0.006398120102837039
320,34.85968296787983,0.3464747516817301,wifi,0.2565459019003068,0.25145794439692043,0.005087957503386326
321,31.676452687128982,0.1180610416493879,wifi,0.22012164084305813,0.2155185023839009,0.004603138459157219
322,30.020022396914644,0.10123047077780768,wifi,0.21266741220898475,0.20638128060336014,0.006286131605624591
323,26.199495220326522,0.09231193119032383,wifi,0.21207359424023872,0.20506316644615766,0.007010427794081074
324,29.85993981443341,0.13315596162314117,wifi,0.21953734189372934,0.21117187913290117,0.008365462760828168
325,35.48296201275539,0.07255051027235522,wifi,0.20587447600157813,0.19948767363720799,0.006386802364370156
326,29.7083679818767,0.1857551045337292,wifi,0.22205503232337714,0.2162331399248958,0.005821892398481346
327,34.620569095055316,0.06170695791090047,wifi,0.19990159384271927,0.19489970099380668,0.005001892848912574
328,35.18660741930382,0.07987351455935295,wifi,0.20151605626337823,0.19662239696693112,0.004893659296447128
329,30.107100341608497,0.07963775896034705,wifi,0.2034700909818812,0.19834117565727022,0.005128915324611003
33,31.30350824541569,0.034983235470432424,wifi,0.21870321371248294,0.2116856318203161,0.007017581892166836
330,30.087939904110073,0.148153513142024,wifi,0.21661923644364023,0.21235223698647035,0.004266999457169881
331,29.74938256082071,0.1318747705764744,wifi,0.2079630615368877,0.20215965848162848,0.005803403055259227
332,32.99464136163932,0.18403679353398814,wifi,0.22785796521727456,0.2228189621155656,0.005039003101708951
333,28.340861397744494,0.09075800357305672,wifi,0.20805288730760232,0.20144078376608188,0.006612103541520468
334,30.041820209488495,0.3114049326826487,wifi,0.2492628262694379,0.2439640932082794,0.005298733061158495
335,29.98913708838644,0.17124650785596568,wifi,0.22259753675234994,0.21533517086233725,0.007262365890012694
336,25.08054585377531,0.2478751872565084,wifi,0.22945976409242907,0.2255384615680966,0.0039213025243324835
337,29.09982293334977,0.18716316633522023,wifi,0.23678558309238953,0.2306250828431373,0.006160500249252244
338,30.680752871419433,0.22539727199595488,wifi,0.23558862941091083,0.23110726962125402,0.004481359789656808
339,30.6039847457436,0.12740102416049826,wifi,0.2156195823768711,0.20967509814763616,0.005944484229234962
34,29.91791811866096,0.14242518423573763,wifi,0.2246889494464249,0.2167352756970083,0.007953673749416607
340,30.11624811663589,0.2193341605640173,wifi,0.22969518317761342,0.22506037673679366,0.00463480644081974
341,29.435040196916315,0.14277028235348763,wifi,0.21436871620832423,0.20841127176291127,0.0059574444454129445
342,34.6194668166448,0.08234110060382122,wifi,0.20836493398079126,0.2030669983228211,0.0052979356579701846
343,30.016381375498582,0.2841945833938254,wifi,0.2387620305157775,0.23367337037130909,0.005088660144468382
344,29.998603670237987,0.19707127254943663,wifi,0.22932944695234891,0.22301261858056914,0.006316828371779761
345,34.248435756028144,0.16127119029159848,wifi,0.21061687563648362,0.2060151203214945,0.004601755314989138
346,31.15320243408128,0.12248971861157343,wifi,0.21039936491009856,0.204797523943662,0.005601840966436562
347,29.791620251002904,0.08905017510454777,wifi,0.20487883878838267,0.1980950723699324,0.006783766418450279
348,32.60343997649165,0.1051651298903508,wifi,0.20974555385488397,0.2044052612823721,0.005340292572511848
349,31.869180790577058,0.07591261965275618,wifi,0.20522079931645176,0.2005019394671431,0.004718859849308685
35,32.50549260987802,0.03138134260085062,wifi,0.20342187090171282,0.19657151790656774,0.0068503529951450745
350,32.32055062673663,0.13705048070362177,wifi,0.13096213611552293,0.12175413797492471,0.009207998140598207
351,29.929893020980895,0.12974416571679195,wifi,0.21058027317053077,0.20418069802742655,0.006399575143104228
352,32.18151470104143,0.09669032141297264,wifi,0.21868890247090353,0.21268995548686243,0.005998946984041115
353,32.135476104541844,0.11605491662446217,wifi,0.21697196700159854,0.20896570002283626,0.008006266978762274
354,30.88906454639269,0.12567625653310222,wifi,0.22181302585873877,0.21464200517207394,0.007171020686664827
355,33.69341219955542,0.14284581720291026,wifi,0.22343527141830538,0.21647341418788543,0.006961857230419977
356,29.76360533560466,0.1278800386271375,wifi,0.20366143800103217,0.19694003911061414,0.0067213988904180275
357,29.924106244737022,0.2901664273273706,wifi,0.2624370838901889,0.2553556619998403,0.0070814218903486005
358,32.91563846099776,0.15373467557058013,wifi,0.2340103624680979,0.2263556994745534,0.007654662993544513
359,25.27853709789732,0.13249829240627226,wifi,0.22756985493422718,0.2197795101020874,0.007790344832139773
36,32.096993579069185,0.03911684117414496,wifi,0.20896674475817292,0.20196005246821094,0.0070066922899619695
360,25.0172385395162,0.12152600276796155,wifi,0.22781770012067726,0.2215950777890738,0.006222622331603446
361,29.858940037571625,0.16696212235688748,wifi,0.23359869074035858,0.22657652314240848,0.007022167597950074
362,34.31443192240544,0.10452910915473962,wifi,0.2127688481825978,0.20614008236630868,0.006628765816289128
363,29.83303386455767,0.18257130752198664,wifi,0.22725326557069553,0.21991956047629171,0.00733370509440381
364,34.143317521744635,0.19816715220162565,wifi,0.2437810352663911,0.23668523720588808,0.0070957980605030335
365,32.18030010227244,0.15715972144221438,wifi,0.23812900433356854,0.2294014684321946,0.008727535901373956
366,29.703301602408864,0.08410782186574828,wifi,0.21491464691981277,0.2079879570520856,0.006926689867727155
367,34.69518095413421,0.26880917590051323,wifi,0.2562975751369685,0.24927703584381397,0.0070205392931544895
368,33.94771235398182,0.06439906692986853,wifi,0.21210890146348602,0.20508429914386067,0.007024602319625347
369,34.23267471532118,0.45837385277339054,wifi,0.28103602994669796,0.27257697279964777,0.00845905714705019
37,29.97691805325416,0.07018736870355487,wifi,0.22011203897289477,0.2113326985929044,0.008779340379990378
370,33.34031432442561,0.079601439091883,wifi,0.214774222363834,0.20841243579113092,0.006361786572703077
371,29.91057235808218,0.09127815968597716,wifi,0.2222287315314603,0.2163957784030784,0.0058329531283819
372,30.243046598453745,0.10055002197283511,wifi,0.2220535056156653,0.2143083251136221,0.007745180502043198
373,34.33834259735689,0.06592452718362259,wifi,0.20883756123313535,0.2023495781978438,0.006487983035291547
374,24.520927866562737,0.15576523126632427,wifi,0.22408317347747903,0.21557472660335197,0.008508446874127046
375,32.692503147166114,0.08112278793891904,wifi,0.20949934796662006,0.2027852231318204,0.006714124834799682
376,29.684316455669087,0.07886289056027494,wifi,0.20728246930723154,0.20080417657642072,0.0064782927308108095
377,30.826801713123192,0.10363485092389522,wifi,0.21677060015860425,0.21000088505154638,0.006769715107057891
378,30.183287799810962,0.09048722651139103,wifi,0.21942074854866211,0.21145829640643318,0.007962452142228923
379,30.032348819887837,0.09343241905014874,wifi,0.21458599800065983,0.20772930233478754,0.006856695665872279
38,33.8150419035346,0.025662987568538,wifi,0.202119086482871,0.19408596866549088,0.008033117817380121
380,30.467543814193697,0.14312814405368912,wifi,0.2321252819949216,0.2252294204091417,0.006895861585779909
381,29.94178425671547,0.09114283158953472,wifi,0.21027100440758922,0.2034508283313924,0.0068201760761968135
382,30.353362843650856,0.10265570955185863,wifi,0.21802189022589746,0.21093660269411107,0.007085287531786396
383,30.04603398105656,0.35674512006336606,wifi,0.2766240509104093,0.2693060619642281,0.007317988946181115
384,34.265013826239986,0.08192329979012977,wifi,0.20703401352793813,0.1984992482300403,0.008534765297897833
385,34.169677939043794,0.15213915709928041,wifi,0.2301406409162659,0.22272742104915383,0.0074132198671120735
386,31.750596310802568,0.08108354800013912,wifi,0.21635547004996553,0.2090667960851461,0.0072886739648194265
387,31.360981306463334,0.2504832333923506,wifi,0.2527414642070873,0.2459344394290184,0.006807024778068906
388,29.865396603185758,0.1126687867135528,wifi,0.21900830007504998,0.21263352944462974,0.00637477063042028
389,32.581817151070936,0.37917995619203587,wifi,0.2690410097178726,0.2624261942461456,0.006614815471726988
39,31.437621120036887,0.05712773218884994,wifi,0.21408257517435184,0.20665045374717303,0.007432121427178787
390,29.968479143779188,0.09046388330195791,wifi,0.22100180149483956,0.21324889148961804,0.0077529100052215125
391,32.386955999295274,0.06505730270068752,wifi,0.2145000075486204,0.2061884342427596,0.008311573305860805
392,34.81311534448896,0.32809600310039905,wifi,0.2665000482933992,0.2594676267683822,0.007032421525017011
393,35.17626085441027,0.07984666169110052,wifi,0.21561303158910572,0.2067728707984845,0.008840160790621202
394,34.062111516562126,0.1249046759162688,wifi,0.21855901740474543,0.21141046638763447,0.007148551017110963
395,33.22049169612714,0.08918757214979485,wifi,0.20923920726853568,0.20302253058079958,0.0062166766877360955
396,32.4911181488004,0.12087654176792322,wifi,0.21576265171213227,0.20848139954853276,0.007281252163599495
397,29.162051717827016,0.08025278957204963,wifi,0.20418586602487157,0.196493861656222,0.007692004368649568
398,29.86924194390157,0.11738908562143437,wifi,0.21278777854106437,0.2057947633820778,0.006993015158986566
399,24.994668728530755,0.161915408599932,wifi,0.22803216607442478,0.22034381394963207,0.007688352124792702
4,29.953771999580184,0.036657219665536256,wifi,0.21286852307869475,0.20520299840966919,0.007665524669025563
40,30.934193651138937,0.045725323114989995,wifi,0.21121654602474665,0.2041837839377628,0.007032762086983853
400,33.97548801456308,0.2379745949943193,wifi,0.23733797882767763,0.22945339727101283,0.007884581556664818
401,24.85912915042102,0.10346468633059254,wifi,0.22556441187853526,0.21775472654559888,0.00780968533293639
402,29.73929861380241,0.08395359394391494,wifi,0.21183568272949527,0.20518852967741935,0.006647153052075914
403,29.640791226586682,0.0973318484633524,wifi,0.21354367168112415,0.2048656160834339,0.008678055597690252
404,29.721902442632516,0.2196275293144333,wifi,0.23212662358281488,0.2246355126924069,0.007491110890408014
405,30.293584632897645,0.15354422582756208,wifi,0.22737714579425367,0.21939385083377932,0.007983294960474308
406,29.272923368851515,0.08521362791713093,wifi,0.2081819137213765,0.20185767317540737,0.006324240545969141
407,34.548221349475085,0.06775772843181598,wifi,0.2029068297160498,0.1955235185411207,0.0073833111749291025
408,34.57059828948311,0.10325355002854858,wifi,0.21675497848143613,0.20889022364860027,0.007864754832835876
409,32.33586309285976,0.10363190215077193,wifi,0.21808406596236224,0.21005807103569787,0.008025994926664354
41,29.863302446435572,0.07057849692881411,wifi,0.2187206457768299,0.20930078565047683,0.009419860126353064
410,34.0279915612569,0.13724638997845973,wifi,0.21838628347729788,0.21105311308231817,0.007333170394979696
411,34.67641480404578,0.09867620454236746,wifi,0.21599749753525402,0.2087640361364209,0.0072334613988331055
412,30.281558286556102,0.06708525303672656,wifi,0.19847520371491353,0.19153748246610552,0.006937721248807993
413,31.555671420287393,0.10633765180615636,wifi,0.2233665096387884,0.21685252903301058,0.00651398060577783
414,28.874290643213246,0.23153528107785298,wifi,0.23656549957391626,0.2295505956187477,0.007014903955168581
415,35.74394522620487,0.15217886457626317,wifi,0.2415348234795009,0.23432465388235293,0.007210169597147949
416,29.87071001375904,0.11588010457085221,wifi,0.20695149687524791,0.20093874953030494,0.006012747344942952
417,32.91590797104959,0.16892594926715906,wifi,0.2491831760245547,0.23980924071417897,0.009373935310375735
418,34.648976213066376,0.06755665695880732,wifi,0.20033001221438118,0.19331420976093422,0.007015802453446946
419,34.16462897288435,0.17303205618570822,wifi,0.22478233840496928,0.21777474213908324,0.007007596265886049
42,29.610971402455288,0.21276961550398815,wifi,0.23498462769416012,0.22781180091167108,0.007172826782489033
420,30.06918475448856,0.0804942674622629,wifi,0.20739421149311507,0.202156636922184,0.0052375745709311
421,31.566745216220877,0.1882030586082464,wifi,0.22450201246045076,0.22033819682043668,0.004163815640014062
422,28.28562013531474,0.1706732600135826,wifi,0.22296932831598176,0.21867020146925528,0.004299126846726474
423,32.36306725055729,0.2523377940902488,wifi,0.2443536069884708,0.23993800524341705,0.004415601745053767
424,33.97260304265378,0.12604736218250934,wifi,0.21916094623910157,0.21295905402689527,0.006201892212206296
425,34.537075508798885,0.09053931040580881,wifi,0.20551409136248716,0.19946663951706187,0.006047451845425297
426,33.695313172610255,0.28455960479969705,wifi,0.25029682697588124,0.24446490122448977,0.0058319257513914655
427,30.052824786356172,0.23805599143705103,wifi,0.23433610670400412,0.22743321897288407,0.0069028877311200585
428,34.196772327358374,0.07312751554623621,wifi,0.2027119252265917,0.19717031418741443,0.0055416110391772406
429,33.40617275724741,0.23271022563677107,wifi,0.24038154039134296,0.23506383732239416,0.005317703068948801
43,34.480959191625125,0.038632364969810394,wifi,0.20563443825356362,0.19823249345445407,0.0074019447991095465
430,33.83565026122317,0.07612855021592488,wifi,0.20698154865529209,0.20274447066572918,0.0042370779895629
431,29.970003853855147,0.2777206182751073,wifi,0.23846141600113366,0.233456890573684,0.0050045254274496565
432,33.92152386439735,0.08276659419026602,wifi,0.19145214760525545,0.1872460285525737,0.0042061190526817465
433,29.943126229470142,0.15499543916801387,wifi,0.2317362421205285,0.22643987172091523,0.005296370399613277
434,30.624997499930338,0.12460001017171282,wifi,0.21556169626089364,0.20990303443551256,0.005658661825381112
435,29.897321045346413,0.13526683524139618,wifi,0.214437316931775,0.20850093908273912,0.0059363778490359054
436,29.9552437827428,0.0807987749174774,wifi,0.20729605589196248,0.2004057034194465,0.00689035247251599
437,29.942089038816423,0.2181883499020629,wifi,0.22875975635443513,0.22353589872118454,0.0052238576332506
438,29.985753541435553,0.07034964110823573,wifi,0.19634081053336122,0.19171710176113782,0.004623708772223384
439,29.66528992669103,0.09969648054371442,wifi,0.2087043111263677,0.20403555813773866,0.004668752988629049
44,32.63528690406265,0.08129148696620592,wifi,0.21337818313424073,0.20640119135217144,0.006976991782069278
440,32.95842773196122,0.07359547062519001,wifi,0.20105673067028781,0.19575070072045567,0.0053060299498321455
441,32.289434265171174,0.072540416185814,wifi,0.20845831219407904,0.20211140280685608,0.006346909387222947
442,34.73026480221168,0.06744178350897113,wifi,0.20260821783095903,0.19574381528502066,0.006864402545938365
443,29.84350862028663,0.07585820517300344,wifi,0.20860261437678249,0.202279333458386,0.006323280918396476
444,32.107502159647346,0.2764100102172967,wifi,0.24995577017320114,0.24298851962809068,0.0069672505451104615
445,32.87531616586984,0.09954279932971144,wifi,0.20195611758576096,0.19605246311706087,0.005903654468700084
446,29.83995998526683,0.07585723979246681,wifi,0.21487089449892366,0.20802386852427646,0.006847025974647212
447,29.969175964640158,0.10401363733450349,wifi,0.20973779200988465,0.2044116284019769,0.005326163607907743
448,29.946074839955934,0.17927401266081588,wifi,0.23195600941512742,0.22578753117526268,0.006168478239864729
449,29.940210838963868,0.070414233598395,wifi,0.20158437568746282,0.19623669046202163,0.00534768522544117
45,29.967915400452274,0.03150469384953453,wifi,0.2132188791756237,0.20405665277497884,0.0091622264006449
450,30.074799393392606,0.09592060656051409,wifi,0.20925178535013428,0.20260808403222474,0.006643701317909523
451,30.393201601405615,0.14869568725497453,wifi,0.2216387329549063,0.21687928316926006,0.004759449785646236
452,31.53913759748593,0.07194229686803066,wifi,0.2052123507823327,0.20019542064908247,0.005016930133250214
453,34.48518148320089,0.14215262292843195,wifi,0.2173759851810618,0.21203486973106178,0.0053411154499999995
454,32.9343537740973,0.13003664894643538,wifi,0.2103880582867937,0.20343950145253067,0.006948556834263037
455,34.47955449520028,0.19046113257971936,wifi,0.2303225928044612,0.22575207077531928,0.0045705220291419315
456,32.961986054316135,0.0695519073463052,wifi,0.20653436223733093,0.20147456751508788,0.005059794722243046
457,30.087855538669608,0.32800579580409595,wifi,0.25334593306839526,0.24821108551673943,0.005134847551655816
458,29.572366629884343,0.19205622164377356,wifi,0.21547806050889712,0.21077355736267517,0.004704503146221954
459,31.095734535605555,0.09526808239914471,wifi,0.21039545176104876,0.2036634347826087,0.006732016978440076
46,29.983086262996704,0.03150899783008452,wifi,0.2097383048986633,0.20266762611175831,0.007070678786905
460,31.715639322773452,0.07894657189527672,wifi,0.20850116583137376,0.2018480129678521,0.006653152863521647
461,33.68685574061323,0.06718843151844714,wifi,0.2034166393911824,0.1980018833729216,0.005414756018260772
462,32.728581853989894,0.08143337868686447,wifi,0.101638007236191,0.0953295439578234,0.006308463278367593
463,29.679895941655474,0.3099924614994056,wifi,0.24155960148474306,0.2367398470588235,0.00481975442591956
464,30.077533625294333,0.24300473207195944,wifi,0.23161660427789318,0.22707580102538238,0.004540803252510821
465,31.75239471826321,0.1302073445698883,wifi,0.21329325403055635,0.20874930221357713,0.004543951816979222
466,32.26670684096292,0.08018568528708236,wifi,0.20704191966467128,0.2004262035615809,0.0066157161030904145
467,33.23967246296938,0.15234683812367578,wifi,0.21864978105942479,0.21340892131868128,0.0052408597407435
468,29.85134486584389,0.2760935574942984,wifi,0.23465924618057055,0.22825704722950682,0.00640219895106374
469,31.35506729113715,0.24169366085660082,wifi,0.22955766155496746,0.2228272862419784,0.006730375312989045
47,30.781163922382476,0.1794256712945156,wifi,0.24346938065786883,0.23713165911364978,0.006337721544219026
470,29.992661105294477,0.10394419451662693,wifi,0.20286437260306914,0.19736587447198875,0.00549849813108039
471,31.154530557461115,0.3920815297624389,wifi,0.26101926966665756,0.2567772847170477,0.00424198494960982
472,29.947633583920517,0.0730783951215118,wifi,0.20446465394760716,0.19823376761274306,0.006230886334864093
473,29.930622979270524,0.09121878291310266,wifi,0.2057955407738402,0.20070082160047625,0.00509471917336395
474,34.70803920386437,0.09656538015051094,wifi,0.21342374168123407,0.20563738306595367,0.007786358615280402
475,29.69391351792145,0.17659406857352022,wifi,0.22273807484957883,0.21863899029568507,0.004099084553893759
476,31.637175453918974,0.08501501671404196,wifi,0.21408332759929585,0.20868326646033297,0.00540006113896287
477,25.241089255483224,0.22071274118210976,wifi,0.2353874498311176,0.22858249117963977,0.006804958651477832
478,31.14927321801027,0.09754959541858928,wifi,0.21395688463400978,0.2091339868942515,0.00482289773975828
479,29.720170282405057,0.12315376948452021,wifi,0.20603469793508958,0.2008439076949326,0.005190790240156976
48,32.18556108402639,0.05106075347605559,wifi,0.20863950071748186,0.20237964199969138,0.006259858717790464
480,29.858789077858475,0.16157785191555477,wifi,0.21335200125132103,0.20748368165715492,0.005868319594166138
481,30.12099191289805,0.08808916411759407,wifi,0.20758058751641498,0.2023235573292843,0.005257030187130664
482,31.173578162547397,0.09984108926383398,wifi,0.20908163299585952,0.2031163467515227,0.005965286244336823
483,33.23666433956058,0.16152357965748185,wifi,0.1444704695814649,0.1381622395142003,0.006308230067264574
484,33.70937412581963,0.3543771817124932,wifi,0.2538919947018885,0.2474299500612177,0.006462044640670798
485,34.125547354595476,0.06943762616838733,wifi,0.20088025786965763,0.19495526032548932,0.005924997544168316
486,32.39780828883767,0.1911971002721874,wifi,0.15263314229234035,0.14711471144823388,0.005518430844106464
487,33.00397253210572,0.08926995067439,wifi,0.20065682429507223,0.1953023486942699,0.0053544756008023315
488,33.51872783359902,0.07930945390282025,wifi,0.20003001824598468,0.19446373409818968,0.005566284147794994
489,30.578156980632283,0.1476439866163133,wifi,0.21483335162796027,0.208841742841283,0.0059916087866772405
49,29.87236479222254,0.06541869094035672,wifi,0.210430831954293,0.202752105003114,0.00767872695117901
490,33.58736396635266,0.07200663328098124,wifi,0.20294117450649388,0.19503684295769375,0.007904331548800119
491,29.921946209369455,0.07548603236552631,wifi,0.20590634155899354,0.20057020829213576,0.005336133266857783
492,29.91138488715307,0.21092647578179366,wifi,0.22849657901421094,0.22374756536159598,0.004749013652614949
493,34.72860625789857,0.07640954492368877,wifi,0.21095856016848566,0.2051069350529287,0.005851625115556967
494,34.25183997785391,0.10913848722921136,wifi,0.1037902840481928,0.09790183604878229,0.005888447999410507
495,29.811359363171313,0.08116466513731635,wifi,0.2045111388473327,0.20002876017871646,0.004482378668616222
496,25.268529840132256,0.32182002876497534,wifi,0.25172450391591095,0.24668894893858204,0.005035554977328937
497,29.849489060274536,0.0784790987634565,wifi,0.1976994438632547,0.18957867750042023,0.00812076636283446
498,24.87049428569016,0.1034483661822648,wifi,0.19818989203282966,0.19191009118398866,0.006279800848841006
499,29.216684644231876,0.35324387847809946,wifi,0.24912239271231748,0.24265394535883197,0.006468447353485503
5,29.121301527449315,0.048288981818841455,wifi,0.21258962636674494,0.20500195735179005,0.007587669014954888
50,32.818659613525014,0.06898554135547234,wifi,0.20987741551023606,0.20190407757736853,0.007973337932867558
500,31.29742776794221,0.2547908108975023,wifi,0.23399103981871333,0.22936283187350787,0.00462820794520548
501,33.16954848846781,0.026167615766665316,wifi,0.0758496627772244,0.0687493177645933,0.007100345012631095
502,32.44649714470146,0.06502911517968156,wifi,0.2082812569554641,0.20075888093260696,0.007522376022857142
503,33.145153631197644,0.07774801796587374,wifi,0.21410647684743744,0.207350395977354,0.006756080870083433
504,29.99311799354013,0.06507022712411377,wifi,0.20679694745835112,0.20033957271251598,0.0064573747458351125
505,29.212325926105425,0.159838658921279,wifi,0.23147924594759295,0.2238642511557993,0.007614994791793622
506,34.796083706854546,0.024957435075629735,wifi,0.20319428092443037,0.1966238350260696,0.0065704458983607715
507,30.104455761646832,0.036554156923240835,wifi,0.21229310393959291,0.20389331042350625,0.00839979351608667
508,34.06475366136933,0.05512477849295318,wifi,0.10382058074359914,0.09653349531148252,0.00728708543211663
509,34.5736432125248,0.06096042546180042,wifi,0.220871483764723,0.21405026860549659,0.006821215159226407
51,29.71250439625537,0.04220563111327784,wifi,0.2019435087613612,0.19495240114157225,0.006991107619788963
510,29.87645712014909,0.03938626307891114,wifi,0.20396991532499623,0.19789571963044583,0.006074195694550386
511,31.03893804906096,0.04039561527582395,wifi,0.21124207173261025,0.2029460611212601,0.008296010611350166
512,29.935942925179162,0.039340033582488255,wifi,0.20397269505517351,0.1996245994514172,0.004348095603756336
513,28.884871202456587,0.03546700945347723,wifi,0.21392681219255089,0.20636927364805494,0.007557538544495927
514,30.808274364582637,0.07109580283789038,wifi,0.213021015295212,0.2083227748779368,0.004698240417275193
515,32.74016818964834,0.033586449331304155,wifi,0.2014243018812666,0.1960729707881308,0.005351331093135772
516,30.02532292484816,0.0443569917077498,wifi,0.21306061802557952,0.20846781538768983,0.004592802637889688
517,33.81691037549252,0.327585278400486,wifi,0.2312845331405368,0.22532202518123984,0.005962507959296946
518,30.03929664928745,0.03921017238690704,wifi,0.20487725250494634,0.1992502127192799,0.005627039785666444
519,24.946310682417,0.25557678973724185,wifi,0.2367339108130992,0.2311260373104741,0.005607873502625093
52,31.654676589206883,0.0666248158958948,wifi,0.21450664631574515,0.2070157467971116,0.007490899518633539
520,33.33953864194224,0.13774320782659966,wifi,0.22409459472737617,0.21791189377894699,0.006182700948429164
521,31.24557822630339,0.151964030417681,wifi,0.23700604722444404,0.2317293658448634,0.005276681379580639
522,33.417853406906715,0.02599116674024569,wifi,0.20617923768923177,0.1996153922390956,0.006563845450136179
523,33.64065269848033,0.2691086906410991,wifi,0.2512799861537113,0.2450515102715994,0.006228475882111852
524,31.285255850386168,0.3437198996046333,wifi,0.2744733335888192,0.26792026135031644,0.006553072238502715
525,31.61117249040733,0.029903224889454884,wifi,0.2057318320617993,0.200428840197182,0.005302991864617296
526,32.19691856011674,0.029355852742094613,wifi,0.20527722836737827,0.19888402113346643,0.006393207233911841
527,34.70361578220937,0.0881342745146448,wifi,0.221770790664832,0.21456416324594438,0.007206627418887602
528,29.357676260385688,0.07707367503923397,wifi,0.20383480364329212,0.19858483948470504,0.0052499641585871
529,30.152294908615797,0.02878832283349569,wifi,0.2044259642031913,0.19965498350583208,0.004770980697359234
53,31.234818979276945,0.057564060198104665,wifi,0.19872246384376835,0.19229392198532283,0.006428541858445505
530,29.80152827592055,0.07338492777120659,wifi,0.2058310511509123,0.20108759017887,0.004743460972042291
531,32.64296929804849,0.050378382707308246,wifi,0.20925542872554298,0.2015748414293861,0.007680587296156917
532,31.047573316639795,0.10288604418201011,wifi,0.2229768220215898,0.21743616303042199,0.0055406589911678105
533,31.723621313373908,0.03210699024359505,wifi,0.20221021566021605,0.1971983996424963,0.005011816017719747
534,33.18045087640249,0.0261835803026374,wifi,0.20011881425950087,0.1947054871939524,0.005413327065548494
535,31.75693179082525,0.31922211713566057,wifi,0.26521098831005885,0.2605663331915222,0.004644655118536566
536,30.008230819274047,0.041824758265784454,wifi,0.20884912928836533,0.20407185736646763,0.004777271921897692
537,29.97227877692347,0.14284422722293472,wifi,0.22608292063166668,0.2204549751089746,0.005627945522692088
538,34.03735503306701,0.03235530489751941,wifi,0.20055354024882371,0.19605958044698885,0.004493959801834862
539,33.234750285213295,0.026049120049660212,wifi,0.20058633293533532,0.1949375073035393,0.005648825631796026
54,31.473724866766936,0.030010079963472228,wifi,0.20409439087686887,0.19652816083711874,0.007566230039750141
540,34.76383954685535,0.02712692304108004,wifi,0.19724031414402757,0.19306381252695123,0.004176501617076326
541,30.10262346153682,0.028812139948805677,wifi,0.19802743626987976,0.1922297569598209,0.005797679310058877
542,29.852577808708908,0.14612573922267458,wifi,0.21285330680582412,0.207868426648225,0.004984880157599128
543,34.330272239304335,0.09258735199777751,wifi,0.21137210988976654,0.2060450784386213,0.0053270314511452595
544,33.79883323126643,0.046322545789884234,wifi,0.20222660643350443,0.19596945141633118,0.006257155017173247
545,30.985193972013544,0.13889727473990457,wifi,0.2298831879889153,0.22365264057798892,0.006230547410926365
546,29.741122868255143,0.04215758784744091,wifi,0.19685311231782307,0.1919218829276625,0.0049312293901605745
547,30.014330799926558,0.48194784339604185,wifi,0.24229377737188018,0.2358039535583243,0.0064898238135559045
548,32.98719782713075,0.09394529405741744,wifi,0.21384994754525702,0.20815013975304922,0.005699807792207792
549,30.736081493044402,0.03327838001182653,wifi,0.2070428248551702,0.20073682019680977,0.0063060046583604465
55,24.738469742245943,0.0663123474124421,wifi,0.20441778222798707,0.19829092244318178,0.006126859784805287
550,31.748453721959038,0.030479185174637543,wifi,0.2007133722427435,0.19599297454995934,0.004720397692784144
551,29.524077195956625,0.20813026463843376,wifi,0.2243619473205389,0.219874204635446,0.0044877426850929245
552,30.784244953781055,0.03747816461739442,wifi,0.21855349200354635,0.1981374933211635,0.020415998682382825
553,30.015650187622764,0.05477425908561374,wifi,0.20278904635912876,0.19640461148493332,0.006384434874195435
554,29.872426968454025,0.0446172988022532,wifi,0.20153456036404477,0.1955180763192141,0.006016484044830625
555,29.60493510519251,0.14450073897475554,wifi,0.22017651067342542,0.21512645061336536,0.00505006006006006
556,33.4202347047741,0.05151011102127555,wifi,0.20173671480231622,0.19709037001021604,0.004646344792100185
557,30.259093175544212,0.031239634132988157,wifi,0.20054134277243355,0.19378885047300365,0.006752492299429893
558,34.06415869889464,0.06414478100910513,wifi,0.21397853487368573,0.207547153714955,0.006431381158730739
559,34.21739072182738,0.07522177891717809,wifi,0.2035765257105234,0.1976400678225246,0.005936457887998829
56,29.576069020928497,0.02929493433988476,wifi,0.2045165471455976,0.197509387512054,0.007007159633543617
560,30.393793435382015,0.08474391343995875,wifi,0.21370847761433898,0.20687399517460317,0.0068344824397358
561,29.96442857187327,0.031572435887798955,wifi,0.19663614405118085,0.1902704648738493,0.006365679177331557
562,32.69001956911284,0.052634505047091815,wifi,0.20381257905006167,0.19741457059720843,0.006398008452853219
563,24.528719054278582,0.0940685485815257,wifi,0.20833801894359308,0.20349865572211653,0.00483936322147651
564,30.006884895968152,0.2204494076254086,wifi,0.23626071363237322,0.23042237964968018,0.005838333982693031
565,33.77045876573224,0.06014827971662459,wifi,0.20396455289695592,0.19724751765356127,0.006717035243394627
566,33.69443327149152,0.04881381997873245,wifi,0.20451500389592428,0.19920410168465877,0.005310902211265501
567,30.171282425169316,0.03629368432435317,wifi,0.20266082172303138,0.19760042988562496,0.005060391837406401
568,29.709296315989416,0.441961595466443,wifi,0.26477988639323413,0.25835618616163347,0.006423700231600617
569,29.712843842488898,0.03965339050835555,wifi,0.19612926393393262,0.19013789992687857,0.005991364007054066
57,32.76373827403104,0.07855040772437961,wifi,0.20718270531792868,0.20139129072867745,0.0057914145892512215
570,29.63171369062037,0.031891608088098246,wifi,0.19442186590502594,0.18966115505094108,0.004760710854084848
571,29.52800406080667,0.09247157357392365,wifi,0.20794721362877505,0.20287618066250435,0.005071032966270702
572,32.399954300890435,0.3817302297756665,wifi,0.25998648360374005,0.2557511098781,0.004235373725640046
573,32.08089959459551,0.04040214010140642,wifi,0.19739391977886975,0.1918578264665233,0.0055360933123464375
574,30.014705202195035,0.04442532388765507,wifi,0.202058147910913,0.19380046106626303,0.008257686844649989
575,29.767799561548905,0.10894328931819967,wifi,0.2106101878644852,0.20528808169461,0.00532210616987523
576,34.30311972421911,0.025360463042251875,wifi,0.19601441342477435,0.190262529927166,0.005751883497608349
577,34.56443380752785,0.06556112021445773,wifi,0.204373196087984,0.19896297095073623,0.0054102251372477725
578,34.88441460828098,0.03376656920366896,wifi,0.19775266829604657,0.19163494564043898,0.0061177226556075924
579,32.856775323131366,0.03826705413524956,wifi,0.2006691394094043,0.19513423848049438,0.005534900928909953
58,29.827001863350148,0.04211123886183715,wifi,0.20088814366903113,0.19593312751985728,0.0049550161491738525
580,31.568905160549182,0.03132927781214173,wifi,0.19729146065308842,0.19290110787759904,0.004390352775489388
581,32.22711038872726,0.13304351362198966,wifi,0.21955893897762863,0.21503553016495558,0.004523408812673024
582,29.978402681887975,0.030081489316468375,wifi,0.19664178470824728,0.1927211983367123,0.003920586371534961
583,32.76611024911464,0.03125537307339288,wifi,0.19674074007239986,0.1923258424836601,0.004414897588739761
584,33.447458274889236,0.18836710844273755,wifi,0.22631965067899873,0.22093935972986858,0.005380290949130148
585,31.60453722267647,0.05443769000248311,wifi,0.20262509193510822,0.1974240314833501,0.0052010604517581304
586,30.405318865728216,0.04130773979205625,wifi,0.20345419533311476,0.1984927814972369,0.004961413835877862
587,30.08942974559708,0.08058760237404701,wifi,0.20783947992757434,0.203533182449194,0.004306297478380345
588,25.92979315119303,0.03934975470303952,wifi,0.20484946659045047,0.197805960349078,0.007043506241372509
589,30.2542491218338,0.1518973742000261,wifi,0.22016589936223915,0.21404530361873228,0.006120595743506877
59,30.986433231563247,0.06806614314846703,wifi,0.22467264576209664,0.21967160869738048,0.005001037064716171
590,30.13828255035577,0.03133164600279631,wifi,0.20046202383284362,0.1954001815050604,0.0050618423277832185
591,34.3041618302495,0.05706733222887672,wifi,0.19976219715715732,0.19318923218749998,0.006572964969657327
592,29.71059874476197,0.039608424256595304,wifi,0.1982388936937825,0.1923555181545836,0.005883375539198904
593,29.928612423059796,0.04236875342149124,wifi,0.20014976713967433,0.1941173980379879,0.006032369101686425
594,31.881981009035794,0.061266236857942136,wifi,0.20171245754686246,0.19709786168195242,0.00461459586491003
595,29.780039581984276,0.1637900442197799,wifi,0.2156016385989308,0.20954996003087079,0.006051678568060021
596,27.790778690941398,0.08146292067512093,wifi,0.2119410613601822,0.20495765042658495,0.006983410933597248
597,33.50962818856258,0.04208611304381338,wifi,0.19844574328541095,0.19330262227763303,0.005143121007777901
598,29.767678858268226,0.08546887421466938,wifi,0.21277578491655297,0.2072463616074394,0.005529423309113555
599,34.40561391607699,0.029280948232964114,wifi,0.19158665509729803,0.18691736308975523,0.00466929200754279
6,29.154448658310407,0.04287064436197896,wifi,0.20145673789198734,0.19549096059771567,0.005965777294271656
60,35.82575702637536,0.05451801056323995,wifi,0.19839145504131922,0.1931858437227409,0.005205611318578328
600,30.469546167234277,0.08440174940201388,wifi,0.11007479246215389,0.10227226780923994,0.007802524652913953
601,30.047624723990094,0.149166832359347,wifi,0.22711951348673126,0.2227972833799112,0.004322230106820048
602,30.08833618094525,0.14720488276134566,wifi,0.24082125167603466,0.23475680725978063,0.00606444441625404
603,30.548417955243856,0.2208752351720971,wifi,0.24156931739878293,0.23599475506947204,0.005574562329310893
604,29.51689518219335,0.4567677906764904,wifi,0.28246958812832934,0.27678176310329633,0.005687825025033044
605,30.07757982797308,0.08586106378140844,wifi,0.2186163869818221,0.2134982278343976,0.005118159147424512
606,33.68010520447131,0.1869796415945861,wifi,0.23823759002657252,0.23339086525016625,0.004846724776406238
607,31.491843431852413,0.08422488844578828,wifi,0.21868062833392193,0.21375044345015576,0.004930184883766209
608,26.32316889743997,0.23038510384628474,wifi,0.25316157279719836,0.2490291122139616,0.004132460583236771
609,33.31447051346595,0.41404233017674785,wifi,0.2843745157245654,0.27896725388392857,0.005407261840636857
61,29.892620309389834,0.03937958559056906,wifi,0.20828870116610868,0.20385998536780278,0.004428715798305898
610,36.27307778813667,0.055995579196874604,wifi,0.21507032305448173,0.21036357733163527,0.004706745722846442
611,34.56669160995009,0.06308194097963164,wifi,0.21249384986277625,0.20827521807742308,0.004218631785353171
612,29.760283756710177,0.07343784144891491,wifi,0.2118158100782132,0.20671577736173877,0.005100032716474435
613,32.802933923707776,0.07369243268367882,wifi,0.215098704565044,0.21074838520763867,0.004350319357405372
614,32.282397103564,0.12826541308925482,wifi,0.32415423860473935,0.31663639584309805,0.007517842761641309
615,32.551508857026796,0.1363211769841538,wifi,0.23429625950678645,0.2295727626304722,0.0047234968763142805
616,34.516050160167815,0.06070604806392518,wifi,0.20978720692758648,0.20457868992569303,0.005208517001893466
617,29.953998289893235,0.08621026064728417,wifi,0.21604074538434992,0.21046366736273184,0.005577078021618081
618,24.653081427629967,0.08858819561405055,wifi,0.21421396221173994,0.20972103925633429,0.004492922955405627
619,32.3307019319174,0.07005152578404544,wifi,0.21705619782434435,0.21105732893621887,0.005998868888125501
62,32.9185261301617,0.09940004564791026,wifi,0.21032095725343689,0.20458062609279928,0.0057403311606376226
620,29.907246464074667,0.3032612852171049,wifi,0.36294936218543045,0.35828782799668873,0.004661534188741721
621,32.46903626877538,0.12008474682538084,wifi,0.21916367951679525,0.21425367028932743,0.004910009227467812
622,32.63414871782325,0.18574705448619175,wifi,0.23870333781317105,0.23313730143090294,0.005566036382268103
623,32.38210718873396,0.07468513354935116,wifi,0.21794906823573013,0.2125573744635357,0.005391693772194432
624,33.1394070651103,0.5265101444246956,wifi,0.2816964796322487,0.2773174209012536,0.004379058730995033
625,35.02285003253358,0.11114469543124174,wifi,0.21497823672575744,0.20954335474256655,0.005434881983190903
626,34.55355102953495,0.09471559079998984,wifi,0.13848647122510516,0.13381915074213835,0.004667320482966796
627,34.1730110732387,0.18206080777213643,wifi,0.23563691650668991,0.23018991408522393,0.005447002421465968
628,32.97451475685681,0.19345203552005372,wifi,0.24031964551085716,0.23491559552030217,0.005404049990554989
629,30.01798792565635,0.09348547967139076,wifi,0.2121315577910854,0.20656324015415523,0.00556831763693014
63,33.782659794814506,0.03255714637865266,wifi,0.20167005774067892,0.1974635629011315,0.004206494839547394
630,32.43321750119384,0.06544287503766383,wifi,0.2127939729127589,0.20769961158366196,0.005094361329096964
631,29.31569499461829,0.0983358573122423,wifi,0.21003498158666037,0.20521641019711384,0.00481857138954653
632,29.95902052317125,0.1999665842001251,wifi,0.239902665248559,0.2353659458760552,0.004536719372503809
633,29.82616917665982,0.20079266514341831,wifi,0.23340859965716312,0.2286144053863968,0.0047941942707663285
634,34.733974380904066,0.061548988795688625,wifi,0.20212222153434947,0.1968280965325435,0.005294125001805967
635,34.0905269738495,0.05825319161312321,wifi,0.298872827358731,0.294589637719042,0.0042831896396889725
636,28.109983884496426,0.4639247768189754,wifi,0.33274850472870393,0.32833191581497184,0.0044165889137320665
637,33.586249390583056,0.0789768148611354,wifi,0.24871821462629115,0.24201905328797338,0.006699161338317756
638,30.025395475903487,0.5132846630569236,wifi,0.2738404492880521,0.2694035955089945,0.004436853779057635
639,29.41627900669565,0.07427893920582729,wifi,0.21284787768853006,0.2084784555057439,0.004369422182786157
64,29.986116354263768,0.05477791723990425,wifi,0.2009112966673636,0.19501617517039516,0.00589512149696843
640,30.26164335421011,0.10816263220366792,wifi,0.22906584791127596,0.22302411219234827,0.006041735718927701
641,29.910707551709063,0.23659283177323726,wifi,0.2408506635601081,0.23552453972546275,0.0053261238346453445
642,30.567794368186387,0.15550752346552213,wifi,0.23117690694150506,0.22603795888554212,0.005138948055962903
643,34.460335153529705,0.07020689117564169,wifi,0.20848996480287538,0.20431307261960643,0.004176892183268947
644,34.66335162143392,0.06309865889158706,wifi,0.20521509847693806,0.200744207604508,0.004470890872430058
645,31.876758113270743,0.10494147454120653,wifi,0.21726026165057952,0.212229605457999,0.005030656192580533
646,34.4451223780525,0.19584871628438136,wifi,0.2400713709957965,0.23504736407450355,0.0050240069212929405
647,32.17562613863802,0.21266516991826426,wifi,0.20124625487556255,0.19594149766511518,0.005304757210447359
648,31.64517863081644,0.3119365232587825,wifi,0.25659486992243924,0.25142020744618965,0.005174662476249564
649,31.763176379719745,0.06637979069833201,wifi,0.20770876062647886,0.20150990006969718,0.006198860556781662
65,29.18289279807075,0.06687815404403721,wifi,0.20312641818013952,0.19732200066189134,0.005804417518248175
650,29.99544901825836,0.35555863802899174,wifi,0.27341294649569003,0.2680913343299093,0.005321612165780743
651,34.0269498912674,0.22162782806270234,wifi,0.2374620550782854,0.23253572025642918,0.0049263348218562325
652,24.753044268301785,0.11315274879489227,wifi,0.20944350654010757,0.20355431259738838,0.005889193942719192
653,34.3342484760358,0.06409288386014723,wifi,0.20309879804627545,0.1973642509733007,0.005734547072974745
654,33.726535854755596,0.12176100794001213,wifi,0.21726460128863143,0.21165974152767528,0.005604859760956174
655,29.868369418934698,0.07014105693603415,wifi,0.20915779353837818,0.203660035241768,0.00549775829661017
656,25.330308197361852,0.08930834881178465,wifi,0.21282285456639788,0.20561093307533262,0.007211921491065273
657,32.698570164127155,0.0686531242415848,wifi,0.21086671010154592,0.2059052647165808,0.004961445384965141
658,29.976048900988857,0.3628318740713427,wifi,0.2730841311546491,0.2654329688774691,0.0076511622771800215
659,33.08691973859047,0.17864627613267842,wifi,0.23195872140679444,0.22552246489453695,0.0064362565122574825
66,29.597558433665462,0.047800868547006964,wifi,0.20472429503999431,0.19900504841138505,0.00571924662860925
660,33.98761826302037,0.062418348458038536,wifi,0.20578310589329082,0.20040230929745229,0.005380796595838541
661,33.9475214212111,0.19929938083116255,wifi,0.2347582026221817,0.2288534728059877,0.005904729816194005
662,31.146532748193323,0.0801850729322309,wifi,0.21646196225833966,0.2102483249468462,0.006213637311493483
663,30.019539662008054,0.12190706590452773,wifi,0.22329652109090908,0.2187077986424242,0.004588722448484848
664,33.733467639541935,0.3783893531608874,wifi,0.26412491043393954,0.2586978305535055,0.005427079880433979
665,29.995424097577697,0.09614786544167912,wifi,0.211873807060477,0.2063834422967219,0.005490364763755116
666,28.617601106111948,0.10056555716633245,wifi,0.21372951613314436,0.20810070805748723,0.005628808075657132
667,30.51577278714682,0.10469303931066228,wifi,0.2145208423416576,0.20996362166906016,0.0045572206725974385
668,30.002145977242836,0.21779972022523,wifi,0.23843695951484195,0.2321341305044364,0.0063028290104055395
669,29.846031571178308,0.15905012325270385,wifi,0.22881722846362904,0.223804634663262,0.0050125938003670305
67,29.945307772228077,0.03934656504324627,wifi,0.2094269029671623,0.20328482508250822,0.006142077884654083
670,29.33457188529568,0.09043796549592151,wifi,0.2075310344355456,0.2017876480829799,0.005743386352565718
671,30.143537955704854,0.08283383999811625,wifi,0.21109460280910547,0.20548072163469558,0.005613881174409875
672,31.76523582971862,0.06681382790221206,wifi,0.20362800276454998,0.1994361258022114,0.004191876962338566
673,30.567785402954776,0.4011520572509216,wifi,0.2674566584433624,0.26175338490807354,0.005703273535288945
674,29.91397329714954,0.08604333414462408,wifi,0.2080152619842705,0.20262890992135255,0.005386352062917946
675,29.942751540098552,0.11202851533226059,wifi,0.2177713589694909,0.21338087483953277,0.0043904841299581415
676,29.990330684281407,0.11169703446303511,wifi,0.21784470117666782,0.2125265869251326,0.00531811425153521
677,32.0511929417829,0.09970848841117207,wifi,0.20930678965273977,0.20455253692307693,0.004754252729662852
678,30.001551476561986,0.06767783331426155,wifi,0.19874378697567813,0.19357189411764705,0.005171892858031087
679,32.89035045201222,0.09620058638829199,wifi,0.20914946845336338,0.20453326572384428,0.004616202729519103
68,30.308233338225847,0.05058618834329417,wifi,0.2035616931208392,0.19834790262658863,0.005213790494250555
680,30.915247036918206,0.36460727570895207,wifi,0.2624914027889879,0.2582859970911416,0.004205405697846326
681,33.4582192706319,0.30424969475094676,wifi,0.21420295360220903,0.2084407726200662,0.005762180982142857
682,31.51039780484572,0.06691140534175567,wifi,0.2083595407086538,0.20296376641938862,0.0053957742892651855
683,32.62772354980696,0.19323913267731802,wifi,0.2297157329719073,0.22386787661978239,0.005847856352124958
684,29.905596344132626,0.19006027950735566,wifi,0.23209490957055595,0.22728013487787063,0.0048147746926853014
685,30.005839317979248,0.38330495868210773,wifi,0.2628266331247183,0.25799468309210255,0.004831950032615786
686,34.89312109533536,0.0,wifi,0.20731856983195138,0.201788382954464,0.005530186877487361
687,33.44993133174275,0.0,wifi,0.25605099403499915,0.24994419881290134,0.0061067952220977975
688,30.57456429459578,0.0,wifi,0.22111431621264788,0.2163399115712642,0.004774404641383688
689,30.117661804999795,0.0,wifi,0.2122390918530546,0.20715798537852645,0.00508110647452811
69,29.9440639333836,0.36007480561045047,wifi,0.26189221327022016,0.2568438304342457,0.00504838283597448
690,29.75955162772768,0.0,wifi,0.20845486257979265,0.20230723941717138,0.0061476231626212555
691,29.854468616446095,0.0,wifi,0.2113462044946621,0.2056894501391601,0.005656754355502014
692,30.05052012194906,0.0,wifi,0.2134692374069714,0.20793552329659318,0.005533714110378225
693,34.36631762722188,0.0,wifi,0.20607965830529262,0.19975832627023907,0.006321332035053554
694,26.954262415464612,0.0,wifi,0.24201484434943407,0.23730696077077942,0.004707883578654649
695,28.26270220830667,0.0,wifi,0.21374428485491007,0.20711200697814688,0.006632277876763177
696,29.988666909341966,0.0,wifi,0.2059823455048346,0.2001785998491072,0.005803745655727398
697,34.00581941286908,0.0,wifi,0.19910724388767323,0.19436806731582787,0.004739176571845367
698,30.599735875506912,0.0,wifi,0.2720595929803232,0.26688360611179723,0.005175986868525897
699,30.05208191402641,0.0,wifi,0.22965700451197832,0.2232880665284009,0.006368937983577414
7,31.34881667241493,0.03248167261432899,wifi,0.21218750704792902,0.20518313327133947,0.007004373776589562
70,32.168450930235686,0.029395105224392974,wifi,0.19591885592092614,0.19034586203607556,0.005572993884850583
700,33.81654487506731,0.0,wifi,0.2581725760050112,0.2528505806551457,0.005321995349865507
701,33.364261206289015,0.0,wifi,0.20196571626860904,0.19517674142963515,0.0067889748389739005
702,33.959092524318464,0.0,wifi,0.20644404289416077,0.2017115799297064,0.0047324629644543694
703,30.698650175175032,0.0,wifi,0.21549453213343303,0.20959306812995931,0.0059014640034737295
704,30.455350724587056,0.0,wifi,0.23216104961338677,0.22643994879257703,0.0057211008208097065
705,34.24428276808326,0.0,wifi,0.21243533033166762,0.20639562004058848,0.006039710291079131
706,32.70553005262878,0.0,wifi,0.21481305651542634,0.20942277488509892,0.005390281630327433
707,30.06214403082431,0.0,wifi,0.20079782998704912,0.1940125082208283,0.006785321766220819
708,34.29332668893453,0.0,wifi,0.21861463659461147,0.21311934722602,0.005495289368591473
709,30.078308821012683,0.0,wifi,0.2485407947932998,0.2434253409357208,0.0051154538575790085
71,24.93678376253927,0.0906642982322504,wifi,0.19015635945551046,0.1860559153328347,0.004100444122675785
710,29.996332872237044,0.0,wifi,0.2267002605613179,0.22127507222859952,0.005425188332718402
711,29.9832138230392,0.0,wifi,0.263429789293292,0.25679777528154074,0.006632014011751265
712,32.934961906704665,0.0,wifi,0.2100836930838413,0.20553489765639837,0.004548795427442937
713,32.55650116285815,0.0,wifi,0.2252262048475631,0.21949196971911397,0.005734235128449096
714,30.13406771054377,0.0,wifi,0.26029217345430655,0.2536790421463174,0.006613131307989161
715,32.72696377577853,0.0,wifi,0.25149749877277017,0.246157147805176,0.005340350967594183
716,33.80730486987545,0.0,wifi,0.2502417490397645,0.24449844675324678,0.005743302286517685
717,30.700449968871695,0.0,wifi,0.2236210826689919,0.21768479567375887,0.00593628699523303
718,33.73595689565893,0.0,wifi,0.20403638684845188,0.19876524368155168,0.005271143166900214
719,34.19615467761805,0.0,wifi,0.21511645112968344,0.20960600639641622,0.005510444733267247
72,27.294599737222246,0.08182439096017637,wifi,0.20121680431340902,0.19574790431814948,0.00546889999525954
720,32.086093634195336,0.0,wifi,0.21596955788494338,0.21123620457435258,0.00473335331059079
721,29.96371011373464,0.0,wifi,0.21010746529233335,0.20508811944923963,0.00501934584309374
722,30.914881602377548,0.0,wifi,0.22275382117000395,0.21749642052610918,0.0052574006438947775
723,29.88923695843403,0.0,wifi,0.22893496913021147,0.2239690782731377,0.00496589085707378
724,31.50504759358072,0.0,wifi,0.2005072171450395,0.19543910522306854,0.005068111921970933
725,32.203143253777775,0.0,wifi,0.22620333222708766,0.22076455734808328,0.005438774879004378
726,30.07333844946536,0.0,wifi,0.2102950093046705,0.204244944946548,0.006050064358122498
727,32.634076781835375,0.0,wifi,0.20560664185868613,0.19984653389334447,0.005760107965341643
728,30.04877526246032,0.0,wifi,0.20826034697625495,0.20223228251284328,0.006028064463411674
729,32.62770507048704,0.0,wifi,0.19932391405420533,0.19403307152529478,0.0052908425289105296
73,34.53373360357839,0.03863564291414313,wifi,0.19898702730759693,0.19343000227076748,0.005557025036829435
730,31.674802442511822,0.0,wifi,0.20304566801130075,0.19619310900547549,0.006852559005825243
731,32.388183453982954,0.0,wifi,0.2547255810221274,0.24945551088829582,0.005270070133831548
732,30.695816451293172,0.0,wifi,0.2184128743924125,0.2128469963101667,0.005565878082245791
733,32.68856288074166,0.0,wifi,0.21182275983300797,0.2069781781258296,0.00484458170717834
734,30.00195851795184,0.0,wifi,0.2248488369876411,0.2187105609053672,0.006138276082273937
735,29.560562952534355,0.4483955539440634,wifi,0.23795879075371731,0.23141421075029908,0.006544580003418219
736,34.20700182296663,0.3907726280479007,wifi,0.2767258204441541,0.2720673350097975,0.004658485434356629
737,33.55666880292116,0.12758140640072457,wifi,0.22775416542755958,0.22171423656267103,0.006039928864888532
738,34.299255029263676,0.18127930168439815,wifi,0.24109335385003416,0.23288048620329327,0.008212867646740892
739,30.506584877936557,0.10214922491221767,wifi,0.22208353103504083,0.21673570564862019,0.005347825386420651
74,29.6136533111156,0.08952326726283702,wifi,0.20427276581630402,0.19904777243727906,0.005224993379024958
740,30.15931368911055,0.07251938895379095,wifi,0.21880150743986068,0.21398169290616023,0.004819814533700466
741,32.09794099295144,0.17935842056860338,wifi,0.24857935404671372,0.2444374105610305,0.004141943485683247
742,24.605834735346015,0.16447359106198148,wifi,0.22398008290763963,0.21806086051386075,0.005919222393778879
743,30.482659174476087,0.11500804375149315,wifi,0.2312326685747128,0.2258056940961462,0.005426974478566604
744,32.273189638660426,0.07529038893290056,wifi,0.2217589329127021,0.21549105539056454,0.006267877522137581
745,31.575087581707496,0.0938234927245702,wifi,0.22369366292551895,0.21918150349130078,0.004512159434218175
746,32.39101937899471,0.07466572668498278,wifi,0.21994803422136658,0.2142108200741771,0.0057372141471894915
747,27.333826541840278,0.08276883576973494,wifi,0.22369531727813463,0.21927918349750175,0.004416133780632881
748,30.5334153294374,0.07165130321634121,wifi,0.2213325255379118,0.21691229139524734,0.004420234142664445
749,30.04207985595949,0.08831102948665225,wifi,0.22213979439775958,0.215304067220893,0.0068357271768666105
75,29.25498872230331,0.06409809341578725,wifi,0.20565781143874529,0.1988166210253841,0.0068411904133611695
750,29.916104073971656,0.1353440270828173,wifi,0.23430243290381872,0.23009018418092717,0.004212248722891566
751,34.87043657613233,0.07387894310916997,wifi,0.21632713575118456,0.21107592746446255,0.005251208286722007
752,34.09613378671008,0.327314295216368,wifi,0.2743630584914663,0.26939154406313087,0.004971514428335474
753,33.99487157442357,0.062037504550736346,wifi,0.2094520977212619,0.20472828705596824,0.004723810665293664
754,33.8599348626043,0.07146676477138028,wifi,0.21681397813497713,0.21026570227188077,0.006548275863096346
755,32.2546490940207,0.09206334849106991,wifi,0.2912165747181096,0.28576335393530067,0.005453220782808903
756,34.98422456103252,0.09304610980646896,wifi,0.27396969962489337,0.2680865050829127,0.005883194541980605
757,29.834536216491784,0.10188742261459036,wifi,0.24144286749319138,0.23555722977114757,0.00588563772204382
758,34.20011304785985,0.3567231190998487,wifi,0.2722789532268999,0.2663106316284153,0.005968321598484571
759,34.40067973030847,0.2711357471167144,wifi,0.26770567248808563,0.26254197300644416,0.005163699481641468
76,33.91099457511441,0.025596506704553695,wifi,0.19365309731886948,0.18763962366215578,0.0060134736567137095
760,29.95110561173401,0.22380936740357987,wifi,0.24456981553589796,0.2390594224398272,0.005510393096070767
761,33.77639308260635,0.1215537724812382,wifi,0.23250266866572306,0.22737872622212374,0.005123942443599306
762,30.471273841414604,0.06668241080352783,wifi,0.310062542084153,0.3044124376590936,0.005650104425059477
763,29.730113386871203,0.07617885510655793,wifi,0.2836992114663821,0.27893109105656355,0.0047681204098185695
764,33.58295794633149,0.07747611166824636,wifi,0.2170187208626571,0.211643176599756,0.005375544262901081
765,29.86033347726265,0.23191124122150367,wifi,0.23640821404612075,0.2289557382770172,0.00745247576910354
766,34.04493528186099,0.10996375728153121,wifi,0.22181877068286393,0.21681694152770106,0.005001829155162893
767,33.33013548118329,0.40341237159359566,wifi,0.3074301152986858,0.30212191868876886,0.005308196609916924
768,34.28099098062499,0.07511536062231576,wifi,0.21250119815817173,0.2072479595854922,0.005253238572679509
769,34.04532663549143,0.13130095792178248,wifi,0.22536171039255548,0.21879828115390246,0.006563429238653001
77,30.808038593568252,0.04363510503653582,wifi,0.20473393517702917,0.1989398934412636,0.005794041735765617
770,30.045344257026475,0.24079115013994512,wifi,0.258492606127235,0.254231317618181,0.004261288509053986
771,32.56864128887309,0.2053468224443516,wifi,0.24203169111565004,0.2374134070927929,0.004618284022857142
772,33.89894469109556,0.17058911575849148,wifi,0.24012148367271358,0.23544803035400816,0.004673453318705431
773,33.31846654641153,0.3465493822747248,wifi,0.3200143144314166,0.3151509417602857,0.0048633726711309515
774,34.486734652755835,0.17590021383817062,wifi,0.22681929011078655,0.22101885670232174,0.005800433408464813
775,34.40503317016356,0.23501209721291372,wifi,0.25398576235320713,0.24913073209814363,0.004855030255063496
776,34.8011685521162,0.11860070140515488,wifi,0.24523043353008106,0.24012107895036267,0.00510935457971839
777,34.50408943965362,0.09711889385925614,wifi,0.21521356448489365,0.21024886201762277,0.004964702467270895
778,33.06720571297405,0.08020215022158504,wifi,0.21125482911285862,0.20624444510593457,0.005010384006924061
779,31.185301944234823,0.08461688152703076,wifi,0.2187707907348804,0.21393202177612236,0.004838768958758037
78,30.042442954551326,0.028940922058679666,wifi,0.19913150944503297,0.19441704214815417,0.00471446729687882
780,25.270639439350486,0.2368560168160842,wifi,0.24665758423369763,0.24052735448283008,0.006130229750867561
781,34.00417982928199,0.09169857987031592,wifi,0.2088976249218434,0.20423973804111958,0.004657886880723822
782,26.420329399397048,0.10836397823508356,wifi,0.2419157348471544,0.2356642574930688,0.006251477354085603
783,32.304835958589045,0.09826996193602261,wifi,0.23441992910665005,0.2287633944198707,0.005656534686779327
784,29.756918185161492,0.07088318040447485,wifi,0.2374467848655157,0.23162042725796372,0.005826357607551973
785,29.992077117519063,0.586850518256334,wifi,0.287092553934589,0.2807013093120703,0.006391244622518711
786,27.004614378809244,0.23322347476074984,wifi,0.23208717197807488,0.2266655750930986,0.0054215968849763
787,33.42250214836978,0.07471687753700407,wifi,0.21443763532785293,0.207926847149082,0.00651078817877095
788,33.68240949460236,0.07429233945988939,wifi,0.211931277375633,0.2061849186401549,0.0057463587354781055
789,24.63137718170034,0.5495529096950629,wifi,0.25991601337501397,0.2550115799039857,0.004904433471028247
79,30.096519750159352,0.028855263240042957,wifi,0.19562808337663704,0.1906652590246992,0.004962824351937853
790,29.91849169950401,0.45445790304413664,wifi,0.28058845216380796,0.2738907499494888,0.006697702214319122
791,29.7564686565541,0.1439382827792845,wifi,0.2318390029358022,0.22706808088747474,0.004770922048327456
792,24.497538708022905,0.07645992613072469,wifi,0.19231509238767017,0.18833762581719293,0.003977466570477248
793,33.750880447091156,0.37055625910576473,wifi,0.261230429752332,0.25616653029999287,0.0050638994523391915
794,30.512216047314485,0.07162511554752676,wifi,0.20952353897484113,0.20327920217229706,0.006244336802544087
795,30.40532482094582,0.07173723723870251,wifi,0.21479665550868293,0.2073266869843781,0.007469968524304868
796,30.436484462654434,0.13285874079714052,wifi,0.230896298579578,0.22618749716657355,0.0047088014130044304
797,30.00410646686244,0.06775915830872595,wifi,0.2174099462524697,0.2121252285005581,0.005284717751911604
798,29.923133609433474,0.0747153700271276,wifi,0.2154421120122102,0.20972448394521903,0.005717628066991172
799,31.554538169415462,0.08162816347274446,wifi,0.21313466790015098,0.20758519286887167,0.0055494750312793245
8,29.682180517913274,0.07344457051207433,wifi,0.21116925022164057,0.203915892185587,0.007253358036053531
80,34.45810361544911,0.029756744928362357,wifi,0.19535921258876693,0.18972976993759413,0.0056294426511728
800,29.845677335601724,0.07374883723528078,wifi,0.12917018495880356,0.11217404981801446,0.016996135140789088
801,29.93792523631959,0.41931760136706325,wifi,0.2706479739126857,0.26469095542114146,0.005957018491544253
802,34.709261666794056,0.07652951611302164,wifi,0.21452295741911764,0.20861898601470588,0.0059039714044117645
803,34.49971269216452,0.09465073025786773,wifi,0.208522556355155,0.2033008975959661,0.005221658759188891
804,29.22526974336862,0.09094249679605008,wifi,0.2268979826540284,0.2188091943838862,0.008088788270142179
805,34.455364480503654,0.09459238203224365,wifi,0.22176811793233323,0.21578931465234474,0.005978803279988466
806,33.49628361374015,0.09326264477646583,wifi,0.22021212734129014,0.21378699770813497,0.006425129633155158
807,34.42866340445278,0.09725378997916459,wifi,0.22029429586660984,0.21429595499192824,0.005998340874681591
808,29.806897646133393,0.14576968229243523,wifi,0.22514759558355082,0.2200074986184909,0.005140096965059933
809,31.41830625226267,0.08468219065145793,wifi,0.22806117614754354,0.22200568719612288,0.006055488951420643
81,34.309769259345856,0.03204719890969513,wifi,0.19575384548878175,0.18860960060147108,0.007144244887310675
810,32.737945109001245,0.10236302213967013,wifi,0.22135049904624932,0.2160821581863598,0.005268340859889486
811,34.31359324686203,0.16090824298923942,wifi,0.221050795896651,0.21473126764330747,0.006319528253343536
812,33.95019309120553,0.40521657603071676,wifi,0.2763635223557696,0.2711790923648821,0.0051844299908875525
813,30.9819061557174,0.2919019880360421,wifi,0.2706433853035644,0.26618802463768115,0.004455360665883274
814,33.2683309852878,0.08907212692185994,wifi,0.2166790622311279,0.2116185084830976,0.0050605537480303145
815,29.514270033603182,0.11135972518574774,wifi,0.2217870649720527,0.21530509285251562,0.006481972119537053
816,34.547935725243484,0.128422057841163,wifi,0.2263607766579968,0.22031676175261108,0.006044014905385735
817,33.79450188138466,0.06466285574115004,wifi,0.2129798067545218,0.20811538145007655,0.004864425304445274
818,32.977622109314765,0.06632709880504631,wifi,0.21173844266535638,0.20582917336561743,0.005909269299738962
819,34.25934388614589,0.13179064418177144,wifi,0.2216245660175531,0.2169890535736437,0.004635512443909379
82,34.9848754632993,0.03812273110416331,wifi,0.20072260770724507,0.19514293780921263,0.005579669898032457
820,33.03236037585587,0.09207480075275111,wifi,0.21751089411201652,0.2120029325365505,0.005507961575466025
821,33.64368143663968,0.15265481602161338,wifi,0.23411934544087432,0.22851852122960825,0.005600824211266043
822,35.29507030486315,0.061966359072492004,wifi,0.21688842416976123,0.2113231101538461,0.00556531401591512
823,30.01508810524154,0.08062734953549541,wifi,0.22837971598072893,0.2231754854580865,0.005204230522642427
824,30.094273208328307,0.33892940126486565,wifi,0.26739452317947426,0.26226279547226766,0.0051317277072066405
825,30.040249119495236,0.10585621268820664,wifi,0.21402334275778268,0.20860081655004814,0.005422526207734529
826,29.948952787741966,0.09113216810429182,wifi,0.21215797307399575,0.2067160829682875,0.0054418901057082456
827,33.72063435157191,0.13262716096536073,wifi,0.22071016035269414,0.21492350012148878,0.0057866602312053594
828,24.863149384098506,0.25325222894035654,wifi,0.2461370270782698,0.24198997231852365,0.004147054759746146
829,35.07174268506366,0.06359652612728307,wifi,0.20137997976311944,0.19670651062142527,0.004673469141694154
83,31.276682997195824,0.027717453288691917,wifi,0.19956521350760512,0.19222336506137128,0.007341848446233825
830,31.916939103662532,0.0,wifi,0.23805725922453727,0.23189510493617024,0.0061621542883670555
831,30.888101143401922,0.0,wifi,0.23164685229771195,0.2256752098942717,0.005971642403440249
832,34.63499363836543,0.0,wifi,0.2711286909881338,0.2659843967929302,0.005144294195203649
833,29.99529418463495,0.0,wifi,0.21088317964192688,0.2065824483898757,0.004300731252051198
834,29.946398098525844,0.0,wifi,0.21656003506585722,0.209233244097309,0.00732679096854822
835,30.178093175743978,0.0,wifi,0.212771669484732,0.2067289986942688,0.0060426707904632036
836,30.462011853921254,0.0,wifi,0.21843473763624977,0.21271736476133887,0.0057173728749108765
837,31.96181877516506,0.0,wifi,0.27969414228046013,0.2749254085323441,0.004768733748116087
838,34.11353989063649,0.0,wifi,0.2269136921589136,0.22145719677891654,0.005456495379997071
839,31.343736163753462,0.0,wifi,0.266698396284008,0.2613893565322612,0.0053090397517467506
84,33.63098702848127,0.03030532523880033,wifi,0.19538514717159286,0.18966300201907318,0.005722145152519647
840,34.37388869355313,0.0,wifi,0.23916376880858442,0.23345077021153493,0.005712998597049465
841,35.23892692968752,0.0,wifi,0.2714285767043151,0.2659854895802045,0.005443087124110559
842,28.2157110707875,0.0,wifi,0.22383268606813497,0.21853312496757452,0.00529956110056047
843,33.52794997954572,0.0,wifi,0.20619733926773048,0.20151100386178103,0.004686335405949452
844,32.0922555054186,0.0,wifi,0.2059376579918137,0.20195558456502485,0.003982073426788878
845,34.12098994585646,0.0,wifi,0.22359996435410434,0.2180864667549279,0.00551349759917644
846,30.022777208643365,0.0,wifi,0.21769526471228678,0.21260832079519337,0.005086943917093431
847,29.815687818186433,0.0,wifi,0.21559307680694947,0.21061128066964663,0.004981796137302859
848,29.841116204857787,0.0,wifi,0.21958756875070626,0.21445177894058512,0.005135789810121145
849,32.32925879507666,0.0,wifi,0.21219493367292225,0.20654280003829947,0.0056521336346227495
85,30.65552089144719,0.07798050499500572,wifi,0.21074282599980365,0.20496467453337047,0.005778151466433204
850,32.32240648818804,0.0,wifi,0.2157241282369621,0.210396437797448,0.00532769043951412
851,33.042091792612396,0.0,wifi,0.21297285423144732,0.2080267181117751,0.004946136119672254
852,34.9660344682671,0.0,wifi,0.24760651084534613,0.24128955472504002,0.006316956120306104
853,34.762409247330254,0.0,wifi,0.20413996428128514,0.19899087435714793,0.005149089924137193
854,32.69110183904803,0.0,wifi,0.23203256325675314,0.22615692212443325,0.005875641132319884
855,33.51608611830946,0.0,wifi,0.2312564874468561,0.22571505390467664,0.005541433542179459
856,29.881384782235735,0.0,wifi,0.209679669106931,0.204012750423657,0.0056669186832740215
857,30.12357436147006,0.0,wifi,0.20898422746337675,0.20203603128371975,0.006948196179657033
858,29.986833205882604,0.0,wifi,0.2571036408149957,0.2511961175269807,0.005907523288015059
859,30.050416097272816,0.0,wifi,0.2096721521533698,0.20369569836929666,0.005976453784073128
86,31.26530891946346,0.08729646673348264,wifi,0.20837681193492888,0.201839165845456,0.006537646089472861
860,29.990974288099636,0.0,wifi,0.23023648740990654,0.22373791096241688,0.006498576447489682
861,30.547408835204262,0.0,wifi,0.24177503126796823,0.23524084406631066,0.006534187201657569
862,29.704943231703645,0.0,wifi,0.22871533519811613,0.22226394365025462,0.006451391547861506
863,30.054671345228382,0.0,wifi,0.21801519719605272,0.209640762400906,0.008374434795146704
864,32.16222718297802,0.0,wifi,0.276436147996219,0.27052316209160426,0.00591298590461479
865,30.09561450434125,0.0,wifi,0.24652946585940402,0.2399891586560317,0.0065403072033723185
866,30.92713922271642,0.0,wifi,0.21777025064321964,0.2128870914676037,0.004883159175615919
867,30.09216774284166,0.0,wifi,0.27215103604660634,0.26650976250305547,0.005641273543550884
868,28.257167594865777,0.0,wifi,0.21930772224088946,0.2141091388056217,0.005198583435267753
869,33.78692932601776,0.0,wifi,0.2640606341390229,0.2590182236173836,0.005042410521639331
87,33.57830893831413,0.18759476576297948,wifi,0.22577610378751345,0.2207306840078644,0.005045419779649071
870,30.60079620661992,0.0,wifi,0.264120719573602,0.2589745143535933,0.0051462052200087136
871,32.616301894819856,0.0,wifi,0.20620901016154622,0.20144950005714937,0.004759510104396861
872,32.87643833450487,0.0,wifi,0.26508930225962324,0.260041369870484,0.005047932389139243
873,30.17321506672677,0.0,wifi,0.2076476773012616,0.2007599731314487,0.006887704169812903
874,30.07065456598676,0.0,wifi,0.20860878968372248,0.20400003393773802,0.004608755745984434
875,30.026546122264865,0.0,wifi,0.20852553758819575,0.20353282708825687,0.004992710499938883
876,33.52273955754712,0.0,wifi,0.20254776167192573,0.19744192259292434,0.005105839079001381
877,32.34107254596754,0.0,wifi,0.20995602640378186,0.20473260227526038,0.005223424128521464
878,32.48222079456374,0.0,wifi,0.20669983038975456,0.20149584713799565,0.0052039832517589485
879,30.09761527623433,0.0,wifi,0.21172714013246088,0.2070700314709142,0.004657108661546675
88,31.16699102665857,0.030318647032424408,wifi,0.19643329966688622,0.18985039407131835,0.006582905595567868
880,29.97463424505389,0.0,wifi,0.22758589212696617,0.2216447454661507,0.005941146660815447
881,30.906655422633843,0.0,wifi,0.2104322517799353,0.20528287499408004,0.0051493767858552374
882,29.96362808194072,0.0,wifi,0.21335657118410617,0.20896014928836762,0.004396421895738554
883,30.67013979296737,0.0,wifi,0.22571667661087605,0.21971067618138426,0.006006000429491768
884,30.598626319627837,0.0,wifi,0.23754781462245306,0.2317787813184179,0.005769033304035158
885,30.11458316629998,0.0,wifi,0.21172545937148904,0.20676334098638083,0.004962118385108183
886,29.937386659523437,0.0,wifi,0.23224780615284826,0.22642019062087188,0.0058276155319763835
887,34.604261631016854,0.0,wifi,0.2104757500805614,0.2049875410290379,0.005488209051523506
888,34.68256029568814,0.0,wifi,0.2011188312649577,0.19563111474735817,0.005487716517599538
889,32.40049377711545,0.0,wifi,0.2068716444800349,0.1998790323415265,0.00699261213850837
89,30.05708527559445,0.031412593448195775,wifi,0.20157577503530075,0.19629645936983095,0.005279315665469802
890,29.839226858567706,0.0,wifi,0.24050588999836314,0.2338696054503982,0.006636284547964942
891,25.137350173485885,0.0,wifi,0.24293929430242214,0.237079305977092,0.005859988325330132
892,29.819217784009382,0.0,wifi,0.21432832878714878,0.20906235381967764,0.005265974967471144
893,30.60876602761982,0.0,wifi,0.257071808224833,0.2524398844327597,0.004631923792073292
894,32.77279552477283,0.0,wifi,0.2113410637118424,0.20620401124291649,0.0051370524689259124
895,30.47430670572409,0.0,wifi,0.22794652939499008,0.22234776491812375,0.005598764476866352
896,34.53492419676092,0.0,wifi,0.20525229297702854,0.19843593885765443,0.006816354119374127
897,33.67904555635608,0.0,wifi,0.21134417379655981,0.2056724865981684,0.00567168719839142
898,29.90244086258731,0.0,wifi,0.259379792453678,0.25144357575680915,0.00793621669686881
899,31.52751515574984,0.0,wifi,0.21536380409399883,0.21011677445717614,0.005247029636822683
9,33.47910981392202,0.02584892504041821,wifi,0.21032371876233788,0.20195378328075708,0.008369935481580814
90,29.740348852211923,0.14919996473645872,wifi,0.2093026220979353,0.20460193503809887,0.004700687059836418
900,31.335483229791166,0.221757007831735,wifi,0.1606910434661831,0.1551072184729349,0.005583824993248197
901,29.89585122551279,0.0728239842905713,wifi,0.21731261440300134,0.21108359824750067,0.006229016155500677
902,30.110403918252764,0.1469572116007924,wifi,0.22020246481931174,0.21552710414501203,0.004675360674299716
903,29.847989130657567,0.20007756548886266,wifi,0.2322685454135274,0.22694215969863357,0.005326385714893798
904,29.71233195621016,0.24811340997619596,wifi,0.25008289000409667,0.24446045165915609,0.005622438344940598
905,31.951504344892385,0.0851876321884389,wifi,0.21340594776113747,0.2087109781687204,0.004694969592417061
906,34.659975581268604,0.07637247157873253,wifi,0.21386802542806968,0.208835891782526,0.005032133645543685
907,30.058283110987432,0.2089982643653937,wifi,0.23883481022640302,0.23471179834128977,0.0041230118851132685
908,33.380786791280194,0.0792577184157658,wifi,0.21543655413085472,0.20959676990693615,0.005839784223918575
909,30.11714490961054,0.13665222956398826,wifi,0.22933286435858563,0.22394248749129347,0.00539037686729217
91,30.056376051271606,0.0751739662874097,wifi,0.20955543563228693,0.2041670749370225,0.00538836069526444
910,34.12553076875528,0.09564041720307125,wifi,0.21615118450973764,0.21229466669136718,0.0038565178183704468
911,29.9649204584117,0.12699953618370838,wifi,0.22217903390012822,0.2180505168011253,0.004128517099002937
912,33.33785246079203,0.12803812138229703,wifi,0.22124724345326197,0.2162123604978192,0.005034882955442752
913,33.05663038733199,0.2565011285375704,wifi,0.24265223819288623,0.23777115176364183,0.004881086429244393
914,35.15232826953446,0.0927189793805133,wifi,0.21261315860716584,0.20736829646244917,0.005244862144716664
915,34.30772360231899,0.17189785216764925,wifi,0.22408881718556325,0.2194549977761575,0.004633819409405759
916,29.76487640310391,0.15124722639636232,wifi,0.22205558114006094,0.21674530510579967,0.0053102760342612415
917,29.731205271179856,0.07370619455257077,wifi,0.20913080594303668,0.2044109541573224,0.004719851785714285
918,29.856022193824863,0.07420851262825788,wifi,0.21856218797735213,0.21421621170140145,0.004345976275950688
919,29.90221396671217,0.08083953257410882,wifi,0.21506510832807302,0.20983606431847826,0.005229044009594747
92,33.06873811943947,0.04031677880131335,wifi,0.19629547420600696,0.19057192302673515,0.005723551179271813
920,29.8296518089969,0.0681140702885169,wifi,0.21605546671848155,0.21180040445062587,0.004255062267855682
921,30.0553164416362,0.11148257269247344,wifi,0.2193307669952999,0.21423722522138403,0.005093541773915894
922,33.71347173272415,0.11315384633903296,wifi,0.21995137421099484,0.21508111792659798,0.004870256284396846
923,33.92171346512737,0.33882448219532607,wifi,0.2694655454562591,0.26356489891380386,0.005900646542455261
924,26.426376719793993,0.10615023125356655,wifi,0.21680400882753986,0.21241018798854197,0.004393820838997863
925,34.47085527401195,0.2858921231185632,wifi,0.26092021551922795,0.2561767932449949,0.00474342227423304
926,31.097128153245375,0.3408256205450886,wifi,0.2781535546279689,0.27220412533824856,0.0059494292897203606
927,34.70928309480216,0.067999416569726,wifi,0.21243941290357501,0.20794700965607033,0.004492403247504701
928,29.6517220578614,0.19696997660382226,wifi,0.23141246981098992,0.2263974170778153,0.005015052733174637
929,24.58062979339718,0.07626696369283334,wifi,0.20215414580819943,0.1981264844225052,0.004027661385694249
93,30.049772978620876,0.10874028906390647,wifi,0.21069506014923936,0.2041788444685195,0.0065162156807198795
930,34.68572841325404,0.11691246473723865,wifi,0.22261110845920545,0.21819870548586542,0.004412402973340003
931,27.499673997585987,0.220491086568236,wifi,0.23799376156007426,0.2325207078527549,0.005473053707319396
932,28.40035504251706,0.13704166705568968,wifi,0.21951332871490228,0.21383966691122525,0.005673661803677043
933,33.46095052512717,0.19332621753055879,wifi,0.24276367537832957,0.23686567019583163,0.005898005182497963
934,30.073764496635732,0.0882221778486296,wifi,0.22263782452601164,0.2176741261821697,0.00496369834384195
935,29.973530150446344,0.11177885898602131,wifi,0.2099078358208955,0.20537617433853458,0.004531661482360922
936,33.38021831578709,0.0657561307489083,wifi,0.21225158476922504,0.20846418114249468,0.003787403626730345
937,34.514269676827986,0.3691450266599103,wifi,0.27030667547601056,0.2656806562632852,0.004626019212725406
938,30.961755003763795,0.10050861133749382,wifi,0.2199506575617462,0.21533253391078386,0.004618123650962333
939,29.93629270659082,0.09798678242326868,wifi,0.2146899702603738,0.2080498883165672,0.006640081943806621
94,33.87334115820501,0.034713138999433436,wifi,0.19895046045927717,0.19304161848751888,0.005908841971758287
940,25.234417278627546,0.08658071933566869,wifi,0.2168910453214489,0.21198806615906982,0.004902979162379089
941,35.02800448459566,0.07574273896095814,wifi,0.20608720870159522,0.20128676248614238,0.004800446215452823
942,29.906749360569194,0.1424044769511167,wifi,0.2210583201179671,0.21545308733642712,0.0056052327815400045
943,34.752792442136176,0.09194659696254284,wifi,0.2149332442574222,0.21017427191204383,0.0047589723453783615
944,32.94405750113459,0.21259211922389326,wifi,0.23696227648193652,0.23184437657637239,0.00511789990556416
945,24.451216282816507,0.07664436722998594,wifi,0.20219033942245723,0.19690051579243584,0.005289823630021379
946,33.40804278564352,0.33579497823263194,wifi,0.26637205872660846,0.2613653907403265,0.005006667986281965
947,31.317178126445736,0.09706688730786363,wifi,0.2223348164741138,0.21735250565829423,0.004982310815819565
948,30.04547098510231,0.2282303047737246,wifi,0.24378903143238284,0.23585941024679005,0.007929621185592796
949,32.4436429536151,0.06636212225236852,wifi,0.20733845561131384,0.2015466708333333,0.0057917847779805345
95,35.06167677296405,0.031263365043774374,wifi,0.1943387479409128,0.18894807143213838,0.005390676508774433
950,32.02522730893776,0.37340040976579225,wifi,0.2763257852968389,0.2719007286507325,0.0044250566461063985
951,30.007652339633523,0.06769643213031204,wifi,0.21454692180310136,0.2095135923554978,0.0050333294476035744
952,29.982071801677588,0.11434616735886058,wifi,0.2139385105776014,0.20928115124361987,0.004657359333981526
953,29.670649711469974,0.22544302416856662,wifi,0.23764749255630394,0.23241739768187425,0.005230094874429693
954,33.883797985868036,0.12412687626558735,wifi,0.22194851776253052,0.216993215201987,0.004955302560543522
955,25.148470211816417,0.09296736462727101,wifi,0.21708950511736103,0.21247332719390996,0.0046161779234510465
956,29.905729648247323,0.2443726699183983,wifi,0.24344199213089115,0.23724002217135381,0.006201969959537336
957,30.0155734598068,0.1093190508052056,wifi,0.2185689905491698,0.21284609829852094,0.005722892250648868
958,30.638173872544233,0.0788938665227072,wifi,0.21939409823052664,0.21401935533934316,0.005374742891183479
959,28.000298479103012,0.08079678156603971,wifi,0.20445287771589046,0.2001627334893517,0.004290144226538732
96,32.703389059692974,0.03601385158737604,wifi,0.19678494311601116,0.19163014565796482,0.005154797458046348
960,32.342669671558426,0.06408781405644934,wifi,0.21566274366954416,0.2101395825382402,0.005523161131303952
961,30.068571337481245,0.11584055527301199,wifi,0.22320092909847275,0.21803288506628865,0.005168044032184099
962,30.751496337471615,0.10646483553421726,wifi,0.2195654434280215,0.21375171305031448,0.005813730377707032
963,33.83246865351233,0.0981670901409438,wifi,0.20714646882080867,0.20307998248197004,0.004066486338838652
964,30.518958280543785,0.09998883225137485,wifi,0.21511861917365707,0.2093073380312415,0.005811281142415597
965,29.788803541334165,0.22192082977844638,wifi,0.22985629232343038,0.22375994423937598,0.006096348084054387
966,30.00878199475031,0.14011321754863462,wifi,0.21645663288187142,0.2112806508576004,0.005175982024271026
967,33.75491997834349,0.18914697484385282,wifi,0.2405216500877232,0.2334610276132372,0.007060622474486022
968,33.974813752154766,0.06191042032913565,wifi,0.20870989755445168,0.20202520714020908,0.006684690414242597
969,30.090906505474535,0.07283712106184806,wifi,0.20620663491881194,0.20099312322207907,0.005213511696732895
97,31.99111794174877,0.0906167457254397,wifi,0.21202732410793332,0.2069207192193695,0.0051066048885638395
970,29.78717609506417,0.21397405983228265,wifi,0.2286995517259078,0.22208296197442143,0.006616589751486376
971,30.00263100474373,0.1816052731888251,wifi,0.23710411546720475,0.22966521344483756,0.007438902022367176
972,32.03317222702331,0.0823787285660661,wifi,0.20439930717300234,0.1993598828695787,0.0050394243034236185
973,33.08971665811889,0.12480203570998986,wifi,0.21903589533791032,0.214219337932586,0.004816557405324335
974,29.892203297281913,0.12421496545681619,wifi,0.2126452626884502,0.2065455174012125,0.006099745287237702
975,34.00233302322618,0.09851182851811806,wifi,0.20979608701831176,0.205756192587085,0.004039894431226766
976,33.89695688114986,0.34399967055698855,wifi,0.25666572219642525,0.25278257624470235,0.003883145951722867
977,33.703717091709535,0.07636810482939661,wifi,0.20322167147656017,0.1986349071588534,0.0045867643177067785
978,34.15820285162537,0.18229466073048115,wifi,0.22532762465839684,0.21908676324014964,0.006240861418247185
979,29.16320446560479,0.09618929234297456,wifi,0.20284876589189194,0.1974228007747748,0.005425965117117117
98,33.776185571984165,0.2691897810847409,wifi,0.24242126334134953,0.23747826824125773,0.004942995100091827
980,29.644230695568154,0.22679711506243033,wifi,0.2353355430457375,0.2289847331955567,0.006350809850180816
981,30.061738040136962,0.10636464184907894,wifi,0.2198546295930108,0.21459454932166652,0.005260080271344278
982,29.918399076552426,0.3226759886215292,wifi,0.2569547266784433,0.25223288316944326,0.00472184350900004
983,32.199808506521755,0.1402108027780842,wifi,0.22149081562795753,0.21672030988917634,0.004770505738781184
984,30.78213603381268,0.09120481427657005,wifi,0.2169286786738943,0.2125522226397184,0.0043764560341758635
985,31.04149624995432,0.1954450246582082,wifi,0.23498571156159992,0.22963941674382107,0.0053462948177788235
986,25.13037711128299,0.22913412618128529,wifi,0.2278883563178032,0.2214363873676486,0.00645196895015462
987,30.269260573083287,0.0722485438558976,wifi,0.20751953964568484,0.20172322566631348,0.005796313979371356
988,27.965240709386872,0.2068947326478011,wifi,0.2351035714875839,0.22923997669811763,0.005863594789466272
989,29.980959213425063,0.248849976643148,wifi,0.242188337416452,0.23598288482109545,0.006205452595356551
99,35.39601001588519,0.04205889305975127,wifi,0.19928115501997712,0.19382562468543169,0.005455530334545454
990,31.83392002471865,0.3196775638092325,wifi,0.2527969687457778,0.2471903903228304,0.0056065784229473925
991,31.05357965575471,0.20403641287859803,wifi,0.23419283869054022,0.22871402364939364,0.005478815041146592
992,25.249433128239946,0.11111397969810843,wifi,0.21267352141942036,0.20665382850409839,0.006019692915321961
993,29.341490873862675,0.14209785787381576,wifi,0.2220920186014881,0.21606582534602767,0.006026193255460437
994,30.63635373792801,0.1068135923743684,wifi,0.21804629040106088,0.2126607084456388,0.0053855819554220665
995,33.8793100900217,0.0645180493402013,wifi,0.20093499827944228,0.1960079935924058,0.004927004687036487
996,29.183915861739482,0.13867686636617016,wifi,0.21077162500614544,0.20613968730137414,0.004631937704771282
997,29.83144053646461,0.23208533934313696,wifi,0.2351060763336463,0.22870622479518476,0.006399851538461538
998,29.44912442700174,0.10580076863484592,wifi,0.20492079227112142,0.20007560324508225,0.004845189026039168
999,29.668440473426198,0.10507178504350968,wifi,0.21037163084049437,0.20373432673973785,0.0066373041007565334
