scenario_id,sample_idx,seed_idx,seed,tte_h,min_headroom_margin,status
S4_mixed_day,0,0,1007000000,12.380555555555556,0.9315513835469361,cutoff
S4_mixed_day,0,1,1007000001,12.363888888888889,0.9314520268883995,cutoff
S4_mixed_day,0,2,1007000002,12.410265230462372,0.9316347145313407,cutoff
S4_mixed_day,0,3,1007000003,12.36197619190325,0.9309497118371965,cutoff
S4_mixed_day,0,4,1007000004,12.41886942346396,0.9309342838852322,cutoff
S4_mixed_day,0,5,1007000005,12.361723466304815,0.9313614687698786,cutoff
S4_mixed_day,0,6,1007000006,12.399965777456654,0.9312326531910884,cutoff
S4_mixed_day,0,7,1007000007,12.330555555555556,0.9320283120654906,cutoff
S4_mixed_day,1,0,1007010000,12.691666666666666,0.9472085226646225,soc_min
S4_mixed_day,1,1,1007010001,12.697222222222223,0.9462469563416914,soc_min
S4_mixed_day,1,2,1007010002,12.719444444444445,0.9477623134845932,soc_min
S4_mixed_day,1,3,1007010003,12.655555555555555,0.9474655735409986,soc_min
S4_mixed_day,1,4,1007010004,12.73611111111111,0.9472708469580097,soc_min
S4_mixed_day,1,5,1007010005,12.747222222222222,0.9463618773778144,soc_min
S4_mixed_day,1,6,1007010006,12.702777777777778,0.9472165838735943,soc_min
S4_mixed_day,1,7,1007010007,12.719444444444445,0.9473540307539386,soc_min
S4_mixed_day,2,0,1007020000,9.527777777777779,0.929768449577565,soc_min
S4_mixed_day,2,1,1007020001,9.491666666666667,0.9297098228233247,soc_min
S4_mixed_day,2,2,1007020002,9.41388888888889,0.9294900072428617,soc_min
S4_mixed_day,2,3,1007020003,9.48611111111111,0.9285831356508776,soc_min
S4_mixed_day,2,4,1007020004,9.475,0.9291263784485002,soc_min
S4_mixed_day,2,5,1007020005,9.444444444444445,0.9284642869543548,soc_min
S4_mixed_day,2,6,1007020006,9.466666666666667,0.9285540043040037,soc_min
S4_mixed_day,2,7,1007020007,9.433333333333334,0.9296935658454399,soc_min
S4_mixed_day,3,0,1007030000,9.113888888888889,0.9493618407819301,soc_min
S4_mixed_day,3,1,1007030001,9.080555555555556,0.9497911077860448,soc_min
S4_mixed_day,3,2,1007030002,9.122222222222222,0.9494359568148489,soc_min
S4_mixed_day,3,3,1007030003,9.097222222222221,0.94910264473352,soc_min
S4_mixed_day,3,4,1007030004,9.088888888888889,0.9498725181303379,soc_min
S4_mixed_day,3,5,1007030005,9.127777777777778,0.9490044998739859,soc_min
S4_mixed_day,3,6,1007030006,9.052777777777777,0.9496012730011631,soc_min
S4_mixed_day,3,7,1007030007,9.108333333333333,0.9489869457845324,soc_min
S4_mixed_day,4,0,1007040000,12.278659255950942,0.9040917261494109,cutoff
S4_mixed_day,4,1,1007040001,12.125779787034297,0.9033785167074735,cutoff
S4_mixed_day,4,2,1007040002,12.232318379250518,0.9040912876625884,cutoff
S4_mixed_day,4,3,1007040003,12.17872110382447,0.9040254778436841,cutoff
S4_mixed_day,4,4,1007040004,12.295355498461877,0.9038091919267615,cutoff
S4_mixed_day,4,5,1007040005,12.191666666666666,0.9024944317541487,cutoff
S4_mixed_day,4,6,1007040006,12.210993619374223,0.9037280089905286,cutoff
S4_mixed_day,4,7,1007040007,12.242468195058713,0.90249480958151,cutoff
S4_mixed_day,5,0,1007050000,14.380327624917284,0.9389292997738694,cutoff
S4_mixed_day,5,1,1007050001,14.375,0.9393108343036802,cutoff
S4_mixed_day,5,2,1007050002,14.39078835035711,0.9397176499229225,cutoff
S4_mixed_day,5,3,1007050003,14.322222222222223,0.9387982310777762,cutoff
S4_mixed_day,5,4,1007050004,14.397661968802945,0.9393438718924482,cutoff
S4_mixed_day,5,5,1007050005,14.311475212081753,0.9385049463516342,cutoff
S4_mixed_day,5,6,1007050006,14.419110796245398,0.9392101185231552,cutoff
S4_mixed_day,5,7,1007050007,14.344598582279147,0.9386412515846966,cutoff
S4_mixed_day,6,0,1007060000,10.424125653950423,0.891177198690653,cutoff
S4_mixed_day,6,1,1007060001,10.530013649914741,0.8913280675055907,cutoff
S4_mixed_day,6,2,1007060002,10.494444444444444,0.8912464802092508,cutoff
S4_mixed_day,6,3,1007060003,10.515543577102807,0.8902404094554195,cutoff
S4_mixed_day,6,4,1007060004,10.436111111111112,0.8912407902496542,cutoff
S4_mixed_day,6,5,1007060005,10.499939022209889,0.8912383109028239,cutoff
S4_mixed_day,6,6,1007060006,10.536585567859442,0.8910855251437403,cutoff
S4_mixed_day,6,7,1007060007,10.523949672686834,0.8896843778524778,cutoff
S4_mixed_day,7,0,1007070000,10.088888888888889,0.9399845425144151,soc_min
S4_mixed_day,7,1,1007070001,10.13888888888889,0.9406548588235379,soc_min
S4_mixed_day,7,2,1007070002,10.202777777777778,0.9402496823147835,soc_min
S4_mixed_day,7,3,1007070003,10.025,0.9407655255392461,soc_min
S4_mixed_day,7,4,1007070004,10.088888888888889,0.9396526075153793,soc_min
S4_mixed_day,7,5,1007070005,10.108333333333333,0.9400384081203842,soc_min
S4_mixed_day,7,6,1007070006,10.077777777777778,0.9407932287097951,soc_min
S4_mixed_day,7,7,1007070007,10.091666666666667,0.9408120361071645,soc_min
S4_mixed_day,8,0,1007080000,12.488674928235708,0.9279585248098108,cutoff
S4_mixed_day,8,1,1007080001,12.382547405523733,0.9278801912065421,cutoff
S4_mixed_day,8,2,1007080002,12.461435259543132,0.9278900544176794,cutoff
S4_mixed_day,8,3,1007080003,12.452549117559292,0.9278991274259243,cutoff
S4_mixed_day,8,4,1007080004,12.438728331681638,0.9279909805986857,cutoff
S4_mixed_day,8,5,1007080005,12.411111111111111,0.9279593876475224,cutoff
S4_mixed_day,8,6,1007080006,12.433333333333334,0.9280569739321757,cutoff
S4_mixed_day,8,7,1007080007,12.477304200527998,0.9279433688754848,cutoff
S4_mixed_day,9,0,1007090000,10.297355369331543,0.8989330824053443,cutoff
S4_mixed_day,9,1,1007090001,10.287301927742634,0.8995590277358254,cutoff
S4_mixed_day,9,2,1007090002,10.388450049632361,0.9012676871495575,cutoff
S4_mixed_day,9,3,1007090003,10.333333333333334,0.9002010828219484,cutoff
S4_mixed_day,9,4,1007090004,10.340376090745506,0.8999181421970252,cutoff
S4_mixed_day,9,5,1007090005,10.319444444444445,0.9007950894339705,cutoff
S4_mixed_day,9,6,1007090006,10.304410027054372,0.9003443920654568,cutoff
S4_mixed_day,9,7,1007090007,10.32125720803115,0.9011621298113043,cutoff
S4_mixed_day,10,0,1007100000,12.75,0.9314651298296914,soc_min
S4_mixed_day,10,1,1007100001,12.683333333333334,0.9315201793591997,soc_min
S4_mixed_day,10,2,1007100002,12.775,0.9313522682146228,soc_min
S4_mixed_day,10,3,1007100003,12.744444444444444,0.9300480363259334,soc_min
S4_mixed_day,10,4,1007100004,12.813888888888888,0.9318975196154574,soc_min
S4_mixed_day,10,5,1007100005,12.8,0.9315042532686647,soc_min
S4_mixed_day,10,6,1007100006,12.766666666666667,0.9311326793606076,soc_min
S4_mixed_day,10,7,1007100007,12.76388888888889,0.9312357972782539,soc_min
S4_mixed_day,11,0,1007110000,17.65542395914436,0.9537550933522116,cutoff
S4_mixed_day,11,1,1007110001,17.65109198358401,0.9538360066783567,cutoff
S4_mixed_day,11,2,1007110002,17.5629000116865,0.9537529496444894,cutoff
S4_mixed_day,11,3,1007110003,17.5739239107954,0.953730304722499,cutoff
S4_mixed_day,11,4,1007110004,17.40843785209225,0.953668678248641,cutoff
S4_mixed_day,11,5,1007110005,17.562967311557752,0.9539476465805772,cutoff
S4_mixed_day,11,6,1007110006,17.5800500616698,0.9538556660647721,cutoff
S4_mixed_day,11,7,1007110007,17.697222222222223,0.9537763907640282,cutoff
S4_mixed_day,12,0,1007120000,18.554435974547328,0.9399484159529802,cutoff
S4_mixed_day,12,1,1007120001,18.613888888888887,0.9394527322361798,cutoff
S4_mixed_day,12,2,1007120002,18.627595166006913,0.9392481298343269,cutoff
S4_mixed_day,12,3,1007120003,18.60706913091008,0.9385140563140549,cutoff
S4_mixed_day,12,4,1007120004,18.6181685067627,0.9388810836548664,cutoff
S4_mixed_day,12,5,1007120005,18.578509367480606,0.9390626773818499,cutoff
S4_mixed_day,12,6,1007120006,18.625599375876202,0.9394447486177256,cutoff
S4_mixed_day,12,7,1007120007,18.621215565421377,0.9392445024714849,cutoff
S4_mixed_day,13,0,1007130000,18.14585828167133,0.9360548742859948,cutoff
S4_mixed_day,13,1,1007130001,18.24071626038345,0.9361072263051483,cutoff
S4_mixed_day,13,2,1007130002,18.286057072281366,0.9365954603640629,cutoff
S4_mixed_day,13,3,1007130003,18.294698277812692,0.9364256167715241,cutoff
S4_mixed_day,13,4,1007130004,18.234566194687865,0.9361175112081469,cutoff
S4_mixed_day,13,5,1007130005,18.22586106193098,0.9360788809598397,cutoff
S4_mixed_day,13,6,1007130006,18.1866998035206,0.9367838050940089,cutoff
S4_mixed_day,13,7,1007130007,18.15277777777778,0.9362195946652412,cutoff
S4_mixed_day,14,0,1007140000,11.072222222222223,0.9206154423706374,soc_min
S4_mixed_day,14,1,1007140001,11.061111111111112,0.9207211720094042,soc_min
S4_mixed_day,14,2,1007140002,11.119444444444444,0.9203270470137419,soc_min
S4_mixed_day,14,3,1007140003,11.127777777777778,0.9206375355220339,soc_min
S4_mixed_day,14,4,1007140004,11.102777777777778,0.9202798390393112,soc_min
S4_mixed_day,14,5,1007140005,11.083333333333334,0.9215636034738335,soc_min
S4_mixed_day,14,6,1007140006,11.11111111111111,0.9205961578150509,soc_min
S4_mixed_day,14,7,1007140007,11.03888888888889,0.921515601444083,soc_min
S4_mixed_day,15,0,1007150000,12.430555555555555,0.9253460650866348,soc_min
S4_mixed_day,15,1,1007150001,12.408333333333333,0.9254377441954011,soc_min
S4_mixed_day,15,2,1007150002,12.3,0.9242090698462531,soc_min
S4_mixed_day,15,3,1007150003,12.311111111111112,0.9253737603069945,soc_min
S4_mixed_day,15,4,1007150004,12.277777777777779,0.924856392191649,soc_min
S4_mixed_day,15,5,1007150005,12.291666666666666,0.9240910603804013,soc_min
S4_mixed_day,15,6,1007150006,12.322222222222223,0.925109846977676,soc_min
S4_mixed_day,15,7,1007150007,12.327777777777778,0.9247196679228321,soc_min
S4_mixed_day,16,0,1007160000,21.845313001315354,0.9411301647322342,cutoff
S4_mixed_day,16,1,1007160001,21.89413099746949,0.9396155077281438,cutoff
S4_mixed_day,16,2,1007160002,21.883333333333333,0.941176798575216,cutoff
S4_mixed_day,16,3,1007160003,21.91152771501474,0.9412504963409701,cutoff
S4_mixed_day,16,4,1007160004,21.913888888888888,0.9396753393216403,cutoff
S4_mixed_day,16,5,1007160005,21.872222222222224,0.9414010051103313,cutoff
S4_mixed_day,16,6,1007160006,21.84687419564753,0.9410715114062753,cutoff
S4_mixed_day,16,7,1007160007,21.96618918343272,0.9409508032784111,cutoff
S4_mixed_day,17,0,1007170000,11.281212294570121,0.9095855538981853,cutoff
S4_mixed_day,17,1,1007170001,11.30050765660505,0.9082181354237201,cutoff
S4_mixed_day,17,2,1007170002,11.239827155862807,0.9095633497371849,cutoff
S4_mixed_day,17,3,1007170003,11.370769662722171,0.9083932660273081,cutoff
S4_mixed_day,17,4,1007170004,11.33611111111111,0.9090385742990439,cutoff
S4_mixed_day,17,5,1007170005,11.367633521550468,0.9083113764890824,cutoff
S4_mixed_day,17,6,1007170006,11.338888888888889,0.908355490558345,cutoff
S4_mixed_day,17,7,1007170007,11.308333333333334,0.9095982136262843,cutoff
S4_mixed_day,18,0,1007180000,21.41264089625902,0.9519222401876668,cutoff
S4_mixed_day,18,1,1007180001,21.408333333333335,0.9517324527192793,cutoff
S4_mixed_day,18,2,1007180002,21.44536788440312,0.9516900364888823,cutoff
S4_mixed_day,18,3,1007180003,21.43085562981119,0.9515922115665597,cutoff
S4_mixed_day,18,4,1007180004,21.44059566163611,0.9517944501473399,cutoff
S4_mixed_day,18,5,1007180005,21.469806980683796,0.9524319240091103,cutoff
S4_mixed_day,18,6,1007180006,21.421035665117504,0.9520951148684724,cutoff
S4_mixed_day,18,7,1007180007,21.460964952971057,0.9519959627308224,cutoff
S4_mixed_day,19,0,1007190000,8.562158393928344,0.9018610663727815,cutoff
S4_mixed_day,19,1,1007190001,8.629655484623301,0.9028288567467421,cutoff
S4_mixed_day,19,2,1007190002,8.527777777777779,0.9027579403203004,cutoff
S4_mixed_day,19,3,1007190003,8.587129545964668,0.9011123935363649,cutoff
S4_mixed_day,19,4,1007190004,8.536111111111111,0.9024882674832324,cutoff
S4_mixed_day,19,5,1007190005,8.559037958632478,0.9016264372693777,cutoff
S4_mixed_day,19,6,1007190006,8.477777777777778,0.901522152764736,cutoff
S4_mixed_day,19,7,1007190007,8.544444444444444,0.9025365028729524,cutoff
S4_mixed_day,20,0,1007200000,13.93885965940245,0.9300383704588874,cutoff
S4_mixed_day,20,1,1007200001,13.91843638049642,0.930458028627775,cutoff
S4_mixed_day,20,2,1007200002,13.912671490199385,0.9301162254164129,cutoff
S4_mixed_day,20,3,1007200003,13.772222222222222,0.9300023094625979,cutoff
S4_mixed_day,20,4,1007200004,13.85,0.9299889535050906,cutoff
S4_mixed_day,20,5,1007200005,13.871472341009708,0.9303324722468251,cutoff
S4_mixed_day,20,6,1007200006,13.862605932153867,0.9300347906039134,cutoff
S4_mixed_day,20,7,1007200007,13.841245721052113,0.9302721486325306,cutoff
S4_mixed_day,21,0,1007210000,8.625,0.919060618672724,soc_min
S4_mixed_day,21,1,1007210001,8.683333333333334,0.919136964670452,soc_min
S4_mixed_day,21,2,1007210002,8.725,0.920240767178233,soc_min
S4_mixed_day,21,3,1007210003,8.713888888888889,0.9188605940574188,soc_min
S4_mixed_day,21,4,1007210004,8.675,0.9196116837650238,soc_min
S4_mixed_day,21,5,1007210005,8.708333333333334,0.9176864471471315,soc_min
S4_mixed_day,21,6,1007210006,8.73611111111111,0.9199447789354399,soc_min
S4_mixed_day,21,7,1007210007,8.691666666666666,0.9189361855650054,soc_min
S4_mixed_day,22,0,1007220000,16.27795471825055,0.9455650789226844,cutoff
S4_mixed_day,22,1,1007220001,16.215083225954206,0.9454029419981772,cutoff
S4_mixed_day,22,2,1007220002,16.321762589308452,0.9460194966429547,cutoff
S4_mixed_day,22,3,1007220003,16.279622005539046,0.9455740547724121,cutoff
S4_mixed_day,22,4,1007220004,16.305231331572998,0.9456427232318446,cutoff
S4_mixed_day,22,5,1007220005,16.31996654664227,0.9464703961932402,cutoff
S4_mixed_day,22,6,1007220006,16.30770139269889,0.9457969064538722,cutoff
S4_mixed_day,22,7,1007220007,16.311253299274238,0.9455671559192133,cutoff
S4_mixed_day,23,0,1007230000,16.79722222222222,0.9400855378971857,soc_min
S4_mixed_day,23,1,1007230001,16.802777777777777,0.9401442218482469,soc_min
S4_mixed_day,23,2,1007230002,16.81111111111111,0.940066196316429,soc_min
S4_mixed_day,23,3,1007230003,16.77777777777778,0.9400342954484245,soc_min
S4_mixed_day,23,4,1007230004,16.805555555555557,0.9411923986260905,soc_min
S4_mixed_day,23,5,1007230005,16.788888888888888,0.9402035560227043,soc_min
S4_mixed_day,23,6,1007230006,16.816666666666666,0.9403422612144688,soc_min
S4_mixed_day,23,7,1007230007,16.775,0.9408113798397463,soc_min
S4_mixed_day,24,0,1007240000,23.47125340802805,0.9379189782234555,cutoff
S4_mixed_day,24,1,1007240001,23.47813117824194,0.9391197744271832,cutoff
S4_mixed_day,24,2,1007240002,23.36797962422914,0.9385790709841392,cutoff
S4_mixed_day,24,3,1007240003,23.535464959014405,0.9386644592631359,cutoff
S4_mixed_day,24,4,1007240004,23.32213298406658,0.9386023926771219,cutoff
S4_mixed_day,24,5,1007240005,23.46388888888889,0.9388811567872521,cutoff
S4_mixed_day,24,6,1007240006,23.440366305422454,0.9387786861971148,cutoff
S4_mixed_day,24,7,1007240007,23.535992000420347,0.9387128650613824,cutoff
S4_mixed_day,25,0,1007250000,15.885681695485344,0.9479250898845658,cutoff
S4_mixed_day,25,1,1007250001,15.832385348652707,0.948553149144702,cutoff
S4_mixed_day,25,2,1007250002,15.802562261453394,0.9481747849334239,cutoff
S4_mixed_day,25,3,1007250003,15.880555555555556,0.9481784671153002,cutoff
S4_mixed_day,25,4,1007250004,15.826852785075646,0.9480410044319418,cutoff
S4_mixed_day,25,5,1007250005,15.940258317411994,0.9481015669095559,cutoff
S4_mixed_day,25,6,1007250006,15.775973785297197,0.9476321428251642,cutoff
S4_mixed_day,25,7,1007250007,15.82062323907924,0.9478051788319154,cutoff
S4_mixed_day,26,0,1007260000,12.866666666666667,0.9293503931988294,soc_min
S4_mixed_day,26,1,1007260001,12.927777777777777,0.9292511373962189,soc_min
S4_mixed_day,26,2,1007260002,12.869444444444444,0.9285043858460511,soc_min
S4_mixed_day,26,3,1007260003,12.9,0.9279954134468187,soc_min
S4_mixed_day,26,4,1007260004,12.863888888888889,0.9280483014608502,soc_min
S4_mixed_day,26,5,1007260005,12.893645056435954,0.9288450052590251,cutoff
S4_mixed_day,26,6,1007260006,12.908333333333333,0.9279812611242186,soc_min
S4_mixed_day,26,7,1007260007,12.886111111111111,0.9294226083062366,soc_min
S4_mixed_day,27,0,1007270000,13.272222222222222,0.9293367366427996,cutoff
S4_mixed_day,27,1,1007270001,13.355555555555556,0.9296025529320044,cutoff
S4_mixed_day,27,2,1007270002,13.33157304822598,0.9292267206526861,cutoff
S4_mixed_day,27,3,1007270003,13.378964097623895,0.9296299546050285,cutoff
S4_mixed_day,27,4,1007270004,13.41032841295718,0.9296062087664179,cutoff
S4_mixed_day,27,5,1007270005,13.417698549387767,0.9293388824701287,cutoff
S4_mixed_day,27,6,1007270006,13.376349919391224,0.9292708217438628,cutoff
S4_mixed_day,27,7,1007270007,13.365210719866377,0.9292684802845838,cutoff
S4_mixed_day,28,0,1007280000,18.47359293709697,0.9371804260152155,cutoff
S4_mixed_day,28,1,1007280001,18.435392030590993,0.935974423353582,cutoff
S4_mixed_day,28,2,1007280002,18.372222222222224,0.936687229487731,cutoff
S4_mixed_day,28,3,1007280003,18.441666666666666,0.9367079316228207,cutoff
S4_mixed_day,28,4,1007280004,18.41601023092837,0.9367986303094964,cutoff
S4_mixed_day,28,5,1007280005,18.45435626048209,0.9368005186026302,cutoff
S4_mixed_day,28,6,1007280006,18.526876883698325,0.9365564510762467,cutoff
S4_mixed_day,28,7,1007280007,18.396779660250154,0.9367210637031333,cutoff
S4_mixed_day,29,0,1007290000,15.130555555555556,0.9316098756713957,soc_min
S4_mixed_day,29,1,1007290001,15.097222222222221,0.9313195600944105,soc_min
S4_mixed_day,29,2,1007290002,15.094444444444445,0.9314922456960391,soc_min
S4_mixed_day,29,3,1007290003,15.041666666666666,0.9326426374485838,soc_min
S4_mixed_day,29,4,1007290004,15.102777777777778,0.9326698686923687,soc_min
S4_mixed_day,29,5,1007290005,15.125,0.9319131319412518,soc_min
S4_mixed_day,29,6,1007290006,15.15,0.9322102833499464,soc_min
S4_mixed_day,29,7,1007290007,15.141666666666667,0.932685824803451,soc_min
S4_mixed_day,30,0,1007300000,19.778906385350496,0.9382577752997998,cutoff
S4_mixed_day,30,1,1007300001,19.681506431624957,0.9382956078521792,cutoff
S4_mixed_day,30,2,1007300002,19.746769290052725,0.9378732535294418,cutoff
S4_mixed_day,30,3,1007300003,19.869627372293554,0.937966913599207,cutoff
S4_mixed_day,30,4,1007300004,19.785421058167437,0.9381601814789314,cutoff
S4_mixed_day,30,5,1007300005,19.87773863864794,0.9383169667833282,cutoff
S4_mixed_day,30,6,1007300006,19.68933867542093,0.9381461656289047,cutoff
S4_mixed_day,30,7,1007300007,19.7347251521615,0.9387851555423133,cutoff
S4_mixed_day,31,0,1007310000,11.625,0.9380478154771783,soc_min
S4_mixed_day,31,1,1007310001,11.605555555555556,0.9369725690945271,soc_min
S4_mixed_day,31,2,1007310002,11.597222222222221,0.9380063270883866,soc_min
S4_mixed_day,31,3,1007310003,11.613888888888889,0.9382656687922178,soc_min
S4_mixed_day,31,4,1007310004,11.627777777777778,0.9372372478212729,soc_min
S4_mixed_day,31,5,1007310005,11.602777777777778,0.9382040648715806,soc_min
S4_mixed_day,31,6,1007310006,11.613888888888889,0.9380656817614366,soc_min
S4_mixed_day,31,7,1007310007,11.627777777777778,0.9369989996193615,soc_min
S4_mixed_day,32,0,1007320000,8.463888888888889,0.8998749085665374,cutoff
S4_mixed_day,32,1,1007320001,8.388797621226058,0.8997135578586345,cutoff
S4_mixed_day,32,2,1007320002,8.413420717069968,0.9004854637567209,cutoff
S4_mixed_day,32,3,1007320003,8.400584055164515,0.9000225192893685,cutoff
S4_mixed_day,32,4,1007320004,8.375209769098982,0.9016045987760141,cutoff
S4_mixed_day,32,5,1007320005,8.497222222222222,0.9005291694318383,cutoff
S4_mixed_day,32,6,1007320006,8.418154675793632,0.9003121341857585,cutoff
S4_mixed_day,32,7,1007320007,8.377194270334066,0.899695423472015,cutoff
S4_mixed_day,33,0,1007330000,14.869444444444444,0.948152453929576,cutoff
S4_mixed_day,33,1,1007330001,14.841666666666667,0.9485922703003419,cutoff
S4_mixed_day,33,2,1007330002,14.888682368687768,0.9489992522271276,cutoff
S4_mixed_day,33,3,1007330003,14.828045224024521,0.9481974150058069,cutoff
S4_mixed_day,33,4,1007330004,14.941885409609073,0.948796124925652,cutoff
S4_mixed_day,33,5,1007330005,14.910361936533377,0.9486120006452919,cutoff
S4_mixed_day,33,6,1007330006,14.812902326058504,0.9485664304892659,cutoff
S4_mixed_day,33,7,1007330007,14.915385287585176,0.9486151659585189,cutoff
S4_mixed_day,34,0,1007340000,21.23135337368168,0.931868241430674,cutoff
S4_mixed_day,34,1,1007340001,21.177529660286858,0.9328015030772274,cutoff
S4_mixed_day,34,2,1007340002,21.299162719598776,0.9328756558721424,cutoff
S4_mixed_day,34,3,1007340003,21.2868145939275,0.9334132222862033,cutoff
S4_mixed_day,34,4,1007340004,21.269444444444446,0.9326270294188238,cutoff
S4_mixed_day,34,5,1007340005,21.28611111111111,0.9333115960091681,cutoff
S4_mixed_day,34,6,1007340006,21.19184450214156,0.9331602984784698,cutoff
S4_mixed_day,34,7,1007340007,21.247367663312453,0.9333713273808912,cutoff
S4_mixed_day,35,0,1007350000,11.59966725470566,0.9135208314849587,cutoff
S4_mixed_day,35,1,1007350001,11.631297832338856,0.9131211767292795,cutoff
S4_mixed_day,35,2,1007350002,11.649725833289482,0.9136620026795139,cutoff
S4_mixed_day,35,3,1007350003,11.628157827438063,0.913458746877424,cutoff
S4_mixed_day,35,4,1007350004,11.634531851219387,0.9129486248791006,cutoff
S4_mixed_day,35,5,1007350005,11.694396617145845,0.9133235271831743,cutoff
S4_mixed_day,35,6,1007350006,11.609620995253483,0.9127655822565119,cutoff
S4_mixed_day,35,7,1007350007,11.622222222222222,0.913428779669485,cutoff
S4_mixed_day,36,0,1007360000,23.230555555555554,0.9487117642983164,soc_min
S4_mixed_day,36,1,1007360001,23.269444444444446,0.9482916426439066,soc_min
S4_mixed_day,36,2,1007360002,23.183333333333334,0.9485618575002631,soc_min
S4_mixed_day,36,3,1007360003,23.26388888888889,0.9482149263525921,soc_min
S4_mixed_day,36,4,1007360004,23.36111111111111,0.9486105690045821,soc_min
S4_mixed_day,36,5,1007360005,23.21388888888889,0.9486010805125317,soc_min
S4_mixed_day,36,6,1007360006,23.302777777777777,0.9487127935244566,soc_min
S4_mixed_day,36,7,1007360007,23.27777777777778,0.9486679019688318,soc_min
S4_mixed_day,37,0,1007370000,9.088888888888889,0.8513325625181285,cutoff
S4_mixed_day,37,1,1007370001,9.035113466221862,0.8518078940632836,cutoff
S4_mixed_day,37,2,1007370002,9.08478181209572,0.8536093694598804,cutoff
S4_mixed_day,37,3,1007370003,9.025196330396248,0.8517621522095592,cutoff
S4_mixed_day,37,4,1007370004,9.03888888888889,0.8535490136202221,cutoff
S4_mixed_day,37,5,1007370005,9.059868616503948,0.8534789049432187,cutoff
S4_mixed_day,37,6,1007370006,9.045377682796738,0.8535520030018451,cutoff
S4_mixed_day,37,7,1007370007,9.126091923552456,0.8527030802222971,cutoff
S4_mixed_day,38,0,1007380000,15.02237129854569,0.9370344676583195,cutoff
S4_mixed_day,38,1,1007380001,14.901814624054948,0.937444506105406,cutoff
S4_mixed_day,38,2,1007380002,14.947578588427175,0.936681998503356,cutoff
S4_mixed_day,38,3,1007380003,14.90514221818424,0.9368667567710115,cutoff
S4_mixed_day,38,4,1007380004,14.958333333333334,0.9371457026200405,cutoff
S4_mixed_day,38,5,1007380005,14.870580963903958,0.9368629622299032,cutoff
S4_mixed_day,38,6,1007380006,14.872222222222222,0.9368805497599682,cutoff
S4_mixed_day,38,7,1007380007,14.952777777777778,0.937058879087724,cutoff
S4_mixed_day,39,0,1007390000,11.758333333333333,0.9204678559468731,cutoff
S4_mixed_day,39,1,1007390001,11.774518619683597,0.9196699495159059,cutoff
S4_mixed_day,39,2,1007390002,11.788119937573047,0.9205261369193346,cutoff
S4_mixed_day,39,3,1007390003,11.7912102030591,0.9205088472630572,cutoff
S4_mixed_day,39,4,1007390004,11.753588371852848,0.9205084738418531,cutoff
S4_mixed_day,39,5,1007390005,11.733858074204862,0.9197907762032087,cutoff
S4_mixed_day,39,6,1007390006,11.647222222222222,0.9204351081651575,cutoff
S4_mixed_day,39,7,1007390007,11.787986447040426,0.9195051506288712,cutoff
S4_mixed_day,40,0,1007400000,11.174166740734496,0.9405601476483357,cutoff
S4_mixed_day,40,1,1007400001,11.076026295144201,0.940669567885971,cutoff
S4_mixed_day,40,2,1007400002,11.116815919048715,0.9408168267736421,cutoff
S4_mixed_day,40,3,1007400003,11.117220278111777,0.9398505570087308,cutoff
S4_mixed_day,40,4,1007400004,11.136449249611054,0.9396311212674574,cutoff
S4_mixed_day,40,5,1007400005,11.130266707401367,0.9408037316700626,cutoff
S4_mixed_day,40,6,1007400006,11.125905718802464,0.9404901848792467,cutoff
S4_mixed_day,40,7,1007400007,11.112793740164001,0.940662943904671,cutoff
S4_mixed_day,41,0,1007410000,14.152865254822935,0.9320142226057616,cutoff
S4_mixed_day,41,1,1007410001,14.151396892933585,0.9317658592790987,cutoff
S4_mixed_day,41,2,1007410002,14.183386943069982,0.9312619940123332,cutoff
S4_mixed_day,41,3,1007410003,14.147135620517902,0.9311563526902932,cutoff
S4_mixed_day,41,4,1007410004,14.183129814973473,0.9312911770223623,cutoff
S4_mixed_day,41,5,1007410005,14.205815623786092,0.9309250320341194,cutoff
S4_mixed_day,41,6,1007410006,14.1484186797053,0.9318070787682837,cutoff
S4_mixed_day,41,7,1007410007,14.143167390190492,0.9311032051061006,cutoff
S4_mixed_day,42,0,1007420000,11.277777777777779,0.9547978468105432,soc_min
S4_mixed_day,42,1,1007420001,11.305555555555555,0.9550883483404926,soc_min
S4_mixed_day,42,2,1007420002,11.313888888888888,0.9555397955906515,soc_min
S4_mixed_day,42,3,1007420003,11.319444444444445,0.9548502124669176,soc_min
S4_mixed_day,42,4,1007420004,11.275,0.954776697271357,soc_min
S4_mixed_day,42,5,1007420005,11.341666666666667,0.9548297736907848,soc_min
S4_mixed_day,42,6,1007420006,11.280555555555555,0.9538251855288632,soc_min
S4_mixed_day,42,7,1007420007,11.319444444444445,0.9549771088686952,soc_min
S4_mixed_day,43,0,1007430000,12.588888888888889,0.9319999279110456,soc_min
S4_mixed_day,43,1,1007430001,12.55,0.9331592516711851,soc_min
S4_mixed_day,43,2,1007430002,12.608333333333333,0.9317994468816688,soc_min
S4_mixed_day,43,3,1007430003,12.65,0.9333406330414248,soc_min
S4_mixed_day,43,4,1007430004,12.58611111111111,0.933070555939008,soc_min
S4_mixed_day,43,5,1007430005,12.61111111111111,0.9331428403664748,soc_min
S4_mixed_day,43,6,1007430006,12.544444444444444,0.932856609296269,soc_min
S4_mixed_day,43,7,1007430007,12.552777777777777,0.9331214229203991,soc_min
S4_mixed_day,44,0,1007440000,9.722222222222221,0.9053535376810512,soc_min
S4_mixed_day,44,1,1007440001,9.705555555555556,0.9070453305976373,soc_min
S4_mixed_day,44,2,1007440002,9.716666666666667,0.9056601490187327,soc_min
S4_mixed_day,44,3,1007440003,9.813888888888888,0.9055434825688551,soc_min
S4_mixed_day,44,4,1007440004,9.669444444444444,0.9056672816801993,soc_min
S4_mixed_day,44,5,1007440005,9.819444444444445,0.9059895933966113,soc_min
S4_mixed_day,44,6,1007440006,9.847222222222221,0.90584199994046,soc_min
S4_mixed_day,44,7,1007440007,9.73611111111111,0.9058135201839962,soc_min
S4_mixed_day,45,0,1007450000,10.55,0.9363737902842422,soc_min
S4_mixed_day,45,1,1007450001,10.463888888888889,0.9361066082097569,soc_min
S4_mixed_day,45,2,1007450002,10.51388888888889,0.9367200165324266,cutoff
S4_mixed_day,45,3,1007450003,10.627777777777778,0.9365890654543144,soc_min
S4_mixed_day,45,4,1007450004,10.575,0.9364479337957549,soc_min
S4_mixed_day,45,5,1007450005,10.55,0.9365676759510542,soc_min
S4_mixed_day,45,6,1007450006,10.527777777777779,0.9363564490040092,soc_min
S4_mixed_day,45,7,1007450007,10.53888888888889,0.9363558098845474,soc_min
S4_mixed_day,46,0,1007460000,14.358333333333333,0.9313365619708881,cutoff
S4_mixed_day,46,1,1007460001,14.406625960514821,0.9315661233535908,cutoff
S4_mixed_day,46,2,1007460002,14.292038393633035,0.9311494136979575,cutoff
S4_mixed_day,46,3,1007460003,14.272820843589415,0.9311260145882618,cutoff
S4_mixed_day,46,4,1007460004,14.350751799117491,0.9314435155391324,cutoff
S4_mixed_day,46,5,1007460005,14.339098057075464,0.9301039793575455,cutoff
S4_mixed_day,46,6,1007460006,14.399593461578467,0.9312741022879882,cutoff
S4_mixed_day,46,7,1007460007,14.370146807963966,0.9313396208664946,cutoff
S4_mixed_day,47,0,1007470000,8.370259018840946,0.9143282784336343,cutoff
S4_mixed_day,47,1,1007470001,8.311111111111112,0.9147178919229294,cutoff
S4_mixed_day,47,2,1007470002,8.358534031807535,0.9152725715890753,cutoff
S4_mixed_day,47,3,1007470003,8.26487499801671,0.9150940773280455,cutoff
S4_mixed_day,47,4,1007470004,8.355555555555556,0.9138467362194799,cutoff
S4_mixed_day,47,5,1007470005,8.275,0.9151814819846401,cutoff
S4_mixed_day,47,6,1007470006,8.271055214393401,0.914785624235823,cutoff
S4_mixed_day,47,7,1007470007,8.29888310780818,0.9138469637549194,cutoff
S4_mixed_day,48,0,1007480000,10.063888888888888,0.922894032796075,soc_min
S4_mixed_day,48,1,1007480001,10.041666666666666,0.9223769837315208,soc_min
S4_mixed_day,48,2,1007480002,9.96111111111111,0.9230807123882677,soc_min
S4_mixed_day,48,3,1007480003,10.027777777777779,0.9224651428400006,soc_min
S4_mixed_day,48,4,1007480004,10.019444444444444,0.9228769049609251,soc_min
S4_mixed_day,48,5,1007480005,10.052777777777777,0.9232264013410761,soc_min
S4_mixed_day,48,6,1007480006,10.069444444444445,0.9223103445337979,soc_min
S4_mixed_day,48,7,1007480007,9.994444444444444,0.9227791798958821,soc_min
S4_mixed_day,49,0,1007490000,10.158333333333333,0.9208147526612578,soc_min
S4_mixed_day,49,1,1007490001,10.147222222222222,0.9208676576027538,soc_min
S4_mixed_day,49,2,1007490002,10.091666666666667,0.9204035655953761,soc_min
S4_mixed_day,49,3,1007490003,10.15,0.9199219493388519,soc_min
S4_mixed_day,49,4,1007490004,10.133333333333333,0.9208515398577718,soc_min
S4_mixed_day,49,5,1007490005,10.158333333333333,0.92083927769467,soc_min
S4_mixed_day,49,6,1007490006,10.080555555555556,0.9208331005615935,soc_min
S4_mixed_day,49,7,1007490007,10.097222222222221,0.9197087903115339,soc_min
S4_mixed_day,50,0,1007500000,12.472222222222221,0.9436083454130106,cutoff
S4_mixed_day,50,1,1007500001,12.417549672341694,0.9444252006594515,cutoff
S4_mixed_day,50,2,1007500002,12.437997087305405,0.944380285524787,cutoff
S4_mixed_day,50,3,1007500003,12.470861936854808,0.9444627578681883,cutoff
S4_mixed_day,50,4,1007500004,12.510875014201458,0.9445158772968606,cutoff
S4_mixed_day,50,5,1007500005,12.497302184716197,0.9446498579095026,cutoff
S4_mixed_day,50,6,1007500006,12.42578622014193,0.9434255822813984,cutoff
S4_mixed_day,50,7,1007500007,12.491666666666667,0.9444601727368144,cutoff
S4_mixed_day,51,0,1007510000,7.330555555555556,0.8889765571845558,cutoff
S4_mixed_day,51,1,1007510001,7.466306524111746,0.8891505033174772,cutoff
S4_mixed_day,51,2,1007510002,7.411111111111111,0.8893121308850854,cutoff
S4_mixed_day,51,3,1007510003,7.405555555555556,0.8877161616841673,cutoff
S4_mixed_day,51,4,1007510004,7.404942885832766,0.8891993888844882,cutoff
S4_mixed_day,51,5,1007510005,7.386681238300521,0.888092709981351,cutoff
S4_mixed_day,51,6,1007510006,7.419444444444444,0.8893143283741386,cutoff
S4_mixed_day,51,7,1007510007,7.366456033635492,0.8888297919055174,cutoff
S4_mixed_day,52,0,1007520000,19.344444444444445,0.9379387398049901,soc_min
S4_mixed_day,52,1,1007520001,19.302777777777777,0.9373123421617808,soc_min
S4_mixed_day,52,2,1007520002,19.413888888888888,0.9391074291022724,soc_min
S4_mixed_day,52,3,1007520003,19.344444444444445,0.9386984711480897,soc_min
S4_mixed_day,52,4,1007520004,19.341666666666665,0.9380981525422226,soc_min
S4_mixed_day,52,5,1007520005,19.352777777777778,0.9377995944870737,soc_min
S4_mixed_day,52,6,1007520006,19.375,0.9392310409564933,soc_min
S4_mixed_day,52,7,1007520007,19.46388888888889,0.9379417823896784,soc_min
S4_mixed_day,53,0,1007530000,14.680555555555555,0.9486434974039235,soc_min
S4_mixed_day,53,1,1007530001,14.630555555555556,0.9487532656027792,soc_min
S4_mixed_day,53,2,1007530002,14.647222222222222,0.9488937135474677,soc_min
S4_mixed_day,53,3,1007530003,14.636111111111111,0.9486681831033318,soc_min
S4_mixed_day,53,4,1007530004,14.602777777777778,0.948712958630009,soc_min
S4_mixed_day,53,5,1007530005,14.655555555555555,0.9485716352052295,soc_min
S4_mixed_day,53,6,1007530006,14.630555555555556,0.94846582590051,soc_min
S4_mixed_day,53,7,1007530007,14.66388888888889,0.9492025407498144,soc_min
S4_mixed_day,54,0,1007540000,11.241666666666667,0.9366034816313028,soc_min
S4_mixed_day,54,1,1007540001,11.219444444444445,0.9354698245096379,soc_min
S4_mixed_day,54,2,1007540002,11.186111111111112,0.9352569612343965,soc_min
S4_mixed_day,54,3,1007540003,11.180555555555555,0.9355241089225912,soc_min
S4_mixed_day,54,4,1007540004,11.188888888888888,0.9355301584725865,soc_min
S4_mixed_day,54,5,1007540005,11.183333333333334,0.9361728856291329,soc_min
S4_mixed_day,54,6,1007540006,11.186111111111112,0.9365353495960124,soc_min
S4_mixed_day,54,7,1007540007,11.152777777777779,0.9361664078978894,soc_min
S4_mixed_day,55,0,1007550000,9.016666666666667,0.8953814501365465,soc_min
S4_mixed_day,55,1,1007550001,9.052777777777777,0.8947871050593801,soc_min
S4_mixed_day,55,2,1007550002,9.047222222222222,0.8953930424838787,soc_min
S4_mixed_day,55,3,1007550003,9.063888888888888,0.8949019476118585,soc_min
S4_mixed_day,55,4,1007550004,9.0,0.8949931298074384,soc_min
S4_mixed_day,55,5,1007550005,9.022222222222222,0.8944397896337632,soc_min
S4_mixed_day,55,6,1007550006,9.022222222222222,0.8959262859315491,soc_min
S4_mixed_day,55,7,1007550007,9.052777777777777,0.8960283447801747,soc_min
S4_mixed_day,56,0,1007560000,10.502545449361351,0.9463755870052599,cutoff
S4_mixed_day,56,1,1007560001,10.434450336089823,0.9464098235510918,cutoff
S4_mixed_day,56,2,1007560002,10.412020497795726,0.9459210688546342,cutoff
S4_mixed_day,56,3,1007560003,10.467076897558911,0.9461548768874313,cutoff
S4_mixed_day,56,4,1007560004,10.477092711761182,0.9455101159493543,cutoff
S4_mixed_day,56,5,1007560005,10.470438096116311,0.9455646419639072,cutoff
S4_mixed_day,56,6,1007560006,10.475020541925582,0.9447787620530609,cutoff
S4_mixed_day,56,7,1007560007,10.431466238721665,0.9464151728133418,cutoff
S4_mixed_day,57,0,1007570000,9.241666666666667,0.879906512422711,cutoff
S4_mixed_day,57,1,1007570001,9.25175300067945,0.8814233431345725,cutoff
S4_mixed_day,57,2,1007570002,9.30173812182085,0.8810764843086443,cutoff
S4_mixed_day,57,3,1007570003,9.252777777777778,0.8787779170229146,cutoff
S4_mixed_day,57,4,1007570004,9.242091513230472,0.8814563871802745,cutoff
S4_mixed_day,57,5,1007570005,9.253324156395632,0.8797310094800611,cutoff
S4_mixed_day,57,6,1007570006,9.247222222222222,0.8817282850389813,cutoff
S4_mixed_day,57,7,1007570007,9.266666666666667,0.8801016943697727,cutoff
S4_mixed_day,58,0,1007580000,8.344492888902964,0.9146821621974862,cutoff
S4_mixed_day,58,1,1007580001,8.475660817463085,0.9150358875850141,cutoff
S4_mixed_day,58,2,1007580002,8.389780987241837,0.9153257691266529,cutoff
S4_mixed_day,58,3,1007580003,8.311111111111112,0.9147376312014251,cutoff
S4_mixed_day,58,4,1007580004,8.435252922180261,0.9148241176425975,cutoff
S4_mixed_day,58,5,1007580005,8.41274681911638,0.9143559100363708,cutoff
S4_mixed_day,58,6,1007580006,8.394302885968608,0.9154033402052719,cutoff
S4_mixed_day,58,7,1007580007,8.424995278210742,0.9147968631156622,cutoff
S4_mixed_day,59,0,1007590000,11.418893876245807,0.9055673153651987,cutoff
S4_mixed_day,59,1,1007590001,11.386268678328515,0.9070441435622935,cutoff
S4_mixed_day,59,2,1007590002,11.37464361438272,0.9070668710012602,cutoff
S4_mixed_day,59,3,1007590003,11.432887468276888,0.9064030167721848,cutoff
S4_mixed_day,59,4,1007590004,11.356455226906757,0.9058156988256136,cutoff
S4_mixed_day,59,5,1007590005,11.40931729747169,0.9042729005695261,cutoff
S4_mixed_day,59,6,1007590006,11.363623174059326,0.9062725119049859,cutoff
S4_mixed_day,59,7,1007590007,11.425,0.9071543227168698,cutoff
S4_mixed_day,60,0,1007600000,15.011111111111111,0.9137649696801488,soc_min
S4_mixed_day,60,1,1007600001,14.908333333333333,0.9140686429902058,soc_min
S4_mixed_day,60,2,1007600002,14.927777777777777,0.9141237016350142,soc_min
S4_mixed_day,60,3,1007600003,15.061111111111112,0.9153096019103968,soc_min
S4_mixed_day,60,4,1007600004,14.975,0.9140636296354234,soc_min
S4_mixed_day,60,5,1007600005,14.930555555555555,0.9147349620372358,soc_min
S4_mixed_day,60,6,1007600006,15.016666666666667,0.9143846947077711,soc_min
S4_mixed_day,60,7,1007600007,14.9,0.9149217897068791,soc_min
S4_mixed_day,61,0,1007610000,10.5,0.9489336140910825,soc_min
S4_mixed_day,61,1,1007610001,10.438888888888888,0.949824170313789,soc_min
S4_mixed_day,61,2,1007610002,10.377777777777778,0.9494077619269401,soc_min
S4_mixed_day,61,3,1007610003,10.430555555555555,0.949280034754866,soc_min
S4_mixed_day,61,4,1007610004,10.36111111111111,0.9490652029905257,soc_min
S4_mixed_day,61,5,1007610005,10.430555555555555,0.9490208572227503,soc_min
S4_mixed_day,61,6,1007610006,10.375,0.9489293232702783,soc_min
S4_mixed_day,61,7,1007610007,10.452777777777778,0.9491085309503061,soc_min
S4_mixed_day,62,0,1007620000,13.537794371420464,0.913955987647826,cutoff
S4_mixed_day,62,1,1007620001,13.543267121461863,0.9144409375601289,cutoff
S4_mixed_day,62,2,1007620002,13.407675329680885,0.9139777799956104,cutoff
S4_mixed_day,62,3,1007620003,13.431961306811742,0.9136924173438847,cutoff
S4_mixed_day,62,4,1007620004,13.459410412962542,0.9139232599026323,cutoff
S4_mixed_day,62,5,1007620005,13.422222222222222,0.9137251003353454,cutoff
S4_mixed_day,62,6,1007620006,13.477777777777778,0.9139291534419434,cutoff
S4_mixed_day,62,7,1007620007,13.393408449435048,0.9137299360315241,cutoff
S4_mixed_day,63,0,1007630000,13.073062929456668,0.9239163135663108,cutoff
S4_mixed_day,63,1,1007630001,13.015984270423541,0.9252147937425038,cutoff
S4_mixed_day,63,2,1007630002,13.060778137336092,0.9247045770779836,cutoff
S4_mixed_day,63,3,1007630003,13.041257071748893,0.9238032655794439,cutoff
S4_mixed_day,63,4,1007630004,13.065887229537099,0.9241368250266241,cutoff
S4_mixed_day,63,5,1007630005,13.013000378886304,0.9245650673418324,cutoff
S4_mixed_day,63,6,1007630006,13.054363133754197,0.9170517828735423,cutoff
S4_mixed_day,63,7,1007630007,13.08309733661932,0.9237382091424089,cutoff
S4_mixed_day,64,0,1007640000,14.761111111111111,0.9417690447215183,soc_min
S4_mixed_day,64,1,1007640001,14.775,0.9419421884176479,soc_min
S4_mixed_day,64,2,1007640002,14.755555555555556,0.9418114508546547,soc_min
S4_mixed_day,64,3,1007640003,14.813888888888888,0.9420992495703118,soc_min
S4_mixed_day,64,4,1007640004,14.713888888888889,0.9417414263194571,soc_min
S4_mixed_day,64,5,1007640005,14.83611111111111,0.9427142477339954,soc_min
S4_mixed_day,64,6,1007640006,14.719444444444445,0.9419926277491938,soc_min
S4_mixed_day,64,7,1007640007,14.813888888888888,0.9418523105185729,soc_min
S4_mixed_day,65,0,1007650000,21.091666666666665,0.9437711353026556,soc_min
S4_mixed_day,65,1,1007650001,21.15,0.943742944532009,soc_min
S4_mixed_day,65,2,1007650002,21.147222222222222,0.9436771950593001,soc_min
S4_mixed_day,65,3,1007650003,21.18888888888889,0.9438930914306323,soc_min
S4_mixed_day,65,4,1007650004,21.125,0.9437634738690277,soc_min
S4_mixed_day,65,5,1007650005,21.183333333333334,0.9434984257786971,soc_min
S4_mixed_day,65,6,1007650006,21.091666666666665,0.9439264867341561,soc_min
S4_mixed_day,65,7,1007650007,21.141666666666666,0.9436031857815335,soc_min
S4_mixed_day,66,0,1007660000,12.162152271217437,0.9502982990176072,cutoff
S4_mixed_day,66,1,1007660001,12.10979328219386,0.9506702003817975,cutoff
S4_mixed_day,66,2,1007660002,12.141479789575264,0.9502813241801704,cutoff
S4_mixed_day,66,3,1007660003,12.138340454218998,0.9512408906152798,cutoff
S4_mixed_day,66,4,1007660004,12.136125946559448,0.9501154087887679,cutoff
S4_mixed_day,66,5,1007660005,12.227381310403393,0.9507049169299742,cutoff
S4_mixed_day,66,6,1007660006,12.182585534484417,0.9502859310605366,cutoff
S4_mixed_day,66,7,1007660007,12.108333333333333,0.950370339511588,cutoff
S4_mixed_day,67,0,1007670000,13.811111111111112,0.9423760982264615,cutoff
S4_mixed_day,67,1,1007670001,13.76075613072729,0.9425725289996135,cutoff
S4_mixed_day,67,2,1007670002,13.704060122804911,0.9430456291042253,cutoff
S4_mixed_day,67,3,1007670003,13.720461599479343,0.9422762495830713,cutoff
S4_mixed_day,67,4,1007670004,13.770278940995274,0.9423254786013299,cutoff
S4_mixed_day,67,5,1007670005,13.782608348614524,0.9422946845426793,cutoff
S4_mixed_day,67,6,1007670006,13.73864097423475,0.9422673774071778,cutoff
S4_mixed_day,67,7,1007670007,13.815184975826192,0.9425746681464744,cutoff
S4_mixed_day,68,0,1007680000,18.528652846153,0.9478462236153214,cutoff
S4_mixed_day,68,1,1007680001,18.445563036679854,0.9485248566555281,cutoff
S4_mixed_day,68,2,1007680002,18.50086969108449,0.9482356635247517,cutoff
S4_mixed_day,68,3,1007680003,18.486446017074595,0.947573396862309,cutoff
S4_mixed_day,68,4,1007680004,18.544526933866145,0.9478501487909045,cutoff
S4_mixed_day,68,5,1007680005,18.43867768029314,0.9475098715902543,cutoff
S4_mixed_day,68,6,1007680006,18.372911367185377,0.9478397550539355,cutoff
S4_mixed_day,68,7,1007680007,18.52777777777778,0.9478008779090564,cutoff
S4_mixed_day,69,0,1007690000,9.302777777777777,0.926593404077367,soc_min
S4_mixed_day,69,1,1007690001,9.269444444444444,0.9263970791558412,soc_min
S4_mixed_day,69,2,1007690002,9.344444444444445,0.9263149416696332,soc_min
S4_mixed_day,69,3,1007690003,9.255555555555556,0.9251965221317037,soc_min
S4_mixed_day,69,4,1007690004,9.238888888888889,0.9251186302354343,soc_min
S4_mixed_day,69,5,1007690005,9.286111111111111,0.9257418928727459,soc_min
S4_mixed_day,69,6,1007690006,9.277777777777779,0.9265611782710458,soc_min
S4_mixed_day,69,7,1007690007,9.313888888888888,0.9256168867634088,soc_min
S4_mixed_day,70,0,1007700000,9.365913193580635,0.8901217495781768,cutoff
S4_mixed_day,70,1,1007700001,9.377777777777778,0.8909213233378067,cutoff
S4_mixed_day,70,2,1007700002,9.380072414148504,0.8910765826813879,cutoff
S4_mixed_day,70,3,1007700003,9.444490549567185,0.8917992646768619,cutoff
S4_mixed_day,70,4,1007700004,9.388540102879057,0.8917568195042043,cutoff
S4_mixed_day,70,5,1007700005,9.377946040534166,0.8910830372388568,cutoff
S4_mixed_day,70,6,1007700006,9.366325029058311,0.8843169833442198,cutoff
S4_mixed_day,70,7,1007700007,9.32840494501168,0.8907766916460126,cutoff
S4_mixed_day,71,0,1007710000,18.366666666666667,0.9285377052432684,soc_min
S4_mixed_day,71,1,1007710001,18.375,0.9285679338541133,soc_min
S4_mixed_day,71,2,1007710002,18.405555555555555,0.9288974219765112,soc_min
S4_mixed_day,71,3,1007710003,18.363888888888887,0.9287367899895499,soc_min
S4_mixed_day,71,4,1007710004,18.397222222222222,0.9289153919262545,soc_min
S4_mixed_day,71,5,1007710005,18.358333333333334,0.9288968095685738,soc_min
S4_mixed_day,71,6,1007710006,18.380555555555556,0.9295375150821243,soc_min
S4_mixed_day,71,7,1007710007,18.430555555555557,0.9293160924072231,soc_min
S4_mixed_day,72,0,1007720000,12.847222222222221,0.9369024204838682,soc_min
S4_mixed_day,72,1,1007720001,12.930555555555555,0.937000742967292,soc_min
S4_mixed_day,72,2,1007720002,12.952777777777778,0.9368655423775634,soc_min
S4_mixed_day,72,3,1007720003,12.838888888888889,0.9368638521428225,soc_min
S4_mixed_day,72,4,1007720004,12.930555555555555,0.9369872795973934,soc_min
S4_mixed_day,72,5,1007720005,13.01388888888889,0.9369244388627131,soc_min
S4_mixed_day,72,6,1007720006,12.947222222222223,0.9381121342333549,soc_min
S4_mixed_day,72,7,1007720007,13.0,0.937159056461557,soc_min
S4_mixed_day,73,0,1007730000,13.336828339602084,0.9429916507821638,cutoff
S4_mixed_day,73,1,1007730001,13.429142058628203,0.9421090744785613,cutoff
S4_mixed_day,73,2,1007730002,13.33639891932021,0.9430880525460335,cutoff
S4_mixed_day,73,3,1007730003,13.358754513240072,0.943012153209794,cutoff
S4_mixed_day,73,4,1007730004,13.432961557541645,0.9429860705999338,cutoff
S4_mixed_day,73,5,1007730005,13.410432041799481,0.9431354542093131,cutoff
S4_mixed_day,73,6,1007730006,13.42740284751919,0.9417996394152579,cutoff
S4_mixed_day,73,7,1007730007,13.337812761339196,0.9430341297217316,cutoff
S4_mixed_day,74,0,1007740000,13.790036350572697,0.9375521669225012,cutoff
S4_mixed_day,74,1,1007740001,13.797222222222222,0.9375100553244426,cutoff
S4_mixed_day,74,2,1007740002,13.811829639921381,0.9378562008184835,cutoff
S4_mixed_day,74,3,1007740003,13.863959939670679,0.9372983148761092,cutoff
S4_mixed_day,74,4,1007740004,13.791397740499702,0.9373145983295378,cutoff
S4_mixed_day,74,5,1007740005,13.909386206338228,0.9373312676186077,cutoff
S4_mixed_day,74,6,1007740006,13.744444444444444,0.9383602536589025,cutoff
S4_mixed_day,74,7,1007740007,13.877777777777778,0.9372738515825094,cutoff
S4_mixed_day,75,0,1007750000,7.329635325193912,0.9125109085989632,cutoff
S4_mixed_day,75,1,1007750001,7.373787099216281,0.9134038226829654,cutoff
S4_mixed_day,75,2,1007750002,7.331202947655183,0.9120335080126168,cutoff
S4_mixed_day,75,3,1007750003,7.396104300811669,0.9126799949048123,cutoff
S4_mixed_day,75,4,1007750004,7.375936899757735,0.9125359172314387,cutoff
S4_mixed_day,75,5,1007750005,7.317185869697774,0.9119039436326158,cutoff
S4_mixed_day,75,6,1007750006,7.311206446600474,0.9123645818374272,cutoff
S4_mixed_day,75,7,1007750007,7.382209874096326,0.9131261500470892,cutoff
S4_mixed_day,76,0,1007760000,16.194009411064414,0.9447031809772191,cutoff
S4_mixed_day,76,1,1007760001,16.173001021621403,0.9443429223514807,cutoff
S4_mixed_day,76,2,1007760002,16.163081043162695,0.9443293563533645,cutoff
S4_mixed_day,76,3,1007760003,16.26565157846588,0.9445239127065524,cutoff
S4_mixed_day,76,4,1007760004,16.145501103431968,0.9437990138352311,cutoff
S4_mixed_day,76,5,1007760005,16.180555555555557,0.9445998107308525,cutoff
S4_mixed_day,76,6,1007760006,16.188999579521127,0.9443328131318725,cutoff
S4_mixed_day,76,7,1007760007,16.150150717449872,0.9443639643154778,cutoff
S4_mixed_day,77,0,1007770000,14.906500803800226,0.9437501854708872,cutoff
S4_mixed_day,77,1,1007770001,14.902489963559644,0.9432399573260217,cutoff
S4_mixed_day,77,2,1007770002,14.884275596562407,0.9433214858242139,cutoff
S4_mixed_day,77,3,1007770003,14.814124690956032,0.9436025061882494,cutoff
S4_mixed_day,77,4,1007770004,14.874671152594965,0.9431927833197307,cutoff
S4_mixed_day,77,5,1007770005,14.882775660618861,0.9434159272563315,cutoff
S4_mixed_day,77,6,1007770006,14.852777777777778,0.9435731351468299,cutoff
S4_mixed_day,77,7,1007770007,14.839322361688627,0.942984542174866,cutoff
S4_mixed_day,78,0,1007780000,14.38888888888889,0.9351324249435919,cutoff
S4_mixed_day,78,1,1007780001,14.395562913698388,0.9352313285397372,cutoff
S4_mixed_day,78,2,1007780002,14.393917209053846,0.9351816120886793,cutoff
S4_mixed_day,78,3,1007780003,14.377249502206817,0.9354064758045382,cutoff
S4_mixed_day,78,4,1007780004,14.308406161733695,0.9357409050704807,cutoff
S4_mixed_day,78,5,1007780005,14.413894089923073,0.9363747610907681,cutoff
S4_mixed_day,78,6,1007780006,14.433745019384176,0.936409319030028,cutoff
S4_mixed_day,78,7,1007780007,14.356423927582595,0.9354910829131019,cutoff
S4_mixed_day,79,0,1007790000,15.35,0.9249562049837367,soc_min
S4_mixed_day,79,1,1007790001,15.397222222222222,0.9247807440076479,soc_min
S4_mixed_day,79,2,1007790002,15.422222222222222,0.9247214350891563,soc_min
S4_mixed_day,79,3,1007790003,15.36111111111111,0.9246194538271862,soc_min
S4_mixed_day,79,4,1007790004,15.311111111111112,0.9242574371258198,soc_min
S4_mixed_day,79,5,1007790005,15.366666666666667,0.9247872588984632,soc_min
S4_mixed_day,79,6,1007790006,15.347222222222221,0.9249036532142664,soc_min
S4_mixed_day,79,7,1007790007,15.322222222222223,0.92441044343999,soc_min
S4_mixed_day,80,0,1007800000,17.626126769703248,0.9424959474189307,cutoff
S4_mixed_day,80,1,1007800001,17.602777777777778,0.9426935484134685,cutoff
S4_mixed_day,80,2,1007800002,17.55020686660848,0.942469681440985,cutoff
S4_mixed_day,80,3,1007800003,17.587376192632128,0.9422023582894161,cutoff
S4_mixed_day,80,4,1007800004,17.58258435177183,0.941286357783755,cutoff
S4_mixed_day,80,5,1007800005,17.525833830654413,0.9419048146694095,cutoff
S4_mixed_day,80,6,1007800006,17.624687386734767,0.9422512196882513,cutoff
S4_mixed_day,80,7,1007800007,17.569057929956827,0.9427747548899327,cutoff
S4_mixed_day,81,0,1007810000,10.488888888888889,0.9146901266595243,soc_min
S4_mixed_day,81,1,1007810001,10.491666666666667,0.9130078810504318,soc_min
S4_mixed_day,81,2,1007810002,10.48611111111111,0.9133083413623334,soc_min
S4_mixed_day,81,3,1007810003,10.516666666666667,0.9133111677719057,soc_min
S4_mixed_day,81,4,1007810004,10.45,0.9132115666635563,soc_min
S4_mixed_day,81,5,1007810005,10.411111111111111,0.9135597573031478,soc_min
S4_mixed_day,81,6,1007810006,10.430555555555555,0.91327841046383,soc_min
S4_mixed_day,81,7,1007810007,10.4,0.9132391497928154,soc_min
S4_mixed_day,82,0,1007820000,11.898371390598086,0.9442060475811475,cutoff
S4_mixed_day,82,1,1007820001,11.940440634851575,0.9439951352069856,cutoff
S4_mixed_day,82,2,1007820002,11.91004982609013,0.944355864623851,cutoff
S4_mixed_day,82,3,1007820003,11.859896871922677,0.9441120760346143,cutoff
S4_mixed_day,82,4,1007820004,11.977072641901309,0.9433678445175685,cutoff
S4_mixed_day,82,5,1007820005,11.889860994348323,0.9451370784260075,cutoff
S4_mixed_day,82,6,1007820006,11.93549848155605,0.9439076084524847,cutoff
S4_mixed_day,82,7,1007820007,11.913809703876812,0.9439220603777577,cutoff
S4_mixed_day,83,0,1007830000,13.882031405546416,0.9509672205329204,cutoff
S4_mixed_day,83,1,1007830001,13.922645856870727,0.9498726066701808,cutoff
S4_mixed_day,83,2,1007830002,13.906389892692582,0.9503483596454121,cutoff
S4_mixed_day,83,3,1007830003,13.885181356557869,0.9500581162044901,cutoff
S4_mixed_day,83,4,1007830004,13.858333333333333,0.9511983930370029,cutoff
S4_mixed_day,83,5,1007830005,13.898488859818377,0.9501064233262583,cutoff
S4_mixed_day,83,6,1007830006,13.883290478349874,0.9504859347398013,cutoff
S4_mixed_day,83,7,1007830007,13.90933294766201,0.9500614652083138,cutoff
S4_mixed_day,84,0,1007840000,12.73611111111111,0.9325667212176442,soc_min
S4_mixed_day,84,1,1007840001,12.78888888888889,0.9324236966283218,soc_min
S4_mixed_day,84,2,1007840002,12.777777777777779,0.9274568241207592,soc_min
S4_mixed_day,84,3,1007840003,12.702777777777778,0.9323982649836681,soc_min
S4_mixed_day,84,4,1007840004,12.713888888888889,0.9323280181959571,soc_min
S4_mixed_day,84,5,1007840005,12.713888888888889,0.9325770266063886,soc_min
S4_mixed_day,84,6,1007840006,12.727777777777778,0.9324605457326207,soc_min
S4_mixed_day,84,7,1007840007,12.702777777777778,0.9323340279692994,soc_min
S4_mixed_day,85,0,1007850000,11.944255458105014,0.9207006750691835,cutoff
S4_mixed_day,85,1,1007850001,11.986585610666706,0.9202318834962552,cutoff
S4_mixed_day,85,2,1007850002,11.946361364341398,0.9208884438955907,cutoff
S4_mixed_day,85,3,1007850003,12.083383166734729,0.9213676189665333,cutoff
S4_mixed_day,85,4,1007850004,12.038995645933882,0.9216319964784299,cutoff
S4_mixed_day,85,5,1007850005,12.0077859892659,0.9222235883278258,cutoff
S4_mixed_day,85,6,1007850006,12.019444444444444,0.9216174531300126,cutoff
S4_mixed_day,85,7,1007850007,12.005555555555556,0.9212911237586009,cutoff
S4_mixed_day,86,0,1007860000,13.657569874745922,0.9275572069917509,cutoff
S4_mixed_day,86,1,1007860001,13.740515827033873,0.9275938064227055,cutoff
S4_mixed_day,86,2,1007860002,13.703815878119224,0.927250269586788,cutoff
S4_mixed_day,86,3,1007860003,13.659349555122546,0.9269184123260433,cutoff
S4_mixed_day,86,4,1007860004,13.65,0.927220685123874,cutoff
S4_mixed_day,86,5,1007860005,13.641196160477833,0.9274312086113473,cutoff
S4_mixed_day,86,6,1007860006,13.674126811556722,0.9272779022807257,cutoff
S4_mixed_day,86,7,1007860007,13.647222222222222,0.9273686688618825,cutoff
S4_mixed_day,87,0,1007870000,9.880555555555556,0.901137484555398,soc_min
S4_mixed_day,87,1,1007870001,9.877777777777778,0.9008791915596596,soc_min
S4_mixed_day,87,2,1007870002,9.894444444444444,0.9015181510945732,soc_min
S4_mixed_day,87,3,1007870003,9.841666666666667,0.902292956210204,soc_min
S4_mixed_day,87,4,1007870004,9.883333333333333,0.9022681202700243,soc_min
S4_mixed_day,87,5,1007870005,9.930555555555555,0.9011406898180506,soc_min
S4_mixed_day,87,6,1007870006,9.786111111111111,0.9011253330927718,soc_min
S4_mixed_day,87,7,1007870007,9.880555555555556,0.901272202754814,soc_min
S4_mixed_day,88,0,1007880000,12.41388888888889,0.9391135767344716,soc_min
S4_mixed_day,88,1,1007880001,12.394444444444444,0.9386451884454835,soc_min
S4_mixed_day,88,2,1007880002,12.427777777777777,0.9381867397148198,soc_min
S4_mixed_day,88,3,1007880003,12.416666666666666,0.9392121744657328,soc_min
S4_mixed_day,88,4,1007880004,12.463888888888889,0.9392209691944147,soc_min
S4_mixed_day,88,5,1007880005,12.433333333333334,0.938773130198353,soc_min
S4_mixed_day,88,6,1007880006,12.402777777777779,0.938808243686002,soc_min
S4_mixed_day,88,7,1007880007,12.433333333333334,0.9381068574121662,soc_min
S4_mixed_day,89,0,1007890000,12.384241917570902,0.9138718416352926,cutoff
S4_mixed_day,89,1,1007890001,12.366666666666667,0.9132286121270418,cutoff
S4_mixed_day,89,2,1007890002,12.318880979986021,0.9141685740761653,cutoff
S4_mixed_day,89,3,1007890003,12.293989259898437,0.9126646740902804,cutoff
S4_mixed_day,89,4,1007890004,12.29422084969832,0.9133753194651749,cutoff
S4_mixed_day,89,5,1007890005,12.381530918961124,0.9140620140729827,cutoff
S4_mixed_day,89,6,1007890006,12.381688480314537,0.9138362786851694,cutoff
S4_mixed_day,89,7,1007890007,12.358556674938853,0.9142194880398823,cutoff
S4_mixed_day,90,0,1007900000,14.811111111111112,0.9095305450733806,soc_min
S4_mixed_day,90,1,1007900001,14.863888888888889,0.9100123924318768,soc_min
S4_mixed_day,90,2,1007900002,14.794444444444444,0.9100545690818008,soc_min
S4_mixed_day,90,3,1007900003,14.816666666666666,0.9095709856788559,soc_min
S4_mixed_day,90,4,1007900004,14.847222222222221,0.9105558930763068,soc_min
S4_mixed_day,90,5,1007900005,14.822222222222223,0.9096795491437089,soc_min
S4_mixed_day,90,6,1007900006,14.794444444444444,0.9102127427937258,soc_min
S4_mixed_day,90,7,1007900007,14.811111111111112,0.9103042028254505,soc_min
S4_mixed_day,91,0,1007910000,10.733333333333333,0.9343527923266502,cutoff
S4_mixed_day,91,1,1007910001,10.674668827297234,0.9333774584332646,cutoff
S4_mixed_day,91,2,1007910002,10.711420534109182,0.9333694641640903,cutoff
S4_mixed_day,91,3,1007910003,10.656464550210684,0.9338574369802888,cutoff
S4_mixed_day,91,4,1007910004,10.692250315131995,0.9343119842759341,cutoff
S4_mixed_day,91,5,1007910005,10.668103455962509,0.9330934422187108,cutoff
S4_mixed_day,91,6,1007910006,10.667106585828769,0.9333559296800028,cutoff
S4_mixed_day,91,7,1007910007,10.689212050627221,0.9329876447046985,cutoff
S4_mixed_day,92,0,1007920000,12.194444444444445,0.9143034037207964,cutoff
S4_mixed_day,92,1,1007920001,12.19932495550951,0.9128973953153003,cutoff
S4_mixed_day,92,2,1007920002,12.167948180673006,0.9139685834678108,cutoff
S4_mixed_day,92,3,1007920003,12.166865368596692,0.9143540609766129,cutoff
S4_mixed_day,92,4,1007920004,12.178327458438984,0.9128345501875893,cutoff
S4_mixed_day,92,5,1007920005,12.225,0.912809372430528,cutoff
S4_mixed_day,92,6,1007920006,12.182304181541078,0.911198165350464,cutoff
S4_mixed_day,92,7,1007920007,12.149210787048776,0.9127049419440474,cutoff
S4_mixed_day,93,0,1007930000,11.227777777777778,0.9092085082167437,soc_min
S4_mixed_day,93,1,1007930001,11.205555555555556,0.9086804802159391,soc_min
S4_mixed_day,93,2,1007930002,11.272222222222222,0.9090467386825177,soc_min
S4_mixed_day,93,3,1007930003,11.319444444444445,0.9092024574319914,soc_min
S4_mixed_day,93,4,1007930004,11.166666666666666,0.9081627658600591,soc_min
S4_mixed_day,93,5,1007930005,11.244444444444444,0.909470445175812,soc_min
S4_mixed_day,93,6,1007930006,11.141666666666667,0.9082379292675172,soc_min
S4_mixed_day,93,7,1007930007,11.291666666666666,0.9085144416208887,soc_min
S4_mixed_day,94,0,1007940000,8.38888888888889,0.9048990244193859,cutoff
S4_mixed_day,94,1,1007940001,8.385597342413005,0.9064849386913492,cutoff
S4_mixed_day,94,2,1007940002,8.360919321245472,0.9069823312738698,cutoff
S4_mixed_day,94,3,1007940003,8.363716545559354,0.906683657433063,cutoff
S4_mixed_day,94,4,1007940004,8.398077059514199,0.9067515929712812,cutoff
S4_mixed_day,94,5,1007940005,8.366666666666667,0.9064142981316369,cutoff
S4_mixed_day,94,6,1007940006,8.410888662104334,0.9065136019266261,cutoff
S4_mixed_day,94,7,1007940007,8.41388888888889,0.9065939216582786,cutoff
S4_mixed_day,95,0,1007950000,12.930555555555555,0.9536353040940146,soc_min
S4_mixed_day,95,1,1007950001,12.877777777777778,0.9535906813956784,soc_min
S4_mixed_day,95,2,1007950002,12.85,0.9545475108382426,soc_min
S4_mixed_day,95,3,1007950003,12.88888888888889,0.9536257139853185,soc_min
S4_mixed_day,95,4,1007950004,12.894444444444444,0.9537179031386497,soc_min
S4_mixed_day,95,5,1007950005,12.91388888888889,0.9541418123905688,soc_min
S4_mixed_day,95,6,1007950006,12.894444444444444,0.9538390516343892,soc_min
S4_mixed_day,95,7,1007950007,12.936111111111112,0.9539954248675583,soc_min
S4_mixed_day,96,0,1007960000,16.580555555555556,0.9366777008773786,soc_min
S4_mixed_day,96,1,1007960001,16.497222222222224,0.9370900002836327,soc_min
S4_mixed_day,96,2,1007960002,16.533333333333335,0.934988900040912,soc_min
S4_mixed_day,96,3,1007960003,16.538888888888888,0.9369784914904228,soc_min
S4_mixed_day,96,4,1007960004,16.505555555555556,0.9346532988530843,soc_min
S4_mixed_day,96,5,1007960005,16.52777777777778,0.9363477609017593,soc_min
S4_mixed_day,96,6,1007960006,16.622222222222224,0.9375553775688855,soc_min
S4_mixed_day,96,7,1007960007,16.533333333333335,0.9363014930054718,soc_min
S4_mixed_day,97,0,1007970000,12.102547004618295,0.9442729879936982,cutoff
S4_mixed_day,97,1,1007970001,12.11754439034898,0.9432237100839064,cutoff
S4_mixed_day,97,2,1007970002,12.070062005270922,0.9435618065772742,cutoff
S4_mixed_day,97,3,1007970003,12.075472437316268,0.9441599771107054,cutoff
S4_mixed_day,97,4,1007970004,12.08185155597513,0.9432689950124652,cutoff
S4_mixed_day,97,5,1007970005,12.081423741325493,0.9441839196561316,cutoff
S4_mixed_day,97,6,1007970006,12.059207237466097,0.9437369987950389,cutoff
S4_mixed_day,97,7,1007970007,12.042639904289109,0.9432359085626109,cutoff
S4_mixed_day,98,0,1007980000,9.037816240568919,0.9401186108408518,cutoff
S4_mixed_day,98,1,1007980001,9.107937904656339,0.94046235194748,cutoff
S4_mixed_day,98,2,1007980002,9.094951124893484,0.9399259731858629,cutoff
S4_mixed_day,98,3,1007980003,9.07585016137793,0.9405350260390921,cutoff
S4_mixed_day,98,4,1007980004,9.029939330165073,0.9394403551512106,cutoff
S4_mixed_day,98,5,1007980005,9.028007493874492,0.940144438264455,cutoff
S4_mixed_day,98,6,1007980006,9.06011973476288,0.939661467624727,cutoff
S4_mixed_day,98,7,1007980007,8.988695781420073,0.9399744313341981,cutoff
S4_mixed_day,99,0,1007990000,11.276743766660044,0.9172324270838133,cutoff
S4_mixed_day,99,1,1007990001,11.252777777777778,0.9163930407244518,cutoff
S4_mixed_day,99,2,1007990002,11.299855347715758,0.9169682731000284,cutoff
S4_mixed_day,99,3,1007990003,11.266666666666667,0.9168454832983783,cutoff
S4_mixed_day,99,4,1007990004,11.232604972887646,0.9168721542397199,cutoff
S4_mixed_day,99,5,1007990005,11.222327875796756,0.9170728654409461,cutoff
S4_mixed_day,99,6,1007990006,11.219963312706192,0.9166405980267415,cutoff
S4_mixed_day,99,7,1007990007,11.262415814247314,0.9175999463641715,cutoff
S4_mixed_day,100,0,1008000000,16.140572680273234,0.9185182719476948,cutoff
S4_mixed_day,100,1,1008000001,16.127777777777776,0.9185515567221195,cutoff
S4_mixed_day,100,2,1008000002,16.022222222222222,0.9169925419120297,cutoff
S4_mixed_day,100,3,1008000003,16.090965878128333,0.9180494196692028,cutoff
S4_mixed_day,100,4,1008000004,16.09284807920005,0.9190347659720072,cutoff
S4_mixed_day,100,5,1008000005,16.10511802027529,0.918636445487953,cutoff
S4_mixed_day,100,6,1008000006,16.08065634500064,0.9188579825709072,cutoff
S4_mixed_day,100,7,1008000007,16.077441457795143,0.9179854241286911,cutoff
S4_mixed_day,101,0,1008010000,9.007399302810782,0.9080717216620229,cutoff
S4_mixed_day,101,1,1008010001,9.05429562092945,0.909012864068286,cutoff
S4_mixed_day,101,2,1008010002,8.977207478296696,0.9082671513157089,cutoff
S4_mixed_day,101,3,1008010003,9.064731629358407,0.9087070971900287,cutoff
S4_mixed_day,101,4,1008010004,9.061111111111112,0.9087380010886594,cutoff
S4_mixed_day,101,5,1008010005,8.958156759530853,0.9085858859898934,cutoff
S4_mixed_day,101,6,1008010006,9.021134082446181,0.9082418711304848,cutoff
S4_mixed_day,101,7,1008010007,9.001781289678265,0.9093699205736057,cutoff
S4_mixed_day,102,0,1008020000,17.677879322281907,0.9490246214759775,cutoff
S4_mixed_day,102,1,1008020001,17.69959202168989,0.949026300840363,cutoff
S4_mixed_day,102,2,1008020002,17.679312727032944,0.9490007361164401,cutoff
S4_mixed_day,102,3,1008020003,17.6,0.948869288647328,cutoff
S4_mixed_day,102,4,1008020004,17.689895353761976,0.9489182596427277,cutoff
S4_mixed_day,102,5,1008020005,17.67426959530844,0.9491431278984331,cutoff
S4_mixed_day,102,6,1008020006,17.656815431879384,0.9488739138440082,cutoff
S4_mixed_day,102,7,1008020007,17.676748756937876,0.9488271861741934,cutoff
S4_mixed_day,103,0,1008030000,21.47998767573486,0.9486679429453053,cutoff
S4_mixed_day,103,1,1008030001,21.418565462963436,0.9485285487663155,cutoff
S4_mixed_day,103,2,1008030002,21.4046761743905,0.9492460099213312,cutoff
S4_mixed_day,103,3,1008030003,21.513013906591755,0.9491846218536582,cutoff
S4_mixed_day,103,4,1008030004,21.463106643211844,0.9472977103031847,cutoff
S4_mixed_day,103,5,1008030005,21.374217362311704,0.9485602104642493,cutoff
S4_mixed_day,103,6,1008030006,21.517271985505424,0.9483746101601864,cutoff
S4_mixed_day,103,7,1008030007,21.4719858970397,0.9482776301766029,cutoff
S4_mixed_day,104,0,1008040000,13.894444444444444,0.9487978881099453,soc_min
S4_mixed_day,104,1,1008040001,13.933333333333334,0.9492521038292663,soc_min
S4_mixed_day,104,2,1008040002,13.863888888888889,0.9487657882360148,soc_min
S4_mixed_day,104,3,1008040003,13.863888888888889,0.949192166683764,soc_min
S4_mixed_day,104,4,1008040004,13.911111111111111,0.9486082876738297,soc_min
S4_mixed_day,104,5,1008040005,13.825,0.9487888518890205,soc_min
S4_mixed_day,104,6,1008040006,13.863888888888889,0.9482935261067997,soc_min
S4_mixed_day,104,7,1008040007,13.875,0.948271127285982,soc_min
S4_mixed_day,105,0,1008050000,9.544854282178555,0.91496847566517,cutoff
S4_mixed_day,105,1,1008050001,9.558095332924935,0.9149598566724614,cutoff
S4_mixed_day,105,2,1008050002,9.53888888888889,0.9139225828783047,cutoff
S4_mixed_day,105,3,1008050003,9.491666666666667,0.9136100874045476,cutoff
S4_mixed_day,105,4,1008050004,9.591666666666667,0.9143364627090337,cutoff
S4_mixed_day,105,5,1008050005,9.431143326656414,0.9148803526456367,cutoff
S4_mixed_day,105,6,1008050006,9.482509904724223,0.9140454838936948,cutoff
S4_mixed_day,105,7,1008050007,9.475,0.9138624800236037,cutoff
S4_mixed_day,106,0,1008060000,11.558333333333334,0.9265757071278694,soc_min
S4_mixed_day,106,1,1008060001,11.522222222222222,0.9271259957800918,soc_min
S4_mixed_day,106,2,1008060002,11.505555555555556,0.92793813165802,soc_min
S4_mixed_day,106,3,1008060003,11.51388888888889,0.927452824639562,soc_min
S4_mixed_day,106,4,1008060004,11.472222222222221,0.927168284370681,soc_min
S4_mixed_day,106,5,1008060005,11.51388888888889,0.9271855323975771,soc_min
S4_mixed_day,106,6,1008060006,11.502777777777778,0.9280423115410531,soc_min
S4_mixed_day,106,7,1008060007,11.46111111111111,0.9280706328157794,soc_min
S4_mixed_day,107,0,1008070000,14.691666666666666,0.9389942592325079,soc_min
S4_mixed_day,107,1,1008070001,14.769444444444444,0.9379013104908187,soc_min
S4_mixed_day,107,2,1008070002,14.761111111111111,0.9389539384736147,soc_min
S4_mixed_day,107,3,1008070003,14.694444444444445,0.9397838778035869,soc_min
S4_mixed_day,107,4,1008070004,14.8,0.9393672663273955,soc_min
S4_mixed_day,107,5,1008070005,14.725,0.93939953913435,soc_min
S4_mixed_day,107,6,1008070006,14.705555555555556,0.9387410180792695,soc_min
S4_mixed_day,107,7,1008070007,14.780555555555555,0.9389156263283231,soc_min
S4_mixed_day,108,0,1008080000,14.444444444444445,0.940765348913602,cutoff
S4_mixed_day,108,1,1008080001,14.406980461531875,0.9411591243806406,cutoff
S4_mixed_day,108,2,1008080002,14.474372210637714,0.9412330532306294,cutoff
S4_mixed_day,108,3,1008080003,14.441016256597262,0.9414029434408424,cutoff
S4_mixed_day,108,4,1008080004,14.39174104277453,0.9415015613722784,cutoff
S4_mixed_day,108,5,1008080005,14.38920026455714,0.9404167067472505,cutoff
S4_mixed_day,108,6,1008080006,14.393378107276817,0.9408289286739668,cutoff
S4_mixed_day,108,7,1008080007,14.406775916695366,0.9402393106916924,cutoff
S4_mixed_day,109,0,1008090000,15.363067843515122,0.9425343130590328,cutoff
S4_mixed_day,109,1,1008090001,15.35343459472502,0.9436626592827876,cutoff
S4_mixed_day,109,2,1008090002,15.352754459939904,0.9435325419222169,cutoff
S4_mixed_day,109,3,1008090003,15.357964050797234,0.943487622109218,cutoff
S4_mixed_day,109,4,1008090004,15.352649949239726,0.9435000984086825,cutoff
S4_mixed_day,109,5,1008090005,15.3,0.9433484926061102,cutoff
S4_mixed_day,109,6,1008090006,15.367709809598201,0.9435766445649122,cutoff
S4_mixed_day,109,7,1008090007,15.365715771926588,0.942958188142218,cutoff
S4_mixed_day,110,0,1008100000,8.53888888888889,0.9315052785861955,cutoff
S4_mixed_day,110,1,1008100001,8.573095546197155,0.9313262540363545,cutoff
S4_mixed_day,110,2,1008100002,8.558333333333334,0.9317344397738553,cutoff
S4_mixed_day,110,3,1008100003,8.552777777777777,0.9316107349384379,cutoff
S4_mixed_day,110,4,1008100004,8.61586605373797,0.9297251441082554,cutoff
S4_mixed_day,110,5,1008100005,8.602777777777778,0.9316367797405475,cutoff
S4_mixed_day,110,6,1008100006,8.587375279047686,0.9312941868284634,cutoff
S4_mixed_day,110,7,1008100007,8.5938464249797,0.9319546485078242,cutoff
S4_mixed_day,111,0,1008110000,10.450775942071761,0.9114509293646078,cutoff
S4_mixed_day,111,1,1008110001,10.374029257947882,0.9022190486546122,cutoff
S4_mixed_day,111,2,1008110002,10.519887653344068,0.9103288165009179,cutoff
S4_mixed_day,111,3,1008110003,10.410590183297336,0.9117158890030348,cutoff
S4_mixed_day,111,4,1008110004,10.41603706259313,0.911976539196132,cutoff
S4_mixed_day,111,5,1008110005,10.480822063472056,0.9127223402382525,cutoff
S4_mixed_day,111,6,1008110006,10.420956239932302,0.9122762426385927,cutoff
S4_mixed_day,111,7,1008110007,10.40389225586928,0.9120276145312768,cutoff
S4_mixed_day,112,0,1008120000,9.733333333333333,0.910998115888558,soc_min
S4_mixed_day,112,1,1008120001,9.730555555555556,0.9100693789384655,soc_min
S4_mixed_day,112,2,1008120002,9.858333333333333,0.9100858607103105,soc_min
S4_mixed_day,112,3,1008120003,9.708333333333334,0.9097215525890121,soc_min
S4_mixed_day,112,4,1008120004,9.71111111111111,0.9098001515934888,soc_min
S4_mixed_day,112,5,1008120005,9.769444444444444,0.9098690228294314,soc_min
S4_mixed_day,112,6,1008120006,9.758333333333333,0.9101345023664136,soc_min
S4_mixed_day,112,7,1008120007,9.78888888888889,0.9100255440239197,soc_min
S4_mixed_day,113,0,1008130000,13.802777777777777,0.9525036181034723,soc_min
S4_mixed_day,113,1,1008130001,13.761111111111111,0.9526085286789789,soc_min
S4_mixed_day,113,2,1008130002,13.833333333333334,0.952651256155449,soc_min
S4_mixed_day,113,3,1008130003,13.783333333333333,0.9526098552947615,soc_min
S4_mixed_day,113,4,1008130004,13.852777777777778,0.9526049751905779,soc_min
S4_mixed_day,113,5,1008130005,13.777777777777779,0.95260107104333,soc_min
S4_mixed_day,113,6,1008130006,13.758333333333333,0.9529998965894418,soc_min
S4_mixed_day,113,7,1008130007,13.76388888888889,0.9460260741393152,soc_min
S4_mixed_day,114,0,1008140000,10.416666666666666,0.930002698728506,cutoff
S4_mixed_day,114,1,1008140001,10.501139942696566,0.9306170551867764,cutoff
S4_mixed_day,114,2,1008140002,10.472028357613855,0.9316777115371483,cutoff
S4_mixed_day,114,3,1008140003,10.53149824638323,0.9317233546224015,cutoff
S4_mixed_day,114,4,1008140004,10.422886045951692,0.9310888073732435,cutoff
S4_mixed_day,114,5,1008140005,10.423671692619267,0.9309872840985104,cutoff
S4_mixed_day,114,6,1008140006,10.418266197551455,0.9316596274392769,cutoff
S4_mixed_day,114,7,1008140007,10.516205795509288,0.9315536971832327,cutoff
S4_mixed_day,115,0,1008150000,9.355555555555556,0.9360725286742991,soc_min
S4_mixed_day,115,1,1008150001,9.366666666666667,0.936276025096075,soc_min
S4_mixed_day,115,2,1008150002,9.430555555555555,0.9364910985601604,soc_min
S4_mixed_day,115,3,1008150003,9.35,0.9360265642807238,soc_min
S4_mixed_day,115,4,1008150004,9.286111111111111,0.9360084441880342,soc_min
S4_mixed_day,115,5,1008150005,9.330555555555556,0.9360459335469814,soc_min
S4_mixed_day,115,6,1008150006,9.216666666666667,0.9360994661877267,soc_min
S4_mixed_day,115,7,1008150007,9.344444444444445,0.9366869306768175,soc_min
S4_mixed_day,116,0,1008160000,14.747222222222222,0.9247094331388609,cutoff
S4_mixed_day,116,1,1008160001,14.602777777777778,0.9246885473893645,cutoff
S4_mixed_day,116,2,1008160002,14.787443042204963,0.9247044976627533,cutoff
S4_mixed_day,116,3,1008160003,14.747624489228828,0.9247063653706155,cutoff
S4_mixed_day,116,4,1008160004,14.67987427526639,0.9257811118049499,cutoff
S4_mixed_day,116,5,1008160005,14.772222222222222,0.9244359714629067,cutoff
S4_mixed_day,116,6,1008160006,14.709284523000642,0.9253920201210694,cutoff
S4_mixed_day,116,7,1008160007,14.710275107064389,0.9245190199476978,cutoff
S4_mixed_day,117,0,1008170000,11.790020351114482,0.9517373318367274,cutoff
S4_mixed_day,117,1,1008170001,11.813888888888888,0.9513823556998159,cutoff
S4_mixed_day,117,2,1008170002,11.740986415701652,0.9517223540417529,cutoff
S4_mixed_day,117,3,1008170003,11.800792964745158,0.9514055864684223,cutoff
S4_mixed_day,117,4,1008170004,11.857410074501985,0.9518425342044762,cutoff
S4_mixed_day,117,5,1008170005,11.819444444444445,0.9518947595396147,cutoff
S4_mixed_day,117,6,1008170006,11.828466360230182,0.9513745034652278,cutoff
S4_mixed_day,117,7,1008170007,11.861981421342929,0.9515839716961442,cutoff
S4_mixed_day,118,0,1008180000,15.11111111111111,0.9360935867895857,cutoff
S4_mixed_day,118,1,1008180001,15.06768514462604,0.9368488455230648,cutoff
S4_mixed_day,118,2,1008180002,15.121382822864714,0.9359730203936611,cutoff
S4_mixed_day,118,3,1008180003,15.1348104455988,0.9362233663353127,cutoff
S4_mixed_day,118,4,1008180004,15.05347003318071,0.9357285800350345,cutoff
S4_mixed_day,118,5,1008180005,15.069305562352254,0.9354865106821952,cutoff
S4_mixed_day,118,6,1008180006,15.00196783487636,0.935750982665025,cutoff
S4_mixed_day,118,7,1008180007,15.111854963327636,0.9357360752386227,cutoff
S4_mixed_day,119,0,1008190000,16.225052611085484,0.9440575482809492,cutoff
S4_mixed_day,119,1,1008190001,16.22525241113891,0.94359003105654,cutoff
S4_mixed_day,119,2,1008190002,16.21943562534229,0.9430971543946799,cutoff
S4_mixed_day,119,3,1008190003,16.180555555555557,0.9436649732738044,cutoff
S4_mixed_day,119,4,1008190004,16.241073136039123,0.9435327809075199,cutoff
S4_mixed_day,119,5,1008190005,16.177491925368802,0.9439223528244673,cutoff
S4_mixed_day,119,6,1008190006,16.259896468781758,0.9435574809218974,cutoff
S4_mixed_day,119,7,1008190007,16.234454486799887,0.9436226129208878,cutoff
S4_mixed_day,120,0,1008200000,17.011111111111113,0.9433625376178033,soc_min
S4_mixed_day,120,1,1008200001,17.083333333333332,0.9441040588621974,soc_min
S4_mixed_day,120,2,1008200002,17.025,0.9435363354134932,soc_min
S4_mixed_day,120,3,1008200003,17.044444444444444,0.9432703555107315,soc_min
S4_mixed_day,120,4,1008200004,16.961111111111112,0.9437355873712231,soc_min
S4_mixed_day,120,5,1008200005,17.03611111111111,0.9435003068432499,soc_min
S4_mixed_day,120,6,1008200006,17.133333333333333,0.9437638973176403,soc_min
S4_mixed_day,120,7,1008200007,17.066666666666666,0.9435725656963421,soc_min
S4_mixed_day,121,0,1008210000,14.802777777777777,0.9151148398291534,cutoff
S4_mixed_day,121,1,1008210001,14.783713795968708,0.916303724483144,cutoff
S4_mixed_day,121,2,1008210002,14.757785542515307,0.915478070318095,cutoff
S4_mixed_day,121,3,1008210003,14.787908391713703,0.9156168460692051,cutoff
S4_mixed_day,121,4,1008210004,14.827173753202286,0.9162215629671151,cutoff
S4_mixed_day,121,5,1008210005,14.869444444444444,0.9158016224633186,cutoff
S4_mixed_day,121,6,1008210006,14.761219122705443,0.9159228152605192,cutoff
S4_mixed_day,121,7,1008210007,14.839802381640059,0.9167605780463294,cutoff
S4_mixed_day,122,0,1008220000,15.856003711894983,0.9388483992914866,cutoff
S4_mixed_day,122,1,1008220001,15.910161645413933,0.938512888773269,cutoff
S4_mixed_day,122,2,1008220002,15.890038723358558,0.9386447157733242,cutoff
S4_mixed_day,122,3,1008220003,15.936955708595042,0.9386393334263816,cutoff
S4_mixed_day,122,4,1008220004,15.860691475346053,0.9384826378570419,cutoff
S4_mixed_day,122,5,1008220005,15.883333333333333,0.9384064968082599,cutoff
S4_mixed_day,122,6,1008220006,15.82334978838413,0.9388863847105312,cutoff
S4_mixed_day,122,7,1008220007,15.922681529957734,0.9388509121892921,cutoff
S4_mixed_day,123,0,1008230000,14.286111111111111,0.9528073843097883,cutoff
S4_mixed_day,123,1,1008230001,14.398950014701521,0.9528376096349455,cutoff
S4_mixed_day,123,2,1008230002,14.463633470162007,0.9531057853911811,cutoff
S4_mixed_day,123,3,1008230003,14.403866632545768,0.9520230824221917,cutoff
S4_mixed_day,123,4,1008230004,14.344440624408165,0.9528509879127987,cutoff
S4_mixed_day,123,5,1008230005,14.449912526140125,0.9529166183252173,cutoff
S4_mixed_day,123,6,1008230006,14.355037025812548,0.9533770765455081,cutoff
S4_mixed_day,123,7,1008230007,14.429021716042575,0.9529559638223932,cutoff
S4_mixed_day,124,0,1008240000,16.693251925316424,0.935427172994265,cutoff
S4_mixed_day,124,1,1008240001,16.754047898884167,0.93577365707474,cutoff
S4_mixed_day,124,2,1008240002,16.61708862304198,0.9351225915385271,cutoff
S4_mixed_day,124,3,1008240003,16.581293740233573,0.9357902489361788,cutoff
S4_mixed_day,124,4,1008240004,16.609594253121077,0.9358193449259853,cutoff
S4_mixed_day,124,5,1008240005,16.613888888888887,0.9349787174768066,cutoff
S4_mixed_day,124,6,1008240006,16.618634050662912,0.934940079266726,cutoff
S4_mixed_day,124,7,1008240007,16.653290340067347,0.9357422495465251,cutoff
S4_mixed_day,125,0,1008250000,17.983333333333334,0.9493234348726419,soc_min
S4_mixed_day,125,1,1008250001,17.961111111111112,0.949442454804332,soc_min
S4_mixed_day,125,2,1008250002,17.95,0.9493820170085854,soc_min
S4_mixed_day,125,3,1008250003,17.96388888888889,0.9491419618192842,soc_min
S4_mixed_day,125,4,1008250004,17.908333333333335,0.9490611672167858,soc_min
S4_mixed_day,125,5,1008250005,17.975,0.9496428214159317,soc_min
S4_mixed_day,125,6,1008250006,17.961111111111112,0.950035294309401,soc_min
S4_mixed_day,125,7,1008250007,17.961111111111112,0.9488431797773387,soc_min
S4_mixed_day,126,0,1008260000,13.397222222222222,0.9425982088592736,soc_min
S4_mixed_day,126,1,1008260001,13.488888888888889,0.9430487799780968,soc_min
S4_mixed_day,126,2,1008260002,13.452777777777778,0.9427633147580514,soc_min
S4_mixed_day,126,3,1008260003,13.419444444444444,0.9434127023004389,soc_min
S4_mixed_day,126,4,1008260004,13.436111111111112,0.9424747884460812,soc_min
S4_mixed_day,126,5,1008260005,13.427777777777777,0.9424463832117257,soc_min
S4_mixed_day,126,6,1008260006,13.533333333333333,0.942719126751357,soc_min
S4_mixed_day,126,7,1008260007,13.477777777777778,0.942363721601145,soc_min
S4_mixed_day,127,0,1008270000,11.797222222222222,0.9074160697902106,soc_min
S4_mixed_day,127,1,1008270001,11.777777777777779,0.9067997375462851,soc_min
S4_mixed_day,127,2,1008270002,11.8,0.9081005639145026,soc_min
S4_mixed_day,127,3,1008270003,11.786111111111111,0.9073455872006113,soc_min
S4_mixed_day,127,4,1008270004,11.791666666666666,0.9077797477415775,soc_min
S4_mixed_day,127,5,1008270005,11.819444444444445,0.9079392542974776,soc_min
S4_mixed_day,127,6,1008270006,11.783333333333333,0.9078242282578523,soc_min
S4_mixed_day,127,7,1008270007,11.83611111111111,0.9082762313621752,soc_min
S4_mixed_day,128,0,1008280000,8.94131968712088,0.9090280581138701,cutoff
S4_mixed_day,128,1,1008280001,9.009126674521397,0.9094293277226606,cutoff
S4_mixed_day,128,2,1008280002,8.9472461968364,0.9089437573167866,cutoff
S4_mixed_day,128,3,1008280003,8.966788441048642,0.9089338732246565,cutoff
S4_mixed_day,128,4,1008280004,8.944161753679436,0.9091882985786641,cutoff
S4_mixed_day,128,5,1008280005,8.952169705682707,0.9102996181512055,cutoff
S4_mixed_day,128,6,1008280006,8.949828884721326,0.9076110881117755,cutoff
S4_mixed_day,128,7,1008280007,8.948947449066914,0.9091253561599719,cutoff
S4_mixed_day,129,0,1008290000,13.296894432081851,0.9458909007491095,cutoff
S4_mixed_day,129,1,1008290001,13.26388888888889,0.945578690510938,cutoff
S4_mixed_day,129,2,1008290002,13.23793206224911,0.9463792242031623,cutoff
S4_mixed_day,129,3,1008290003,13.24813933361898,0.9456146187667405,cutoff
S4_mixed_day,129,4,1008290004,13.274107115353589,0.9454656712076608,cutoff
S4_mixed_day,129,5,1008290005,13.33111659399043,0.9456282713619176,cutoff
S4_mixed_day,129,6,1008290006,13.292356585316817,0.9455901679756585,cutoff
S4_mixed_day,129,7,1008290007,13.301252145331132,0.9453422818550453,cutoff
S4_mixed_day,130,0,1008300000,16.181745246005494,0.9520055567854943,cutoff
S4_mixed_day,130,1,1008300001,16.188955574089167,0.9516742030413681,cutoff
S4_mixed_day,130,2,1008300002,16.108333333333334,0.9518827212531532,cutoff
S4_mixed_day,130,3,1008300003,16.06697401535256,0.9522028381846918,cutoff
S4_mixed_day,130,4,1008300004,16.12692770506596,0.9508627486272778,cutoff
S4_mixed_day,130,5,1008300005,16.091392119338842,0.9518819758297601,cutoff
S4_mixed_day,130,6,1008300006,16.07629452564757,0.9514522029119827,cutoff
S4_mixed_day,130,7,1008300007,16.06213003368663,0.9519298430929775,cutoff
S4_mixed_day,131,0,1008310000,15.774271764532688,0.9422663488770835,cutoff
S4_mixed_day,131,1,1008310001,15.746720596819936,0.94179565517447,cutoff
S4_mixed_day,131,2,1008310002,15.80028097621726,0.9425012470495429,cutoff
S4_mixed_day,131,3,1008310003,15.730555555555556,0.9417409572132303,cutoff
S4_mixed_day,131,4,1008310004,15.752777777777778,0.942082047851277,cutoff
S4_mixed_day,131,5,1008310005,15.787286761114343,0.9418118937442181,cutoff
S4_mixed_day,131,6,1008310006,15.80131351772865,0.9411274863302412,cutoff
S4_mixed_day,131,7,1008310007,15.761889500951447,0.9418521862736164,cutoff
S4_mixed_day,132,0,1008320000,12.347222222222221,0.9116222238254567,cutoff
S4_mixed_day,132,1,1008320001,12.296377261845015,0.9119884406483654,cutoff
S4_mixed_day,132,2,1008320002,12.293858563640354,0.9110050328759248,cutoff
S4_mixed_day,132,3,1008320003,12.296419980657133,0.9112877586262322,cutoff
S4_mixed_day,132,4,1008320004,12.28357410303422,0.9115859594383661,cutoff
S4_mixed_day,132,5,1008320005,12.309971670570938,0.9120447994003031,cutoff
S4_mixed_day,132,6,1008320006,12.371250736903095,0.9115273588263199,cutoff
S4_mixed_day,132,7,1008320007,12.271752972473765,0.9112240675519462,cutoff
S4_mixed_day,133,0,1008330000,13.919358800263712,0.9479407455070422,cutoff
S4_mixed_day,133,1,1008330001,13.919444444444444,0.9484482577793864,cutoff
S4_mixed_day,133,2,1008330002,13.893469799094364,0.9484708578070542,cutoff
S4_mixed_day,133,3,1008330003,13.90613718868282,0.9490293743499415,cutoff
S4_mixed_day,133,4,1008330004,13.981334990572273,0.9486408875811698,cutoff
S4_mixed_day,133,5,1008330005,13.901906857052342,0.9487791050294209,cutoff
S4_mixed_day,133,6,1008330006,14.007685256977068,0.9483644562783634,cutoff
S4_mixed_day,133,7,1008330007,13.930012088406231,0.9480104401741505,cutoff
S4_mixed_day,134,0,1008340000,12.983333333333333,0.8987768937362183,soc_min
S4_mixed_day,134,1,1008340001,13.119444444444444,0.9016252395678284,soc_min
S4_mixed_day,134,2,1008340002,12.936111111111112,0.9029926269076861,soc_min
S4_mixed_day,134,3,1008340003,12.927777777777777,0.9025748708250233,soc_min
S4_mixed_day,134,4,1008340004,12.983333333333333,0.9027431889482866,soc_min
S4_mixed_day,134,5,1008340005,13.077777777777778,0.9014081268381683,soc_min
S4_mixed_day,134,6,1008340006,12.905555555555555,0.9010935429413908,soc_min
S4_mixed_day,134,7,1008340007,13.041666666666666,0.9029194684826535,soc_min
S4_mixed_day,135,0,1008350000,16.95277777777778,0.9447822518542573,cutoff
S4_mixed_day,135,1,1008350001,16.997146497407027,0.9449061392037184,cutoff
S4_mixed_day,135,2,1008350002,16.9853812830382,0.9433937911362157,cutoff
S4_mixed_day,135,3,1008350003,16.984771801955418,0.9448809146030037,cutoff
S4_mixed_day,135,4,1008350004,16.994444444444444,0.9447897279281624,cutoff
S4_mixed_day,135,5,1008350005,17.044444444444444,0.9447005107188672,cutoff
S4_mixed_day,135,6,1008350006,17.037424732114534,0.9447850753680554,cutoff
S4_mixed_day,135,7,1008350007,17.00099317753613,0.9454640834410405,cutoff
S4_mixed_day,136,0,1008360000,15.859821971797372,0.9278603753299429,cutoff
S4_mixed_day,136,1,1008360001,15.747222222222222,0.9271640015134905,cutoff
S4_mixed_day,136,2,1008360002,15.795370028236038,0.9282582948509033,cutoff
S4_mixed_day,136,3,1008360003,15.85281151781777,0.9273958475002911,cutoff
S4_mixed_day,136,4,1008360004,15.795735830553962,0.9276781470973484,cutoff
S4_mixed_day,136,5,1008360005,15.81030906250164,0.9275537239971746,cutoff
S4_mixed_day,136,6,1008360006,15.683946102362794,0.9181786907871752,cutoff
S4_mixed_day,136,7,1008360007,15.742016820038929,0.9284458881344368,cutoff
S4_mixed_day,137,0,1008370000,15.338888888888889,0.9485830810539957,soc_min
S4_mixed_day,137,1,1008370001,15.283333333333333,0.9486557336833457,soc_min
S4_mixed_day,137,2,1008370002,15.372222222222222,0.9492596282786256,soc_min
S4_mixed_day,137,3,1008370003,15.322222222222223,0.9488640527803925,soc_min
S4_mixed_day,137,4,1008370004,15.316666666666666,0.9492867825316049,soc_min
S4_mixed_day,137,5,1008370005,15.366666666666667,0.9485419644152714,soc_min
S4_mixed_day,137,6,1008370006,15.355555555555556,0.94855792938306,soc_min
S4_mixed_day,137,7,1008370007,15.327777777777778,0.9490416497439654,soc_min
S4_mixed_day,138,0,1008380000,19.60026137176223,0.9403277325422926,cutoff
S4_mixed_day,138,1,1008380001,19.538306062784592,0.9403897136353572,cutoff
S4_mixed_day,138,2,1008380002,19.552829414410173,0.9400882882223468,cutoff
S4_mixed_day,138,3,1008380003,19.5907354633733,0.9411542628402695,cutoff
S4_mixed_day,138,4,1008380004,19.66694876567765,0.9411832381124452,cutoff
S4_mixed_day,138,5,1008380005,19.538669019282978,0.9410314537146444,cutoff
S4_mixed_day,138,6,1008380006,19.65191730437534,0.9411847343564165,cutoff
S4_mixed_day,138,7,1008380007,19.595171259259708,0.9400806854770702,cutoff
S4_mixed_day,139,0,1008390000,9.967009637996403,0.9323813708660184,cutoff
S4_mixed_day,139,1,1008390001,9.959223003506093,0.9326582490320775,cutoff
S4_mixed_day,139,2,1008390002,9.9657979217502,0.9330175201436594,cutoff
S4_mixed_day,139,3,1008390003,10.015759364449895,0.9333701719498069,cutoff
S4_mixed_day,139,4,1008390004,9.97746371318676,0.9328399764743873,cutoff
S4_mixed_day,139,5,1008390005,10.052368836125273,0.9334133060396472,cutoff
S4_mixed_day,139,6,1008390006,10.022367019860265,0.9322758721128819,cutoff
S4_mixed_day,139,7,1008390007,9.997064810401653,0.9323127737974183,cutoff
S4_mixed_day,140,0,1008400000,12.86111111111111,0.9235603077819505,soc_min
S4_mixed_day,140,1,1008400001,12.869444444444444,0.923719920050468,soc_min
S4_mixed_day,140,2,1008400002,12.852777777777778,0.9239076233924549,soc_min
S4_mixed_day,140,3,1008400003,12.9,0.9234857011337778,soc_min
S4_mixed_day,140,4,1008400004,12.825,0.9236390339165141,soc_min
S4_mixed_day,140,5,1008400005,12.880555555555556,0.9245105776823368,soc_min
S4_mixed_day,140,6,1008400006,12.863888888888889,0.9233591834937541,soc_min
S4_mixed_day,140,7,1008400007,12.875,0.9233831922542923,soc_min
S4_mixed_day,141,0,1008410000,11.508333333333333,0.9322079629207896,soc_min
S4_mixed_day,141,1,1008410001,11.536111111111111,0.933202191597426,soc_min
S4_mixed_day,141,2,1008410002,11.505555555555556,0.9322574528025399,soc_min
S4_mixed_day,141,3,1008410003,11.533333333333333,0.9322554034477718,soc_min
S4_mixed_day,141,4,1008410004,11.46111111111111,0.933004088370212,soc_min
S4_mixed_day,141,5,1008410005,11.511111111111111,0.932459407048042,soc_min
S4_mixed_day,141,6,1008410006,11.530555555555555,0.9316206075281341,soc_min
S4_mixed_day,141,7,1008410007,11.552777777777777,0.9323976726454121,soc_min
S4_mixed_day,142,0,1008420000,12.913556739026033,0.92601182003148,cutoff
S4_mixed_day,142,1,1008420001,12.968855895079551,0.9270078634385244,cutoff
S4_mixed_day,142,2,1008420002,12.978930299309903,0.9270257371388441,cutoff
S4_mixed_day,142,3,1008420003,12.922456153590817,0.9280258491331478,cutoff
S4_mixed_day,142,4,1008420004,12.963594010261799,0.9269191145438378,cutoff
S4_mixed_day,142,5,1008420005,12.982134883503525,0.9275209234243668,cutoff
S4_mixed_day,142,6,1008420006,12.985363096640073,0.9272034299804405,cutoff
S4_mixed_day,142,7,1008420007,12.917805451748015,0.9270013919303769,cutoff
S4_mixed_day,143,0,1008430000,7.547404311917389,0.8310900934435934,cutoff
S4_mixed_day,143,1,1008430001,7.560953414892462,0.8317200091102824,cutoff
S4_mixed_day,143,2,1008430002,7.519482948216134,0.8294596538995317,cutoff
S4_mixed_day,143,3,1008430003,7.4653085411448945,0.8320569862802755,cutoff
S4_mixed_day,143,4,1008430004,7.519444444444445,0.8322736997063667,cutoff
S4_mixed_day,143,5,1008430005,7.483333333333333,0.8321961727458261,cutoff
S4_mixed_day,143,6,1008430006,7.475242675649117,0.8320796218656329,cutoff
S4_mixed_day,143,7,1008430007,7.510618254269659,0.8315812912164187,cutoff
S4_mixed_day,144,0,1008440000,17.788695214908792,0.9595481314690549,cutoff
S4_mixed_day,144,1,1008440001,17.79073557697442,0.9596884848182485,cutoff
S4_mixed_day,144,2,1008440002,17.840217748549588,0.9595508753975476,cutoff
S4_mixed_day,144,3,1008440003,17.783362455624502,0.9596108645335742,cutoff
S4_mixed_day,144,4,1008440004,17.796042354467996,0.9594673513805198,cutoff
S4_mixed_day,144,5,1008440005,17.787059103390064,0.9599471173661974,cutoff
S4_mixed_day,144,6,1008440006,17.73882645803152,0.9587922539312282,cutoff
S4_mixed_day,144,7,1008440007,17.8009187717545,0.9594785169121274,cutoff
S4_mixed_day,145,0,1008450000,16.816534734795667,0.9424039049577829,cutoff
S4_mixed_day,145,1,1008450001,16.834899587027465,0.9417950073447602,cutoff
S4_mixed_day,145,2,1008450002,16.81408469506214,0.9420035453437446,cutoff
S4_mixed_day,145,3,1008450003,16.827034567438936,0.9427140254590058,cutoff
S4_mixed_day,145,4,1008450004,16.820076732793254,0.9422578193115616,cutoff
S4_mixed_day,145,5,1008450005,16.777056489228393,0.941876126470785,cutoff
S4_mixed_day,145,6,1008450006,16.924993830431564,0.9418588987639639,cutoff
S4_mixed_day,145,7,1008450007,16.890387043691405,0.9420776500854634,cutoff
S4_mixed_day,146,0,1008460000,18.570337856063578,0.9293024848989667,cutoff
S4_mixed_day,146,1,1008460001,18.647222222222222,0.9289148979105661,cutoff
S4_mixed_day,146,2,1008460002,18.559750077634064,0.9284426378292425,cutoff
S4_mixed_day,146,3,1008460003,18.562662369481888,0.9285322143834122,cutoff
S4_mixed_day,146,4,1008460004,18.552777777777777,0.9294190935050545,cutoff
S4_mixed_day,146,5,1008460005,18.544444444444444,0.9291287735477464,cutoff
S4_mixed_day,146,6,1008460006,18.637265591920613,0.9281679857893396,cutoff
S4_mixed_day,146,7,1008460007,18.66630760295787,0.9279872609135418,cutoff
S4_mixed_day,147,0,1008470000,15.70084311231282,0.9453462864207014,cutoff
S4_mixed_day,147,1,1008470001,15.607797578187053,0.9455728603431581,cutoff
S4_mixed_day,147,2,1008470002,15.605555555555556,0.9452198135405412,cutoff
S4_mixed_day,147,3,1008470003,15.673016358856868,0.9454419419643352,cutoff
S4_mixed_day,147,4,1008470004,15.60897146393583,0.9446909728890053,cutoff
S4_mixed_day,147,5,1008470005,15.558907694841249,0.9411798634266473,cutoff
S4_mixed_day,147,6,1008470006,15.592126728430374,0.9452118127821877,cutoff
S4_mixed_day,147,7,1008470007,15.525,0.9442440049802356,cutoff
S4_mixed_day,148,0,1008480000,15.327924595672402,0.940320153331419,cutoff
S4_mixed_day,148,1,1008480001,15.376834152809861,0.9405511552230269,cutoff
S4_mixed_day,148,2,1008480002,15.333813194436534,0.9404501361929859,cutoff
S4_mixed_day,148,3,1008480003,15.331151047419889,0.9403946260657918,cutoff
S4_mixed_day,148,4,1008480004,15.365302793106494,0.9406500630531349,cutoff
S4_mixed_day,148,5,1008480005,15.308333333333334,0.9405959727003793,cutoff
S4_mixed_day,148,6,1008480006,15.404075350568018,0.9403559127181531,cutoff
S4_mixed_day,148,7,1008480007,15.341666666666667,0.9403813717105383,cutoff
S4_mixed_day,149,0,1008490000,12.019444444444444,0.9032561600556299,cutoff
S4_mixed_day,149,1,1008490001,11.971059565550279,0.9018690125451072,cutoff
S4_mixed_day,149,2,1008490002,12.02927484282174,0.9034421915094496,cutoff
S4_mixed_day,149,3,1008490003,12.000325404674873,0.9030143806199146,cutoff
S4_mixed_day,149,4,1008490004,11.993593259146508,0.903305385830485,cutoff
S4_mixed_day,149,5,1008490005,12.032024968657906,0.9028667434650939,cutoff
S4_mixed_day,149,6,1008490006,12.002083722385931,0.9045403816201144,cutoff
S4_mixed_day,149,7,1008490007,12.030201247856928,0.9049988896941855,cutoff
S4_mixed_day,150,0,1008500000,15.297222222222222,0.9001841337513239,soc_min
S4_mixed_day,150,1,1008500001,15.28888888888889,0.9002622979050682,soc_min
S4_mixed_day,150,2,1008500002,15.23611111111111,0.8983302396885001,soc_min
S4_mixed_day,150,3,1008500003,15.344444444444445,0.8994186185407408,soc_min
S4_mixed_day,150,4,1008500004,15.325,0.9012761487094486,soc_min
S4_mixed_day,150,5,1008500005,15.283333333333333,0.9003794895695093,soc_min
S4_mixed_day,150,6,1008500006,15.305555555555555,0.8999363417446016,soc_min
S4_mixed_day,150,7,1008500007,15.316666666666666,0.8999320134179295,soc_min
S4_mixed_day,151,0,1008510000,12.529980127555284,0.878335217018556,cutoff
S4_mixed_day,151,1,1008510001,12.50584172922418,0.8793454909119245,cutoff
S4_mixed_day,151,2,1008510002,12.449932676618099,0.8781773510234016,cutoff
S4_mixed_day,151,3,1008510003,12.433333333333334,0.8783742943574234,cutoff
S4_mixed_day,151,4,1008510004,12.45,0.8792671086558738,cutoff
S4_mixed_day,151,5,1008510005,12.541666666666666,0.8772824591825409,cutoff
S4_mixed_day,151,6,1008510006,12.3950657964345,0.8783020044538284,cutoff
S4_mixed_day,151,7,1008510007,12.601729101866741,0.8774552461432782,cutoff
S4_mixed_day,152,0,1008520000,12.305732141270559,0.905266946266269,cutoff
S4_mixed_day,152,1,1008520001,12.233326833722439,0.9049096908208469,cutoff
S4_mixed_day,152,2,1008520002,12.294870219136062,0.9062698405081088,cutoff
S4_mixed_day,152,3,1008520003,12.2454982058207,0.9045169671331518,cutoff
S4_mixed_day,152,4,1008520004,12.270070961565251,0.9053473202398972,cutoff
S4_mixed_day,152,5,1008520005,12.252661301135257,0.9062861205629726,cutoff
S4_mixed_day,152,6,1008520006,12.2,0.9051794311433651,cutoff
S4_mixed_day,152,7,1008520007,12.305560822229724,0.9058403588727592,cutoff
S4_mixed_day,153,0,1008530000,13.613234543166369,0.9268048664788017,cutoff
S4_mixed_day,153,1,1008530001,13.674205740325146,0.9262300985895255,cutoff
S4_mixed_day,153,2,1008530002,13.683333333333334,0.92508889657191,cutoff
S4_mixed_day,153,3,1008530003,13.673357985360205,0.9261890403485527,cutoff
S4_mixed_day,153,4,1008530004,13.665432301254352,0.9265583415776235,cutoff
S4_mixed_day,153,5,1008530005,13.675275043467277,0.9261945956506349,cutoff
S4_mixed_day,153,6,1008530006,13.700219614580114,0.9264832644201418,cutoff
S4_mixed_day,153,7,1008530007,13.695623520265908,0.9267004639634414,cutoff
S4_mixed_day,154,0,1008540000,13.045927391322778,0.9337266345661674,cutoff
S4_mixed_day,154,1,1008540001,13.074525138987543,0.9340411404545812,cutoff
S4_mixed_day,154,2,1008540002,13.034332578364056,0.9344510023805096,cutoff
S4_mixed_day,154,3,1008540003,13.009947626001622,0.9333151817476217,cutoff
S4_mixed_day,154,4,1008540004,13.018170725489096,0.9337154823361636,cutoff
S4_mixed_day,154,5,1008540005,13.030555555555555,0.9332837690901932,cutoff
S4_mixed_day,154,6,1008540006,13.056184414720205,0.9335120556608935,cutoff
S4_mixed_day,154,7,1008540007,13.088737814648107,0.9325337481653517,cutoff
S4_mixed_day,155,0,1008550000,19.625,0.9379434398076221,soc_min
S4_mixed_day,155,1,1008550001,19.538888888888888,0.9377470768665079,soc_min
S4_mixed_day,155,2,1008550002,19.636111111111113,0.9377069956415773,soc_min
S4_mixed_day,155,3,1008550003,19.572222222222223,0.937987396023675,soc_min
S4_mixed_day,155,4,1008550004,19.566666666666666,0.9379660318615648,soc_min
S4_mixed_day,155,5,1008550005,19.55,0.937662842977329,soc_min
S4_mixed_day,155,6,1008550006,19.575,0.9384813249978466,soc_min
S4_mixed_day,155,7,1008550007,19.608333333333334,0.937806261555666,soc_min
S4_mixed_day,156,0,1008560000,12.768090215808924,0.936738318549244,cutoff
S4_mixed_day,156,1,1008560001,12.75913512863366,0.9358044775193851,cutoff
S4_mixed_day,156,2,1008560002,12.775763366281028,0.9364155864095665,cutoff
S4_mixed_day,156,3,1008560003,12.7914510327646,0.9358799415004969,cutoff
S4_mixed_day,156,4,1008560004,12.733649676398423,0.9363116303604138,cutoff
S4_mixed_day,156,5,1008560005,12.772389795206609,0.9354002973540666,cutoff
S4_mixed_day,156,6,1008560006,12.67313720697119,0.9363644549168639,cutoff
S4_mixed_day,156,7,1008560007,12.745503842578199,0.9363702884072119,cutoff
S4_mixed_day,157,0,1008570000,18.825,0.9307824128845524,cutoff
S4_mixed_day,157,1,1008570001,18.808333333333334,0.9312874086145648,cutoff
S4_mixed_day,157,2,1008570002,18.789368992522515,0.930782245808254,cutoff
S4_mixed_day,157,3,1008570003,18.822668252842664,0.9309369987219983,cutoff
S4_mixed_day,157,4,1008570004,18.916666666666668,0.9313684113182661,cutoff
S4_mixed_day,157,5,1008570005,18.868544283050515,0.9308627598692044,cutoff
S4_mixed_day,157,6,1008570006,18.797709282362877,0.9299611599054112,cutoff
S4_mixed_day,157,7,1008570007,18.959511156528713,0.9309599710677083,cutoff
S4_mixed_day,158,0,1008580000,15.008333333333333,0.9325654797438712,soc_min
S4_mixed_day,158,1,1008580001,15.005555555555556,0.9327056367177881,soc_min
S4_mixed_day,158,2,1008580002,15.058333333333334,0.9322621094699499,soc_min
S4_mixed_day,158,3,1008580003,15.072222222222223,0.9328605425740074,soc_min
S4_mixed_day,158,4,1008580004,15.166666666666666,0.9323184533911644,soc_min
S4_mixed_day,158,5,1008580005,15.022222222222222,0.9325971665464722,soc_min
S4_mixed_day,158,6,1008580006,15.069444444444445,0.9321442292528133,soc_min
S4_mixed_day,158,7,1008580007,15.022222222222222,0.9323226344276135,soc_min
S4_mixed_day,159,0,1008590000,16.973970575122493,0.9265988228343494,cutoff
S4_mixed_day,159,1,1008590001,16.958333333333332,0.9273578993330144,cutoff
S4_mixed_day,159,2,1008590002,17.011111111111113,0.9265157935634182,cutoff
S4_mixed_day,159,3,1008590003,17.070614819143206,0.9263291089740837,cutoff
S4_mixed_day,159,4,1008590004,17.016567395720667,0.9267811834290057,cutoff
S4_mixed_day,159,5,1008590005,17.008233849421458,0.9265879693371396,cutoff
S4_mixed_day,159,6,1008590006,17.086588153591993,0.9265215747373287,cutoff
S4_mixed_day,159,7,1008590007,17.02903813573357,0.9277052696047112,cutoff
S4_mixed_day,160,0,1008600000,15.373399402571312,0.9159299043822365,cutoff
S4_mixed_day,160,1,1008600001,15.593796733656866,0.91543972353715,cutoff
S4_mixed_day,160,2,1008600002,15.430555555555555,0.9150042539855254,cutoff
S4_mixed_day,160,3,1008600003,15.465604089697768,0.9127683157542348,cutoff
S4_mixed_day,160,4,1008600004,15.508674734453365,0.915988623531055,cutoff
S4_mixed_day,160,5,1008600005,15.492455203871755,0.9147596810318489,cutoff
S4_mixed_day,160,6,1008600006,15.540176749903093,0.9146538712494762,cutoff
S4_mixed_day,160,7,1008600007,15.420367775617482,0.9145258086106531,cutoff
S4_mixed_day,161,0,1008610000,12.655555555555555,0.9423217625294875,soc_min
S4_mixed_day,161,1,1008610001,12.688888888888888,0.9420142538875098,soc_min
S4_mixed_day,161,2,1008610002,12.66388888888889,0.9420394136752469,soc_min
S4_mixed_day,161,3,1008610003,12.677777777777777,0.9421955022473683,soc_min
S4_mixed_day,161,4,1008610004,12.619444444444444,0.9417829368685717,soc_min
S4_mixed_day,161,5,1008610005,12.655555555555555,0.9420140915429347,soc_min
S4_mixed_day,161,6,1008610006,12.680555555555555,0.9428203063402917,soc_min
S4_mixed_day,161,7,1008610007,12.669444444444444,0.9423875894946171,soc_min
S4_mixed_day,162,0,1008620000,16.216666666666665,0.9465617227988026,soc_min
S4_mixed_day,162,1,1008620001,16.208333333333332,0.9465461218462479,soc_min
S4_mixed_day,162,2,1008620002,16.15,0.9467258486587853,soc_min
S4_mixed_day,162,3,1008620003,16.252777777777776,0.9469708292357137,soc_min
S4_mixed_day,162,4,1008620004,16.166666666666668,0.9470038561490337,soc_min
S4_mixed_day,162,5,1008620005,16.125,0.9465880508466966,soc_min
S4_mixed_day,162,6,1008620006,16.183333333333334,0.9466825858121254,soc_min
S4_mixed_day,162,7,1008620007,16.197222222222223,0.9466720356241682,soc_min
S4_mixed_day,163,0,1008630000,13.073308398344034,0.9169504219014537,cutoff
S4_mixed_day,163,1,1008630001,13.052777777777777,0.917148976686996,cutoff
S4_mixed_day,163,2,1008630002,13.058490703770985,0.917156173912605,cutoff
S4_mixed_day,163,3,1008630003,13.035973107876742,0.9183736338277053,cutoff
S4_mixed_day,163,4,1008630004,12.991081607734595,0.9186750444554345,cutoff
S4_mixed_day,163,5,1008630005,13.068598215967453,0.9174595822061863,cutoff
S4_mixed_day,163,6,1008630006,13.022592065763668,0.9171133285923653,cutoff
S4_mixed_day,163,7,1008630007,13.037672360245443,0.9170700262365569,cutoff
S4_mixed_day,164,0,1008640000,5.968401545426882,0.903527246270406,cutoff
S4_mixed_day,164,1,1008640001,6.007854663120586,0.9041291551487802,cutoff
S4_mixed_day,164,2,1008640002,5.986018531527415,0.9042048033225666,cutoff
S4_mixed_day,164,3,1008640003,5.9890400602571345,0.9037196934950008,cutoff
S4_mixed_day,164,4,1008640004,5.975,0.9035069632779892,cutoff
S4_mixed_day,164,5,1008640005,5.944534298270574,0.9045672078977919,cutoff
S4_mixed_day,164,6,1008640006,5.974548377757796,0.9038850321134231,cutoff
S4_mixed_day,164,7,1008640007,5.911111111111111,0.903641463917983,cutoff
S4_mixed_day,165,0,1008650000,13.858215994147335,0.9479315337238814,cutoff
S4_mixed_day,165,1,1008650001,13.830602804489,0.9469054373478503,cutoff
S4_mixed_day,165,2,1008650002,13.801292205720218,0.946827093428379,cutoff
S4_mixed_day,165,3,1008650003,13.788815921387211,0.9467856852154374,cutoff
S4_mixed_day,165,4,1008650004,13.89114587392909,0.9470563877643058,cutoff
S4_mixed_day,165,5,1008650005,13.771049337366843,0.9470774338862777,cutoff
S4_mixed_day,165,6,1008650006,13.825,0.9470001109636538,cutoff
S4_mixed_day,165,7,1008650007,13.862609150343578,0.9469822899988881,cutoff
S4_mixed_day,166,0,1008660000,13.597222222222221,0.8990216191724131,soc_min
S4_mixed_day,166,1,1008660001,13.591666666666667,0.8994427364026807,soc_min
S4_mixed_day,166,2,1008660002,13.5,0.8992013350014767,soc_min
S4_mixed_day,166,3,1008660003,13.51388888888889,0.8893578319812389,soc_min
S4_mixed_day,166,4,1008660004,13.51388888888889,0.8995799590924438,soc_min
S4_mixed_day,166,5,1008660005,13.536111111111111,0.8996018703072852,soc_min
S4_mixed_day,166,6,1008660006,13.502777777777778,0.9004261440535513,soc_min
S4_mixed_day,166,7,1008660007,13.577777777777778,0.8991451834554312,soc_min
S4_mixed_day,167,0,1008670000,20.910965109667774,0.9326210738134829,cutoff
S4_mixed_day,167,1,1008670001,20.959682030642252,0.9330641164081539,cutoff
S4_mixed_day,167,2,1008670002,20.90405045864049,0.9327914207927456,cutoff
S4_mixed_day,167,3,1008670003,20.90277777777778,0.933324781457907,cutoff
S4_mixed_day,167,4,1008670004,20.97324053436609,0.9335954023995144,cutoff
S4_mixed_day,167,5,1008670005,20.80927950210868,0.9326448070665434,cutoff
S4_mixed_day,167,6,1008670006,20.915324512809065,0.9330546834145832,cutoff
S4_mixed_day,167,7,1008670007,20.955688418290784,0.9334532828882319,cutoff
S4_mixed_day,168,0,1008680000,9.975,0.8998580750496838,soc_min
S4_mixed_day,168,1,1008680001,9.988888888888889,0.9006452080934207,soc_min
S4_mixed_day,168,2,1008680002,10.005555555555556,0.9005524543627871,soc_min
S4_mixed_day,168,3,1008680003,9.975,0.8990381358520281,soc_min
S4_mixed_day,168,4,1008680004,9.98611111111111,0.9008305759511179,soc_min
S4_mixed_day,168,5,1008680005,9.977777777777778,0.9001315714247111,soc_min
S4_mixed_day,168,6,1008680006,9.983333333333333,0.899449894547067,soc_min
S4_mixed_day,168,7,1008680007,9.947222222222223,0.8998011825365809,soc_min
S4_mixed_day,169,0,1008690000,6.230555555555555,0.881491414329225,soc_min
S4_mixed_day,169,1,1008690001,6.275,0.8802798190382642,soc_min
S4_mixed_day,169,2,1008690002,6.261111111111111,0.881568619272414,soc_min
S4_mixed_day,169,3,1008690003,6.316666666666666,0.8797303630499389,soc_min
S4_mixed_day,169,4,1008690004,6.25,0.8796716168931248,soc_min
S4_mixed_day,169,5,1008690005,6.283333333333333,0.881546889488312,soc_min
S4_mixed_day,169,6,1008690006,6.263888888888889,0.8815443284164596,soc_min
S4_mixed_day,169,7,1008690007,6.319444444444445,0.8798940438456453,soc_min
S4_mixed_day,170,0,1008700000,18.18395243103135,0.9482455988856028,cutoff
S4_mixed_day,170,1,1008700001,18.163888888888888,0.9481896470429472,cutoff
S4_mixed_day,170,2,1008700002,18.213904111641323,0.948320293351881,cutoff
S4_mixed_day,170,3,1008700003,18.279202341742902,0.9483079234808197,cutoff
S4_mixed_day,170,4,1008700004,18.20909628847142,0.9485475385882726,cutoff
S4_mixed_day,170,5,1008700005,18.1432216026557,0.9485691333063851,cutoff
S4_mixed_day,170,6,1008700006,18.141666666666666,0.9485113634760767,cutoff
S4_mixed_day,170,7,1008700007,18.18155564224591,0.9483378683714541,cutoff
S4_mixed_day,171,0,1008710000,11.927777777777777,0.9364352307416451,soc_min
S4_mixed_day,171,1,1008710001,11.825,0.9367311640874355,soc_min
S4_mixed_day,171,2,1008710002,11.880555555555556,0.9367843228168423,soc_min
S4_mixed_day,171,3,1008710003,11.85,0.9368347221045334,soc_min
S4_mixed_day,171,4,1008710004,11.916666666666666,0.9376014335985504,soc_min
S4_mixed_day,171,5,1008710005,11.863888888888889,0.9366726464217344,soc_min
S4_mixed_day,171,6,1008710006,11.922222222222222,0.9371137292119072,soc_min
S4_mixed_day,171,7,1008710007,11.927777777777777,0.9368489513292729,soc_min
S4_mixed_day,172,0,1008720000,11.911537539019234,0.9253206760424308,cutoff
S4_mixed_day,172,1,1008720001,11.973292273299096,0.9252730368384411,cutoff
S4_mixed_day,172,2,1008720002,11.916666666666666,0.9256956173897507,cutoff
S4_mixed_day,172,3,1008720003,11.84300384470523,0.9251930199928143,cutoff
S4_mixed_day,172,4,1008720004,11.935956161272362,0.9255786253172068,cutoff
S4_mixed_day,172,5,1008720005,11.94261379067263,0.9263531947991065,cutoff
S4_mixed_day,172,6,1008720006,11.975536966458733,0.9257975384997209,cutoff
S4_mixed_day,172,7,1008720007,11.925310413337996,0.9253046981132697,cutoff
S4_mixed_day,173,0,1008730000,10.727777777777778,0.902183026926256,cutoff
S4_mixed_day,173,1,1008730001,10.86111111111111,0.9024873415361073,cutoff
S4_mixed_day,173,2,1008730002,10.76553613250522,0.9017596606179756,cutoff
S4_mixed_day,173,3,1008730003,10.849076545791204,0.9019749931340098,cutoff
S4_mixed_day,173,4,1008730004,10.738888888888889,0.9019610865142964,cutoff
S4_mixed_day,173,5,1008730005,10.841666666666667,0.9017192568935998,cutoff
S4_mixed_day,173,6,1008730006,10.795100586633168,0.9017240399421573,cutoff
S4_mixed_day,173,7,1008730007,10.76388888888889,0.9020366775390364,cutoff
S4_mixed_day,174,0,1008740000,13.85647045319672,0.9040110696712306,cutoff
S4_mixed_day,174,1,1008740001,13.846944142124231,0.9062244758104241,cutoff
S4_mixed_day,174,2,1008740002,13.849773864294747,0.9057706204384308,cutoff
S4_mixed_day,174,3,1008740003,13.823439511453453,0.9062975184051506,cutoff
S4_mixed_day,174,4,1008740004,13.816666666666666,0.907729878763341,cutoff
S4_mixed_day,174,5,1008740005,13.883333333333333,0.9065997612032809,cutoff
S4_mixed_day,174,6,1008740006,13.877777777777778,0.9058037270306741,cutoff
S4_mixed_day,174,7,1008740007,13.897222222222222,0.9067474290918693,cutoff
S4_mixed_day,175,0,1008750000,10.977777777777778,0.9339369045309351,soc_min
S4_mixed_day,175,1,1008750001,10.977777777777778,0.933549992308545,soc_min
S4_mixed_day,175,2,1008750002,10.930555555555555,0.9342122899298981,soc_min
S4_mixed_day,175,3,1008750003,10.911111111111111,0.9336603174981624,soc_min
S4_mixed_day,175,4,1008750004,10.911111111111111,0.933507248014651,soc_min
S4_mixed_day,175,5,1008750005,10.919444444444444,0.933704307075461,soc_min
S4_mixed_day,175,6,1008750006,10.947222222222223,0.9332212094679472,soc_min
S4_mixed_day,175,7,1008750007,11.027777777777779,0.9337368000100609,soc_min
S4_mixed_day,176,0,1008760000,13.489687329074588,0.894332741905849,cutoff
S4_mixed_day,176,1,1008760001,13.434732637195044,0.8944955711664667,cutoff
S4_mixed_day,176,2,1008760002,13.369071835534864,0.8947674038333435,cutoff
S4_mixed_day,176,3,1008760003,13.386111111111111,0.8957905011308835,cutoff
S4_mixed_day,176,4,1008760004,13.444444444444445,0.8933841912449866,cutoff
S4_mixed_day,176,5,1008760005,13.437229965276616,0.8949999865281418,cutoff
S4_mixed_day,176,6,1008760006,13.47822277543135,0.8940906487632745,cutoff
S4_mixed_day,176,7,1008760007,13.369270317259646,0.8944646726617338,cutoff
S4_mixed_day,177,0,1008770000,15.119358558554028,0.9429557387182627,cutoff
S4_mixed_day,177,1,1008770001,15.197222222222223,0.9429457734767708,cutoff
S4_mixed_day,177,2,1008770002,15.17158039454757,0.9436115722924469,cutoff
S4_mixed_day,177,3,1008770003,15.125653660376678,0.9435247496192044,cutoff
S4_mixed_day,177,4,1008770004,15.100230582372742,0.9428517358356606,cutoff
S4_mixed_day,177,5,1008770005,15.155017476896257,0.9434514182081949,cutoff
S4_mixed_day,177,6,1008770006,15.135800734367876,0.9429690092511046,cutoff
S4_mixed_day,177,7,1008770007,15.152777777777779,0.943221874785571,cutoff
S4_mixed_day,178,0,1008780000,12.83200686682517,0.9261497373417251,cutoff
S4_mixed_day,178,1,1008780001,12.943636430488219,0.9260396984658589,cutoff
S4_mixed_day,178,2,1008780002,12.86660877893911,0.9264744943276514,cutoff
S4_mixed_day,178,3,1008780003,12.786463470407115,0.9259725376852543,cutoff
S4_mixed_day,178,4,1008780004,12.730555555555556,0.9263707618253083,cutoff
S4_mixed_day,178,5,1008780005,12.825,0.9267529830353882,cutoff
S4_mixed_day,178,6,1008780006,12.813888888888888,0.9266843718520078,cutoff
S4_mixed_day,178,7,1008780007,12.851487601822365,0.9268943628991736,cutoff
S4_mixed_day,179,0,1008790000,17.19159109588429,0.942541513383047,cutoff
S4_mixed_day,179,1,1008790001,16.982286224359946,0.9427545723224007,cutoff
S4_mixed_day,179,2,1008790002,17.113888888888887,0.9429817664398259,cutoff
S4_mixed_day,179,3,1008790003,17.144924441872583,0.9427831661532301,cutoff
S4_mixed_day,179,4,1008790004,17.072654168604885,0.9424660941640213,cutoff
S4_mixed_day,179,5,1008790005,17.02790366025807,0.941923749848236,cutoff
S4_mixed_day,179,6,1008790006,17.0501751597634,0.9432442791792548,cutoff
S4_mixed_day,179,7,1008790007,17.08888888888889,0.9413306647861914,cutoff
S4_mixed_day,180,0,1008800000,16.776822423369964,0.9353138935989348,cutoff
S4_mixed_day,180,1,1008800001,16.802777777777777,0.9354580375309154,cutoff
S4_mixed_day,180,2,1008800002,16.804210504036778,0.9361502732181962,cutoff
S4_mixed_day,180,3,1008800003,16.84171603709022,0.9348615915590021,cutoff
S4_mixed_day,180,4,1008800004,16.704884949537533,0.935785436712586,cutoff
S4_mixed_day,180,5,1008800005,16.75115079887664,0.9348533653480257,cutoff
S4_mixed_day,180,6,1008800006,16.79519188234122,0.9352099340839902,cutoff
S4_mixed_day,180,7,1008800007,16.73212295601185,0.9352447616158636,cutoff
S4_mixed_day,181,0,1008810000,12.794444444444444,0.8800663471581749,soc_min
S4_mixed_day,181,1,1008810001,12.76388888888889,0.8803593783682369,soc_min
S4_mixed_day,181,2,1008810002,12.686111111111112,0.8810010733740586,soc_min
S4_mixed_day,181,3,1008810003,12.730555555555556,0.8805689273617214,soc_min
S4_mixed_day,181,4,1008810004,12.725,0.8816310071511372,soc_min
S4_mixed_day,181,5,1008810005,12.697222222222223,0.8802836770244149,soc_min
S4_mixed_day,181,6,1008810006,12.622222222222222,0.8800573014107517,soc_min
S4_mixed_day,181,7,1008810007,12.783333333333333,0.8807065733491304,soc_min
S4_mixed_day,182,0,1008820000,15.288630554121008,0.9285678686041283,cutoff
S4_mixed_day,182,1,1008820001,15.275,0.9300893390437892,cutoff
S4_mixed_day,182,2,1008820002,15.321861708826912,0.9291873470433611,cutoff
S4_mixed_day,182,3,1008820003,15.315894449145151,0.9286070456053831,cutoff
S4_mixed_day,182,4,1008820004,15.316666666666666,0.9290610252608523,cutoff
S4_mixed_day,182,5,1008820005,15.249623729270766,0.9286054923129448,cutoff
S4_mixed_day,182,6,1008820006,15.280774694289068,0.9287474536615544,cutoff
S4_mixed_day,182,7,1008820007,15.327927948243936,0.9288307809547225,cutoff
S4_mixed_day,183,0,1008830000,15.379472453640386,0.9328433260122617,cutoff
S4_mixed_day,183,1,1008830001,15.487455152198859,0.9327993749470984,cutoff
S4_mixed_day,183,2,1008830002,15.408333333333333,0.9318745257797532,cutoff
S4_mixed_day,183,3,1008830003,15.355828377103343,0.9326240209340103,cutoff
S4_mixed_day,183,4,1008830004,15.414323384678722,0.9327560887424851,cutoff
S4_mixed_day,183,5,1008830005,15.424416326212539,0.9327011019288257,cutoff
S4_mixed_day,183,6,1008830006,15.366666666666667,0.9327289326327483,cutoff
S4_mixed_day,183,7,1008830007,15.384887975025896,0.9326143456215187,cutoff
S4_mixed_day,184,0,1008840000,13.680555555555555,0.8940065151597374,soc_min
S4_mixed_day,184,1,1008840001,13.805555555555555,0.8949160821575664,soc_min
S4_mixed_day,184,2,1008840002,13.76388888888889,0.8929409274044348,soc_min
S4_mixed_day,184,3,1008840003,13.841666666666667,0.8942965604693598,soc_min
S4_mixed_day,184,4,1008840004,13.852777777777778,0.8943171205091319,soc_min
S4_mixed_day,184,5,1008840005,13.772222222222222,0.8959553163524379,soc_min
S4_mixed_day,184,6,1008840006,13.738888888888889,0.8948698635310927,soc_min
S4_mixed_day,184,7,1008840007,13.852777777777778,0.8944976089639548,soc_min
S4_mixed_day,185,0,1008850000,14.533333333333333,0.9416292759840137,soc_min
S4_mixed_day,185,1,1008850001,14.552777777777777,0.942639975768554,soc_min
S4_mixed_day,185,2,1008850002,14.616666666666667,0.9426341200099086,soc_min
S4_mixed_day,185,3,1008850003,14.625,0.9426995087530262,soc_min
S4_mixed_day,185,4,1008850004,14.477777777777778,0.9429369288073515,soc_min
S4_mixed_day,185,5,1008850005,14.605555555555556,0.9428561914305912,soc_min
S4_mixed_day,185,6,1008850006,14.608333333333333,0.9426791031347337,soc_min
S4_mixed_day,185,7,1008850007,14.655555555555555,0.9428679518279527,soc_min
S4_mixed_day,186,0,1008860000,16.403014407526417,0.933256747083121,cutoff
S4_mixed_day,186,1,1008860001,16.42052325462906,0.9333265783623355,cutoff
S4_mixed_day,186,2,1008860002,16.415485160861415,0.9340280562359601,cutoff
S4_mixed_day,186,3,1008860003,16.40509797901644,0.9319113412586068,cutoff
S4_mixed_day,186,4,1008860004,16.36404966391494,0.9287350725024571,cutoff
S4_mixed_day,186,5,1008860005,16.3801641882465,0.9332217842877408,cutoff
S4_mixed_day,186,6,1008860006,16.345343155749667,0.9336732047637551,cutoff
S4_mixed_day,186,7,1008860007,16.43611111111111,0.9335256384011258,cutoff
S4_mixed_day,187,0,1008870000,14.953075996498796,0.9378241695575649,cutoff
S4_mixed_day,187,1,1008870001,14.923412061339473,0.9384001773019501,cutoff
S4_mixed_day,187,2,1008870002,15.008218433522714,0.9377394904480526,cutoff
S4_mixed_day,187,3,1008870003,14.970271982894792,0.9381822452974813,cutoff
S4_mixed_day,187,4,1008870004,14.983641591314957,0.9384132720690351,cutoff
S4_mixed_day,187,5,1008870005,15.051182722931111,0.938364351189141,cutoff
S4_mixed_day,187,6,1008870006,15.057593861730158,0.9378856463038964,cutoff
S4_mixed_day,187,7,1008870007,15.01564015824591,0.9382965443508792,cutoff
S4_mixed_day,188,0,1008880000,13.386111111111111,0.9470317285221153,cutoff
S4_mixed_day,188,1,1008880001,13.347222222222221,0.9470020237404991,cutoff
S4_mixed_day,188,2,1008880002,13.416060630243301,0.9474455577391814,cutoff
S4_mixed_day,188,3,1008880003,13.34376397741282,0.9470314376857303,cutoff
S4_mixed_day,188,4,1008880004,13.338906070721555,0.9475063095128125,cutoff
S4_mixed_day,188,5,1008880005,13.405039404889772,0.9473309817576883,cutoff
S4_mixed_day,188,6,1008880006,13.352777777777778,0.94719892931898,cutoff
S4_mixed_day,188,7,1008880007,13.387393851637492,0.9459865231836452,cutoff
S4_mixed_day,189,0,1008890000,11.094444444444445,0.903013263941906,cutoff
S4_mixed_day,189,1,1008890001,11.025777546803116,0.9035744970963446,cutoff
S4_mixed_day,189,2,1008890002,11.075072553037447,0.9026527785430806,cutoff
S4_mixed_day,189,3,1008890003,11.081990521888557,0.9026292232885408,cutoff
S4_mixed_day,189,4,1008890004,11.021348595148044,0.9025530347430455,cutoff
S4_mixed_day,189,5,1008890005,11.076563342465947,0.9026405547225989,cutoff
S4_mixed_day,189,6,1008890006,11.049398177169156,0.9030517180649523,cutoff
S4_mixed_day,189,7,1008890007,11.101403562780082,0.9029575012831764,cutoff
S4_mixed_day,190,0,1008900000,12.327777777777778,0.953517653698185,soc_min
S4_mixed_day,190,1,1008900001,12.311111111111112,0.9528813646844095,soc_min
S4_mixed_day,190,2,1008900002,12.344444444444445,0.9527553642517583,soc_min
S4_mixed_day,190,3,1008900003,12.41388888888889,0.9525718435434583,soc_min
S4_mixed_day,190,4,1008900004,12.380555555555556,0.9535220959335261,soc_min
S4_mixed_day,190,5,1008900005,12.341666666666667,0.9525439523548485,soc_min
S4_mixed_day,190,6,1008900006,12.391666666666667,0.9526833384398554,soc_min
S4_mixed_day,190,7,1008900007,12.344444444444445,0.9529239393220909,soc_min
S4_mixed_day,191,0,1008910000,11.854695455889825,0.9345301100121042,cutoff
S4_mixed_day,191,1,1008910001,11.867923072129352,0.9347633496501866,cutoff
S4_mixed_day,191,2,1008910002,11.847132908657507,0.9350201665627486,cutoff
S4_mixed_day,191,3,1008910003,11.810666503919187,0.934593500592724,cutoff
S4_mixed_day,191,4,1008910004,11.737129296644012,0.9346972484143783,cutoff
S4_mixed_day,191,5,1008910005,11.86344556393769,0.9349655977575495,cutoff
S4_mixed_day,191,6,1008910006,11.833333333333334,0.9358282703942367,cutoff
S4_mixed_day,191,7,1008910007,11.812022770935412,0.9352942680816169,cutoff
S4_mixed_day,192,0,1008920000,18.98611111111111,0.9540633019923027,soc_min
S4_mixed_day,192,1,1008920001,19.019444444444446,0.9539861080911027,soc_min
S4_mixed_day,192,2,1008920002,19.119444444444444,0.9539729049492831,soc_min
S4_mixed_day,192,3,1008920003,19.05,0.9546171739302904,soc_min
S4_mixed_day,192,4,1008920004,19.030555555555555,0.9542108799054083,soc_min
S4_mixed_day,192,5,1008920005,19.066666666666666,0.9540890766778147,soc_min
S4_mixed_day,192,6,1008920006,19.07777777777778,0.9539893064344841,soc_min
S4_mixed_day,192,7,1008920007,19.055555555555557,0.9544508502166028,soc_min
S4_mixed_day,193,0,1008930000,13.67102222526951,0.9140589410810912,cutoff
S4_mixed_day,193,1,1008930001,13.64891015025974,0.9136900241579349,cutoff
S4_mixed_day,193,2,1008930002,13.655555555555555,0.9135915080687548,cutoff
S4_mixed_day,193,3,1008930003,13.63859934947933,0.9135790520947819,cutoff
S4_mixed_day,193,4,1008930004,13.690385168455045,0.9135166068910562,cutoff
S4_mixed_day,193,5,1008930005,13.601207839609334,0.9139865060772079,cutoff
S4_mixed_day,193,6,1008930006,13.682024499737128,0.913942428041499,cutoff
S4_mixed_day,193,7,1008930007,13.675,0.9136967915214382,cutoff
S4_mixed_day,194,0,1008940000,14.53888888888889,0.9204204481920725,soc_min
S4_mixed_day,194,1,1008940001,14.58611111111111,0.9212227680130838,soc_min
S4_mixed_day,194,2,1008940002,14.561111111111112,0.9201936214635732,soc_min
S4_mixed_day,194,3,1008940003,14.602777777777778,0.9185051359705718,soc_min
S4_mixed_day,194,4,1008940004,14.58611111111111,0.9208520483149195,soc_min
S4_mixed_day,194,5,1008940005,14.622222222222222,0.9200914148443695,soc_min
S4_mixed_day,194,6,1008940006,14.55,0.9207642664782677,soc_min
S4_mixed_day,194,7,1008940007,14.558333333333334,0.9209392124499105,soc_min
S4_mixed_day,195,0,1008950000,18.050494397396058,0.9466600222849197,cutoff
S4_mixed_day,195,1,1008950001,18.058333333333334,0.94669541473631,cutoff
S4_mixed_day,195,2,1008950002,17.984850176210333,0.9472094998713902,cutoff
S4_mixed_day,195,3,1008950003,18.02611561262703,0.9467878428789473,cutoff
S4_mixed_day,195,4,1008950004,18.031576913290493,0.9468495284543136,cutoff
S4_mixed_day,195,5,1008950005,18.069780238215607,0.946942559308237,cutoff
S4_mixed_day,195,6,1008950006,18.069444444444443,0.9470960980449183,cutoff
S4_mixed_day,195,7,1008950007,18.10099015979673,0.947074734724056,cutoff
S4_mixed_day,196,0,1008960000,9.641666666666667,0.9081102670739571,soc_min
S4_mixed_day,196,1,1008960001,9.575,0.9065292796337531,soc_min
S4_mixed_day,196,2,1008960002,9.552777777777777,0.9077659929724317,soc_min
S4_mixed_day,196,3,1008960003,9.613888888888889,0.9071552845157086,soc_min
S4_mixed_day,196,4,1008960004,9.502777777777778,0.9073503968191345,soc_min
S4_mixed_day,196,5,1008960005,9.605555555555556,0.9080384396365001,soc_min
S4_mixed_day,196,6,1008960006,9.694444444444445,0.9073471714222767,soc_min
S4_mixed_day,196,7,1008960007,9.552777777777777,0.907153834347077,soc_min
S4_mixed_day,197,0,1008970000,11.369444444444444,0.9310030507856336,soc_min
S4_mixed_day,197,1,1008970001,11.386111111111111,0.9311008995617744,soc_min
S4_mixed_day,197,2,1008970002,11.341666666666667,0.9305093623430654,soc_min
S4_mixed_day,197,3,1008970003,11.322222222222223,0.9302824733407935,soc_min
S4_mixed_day,197,4,1008970004,11.322222222222223,0.9307563557331068,soc_min
S4_mixed_day,197,5,1008970005,11.297222222222222,0.9306151903488857,soc_min
S4_mixed_day,197,6,1008970006,11.305555555555555,0.930582582489322,soc_min
S4_mixed_day,197,7,1008970007,11.316666666666666,0.9306497263773396,soc_min
S4_mixed_day,198,0,1008980000,16.002777777777776,0.9081639336206953,cutoff
S4_mixed_day,198,1,1008980001,16.00048241802197,0.9087291670778576,cutoff
S4_mixed_day,198,2,1008980002,15.982993637189876,0.9081980090561428,cutoff
S4_mixed_day,198,3,1008980003,16.05155664227526,0.9065442266791103,cutoff
S4_mixed_day,198,4,1008980004,16.012267219206112,0.9089074331181534,cutoff
S4_mixed_day,198,5,1008980005,15.97650696097762,0.9081951935666931,cutoff
S4_mixed_day,198,6,1008980006,15.92452485203797,0.9095408805187292,cutoff
S4_mixed_day,198,7,1008980007,15.96679629483725,0.9082230150165335,cutoff
S4_mixed_day,199,0,1008990000,14.164541991473868,0.9065414553032203,cutoff
S4_mixed_day,199,1,1008990001,14.2,0.9078058569729908,cutoff
S4_mixed_day,199,2,1008990002,14.21719138859867,0.9071961751857841,cutoff
S4_mixed_day,199,3,1008990003,14.125283744884578,0.9079849630331508,cutoff
S4_mixed_day,199,4,1008990004,14.166666666666666,0.9070763821284749,cutoff
S4_mixed_day,199,5,1008990005,14.240999514497346,0.9081056251642448,cutoff
S4_mixed_day,199,6,1008990006,14.225523690887785,0.906976140558654,cutoff
S4_mixed_day,199,7,1008990007,14.233368570803469,0.9081360140934767,cutoff
S4_mixed_day,200,0,1009000000,16.263613600682536,0.946005752298219,cutoff
S4_mixed_day,200,1,1009000001,16.291181251173143,0.9457334904993557,cutoff
S4_mixed_day,200,2,1009000002,16.23645801364452,0.9457987612535302,cutoff
S4_mixed_day,200,3,1009000003,16.258313914877043,0.9456657488188914,cutoff
S4_mixed_day,200,4,1009000004,16.28778168380738,0.9456090543592739,cutoff
S4_mixed_day,200,5,1009000005,16.287086045393224,0.945568744061207,cutoff
S4_mixed_day,200,6,1009000006,16.222533212589546,0.9455492049215148,cutoff
S4_mixed_day,200,7,1009000007,16.287723990540513,0.9457788027205132,cutoff
S4_mixed_day,201,0,1009010000,13.083333333333334,0.9249804889730183,soc_min
S4_mixed_day,201,1,1009010001,13.094444444444445,0.922916735423815,soc_min
S4_mixed_day,201,2,1009010002,13.01388888888889,0.9244811029380984,soc_min
S4_mixed_day,201,3,1009010003,13.125,0.9241613366762248,soc_min
S4_mixed_day,201,4,1009010004,12.991666666666667,0.9240999067130449,soc_min
S4_mixed_day,201,5,1009010005,13.088888888888889,0.9241917755975643,soc_min
S4_mixed_day,201,6,1009010006,13.002777777777778,0.9224948199513063,soc_min
S4_mixed_day,201,7,1009010007,13.01388888888889,0.9248769284038403,soc_min
S4_mixed_day,202,0,1009020000,10.883333333333333,0.9143416507265277,soc_min
S4_mixed_day,202,1,1009020001,10.911111111111111,0.9140359531066155,soc_min
S4_mixed_day,202,2,1009020002,10.827777777777778,0.9144893638612205,soc_min
S4_mixed_day,202,3,1009020003,10.816666666666666,0.9153313513397118,soc_min
S4_mixed_day,202,4,1009020004,10.802777777777777,0.9145165050162984,soc_min
S4_mixed_day,202,5,1009020005,10.855555555555556,0.9152661051370725,soc_min
S4_mixed_day,202,6,1009020006,10.841666666666667,0.914037922403802,soc_min
S4_mixed_day,202,7,1009020007,10.794444444444444,0.9141949326258874,soc_min
S4_mixed_day,203,0,1009030000,16.458199675490686,0.9148825857912172,cutoff
S4_mixed_day,203,1,1009030001,16.47145974548126,0.9156079595746276,cutoff
S4_mixed_day,203,2,1009030002,16.389354032964526,0.9154925195918973,cutoff
S4_mixed_day,203,3,1009030003,16.372989380922366,0.9157047002862739,cutoff
S4_mixed_day,203,4,1009030004,16.31111111111111,0.9154648356155011,cutoff
S4_mixed_day,203,5,1009030005,16.419314212334346,0.9154876818783446,cutoff
S4_mixed_day,203,6,1009030006,16.425,0.9155012409307931,cutoff
S4_mixed_day,203,7,1009030007,16.458333333333332,0.9158425633123186,cutoff
S4_mixed_day,204,0,1009040000,15.258333333333333,0.9448010860506175,soc_min
S4_mixed_day,204,1,1009040001,15.188888888888888,0.9458783986592402,soc_min
S4_mixed_day,204,2,1009040002,15.258333333333333,0.9456878109721334,soc_min
S4_mixed_day,204,3,1009040003,15.377777777777778,0.9453989838109408,soc_min
S4_mixed_day,204,4,1009040004,15.219444444444445,0.9450263378454741,soc_min
S4_mixed_day,204,5,1009040005,15.305555555555555,0.9452356812682013,soc_min
S4_mixed_day,204,6,1009040006,15.302777777777777,0.944817858041862,soc_min
S4_mixed_day,204,7,1009040007,15.322222222222223,0.945100916178698,soc_min
S4_mixed_day,205,0,1009050000,10.705555555555556,0.9265854320356195,cutoff
S4_mixed_day,205,1,1009050001,10.705682369869095,0.9275474508634765,cutoff
S4_mixed_day,205,2,1009050002,10.72120250575843,0.9262705362403224,cutoff
S4_mixed_day,205,3,1009050003,10.719190879886726,0.9278601937601916,cutoff
S4_mixed_day,205,4,1009050004,10.717994975634067,0.9274451741987421,cutoff
S4_mixed_day,205,5,1009050005,10.657597455293306,0.9265085459105071,cutoff
S4_mixed_day,205,6,1009050006,10.731608875285916,0.9270073320408586,cutoff
S4_mixed_day,205,7,1009050007,10.660083361820764,0.9269069733493541,cutoff
S4_mixed_day,206,0,1009060000,16.297959376194964,0.9250368801513091,cutoff
S4_mixed_day,206,1,1009060001,16.269140236560588,0.924225197994377,cutoff
S4_mixed_day,206,2,1009060002,16.239088696580243,0.9239582974548023,cutoff
S4_mixed_day,206,3,1009060003,16.14592856850968,0.9241712947607648,cutoff
S4_mixed_day,206,4,1009060004,16.184948748984304,0.9242778906275445,cutoff
S4_mixed_day,206,5,1009060005,16.165058317104076,0.9241622906767509,cutoff
S4_mixed_day,206,6,1009060006,16.20277777777778,0.9247051346976343,cutoff
S4_mixed_day,206,7,1009060007,16.167557721096955,0.9234072699434388,cutoff
S4_mixed_day,207,0,1009070000,17.30487537581627,0.928299883965665,cutoff
S4_mixed_day,207,1,1009070001,17.29376443799396,0.9278817517989184,cutoff
S4_mixed_day,207,2,1009070002,17.20270936190923,0.9288429788600936,cutoff
S4_mixed_day,207,3,1009070003,17.323272102544948,0.9292819378908742,cutoff
S4_mixed_day,207,4,1009070004,17.286574555031983,0.92789005772807,cutoff
S4_mixed_day,207,5,1009070005,17.243614026278486,0.927871493501199,cutoff
S4_mixed_day,207,6,1009070006,17.233544989556208,0.9285123072667218,cutoff
S4_mixed_day,207,7,1009070007,17.269444444444446,0.9286990785546511,cutoff
S4_mixed_day,208,0,1009080000,9.311111111111112,0.9314424836423255,cutoff
S4_mixed_day,208,1,1009080001,9.367881519940523,0.9313204226557552,cutoff
S4_mixed_day,208,2,1009080002,9.302381924266516,0.9310609226066302,cutoff
S4_mixed_day,208,3,1009080003,9.327777777777778,0.9311016747900217,cutoff
S4_mixed_day,208,4,1009080004,9.317615617399701,0.9313547644099607,cutoff
S4_mixed_day,208,5,1009080005,9.352605792769102,0.9307622710351154,cutoff
S4_mixed_day,208,6,1009080006,9.404314406109782,0.9312809841478433,cutoff
S4_mixed_day,208,7,1009080007,9.281217110403851,0.9307161813421729,cutoff
S4_mixed_day,209,0,1009090000,8.23644969891571,0.876293053089031,cutoff
S4_mixed_day,209,1,1009090001,8.188979687183178,0.8781725877120137,cutoff
S4_mixed_day,209,2,1009090002,8.183333333333334,0.8781293076133473,cutoff
S4_mixed_day,209,3,1009090003,8.132917572110694,0.8761611068253833,cutoff
S4_mixed_day,209,4,1009090004,8.119295710948647,0.8762433735548173,cutoff
S4_mixed_day,209,5,1009090005,8.237357442374183,0.8764687636560058,cutoff
S4_mixed_day,209,6,1009090006,8.208883904463573,0.8774319090566243,cutoff
S4_mixed_day,209,7,1009090007,8.194444444444445,0.8781732389046013,cutoff
S4_mixed_day,210,0,1009100000,13.743610284971469,0.9381524504175505,cutoff
S4_mixed_day,210,1,1009100001,13.760161548636098,0.9386426685313101,cutoff
S4_mixed_day,210,2,1009100002,13.789568361896315,0.9381023991337616,cutoff
S4_mixed_day,210,3,1009100003,13.735462128304167,0.9385955840672404,cutoff
S4_mixed_day,210,4,1009100004,13.824440462083766,0.9391752028543336,cutoff
S4_mixed_day,210,5,1009100005,13.805555555555555,0.9390995196400913,cutoff
S4_mixed_day,210,6,1009100006,13.741016669371893,0.9380846072113611,cutoff
S4_mixed_day,210,7,1009100007,13.769444444444444,0.9392499782680541,cutoff
S4_mixed_day,211,0,1009110000,8.33423404839318,0.926211391924204,cutoff
S4_mixed_day,211,1,1009110001,8.354228331722581,0.9266428374233279,cutoff
S4_mixed_day,211,2,1009110002,8.314971406770502,0.9262933333881123,cutoff
S4_mixed_day,211,3,1009110003,8.361603145443468,0.9264485200848692,cutoff
S4_mixed_day,211,4,1009110004,8.377480824498429,0.9274056686298592,cutoff
S4_mixed_day,211,5,1009110005,8.333367083949216,0.927360856248181,cutoff
S4_mixed_day,211,6,1009110006,8.322960244989195,0.9273338198207232,cutoff
S4_mixed_day,211,7,1009110007,8.34941155128721,0.926661901288959,cutoff
S4_mixed_day,212,0,1009120000,15.353056427323652,0.9262998301850962,cutoff
S4_mixed_day,212,1,1009120001,15.38153407339508,0.9261346667305059,cutoff
S4_mixed_day,212,2,1009120002,15.358807245064035,0.9273816907466956,cutoff
S4_mixed_day,212,3,1009120003,15.338775724975312,0.9274833971799367,cutoff
S4_mixed_day,212,4,1009120004,15.302777777777777,0.927798425395999,cutoff
S4_mixed_day,212,5,1009120005,15.349324284839325,0.9276324358595142,cutoff
S4_mixed_day,212,6,1009120006,15.33611111111111,0.9273149386714872,cutoff
S4_mixed_day,212,7,1009120007,15.311210043890062,0.9285794452432882,cutoff
S4_mixed_day,213,0,1009130000,12.893558859986138,0.9490106745281638,cutoff
S4_mixed_day,213,1,1009130001,12.819225585418458,0.947939267348908,cutoff
S4_mixed_day,213,2,1009130002,12.77943079490745,0.948062568059372,cutoff
S4_mixed_day,213,3,1009130003,12.881484328418127,0.947988482704429,cutoff
S4_mixed_day,213,4,1009130004,12.695934647282698,0.9479516553863289,cutoff
S4_mixed_day,213,5,1009130005,12.856353144744972,0.9481126691318031,cutoff
S4_mixed_day,213,6,1009130006,12.71928715281631,0.9489090247858079,cutoff
S4_mixed_day,213,7,1009130007,12.828299391749233,0.9481417940241114,cutoff
S4_mixed_day,214,0,1009140000,9.247582564338526,0.9377121608091701,cutoff
S4_mixed_day,214,1,1009140001,9.275,0.9375076453794914,cutoff
S4_mixed_day,214,2,1009140002,9.280125808893546,0.937588441318541,cutoff
S4_mixed_day,214,3,1009140003,9.247872446701308,0.9378027010764932,cutoff
S4_mixed_day,214,4,1009140004,9.221720375811373,0.9374028234753922,cutoff
S4_mixed_day,214,5,1009140005,9.272492950616538,0.9386383297234385,cutoff
S4_mixed_day,214,6,1009140006,9.258758723644661,0.9375304576441535,cutoff
S4_mixed_day,214,7,1009140007,9.26974504942825,0.937450822817145,cutoff
S4_mixed_day,215,0,1009150000,13.26388888888889,0.916312432142335,soc_min
S4_mixed_day,215,1,1009150001,13.233333333333333,0.9165555298920043,soc_min
S4_mixed_day,215,2,1009150002,13.286111111111111,0.9172145003578495,soc_min
S4_mixed_day,215,3,1009150003,13.28888888888889,0.9168556947325855,soc_min
S4_mixed_day,215,4,1009150004,13.341666666666667,0.9163935254307973,soc_min
S4_mixed_day,215,5,1009150005,13.3,0.9161826662474559,soc_min
S4_mixed_day,215,6,1009150006,13.305555555555555,0.9170800717668898,soc_min
S4_mixed_day,215,7,1009150007,13.330555555555556,0.916307803681644,soc_min
S4_mixed_day,216,0,1009160000,16.669343732126357,0.9357415828619596,cutoff
S4_mixed_day,216,1,1009160001,16.560227020555793,0.9355586367967694,cutoff
S4_mixed_day,216,2,1009160002,16.55645168410788,0.9365451374404198,cutoff
S4_mixed_day,216,3,1009160003,16.6828884143371,0.935636149405861,cutoff
S4_mixed_day,216,4,1009160004,16.481990803540988,0.9357856410672212,cutoff
S4_mixed_day,216,5,1009160005,16.53801206221725,0.9348280568693038,cutoff
S4_mixed_day,216,6,1009160006,16.564537902925835,0.9360856061803906,cutoff
S4_mixed_day,216,7,1009160007,16.516666666666666,0.9357199829824909,cutoff
S4_mixed_day,217,0,1009170000,8.729228829771307,0.9282043680179856,cutoff
S4_mixed_day,217,1,1009170001,8.732718993264479,0.9283434415941466,cutoff
S4_mixed_day,217,2,1009170002,8.696800565927695,0.9281434567882502,cutoff
S4_mixed_day,217,3,1009170003,8.714528909043272,0.9281470337272805,cutoff
S4_mixed_day,217,4,1009170004,8.666666666666666,0.9281282872927782,cutoff
S4_mixed_day,217,5,1009170005,8.690463735979655,0.928407908991253,cutoff
S4_mixed_day,217,6,1009170006,8.683151049657496,0.9284731197640583,cutoff
S4_mixed_day,217,7,1009170007,8.69991141608533,0.9247768003166391,cutoff
S4_mixed_day,218,0,1009180000,11.447222222222223,0.9264746346349777,cutoff
S4_mixed_day,218,1,1009180001,11.497222222222222,0.9274839616670112,cutoff
S4_mixed_day,218,2,1009180002,11.495704510065021,0.9264823014493284,cutoff
S4_mixed_day,218,3,1009180003,11.457870179930866,0.9270058363462358,cutoff
S4_mixed_day,218,4,1009180004,11.486378112728096,0.9274082432581451,cutoff
S4_mixed_day,218,5,1009180005,11.467892197236106,0.9262731057990976,cutoff
S4_mixed_day,218,6,1009180006,11.542551917553455,0.9265278410325235,cutoff
S4_mixed_day,218,7,1009180007,11.438778409187915,0.9272436595364754,cutoff
S4_mixed_day,219,0,1009190000,14.788541230387773,0.9211486062093127,cutoff
S4_mixed_day,219,1,1009190001,14.683333333333334,0.9202962797451038,cutoff
S4_mixed_day,219,2,1009190002,14.733547081171022,0.92056047953403,cutoff
S4_mixed_day,219,3,1009190003,14.75,0.9201248329007573,cutoff
S4_mixed_day,219,4,1009190004,14.697262671522688,0.9203958251664184,cutoff
S4_mixed_day,219,5,1009190005,14.694444444444445,0.9201255768640156,cutoff
S4_mixed_day,219,6,1009190006,14.741415718724076,0.9199473931529123,cutoff
S4_mixed_day,219,7,1009190007,14.837207777152917,0.9196440919983035,cutoff
S4_mixed_day,220,0,1009200000,16.016666666666666,0.923413610615375,soc_min
S4_mixed_day,220,1,1009200001,16.044444444444444,0.9236773756491183,soc_min
S4_mixed_day,220,2,1009200002,16.055555555555557,0.9232859829890758,soc_min
S4_mixed_day,220,3,1009200003,16.113888888888887,0.9242704710718188,soc_min
S4_mixed_day,220,4,1009200004,16.052777777777777,0.9231590729846729,soc_min
S4_mixed_day,220,5,1009200005,16.130555555555556,0.9231892886584703,soc_min
S4_mixed_day,220,6,1009200006,16.147222222222222,0.9236342789149645,soc_min
S4_mixed_day,220,7,1009200007,16.166666666666668,0.9232393415466734,soc_min
S4_mixed_day,221,0,1009210000,12.405555555555555,0.9208721472881063,soc_min
S4_mixed_day,221,1,1009210001,12.438888888888888,0.9142658898991833,soc_min
S4_mixed_day,221,2,1009210002,12.405555555555555,0.9206291120345204,soc_min
S4_mixed_day,221,3,1009210003,12.397222222222222,0.9205336646617438,soc_min
S4_mixed_day,221,4,1009210004,12.422222222222222,0.9212937402593873,soc_min
S4_mixed_day,221,5,1009210005,12.380555555555556,0.9206324981577771,soc_min
S4_mixed_day,221,6,1009210006,12.427777777777777,0.9211065890947883,soc_min
S4_mixed_day,221,7,1009210007,12.48611111111111,0.9208159547438588,soc_min
S4_mixed_day,222,0,1009220000,15.578759188141058,0.9534833447508606,cutoff
S4_mixed_day,222,1,1009220001,15.450749243840873,0.9526056543790133,cutoff
S4_mixed_day,222,2,1009220002,15.592575240883628,0.952812545286257,cutoff
S4_mixed_day,222,3,1009220003,15.462881480063231,0.9524224955243619,cutoff
S4_mixed_day,222,4,1009220004,15.488041003388307,0.9524460876684375,cutoff
S4_mixed_day,222,5,1009220005,15.554355754577799,0.9525376999998355,cutoff
S4_mixed_day,222,6,1009220006,15.488467227545186,0.952501007034828,cutoff
S4_mixed_day,222,7,1009220007,15.575,0.9525583000971195,cutoff
S4_mixed_day,223,0,1009230000,11.752777777777778,0.9216954716832345,cutoff
S4_mixed_day,223,1,1009230001,11.786511837532982,0.9218016995492921,cutoff
S4_mixed_day,223,2,1009230002,11.808428836289789,0.9204156822380062,cutoff
S4_mixed_day,223,3,1009230003,11.830594590183713,0.9218722432341552,cutoff
S4_mixed_day,223,4,1009230004,11.777777777777779,0.9208146965225118,cutoff
S4_mixed_day,223,5,1009230005,11.78891221541349,0.9212665195281553,cutoff
S4_mixed_day,223,6,1009230006,11.752017078776133,0.9213188648129831,cutoff
S4_mixed_day,223,7,1009230007,11.80968273596735,0.9206652676626186,cutoff
S4_mixed_day,224,0,1009240000,16.791666666666668,0.9239510335662505,soc_min
S4_mixed_day,224,1,1009240001,16.875,0.923383252599377,soc_min
S4_mixed_day,224,2,1009240002,16.758333333333333,0.9238475622504078,soc_min
S4_mixed_day,224,3,1009240003,16.816666666666666,0.9246062169810497,soc_min
S4_mixed_day,224,4,1009240004,16.783333333333335,0.9238769417666989,soc_min
S4_mixed_day,224,5,1009240005,16.755555555555556,0.9238748050391076,soc_min
S4_mixed_day,224,6,1009240006,16.780555555555555,0.9247758201664847,soc_min
S4_mixed_day,224,7,1009240007,16.822222222222223,0.9237516369453017,soc_min
S4_mixed_day,225,0,1009250000,11.219444444444445,0.9414502467323528,soc_min
S4_mixed_day,225,1,1009250001,11.222222222222221,0.9418005036457597,soc_min
S4_mixed_day,225,2,1009250002,11.202777777777778,0.94182576739866,soc_min
S4_mixed_day,225,3,1009250003,11.258333333333333,0.9415676163128575,soc_min
S4_mixed_day,225,4,1009250004,11.205555555555556,0.9424605847844912,soc_min
S4_mixed_day,225,5,1009250005,11.233333333333333,0.9425464084067865,soc_min
S4_mixed_day,225,6,1009250006,11.247222222222222,0.9419063240288792,soc_min
S4_mixed_day,225,7,1009250007,11.183333333333334,0.9420057135647446,soc_min
S4_mixed_day,226,0,1009260000,17.030555555555555,0.9249111214312685,soc_min
S4_mixed_day,226,1,1009260001,17.069444444444443,0.9243645356276211,soc_min
S4_mixed_day,226,2,1009260002,17.01388888888889,0.9241757670528489,soc_min
S4_mixed_day,226,3,1009260003,17.044444444444444,0.924485587935388,soc_min
S4_mixed_day,226,4,1009260004,16.969444444444445,0.9246262850157523,soc_min
S4_mixed_day,226,5,1009260005,16.92222222222222,0.9243261195282971,soc_min
S4_mixed_day,226,6,1009260006,17.091666666666665,0.9252675585194949,soc_min
S4_mixed_day,226,7,1009260007,17.066666666666666,0.9238738909998783,soc_min
S4_mixed_day,227,0,1009270000,15.947222222222223,0.951992493965832,soc_min
S4_mixed_day,227,1,1009270001,15.947222222222223,0.9518668376431301,soc_min
S4_mixed_day,227,2,1009270002,15.938888888888888,0.9524389164132776,soc_min
S4_mixed_day,227,3,1009270003,15.983333333333333,0.9517876262400304,soc_min
S4_mixed_day,227,4,1009270004,15.941666666666666,0.9518662968899048,soc_min
S4_mixed_day,227,5,1009270005,15.941666666666666,0.952306445566863,soc_min
S4_mixed_day,227,6,1009270006,15.952777777777778,0.9521894719742656,soc_min
S4_mixed_day,227,7,1009270007,15.958333333333334,0.9520307068755814,soc_min
S4_mixed_day,228,0,1009280000,11.476461700033989,0.9434921147010238,cutoff
S4_mixed_day,228,1,1009280001,11.500727455267617,0.9437662073171773,cutoff
S4_mixed_day,228,2,1009280002,11.485252248101965,0.9436391526722037,cutoff
S4_mixed_day,228,3,1009280003,11.45581539412632,0.9435131340649581,cutoff
S4_mixed_day,228,4,1009280004,11.47485963939823,0.9435888598684445,cutoff
S4_mixed_day,228,5,1009280005,11.441666666666666,0.9438762672524981,cutoff
S4_mixed_day,228,6,1009280006,11.502777777777778,0.9437369490551293,cutoff
S4_mixed_day,228,7,1009280007,11.544836488044227,0.9441622356783949,cutoff
S4_mixed_day,229,0,1009290000,13.268452899145768,0.9507970109369601,cutoff
S4_mixed_day,229,1,1009290001,13.276657076703994,0.9503417334002581,cutoff
S4_mixed_day,229,2,1009290002,13.30963759704408,0.9508960720434245,cutoff
S4_mixed_day,229,3,1009290003,13.170880866705113,0.9500005473719719,cutoff
S4_mixed_day,229,4,1009290004,13.297222222222222,0.9512796306257,cutoff
S4_mixed_day,229,5,1009290005,13.247222222222222,0.9506569737118478,cutoff
S4_mixed_day,229,6,1009290006,13.244881731981806,0.9507524381105686,cutoff
S4_mixed_day,229,7,1009290007,13.205555555555556,0.9506690916986318,cutoff
S4_mixed_day,230,0,1009300000,10.558333333333334,0.8990032918917099,soc_min
S4_mixed_day,230,1,1009300001,10.572222222222223,0.9009660182472107,soc_min
S4_mixed_day,230,2,1009300002,10.605555555555556,0.9002384057503838,soc_min
S4_mixed_day,230,3,1009300003,10.594444444444445,0.9008331927745238,soc_min
S4_mixed_day,230,4,1009300004,10.63888888888889,0.9003366286924238,soc_min
S4_mixed_day,230,5,1009300005,10.661111111111111,0.9008204094598355,soc_min
S4_mixed_day,230,6,1009300006,10.65,0.9000961128931365,soc_min
S4_mixed_day,230,7,1009300007,10.630555555555556,0.9004165956232348,soc_min
S4_mixed_day,231,0,1009310000,15.047222222222222,0.9366715737428131,cutoff
S4_mixed_day,231,1,1009310001,15.075,0.936279573443972,cutoff
S4_mixed_day,231,2,1009310002,15.092049572467422,0.9362372917582695,cutoff
S4_mixed_day,231,3,1009310003,15.16961365482427,0.9366761209873827,cutoff
S4_mixed_day,231,4,1009310004,15.087643692161095,0.9368818454694104,cutoff
S4_mixed_day,231,5,1009310005,15.09239605687743,0.9363602513596583,cutoff
S4_mixed_day,231,6,1009310006,15.148244571995317,0.9348904494165202,cutoff
S4_mixed_day,231,7,1009310007,15.129054832831535,0.9361879411716836,cutoff
S4_mixed_day,232,0,1009320000,19.462796826281885,0.9448604016023279,cutoff
S4_mixed_day,232,1,1009320001,19.428496698359396,0.9448100423363311,cutoff
S4_mixed_day,232,2,1009320002,19.413888888888888,0.9448075609655275,cutoff
S4_mixed_day,232,3,1009320003,19.3487359939067,0.9454473289716763,cutoff
S4_mixed_day,232,4,1009320004,19.44644186815063,0.9448645927298305,cutoff
S4_mixed_day,232,5,1009320005,19.413874221774442,0.9459932670105563,cutoff
S4_mixed_day,232,6,1009320006,19.543530931310894,0.9460040541286522,cutoff
S4_mixed_day,232,7,1009320007,19.46030155031742,0.9448948452091909,cutoff
S4_mixed_day,233,0,1009330000,14.791666666666666,0.929694161702982,cutoff
S4_mixed_day,233,1,1009330001,14.925949638386315,0.9294396337059525,cutoff
S4_mixed_day,233,2,1009330002,14.948951622288789,0.9292015901598475,cutoff
S4_mixed_day,233,3,1009330003,14.857572710983147,0.9288677657133075,cutoff
S4_mixed_day,233,4,1009330004,14.902777777777779,0.9292243753202906,cutoff
S4_mixed_day,233,5,1009330005,14.91640837476755,0.9291391983714847,cutoff
S4_mixed_day,233,6,1009330006,14.958840177691394,0.9293270824892007,cutoff
S4_mixed_day,233,7,1009330007,14.936471408977354,0.9294530797328149,cutoff
S4_mixed_day,234,0,1009340000,14.332011118949957,0.9287831296272286,cutoff
S4_mixed_day,234,1,1009340001,14.404525336109433,0.9281716603327189,cutoff
S4_mixed_day,234,2,1009340002,14.2648926023694,0.9279287394994881,cutoff
S4_mixed_day,234,3,1009340003,14.366345179008485,0.9277622566140029,cutoff
S4_mixed_day,234,4,1009340004,14.347222222222221,0.9278158730158559,cutoff
S4_mixed_day,234,5,1009340005,14.273554620715922,0.9275320742150346,cutoff
S4_mixed_day,234,6,1009340006,14.336657033891518,0.9279546418533886,cutoff
S4_mixed_day,234,7,1009340007,14.29766153756584,0.9276925636642773,cutoff
S4_mixed_day,235,0,1009350000,19.108333333333334,0.9499726896772813,soc_min
S4_mixed_day,235,1,1009350001,19.09722222222222,0.9496709151784377,soc_min
S4_mixed_day,235,2,1009350002,19.125,0.9496612726292044,soc_min
S4_mixed_day,235,3,1009350003,19.125,0.9499589966310863,soc_min
S4_mixed_day,235,4,1009350004,19.113888888888887,0.9498798716462021,soc_min
S4_mixed_day,235,5,1009350005,19.102777777777778,0.9496150410735051,soc_min
S4_mixed_day,235,6,1009350006,19.175,0.949981255652611,soc_min
S4_mixed_day,235,7,1009350007,19.1,0.9503280530724413,soc_min
S4_mixed_day,236,0,1009360000,13.991666666666667,0.941134862755838,cutoff
S4_mixed_day,236,1,1009360001,14.187757248380764,0.9412207195027411,cutoff
S4_mixed_day,236,2,1009360002,14.05,0.9415808636634418,cutoff
S4_mixed_day,236,3,1009360003,13.991666666666667,0.9423708673314017,cutoff
S4_mixed_day,236,4,1009360004,14.034299561416915,0.9414095025542546,cutoff
S4_mixed_day,236,5,1009360005,14.030555555555555,0.9419779098705688,cutoff
S4_mixed_day,236,6,1009360006,14.125,0.9413840718013697,cutoff
S4_mixed_day,236,7,1009360007,14.100138427773908,0.9412580341240483,cutoff
S4_mixed_day,237,0,1009370000,12.055852709413262,0.924776037568046,cutoff
S4_mixed_day,237,1,1009370001,11.997585395020735,0.9236932353375726,cutoff
S4_mixed_day,237,2,1009370002,12.026249779273478,0.9247179609423702,cutoff
S4_mixed_day,237,3,1009370003,12.063484170323875,0.9245705465803231,cutoff
S4_mixed_day,237,4,1009370004,11.994444444444444,0.9247938794040954,cutoff
S4_mixed_day,237,5,1009370005,11.997222222222222,0.9248714891772829,cutoff
S4_mixed_day,237,6,1009370006,12.021261186112731,0.9248288397046122,cutoff
S4_mixed_day,237,7,1009370007,12.097222222222221,0.9250123181360155,cutoff
S4_mixed_day,238,0,1009380000,11.552777777777777,0.8968895928401114,soc_min
S4_mixed_day,238,1,1009380001,11.497222222222222,0.8963822472490134,soc_min
S4_mixed_day,238,2,1009380002,11.55,0.8968196067860693,soc_min
S4_mixed_day,238,3,1009380003,11.469444444444445,0.8977173258496774,soc_min
S4_mixed_day,238,4,1009380004,11.488888888888889,0.8975337673026522,soc_min
S4_mixed_day,238,5,1009380005,11.602777777777778,0.8968512445993903,soc_min
S4_mixed_day,238,6,1009380006,11.519444444444444,0.8977223620620299,soc_min
S4_mixed_day,238,7,1009380007,11.53888888888889,0.896726140438468,soc_min
S4_mixed_day,239,0,1009390000,8.271412996344123,0.9126682766761457,cutoff
S4_mixed_day,239,1,1009390001,8.196492261415447,0.9126552269526387,cutoff
S4_mixed_day,239,2,1009390002,8.241460318940604,0.9125281389633235,cutoff
S4_mixed_day,239,3,1009390003,8.222512159847238,0.9133944681081952,cutoff
S4_mixed_day,239,4,1009390004,8.2180412312341,0.9121973201117537,cutoff
S4_mixed_day,239,5,1009390005,8.220611295244264,0.9126623717936222,cutoff
S4_mixed_day,239,6,1009390006,8.260171196094989,0.9130856229021612,cutoff
S4_mixed_day,239,7,1009390007,8.220211790086767,0.9135095730417687,cutoff
S4_mixed_day,240,0,1009400000,13.943794457077189,0.950438299477026,cutoff
S4_mixed_day,240,1,1009400001,13.907949957001552,0.9493750714749662,cutoff
S4_mixed_day,240,2,1009400002,13.991552961552923,0.9495077176526727,cutoff
S4_mixed_day,240,3,1009400003,13.973369666362364,0.9495619821875584,cutoff
S4_mixed_day,240,4,1009400004,13.870528457906438,0.9499954980558236,cutoff
S4_mixed_day,240,5,1009400005,13.947550969181927,0.9496614574871702,cutoff
S4_mixed_day,240,6,1009400006,13.958333333333334,0.950456268804063,cutoff
S4_mixed_day,240,7,1009400007,13.920648792405673,0.9495218039352242,cutoff
S4_mixed_day,241,0,1009410000,7.570617468959202,0.8990195513425193,cutoff
S4_mixed_day,241,1,1009410001,7.577487864365956,0.8983383884162993,cutoff
S4_mixed_day,241,2,1009410002,7.572222222222222,0.8995217094629949,cutoff
S4_mixed_day,241,3,1009410003,7.557260019086796,0.8994034540733226,cutoff
S4_mixed_day,241,4,1009410004,7.556517005128551,0.8984238613693664,cutoff
S4_mixed_day,241,5,1009410005,7.622091562439036,0.8985508710057066,cutoff
S4_mixed_day,241,6,1009410006,7.579413300088877,0.8983062716282868,cutoff
S4_mixed_day,241,7,1009410007,7.562313526760348,0.8995110752499463,cutoff
S4_mixed_day,242,0,1009420000,12.11111111111111,0.9358493325721818,soc_min
S4_mixed_day,242,1,1009420001,12.11111111111111,0.9358386539853014,soc_min
S4_mixed_day,242,2,1009420002,12.055555555555555,0.9344912284648969,soc_min
S4_mixed_day,242,3,1009420003,12.152777777777779,0.934832462577599,soc_min
S4_mixed_day,242,4,1009420004,12.091666666666667,0.934693845492604,soc_min
S4_mixed_day,242,5,1009420005,12.119444444444444,0.9344520157848984,soc_min
S4_mixed_day,242,6,1009420006,12.105555555555556,0.9348154482889994,soc_min
S4_mixed_day,242,7,1009420007,12.088888888888889,0.9345431477100871,soc_min
S4_mixed_day,243,0,1009430000,14.016666666666667,0.9368717666836349,soc_min
S4_mixed_day,243,1,1009430001,13.958333333333334,0.9368598954733323,soc_min
S4_mixed_day,243,2,1009430002,13.955555555555556,0.9368582125771363,soc_min
S4_mixed_day,243,3,1009430003,13.952777777777778,0.936245299385571,soc_min
S4_mixed_day,243,4,1009430004,13.980555555555556,0.936904404301035,soc_min
S4_mixed_day,243,5,1009430005,14.0,0.9362453766554503,soc_min
S4_mixed_day,243,6,1009430006,13.983333333333333,0.9364939734770353,soc_min
S4_mixed_day,243,7,1009430007,13.944444444444445,0.9362843289078797,soc_min
S4_mixed_day,244,0,1009440000,19.163888888888888,0.9391443555177071,soc_min
S4_mixed_day,244,1,1009440001,19.269444444444446,0.9392224786571791,soc_min
S4_mixed_day,244,2,1009440002,19.180555555555557,0.9392865884569506,soc_min
S4_mixed_day,244,3,1009440003,19.238888888888887,0.9393797711029073,soc_min
S4_mixed_day,244,4,1009440004,19.133333333333333,0.9388337564795358,soc_min
S4_mixed_day,244,5,1009440005,19.258333333333333,0.9391774283108554,soc_min
S4_mixed_day,244,6,1009440006,19.211111111111112,0.9390471468531685,soc_min
S4_mixed_day,244,7,1009440007,19.258333333333333,0.9376056200194682,soc_min
S4_mixed_day,245,0,1009450000,10.311111111111112,0.9217865578739309,soc_min
S4_mixed_day,245,1,1009450001,10.3,0.9232419329657641,soc_min
S4_mixed_day,245,2,1009450002,10.23611111111111,0.9221958536703342,soc_min
S4_mixed_day,245,3,1009450003,10.297222222222222,0.9227302952033255,soc_min
S4_mixed_day,245,4,1009450004,10.297222222222222,0.9221183241324616,soc_min
S4_mixed_day,245,5,1009450005,10.275,0.9220808789201111,soc_min
S4_mixed_day,245,6,1009450006,10.316666666666666,0.9229853099361558,soc_min
S4_mixed_day,245,7,1009450007,10.297222222222222,0.9220493741700179,soc_min
S4_mixed_day,246,0,1009460000,11.291666666666666,0.9286910652668289,soc_min
S4_mixed_day,246,1,1009460001,11.344444444444445,0.9294192045328546,soc_min
S4_mixed_day,246,2,1009460002,11.33611111111111,0.9294087340753235,soc_min
S4_mixed_day,246,3,1009460003,11.305555555555555,0.9291359813577315,soc_min
S4_mixed_day,246,4,1009460004,11.322222222222223,0.9290322180582787,soc_min
S4_mixed_day,246,5,1009460005,11.319444444444445,0.9293744179006539,soc_min
S4_mixed_day,246,6,1009460006,11.266666666666667,0.9288413559675259,soc_min
S4_mixed_day,246,7,1009460007,11.313888888888888,0.9283471325169322,soc_min
S4_mixed_day,247,0,1009470000,10.324214427915924,0.9227448560410098,cutoff
S4_mixed_day,247,1,1009470001,10.297222222222222,0.9238219910435007,cutoff
S4_mixed_day,247,2,1009470002,10.29289906843782,0.9237962134801339,cutoff
S4_mixed_day,247,3,1009470003,10.323150657876704,0.9238602524737494,cutoff
S4_mixed_day,247,4,1009470004,10.312867798461827,0.9228748681722344,cutoff
S4_mixed_day,247,5,1009470005,10.314358810730681,0.9238164874354896,cutoff
S4_mixed_day,247,6,1009470006,10.345646064634707,0.9223667735177113,cutoff
S4_mixed_day,247,7,1009470007,10.29241236106026,0.9222752746925195,cutoff
S4_mixed_day,248,0,1009480000,12.86835583452925,0.9166231675097066,cutoff
S4_mixed_day,248,1,1009480001,12.986651121196367,0.9154736626259529,cutoff
S4_mixed_day,248,2,1009480002,12.96976707006548,0.9165312311695895,cutoff
S4_mixed_day,248,3,1009480003,12.938245911442424,0.9162311935951356,cutoff
S4_mixed_day,248,4,1009480004,12.930453980230036,0.9163715482741963,cutoff
S4_mixed_day,248,5,1009480005,12.929957892748048,0.9156642800716009,cutoff
S4_mixed_day,248,6,1009480006,12.937599665016313,0.915972165897993,cutoff
S4_mixed_day,248,7,1009480007,12.90482522200442,0.916219164951947,cutoff
S4_mixed_day,249,0,1009490000,11.441666666666666,0.926298968797093,soc_min
S4_mixed_day,249,1,1009490001,11.405555555555555,0.9257015693757582,soc_min
S4_mixed_day,249,2,1009490002,11.402777777777779,0.9188298550280692,soc_min
S4_mixed_day,249,3,1009490003,11.397222222222222,0.9256137119095309,soc_min
S4_mixed_day,249,4,1009490004,11.394444444444444,0.926089159532074,soc_min
S4_mixed_day,249,5,1009490005,11.491666666666667,0.926284286455517,soc_min
S4_mixed_day,249,6,1009490006,11.330555555555556,0.9268107104611484,soc_min
S4_mixed_day,249,7,1009490007,11.45,0.9263171336322881,soc_min
S4_mixed_day,250,0,1009500000,11.947222222222223,0.9424501753070192,soc_min
S4_mixed_day,250,1,1009500001,11.980555555555556,0.9430440956554027,soc_min
S4_mixed_day,250,2,1009500002,11.944444444444445,0.9429273447208499,soc_min
S4_mixed_day,250,3,1009500003,11.98611111111111,0.9428098787195207,soc_min
S4_mixed_day,250,4,1009500004,12.03888888888889,0.9424657304288366,soc_min
S4_mixed_day,250,5,1009500005,12.022222222222222,0.9427656194495597,soc_min
S4_mixed_day,250,6,1009500006,11.955555555555556,0.9430137947309105,soc_min
S4_mixed_day,250,7,1009500007,12.069444444444445,0.9426038086347183,soc_min
S4_mixed_day,251,0,1009510000,11.620707198241575,0.933878339581467,cutoff
S4_mixed_day,251,1,1009510001,11.575,0.9328142395314134,cutoff
S4_mixed_day,251,2,1009510002,11.644444444444444,0.932657058657582,cutoff
S4_mixed_day,251,3,1009510003,11.603609021397684,0.9323856351653158,cutoff
S4_mixed_day,251,4,1009510004,11.629535339658798,0.9327912733233718,cutoff
S4_mixed_day,251,5,1009510005,11.540647282445574,0.9324551959740248,cutoff
S4_mixed_day,251,6,1009510006,11.618463424543995,0.9327306049481261,cutoff
S4_mixed_day,251,7,1009510007,11.635168460483765,0.932731865618869,cutoff
S4_mixed_day,252,0,1009520000,11.752777777777778,0.9501954835849235,cutoff
S4_mixed_day,252,1,1009520001,11.705900577980936,0.9509371014634767,cutoff
S4_mixed_day,252,2,1009520002,11.738668239236658,0.9500250338584274,cutoff
S4_mixed_day,252,3,1009520003,11.724335389749795,0.9501526682041165,cutoff
S4_mixed_day,252,4,1009520004,11.772222222222222,0.9499973518332248,cutoff
S4_mixed_day,252,5,1009520005,11.71210899794413,0.9501921352184235,cutoff
S4_mixed_day,252,6,1009520006,11.709386636756609,0.9499179787545148,cutoff
S4_mixed_day,252,7,1009520007,11.715279077734657,0.9499674686352266,cutoff
S4_mixed_day,253,0,1009530000,13.38161164891689,0.9489107385228099,cutoff
S4_mixed_day,253,1,1009530001,13.363187124950448,0.9483748743997271,cutoff
S4_mixed_day,253,2,1009530002,13.330061515905612,0.9481097491494591,cutoff
S4_mixed_day,253,3,1009530003,13.313888888888888,0.9479577135672682,cutoff
S4_mixed_day,253,4,1009530004,13.361621641296276,0.948985399585598,cutoff
S4_mixed_day,253,5,1009530005,13.355626256295729,0.9488712489347195,cutoff
S4_mixed_day,253,6,1009530006,13.28834566319669,0.9481829625396822,cutoff
S4_mixed_day,253,7,1009530007,13.364360843106834,0.9479867737585309,cutoff
S4_mixed_day,254,0,1009540000,12.309094052929012,0.8984717537305537,cutoff
S4_mixed_day,254,1,1009540001,12.34149737772751,0.8974643359219396,cutoff
S4_mixed_day,254,2,1009540002,12.227777777777778,0.8983799824487291,cutoff
S4_mixed_day,254,3,1009540003,12.271168796087192,0.8975231339505075,cutoff
S4_mixed_day,254,4,1009540004,12.325,0.8987661983743548,cutoff
S4_mixed_day,254,5,1009540005,12.23611111111111,0.8973657665120298,cutoff
S4_mixed_day,254,6,1009540006,12.330555555555556,0.8987903703513221,cutoff
S4_mixed_day,254,7,1009540007,12.310415290064485,0.8974015237146484,cutoff
S4_mixed_day,255,0,1009550000,15.440437794172334,0.949981964186181,cutoff
S4_mixed_day,255,1,1009550001,15.35536421645689,0.9501953393568847,cutoff
S4_mixed_day,255,2,1009550002,15.381296022187348,0.9502790601044193,cutoff
S4_mixed_day,255,3,1009550003,15.419654466583161,0.9502107202113034,cutoff
S4_mixed_day,255,4,1009550004,15.368547308624683,0.9505483175740611,cutoff
S4_mixed_day,255,5,1009550005,15.465310121039792,0.9488783932815887,cutoff
S4_mixed_day,255,6,1009550006,15.3800566388208,0.9493632574323931,cutoff
S4_mixed_day,255,7,1009550007,15.463815295137753,0.9503640054501316,cutoff
S4_mixed_day,256,0,1009560000,18.641666666666666,0.9329707446648198,soc_min
S4_mixed_day,256,1,1009560001,18.627777777777776,0.9325099663443348,soc_min
S4_mixed_day,256,2,1009560002,18.65277777777778,0.9320705904462195,soc_min
S4_mixed_day,256,3,1009560003,18.7,0.9326738570173817,soc_min
S4_mixed_day,256,4,1009560004,18.725,0.9321633887635975,soc_min
S4_mixed_day,256,5,1009560005,18.72222222222222,0.9323971431256359,soc_min
S4_mixed_day,256,6,1009560006,18.68611111111111,0.9322011078075115,soc_min
S4_mixed_day,256,7,1009560007,18.694444444444443,0.9335422375523625,soc_min
S4_mixed_day,257,0,1009570000,11.316666666666666,0.8941387477692468,cutoff
S4_mixed_day,257,1,1009570001,11.38888888888889,0.8926555489667802,cutoff
S4_mixed_day,257,2,1009570002,11.38292488203549,0.8925362015755705,cutoff
S4_mixed_day,257,3,1009570003,11.397191416388065,0.8928073041779754,cutoff
S4_mixed_day,257,4,1009570004,11.484657658769121,0.8941507330064861,cutoff
S4_mixed_day,257,5,1009570005,11.447222222222223,0.8933966269781776,cutoff
S4_mixed_day,257,6,1009570006,11.44765400026204,0.8939555128438774,cutoff
S4_mixed_day,257,7,1009570007,11.418008962884706,0.8935437717930933,cutoff
S4_mixed_day,258,0,1009580000,18.928563465644512,0.9478935955464297,cutoff
S4_mixed_day,258,1,1009580001,18.939989441396033,0.9477006310194025,cutoff
S4_mixed_day,258,2,1009580002,18.905555555555555,0.9479854178117303,cutoff
S4_mixed_day,258,3,1009580003,18.92222222222222,0.9479500868168812,cutoff
S4_mixed_day,258,4,1009580004,18.93997301167287,0.947622160410315,cutoff
S4_mixed_day,258,5,1009580005,18.942090959361206,0.947850206754668,cutoff
S4_mixed_day,258,6,1009580006,18.91471586499207,0.9480853043120704,cutoff
S4_mixed_day,258,7,1009580007,18.89992795013279,0.9477778384672132,cutoff
S4_mixed_day,259,0,1009590000,11.575,0.93387090697102,soc_min
S4_mixed_day,259,1,1009590001,11.627777777777778,0.9338244837394754,soc_min
S4_mixed_day,259,2,1009590002,11.616666666666667,0.9340279595517715,soc_min
S4_mixed_day,259,3,1009590003,11.647222222222222,0.9343116114659962,soc_min
S4_mixed_day,259,4,1009590004,11.625,0.9338461046541519,soc_min
S4_mixed_day,259,5,1009590005,11.55,0.9342321666597299,soc_min
S4_mixed_day,259,6,1009590006,11.630555555555556,0.9339743979919409,soc_min
S4_mixed_day,259,7,1009590007,11.572222222222223,0.9338571506914263,soc_min
S4_mixed_day,260,0,1009600000,7.45,0.9306415596478115,soc_min
S4_mixed_day,260,1,1009600001,7.5,0.9307641838858207,soc_min
S4_mixed_day,260,2,1009600002,7.430555555555555,0.9306776231824213,soc_min
S4_mixed_day,260,3,1009600003,7.475,0.9275346966450257,soc_min
S4_mixed_day,260,4,1009600004,7.525,0.9303339505466973,soc_min
S4_mixed_day,260,5,1009600005,7.436111111111111,0.9313956893478446,soc_min
S4_mixed_day,260,6,1009600006,7.480555555555555,0.9310906768763932,soc_min
S4_mixed_day,260,7,1009600007,7.497222222222222,0.9301848578833952,soc_min
S4_mixed_day,261,0,1009610000,16.32222216737731,0.9424807512585982,cutoff
S4_mixed_day,261,1,1009610001,16.4859827102295,0.9422130277502802,cutoff
S4_mixed_day,261,2,1009610002,16.386111111111113,0.9419115773491825,cutoff
S4_mixed_day,261,3,1009610003,16.425598223079128,0.9417236923226661,cutoff
S4_mixed_day,261,4,1009610004,16.431956814284675,0.9421192627807968,cutoff
S4_mixed_day,261,5,1009610005,16.406120776433433,0.9416536012867694,cutoff
S4_mixed_day,261,6,1009610006,16.41887298637656,0.9424745301305966,cutoff
S4_mixed_day,261,7,1009610007,16.424036506520345,0.9417054512263763,cutoff
S4_mixed_day,262,0,1009620000,17.310858430983608,0.929673832806273,cutoff
S4_mixed_day,262,1,1009620001,17.1994825549657,0.9292090158573837,cutoff
S4_mixed_day,262,2,1009620002,17.146227715606155,0.9290018752405901,cutoff
S4_mixed_day,262,3,1009620003,17.247222222222224,0.9290747627045451,cutoff
S4_mixed_day,262,4,1009620004,17.163888888888888,0.9285932399961709,cutoff
S4_mixed_day,262,5,1009620005,17.177469026598907,0.9286097994617262,cutoff
S4_mixed_day,262,6,1009620006,17.290028946445624,0.928574204646567,cutoff
S4_mixed_day,262,7,1009620007,17.144340198784985,0.9292079954901085,cutoff
S4_mixed_day,263,0,1009630000,17.615529518386303,0.9330646333746102,cutoff
S4_mixed_day,263,1,1009630001,17.575237318242987,0.9333510883998034,cutoff
S4_mixed_day,263,2,1009630002,17.64105841190924,0.9331484989671501,cutoff
S4_mixed_day,263,3,1009630003,17.594217507168878,0.9341379819222376,cutoff
S4_mixed_day,263,4,1009630004,17.66986775896872,0.9330883842995545,cutoff
S4_mixed_day,263,5,1009630005,17.63102774602324,0.9336201007873284,cutoff
S4_mixed_day,263,6,1009630006,17.53611111111111,0.9331553798999463,cutoff
S4_mixed_day,263,7,1009630007,17.610834782064106,0.9330579488510722,cutoff
S4_mixed_day,264,0,1009640000,12.608333333333333,0.9166348088978045,cutoff
S4_mixed_day,264,1,1009640001,12.73393685114148,0.9169217190992625,cutoff
S4_mixed_day,264,2,1009640002,12.66388888888889,0.916582226176722,cutoff
S4_mixed_day,264,3,1009640003,12.669444444444444,0.9164364665593706,cutoff
S4_mixed_day,264,4,1009640004,12.668707659002399,0.9164650986596503,cutoff
S4_mixed_day,264,5,1009640005,12.688888888888888,0.91666878145594,cutoff
S4_mixed_day,264,6,1009640006,12.671044273967011,0.9170544729658785,cutoff
S4_mixed_day,264,7,1009640007,12.640240607295734,0.9163904197021083,cutoff
S4_mixed_day,265,0,1009650000,16.538888888888888,0.9494411247389671,soc_min
S4_mixed_day,265,1,1009650001,16.525,0.9494508878505372,soc_min
S4_mixed_day,265,2,1009650002,16.522222222222222,0.9493175215740658,soc_min
S4_mixed_day,265,3,1009650003,16.48611111111111,0.9497171813085922,soc_min
S4_mixed_day,265,4,1009650004,16.51388888888889,0.9496835647776437,soc_min
S4_mixed_day,265,5,1009650005,16.522222222222222,0.9493840446134332,soc_min
S4_mixed_day,265,6,1009650006,16.516666666666666,0.9496736582668711,soc_min
S4_mixed_day,265,7,1009650007,16.544444444444444,0.94955550886502,soc_min
S4_mixed_day,266,0,1009660000,9.355555555555556,0.9222681627681328,soc_min
S4_mixed_day,266,1,1009660001,9.311111111111112,0.9231242355642798,soc_min
S4_mixed_day,266,2,1009660002,9.322222222222223,0.9222575235365492,soc_min
S4_mixed_day,266,3,1009660003,9.241666666666667,0.9222940556187361,soc_min
S4_mixed_day,266,4,1009660004,9.258333333333333,0.9233733275181293,soc_min
S4_mixed_day,266,5,1009660005,9.266666666666667,0.9227908994902528,soc_min
S4_mixed_day,266,6,1009660006,9.255555555555556,0.9225336316241691,soc_min
S4_mixed_day,266,7,1009660007,9.311111111111112,0.9225175458028679,soc_min
S4_mixed_day,267,0,1009670000,13.21789029879679,0.899394875156126,cutoff
S4_mixed_day,267,1,1009670001,13.171303753913053,0.8998694172374008,cutoff
S4_mixed_day,267,2,1009670002,13.227777777777778,0.9003194775742492,cutoff
S4_mixed_day,267,3,1009670003,13.16431650720872,0.9010728152596619,cutoff
S4_mixed_day,267,4,1009670004,13.210287938161157,0.8984205270453992,cutoff
S4_mixed_day,267,5,1009670005,13.156501228970333,0.8997014170664472,cutoff
S4_mixed_day,267,6,1009670006,13.204425178616638,0.8997877782734934,cutoff
S4_mixed_day,267,7,1009670007,13.127228324073686,0.9011486860852731,cutoff
S4_mixed_day,268,0,1009680000,11.216666666666667,0.9122577341279388,cutoff
S4_mixed_day,268,1,1009680001,11.274860576328164,0.9133683817126653,cutoff
S4_mixed_day,268,2,1009680002,11.237978516584533,0.9132873824468206,cutoff
S4_mixed_day,268,3,1009680003,11.24145009024931,0.9124516762312664,cutoff
S4_mixed_day,268,4,1009680004,11.229601844651878,0.9121136015636008,cutoff
S4_mixed_day,268,5,1009680005,11.259930117565798,0.9122769311104074,cutoff
S4_mixed_day,268,6,1009680006,11.241127321778576,0.9121018582642137,cutoff
S4_mixed_day,268,7,1009680007,11.268535132319043,0.9133123190952106,cutoff
S4_mixed_day,269,0,1009690000,14.916666666666666,0.930768210472151,cutoff
S4_mixed_day,269,1,1009690001,14.879677560791341,0.930773977841874,cutoff
S4_mixed_day,269,2,1009690002,14.945899230910364,0.9308907225319405,cutoff
S4_mixed_day,269,3,1009690003,14.864376687341766,0.9311122880193297,cutoff
S4_mixed_day,269,4,1009690004,14.891666666666667,0.930525760053047,cutoff
S4_mixed_day,269,5,1009690005,14.962549611862874,0.9309053637756701,cutoff
S4_mixed_day,269,6,1009690006,14.936111111111112,0.932046761217804,cutoff
S4_mixed_day,269,7,1009690007,14.877647771506002,0.9308219184308275,cutoff
S4_mixed_day,270,0,1009700000,10.746404400209036,0.9053443730122273,cutoff
S4_mixed_day,270,1,1009700001,10.86111111111111,0.9046074255116954,cutoff
S4_mixed_day,270,2,1009700002,10.596793575058696,0.9052125910490663,cutoff
S4_mixed_day,270,3,1009700003,10.566666666666666,0.9052258287058391,cutoff
S4_mixed_day,270,4,1009700004,10.654268608415013,0.9042264176401156,cutoff
S4_mixed_day,270,5,1009700005,10.692561183898881,0.9050923188833532,cutoff
S4_mixed_day,270,6,1009700006,10.644444444444444,0.903740266170355,cutoff
S4_mixed_day,270,7,1009700007,10.608333333333333,0.9048276591373194,cutoff
S4_mixed_day,271,0,1009710000,14.169444444444444,0.9276598489582141,cutoff
S4_mixed_day,271,1,1009710001,14.191666666666666,0.9280105204671604,cutoff
S4_mixed_day,271,2,1009710002,14.138592243693298,0.9278522605471171,cutoff
S4_mixed_day,271,3,1009710003,14.181709098510378,0.9291935112738945,cutoff
S4_mixed_day,271,4,1009710004,14.211712889120141,0.9281666723598724,cutoff
S4_mixed_day,271,5,1009710005,14.148993782146974,0.927979479615033,cutoff
S4_mixed_day,271,6,1009710006,14.2016231077091,0.9277079143835688,cutoff
S4_mixed_day,271,7,1009710007,14.230011052876925,0.9279345650968096,cutoff
S4_mixed_day,272,0,1009720000,14.399544206829736,0.9290260662522677,cutoff
S4_mixed_day,272,1,1009720001,14.3,0.9284848367434981,cutoff
S4_mixed_day,272,2,1009720002,14.330555555555556,0.9283791174022425,cutoff
S4_mixed_day,272,3,1009720003,14.362080242174645,0.9279249144400856,cutoff
S4_mixed_day,272,4,1009720004,14.408067651042206,0.9274389936509803,cutoff
S4_mixed_day,272,5,1009720005,14.41206006002746,0.9283048038558761,cutoff
S4_mixed_day,272,6,1009720006,14.41388888888889,0.9278103518404394,cutoff
S4_mixed_day,272,7,1009720007,14.35759912605105,0.9278553790313476,cutoff
S4_mixed_day,273,0,1009730000,8.66388888888889,0.9018456680468353,soc_min
S4_mixed_day,273,1,1009730001,8.719444444444445,0.9024146230588618,soc_min
S4_mixed_day,273,2,1009730002,8.683333333333334,0.9019314354193478,soc_min
S4_mixed_day,273,3,1009730003,8.694444444444445,0.902055440287845,soc_min
S4_mixed_day,273,4,1009730004,8.738888888888889,0.9023738141183527,soc_min
S4_mixed_day,273,5,1009730005,8.666666666666666,0.9025094028250001,soc_min
S4_mixed_day,273,6,1009730006,8.719444444444445,0.9030003662418761,soc_min
S4_mixed_day,273,7,1009730007,8.725,0.9036255939615703,soc_min
S4_mixed_day,274,0,1009740000,11.041666666666666,0.9172033821549813,soc_min
S4_mixed_day,274,1,1009740001,11.066666666666666,0.9172446372217938,soc_min
S4_mixed_day,274,2,1009740002,11.075,0.9164893855495916,soc_min
S4_mixed_day,274,3,1009740003,11.016666666666667,0.9166062932138439,soc_min
S4_mixed_day,274,4,1009740004,10.975,0.9162571580158125,soc_min
S4_mixed_day,274,5,1009740005,11.052777777777777,0.9172498847490106,soc_min
S4_mixed_day,274,6,1009740006,11.063888888888888,0.9172627522562378,soc_min
S4_mixed_day,274,7,1009740007,11.027777777777779,0.9171784126128352,soc_min
S4_mixed_day,275,0,1009750000,7.427980090417953,0.9333298817688688,cutoff
S4_mixed_day,275,1,1009750001,7.488274002028308,0.9329611223421859,cutoff
S4_mixed_day,275,2,1009750002,7.463005198176212,0.9325948194671583,cutoff
S4_mixed_day,275,3,1009750003,7.506656983856956,0.9330564670198158,cutoff
S4_mixed_day,275,4,1009750004,7.496149274878768,0.9323813476662137,cutoff
S4_mixed_day,275,5,1009750005,7.398752131706249,0.9331509732763268,cutoff
S4_mixed_day,275,6,1009750006,7.433333333333334,0.9333444053016953,cutoff
S4_mixed_day,275,7,1009750007,7.472910150110838,0.9327201448150376,cutoff
S4_mixed_day,276,0,1009760000,14.188529496634668,0.9437700945315312,cutoff
S4_mixed_day,276,1,1009760001,14.238888888888889,0.9432300416333006,cutoff
S4_mixed_day,276,2,1009760002,14.252777777777778,0.9430612291243875,cutoff
S4_mixed_day,276,3,1009760003,14.220969588931023,0.9431770662747505,cutoff
S4_mixed_day,276,4,1009760004,14.210665379736612,0.9431046289397371,cutoff
S4_mixed_day,276,5,1009760005,14.19250682315803,0.9429856167389138,cutoff
S4_mixed_day,276,6,1009760006,14.232209314087799,0.9436825710709222,cutoff
S4_mixed_day,276,7,1009760007,14.193219362426403,0.9430224871861888,cutoff
S4_mixed_day,277,0,1009770000,11.809947615739986,0.9333564247426959,cutoff
S4_mixed_day,277,1,1009770001,11.797222222222222,0.9335471480970012,cutoff
S4_mixed_day,277,2,1009770002,11.771174605178803,0.9333200993952572,cutoff
S4_mixed_day,277,3,1009770003,11.788836240702686,0.933851820917985,cutoff
S4_mixed_day,277,4,1009770004,11.850033364994088,0.9335243917211654,cutoff
S4_mixed_day,277,5,1009770005,11.838888888888889,0.9333472707892484,cutoff
S4_mixed_day,277,6,1009770006,11.837594674762766,0.933789704516191,cutoff
S4_mixed_day,277,7,1009770007,11.802777777777777,0.9334434650195216,cutoff
S4_mixed_day,278,0,1009780000,11.652777777777779,0.937100549585737,soc_min
S4_mixed_day,278,1,1009780001,11.675,0.9375464976753817,soc_min
S4_mixed_day,278,2,1009780002,11.66388888888889,0.9375111087910364,soc_min
S4_mixed_day,278,3,1009780003,11.641666666666667,0.9372220032358867,soc_min
S4_mixed_day,278,4,1009780004,11.63888888888889,0.9378062388891993,soc_min
S4_mixed_day,278,5,1009780005,11.683333333333334,0.938126026515864,soc_min
S4_mixed_day,278,6,1009780006,11.672222222222222,0.9379234947709929,soc_min
S4_mixed_day,278,7,1009780007,11.633333333333333,0.9372792094065384,soc_min
S4_mixed_day,279,0,1009790000,13.952777777777778,0.927554625992448,cutoff
S4_mixed_day,279,1,1009790001,13.988915915918405,0.9275010052425737,cutoff
S4_mixed_day,279,2,1009790002,14.127498249300181,0.9275523571252726,cutoff
S4_mixed_day,279,3,1009790003,14.090467064118549,0.9274623762133617,cutoff
S4_mixed_day,279,4,1009790004,14.028776402059187,0.9277523182684098,cutoff
S4_mixed_day,279,5,1009790005,13.96111111111111,0.9282504313861316,cutoff
S4_mixed_day,279,6,1009790006,14.108333333333333,0.9282735870247387,cutoff
S4_mixed_day,279,7,1009790007,13.925,0.9276809240904483,cutoff
S4_mixed_day,280,0,1009800000,12.594444444444445,0.9330776027775334,soc_min
S4_mixed_day,280,1,1009800001,12.688888888888888,0.9343362950907231,soc_min
S4_mixed_day,280,2,1009800002,12.608333333333333,0.9340481330380984,soc_min
S4_mixed_day,280,3,1009800003,12.591666666666667,0.9343021510812753,soc_min
S4_mixed_day,280,4,1009800004,12.63888888888889,0.9335191957618046,soc_min
S4_mixed_day,280,5,1009800005,12.547222222222222,0.9329858994627211,soc_min
S4_mixed_day,280,6,1009800006,12.605555555555556,0.9334312538971696,soc_min
S4_mixed_day,280,7,1009800007,12.580555555555556,0.9333478666636695,soc_min
S4_mixed_day,281,0,1009810000,11.508333333333333,0.9399673307069841,soc_min
S4_mixed_day,281,1,1009810001,11.338888888888889,0.9398982131586692,soc_min
S4_mixed_day,281,2,1009810002,11.366666666666667,0.940237675790039,soc_min
S4_mixed_day,281,3,1009810003,11.397222222222222,0.9397473801929566,soc_min
S4_mixed_day,281,4,1009810004,11.380555555555556,0.9400565250329611,soc_min
S4_mixed_day,281,5,1009810005,11.41388888888889,0.9400935947559758,soc_min
S4_mixed_day,281,6,1009810006,11.51388888888889,0.9401653178714194,soc_min
S4_mixed_day,281,7,1009810007,11.375,0.9407419179499459,soc_min
S4_mixed_day,282,0,1009820000,12.060776835898933,0.9236648548249535,cutoff
S4_mixed_day,282,1,1009820001,12.034204860481635,0.9258493965163408,cutoff
S4_mixed_day,282,2,1009820002,12.030555555555555,0.9257651079007365,cutoff
S4_mixed_day,282,3,1009820003,12.07266312254901,0.9257123271987818,cutoff
S4_mixed_day,282,4,1009820004,12.181156705086945,0.9267081386632696,cutoff
S4_mixed_day,282,5,1009820005,12.031916060127754,0.9259807344038371,cutoff
S4_mixed_day,282,6,1009820006,12.030082987084693,0.9261153772007226,cutoff
S4_mixed_day,282,7,1009820007,12.012851543004267,0.9252937825906813,cutoff
S4_mixed_day,283,0,1009830000,14.626809301001975,0.9135589372933314,cutoff
S4_mixed_day,283,1,1009830001,14.716666666666667,0.912890840176209,cutoff
S4_mixed_day,283,2,1009830002,14.591634186809081,0.9127837966675609,cutoff
S4_mixed_day,283,3,1009830003,14.62416290586955,0.913900761231744,cutoff
S4_mixed_day,283,4,1009830004,14.707406568170612,0.9124564902989373,cutoff
S4_mixed_day,283,5,1009830005,14.65651553717467,0.9126630477214174,cutoff
S4_mixed_day,283,6,1009830006,14.61954411182905,0.9128140493392035,cutoff
S4_mixed_day,283,7,1009830007,14.584493748888317,0.9139023236266834,cutoff
S4_mixed_day,284,0,1009840000,16.233204910358936,0.9400868190006443,cutoff
S4_mixed_day,284,1,1009840001,16.256261561609886,0.94007886745749,cutoff
S4_mixed_day,284,2,1009840002,16.291666666666668,0.9408394763994578,cutoff
S4_mixed_day,284,3,1009840003,16.20363937476977,0.9399698919641051,cutoff
S4_mixed_day,284,4,1009840004,16.134529950936155,0.9399342369436449,cutoff
S4_mixed_day,284,5,1009840005,16.295341892502,0.9403982980951445,cutoff
S4_mixed_day,284,6,1009840006,16.263712818210987,0.9403055918121868,cutoff
S4_mixed_day,284,7,1009840007,16.227777777777778,0.9410062583302194,cutoff
S4_mixed_day,285,0,1009850000,15.056274955467632,0.9254342473843555,cutoff
S4_mixed_day,285,1,1009850001,15.013359563799415,0.9243928186212075,cutoff
S4_mixed_day,285,2,1009850002,15.002653570361442,0.9248770531694845,cutoff
S4_mixed_day,285,3,1009850003,14.989158098012163,0.9256082651390937,cutoff
S4_mixed_day,285,4,1009850004,15.065693680309487,0.9244165842611144,cutoff
S4_mixed_day,285,5,1009850005,15.026104658292503,0.9239009006285538,cutoff
S4_mixed_day,285,6,1009850006,14.987884125816539,0.9242490941711375,cutoff
S4_mixed_day,285,7,1009850007,15.040821980289707,0.9256733136724314,cutoff
S4_mixed_day,286,0,1009860000,14.66388888888889,0.9484617820759957,soc_min
S4_mixed_day,286,1,1009860001,14.708333333333334,0.9487239518415355,soc_min
S4_mixed_day,286,2,1009860002,14.655555555555555,0.9483418798449313,soc_min
S4_mixed_day,286,3,1009860003,14.675,0.9471760267875444,soc_min
S4_mixed_day,286,4,1009860004,14.622222222222222,0.9484518797540601,soc_min
S4_mixed_day,286,5,1009860005,14.658333333333333,0.9483373528572547,soc_min
S4_mixed_day,286,6,1009860006,14.702777777777778,0.9484460918315666,soc_min
S4_mixed_day,286,7,1009860007,14.730555555555556,0.9486579966973213,soc_min
S4_mixed_day,287,0,1009870000,15.907869936217248,0.9316487808188297,cutoff
S4_mixed_day,287,1,1009870001,15.826713748250684,0.9317371130358061,cutoff
S4_mixed_day,287,2,1009870002,15.870954887587699,0.9318228024100385,cutoff
S4_mixed_day,287,3,1009870003,15.838836853186177,0.9315821661938438,cutoff
S4_mixed_day,287,4,1009870004,15.916666666666666,0.931468632313694,cutoff
S4_mixed_day,287,5,1009870005,15.89841432023724,0.9318007125378527,cutoff
S4_mixed_day,287,6,1009870006,15.833333333333334,0.9315663679915754,cutoff
S4_mixed_day,287,7,1009870007,15.79071582657903,0.9314599035515548,cutoff
S4_mixed_day,288,0,1009880000,13.606837899356897,0.9278283063200312,cutoff
S4_mixed_day,288,1,1009880001,13.64808957632887,0.9278743597220825,cutoff
S4_mixed_day,288,2,1009880002,13.635710710327599,0.9278425272965021,cutoff
S4_mixed_day,288,3,1009880003,13.569444444444445,0.9285271174305608,cutoff
S4_mixed_day,288,4,1009880004,13.67919472989691,0.928527147565251,cutoff
S4_mixed_day,288,5,1009880005,13.68349843121282,0.9278060900642573,cutoff
S4_mixed_day,288,6,1009880006,13.585368155887378,0.9273648511007831,cutoff
S4_mixed_day,288,7,1009880007,13.612828396992098,0.9285552995258985,cutoff
S4_mixed_day,289,0,1009890000,12.841666666666667,0.9144643780193262,soc_min
S4_mixed_day,289,1,1009890001,12.866666666666667,0.914376342178134,soc_min
S4_mixed_day,289,2,1009890002,12.85,0.914451977597581,soc_min
S4_mixed_day,289,3,1009890003,12.78888888888889,0.9150992421290114,soc_min
S4_mixed_day,289,4,1009890004,12.825,0.9143962211277253,soc_min
S4_mixed_day,289,5,1009890005,12.775,0.9146134442342315,soc_min
S4_mixed_day,289,6,1009890006,12.766666666666667,0.9143300464474072,soc_min
S4_mixed_day,289,7,1009890007,12.816666666666666,0.9143288456949142,soc_min
S4_mixed_day,290,0,1009900000,14.052777777777777,0.9467668324473101,cutoff
S4_mixed_day,290,1,1009900001,14.049469640184222,0.9457863204942305,cutoff
S4_mixed_day,290,2,1009900002,14.096822618824513,0.9465391962797866,cutoff
S4_mixed_day,290,3,1009900003,14.003449642203444,0.947414813805726,cutoff
S4_mixed_day,290,4,1009900004,13.957182086334923,0.9463417420480187,cutoff
S4_mixed_day,290,5,1009900005,14.032052203603628,0.9463373720575134,cutoff
S4_mixed_day,290,6,1009900006,13.95998888886181,0.94629183128538,cutoff
S4_mixed_day,290,7,1009900007,14.042898317811279,0.9464054670477782,cutoff
S4_mixed_day,291,0,1009910000,12.047222222222222,0.9387294627316081,soc_min
S4_mixed_day,291,1,1009910001,12.1,0.9388644830851356,soc_min
S4_mixed_day,291,2,1009910002,12.147222222222222,0.9386908110516398,soc_min
S4_mixed_day,291,3,1009910003,12.08611111111111,0.9385987493554155,soc_min
S4_mixed_day,291,4,1009910004,12.219444444444445,0.9387467669966084,soc_min
S4_mixed_day,291,5,1009910005,12.155555555555555,0.938775869727897,soc_min
S4_mixed_day,291,6,1009910006,12.055555555555555,0.9390992118800755,soc_min
S4_mixed_day,291,7,1009910007,12.180555555555555,0.9393011348561521,soc_min
S4_mixed_day,292,0,1009920000,10.40467113120871,0.9125665725480299,cutoff
S4_mixed_day,292,1,1009920001,10.447222222222223,0.9123923483895318,cutoff
S4_mixed_day,292,2,1009920002,10.291666666666666,0.9127534440854371,cutoff
S4_mixed_day,292,3,1009920003,10.297222222222222,0.9124057198883434,cutoff
S4_mixed_day,292,4,1009920004,10.377777777777778,0.9126181694488635,cutoff
S4_mixed_day,292,5,1009920005,10.319824829183828,0.912777656386522,cutoff
S4_mixed_day,292,6,1009920006,10.261111111111111,0.9130511577378886,cutoff
S4_mixed_day,292,7,1009920007,10.282672530138946,0.9134359751462362,cutoff
S4_mixed_day,293,0,1009930000,11.160632510307586,0.8844904908548226,cutoff
S4_mixed_day,293,1,1009930001,11.2744510355081,0.8841368576179898,cutoff
S4_mixed_day,293,2,1009930002,11.234756843256514,0.8846818069094026,cutoff
S4_mixed_day,293,3,1009930003,11.169444444444444,0.8850435327550772,cutoff
S4_mixed_day,293,4,1009930004,11.212504516728142,0.8839903665678389,cutoff
S4_mixed_day,293,5,1009930005,11.183333333333334,0.8850262403336011,cutoff
S4_mixed_day,293,6,1009930006,11.167895272806495,0.8832684404428675,cutoff
S4_mixed_day,293,7,1009930007,11.241773484645917,0.8834730481936619,cutoff
S4_mixed_day,294,0,1009940000,9.972222222222221,0.9244593402506923,cutoff
S4_mixed_day,294,1,1009940001,10.034508887005375,0.9246329614885053,cutoff
S4_mixed_day,294,2,1009940002,9.952777777777778,0.9249201142022688,cutoff
S4_mixed_day,294,3,1009940003,9.936044554862175,0.9244916468012971,cutoff
S4_mixed_day,294,4,1009940004,9.985091474087088,0.9245463124803727,cutoff
S4_mixed_day,294,5,1009940005,9.952772777291415,0.9245886200782278,cutoff
S4_mixed_day,294,6,1009940006,9.92845365161883,0.9245829524308211,cutoff
S4_mixed_day,294,7,1009940007,10.004239611535933,0.9246461921462896,cutoff
S4_mixed_day,295,0,1009950000,11.827703504048351,0.8939031170565901,cutoff
S4_mixed_day,295,1,1009950001,11.846685628528174,0.8923925074157892,cutoff
S4_mixed_day,295,2,1009950002,11.811111111111112,0.8935773424571958,cutoff
S4_mixed_day,295,3,1009950003,11.823826433498581,0.8942320137542282,cutoff
S4_mixed_day,295,4,1009950004,11.793854433232422,0.8958779626305475,cutoff
S4_mixed_day,295,5,1009950005,11.849021448174117,0.8941899334703931,cutoff
S4_mixed_day,295,6,1009950006,11.744444444444444,0.8947543610144316,cutoff
S4_mixed_day,295,7,1009950007,11.761111111111111,0.8936345929770512,cutoff
S4_mixed_day,296,0,1009960000,16.675,0.9498160530715686,soc_min
S4_mixed_day,296,1,1009960001,16.57777777777778,0.9497922212147866,soc_min
S4_mixed_day,296,2,1009960002,16.63888888888889,0.9496454762017191,soc_min
S4_mixed_day,296,3,1009960003,16.666666666666668,0.949753576451898,soc_min
S4_mixed_day,296,4,1009960004,16.636111111111113,0.9497027057228382,soc_min
S4_mixed_day,296,5,1009960005,16.641666666666666,0.9496510747697907,soc_min
S4_mixed_day,296,6,1009960006,16.68611111111111,0.9498860338070966,soc_min
S4_mixed_day,296,7,1009960007,16.613888888888887,0.9498265716009948,soc_min
S4_mixed_day,297,0,1009970000,14.252777777777778,0.939942170582734,soc_min
S4_mixed_day,297,1,1009970001,14.275,0.9400351306645356,soc_min
S4_mixed_day,297,2,1009970002,14.272222222222222,0.9409897817573653,soc_min
S4_mixed_day,297,3,1009970003,14.275,0.9401879624491305,soc_min
S4_mixed_day,297,4,1009970004,14.252777777777778,0.9403046946068758,soc_min
S4_mixed_day,297,5,1009970005,14.258333333333333,0.9402952601595899,soc_min
S4_mixed_day,297,6,1009970006,14.316666666666666,0.9400605675769471,soc_min
S4_mixed_day,297,7,1009970007,14.277777777777779,0.9401980845928938,soc_min
S4_mixed_day,298,0,1009980000,12.720713155916114,0.9269094051603011,cutoff
S4_mixed_day,298,1,1009980001,12.694634115273812,0.9269211044812895,cutoff
S4_mixed_day,298,2,1009980002,12.71650209647138,0.9272519675708597,cutoff
S4_mixed_day,298,3,1009980003,12.738888888888889,0.9266833680765156,cutoff
S4_mixed_day,298,4,1009980004,12.73348133387363,0.9249823726073788,cutoff
S4_mixed_day,298,5,1009980005,12.737577611631378,0.9268218339393973,cutoff
S4_mixed_day,298,6,1009980006,12.696001854867692,0.9278709903610104,cutoff
S4_mixed_day,298,7,1009980007,12.70929618783672,0.926490269538415,cutoff
S4_mixed_day,299,0,1009990000,9.93239059160894,0.9155052116249265,cutoff
S4_mixed_day,299,1,1009990001,9.951897646307533,0.9164264538182348,cutoff
S4_mixed_day,299,2,1009990002,9.827550572955934,0.9163647812611552,cutoff
S4_mixed_day,299,3,1009990003,9.9,0.9155472723293591,cutoff
S4_mixed_day,299,4,1009990004,9.910570586475254,0.9164284507227837,cutoff
S4_mixed_day,299,5,1009990005,9.854715341599167,0.9163813554325121,cutoff
S4_mixed_day,299,6,1009990006,9.840566049366727,0.9163303124825916,cutoff
S4_mixed_day,299,7,1009990007,9.899509843383065,0.9163877054816063,cutoff
S4_mixed_day,300,0,1010000000,12.257973953268658,0.9239145538275535,cutoff
S4_mixed_day,300,1,1010000001,12.212187542733375,0.9233408179640289,cutoff
S4_mixed_day,300,2,1010000002,12.177777777777777,0.9247454145260929,cutoff
S4_mixed_day,300,3,1010000003,12.216844229476667,0.9233872203784464,cutoff
S4_mixed_day,300,4,1010000004,12.208333333333334,0.9234346671242597,cutoff
S4_mixed_day,300,5,1010000005,12.244444444444444,0.9238168885555255,cutoff
S4_mixed_day,300,6,1010000006,12.250402226852128,0.923701086303341,cutoff
S4_mixed_day,300,7,1010000007,12.272435249269229,0.9244678067518115,cutoff
S4_mixed_day,301,0,1010010000,11.208333333333334,0.9307987742193915,soc_min
S4_mixed_day,301,1,1010010001,11.188888888888888,0.9301496791897232,soc_min
S4_mixed_day,301,2,1010010002,11.194444444444445,0.930375638749515,soc_min
S4_mixed_day,301,3,1010010003,11.05,0.9302847914104023,soc_min
S4_mixed_day,301,4,1010010004,11.21111111111111,0.9310752420514774,soc_min
S4_mixed_day,301,5,1010010005,11.133333333333333,0.9306876353622289,soc_min
S4_mixed_day,301,6,1010010006,11.197222222222223,0.9303273487310987,soc_min
S4_mixed_day,301,7,1010010007,11.152777777777779,0.9307898589346628,soc_min
S4_mixed_day,302,0,1010020000,11.83611111111111,0.9306369044423307,soc_min
S4_mixed_day,302,1,1010020001,11.827777777777778,0.9310380351991527,soc_min
S4_mixed_day,302,2,1010020002,11.76388888888889,0.9315511586450871,soc_min
S4_mixed_day,302,3,1010020003,11.775,0.9316098450916969,soc_min
S4_mixed_day,302,4,1010020004,11.730555555555556,0.9315986806340888,soc_min
S4_mixed_day,302,5,1010020005,11.722222222222221,0.9308353870314983,soc_min
S4_mixed_day,302,6,1010020006,11.733333333333333,0.9315987655030601,soc_min
S4_mixed_day,302,7,1010020007,11.863888888888889,0.9309350520108685,soc_min
S4_mixed_day,303,0,1010030000,17.187857813359738,0.9577819369565802,cutoff
S4_mixed_day,303,1,1010030001,17.17999161641742,0.9585160313590242,cutoff
S4_mixed_day,303,2,1010030002,17.189205432399348,0.95798234871285,cutoff
S4_mixed_day,303,3,1010030003,17.15399406952116,0.9587233556443483,cutoff
S4_mixed_day,303,4,1010030004,17.116666666666667,0.9579290032658773,cutoff
S4_mixed_day,303,5,1010030005,17.172953291570966,0.9584450521094582,cutoff
S4_mixed_day,303,6,1010030006,17.183919512532135,0.958472668648016,cutoff
S4_mixed_day,303,7,1010030007,17.198817261935446,0.9587661564977912,cutoff
S4_mixed_day,304,0,1010040000,9.347222222222221,0.9204972442691999,soc_min
S4_mixed_day,304,1,1010040001,9.45,0.9210845569551385,soc_min
S4_mixed_day,304,2,1010040002,9.402777777777779,0.9207857579121174,soc_min
S4_mixed_day,304,3,1010040003,9.352777777777778,0.9208550121684935,soc_min
S4_mixed_day,304,4,1010040004,9.522222222222222,0.9218585778438819,soc_min
S4_mixed_day,304,5,1010040005,9.408333333333333,0.9218021686004649,soc_min
S4_mixed_day,304,6,1010040006,9.316666666666666,0.9211185425043051,soc_min
S4_mixed_day,304,7,1010040007,9.444444444444445,0.9207466342423946,soc_min
S4_mixed_day,305,0,1010050000,14.644444444444444,0.9352709939504383,soc_min
S4_mixed_day,305,1,1010050001,14.608333333333333,0.9363317592889141,soc_min
S4_mixed_day,305,2,1010050002,14.583333333333334,0.9352518324559393,soc_min
S4_mixed_day,305,3,1010050003,14.608333333333333,0.9350144135723617,soc_min
S4_mixed_day,305,4,1010050004,14.658333333333333,0.9355592224933854,soc_min
S4_mixed_day,305,5,1010050005,14.633333333333333,0.935191287590081,soc_min
S4_mixed_day,305,6,1010050006,14.563888888888888,0.9350151415835188,soc_min
S4_mixed_day,305,7,1010050007,14.622222222222222,0.9362219773050893,soc_min
S4_mixed_day,306,0,1010060000,6.538888888888889,0.9276325028472142,soc_min
S4_mixed_day,306,1,1010060001,6.533333333333333,0.9283502049430257,soc_min
S4_mixed_day,306,2,1010060002,6.511111111111111,0.9283432836465815,soc_min
S4_mixed_day,306,3,1010060003,6.480555555555555,0.9283430958319716,soc_min
S4_mixed_day,306,4,1010060004,6.4944444444444445,0.9283222429658705,soc_min
S4_mixed_day,306,5,1010060005,6.475,0.9277043006047914,soc_min
S4_mixed_day,306,6,1010060006,6.561111111111111,0.9276693461762986,soc_min
S4_mixed_day,306,7,1010060007,6.502777777777778,0.9283539999457657,soc_min
S4_mixed_day,307,0,1010070000,11.019444444444444,0.9323998186161175,soc_min
S4_mixed_day,307,1,1010070001,10.963888888888889,0.9330007982179457,soc_min
S4_mixed_day,307,2,1010070002,11.005555555555556,0.9335853437365504,soc_min
S4_mixed_day,307,3,1010070003,11.0,0.9335978867298237,soc_min
S4_mixed_day,307,4,1010070004,11.019444444444444,0.9332377484927916,soc_min
S4_mixed_day,307,5,1010070005,11.005555555555556,0.9334667506932708,soc_min
S4_mixed_day,307,6,1010070006,11.0,0.9340536511671524,soc_min
S4_mixed_day,307,7,1010070007,11.002777777777778,0.9337815198008956,soc_min
S4_mixed_day,308,0,1010080000,12.120070886870616,0.9566499136014428,cutoff
S4_mixed_day,308,1,1010080001,12.04827186146588,0.9566990248140033,cutoff
S4_mixed_day,308,2,1010080002,12.0950295347007,0.9576303308597341,cutoff
S4_mixed_day,308,3,1010080003,12.02615363918191,0.9566487294487084,cutoff
S4_mixed_day,308,4,1010080004,12.127777777777778,0.9569460797480662,cutoff
S4_mixed_day,308,5,1010080005,12.1,0.9566548383010717,cutoff
S4_mixed_day,308,6,1010080006,12.120957359568544,0.9568172798416555,cutoff
S4_mixed_day,308,7,1010080007,12.096267635881643,0.9568512632751169,cutoff
S4_mixed_day,309,0,1010090000,11.147222222222222,0.9330659410161237,cutoff
S4_mixed_day,309,1,1010090001,11.030645179394675,0.932832343896261,cutoff
S4_mixed_day,309,2,1010090002,11.124219414964994,0.9328132315000564,cutoff
S4_mixed_day,309,3,1010090003,11.146802147074693,0.9335187356236996,cutoff
S4_mixed_day,309,4,1010090004,10.977618090716064,0.9330623936967558,cutoff
S4_mixed_day,309,5,1010090005,11.142598968996252,0.9324090273798936,cutoff
S4_mixed_day,309,6,1010090006,11.06204603745101,0.9322803546156545,cutoff
S4_mixed_day,309,7,1010090007,11.151024677403317,0.9323921864742634,cutoff
S4_mixed_day,310,0,1010100000,10.613888888888889,0.9436448033195112,cutoff
S4_mixed_day,310,1,1010100001,10.579944300338678,0.9433061412791606,cutoff
S4_mixed_day,310,2,1010100002,10.575,0.9428644833323597,cutoff
S4_mixed_day,310,3,1010100003,10.60799728023281,0.9427150078234854,cutoff
S4_mixed_day,310,4,1010100004,10.546230057617544,0.9427421322303507,cutoff
S4_mixed_day,310,5,1010100005,10.547222222222222,0.9437678720707746,cutoff
S4_mixed_day,310,6,1010100006,10.615195106601265,0.9437987887025536,cutoff
S4_mixed_day,310,7,1010100007,10.60056256695995,0.942730661262723,cutoff
S4_mixed_day,311,0,1010110000,14.118090874080917,0.9491931628735456,cutoff
S4_mixed_day,311,1,1010110001,14.095593499939213,0.9479638217050472,cutoff
S4_mixed_day,311,2,1010110002,14.120801431504777,0.9489215685806913,cutoff
S4_mixed_day,311,3,1010110003,14.148694499267435,0.9489066009022928,cutoff
S4_mixed_day,311,4,1010110004,14.095150318058352,0.9490987351167687,cutoff
S4_mixed_day,311,5,1010110005,14.12374786425289,0.9491301501995666,cutoff
S4_mixed_day,311,6,1010110006,14.040593749528433,0.9488033817741602,cutoff
S4_mixed_day,311,7,1010110007,14.078084461438051,0.949154681850939,cutoff
S4_mixed_day,312,0,1010120000,9.822222222222223,0.9459928810630466,cutoff
S4_mixed_day,312,1,1010120001,9.81128664690437,0.9451989511668736,cutoff
S4_mixed_day,312,2,1010120002,9.775,0.945481517964467,cutoff
S4_mixed_day,312,3,1010120003,9.779224041132034,0.9448556616075909,cutoff
S4_mixed_day,312,4,1010120004,9.79866239917136,0.9459330589942926,cutoff
S4_mixed_day,312,5,1010120005,9.75,0.9449485424848542,cutoff
S4_mixed_day,312,6,1010120006,9.81749665779367,0.9459871098225612,cutoff
S4_mixed_day,312,7,1010120007,9.787393333809574,0.9459880366984388,cutoff
S4_mixed_day,313,0,1010130000,12.902694095037413,0.9284831953293144,cutoff
S4_mixed_day,313,1,1010130001,13.038206484220307,0.9292597581114722,cutoff
S4_mixed_day,313,2,1010130002,13.028515424656057,0.929857519865129,cutoff
S4_mixed_day,313,3,1010130003,13.048605796770818,0.9285546721613119,cutoff
S4_mixed_day,313,4,1010130004,13.070415638776351,0.9290038773587189,cutoff
S4_mixed_day,313,5,1010130005,12.977777777777778,0.9289111481759885,cutoff
S4_mixed_day,313,6,1010130006,13.01388888888889,0.9285764000326238,cutoff
S4_mixed_day,313,7,1010130007,12.951413853531406,0.9284802234812919,cutoff
S4_mixed_day,314,0,1010140000,11.911348774455478,0.9170304206063707,cutoff
S4_mixed_day,314,1,1010140001,11.951621772803604,0.9167086272328423,cutoff
S4_mixed_day,314,2,1010140002,11.882488405795597,0.9178296540470211,cutoff
S4_mixed_day,314,3,1010140003,11.883333333333333,0.9184719564085875,cutoff
S4_mixed_day,314,4,1010140004,11.95802379708162,0.9170717542117678,cutoff
S4_mixed_day,314,5,1010140005,11.979288471869314,0.917170109861325,cutoff
S4_mixed_day,314,6,1010140006,11.954105433896613,0.9184792357091142,cutoff
S4_mixed_day,314,7,1010140007,11.964645839938491,0.9172805467949207,cutoff
S4_mixed_day,315,0,1010150000,13.664339965180156,0.9286358354326663,cutoff
S4_mixed_day,315,1,1010150001,13.672053138542617,0.9287246225803303,cutoff
S4_mixed_day,315,2,1010150002,13.724846428134093,0.9286667954534071,cutoff
S4_mixed_day,315,3,1010150003,13.612559627424481,0.9291624604091354,cutoff
S4_mixed_day,315,4,1010150004,13.605555555555556,0.9282332250877494,cutoff
S4_mixed_day,315,5,1010150005,13.683379640175014,0.9282936180006107,cutoff
S4_mixed_day,315,6,1010150006,13.641666666666667,0.9294264191832705,cutoff
S4_mixed_day,315,7,1010150007,13.674106436546126,0.9284676496794587,cutoff
S4_mixed_day,316,0,1010160000,16.247222222222224,0.9457852189238326,cutoff
S4_mixed_day,316,1,1010160001,16.21116680128374,0.9455938868030984,cutoff
S4_mixed_day,316,2,1010160002,16.204586740008562,0.9452968201189268,cutoff
S4_mixed_day,316,3,1010160003,16.211190392364315,0.9456036206385461,cutoff
S4_mixed_day,316,4,1010160004,16.127777777777776,0.9457957997979675,cutoff
S4_mixed_day,316,5,1010160005,16.11111111111111,0.9456778674122264,cutoff
S4_mixed_day,316,6,1010160006,16.167373428378603,0.9452588739853837,cutoff
S4_mixed_day,316,7,1010160007,16.218976780856654,0.945430505710668,cutoff
S4_mixed_day,317,0,1010170000,16.836111111111112,0.9164168082675382,cutoff
S4_mixed_day,317,1,1010170001,16.948551796098602,0.9175339082934885,cutoff
S4_mixed_day,317,2,1010170002,16.999203256080367,0.9176646166544629,cutoff
S4_mixed_day,317,3,1010170003,16.907292003800688,0.9182455116643842,cutoff
S4_mixed_day,317,4,1010170004,16.825390134563808,0.9164272643407196,cutoff
S4_mixed_day,317,5,1010170005,16.9246625207559,0.9182464356147582,cutoff
S4_mixed_day,317,6,1010170006,16.97193837316614,0.917443372530757,cutoff
S4_mixed_day,317,7,1010170007,16.869444444444444,0.9164360685432096,cutoff
S4_mixed_day,318,0,1010180000,18.90277777777778,0.9534841626064628,soc_min
S4_mixed_day,318,1,1010180001,18.958333333333332,0.95355432684135,soc_min
S4_mixed_day,318,2,1010180002,18.991666666666667,0.9534788585457857,soc_min
S4_mixed_day,318,3,1010180003,18.947222222222223,0.9535006500952388,soc_min
S4_mixed_day,318,4,1010180004,18.97222222222222,0.9535554908175842,soc_min
S4_mixed_day,318,5,1010180005,18.91111111111111,0.9535770442311783,soc_min
S4_mixed_day,318,6,1010180006,18.913888888888888,0.9530220025121883,soc_min
S4_mixed_day,318,7,1010180007,18.933333333333334,0.953513386228613,soc_min
S4_mixed_day,319,0,1010190000,9.288642592731653,0.915156168508802,cutoff
S4_mixed_day,319,1,1010190001,9.17860796212455,0.9141006582313007,cutoff
S4_mixed_day,319,2,1010190002,9.215207632305939,0.9145417409454151,cutoff
S4_mixed_day,319,3,1010190003,9.174000599963108,0.9140652961508816,cutoff
S4_mixed_day,319,4,1010190004,9.244505546758031,0.9151124673481256,cutoff
S4_mixed_day,319,5,1010190005,9.166666666666666,0.9150324248818077,cutoff
S4_mixed_day,319,6,1010190006,9.22947441978066,0.91382679584403,cutoff
S4_mixed_day,319,7,1010190007,9.2402203955264,0.9136310383886215,cutoff
S4_mixed_day,320,0,1010200000,10.635040097714421,0.9112550358453814,cutoff
S4_mixed_day,320,1,1010200001,10.545381900071474,0.9105976872530603,cutoff
S4_mixed_day,320,2,1010200002,10.573262231228266,0.9111939949275797,cutoff
S4_mixed_day,320,3,1010200003,10.617060230023046,0.9110219683507965,cutoff
S4_mixed_day,320,4,1010200004,10.572167193482677,0.9121836546409345,cutoff
S4_mixed_day,320,5,1010200005,10.59038941284155,0.9112876772629525,cutoff
S4_mixed_day,320,6,1010200006,10.57497565328813,0.9109931138698805,cutoff
S4_mixed_day,320,7,1010200007,10.577362704829703,0.9118881354030908,cutoff
S4_mixed_day,321,0,1010210000,15.658333333333333,0.9332369888548081,soc_min
S4_mixed_day,321,1,1010210001,15.694444444444445,0.9323453202636102,soc_min
S4_mixed_day,321,2,1010210002,15.786111111111111,0.9338327548525752,soc_min
S4_mixed_day,321,3,1010210003,15.719444444444445,0.9328770498882923,soc_min
S4_mixed_day,321,4,1010210004,15.738888888888889,0.9342266318702205,soc_min
S4_mixed_day,321,5,1010210005,15.733333333333333,0.9339328211911552,soc_min
S4_mixed_day,321,6,1010210006,15.713888888888889,0.9338836484555998,soc_min
S4_mixed_day,321,7,1010210007,15.730555555555556,0.9339030570285092,soc_min
S4_mixed_day,322,0,1010220000,19.17222222222222,0.9580256987173001,soc_min
S4_mixed_day,322,1,1010220001,19.233333333333334,0.9582341880623338,soc_min
S4_mixed_day,322,2,1010220002,19.205555555555556,0.9576946969792439,soc_min
S4_mixed_day,322,3,1010220003,19.197222222222223,0.9576474414450937,soc_min
S4_mixed_day,322,4,1010220004,19.21388888888889,0.9576500978722973,soc_min
S4_mixed_day,322,5,1010220005,19.163888888888888,0.957194585219693,soc_min
S4_mixed_day,322,6,1010220006,19.191666666666666,0.9576630003763812,soc_min
S4_mixed_day,322,7,1010220007,19.197222222222223,0.9577835953790675,soc_min
S4_mixed_day,323,0,1010230000,11.436111111111112,0.9251508324940643,soc_min
S4_mixed_day,323,1,1010230001,11.433333333333334,0.9255125112958386,soc_min
S4_mixed_day,323,2,1010230002,11.38888888888889,0.9258097787202808,soc_min
S4_mixed_day,323,3,1010230003,11.408333333333333,0.9256569213362019,soc_min
S4_mixed_day,323,4,1010230004,11.433333333333334,0.9252033311497718,soc_min
S4_mixed_day,323,5,1010230005,11.391666666666667,0.9265628406618538,soc_min
S4_mixed_day,323,6,1010230006,11.441666666666666,0.9251482954184325,soc_min
S4_mixed_day,323,7,1010230007,11.427777777777777,0.9256313835246942,soc_min
S4_mixed_day,324,0,1010240000,9.942736391465871,0.9181951817638846,cutoff
S4_mixed_day,324,1,1010240001,9.986140938723198,0.9182365513929961,cutoff
S4_mixed_day,324,2,1010240002,9.948336835427897,0.918227726859341,cutoff
S4_mixed_day,324,3,1010240003,9.93021434376653,0.9167609269216945,cutoff
S4_mixed_day,324,4,1010240004,9.856324404686893,0.9172397127722196,cutoff
S4_mixed_day,324,5,1010240005,9.892381030771901,0.9181485487962213,cutoff
S4_mixed_day,324,6,1010240006,9.893085520177081,0.9176778819936818,cutoff
S4_mixed_day,324,7,1010240007,9.86958986760814,0.9181518639278708,cutoff
S4_mixed_day,325,0,1010250000,10.65,0.9446046320098569,soc_min
S4_mixed_day,325,1,1010250001,10.633333333333333,0.9444321797094833,soc_min
S4_mixed_day,325,2,1010250002,10.627777777777778,0.9444703561058817,soc_min
S4_mixed_day,325,3,1010250003,10.705555555555556,0.9445477467756598,soc_min
S4_mixed_day,325,4,1010250004,10.633333333333333,0.9449196786564095,soc_min
S4_mixed_day,325,5,1010250005,10.627777777777778,0.9444975301287798,soc_min
S4_mixed_day,325,6,1010250006,10.725,0.9454706009976399,soc_min
S4_mixed_day,325,7,1010250007,10.716666666666667,0.9448588265774011,soc_min
S4_mixed_day,326,0,1010260000,12.977777777777778,0.9439725533093138,cutoff
S4_mixed_day,326,1,1010260001,12.982938873027912,0.9440624138770887,cutoff
S4_mixed_day,326,2,1010260002,12.971890420316667,0.9435264842893888,cutoff
S4_mixed_day,326,3,1010260003,12.891662837431499,0.9442169835874711,cutoff
S4_mixed_day,326,4,1010260004,13.011111111111111,0.9442782176055426,cutoff
S4_mixed_day,326,5,1010260005,12.962413636233126,0.9444226695061232,cutoff
S4_mixed_day,326,6,1010260006,12.882887754332494,0.9435494030554021,cutoff
S4_mixed_day,326,7,1010260007,12.988351194479593,0.9445694058379347,cutoff
S4_mixed_day,327,0,1010270000,13.227777777777778,0.9515305626360169,soc_min
S4_mixed_day,327,1,1010270001,13.21111111111111,0.9516393763640437,soc_min
S4_mixed_day,327,2,1010270002,13.261111111111111,0.9516645146244236,soc_min
S4_mixed_day,327,3,1010270003,13.227777777777778,0.9519757239091198,soc_min
S4_mixed_day,327,4,1010270004,13.261111111111111,0.9516960086955006,soc_min
S4_mixed_day,327,5,1010270005,13.244444444444444,0.9515628843174644,soc_min
S4_mixed_day,327,6,1010270006,13.222222222222221,0.9515877293742748,soc_min
S4_mixed_day,327,7,1010270007,13.2,0.9516097980541216,soc_min
S4_mixed_day,328,0,1010280000,15.25,0.947621644708736,soc_min
S4_mixed_day,328,1,1010280001,15.169444444444444,0.9480496376129233,soc_min
S4_mixed_day,328,2,1010280002,15.286111111111111,0.9477029791149708,soc_min
S4_mixed_day,328,3,1010280003,15.305555555555555,0.9482557742127796,soc_min
S4_mixed_day,328,4,1010280004,15.269444444444444,0.9477786745406187,soc_min
S4_mixed_day,328,5,1010280005,15.208333333333334,0.948319159553543,soc_min
S4_mixed_day,328,6,1010280006,15.216666666666667,0.9478754240296806,soc_min
S4_mixed_day,328,7,1010280007,15.225,0.9476288368091369,soc_min
S4_mixed_day,329,0,1010290000,15.041666666666666,0.9370909484908981,cutoff
S4_mixed_day,329,1,1010290001,15.039232886406129,0.9382728679504012,cutoff
S4_mixed_day,329,2,1010290002,15.085499258823168,0.9365190940499636,cutoff
S4_mixed_day,329,3,1010290003,15.019593759341287,0.9372051885486755,cutoff
S4_mixed_day,329,4,1010290004,15.003346666236368,0.9371960978717955,cutoff
S4_mixed_day,329,5,1010290005,15.09314408514455,0.9382893067824459,cutoff
S4_mixed_day,329,6,1010290006,14.977500006535932,0.9369160798626232,cutoff
S4_mixed_day,329,7,1010290007,15.078503823968687,0.9378504522508226,cutoff
S4_mixed_day,330,0,1010300000,7.836774713256811,0.8838766404262486,cutoff
S4_mixed_day,330,1,1010300001,7.824029761471423,0.8826509425517957,cutoff
S4_mixed_day,330,2,1010300002,7.775275998216277,0.8822586503164132,cutoff
S4_mixed_day,330,3,1010300003,7.857437647051572,0.8839038738074618,cutoff
S4_mixed_day,330,4,1010300004,7.811747034989152,0.882401949434482,cutoff
S4_mixed_day,330,5,1010300005,7.793213645774918,0.8826176302923965,cutoff
S4_mixed_day,330,6,1010300006,7.824421443014555,0.8833843393155741,cutoff
S4_mixed_day,330,7,1010300007,7.800281907453877,0.8821137872964071,cutoff
S4_mixed_day,331,0,1010310000,20.386111111111113,0.9392676590302629,cutoff
S4_mixed_day,331,1,1010310001,20.308333333333334,0.9384095806385369,cutoff
S4_mixed_day,331,2,1010310002,20.321543926106582,0.9391439181769006,cutoff
S4_mixed_day,331,3,1010310003,20.37553028431263,0.9392385919263536,cutoff
S4_mixed_day,331,4,1010310004,20.342940767223947,0.9392738778677497,cutoff
S4_mixed_day,331,5,1010310005,20.224690851804468,0.9393601497665878,cutoff
S4_mixed_day,331,6,1010310006,20.322222222222223,0.9383511401843061,cutoff
S4_mixed_day,331,7,1010310007,20.387337722490713,0.9391747020654175,cutoff
S4_mixed_day,332,0,1010320000,16.494444444444444,0.9325705826059167,soc_min
S4_mixed_day,332,1,1010320001,16.583333333333332,0.9330725741031233,soc_min
S4_mixed_day,332,2,1010320002,16.586111111111112,0.9328312488585541,soc_min
S4_mixed_day,332,3,1010320003,16.583333333333332,0.9324527977814265,soc_min
S4_mixed_day,332,4,1010320004,16.594444444444445,0.9323080829048457,soc_min
S4_mixed_day,332,5,1010320005,16.6,0.9328304962965017,soc_min
S4_mixed_day,332,6,1010320006,16.59722222222222,0.9321386116836241,soc_min
S4_mixed_day,332,7,1010320007,16.644444444444446,0.9327660016703091,soc_min
S4_mixed_day,333,0,1010330000,12.848432041764104,0.916360177691478,cutoff
S4_mixed_day,333,1,1010330001,12.962222396761435,0.917179795013355,cutoff
S4_mixed_day,333,2,1010330002,12.912325607933525,0.9172425038586246,cutoff
S4_mixed_day,333,3,1010330003,12.885317100824993,0.9171278506899821,cutoff
S4_mixed_day,333,4,1010330004,12.9,0.9170995044893675,cutoff
S4_mixed_day,333,5,1010330005,12.912849448426043,0.9171496090638607,cutoff
S4_mixed_day,333,6,1010330006,12.9614343780757,0.9175062972097926,cutoff
S4_mixed_day,333,7,1010330007,12.9,0.9170988109827147,cutoff
S4_mixed_day,334,0,1010340000,10.094444444444445,0.8838796704311971,soc_min
S4_mixed_day,334,1,1010340001,10.130555555555556,0.8839900673298541,soc_min
S4_mixed_day,334,2,1010340002,10.102777777777778,0.8859654576099224,soc_min
S4_mixed_day,334,3,1010340003,10.01388888888889,0.8855368245204094,soc_min
S4_mixed_day,334,4,1010340004,10.066666666666666,0.8840506906808899,soc_min
S4_mixed_day,334,5,1010340005,10.041666666666666,0.8840085615904759,soc_min
S4_mixed_day,334,6,1010340006,10.186111111111112,0.8846163166933044,soc_min
S4_mixed_day,334,7,1010340007,10.036111111111111,0.88410428969277,soc_min
S4_mixed_day,335,0,1010350000,14.17911341771352,0.9369875816361274,cutoff
S4_mixed_day,335,1,1010350001,14.189327392289599,0.9370860103375612,cutoff
S4_mixed_day,335,2,1010350002,14.069444444444445,0.9371334177701924,cutoff
S4_mixed_day,335,3,1010350003,14.181465567768173,0.9370723448140535,cutoff
S4_mixed_day,335,4,1010350004,14.091666666666667,0.9375695752426784,cutoff
S4_mixed_day,335,5,1010350005,14.086768384161351,0.9369105421991653,cutoff
S4_mixed_day,335,6,1010350006,14.183283365567041,0.9368551651835996,cutoff
S4_mixed_day,335,7,1010350007,14.153445547403402,0.9363587364689262,cutoff
S4_mixed_day,336,0,1010360000,15.744444444444444,0.9521014791634779,soc_min
S4_mixed_day,336,1,1010360001,15.761111111111111,0.9518581314243183,soc_min
S4_mixed_day,336,2,1010360002,15.775,0.9517182706996687,soc_min
S4_mixed_day,336,3,1010360003,15.786111111111111,0.9520620748760271,soc_min
S4_mixed_day,336,4,1010360004,15.727777777777778,0.951707291149235,soc_min
S4_mixed_day,336,5,1010360005,15.761111111111111,0.9518345243215791,soc_min
S4_mixed_day,336,6,1010360006,15.733333333333333,0.9522842246688012,soc_min
S4_mixed_day,336,7,1010360007,15.772222222222222,0.952068506250512,soc_min
S4_mixed_day,337,0,1010370000,14.75819757537519,0.9080319520459412,cutoff
S4_mixed_day,337,1,1010370001,14.780555555555555,0.9082987164315891,cutoff
S4_mixed_day,337,2,1010370002,14.797222222222222,0.9064996092569861,cutoff
S4_mixed_day,337,3,1010370003,14.936260920783301,0.9071652737448005,cutoff
S4_mixed_day,337,4,1010370004,14.795593377880602,0.9075987613661022,cutoff
S4_mixed_day,337,5,1010370005,14.882003449166891,0.9080000846635354,cutoff
S4_mixed_day,337,6,1010370006,14.822192375564057,0.9071156376075016,cutoff
S4_mixed_day,337,7,1010370007,14.874579867289848,0.9071830707510433,cutoff
S4_mixed_day,338,0,1010380000,7.464428056816753,0.916798241460422,cutoff
S4_mixed_day,338,1,1010380001,7.495937248228399,0.9161530602519382,cutoff
S4_mixed_day,338,2,1010380002,7.554451114540118,0.9161093288989789,cutoff
S4_mixed_day,338,3,1010380003,7.484602881850337,0.9167507937888725,cutoff
S4_mixed_day,338,4,1010380004,7.489735926493985,0.9173642838716819,cutoff
S4_mixed_day,338,5,1010380005,7.434423435397994,0.9169115728287252,cutoff
S4_mixed_day,338,6,1010380006,7.497222222222222,0.9165460179293805,cutoff
S4_mixed_day,338,7,1010380007,7.45204682858137,0.9162707011951873,cutoff
S4_mixed_day,339,0,1010390000,12.625017515994216,0.9282983312265009,cutoff
S4_mixed_day,339,1,1010390001,12.63757288520492,0.9290328087702231,cutoff
S4_mixed_day,339,2,1010390002,12.653789977349284,0.9285112544096717,cutoff
S4_mixed_day,339,3,1010390003,12.666666666666666,0.927907032291484,cutoff
S4_mixed_day,339,4,1010390004,12.61788275792216,0.9291466976481053,cutoff
S4_mixed_day,339,5,1010390005,12.628316345731717,0.9282430090609598,cutoff
S4_mixed_day,339,6,1010390006,12.689558934260104,0.9293103475584968,cutoff
S4_mixed_day,339,7,1010390007,12.643744090468422,0.92898417463192,cutoff
S4_mixed_day,340,0,1010400000,10.713888888888889,0.9261050560174163,soc_min
S4_mixed_day,340,1,1010400001,10.688888888888888,0.9264833445803121,soc_min
S4_mixed_day,340,2,1010400002,10.766666666666667,0.926086180031612,soc_min
S4_mixed_day,340,3,1010400003,10.802777777777777,0.9273808341063681,soc_min
S4_mixed_day,340,4,1010400004,10.755555555555556,0.9265812805125281,soc_min
S4_mixed_day,340,5,1010400005,10.741666666666667,0.9267526621734455,soc_min
S4_mixed_day,340,6,1010400006,10.708333333333334,0.9273303216531138,soc_min
S4_mixed_day,340,7,1010400007,10.76388888888889,0.9263687632585486,soc_min
S4_mixed_day,341,0,1010410000,12.870800744815183,0.9238974991915875,cutoff
S4_mixed_day,341,1,1010410001,12.91161530426513,0.9253254487346737,cutoff
S4_mixed_day,341,2,1010410002,12.919444444444444,0.9242307771180271,cutoff
S4_mixed_day,341,3,1010410003,12.907117288383532,0.9238376176748151,cutoff
S4_mixed_day,341,4,1010410004,12.930555555555555,0.9241843620339452,cutoff
S4_mixed_day,341,5,1010410005,12.927298924741649,0.9240902183255106,cutoff
S4_mixed_day,341,6,1010410006,12.932934172328057,0.9253293881101822,cutoff
S4_mixed_day,341,7,1010410007,12.897264496252651,0.9244004928639377,cutoff
S4_mixed_day,342,0,1010420000,14.372252095175973,0.9361007680143397,cutoff
S4_mixed_day,342,1,1010420001,14.347426185311534,0.93585726713534,cutoff
S4_mixed_day,342,2,1010420002,14.44681820533189,0.9362137268273282,cutoff
S4_mixed_day,342,3,1010420003,14.314160980736393,0.9358656980092168,cutoff
S4_mixed_day,342,4,1010420004,14.330555555555556,0.9358065114058514,cutoff
S4_mixed_day,342,5,1010420005,14.348466623624176,0.9358882377863352,cutoff
S4_mixed_day,342,6,1010420006,14.310726146942569,0.9358491706890486,cutoff
S4_mixed_day,342,7,1010420007,14.35986313745792,0.9358539497939786,cutoff
S4_mixed_day,343,0,1010430000,14.2,0.9468223318648263,cutoff
S4_mixed_day,343,1,1010430001,14.153752919387694,0.946828319715497,cutoff
S4_mixed_day,343,2,1010430002,14.238888888888889,0.946873822863971,cutoff
S4_mixed_day,343,3,1010430003,14.280555555555555,0.9468168085670382,cutoff
S4_mixed_day,343,4,1010430004,14.295009088692721,0.9470879743148284,cutoff
S4_mixed_day,343,5,1010430005,14.258996090754541,0.9460000509626226,cutoff
S4_mixed_day,343,6,1010430006,14.286555876154697,0.946925598265241,cutoff
S4_mixed_day,343,7,1010430007,14.213888888888889,0.9469619136837639,cutoff
S4_mixed_day,344,0,1010440000,9.855469378756421,0.9227668550630995,cutoff
S4_mixed_day,344,1,1010440001,9.819839798830477,0.9227419148700016,cutoff
S4_mixed_day,344,2,1010440002,9.757769699051662,0.9214564467296255,cutoff
S4_mixed_day,344,3,1010440003,9.843748236972843,0.9222457441905648,cutoff
S4_mixed_day,344,4,1010440004,9.79176656552431,0.9215701455663619,cutoff
S4_mixed_day,344,5,1010440005,9.791944808600425,0.9223093065077648,cutoff
S4_mixed_day,344,6,1010440006,9.753070222500488,0.9218569732828346,cutoff
S4_mixed_day,344,7,1010440007,9.863671327866046,0.9221935302698038,cutoff
S4_mixed_day,345,0,1010450000,11.791757765289358,0.9178665637729747,cutoff
S4_mixed_day,345,1,1010450001,11.797690615109094,0.9187909238716349,cutoff
S4_mixed_day,345,2,1010450002,11.83613976032704,0.9181831701974351,cutoff
S4_mixed_day,345,3,1010450003,11.88268732464167,0.9180714573771396,cutoff
S4_mixed_day,345,4,1010450004,11.88068208866624,0.9186438489484484,cutoff
S4_mixed_day,345,5,1010450005,11.87583325717058,0.9182340770776062,cutoff
S4_mixed_day,345,6,1010450006,11.852777777777778,0.9179687312530702,cutoff
S4_mixed_day,345,7,1010450007,11.833333333333334,0.9181053368040729,cutoff
S4_mixed_day,346,0,1010460000,12.905555555555555,0.9455557204502292,soc_min
S4_mixed_day,346,1,1010460001,12.980555555555556,0.9460061378209434,soc_min
S4_mixed_day,346,2,1010460002,12.947222222222223,0.9462302023823198,soc_min
S4_mixed_day,346,3,1010460003,12.958333333333334,0.9462642574587428,soc_min
S4_mixed_day,346,4,1010460004,12.944444444444445,0.9462022373566384,soc_min
S4_mixed_day,346,5,1010460005,12.944444444444445,0.9462732991439046,soc_min
S4_mixed_day,346,6,1010460006,12.988888888888889,0.9455168679680787,soc_min
S4_mixed_day,346,7,1010460007,12.936111111111112,0.9460751806062324,soc_min
S4_mixed_day,347,0,1010470000,12.850297335972947,0.912914694073081,cutoff
S4_mixed_day,347,1,1010470001,12.794444444444444,0.9130771394426893,cutoff
S4_mixed_day,347,2,1010470002,12.832924809657063,0.9126881139128064,cutoff
S4_mixed_day,347,3,1010470003,12.835150993417534,0.91353987998435,cutoff
S4_mixed_day,347,4,1010470004,12.924427091714247,0.91280518892604,cutoff
S4_mixed_day,347,5,1010470005,12.797252917975161,0.9128029277028801,cutoff
S4_mixed_day,347,6,1010470006,12.939287232213525,0.9130806795432498,cutoff
S4_mixed_day,347,7,1010470007,12.941644651096823,0.9129410141496762,cutoff
S4_mixed_day,348,0,1010480000,18.144444444444446,0.9502849202661625,soc_min
S4_mixed_day,348,1,1010480001,18.108333333333334,0.9506864144152175,soc_min
S4_mixed_day,348,2,1010480002,18.163888888888888,0.9502258168081412,soc_min
S4_mixed_day,348,3,1010480003,18.177777777777777,0.9502550870740533,soc_min
S4_mixed_day,348,4,1010480004,18.197222222222223,0.950045053010993,soc_min
S4_mixed_day,348,5,1010480005,18.086111111111112,0.9497605494450476,soc_min
S4_mixed_day,348,6,1010480006,18.125,0.9503778681454823,soc_min
S4_mixed_day,348,7,1010480007,18.094444444444445,0.9502300971654638,soc_min
S4_mixed_day,349,0,1010490000,13.408123630587678,0.9512829078011779,cutoff
S4_mixed_day,349,1,1010490001,13.357959955688855,0.9503776603747442,cutoff
S4_mixed_day,349,2,1010490002,13.307288125096777,0.9502951733536461,cutoff
S4_mixed_day,349,3,1010490003,13.386111111111111,0.9502927693374511,cutoff
S4_mixed_day,349,4,1010490004,13.428469483538356,0.9503422425500181,cutoff
S4_mixed_day,349,5,1010490005,13.416869813593344,0.9498229641448136,cutoff
S4_mixed_day,349,6,1010490006,13.387669610620446,0.950393347027754,cutoff
S4_mixed_day,349,7,1010490007,13.418246168215088,0.9513751488859987,cutoff
S4_mixed_day,350,0,1010500000,19.48611111111111,0.9538340255920321,soc_min
S4_mixed_day,350,1,1010500001,19.59722222222222,0.9537033112600559,soc_min
S4_mixed_day,350,2,1010500002,19.530555555555555,0.952487448530301,soc_min
S4_mixed_day,350,3,1010500003,19.636111111111113,0.9536515554082539,soc_min
S4_mixed_day,350,4,1010500004,19.586111111111112,0.9536389005795243,soc_min
S4_mixed_day,350,5,1010500005,19.586111111111112,0.9534115431933486,soc_min
S4_mixed_day,350,6,1010500006,19.655555555555555,0.9537209028796481,soc_min
S4_mixed_day,350,7,1010500007,19.525,0.953694002991696,soc_min
S4_mixed_day,351,0,1010510000,12.536566648274578,0.9461275063892578,cutoff
S4_mixed_day,351,1,1010510001,12.570479510759258,0.9464986469771041,cutoff
S4_mixed_day,351,2,1010510002,12.597784272091836,0.9469853526386868,cutoff
S4_mixed_day,351,3,1010510003,12.547153499030196,0.9460854597315669,cutoff
S4_mixed_day,351,4,1010510004,12.536702541252067,0.9471323964753118,cutoff
S4_mixed_day,351,5,1010510005,12.511466877178393,0.9460805182892836,cutoff
S4_mixed_day,351,6,1010510006,12.560243345994586,0.9461608482193579,cutoff
S4_mixed_day,351,7,1010510007,12.527014936295481,0.94613691032153,cutoff
S4_mixed_day,352,0,1010520000,16.240748048643344,0.9472848471030332,cutoff
S4_mixed_day,352,1,1010520001,16.287272922492207,0.9466356056615086,cutoff
S4_mixed_day,352,2,1010520002,16.316666666666666,0.9474779742650865,cutoff
S4_mixed_day,352,3,1010520003,16.374193030286083,0.9464801718257302,cutoff
S4_mixed_day,352,4,1010520004,16.328898160462625,0.9465145859038557,cutoff
S4_mixed_day,352,5,1010520005,16.30846092959308,0.9465032619680702,cutoff
S4_mixed_day,352,6,1010520006,16.333906998372232,0.9465270566029677,cutoff
S4_mixed_day,352,7,1010520007,16.33888888888889,0.9467845200896928,cutoff
S4_mixed_day,353,0,1010530000,12.540748904520905,0.9316817848842385,cutoff
S4_mixed_day,353,1,1010530001,12.360800349352555,0.9312104212873022,cutoff
S4_mixed_day,353,2,1010530002,12.44475483148819,0.9301728000261528,cutoff
S4_mixed_day,353,3,1010530003,12.425,0.930184255852256,cutoff
S4_mixed_day,353,4,1010530004,12.418417981614658,0.9305410393472625,cutoff
S4_mixed_day,353,5,1010530005,12.519444444444444,0.9308096248363991,cutoff
S4_mixed_day,353,6,1010530006,12.531475359100067,0.9312588137932944,cutoff
S4_mixed_day,353,7,1010530007,12.396001265786033,0.9307120365931658,cutoff
S4_mixed_day,354,0,1010540000,14.975,0.9505810137876266,soc_min
S4_mixed_day,354,1,1010540001,14.983333333333333,0.9513010141589028,soc_min
S4_mixed_day,354,2,1010540002,15.01388888888889,0.9511628676617728,soc_min
S4_mixed_day,354,3,1010540003,15.036111111111111,0.9507402474471384,soc_min
S4_mixed_day,354,4,1010540004,15.01388888888889,0.9516136394620645,soc_min
S4_mixed_day,354,5,1010540005,15.005555555555556,0.9512874299953753,soc_min
S4_mixed_day,354,6,1010540006,15.002777777777778,0.951038136434795,soc_min
S4_mixed_day,354,7,1010540007,15.005555555555556,0.9516061207698748,soc_min
S4_mixed_day,355,0,1010550000,13.241906294365641,0.9326213520758854,cutoff
S4_mixed_day,355,1,1010550001,13.240521342484167,0.9323415274153752,cutoff
S4_mixed_day,355,2,1010550002,13.285728325084243,0.9323991867780996,cutoff
S4_mixed_day,355,3,1010550003,13.247352748359834,0.9328880695602791,cutoff
S4_mixed_day,355,4,1010550004,13.278642083765224,0.9326158911700037,cutoff
S4_mixed_day,355,5,1010550005,13.253190176293202,0.9324247310079736,cutoff
S4_mixed_day,355,6,1010550006,13.261525233365758,0.9333768663331141,cutoff
S4_mixed_day,355,7,1010550007,13.24413583907669,0.9323076623921939,cutoff
S4_mixed_day,356,0,1010560000,9.60434915310401,0.9391200073070486,cutoff
S4_mixed_day,356,1,1010560001,9.614637878110251,0.938706051659676,cutoff
S4_mixed_day,356,2,1010560002,9.58040843690491,0.9392517396769221,cutoff
S4_mixed_day,356,3,1010560003,9.59072693909355,0.9384982327714124,cutoff
S4_mixed_day,356,4,1010560004,9.577935748208498,0.9383818315069685,cutoff
S4_mixed_day,356,5,1010560005,9.548524351124419,0.9390264905071005,cutoff
S4_mixed_day,356,6,1010560006,9.549140576260047,0.938495311791556,cutoff
S4_mixed_day,356,7,1010560007,9.636825097792645,0.9384879706998024,cutoff
S4_mixed_day,357,0,1010570000,13.441666666666666,0.9260705247426174,cutoff
S4_mixed_day,357,1,1010570001,13.424649196374137,0.9250288163286058,cutoff
S4_mixed_day,357,2,1010570002,13.443465853572109,0.9260432010740476,cutoff
S4_mixed_day,357,3,1010570003,13.402851186362993,0.9265246302804316,cutoff
S4_mixed_day,357,4,1010570004,13.399368947448014,0.9271790245245347,cutoff
S4_mixed_day,357,5,1010570005,13.386072516482107,0.9266779284621871,cutoff
S4_mixed_day,357,6,1010570006,13.421271636779645,0.9269431824639851,cutoff
S4_mixed_day,357,7,1010570007,13.426131204574101,0.9261322467710597,cutoff
S4_mixed_day,358,0,1010580000,15.481515210323117,0.9575975569864598,cutoff
S4_mixed_day,358,1,1010580001,15.498699807884854,0.957517365574036,cutoff
S4_mixed_day,358,2,1010580002,15.481667638243243,0.9574361389348441,cutoff
S4_mixed_day,358,3,1010580003,15.511262872907503,0.9574920912182289,cutoff
S4_mixed_day,358,4,1010580004,15.514544663012733,0.9567281757156966,cutoff
S4_mixed_day,358,5,1010580005,15.46019150575449,0.9574637415262763,cutoff
S4_mixed_day,358,6,1010580006,15.463500944906334,0.9577439494244737,cutoff
S4_mixed_day,358,7,1010580007,15.47917962177717,0.9575201013605935,cutoff
S4_mixed_day,359,0,1010590000,17.818204942152903,0.955835557820962,cutoff
S4_mixed_day,359,1,1010590001,17.8817064913641,0.9553500784243812,cutoff
S4_mixed_day,359,2,1010590002,17.91682581655359,0.9552240569232919,cutoff
S4_mixed_day,359,3,1010590003,17.915913215547228,0.955451407743348,cutoff
S4_mixed_day,359,4,1010590004,17.89509624761437,0.955313764447151,cutoff
S4_mixed_day,359,5,1010590005,17.808333333333334,0.9554058799658425,cutoff
S4_mixed_day,359,6,1010590006,17.922001532609322,0.9551981004404683,cutoff
S4_mixed_day,359,7,1010590007,17.867383050042534,0.9554158239596467,cutoff
S4_mixed_day,360,0,1010600000,14.122222222222222,0.9235138080789658,soc_min
S4_mixed_day,360,1,1010600001,14.225,0.923761131180125,soc_min
S4_mixed_day,360,2,1010600002,14.2,0.9235699253772985,soc_min
S4_mixed_day,360,3,1010600003,14.069444444444445,0.9237154937546493,soc_min
S4_mixed_day,360,4,1010600004,14.161111111111111,0.9236296436038327,soc_min
S4_mixed_day,360,5,1010600005,14.158333333333333,0.92367870623742,soc_min
S4_mixed_day,360,6,1010600006,14.147222222222222,0.9224547809114391,soc_min
S4_mixed_day,360,7,1010600007,14.122222222222222,0.9235291974515579,soc_min
S4_mixed_day,361,0,1010610000,9.916167665007904,0.8907231884868212,cutoff
S4_mixed_day,361,1,1010610001,9.869084913445096,0.8899816023340809,cutoff
S4_mixed_day,361,2,1010610002,9.85,0.8900283481806176,cutoff
S4_mixed_day,361,3,1010610003,9.972222222222221,0.8902971715526175,cutoff
S4_mixed_day,361,4,1010610004,9.89275584980184,0.8914831617711085,cutoff
S4_mixed_day,361,5,1010610005,9.882199231273777,0.8902442949670151,cutoff
S4_mixed_day,361,6,1010610006,9.835088306170022,0.8881201610840366,cutoff
S4_mixed_day,361,7,1010610007,9.835303270597729,0.8880574211251803,cutoff
S4_mixed_day,362,0,1010620000,21.072527038813643,0.930671584550968,cutoff
S4_mixed_day,362,1,1010620001,21.056076871288262,0.9308312704048392,cutoff
S4_mixed_day,362,2,1010620002,21.07777777777778,0.930804855589017,cutoff
S4_mixed_day,362,3,1010620003,21.119444444444444,0.9307240752429089,cutoff
S4_mixed_day,362,4,1010620004,21.084589811083298,0.9300315350465451,cutoff
S4_mixed_day,362,5,1010620005,20.891666666666666,0.9306480447080824,cutoff
S4_mixed_day,362,6,1010620006,21.12269721751853,0.9309104264613457,cutoff
S4_mixed_day,362,7,1010620007,21.077725420022837,0.9311403213884247,cutoff
S4_mixed_day,363,0,1010630000,9.702777777777778,0.9417469220751713,soc_min
S4_mixed_day,363,1,1010630001,9.694444444444445,0.941969487213404,soc_min
S4_mixed_day,363,2,1010630002,9.694444444444445,0.9414452404194098,soc_min
S4_mixed_day,363,3,1010630003,9.641666666666667,0.9364290422359072,soc_min
S4_mixed_day,363,4,1010630004,9.683333333333334,0.9416759536011189,soc_min
S4_mixed_day,363,5,1010630005,9.669444444444444,0.9413461977328665,soc_min
S4_mixed_day,363,6,1010630006,9.769444444444444,0.9425113152939163,soc_min
S4_mixed_day,363,7,1010630007,9.686111111111112,0.9421115438479728,soc_min
S4_mixed_day,364,0,1010640000,9.25681456558075,0.912702747676383,cutoff
S4_mixed_day,364,1,1010640001,9.275,0.9123106427663713,cutoff
S4_mixed_day,364,2,1010640002,9.255166808232728,0.9135346708413157,cutoff
S4_mixed_day,364,3,1010640003,9.284587853616683,0.9124477270205885,cutoff
S4_mixed_day,364,4,1010640004,9.281129590650833,0.9137240717233286,cutoff
S4_mixed_day,364,5,1010640005,9.265501273918982,0.9132639763372287,cutoff
S4_mixed_day,364,6,1010640006,9.345926370547042,0.9123947726653846,cutoff
S4_mixed_day,364,7,1010640007,9.254746014215927,0.9110138521918982,cutoff
S4_mixed_day,365,0,1010650000,10.911007346457566,0.8910548823397192,cutoff
S4_mixed_day,365,1,1010650001,10.911948213108,0.8898240461688856,cutoff
S4_mixed_day,365,2,1010650002,11.00038310554236,0.8896720575292283,cutoff
S4_mixed_day,365,3,1010650003,10.932011679848218,0.888908586836297,cutoff
S4_mixed_day,365,4,1010650004,10.948142779172857,0.8868207199784587,cutoff
S4_mixed_day,365,5,1010650005,10.886111111111111,0.8892147543403205,cutoff
S4_mixed_day,365,6,1010650006,10.894984738485865,0.8910297853429621,cutoff
S4_mixed_day,365,7,1010650007,10.937366046002767,0.8903446366968193,cutoff
S4_mixed_day,366,0,1010660000,11.063888888888888,0.9308812605737795,cutoff
S4_mixed_day,366,1,1010660001,11.105555555555556,0.9315729459384785,cutoff
S4_mixed_day,366,2,1010660002,11.119444444444444,0.9310073225791757,cutoff
S4_mixed_day,366,3,1010660003,11.079932537612622,0.9312752529951036,cutoff
S4_mixed_day,366,4,1010660004,11.092788380745914,0.9322362200991431,cutoff
S4_mixed_day,366,5,1010660005,11.031854079078066,0.9296249499177411,cutoff
S4_mixed_day,366,6,1010660006,11.060999111052865,0.9306350394643403,cutoff
S4_mixed_day,366,7,1010660007,11.069444444444445,0.9313343306299027,cutoff
S4_mixed_day,367,0,1010670000,10.861299265622309,0.9285359342688977,cutoff
S4_mixed_day,367,1,1010670001,10.880513755656711,0.9285623333049078,cutoff
S4_mixed_day,367,2,1010670002,10.922153253472292,0.9287046302508516,cutoff
S4_mixed_day,367,3,1010670003,10.869444444444444,0.9287272042165431,cutoff
S4_mixed_day,367,4,1010670004,10.901230025629195,0.9292861018983738,cutoff
S4_mixed_day,367,5,1010670005,10.825445493119922,0.9289850520414746,cutoff
S4_mixed_day,367,6,1010670006,10.897222222222222,0.9296885682207479,cutoff
S4_mixed_day,367,7,1010670007,10.832792873854892,0.9284898482263603,cutoff
S4_mixed_day,368,0,1010680000,17.38888888888889,0.9521623719263971,cutoff
S4_mixed_day,368,1,1010680001,17.355038404934522,0.9521632853140657,cutoff
S4_mixed_day,368,2,1010680002,17.211111111111112,0.9513259618410204,cutoff
S4_mixed_day,368,3,1010680003,17.29104468420067,0.9521709176212066,cutoff
S4_mixed_day,368,4,1010680004,17.413390491246027,0.9514344710094478,cutoff
S4_mixed_day,368,5,1010680005,17.365140601411476,0.9518604322651678,cutoff
S4_mixed_day,368,6,1010680006,17.30477733805009,0.9511027905058302,cutoff
S4_mixed_day,368,7,1010680007,17.418013818639427,0.9512629059613472,cutoff
S4_mixed_day,369,0,1010690000,14.222222222222221,0.9431614329941135,soc_min
S4_mixed_day,369,1,1010690001,14.383333333333333,0.9429245475656435,soc_min
S4_mixed_day,369,2,1010690002,14.297222222222222,0.9429692737616419,soc_min
S4_mixed_day,369,3,1010690003,14.308333333333334,0.9428042367784636,soc_min
S4_mixed_day,369,4,1010690004,14.266666666666667,0.9429215031723733,soc_min
S4_mixed_day,369,5,1010690005,14.28888888888889,0.943018975084906,soc_min
S4_mixed_day,369,6,1010690006,14.26388888888889,0.9430672195628684,soc_min
S4_mixed_day,369,7,1010690007,14.311111111111112,0.9427922982819851,soc_min
S4_mixed_day,370,0,1010700000,13.977777777777778,0.9248334984195606,soc_min
S4_mixed_day,370,1,1010700001,14.022222222222222,0.9242637927116243,soc_min
S4_mixed_day,370,2,1010700002,13.997222222222222,0.9247960697183812,soc_min
S4_mixed_day,370,3,1010700003,13.983333333333333,0.9251829857094812,soc_min
S4_mixed_day,370,4,1010700004,13.969444444444445,0.9247896490642515,soc_min
S4_mixed_day,370,5,1010700005,13.958333333333334,0.9251105432872764,soc_min
S4_mixed_day,370,6,1010700006,13.975,0.924817393182874,soc_min
S4_mixed_day,370,7,1010700007,13.941666666666666,0.9250456568868896,soc_min
S4_mixed_day,371,0,1010710000,14.9,0.9239929467594198,soc_min
S4_mixed_day,371,1,1010710001,14.869444444444444,0.9315300774214211,soc_min
S4_mixed_day,371,2,1010710002,14.852777777777778,0.9322558765575099,soc_min
S4_mixed_day,371,3,1010710003,14.922222222222222,0.9330897961007866,soc_min
S4_mixed_day,371,4,1010710004,14.805555555555555,0.931996510466714,soc_min
S4_mixed_day,371,5,1010710005,14.822222222222223,0.9319252867069375,soc_min
S4_mixed_day,371,6,1010710006,14.955555555555556,0.93277208671087,soc_min
S4_mixed_day,371,7,1010710007,14.952777777777778,0.9323060872938249,soc_min
S4_mixed_day,372,0,1010720000,14.399984004306704,0.9348265094233433,cutoff
S4_mixed_day,372,1,1010720001,14.28569254408786,0.9341343728267058,cutoff
S4_mixed_day,372,2,1010720002,14.310932841312747,0.9346767450611978,cutoff
S4_mixed_day,372,3,1010720003,14.311111111111112,0.9347586201081302,cutoff
S4_mixed_day,372,4,1010720004,14.26388888888889,0.934530592640116,cutoff
S4_mixed_day,372,5,1010720005,14.262784116775928,0.9348283496438986,cutoff
S4_mixed_day,372,6,1010720006,14.318892090145638,0.935440149656151,cutoff
S4_mixed_day,372,7,1010720007,14.344444444444445,0.9347812447048479,cutoff
S4_mixed_day,373,0,1010730000,11.295333779886983,0.9403878801806119,cutoff
S4_mixed_day,373,1,1010730001,11.247169291591081,0.9408740257440831,cutoff
S4_mixed_day,373,2,1010730002,11.21111111111111,0.9408572517264642,cutoff
S4_mixed_day,373,3,1010730003,11.34773807827528,0.9404540237615951,cutoff
S4_mixed_day,373,4,1010730004,11.316666666666666,0.9404429657136565,cutoff
S4_mixed_day,373,5,1010730005,11.32328249763661,0.9404924818184868,cutoff
S4_mixed_day,373,6,1010730006,11.287769875770817,0.9406994285297436,cutoff
S4_mixed_day,373,7,1010730007,11.306173546639629,0.9405384912921356,cutoff
S4_mixed_day,374,0,1010740000,13.966666666666667,0.9386554248470313,soc_min
S4_mixed_day,374,1,1010740001,13.886111111111111,0.9384860611793165,soc_min
S4_mixed_day,374,2,1010740002,13.905555555555555,0.9385955573424177,soc_min
S4_mixed_day,374,3,1010740003,13.947222222222223,0.9384295009647788,soc_min
S4_mixed_day,374,4,1010740004,13.994444444444444,0.938279691167266,soc_min
S4_mixed_day,374,5,1010740005,13.91388888888889,0.9385297439154765,soc_min
S4_mixed_day,374,6,1010740006,13.977777777777778,0.9392445714408996,soc_min
S4_mixed_day,374,7,1010740007,13.952777777777778,0.9383784495970128,soc_min
S4_mixed_day,375,0,1010750000,15.11111111111111,0.9249738117791341,soc_min
S4_mixed_day,375,1,1010750001,15.141666666666667,0.9247725524758692,soc_min
S4_mixed_day,375,2,1010750002,14.983333333333333,0.9248305180618499,soc_min
S4_mixed_day,375,3,1010750003,15.063888888888888,0.9251514388624266,soc_min
S4_mixed_day,375,4,1010750004,15.069444444444445,0.9245085739902563,soc_min
S4_mixed_day,375,5,1010750005,15.116666666666667,0.9256762164276554,soc_min
S4_mixed_day,375,6,1010750006,15.088888888888889,0.9244752110869824,soc_min
S4_mixed_day,375,7,1010750007,14.930555555555555,0.9226321814737924,soc_min
S4_mixed_day,376,0,1010760000,8.752777777777778,0.9210639978100611,soc_min
S4_mixed_day,376,1,1010760001,8.78888888888889,0.9222448251088521,soc_min
S4_mixed_day,376,2,1010760002,8.816666666666666,0.9213908722276397,soc_min
S4_mixed_day,376,3,1010760003,8.752777777777778,0.9212507423214866,soc_min
S4_mixed_day,376,4,1010760004,8.780555555555555,0.9208533688088658,soc_min
S4_mixed_day,376,5,1010760005,8.813888888888888,0.9209172320519706,soc_min
S4_mixed_day,376,6,1010760006,8.672222222222222,0.9211788754623522,soc_min
S4_mixed_day,376,7,1010760007,8.813888888888888,0.9214328245166068,soc_min
S4_mixed_day,377,0,1010770000,8.38858638236386,0.9116917117865166,cutoff
S4_mixed_day,377,1,1010770001,8.44326079635763,0.911350704391377,cutoff
S4_mixed_day,377,2,1010770002,8.408333333333333,0.9114519395442331,cutoff
S4_mixed_day,377,3,1010770003,8.496101953514874,0.9113838601809633,cutoff
S4_mixed_day,377,4,1010770004,8.481507970387655,0.9112505964900718,cutoff
S4_mixed_day,377,5,1010770005,8.466666666666667,0.9112341407666715,cutoff
S4_mixed_day,377,6,1010770006,8.45,0.9111947908371238,cutoff
S4_mixed_day,377,7,1010770007,8.470860218467502,0.9113450759953532,cutoff
S4_mixed_day,378,0,1010780000,16.24122576949997,0.9515879009690856,cutoff
S4_mixed_day,378,1,1010780001,16.179960842724256,0.9509020357463736,cutoff
S4_mixed_day,378,2,1010780002,16.24471078149326,0.9507344354390533,cutoff
S4_mixed_day,378,3,1010780003,16.171581087817014,0.9507654180726048,cutoff
S4_mixed_day,378,4,1010780004,16.216183858464476,0.9511266647903968,cutoff
S4_mixed_day,378,5,1010780005,16.19781217658282,0.9507036906937757,cutoff
S4_mixed_day,378,6,1010780006,16.136669577587995,0.9505756173273618,cutoff
S4_mixed_day,378,7,1010780007,16.12102141267331,0.9505314726156471,cutoff
S4_mixed_day,379,0,1010790000,13.261111111111111,0.9226375151811381,soc_min
S4_mixed_day,379,1,1010790001,13.261111111111111,0.9226661888551813,soc_min
S4_mixed_day,379,2,1010790002,13.258333333333333,0.9220023467719703,soc_min
S4_mixed_day,379,3,1010790003,13.172222222222222,0.9234246446380436,soc_min
S4_mixed_day,379,4,1010790004,13.23611111111111,0.9220142716209845,soc_min
S4_mixed_day,379,5,1010790005,13.216666666666667,0.9231281121363911,soc_min
S4_mixed_day,379,6,1010790006,13.26388888888889,0.9225936896304042,soc_min
S4_mixed_day,379,7,1010790007,13.241666666666667,0.9225884534450752,soc_min
S4_mixed_day,380,0,1010800000,12.152987063111388,0.9283565526612516,cutoff
S4_mixed_day,380,1,1010800001,12.12024416294206,0.9279024009565148,cutoff
S4_mixed_day,380,2,1010800002,12.211439900519508,0.9281022922561472,cutoff
S4_mixed_day,380,3,1010800003,12.075,0.9283498038086875,cutoff
S4_mixed_day,380,4,1010800004,12.11612488130536,0.9272014098480955,cutoff
S4_mixed_day,380,5,1010800005,12.197525443229575,0.9283859672391594,cutoff
S4_mixed_day,380,6,1010800006,12.17662484960974,0.9284000138799968,cutoff
S4_mixed_day,380,7,1010800007,12.010317582604475,0.9279562452459815,cutoff
S4_mixed_day,381,0,1010810000,11.108986823342022,0.9292257862796754,cutoff
S4_mixed_day,381,1,1010810001,11.06821316209928,0.9295496028172555,cutoff
S4_mixed_day,381,2,1010810002,11.04401405550494,0.928730912516999,cutoff
S4_mixed_day,381,3,1010810003,11.06018875896268,0.9290960165328572,cutoff
S4_mixed_day,381,4,1010810004,11.117975176982522,0.9292838495772039,cutoff
S4_mixed_day,381,5,1010810005,11.075,0.9291606989064712,cutoff
S4_mixed_day,381,6,1010810006,11.10473840562169,0.9287906200994306,cutoff
S4_mixed_day,381,7,1010810007,11.147689372613305,0.9289689094965483,cutoff
S4_mixed_day,382,0,1010820000,10.063888888888888,0.9163149868274654,cutoff
S4_mixed_day,382,1,1010820001,10.119200647956283,0.9165888048082573,cutoff
S4_mixed_day,382,2,1010820002,10.179973622754888,0.9164846623131058,cutoff
S4_mixed_day,382,3,1010820003,10.114243451109779,0.9166582178997298,cutoff
S4_mixed_day,382,4,1010820004,10.097222222222221,0.9167762870993726,cutoff
S4_mixed_day,382,5,1010820005,10.152204053481942,0.9161946892467872,cutoff
S4_mixed_day,382,6,1010820006,10.221810486211957,0.9177320412894485,cutoff
S4_mixed_day,382,7,1010820007,10.147175972215715,0.9171705112449627,cutoff
S4_mixed_day,383,0,1010830000,16.185202096143392,0.9329016507863102,cutoff
S4_mixed_day,383,1,1010830001,16.111967790082502,0.9330225713794064,cutoff
S4_mixed_day,383,2,1010830002,16.165789587221038,0.9329810371574513,cutoff
S4_mixed_day,383,3,1010830003,16.145580153255995,0.9329868009870629,cutoff
S4_mixed_day,383,4,1010830004,16.165337256337274,0.9326850072333875,cutoff
S4_mixed_day,383,5,1010830005,16.075,0.933770226519806,cutoff
S4_mixed_day,383,6,1010830006,16.050221931602227,0.9330176622169851,cutoff
S4_mixed_day,383,7,1010830007,16.185506126301952,0.9332863603844697,cutoff
S4_mixed_day,384,0,1010840000,19.782599408147224,0.9390678956872704,cutoff
S4_mixed_day,384,1,1010840001,19.790929405829253,0.9396944341169985,cutoff
S4_mixed_day,384,2,1010840002,19.77882920068973,0.9391095134529287,cutoff
S4_mixed_day,384,3,1010840003,19.87704665764185,0.9403247405525937,cutoff
S4_mixed_day,384,4,1010840004,19.84175704991257,0.9402492791188345,cutoff
S4_mixed_day,384,5,1010840005,19.776462349085445,0.9401001556336587,cutoff
S4_mixed_day,384,6,1010840006,19.840539909989804,0.9396499531704914,cutoff
S4_mixed_day,384,7,1010840007,19.844444444444445,0.9393690904400052,cutoff
S4_mixed_day,385,0,1010850000,18.619444444444444,0.9142942358916085,soc_min
S4_mixed_day,385,1,1010850001,18.491666666666667,0.9157969117598694,soc_min
S4_mixed_day,385,2,1010850002,18.575,0.9158749686801163,soc_min
S4_mixed_day,385,3,1010850003,18.655555555555555,0.9155111979074892,soc_min
S4_mixed_day,385,4,1010850004,18.644444444444446,0.9160783140681313,soc_min
S4_mixed_day,385,5,1010850005,18.608333333333334,0.9158368988695749,soc_min
S4_mixed_day,385,6,1010850006,18.586111111111112,0.9154754028473088,soc_min
S4_mixed_day,385,7,1010850007,18.52777777777778,0.915660057465461,soc_min
S4_mixed_day,386,0,1010860000,11.92089638448281,0.9432121562278348,cutoff
S4_mixed_day,386,1,1010860001,11.861569951734058,0.9428576376304486,cutoff
S4_mixed_day,386,2,1010860002,11.906930225922618,0.9430269569058409,cutoff
S4_mixed_day,386,3,1010860003,11.921943958856469,0.9429477899473119,cutoff
S4_mixed_day,386,4,1010860004,11.925,0.9439923061290958,cutoff
S4_mixed_day,386,5,1010860005,11.882998024104484,0.9434076625129871,cutoff
S4_mixed_day,386,6,1010860006,11.895212624667863,0.9439626357790759,cutoff
S4_mixed_day,386,7,1010860007,11.877362608371469,0.9430252193361888,cutoff
S4_mixed_day,387,0,1010870000,12.619739611139059,0.9149293342796542,cutoff
S4_mixed_day,387,1,1010870001,12.636586215730844,0.9151817174538928,cutoff
S4_mixed_day,387,2,1010870002,12.692253001966055,0.9153670179273008,cutoff
S4_mixed_day,387,3,1010870003,12.604224062599034,0.9138884492502181,cutoff
S4_mixed_day,387,4,1010870004,12.65701411098044,0.9153044298622325,cutoff
S4_mixed_day,387,5,1010870005,12.633333333333333,0.9141946942511755,cutoff
S4_mixed_day,387,6,1010870006,12.64699070483934,0.9150111140694583,cutoff
S4_mixed_day,387,7,1010870007,12.658333333333333,0.9135720554186015,cutoff
S4_mixed_day,388,0,1010880000,8.158333333333333,0.8823240785037262,soc_min
S4_mixed_day,388,1,1010880001,8.108333333333333,0.8821636757048924,soc_min
S4_mixed_day,388,2,1010880002,8.169444444444444,0.8830505047484589,soc_min
S4_mixed_day,388,3,1010880003,8.088888888888889,0.883682125457776,soc_min
S4_mixed_day,388,4,1010880004,8.16388888888889,0.8812484066051309,soc_min
S4_mixed_day,388,5,1010880005,8.136111111111111,0.882165415726339,soc_min
S4_mixed_day,388,6,1010880006,8.183333333333334,0.8826630208880232,soc_min
S4_mixed_day,388,7,1010880007,8.175,0.8827531929535343,soc_min
S4_mixed_day,389,0,1010890000,17.84278314061105,0.932172738607148,cutoff
S4_mixed_day,389,1,1010890001,17.81221298062749,0.928182524194103,cutoff
S4_mixed_day,389,2,1010890002,17.794444444444444,0.9335678154670075,cutoff
S4_mixed_day,389,3,1010890003,17.961111111111112,0.9334939620681648,cutoff
S4_mixed_day,389,4,1010890004,17.859750041256017,0.9333385350243562,cutoff
S4_mixed_day,389,5,1010890005,17.793948790185404,0.9335577315800881,cutoff
S4_mixed_day,389,6,1010890006,17.916522404306928,0.9329768861245067,cutoff
S4_mixed_day,389,7,1010890007,17.894444444444446,0.9334782994343558,cutoff
S4_mixed_day,390,0,1010900000,16.738888888888887,0.9409361995628774,soc_min
S4_mixed_day,390,1,1010900001,16.836111111111112,0.940976544233492,soc_min
S4_mixed_day,390,2,1010900002,16.680555555555557,0.9350669274230773,soc_min
S4_mixed_day,390,3,1010900003,16.708333333333332,0.9410606071908111,soc_min
S4_mixed_day,390,4,1010900004,16.77777777777778,0.9411515240473998,soc_min
S4_mixed_day,390,5,1010900005,16.68888888888889,0.9403493615663572,soc_min
S4_mixed_day,390,6,1010900006,16.68888888888889,0.9413724170783847,soc_min
S4_mixed_day,390,7,1010900007,16.7,0.9405877776234639,soc_min
S4_mixed_day,391,0,1010910000,13.72246660872532,0.9518365180353912,cutoff
S4_mixed_day,391,1,1010910001,13.689798706239152,0.9515983449232548,cutoff
S4_mixed_day,391,2,1010910002,13.718124568000494,0.9517065479491843,cutoff
S4_mixed_day,391,3,1010910003,13.655367185015724,0.9516001253619302,cutoff
S4_mixed_day,391,4,1010910004,13.65,0.9525640076559755,cutoff
S4_mixed_day,391,5,1010910005,13.690036587651623,0.9525762142284654,cutoff
S4_mixed_day,391,6,1010910006,13.658333333333333,0.9508101949217509,cutoff
S4_mixed_day,391,7,1010910007,13.70835694721222,0.9515848370865563,cutoff
S4_mixed_day,392,0,1010920000,12.16388888888889,0.9266468169790821,soc_min
S4_mixed_day,392,1,1010920001,12.105555555555556,0.9270339315525845,soc_min
S4_mixed_day,392,2,1010920002,12.05,0.9269696651980215,soc_min
S4_mixed_day,392,3,1010920003,12.044444444444444,0.9264646611491182,soc_min
S4_mixed_day,392,4,1010920004,12.022222222222222,0.9273157580538474,soc_min
S4_mixed_day,392,5,1010920005,12.080555555555556,0.9250474070514458,soc_min
S4_mixed_day,392,6,1010920006,12.027777777777779,0.9269914831708967,soc_min
S4_mixed_day,392,7,1010920007,12.11111111111111,0.9272760652940929,soc_min
S4_mixed_day,393,0,1010930000,19.461111111111112,0.9441437401422591,cutoff
S4_mixed_day,393,1,1010930001,19.473966692441437,0.9439607383516024,cutoff
S4_mixed_day,393,2,1010930002,19.55675897708851,0.9441688345039636,cutoff
S4_mixed_day,393,3,1010930003,19.58272330619605,0.9441136636829215,cutoff
S4_mixed_day,393,4,1010930004,19.57312801171941,0.9441788663849265,cutoff
S4_mixed_day,393,5,1010930005,19.587272883675013,0.9439137036530305,cutoff
S4_mixed_day,393,6,1010930006,19.57036374841472,0.9444201092797911,cutoff
S4_mixed_day,393,7,1010930007,19.592507224894593,0.9443017067547714,cutoff
S4_mixed_day,394,0,1010940000,10.433395215170181,0.8965976694656026,cutoff
S4_mixed_day,394,1,1010940001,10.480555555555556,0.8962113648814004,cutoff
S4_mixed_day,394,2,1010940002,10.457245059132651,0.8968677001221156,cutoff
S4_mixed_day,394,3,1010940003,10.455401103569441,0.8956840399075808,cutoff
S4_mixed_day,394,4,1010940004,10.466666666666667,0.8962129793360903,cutoff
S4_mixed_day,394,5,1010940005,10.497222222222222,0.8968455922258362,cutoff
S4_mixed_day,394,6,1010940006,10.525,0.8966725419791842,cutoff
S4_mixed_day,394,7,1010940007,10.449601837989382,0.8951220346440393,cutoff
S4_mixed_day,395,0,1010950000,10.232660675970058,0.943048539217057,cutoff
S4_mixed_day,395,1,1010950001,10.15931842393728,0.9425771167103635,cutoff
S4_mixed_day,395,2,1010950002,10.068461173919465,0.9424555411551669,cutoff
S4_mixed_day,395,3,1010950003,10.19979909138312,0.9423474889866451,cutoff
S4_mixed_day,395,4,1010950004,10.199733765875164,0.9420955553477883,cutoff
S4_mixed_day,395,5,1010950005,10.178352615672676,0.942059217061257,cutoff
S4_mixed_day,395,6,1010950006,10.2,0.9427433165580567,cutoff
S4_mixed_day,395,7,1010950007,10.13819337054707,0.9428543939094391,cutoff
S4_mixed_day,396,0,1010960000,14.468409995873122,0.9207550698288444,cutoff
S4_mixed_day,396,1,1010960001,14.510962231709941,0.9212321774812222,cutoff
S4_mixed_day,396,2,1010960002,14.50994959716976,0.9208982445161648,cutoff
S4_mixed_day,396,3,1010960003,14.505938544759003,0.9212640097798729,cutoff
S4_mixed_day,396,4,1010960004,14.514851477198812,0.9210748476796912,cutoff
S4_mixed_day,396,5,1010960005,14.53888888888889,0.9208785289095296,cutoff
S4_mixed_day,396,6,1010960006,14.458403189621288,0.921274479026323,cutoff
S4_mixed_day,396,7,1010960007,14.536869341289455,0.9208949040495916,cutoff
S4_mixed_day,397,0,1010970000,9.98766347559765,0.892759092803121,cutoff
S4_mixed_day,397,1,1010970001,9.936450916295097,0.8920719834477903,cutoff
S4_mixed_day,397,2,1010970002,10.019444444444444,0.8920151785203816,cutoff
S4_mixed_day,397,3,1010970003,10.002296672034928,0.8927562708940942,cutoff
S4_mixed_day,397,4,1010970004,9.977777777777778,0.8927089860886666,cutoff
S4_mixed_day,397,5,1010970005,9.992908967598451,0.8939150986908774,cutoff
S4_mixed_day,397,6,1010970006,9.989591994134685,0.8921812151411292,cutoff
S4_mixed_day,397,7,1010970007,9.976144816414063,0.8939322351820377,cutoff
S4_mixed_day,398,0,1010980000,9.903094433820202,0.9187364786805694,cutoff
S4_mixed_day,398,1,1010980001,9.837601612843038,0.9184983812144164,cutoff
S4_mixed_day,398,2,1010980002,9.80274131615881,0.9179784330261606,cutoff
S4_mixed_day,398,3,1010980003,9.795771520744458,0.9191031160839344,cutoff
S4_mixed_day,398,4,1010980004,9.825,0.9187589126086557,cutoff
S4_mixed_day,398,5,1010980005,9.929451214960736,0.9185238239208126,cutoff
S4_mixed_day,398,6,1010980006,9.797222222222222,0.9179535753075606,cutoff
S4_mixed_day,398,7,1010980007,9.89661277878326,0.919022789980478,cutoff
S4_mixed_day,399,0,1010990000,18.927777777777777,0.9326603029499564,cutoff
S4_mixed_day,399,1,1010990001,18.960933846117758,0.9326920028606033,cutoff
S4_mixed_day,399,2,1010990002,18.930555555555557,0.9325578197563414,cutoff
S4_mixed_day,399,3,1010990003,18.955555555555556,0.9320000689601117,cutoff
S4_mixed_day,399,4,1010990004,18.966843369151537,0.9323430158565573,cutoff
S4_mixed_day,399,5,1010990005,18.980555555555554,0.9324136395624689,cutoff
S4_mixed_day,399,6,1010990006,18.93083409161526,0.9323272608908848,cutoff
S4_mixed_day,399,7,1010990007,18.969444444444445,0.9325273836240543,cutoff
S4_mixed_day,400,0,1011000000,18.241666666666667,0.9367324763229797,soc_min
S4_mixed_day,400,1,1011000001,18.216666666666665,0.9367147879991611,soc_min
S4_mixed_day,400,2,1011000002,18.308333333333334,0.9353960770391723,soc_min
S4_mixed_day,400,3,1011000003,18.20277777777778,0.9370243704460283,soc_min
S4_mixed_day,400,4,1011000004,18.252777777777776,0.9364127356081094,soc_min
S4_mixed_day,400,5,1011000005,18.29722222222222,0.936713395629455,soc_min
S4_mixed_day,400,6,1011000006,18.18611111111111,0.936325239128922,soc_min
S4_mixed_day,400,7,1011000007,18.255555555555556,0.9363724780902671,soc_min
S4_mixed_day,401,0,1011010000,13.124832906878774,0.9479012741353088,cutoff
S4_mixed_day,401,1,1011010001,13.147222222222222,0.9475674506015441,cutoff
S4_mixed_day,401,2,1011010002,13.167129933036803,0.9483597605667635,cutoff
S4_mixed_day,401,3,1011010003,13.132540320133112,0.9480387531968825,cutoff
S4_mixed_day,401,4,1011010004,13.137896752463865,0.9480844522239847,cutoff
S4_mixed_day,401,5,1011010005,13.18808076764915,0.9478459205289892,cutoff
S4_mixed_day,401,6,1011010006,13.097545797061796,0.9474717795077989,cutoff
S4_mixed_day,401,7,1011010007,13.118082443979791,0.9473253598959105,cutoff
S4_mixed_day,402,0,1011020000,10.837499519755985,0.9333311390077667,cutoff
S4_mixed_day,402,1,1011020001,10.676063326669468,0.9337097682918644,cutoff
S4_mixed_day,402,2,1011020002,10.74810090381019,0.9331152642742601,cutoff
S4_mixed_day,402,3,1011020003,10.820073245766782,0.9332633917514381,cutoff
S4_mixed_day,402,4,1011020004,10.735939441729638,0.933242885142101,cutoff
S4_mixed_day,402,5,1011020005,10.833879556660717,0.9334856544018901,cutoff
S4_mixed_day,402,6,1011020006,10.74237573715243,0.9335109464033521,cutoff
S4_mixed_day,402,7,1011020007,10.775648925707486,0.9335483997981666,cutoff
S4_mixed_day,403,0,1011030000,19.71824415130816,0.9267077842443825,cutoff
S4_mixed_day,403,1,1011030001,19.649221625128234,0.9262630382310713,cutoff
S4_mixed_day,403,2,1011030002,19.68958213651675,0.9275988015255514,cutoff
S4_mixed_day,403,3,1011030003,19.682382544104538,0.9265090262072393,cutoff
S4_mixed_day,403,4,1011030004,19.669168208595654,0.9266097890430611,cutoff
S4_mixed_day,403,5,1011030005,19.738888888888887,0.9271115988525196,cutoff
S4_mixed_day,403,6,1011030006,19.697826504184608,0.9275791516436906,cutoff
S4_mixed_day,403,7,1011030007,19.740352059525755,0.9260682029668788,cutoff
S4_mixed_day,404,0,1011040000,13.305555555555555,0.9286655975090664,soc_min
S4_mixed_day,404,1,1011040001,13.26388888888889,0.9286820680821741,soc_min
S4_mixed_day,404,2,1011040002,13.291666666666666,0.9287794579045262,soc_min
S4_mixed_day,404,3,1011040003,13.327777777777778,0.9291780683090821,soc_min
S4_mixed_day,404,4,1011040004,13.283333333333333,0.928834497038962,soc_min
S4_mixed_day,404,5,1011040005,13.325,0.9294617087795278,soc_min
S4_mixed_day,404,6,1011040006,13.28888888888889,0.9290494604322671,soc_min
S4_mixed_day,404,7,1011040007,13.338888888888889,0.9289716350154006,soc_min
S4_mixed_day,405,0,1011050000,15.923663812439719,0.9317206911895374,cutoff
S4_mixed_day,405,1,1011050001,15.847532104924127,0.9322342926443942,cutoff
S4_mixed_day,405,2,1011050002,15.800301605072692,0.9317208830960818,cutoff
S4_mixed_day,405,3,1011050003,15.800241435740734,0.9320590319988674,cutoff
S4_mixed_day,405,4,1011050004,15.901936165809518,0.9319006979310857,cutoff
S4_mixed_day,405,5,1011050005,15.919542434745319,0.9308434149251411,cutoff
S4_mixed_day,405,6,1011050006,15.841666666666667,0.9316402355569989,cutoff
S4_mixed_day,405,7,1011050007,15.881894449679166,0.9315415901200688,cutoff
S4_mixed_day,406,0,1011060000,11.95,0.8954575993068158,cutoff
S4_mixed_day,406,1,1011060001,11.891666666666667,0.8967775240278606,cutoff
S4_mixed_day,406,2,1011060002,11.927397856348906,0.8948330036935201,cutoff
S4_mixed_day,406,3,1011060003,12.034291632554051,0.8960530043447189,cutoff
S4_mixed_day,406,4,1011060004,11.96111111111111,0.8954722763271831,cutoff
S4_mixed_day,406,5,1011060005,11.928087127356223,0.8955886091586314,cutoff
S4_mixed_day,406,6,1011060006,11.950207558447921,0.8961454706246763,cutoff
S4_mixed_day,406,7,1011060007,11.983333333333333,0.8971044458925457,cutoff
S4_mixed_day,407,0,1011070000,14.991666666666667,0.893863210356508,cutoff
S4_mixed_day,407,1,1011070001,15.0,0.8934937337821833,cutoff
S4_mixed_day,407,2,1011070002,14.955203335474083,0.8941344835006173,cutoff
S4_mixed_day,407,3,1011070003,15.05522646017152,0.8941915380571922,cutoff
S4_mixed_day,407,4,1011070004,14.983333333333333,0.8930072696111393,cutoff
S4_mixed_day,407,5,1011070005,15.119249286504855,0.8935660739092744,cutoff
S4_mixed_day,407,6,1011070006,14.930555555555555,0.8931683397795951,cutoff
S4_mixed_day,407,7,1011070007,14.942873735968396,0.893112254319497,cutoff
S4_mixed_day,408,0,1011080000,17.05699924857001,0.9483484418856089,cutoff
S4_mixed_day,408,1,1011080001,16.947222222222223,0.9483733988942467,cutoff
S4_mixed_day,408,2,1011080002,16.98496541815514,0.9487241484788915,cutoff
S4_mixed_day,408,3,1011080003,16.972261422886003,0.9486456485419219,cutoff
S4_mixed_day,408,4,1011080004,17.075,0.9486370157176927,cutoff
S4_mixed_day,408,5,1011080005,16.990393605156022,0.9484548907836577,cutoff
S4_mixed_day,408,6,1011080006,17.005555555555556,0.9485914068496719,cutoff
S4_mixed_day,408,7,1011080007,16.986470187942007,0.9484823934770528,cutoff
S4_mixed_day,409,0,1011090000,13.766666666666667,0.9283426542221925,soc_min
S4_mixed_day,409,1,1011090001,13.858333333333333,0.9283247726611206,soc_min
S4_mixed_day,409,2,1011090002,13.852777777777778,0.9288998130088512,soc_min
S4_mixed_day,409,3,1011090003,13.822222222222223,0.9282083315755281,soc_min
S4_mixed_day,409,4,1011090004,13.847222222222221,0.928591557203733,soc_min
S4_mixed_day,409,5,1011090005,13.777777777777779,0.9283662794481867,soc_min
S4_mixed_day,409,6,1011090006,13.855555555555556,0.9284734612173261,soc_min
S4_mixed_day,409,7,1011090007,13.863888888888889,0.9284940230744387,soc_min
S4_mixed_day,410,0,1011100000,6.163888888888889,0.90066466537076,soc_min
S4_mixed_day,410,1,1011100001,6.197222222222222,0.9007600651803741,soc_min
S4_mixed_day,410,2,1011100002,6.141666666666667,0.9004754759689952,soc_min
S4_mixed_day,410,3,1011100003,6.2027777777777775,0.9016096783525512,soc_min
S4_mixed_day,410,4,1011100004,6.227777777777778,0.900714866892604,soc_min
S4_mixed_day,410,5,1011100005,6.186111111111111,0.9012037627246284,soc_min
S4_mixed_day,410,6,1011100006,6.158333333333333,0.9001363053766712,soc_min
S4_mixed_day,410,7,1011100007,6.205555555555556,0.9003950505707021,soc_min
S4_mixed_day,411,0,1011110000,13.520403749599952,0.8961658940919891,cutoff
S4_mixed_day,411,1,1011110001,13.597599510055257,0.8963633603090401,cutoff
S4_mixed_day,411,2,1011110002,13.548675556067247,0.8963021659952126,cutoff
S4_mixed_day,411,3,1011110003,13.693308245376802,0.8963856778643063,cutoff
S4_mixed_day,411,4,1011110004,13.61922259984909,0.8979390747079311,cutoff
S4_mixed_day,411,5,1011110005,13.66362046542414,0.8967637373709884,cutoff
S4_mixed_day,411,6,1011110006,13.577777777777778,0.8970952178664816,cutoff
S4_mixed_day,411,7,1011110007,13.614387197296876,0.8984941733910607,cutoff
S4_mixed_day,412,0,1011120000,12.552777777777777,0.9514184632673636,soc_min
S4_mixed_day,412,1,1011120001,12.544444444444444,0.9505319792676818,soc_min
S4_mixed_day,412,2,1011120002,12.602777777777778,0.9508812889749406,soc_min
S4_mixed_day,412,3,1011120003,12.630555555555556,0.9516331356673523,soc_min
S4_mixed_day,412,4,1011120004,12.572222222222223,0.9521974114825688,soc_min
S4_mixed_day,412,5,1011120005,12.641666666666667,0.9519437716007935,soc_min
S4_mixed_day,412,6,1011120006,12.605555555555556,0.951770586268412,soc_min
S4_mixed_day,412,7,1011120007,12.633333333333333,0.9493232186408316,soc_min
S4_mixed_day,413,0,1011130000,11.961384371672647,0.8904539918773637,cutoff
S4_mixed_day,413,1,1011130001,11.984339508693294,0.8889012605796167,cutoff
S4_mixed_day,413,2,1011130002,11.970640903973663,0.889421020933642,cutoff
S4_mixed_day,413,3,1011130003,11.88725083445639,0.8902363236578976,cutoff
S4_mixed_day,413,4,1011130004,11.91258723616386,0.8894655424924385,cutoff
S4_mixed_day,413,5,1011130005,11.983333333333333,0.8890753309210805,cutoff
S4_mixed_day,413,6,1011130006,11.947988815992884,0.8898074692581296,cutoff
S4_mixed_day,413,7,1011130007,11.908333333333333,0.8888170785453727,cutoff
S4_mixed_day,414,0,1011140000,16.739352787230068,0.9399727413850291,cutoff
S4_mixed_day,414,1,1011140001,16.69862814617782,0.938893343967151,cutoff
S4_mixed_day,414,2,1011140002,16.784127207069588,0.9396791269421321,cutoff
S4_mixed_day,414,3,1011140003,16.748053817297134,0.9391095728291042,cutoff
S4_mixed_day,414,4,1011140004,16.633333333333333,0.9398320764019298,cutoff
S4_mixed_day,414,5,1011140005,16.74414578712836,0.9391970850211144,cutoff
S4_mixed_day,414,6,1011140006,16.687379942365514,0.9390113043577387,cutoff
S4_mixed_day,414,7,1011140007,16.750930776099295,0.9390388361798163,cutoff
S4_mixed_day,415,0,1011150000,12.758354251320418,0.910213109207111,cutoff
S4_mixed_day,415,1,1011150001,12.876070826597324,0.9098174589178584,cutoff
S4_mixed_day,415,2,1011150002,12.916666666666666,0.9099392002301772,cutoff
S4_mixed_day,415,3,1011150003,12.826029832522389,0.9095871188280856,cutoff
S4_mixed_day,415,4,1011150004,12.813160974391604,0.9098254347767457,cutoff
S4_mixed_day,415,5,1011150005,12.790261049992136,0.9089023150319009,cutoff
S4_mixed_day,415,6,1011150006,12.858977937428556,0.9089197664065354,cutoff
S4_mixed_day,415,7,1011150007,12.725,0.9094885430446352,cutoff
S4_mixed_day,416,0,1011160000,15.889569276955509,0.931471487226799,cutoff
S4_mixed_day,416,1,1011160001,15.924951135056622,0.9318881526031486,cutoff
S4_mixed_day,416,2,1011160002,15.967766468689204,0.9315362495761398,cutoff
S4_mixed_day,416,3,1011160003,15.95,0.9318793109005094,cutoff
S4_mixed_day,416,4,1011160004,15.926544992716575,0.9315693124268742,cutoff
S4_mixed_day,416,5,1011160005,15.92347762118894,0.9316069660330858,cutoff
S4_mixed_day,416,6,1011160006,15.919622647121884,0.9315983033428078,cutoff
S4_mixed_day,416,7,1011160007,15.92860315856998,0.9316900906519303,cutoff
S4_mixed_day,417,0,1011170000,9.713888888888889,0.9341297673059157,soc_min
S4_mixed_day,417,1,1011170001,9.730555555555556,0.9354214528379733,soc_min
S4_mixed_day,417,2,1011170002,9.702777777777778,0.9351543533825583,soc_min
S4_mixed_day,417,3,1011170003,9.630555555555556,0.9355604185589009,soc_min
S4_mixed_day,417,4,1011170004,9.708333333333334,0.9349744687789298,soc_min
S4_mixed_day,417,5,1011170005,9.691666666666666,0.9358102652384681,soc_min
S4_mixed_day,417,6,1011170006,9.691666666666666,0.9361530735965593,soc_min
S4_mixed_day,417,7,1011170007,9.655555555555555,0.9359279287095756,soc_min
S4_mixed_day,418,0,1011180000,11.180555555555555,0.9353114318847057,soc_min
S4_mixed_day,418,1,1011180001,11.186111111111112,0.9356356441169252,soc_min
S4_mixed_day,418,2,1011180002,11.186111111111112,0.9361412368923205,soc_min
S4_mixed_day,418,3,1011180003,11.161111111111111,0.9354922757799822,soc_min
S4_mixed_day,418,4,1011180004,11.172222222222222,0.9363961266542842,soc_min
S4_mixed_day,418,5,1011180005,11.152777777777779,0.9352558985531798,soc_min
S4_mixed_day,418,6,1011180006,11.158333333333333,0.9363265127638016,soc_min
S4_mixed_day,418,7,1011180007,11.116666666666667,0.934935678488878,soc_min
S4_mixed_day,419,0,1011190000,11.08611111111111,0.9224371986299164,soc_min
S4_mixed_day,419,1,1011190001,11.052777777777777,0.9226750497919426,soc_min
S4_mixed_day,419,2,1011190002,11.147222222222222,0.920743348568789,soc_min
S4_mixed_day,419,3,1011190003,11.069444444444445,0.9222275692874383,soc_min
S4_mixed_day,419,4,1011190004,11.088888888888889,0.9228090193431866,soc_min
S4_mixed_day,419,5,1011190005,11.105555555555556,0.9199238797982907,soc_min
S4_mixed_day,419,6,1011190006,11.055555555555555,0.9225318854608034,soc_min
S4_mixed_day,419,7,1011190007,11.05,0.9230001251425848,soc_min
S4_mixed_day,420,0,1011200000,13.67940743593053,0.9156031309056629,cutoff
S4_mixed_day,420,1,1011200001,13.590216538353008,0.9155758901724357,cutoff
S4_mixed_day,420,2,1011200002,13.602777777777778,0.917069092365091,cutoff
S4_mixed_day,420,3,1011200003,13.625,0.916873514833256,cutoff
S4_mixed_day,420,4,1011200004,13.55,0.9168316047734736,cutoff
S4_mixed_day,420,5,1011200005,13.647801185023793,0.9161527186247516,cutoff
S4_mixed_day,420,6,1011200006,13.596446126956268,0.9170013939874576,cutoff
S4_mixed_day,420,7,1011200007,13.563888888888888,0.9159875619294149,cutoff
S4_mixed_day,421,0,1011210000,10.078632062622301,0.949031331086244,cutoff
S4_mixed_day,421,1,1011210001,10.067623940202726,0.9490738058712823,cutoff
S4_mixed_day,421,2,1011210002,10.073154883488098,0.9488351199595956,cutoff
S4_mixed_day,421,3,1011210003,10.066666666666666,0.9487042074235961,cutoff
S4_mixed_day,421,4,1011210004,10.090734520729244,0.9489201141636228,cutoff
S4_mixed_day,421,5,1011210005,10.0673156046592,0.9493144737020384,cutoff
S4_mixed_day,421,6,1011210006,10.058871026697712,0.9491063779460877,cutoff
S4_mixed_day,421,7,1011210007,10.045034798502133,0.9493507986036918,cutoff
S4_mixed_day,422,0,1011220000,12.538277911719428,0.931247734753091,cutoff
S4_mixed_day,422,1,1011220001,12.526797345931232,0.931668200977367,cutoff
S4_mixed_day,422,2,1011220002,12.573395060815105,0.9312062969952801,cutoff
S4_mixed_day,422,3,1011220003,12.589062508001726,0.9319355501981939,cutoff
S4_mixed_day,422,4,1011220004,12.517113312276194,0.9319828979708868,cutoff
S4_mixed_day,422,5,1011220005,12.547222222222222,0.9315474663130324,cutoff
S4_mixed_day,422,6,1011220006,12.502777777777778,0.9314876266754641,cutoff
S4_mixed_day,422,7,1011220007,12.55006143447709,0.9317564304427044,cutoff
S4_mixed_day,423,0,1011230000,14.983333333333333,0.9376035485993718,soc_min
S4_mixed_day,423,1,1011230001,14.991666666666667,0.938385905629121,soc_min
S4_mixed_day,423,2,1011230002,15.01388888888889,0.9380715422592723,soc_min
S4_mixed_day,423,3,1011230003,14.95,0.9383264597502728,soc_min
S4_mixed_day,423,4,1011230004,15.069444444444445,0.9375470796570003,soc_min
S4_mixed_day,423,5,1011230005,14.941666666666666,0.9379431501993869,soc_min
S4_mixed_day,423,6,1011230006,14.988888888888889,0.937959050439549,soc_min
S4_mixed_day,423,7,1011230007,15.083333333333334,0.93802352906331,soc_min
S4_mixed_day,424,0,1011240000,12.776915470703447,0.9130243233455108,cutoff
S4_mixed_day,424,1,1011240001,12.740618382564909,0.9141777849799164,cutoff
S4_mixed_day,424,2,1011240002,12.781605770212193,0.9128389308979845,cutoff
S4_mixed_day,424,3,1011240003,12.722222222222221,0.9140396703166666,cutoff
S4_mixed_day,424,4,1011240004,12.777236901952035,0.9138934291727708,cutoff
S4_mixed_day,424,5,1011240005,12.820559662548831,0.9130644119166229,cutoff
S4_mixed_day,424,6,1011240006,12.739288319066315,0.9123461443363539,cutoff
S4_mixed_day,424,7,1011240007,12.80315632501903,0.9137078011432359,cutoff
S4_mixed_day,425,0,1011250000,13.762265269104057,0.9314851323743893,cutoff
S4_mixed_day,425,1,1011250001,13.870430127928856,0.9316437974566494,cutoff
S4_mixed_day,425,2,1011250002,13.78300285289761,0.9315166175444614,cutoff
S4_mixed_day,425,3,1011250003,13.818390558912503,0.9300386170026158,cutoff
S4_mixed_day,425,4,1011250004,13.813888888888888,0.9313611942733443,cutoff
S4_mixed_day,425,5,1011250005,13.822130598206348,0.9314869375622755,cutoff
S4_mixed_day,425,6,1011250006,13.822614457301114,0.9315511187544214,cutoff
S4_mixed_day,425,7,1011250007,13.827777777777778,0.9315198158768084,cutoff
S4_mixed_day,426,0,1011260000,12.400867463446383,0.9232991591909727,cutoff
S4_mixed_day,426,1,1011260001,12.373667997777028,0.9239519256143945,cutoff
S4_mixed_day,426,2,1011260002,12.445057417079918,0.9235439636722034,cutoff
S4_mixed_day,426,3,1011260003,12.348458543853994,0.9235670439168986,cutoff
S4_mixed_day,426,4,1011260004,12.438888888888888,0.9233387082273504,cutoff
S4_mixed_day,426,5,1011260005,12.43391983066115,0.9243080324233947,cutoff
S4_mixed_day,426,6,1011260006,12.4331013972884,0.9245455956305848,cutoff
S4_mixed_day,426,7,1011260007,12.428455963649165,0.9234143430762243,cutoff
S4_mixed_day,427,0,1011270000,9.516666666666667,0.9194705535941778,soc_min
S4_mixed_day,427,1,1011270001,9.566666666666666,0.920091398160122,soc_min
S4_mixed_day,427,2,1011270002,9.547222222222222,0.9208467474866155,soc_min
S4_mixed_day,427,3,1011270003,9.547222222222222,0.9195710565908897,soc_min
S4_mixed_day,427,4,1011270004,9.616666666666667,0.9198016375928586,soc_min
S4_mixed_day,427,5,1011270005,9.555555555555555,0.9196633957709226,soc_min
S4_mixed_day,427,6,1011270006,9.480555555555556,0.9194974565476727,soc_min
S4_mixed_day,427,7,1011270007,9.541666666666666,0.9209787658795129,soc_min
S4_mixed_day,428,0,1011280000,16.366099571747732,0.9409962441533675,cutoff
S4_mixed_day,428,1,1011280001,16.323400613013778,0.9409999515331855,cutoff
S4_mixed_day,428,2,1011280002,16.301131480249847,0.9414279039037202,cutoff
S4_mixed_day,428,3,1011280003,16.387031794659578,0.9412551829217225,cutoff
S4_mixed_day,428,4,1011280004,16.33830733672148,0.9412923847584382,cutoff
S4_mixed_day,428,5,1011280005,16.406703053805074,0.9412297594223654,cutoff
S4_mixed_day,428,6,1011280006,16.32535389002875,0.9411120671255846,cutoff
S4_mixed_day,428,7,1011280007,16.36293070033133,0.9410096485923064,cutoff
S4_mixed_day,429,0,1011290000,11.78888888888889,0.9454474727129686,soc_min
S4_mixed_day,429,1,1011290001,11.741666666666667,0.9457924225842127,soc_min
S4_mixed_day,429,2,1011290002,11.816666666666666,0.9453938148987192,soc_min
S4_mixed_day,429,3,1011290003,11.691666666666666,0.9452950776373464,soc_min
S4_mixed_day,429,4,1011290004,11.716666666666667,0.9463447417015288,soc_min
S4_mixed_day,429,5,1011290005,11.752777777777778,0.9456537518460146,soc_min
S4_mixed_day,429,6,1011290006,11.791666666666666,0.9455523690104566,soc_min
S4_mixed_day,429,7,1011290007,11.780555555555555,0.9455800944280337,soc_min
S4_mixed_day,430,0,1011300000,8.766666666666667,0.9346417094324952,soc_min
S4_mixed_day,430,1,1011300001,8.76388888888889,0.934233941899723,soc_min
S4_mixed_day,430,2,1011300002,8.716666666666667,0.9353083666805344,soc_min
S4_mixed_day,430,3,1011300003,8.705555555555556,0.934667085331336,soc_min
S4_mixed_day,430,4,1011300004,8.758333333333333,0.9333047781002488,soc_min
S4_mixed_day,430,5,1011300005,8.73611111111111,0.9346364763825353,soc_min
S4_mixed_day,430,6,1011300006,8.76388888888889,0.9344695626720301,soc_min
S4_mixed_day,430,7,1011300007,8.805555555555555,0.9349688492644458,soc_min
S4_mixed_day,431,0,1011310000,12.530555555555555,0.912243846870439,soc_min
S4_mixed_day,431,1,1011310001,12.53888888888889,0.9128072883310167,soc_min
S4_mixed_day,431,2,1011310002,12.552777777777777,0.9121750711621909,soc_min
S4_mixed_day,431,3,1011310003,12.572222222222223,0.912596094731986,soc_min
S4_mixed_day,431,4,1011310004,12.544444444444444,0.9123729020347408,soc_min
S4_mixed_day,431,5,1011310005,12.51388888888889,0.9124640490239139,soc_min
S4_mixed_day,431,6,1011310006,12.527777777777779,0.9113246657975563,soc_min
S4_mixed_day,431,7,1011310007,12.502777777777778,0.9111834048572662,soc_min
S4_mixed_day,432,0,1011320000,13.033333333333333,0.9347618019034456,soc_min
S4_mixed_day,432,1,1011320001,12.997222222222222,0.9335236976771089,soc_min
S4_mixed_day,432,2,1011320002,13.030555555555555,0.9341931893503306,soc_min
S4_mixed_day,432,3,1011320003,13.130555555555556,0.9346142144766181,soc_min
S4_mixed_day,432,4,1011320004,13.008333333333333,0.9344724354273737,soc_min
S4_mixed_day,432,5,1011320005,12.955555555555556,0.9351754548759287,soc_min
S4_mixed_day,432,6,1011320006,12.991666666666667,0.935200907638787,soc_min
S4_mixed_day,432,7,1011320007,12.991666666666667,0.9351287144862738,soc_min
S4_mixed_day,433,0,1011330000,12.305808580542347,0.9308974153449485,cutoff
S4_mixed_day,433,1,1011330001,12.273092246907,0.9302396170727599,cutoff
S4_mixed_day,433,2,1011330002,12.340941865302577,0.9306363294258024,cutoff
S4_mixed_day,433,3,1011330003,12.261756962955728,0.9310218532710232,cutoff
S4_mixed_day,433,4,1011330004,12.26084735175646,0.9297054383321876,cutoff
S4_mixed_day,433,5,1011330005,12.256122504706267,0.9296793529223958,cutoff
S4_mixed_day,433,6,1011330006,12.282387565358725,0.9297913520498247,cutoff
S4_mixed_day,433,7,1011330007,12.21111111111111,0.9306993252719742,cutoff
S4_mixed_day,434,0,1011340000,14.292594669053472,0.9269375234778637,cutoff
S4_mixed_day,434,1,1011340001,14.056223947987466,0.9258517698151885,cutoff
S4_mixed_day,434,2,1011340002,14.12173788426142,0.9257602121636828,cutoff
S4_mixed_day,434,3,1011340003,14.169007969510282,0.927038020076318,cutoff
S4_mixed_day,434,4,1011340004,14.14331844667987,0.9265345283866089,cutoff
S4_mixed_day,434,5,1011340005,14.206085594583456,0.9260066708896331,cutoff
S4_mixed_day,434,6,1011340006,14.1592440161511,0.9265925573793505,cutoff
S4_mixed_day,434,7,1011340007,14.161420782302228,0.9271189115995314,cutoff
S4_mixed_day,435,0,1011350000,7.602777777777778,0.9153290430333197,soc_min
S4_mixed_day,435,1,1011350001,7.5777777777777775,0.914205169141045,soc_min
S4_mixed_day,435,2,1011350002,7.597222222222222,0.9141120874171847,soc_min
S4_mixed_day,435,3,1011350003,7.683333333333334,0.9153348979257969,soc_min
S4_mixed_day,435,4,1011350004,7.633333333333334,0.914036312371165,soc_min
S4_mixed_day,435,5,1011350005,7.644444444444445,0.9153617220423493,soc_min
S4_mixed_day,435,6,1011350006,7.6,0.914126815894263,soc_min
S4_mixed_day,435,7,1011350007,7.6,0.9149262593259158,soc_min
S4_mixed_day,436,0,1011360000,11.283333333333333,0.9376257685483468,soc_min
S4_mixed_day,436,1,1011360001,11.316666666666666,0.9376563984583004,soc_min
S4_mixed_day,436,2,1011360002,11.369444444444444,0.9375531729292073,soc_min
S4_mixed_day,436,3,1011360003,11.291666666666666,0.9375557743884214,soc_min
S4_mixed_day,436,4,1011360004,11.311111111111112,0.9377688450240765,soc_min
S4_mixed_day,436,5,1011360005,11.325,0.9381498804189292,soc_min
S4_mixed_day,436,6,1011360006,11.291666666666666,0.9377309187940508,soc_min
S4_mixed_day,436,7,1011360007,11.244444444444444,0.9364397624056864,soc_min
S4_mixed_day,437,0,1011370000,16.514524543934822,0.9393689624278692,cutoff
S4_mixed_day,437,1,1011370001,16.575,0.9392975411907998,cutoff
S4_mixed_day,437,2,1011370002,16.538214726651642,0.9390317575924441,cutoff
S4_mixed_day,437,3,1011370003,16.59838218551624,0.9397597661260677,cutoff
S4_mixed_day,437,4,1011370004,16.51342105510317,0.9395059842567427,cutoff
S4_mixed_day,437,5,1011370005,16.576496621257665,0.9392540773842685,cutoff
S4_mixed_day,437,6,1011370006,16.515376115698476,0.9397620002364048,cutoff
S4_mixed_day,437,7,1011370007,16.53437785287863,0.9394237828177758,cutoff
S4_mixed_day,438,0,1011380000,8.816516049705777,0.9327149053791625,cutoff
S4_mixed_day,438,1,1011380001,8.794353445094407,0.9319573221076196,cutoff
S4_mixed_day,438,2,1011380002,8.76200009072989,0.9328837343804701,cutoff
S4_mixed_day,438,3,1011380003,8.780510644745622,0.9322638692971978,cutoff
S4_mixed_day,438,4,1011380004,8.79657744858699,0.9320715346507705,cutoff
S4_mixed_day,438,5,1011380005,8.770574116170073,0.9323861350377635,cutoff
S4_mixed_day,438,6,1011380006,8.791666666666666,0.9325738709424495,cutoff
S4_mixed_day,438,7,1011380007,8.770009074148538,0.9323181215291078,cutoff
S4_mixed_day,439,0,1011390000,10.370585626608847,0.9106578425479981,cutoff
S4_mixed_day,439,1,1011390001,10.322222222222223,0.9103572718100869,cutoff
S4_mixed_day,439,2,1011390002,10.378542946539193,0.9104735275813399,cutoff
S4_mixed_day,439,3,1011390003,10.37847345968368,0.9104655138918171,cutoff
S4_mixed_day,439,4,1011390004,10.352343551941129,0.9113480480682883,cutoff
S4_mixed_day,439,5,1011390005,10.34675782975952,0.9102452936929067,cutoff
S4_mixed_day,439,6,1011390006,10.410121254070797,0.9109312980257197,cutoff
S4_mixed_day,439,7,1011390007,10.340663232967858,0.9090250842609257,cutoff
S4_mixed_day,440,0,1011400000,24.069444444444443,0.952849392494966,soc_min
S4_mixed_day,440,1,1011400001,24.069444444444443,0.9538800937870613,soc_min
S4_mixed_day,440,2,1011400002,24.080555555555556,0.9537978399760865,soc_min
S4_mixed_day,440,3,1011400003,24.06111111111111,0.9539090707488732,soc_min
S4_mixed_day,440,4,1011400004,24.075,0.9532686142974763,soc_min
S4_mixed_day,440,5,1011400005,24.03611111111111,0.9538645189801893,soc_min
S4_mixed_day,440,6,1011400006,24.086111111111112,0.953446382234363,soc_min
S4_mixed_day,440,7,1011400007,24.06388888888889,0.9537551511195695,soc_min
S4_mixed_day,441,0,1011410000,8.838888888888889,0.9169503012626455,soc_min
S4_mixed_day,441,1,1011410001,8.794444444444444,0.9168821698310821,soc_min
S4_mixed_day,441,2,1011410002,8.786111111111111,0.9167911047197924,soc_min
S4_mixed_day,441,3,1011410003,8.747222222222222,0.9167470403944065,soc_min
S4_mixed_day,441,4,1011410004,8.738888888888889,0.9174618942889884,soc_min
S4_mixed_day,441,5,1011410005,8.772222222222222,0.9153144297132879,soc_min
S4_mixed_day,441,6,1011410006,8.752777777777778,0.9170094975422172,soc_min
S4_mixed_day,441,7,1011410007,8.744444444444444,0.9177332019850452,soc_min
S4_mixed_day,442,0,1011420000,17.544444444444444,0.9379837408419659,soc_min
S4_mixed_day,442,1,1011420001,17.430555555555557,0.9368923538855044,soc_min
S4_mixed_day,442,2,1011420002,17.469444444444445,0.9371711885242857,soc_min
S4_mixed_day,442,3,1011420003,17.483333333333334,0.9372305925932228,soc_min
S4_mixed_day,442,4,1011420004,17.494444444444444,0.9375795785007265,soc_min
S4_mixed_day,442,5,1011420005,17.502777777777776,0.937559295565808,soc_min
S4_mixed_day,442,6,1011420006,17.51388888888889,0.936839044672897,soc_min
S4_mixed_day,442,7,1011420007,17.5,0.9376988449866754,soc_min
S4_mixed_day,443,0,1011430000,13.313888888888888,0.9163912876028306,soc_min
S4_mixed_day,443,1,1011430001,13.386111111111111,0.9174988044510894,soc_min
S4_mixed_day,443,2,1011430002,13.419444444444444,0.9163890795456131,soc_min
S4_mixed_day,443,3,1011430003,13.366666666666667,0.9171758375209018,soc_min
S4_mixed_day,443,4,1011430004,13.455555555555556,0.9157949447881862,soc_min
S4_mixed_day,443,5,1011430005,13.36111111111111,0.9178757996544763,soc_min
S4_mixed_day,443,6,1011430006,13.377777777777778,0.9167873528257862,soc_min
S4_mixed_day,443,7,1011430007,13.344444444444445,0.9178244736796566,soc_min
S4_mixed_day,444,0,1011440000,10.21189325499594,0.9265571423864657,cutoff
S4_mixed_day,444,1,1011440001,10.271495713672573,0.9271383654310046,cutoff
S4_mixed_day,444,2,1011440002,10.201352960728057,0.9278327024402836,cutoff
S4_mixed_day,444,3,1011440003,10.206950515644227,0.9278570361463618,cutoff
S4_mixed_day,444,4,1011440004,10.241987244976885,0.9270550138285,cutoff
S4_mixed_day,444,5,1011440005,10.12925512345246,0.9265851843070716,cutoff
S4_mixed_day,444,6,1011440006,10.188888888888888,0.926755675820986,cutoff
S4_mixed_day,444,7,1011440007,10.225587334007901,0.9273513531770164,cutoff
S4_mixed_day,445,0,1011450000,10.452777777777778,0.9357675800714912,soc_min
S4_mixed_day,445,1,1011450001,10.527777777777779,0.9349439726356477,soc_min
S4_mixed_day,445,2,1011450002,10.502777777777778,0.9356398960636274,soc_min
S4_mixed_day,445,3,1011450003,10.455555555555556,0.9349170350211884,soc_min
S4_mixed_day,445,4,1011450004,10.405555555555555,0.9359214847181864,soc_min
S4_mixed_day,445,5,1011450005,10.408333333333333,0.9359315436061918,soc_min
S4_mixed_day,445,6,1011450006,10.391666666666667,0.9360179115051983,soc_min
S4_mixed_day,445,7,1011450007,10.45,0.9350877474064144,soc_min
S4_mixed_day,446,0,1011460000,12.267222000311893,0.9485972977193445,cutoff
S4_mixed_day,446,1,1011460001,12.268169142184322,0.9485827047700262,cutoff
S4_mixed_day,446,2,1011460002,12.207966871061677,0.9488434866168922,cutoff
S4_mixed_day,446,3,1011460003,12.32403985280042,0.9486446066561537,cutoff
S4_mixed_day,446,4,1011460004,12.231734473594429,0.948582504181045,cutoff
S4_mixed_day,446,5,1011460005,12.235101421320435,0.9485876304651636,cutoff
S4_mixed_day,446,6,1011460006,12.314023395438253,0.9488891763190531,cutoff
S4_mixed_day,446,7,1011460007,12.208333333333334,0.9485832622142774,cutoff
S4_mixed_day,447,0,1011470000,9.498716932105623,0.9398176711362544,cutoff
S4_mixed_day,447,1,1011470001,9.456685432161024,0.9400088307696142,cutoff
S4_mixed_day,447,2,1011470002,9.452380126436639,0.9396916257535194,cutoff
S4_mixed_day,447,3,1011470003,9.483333333333333,0.9406267190462179,cutoff
S4_mixed_day,447,4,1011470004,9.474357369430379,0.9407772835158432,cutoff
S4_mixed_day,447,5,1011470005,9.540527684214295,0.9397015429082216,cutoff
S4_mixed_day,447,6,1011470006,9.386111111111111,0.9407162085118461,cutoff
S4_mixed_day,447,7,1011470007,9.491427494425626,0.9401075640792101,cutoff
S4_mixed_day,448,0,1011480000,14.88294365005982,0.9440001574026256,cutoff
S4_mixed_day,448,1,1011480001,14.887295776414836,0.9430844917871023,cutoff
S4_mixed_day,448,2,1011480002,14.894492707532851,0.9438772807686473,cutoff
S4_mixed_day,448,3,1011480003,14.911111111111111,0.9440246740798137,cutoff
S4_mixed_day,448,4,1011480004,14.912305328753725,0.9438840635256288,cutoff
S4_mixed_day,448,5,1011480005,14.924337425482971,0.9441181482990474,cutoff
S4_mixed_day,448,6,1011480006,14.894233093436513,0.944650787928749,cutoff
S4_mixed_day,448,7,1011480007,14.88777669385333,0.9440014564123329,cutoff
S4_mixed_day,449,0,1011490000,10.683333333333334,0.8955436635348522,soc_min
S4_mixed_day,449,1,1011490001,10.669444444444444,0.8957707923733194,soc_min
S4_mixed_day,449,2,1011490002,10.752777777777778,0.8959831903245539,soc_min
S4_mixed_day,449,3,1011490003,10.683333333333334,0.8958407083768027,soc_min
S4_mixed_day,449,4,1011490004,10.666666666666666,0.8956671659766459,soc_min
S4_mixed_day,449,5,1011490005,10.702777777777778,0.8956782318812537,soc_min
S4_mixed_day,449,6,1011490006,10.7,0.8955589719487183,soc_min
S4_mixed_day,449,7,1011490007,10.697222222222223,0.8962227287994189,soc_min
S4_mixed_day,450,0,1011500000,13.583333333333334,0.9433863124865577,soc_min
S4_mixed_day,450,1,1011500001,13.536111111111111,0.942876345649072,soc_min
S4_mixed_day,450,2,1011500002,13.555555555555555,0.9424228543711276,soc_min
S4_mixed_day,450,3,1011500003,13.48611111111111,0.9375841069013156,soc_min
S4_mixed_day,450,4,1011500004,13.516666666666667,0.9427387140977765,soc_min
S4_mixed_day,450,5,1011500005,13.577777777777778,0.9428805227660921,soc_min
S4_mixed_day,450,6,1011500006,13.533333333333333,0.9432977028141675,soc_min
S4_mixed_day,450,7,1011500007,13.530555555555555,0.9418810783492669,soc_min
S4_mixed_day,451,0,1011510000,15.468785823570855,0.930120079805472,cutoff
S4_mixed_day,451,1,1011510001,15.412454430805136,0.9305187245733361,cutoff
S4_mixed_day,451,2,1011510002,15.498175053235293,0.9305334526990692,cutoff
S4_mixed_day,451,3,1011510003,15.44409667873911,0.9292877330887265,cutoff
S4_mixed_day,451,4,1011510004,15.487973927020976,0.9297437695902098,cutoff
S4_mixed_day,451,5,1011510005,15.42732949994856,0.9299249113443093,cutoff
S4_mixed_day,451,6,1011510006,15.448778167062553,0.9293889770626731,cutoff
S4_mixed_day,451,7,1011510007,15.442609549695499,0.9294166709909484,cutoff
S4_mixed_day,452,0,1011520000,12.447342303635518,0.9208976885279928,cutoff
S4_mixed_day,452,1,1011520001,12.370668983893442,0.919800634156371,cutoff
S4_mixed_day,452,2,1011520002,12.407095043411973,0.9199369538979744,cutoff
S4_mixed_day,452,3,1011520003,12.394444444444444,0.9195322219099334,cutoff
S4_mixed_day,452,4,1011520004,12.336555155984435,0.9201138832904017,cutoff
S4_mixed_day,452,5,1011520005,12.393664659544967,0.9199528808443053,cutoff
S4_mixed_day,452,6,1011520006,12.372222222222222,0.9206815997336684,cutoff
S4_mixed_day,452,7,1011520007,12.344444444444445,0.9198784694356904,cutoff
S4_mixed_day,453,0,1011530000,13.582596989498716,0.9079903034409661,cutoff
S4_mixed_day,453,1,1011530001,13.548043383186876,0.9082515743171957,cutoff
S4_mixed_day,453,2,1011530002,13.66964040489799,0.9081505335454515,cutoff
S4_mixed_day,453,3,1011530003,13.641467489194378,0.9095283957244703,cutoff
S4_mixed_day,453,4,1011530004,13.581142240286912,0.9079765277467395,cutoff
S4_mixed_day,453,5,1011530005,13.709096869657886,0.9087279606448007,cutoff
S4_mixed_day,453,6,1011530006,13.619931875987007,0.9084972479986093,cutoff
S4_mixed_day,453,7,1011530007,13.727962625432914,0.9084530010117299,cutoff
S4_mixed_day,454,0,1011540000,10.169444444444444,0.9421842666790008,soc_min
S4_mixed_day,454,1,1011540001,10.147222222222222,0.9423456461350078,soc_min
S4_mixed_day,454,2,1011540002,10.155555555555555,0.9425474442948781,soc_min
S4_mixed_day,454,3,1011540003,10.161111111111111,0.9425906169705529,soc_min
S4_mixed_day,454,4,1011540004,10.197222222222223,0.9425764318154952,soc_min
S4_mixed_day,454,5,1011540005,10.130555555555556,0.9421050515326631,soc_min
S4_mixed_day,454,6,1011540006,10.127777777777778,0.9422375959336355,soc_min
S4_mixed_day,454,7,1011540007,10.158333333333333,0.9425231210290764,soc_min
S4_mixed_day,455,0,1011550000,17.133333333333333,0.9424205082250056,soc_min
S4_mixed_day,455,1,1011550001,17.155555555555555,0.941359303605969,soc_min
S4_mixed_day,455,2,1011550002,17.2,0.9422825548290498,soc_min
S4_mixed_day,455,3,1011550003,17.20277777777778,0.9427634355828185,soc_min
S4_mixed_day,455,4,1011550004,17.127777777777776,0.9422609795415784,soc_min
S4_mixed_day,455,5,1011550005,17.177777777777777,0.9416809268363454,soc_min
S4_mixed_day,455,6,1011550006,17.108333333333334,0.9427780672857419,soc_min
S4_mixed_day,455,7,1011550007,17.225,0.9427790022484565,soc_min
S4_mixed_day,456,0,1011560000,16.755555555555556,0.931450980497316,soc_min
S4_mixed_day,456,1,1011560001,16.741666666666667,0.9309969546883123,soc_min
S4_mixed_day,456,2,1011560002,16.8,0.9309583767380964,soc_min
S4_mixed_day,456,3,1011560003,16.81388888888889,0.9312945674879285,soc_min
S4_mixed_day,456,4,1011560004,16.79722222222222,0.9307536119715092,soc_min
S4_mixed_day,456,5,1011560005,16.863888888888887,0.9308479915333712,soc_min
S4_mixed_day,456,6,1011560006,16.772222222222222,0.9308398587963244,soc_min
S4_mixed_day,456,7,1011560007,16.82777777777778,0.9313735047984857,soc_min
S4_mixed_day,457,0,1011570000,13.230555555555556,0.9060446586264798,soc_min
S4_mixed_day,457,1,1011570001,13.255555555555556,0.9081198128506113,soc_min
S4_mixed_day,457,2,1011570002,13.266666666666667,0.9082688239620541,soc_min
S4_mixed_day,457,3,1011570003,13.308333333333334,0.9074708702824656,soc_min
S4_mixed_day,457,4,1011570004,13.352777777777778,0.9078168369882508,soc_min
S4_mixed_day,457,5,1011570005,13.313888888888888,0.9069611372246884,soc_min
S4_mixed_day,457,6,1011570006,13.255555555555556,0.9060759737771885,soc_min
S4_mixed_day,457,7,1011570007,13.252777777777778,0.9088970560575114,soc_min
S4_mixed_day,458,0,1011580000,12.694444444444445,0.9166464149940577,soc_min
S4_mixed_day,458,1,1011580001,12.705555555555556,0.9160461619901175,soc_min
S4_mixed_day,458,2,1011580002,12.697222222222223,0.9166551924780153,soc_min
S4_mixed_day,458,3,1011580003,12.686111111111112,0.9162590474769747,soc_min
S4_mixed_day,458,4,1011580004,12.658333333333333,0.9175601997018601,soc_min
S4_mixed_day,458,5,1011580005,12.697222222222223,0.9161170372859214,soc_min
S4_mixed_day,458,6,1011580006,12.73611111111111,0.9160857158842612,soc_min
S4_mixed_day,458,7,1011580007,12.716666666666667,0.9168386568523988,soc_min
S4_mixed_day,459,0,1011590000,14.555555555555555,0.9000126465999602,soc_min
S4_mixed_day,459,1,1011590001,14.580555555555556,0.9004394408455717,soc_min
S4_mixed_day,459,2,1011590002,14.547222222222222,0.9006057482586017,soc_min
S4_mixed_day,459,3,1011590003,14.555555555555555,0.9006513734342929,soc_min
S4_mixed_day,459,4,1011590004,14.533333333333333,0.8999578748039221,soc_min
S4_mixed_day,459,5,1011590005,14.391666666666667,0.900118966722108,soc_min
S4_mixed_day,459,6,1011590006,14.527777777777779,0.8991480400362398,soc_min
S4_mixed_day,459,7,1011590007,14.494444444444444,0.8998029620095549,soc_min
S4_mixed_day,460,0,1011600000,6.873978245909181,0.9282470616404201,cutoff
S4_mixed_day,460,1,1011600001,6.956245296749615,0.9282336672100125,cutoff
S4_mixed_day,460,2,1011600002,6.894596170476645,0.9284230503038254,cutoff
S4_mixed_day,460,3,1011600003,6.879137606531944,0.9279171253958216,cutoff
S4_mixed_day,460,4,1011600004,6.898192541109855,0.9279172444243341,cutoff
S4_mixed_day,460,5,1011600005,6.944903881212169,0.9288299211194021,cutoff
S4_mixed_day,460,6,1011600006,6.884318432354272,0.9276770449666225,cutoff
S4_mixed_day,460,7,1011600007,6.905555555555556,0.9280014835472103,cutoff
S4_mixed_day,461,0,1011610000,17.16111111111111,0.920759406446295,soc_min
S4_mixed_day,461,1,1011610001,17.23611111111111,0.9205642236037638,soc_min
S4_mixed_day,461,2,1011610002,17.233333333333334,0.9189940754590843,soc_min
S4_mixed_day,461,3,1011610003,17.197222222222223,0.9205880920446263,soc_min
S4_mixed_day,461,4,1011610004,17.17222222222222,0.9204661657149231,soc_min
S4_mixed_day,461,5,1011610005,17.23611111111111,0.9205624137420192,soc_min
S4_mixed_day,461,6,1011610006,17.119444444444444,0.9204367474843451,soc_min
S4_mixed_day,461,7,1011610007,17.219444444444445,0.920798343245621,soc_min
S4_mixed_day,462,0,1011620000,11.979662861951974,0.9321027071853732,cutoff
S4_mixed_day,462,1,1011620001,11.989335178675631,0.9321384675133858,cutoff
S4_mixed_day,462,2,1011620002,11.95,0.9328017420704958,cutoff
S4_mixed_day,462,3,1011620003,11.975,0.9322377435604676,cutoff
S4_mixed_day,462,4,1011620004,11.991666666666667,0.932138836661103,cutoff
S4_mixed_day,462,5,1011620005,11.96264404133363,0.9329310554618735,cutoff
S4_mixed_day,462,6,1011620006,11.991666666666667,0.9323175135586674,cutoff
S4_mixed_day,462,7,1011620007,11.98080354209267,0.9329922437612065,cutoff
S4_mixed_day,463,0,1011630000,14.366666666666667,0.9250432639309711,soc_min
S4_mixed_day,463,1,1011630001,14.386111111111111,0.9231236141723209,soc_min
S4_mixed_day,463,2,1011630002,14.466666666666667,0.9242132843914482,soc_min
S4_mixed_day,463,3,1011630003,14.291666666666666,0.9246618034516733,soc_min
S4_mixed_day,463,4,1011630004,14.369444444444444,0.923644526204093,soc_min
S4_mixed_day,463,5,1011630005,14.375,0.9237279188459262,soc_min
S4_mixed_day,463,6,1011630006,14.416666666666666,0.9237360285832745,soc_min
S4_mixed_day,463,7,1011630007,14.419444444444444,0.9239589991391549,soc_min
S4_mixed_day,464,0,1011640000,17.70277777777778,0.9254801383315125,soc_min
S4_mixed_day,464,1,1011640001,17.725,0.9254825554002738,soc_min
S4_mixed_day,464,2,1011640002,17.76388888888889,0.9251943060661169,soc_min
S4_mixed_day,464,3,1011640003,17.697222222222223,0.9249386541922316,soc_min
S4_mixed_day,464,4,1011640004,17.619444444444444,0.9251785577782841,soc_min
S4_mixed_day,464,5,1011640005,17.725,0.9246703914084555,soc_min
S4_mixed_day,464,6,1011640006,17.758333333333333,0.9253530144474108,soc_min
S4_mixed_day,464,7,1011640007,17.694444444444443,0.9253652962509175,soc_min
S4_mixed_day,465,0,1011650000,12.33611111111111,0.904696998558921,soc_min
S4_mixed_day,465,1,1011650001,12.341666666666667,0.9044325992045086,soc_min
S4_mixed_day,465,2,1011650002,12.386111111111111,0.9046536401712784,soc_min
S4_mixed_day,465,3,1011650003,12.330555555555556,0.9057605591870647,soc_min
S4_mixed_day,465,4,1011650004,12.372222222222222,0.9046342466142487,soc_min
S4_mixed_day,465,5,1011650005,12.333333333333334,0.9046249658751317,soc_min
S4_mixed_day,465,6,1011650006,12.386111111111111,0.9044762509153859,soc_min
S4_mixed_day,465,7,1011650007,12.202777777777778,0.9056469420449974,soc_min
S4_mixed_day,466,0,1011660000,12.693221101885975,0.9323296940610802,cutoff
S4_mixed_day,466,1,1011660001,12.712002742579646,0.9309409020417703,cutoff
S4_mixed_day,466,2,1011660002,12.725991312726839,0.9325407223545648,cutoff
S4_mixed_day,466,3,1011660003,12.676484036610962,0.9314237018331003,cutoff
S4_mixed_day,466,4,1011660004,12.735607683231722,0.9315831868475778,cutoff
S4_mixed_day,466,5,1011660005,12.675,0.9315676138354402,cutoff
S4_mixed_day,466,6,1011660006,12.683450522487025,0.9315990586930808,cutoff
S4_mixed_day,466,7,1011660007,12.686394787228862,0.9314209408454965,cutoff
S4_mixed_day,467,0,1011670000,21.792363081555653,0.9323313070534045,cutoff
S4_mixed_day,467,1,1011670001,21.85624344048677,0.9309725397045235,cutoff
S4_mixed_day,467,2,1011670002,21.825,0.9321625658067868,cutoff
S4_mixed_day,467,3,1011670003,21.754017096908104,0.9305464038790583,cutoff
S4_mixed_day,467,4,1011670004,21.744656515377148,0.9318833750975307,cutoff
S4_mixed_day,467,5,1011670005,21.835091419260813,0.9317521662687384,cutoff
S4_mixed_day,467,6,1011670006,21.740595554231263,0.9316305981969005,cutoff
S4_mixed_day,467,7,1011670007,21.923926827700598,0.9314744550820392,cutoff
S4_mixed_day,468,0,1011680000,17.088239324994074,0.9530003059904201,cutoff
S4_mixed_day,468,1,1011680001,17.165404740431047,0.9528936853829292,cutoff
S4_mixed_day,468,2,1011680002,17.074489622495335,0.9521686036298385,cutoff
S4_mixed_day,468,3,1011680003,17.123523911875523,0.9522629661720171,cutoff
S4_mixed_day,468,4,1011680004,17.101996795510818,0.9521525710862345,cutoff
S4_mixed_day,468,5,1011680005,17.10335850261613,0.9521601028831526,cutoff
S4_mixed_day,468,6,1011680006,17.15288714453314,0.952262073607245,cutoff
S4_mixed_day,468,7,1011680007,17.167954189576847,0.9519367555952057,cutoff
S4_mixed_day,469,0,1011690000,12.786111111111111,0.9277464628646385,soc_min
S4_mixed_day,469,1,1011690001,12.816666666666666,0.925926891147936,soc_min
S4_mixed_day,469,2,1011690002,12.869444444444444,0.9268828925955476,soc_min
S4_mixed_day,469,3,1011690003,12.822222222222223,0.9267359826199655,soc_min
S4_mixed_day,469,4,1011690004,12.794444444444444,0.9272676769457914,soc_min
S4_mixed_day,469,5,1011690005,12.76388888888889,0.9277866439616852,soc_min
S4_mixed_day,469,6,1011690006,12.83611111111111,0.9277960695754626,soc_min
S4_mixed_day,469,7,1011690007,12.813888888888888,0.9277847000771432,soc_min
S4_mixed_day,470,0,1011700000,11.452777777777778,0.9077095841737755,soc_min
S4_mixed_day,470,1,1011700001,11.433333333333334,0.9064352340467271,soc_min
S4_mixed_day,470,2,1011700002,11.455555555555556,0.9081042733047374,soc_min
S4_mixed_day,470,3,1011700003,11.463888888888889,0.906713902973106,soc_min
S4_mixed_day,470,4,1011700004,11.386111111111111,0.9080373526835719,soc_min
S4_mixed_day,470,5,1011700005,11.477777777777778,0.9062636571774946,soc_min
S4_mixed_day,470,6,1011700006,11.438888888888888,0.9064175155163665,soc_min
S4_mixed_day,470,7,1011700007,11.408333333333333,0.907825249466443,soc_min
S4_mixed_day,471,0,1011710000,14.419444444444444,0.9502023889787446,soc_min
S4_mixed_day,471,1,1011710001,14.447222222222223,0.9501371950939128,soc_min
S4_mixed_day,471,2,1011710002,14.405555555555555,0.9505642469752668,soc_min
S4_mixed_day,471,3,1011710003,14.363888888888889,0.9501092960521174,soc_min
S4_mixed_day,471,4,1011710004,14.327777777777778,0.9502062314994714,soc_min
S4_mixed_day,471,5,1011710005,14.438888888888888,0.9501887361695385,soc_min
S4_mixed_day,471,6,1011710006,14.38888888888889,0.9504264446729872,soc_min
S4_mixed_day,471,7,1011710007,14.447222222222223,0.9503278355874395,soc_min
S4_mixed_day,472,0,1011720000,10.989854550042628,0.8890312822215017,cutoff
S4_mixed_day,472,1,1011720001,10.978281861286847,0.8883082333267341,cutoff
S4_mixed_day,472,2,1011720002,10.964510313077973,0.8871035905149,cutoff
S4_mixed_day,472,3,1011720003,11.01389488959439,0.8890989329725475,cutoff
S4_mixed_day,472,4,1011720004,11.022233006655457,0.8883918155343365,cutoff
S4_mixed_day,472,5,1011720005,10.947222222222223,0.8890761615883667,cutoff
S4_mixed_day,472,6,1011720006,10.930146103320828,0.8889702347065874,cutoff
S4_mixed_day,472,7,1011720007,10.970200690701864,0.8889866285809148,cutoff
S4_mixed_day,473,0,1011730000,10.494628003868955,0.9197160133205494,cutoff
S4_mixed_day,473,1,1011730001,10.441757898136444,0.9195602964901932,cutoff
S4_mixed_day,473,2,1011730002,10.383333333333333,0.9209666437659653,cutoff
S4_mixed_day,473,3,1011730003,10.50199373097257,0.9203253801971,cutoff
S4_mixed_day,473,4,1011730004,10.49220094580022,0.9209235108938865,cutoff
S4_mixed_day,473,5,1011730005,10.492529549281636,0.9202865330532376,cutoff
S4_mixed_day,473,6,1011730006,10.486968611374566,0.9194954722121002,cutoff
S4_mixed_day,473,7,1011730007,10.444444444444445,0.9195949215379358,cutoff
S4_mixed_day,474,0,1011740000,10.108333333333333,0.9362882092069,soc_min
S4_mixed_day,474,1,1011740001,10.16388888888889,0.9360889188866802,soc_min
S4_mixed_day,474,2,1011740002,10.080555555555556,0.9368003567716375,soc_min
S4_mixed_day,474,3,1011740003,10.127777777777778,0.9359034426844933,soc_min
S4_mixed_day,474,4,1011740004,10.108333333333333,0.9366627909046927,soc_min
S4_mixed_day,474,5,1011740005,10.172222222222222,0.9357684132225085,soc_min
S4_mixed_day,474,6,1011740006,10.133333333333333,0.9358230530154062,soc_min
S4_mixed_day,474,7,1011740007,10.147222222222222,0.9358615202718167,soc_min
S4_mixed_day,475,0,1011750000,11.083333333333334,0.9406380219642799,cutoff
S4_mixed_day,475,1,1011750001,11.080782546177355,0.9405917742861933,cutoff
S4_mixed_day,475,2,1011750002,11.037015290512022,0.9411000718983549,cutoff
S4_mixed_day,475,3,1011750003,11.103540246730109,0.9408260719916722,cutoff
S4_mixed_day,475,4,1011750004,10.972129591594236,0.9415827600149921,cutoff
S4_mixed_day,475,5,1011750005,11.052777777777777,0.9406493026976079,cutoff
S4_mixed_day,475,6,1011750006,11.06684157399868,0.940639853483014,cutoff
S4_mixed_day,475,7,1011750007,11.064870489861207,0.9412887929001236,cutoff
S4_mixed_day,476,0,1011760000,14.160843270202964,0.9274051888287472,cutoff
S4_mixed_day,476,1,1011760001,14.202777777777778,0.9281746129874574,cutoff
S4_mixed_day,476,2,1011760002,14.27497978567818,0.9282177338192744,cutoff
S4_mixed_day,476,3,1011760003,14.226699252710771,0.9273188240247046,cutoff
S4_mixed_day,476,4,1011760004,14.16362120426864,0.9269864131716007,cutoff
S4_mixed_day,476,5,1011760005,14.224462332588626,0.9282033627816205,cutoff
S4_mixed_day,476,6,1011760006,14.244444444444444,0.927853509129482,cutoff
S4_mixed_day,476,7,1011760007,14.208578909437117,0.9281843411871579,cutoff
S4_mixed_day,477,0,1011770000,19.53619296156094,0.957364445807064,cutoff
S4_mixed_day,477,1,1011770001,19.455916476711295,0.9576192047580341,cutoff
S4_mixed_day,477,2,1011770002,19.57167328220715,0.9574041673872902,cutoff
S4_mixed_day,477,3,1011770003,19.461897376338566,0.9572621027772232,cutoff
S4_mixed_day,477,4,1011770004,19.558333333333334,0.9568606044053662,cutoff
S4_mixed_day,477,5,1011770005,19.55243693366289,0.9576187686957987,cutoff
S4_mixed_day,477,6,1011770006,19.54172301527937,0.9575060123082649,cutoff
S4_mixed_day,477,7,1011770007,19.56889977484253,0.9580566245455259,cutoff
S4_mixed_day,478,0,1011780000,7.297257466270763,0.9131676875603479,cutoff
S4_mixed_day,478,1,1011780001,7.318505625495137,0.9140430873972959,cutoff
S4_mixed_day,478,2,1011780002,7.382863279757255,0.9117520500520205,cutoff
S4_mixed_day,478,3,1011780003,7.311111111111111,0.9125324227333328,cutoff
S4_mixed_day,478,4,1011780004,7.358189391405159,0.9137830461485482,cutoff
S4_mixed_day,478,5,1011780005,7.323855356674391,0.9135070384646897,cutoff
S4_mixed_day,478,6,1011780006,7.303323460282062,0.9137250975367994,cutoff
S4_mixed_day,478,7,1011780007,7.300509514171205,0.9133402937266222,cutoff
S4_mixed_day,479,0,1011790000,13.563888888888888,0.9225062469229092,cutoff
S4_mixed_day,479,1,1011790001,13.58068116805511,0.9221853861269876,cutoff
S4_mixed_day,479,2,1011790002,13.595313557623436,0.9223330381749377,cutoff
S4_mixed_day,479,3,1011790003,13.623512959332285,0.9223742787163595,cutoff
S4_mixed_day,479,4,1011790004,13.602777777777778,0.9222201992312379,cutoff
S4_mixed_day,479,5,1011790005,13.598435423830791,0.9223862054200251,cutoff
S4_mixed_day,479,6,1011790006,13.602569065128817,0.9222246018603825,cutoff
S4_mixed_day,479,7,1011790007,13.546562348376915,0.9221756719062907,cutoff
S4_mixed_day,480,0,1011800000,7.801542820607374,0.8835261021647498,cutoff
S4_mixed_day,480,1,1011800001,7.767428693086229,0.8835647580775835,cutoff
S4_mixed_day,480,2,1011800002,7.731025607719317,0.8839492418178895,cutoff
S4_mixed_day,480,3,1011800003,7.804869686066839,0.8840893670415716,cutoff
S4_mixed_day,480,4,1011800004,7.757400769760622,0.8823706297221449,cutoff
S4_mixed_day,480,5,1011800005,7.809660403137285,0.882329368632861,cutoff
S4_mixed_day,480,6,1011800006,7.787510997581512,0.8823898256546067,cutoff
S4_mixed_day,480,7,1011800007,7.861800092665738,0.8841459082098975,cutoff
S4_mixed_day,481,0,1011810000,9.197073266102903,0.9334721529932535,cutoff
S4_mixed_day,481,1,1011810001,9.21234336404484,0.9334877431400912,cutoff
S4_mixed_day,481,2,1011810002,9.265801309560818,0.9332354214170452,cutoff
S4_mixed_day,481,3,1011810003,9.222276947605968,0.933565659676434,cutoff
S4_mixed_day,481,4,1011810004,9.172222222222222,0.9332899035154173,cutoff
S4_mixed_day,481,5,1011810005,9.18437472894321,0.9330775089492614,cutoff
S4_mixed_day,481,6,1011810006,9.211745000326024,0.933342962104955,cutoff
S4_mixed_day,481,7,1011810007,9.191666666666666,0.9335144724903026,cutoff
S4_mixed_day,482,0,1011820000,11.36111111111111,0.9192120275133686,soc_min
S4_mixed_day,482,1,1011820001,11.213888888888889,0.9197895553436186,soc_min
S4_mixed_day,482,2,1011820002,11.391666666666667,0.9202664774839814,soc_min
S4_mixed_day,482,3,1011820003,11.394444444444444,0.9202931563072148,soc_min
S4_mixed_day,482,4,1011820004,11.369444444444444,0.917721866752438,soc_min
S4_mixed_day,482,5,1011820005,11.386111111111111,0.919507498085898,soc_min
S4_mixed_day,482,6,1011820006,11.366666666666667,0.919120797829143,soc_min
S4_mixed_day,482,7,1011820007,11.319444444444445,0.9190697780406749,soc_min
S4_mixed_day,483,0,1011830000,9.22968749320129,0.9225000225326556,cutoff
S4_mixed_day,483,1,1011830001,9.286639032954428,0.9223216904999464,cutoff
S4_mixed_day,483,2,1011830002,9.330442282513973,0.9219215543698137,cutoff
S4_mixed_day,483,3,1011830003,9.365411611844799,0.9230513302769114,cutoff
S4_mixed_day,483,4,1011830004,9.312404414810606,0.9222405354311459,cutoff
S4_mixed_day,483,5,1011830005,9.290365153336689,0.9223592505896062,cutoff
S4_mixed_day,483,6,1011830006,9.289440840910764,0.9229914239910886,cutoff
S4_mixed_day,483,7,1011830007,9.350189125030253,0.9230484274544185,cutoff
S4_mixed_day,484,0,1011840000,11.952777777777778,0.9389439946599892,soc_min
S4_mixed_day,484,1,1011840001,11.944444444444445,0.9380416419973866,soc_min
S4_mixed_day,484,2,1011840002,11.927777777777777,0.9378753742793122,soc_min
S4_mixed_day,484,3,1011840003,11.927777777777777,0.9380230205272508,soc_min
S4_mixed_day,484,4,1011840004,11.930555555555555,0.937984986956526,soc_min
S4_mixed_day,484,5,1011840005,11.938888888888888,0.9389269008502787,soc_min
S4_mixed_day,484,6,1011840006,11.930555555555555,0.9386308770311006,soc_min
S4_mixed_day,484,7,1011840007,11.938888888888888,0.9389412343439293,soc_min
S4_mixed_day,485,0,1011850000,19.73112500449395,0.9422288440442638,cutoff
S4_mixed_day,485,1,1011850001,19.666666666666668,0.9411745433397667,cutoff
S4_mixed_day,485,2,1011850002,19.79722222222222,0.9418862391615205,cutoff
S4_mixed_day,485,3,1011850003,19.885858292407846,0.9420360494153471,cutoff
S4_mixed_day,485,4,1011850004,19.780496711011544,0.9421230702811481,cutoff
S4_mixed_day,485,5,1011850005,19.777709661347423,0.9423930828739566,cutoff
S4_mixed_day,485,6,1011850006,19.792383077566228,0.9420959119894241,cutoff
S4_mixed_day,485,7,1011850007,19.796245233349367,0.9420703463834,cutoff
S4_mixed_day,486,0,1011860000,17.119444444444444,0.9575971289086609,soc_min
S4_mixed_day,486,1,1011860001,17.141666666666666,0.9576184681867066,soc_min
S4_mixed_day,486,2,1011860002,17.105555555555554,0.9575359033460157,soc_min
S4_mixed_day,486,3,1011860003,17.208333333333332,0.9583581941617271,soc_min
S4_mixed_day,486,4,1011860004,17.133333333333333,0.9576574016602382,soc_min
S4_mixed_day,486,5,1011860005,17.18888888888889,0.9576529243345341,soc_min
S4_mixed_day,486,6,1011860006,17.158333333333335,0.9575316636394533,soc_min
S4_mixed_day,486,7,1011860007,17.086111111111112,0.9576310738875788,soc_min
S4_mixed_day,487,0,1011870000,11.70262526142179,0.9445672770040912,cutoff
S4_mixed_day,487,1,1011870001,11.703158926152446,0.9454248085699805,cutoff
S4_mixed_day,487,2,1011870002,11.676182799890869,0.9445973000621212,cutoff
S4_mixed_day,487,3,1011870003,11.753274318435675,0.9446488281591428,cutoff
S4_mixed_day,487,4,1011870004,11.714177575981713,0.9454119722141483,cutoff
S4_mixed_day,487,5,1011870005,11.729063799815398,0.9444155175091301,cutoff
S4_mixed_day,487,6,1011870006,11.755555555555556,0.9454709051820948,cutoff
S4_mixed_day,487,7,1011870007,11.73619436118693,0.9443046877914473,cutoff
S4_mixed_day,488,0,1011880000,11.965096636080267,0.9272638760251831,cutoff
S4_mixed_day,488,1,1011880001,11.876385481344759,0.927714688907856,cutoff
S4_mixed_day,488,2,1011880002,11.975,0.927324985909256,cutoff
S4_mixed_day,488,3,1011880003,11.985645358099012,0.9281856767370462,cutoff
S4_mixed_day,488,4,1011880004,11.96574791460897,0.9273682400015645,cutoff
S4_mixed_day,488,5,1011880005,11.922222222222222,0.9273148256698863,cutoff
S4_mixed_day,488,6,1011880006,11.934372628883711,0.927255696902168,cutoff
S4_mixed_day,488,7,1011880007,11.881016219472752,0.9273187236863215,cutoff
S4_mixed_day,489,0,1011890000,16.926734212513086,0.9429657703585393,cutoff
S4_mixed_day,489,1,1011890001,16.92506557671987,0.9431859412105127,cutoff
S4_mixed_day,489,2,1011890002,16.937672579661545,0.9426650529862326,cutoff
S4_mixed_day,489,3,1011890003,16.94786282116388,0.9424725481109053,cutoff
S4_mixed_day,489,4,1011890004,16.8692781990041,0.9414192887781436,cutoff
S4_mixed_day,489,5,1011890005,16.904536333433892,0.9428278436664325,cutoff
S4_mixed_day,489,6,1011890006,16.908461730031767,0.9433481037993917,cutoff
S4_mixed_day,489,7,1011890007,16.979423050773907,0.9426297198847577,cutoff
S4_mixed_day,490,0,1011900000,16.444444444444443,0.9379049844521054,soc_min
S4_mixed_day,490,1,1011900001,16.427777777777777,0.9387601045685156,soc_min
S4_mixed_day,490,2,1011900002,16.380555555555556,0.9386946926510951,soc_min
S4_mixed_day,490,3,1011900003,16.48611111111111,0.938682536947298,soc_min
S4_mixed_day,490,4,1011900004,16.43888888888889,0.9386415617883561,soc_min
S4_mixed_day,490,5,1011900005,16.341666666666665,0.9386796074223652,soc_min
S4_mixed_day,490,6,1011900006,16.36111111111111,0.938678245010119,soc_min
S4_mixed_day,490,7,1011900007,16.455555555555556,0.939021379732096,soc_min
S4_mixed_day,491,0,1011910000,10.38224722287966,0.951091719427533,cutoff
S4_mixed_day,491,1,1011910001,10.385180311723484,0.9511661797920394,cutoff
S4_mixed_day,491,2,1011910002,10.380674313965635,0.9514128679891806,cutoff
S4_mixed_day,491,3,1011910003,10.347222222222221,0.9508737179816169,cutoff
S4_mixed_day,491,4,1011910004,10.380486612353328,0.950924219636972,cutoff
S4_mixed_day,491,5,1011910005,10.371582614451862,0.9515651982533592,cutoff
S4_mixed_day,491,6,1011910006,10.38263814089852,0.9509307385734282,cutoff
S4_mixed_day,491,7,1011910007,10.379442008512102,0.9509675143850802,cutoff
S4_mixed_day,492,0,1011920000,13.307878684194948,0.9167635384671178,cutoff
S4_mixed_day,492,1,1011920001,13.306328193292934,0.9167349966777905,cutoff
S4_mixed_day,492,2,1011920002,13.315444460913959,0.9162240128518805,cutoff
S4_mixed_day,492,3,1011920003,13.341666666666667,0.9169726981959994,cutoff
S4_mixed_day,492,4,1011920004,13.330555555555556,0.9166614392243457,cutoff
S4_mixed_day,492,5,1011920005,13.293837244925065,0.9168541765382727,cutoff
S4_mixed_day,492,6,1011920006,13.325,0.9168949309167098,cutoff
S4_mixed_day,492,7,1011920007,13.310998263341936,0.9170130209208261,cutoff
S4_mixed_day,493,0,1011930000,8.408403134623862,0.9317046055803253,cutoff
S4_mixed_day,493,1,1011930001,8.387458620609198,0.9305151603081958,cutoff
S4_mixed_day,493,2,1011930002,8.387380270199191,0.9304986706586813,cutoff
S4_mixed_day,493,3,1011930003,8.31687700472252,0.9304818544788473,cutoff
S4_mixed_day,493,4,1011930004,8.297222222222222,0.9316261340241453,cutoff
S4_mixed_day,493,5,1011930005,8.297172225549277,0.9306200402864344,cutoff
S4_mixed_day,493,6,1011930006,8.290808259541842,0.9304345675792103,cutoff
S4_mixed_day,493,7,1011930007,8.313888888888888,0.9307223486115387,cutoff
S4_mixed_day,494,0,1011940000,15.472222222222221,0.9191679948616808,soc_min
S4_mixed_day,494,1,1011940001,15.5,0.9175036754769128,soc_min
S4_mixed_day,494,2,1011940002,15.483333333333333,0.919163801469405,soc_min
S4_mixed_day,494,3,1011940003,15.438888888888888,0.9187197323560259,soc_min
S4_mixed_day,494,4,1011940004,15.547222222222222,0.919907543935968,soc_min
S4_mixed_day,494,5,1011940005,15.466666666666667,0.9192434352290604,soc_min
S4_mixed_day,494,6,1011940006,15.441666666666666,0.919401698391373,soc_min
S4_mixed_day,494,7,1011940007,15.48611111111111,0.9191095193443153,soc_min
S4_mixed_day,495,0,1011950000,18.01516039279984,0.9526980190967164,cutoff
S4_mixed_day,495,1,1011950001,18.146656135510582,0.9527409162213336,cutoff
S4_mixed_day,495,2,1011950002,18.017042576874633,0.952861364255085,cutoff
S4_mixed_day,495,3,1011950003,18.183864570069378,0.9527908356136241,cutoff
S4_mixed_day,495,4,1011950004,18.115126881282848,0.9528036178045463,cutoff
S4_mixed_day,495,5,1011950005,18.084451061144087,0.9526797697753971,cutoff
S4_mixed_day,495,6,1011950006,18.143029793193904,0.9527274910398784,cutoff
S4_mixed_day,495,7,1011950007,18.090514165358638,0.9528139826758498,cutoff
S4_mixed_day,496,0,1011960000,15.111802288521925,0.9252567134958953,cutoff
S4_mixed_day,496,1,1011960001,15.164910589305821,0.9257749047599357,cutoff
S4_mixed_day,496,2,1011960002,15.253520503383918,0.9250692067327361,cutoff
S4_mixed_day,496,3,1011960003,15.172306078311273,0.925054942739243,cutoff
S4_mixed_day,496,4,1011960004,15.175,0.9256956696930376,cutoff
S4_mixed_day,496,5,1011960005,15.220177080475136,0.9256108490406216,cutoff
S4_mixed_day,496,6,1011960006,15.162841159137912,0.9261619134342602,cutoff
S4_mixed_day,496,7,1011960007,15.166729505624424,0.9253265374389894,cutoff
S4_mixed_day,497,0,1011970000,13.291496529479362,0.9209947494242404,cutoff
S4_mixed_day,497,1,1011970001,13.356695708917444,0.9207245235223006,cutoff
S4_mixed_day,497,2,1011970002,13.243726519019294,0.920798309120233,cutoff
S4_mixed_day,497,3,1011970003,13.25595182245026,0.9221323517529306,cutoff
S4_mixed_day,497,4,1011970004,13.39159685413368,0.9202885710982903,cutoff
S4_mixed_day,497,5,1011970005,13.29321299601308,0.9217208488329506,cutoff
S4_mixed_day,497,6,1011970006,13.302846652973397,0.9221552802596723,cutoff
S4_mixed_day,497,7,1011970007,13.22762875372355,0.9208671041995021,cutoff
S4_mixed_day,498,0,1011980000,7.0413556662534,0.91240159805016,cutoff
S4_mixed_day,498,1,1011980001,7.038882880969317,0.9117669889771666,cutoff
S4_mixed_day,498,2,1011980002,7.016052916748757,0.9116187569632461,cutoff
S4_mixed_day,498,3,1011980003,6.961111111111111,0.9112640233945932,cutoff
S4_mixed_day,498,4,1011980004,7.00461319707004,0.9116496209947647,cutoff
S4_mixed_day,498,5,1011980005,7.0496596658309905,0.9115692417041589,cutoff
S4_mixed_day,498,6,1011980006,6.970109600576977,0.9115994219414256,cutoff
S4_mixed_day,498,7,1011980007,6.985629847802403,0.9116342304972749,cutoff
S4_mixed_day,499,0,1011990000,15.8232591732488,0.9351865900290103,cutoff
S4_mixed_day,499,1,1011990001,15.836563328466028,0.9357689347459127,cutoff
S4_mixed_day,499,2,1011990002,15.845330737402406,0.9352133675749765,cutoff
S4_mixed_day,499,3,1011990003,15.852965883749459,0.9363704584132141,cutoff
S4_mixed_day,499,4,1011990004,15.893136219497652,0.9366759205929485,cutoff
S4_mixed_day,499,5,1011990005,15.808275912765964,0.9356302267204358,cutoff
S4_mixed_day,499,6,1011990006,15.833318299423073,0.935818382357133,cutoff
S4_mixed_day,499,7,1011990007,15.78529237288046,0.9352276009653734,cutoff
S4_mixed_day,500,0,1012000000,15.341328720014939,0.9186097240136036,cutoff
S4_mixed_day,500,1,1012000001,15.321431958534575,0.918268663319014,cutoff
S4_mixed_day,500,2,1012000002,15.417917490331098,0.9191215448634661,cutoff
S4_mixed_day,500,3,1012000003,15.4004643338461,0.9182912095538226,cutoff
S4_mixed_day,500,4,1012000004,15.366666666666667,0.91866464915948,cutoff
S4_mixed_day,500,5,1012000005,15.274688060955668,0.9182316530259006,cutoff
S4_mixed_day,500,6,1012000006,15.367350488830752,0.9184364428798572,cutoff
S4_mixed_day,500,7,1012000007,15.307144251319983,0.9183227430488006,cutoff
S4_mixed_day,501,0,1012010000,6.141666666666667,0.8662609736799411,soc_min
S4_mixed_day,501,1,1012010001,6.125,0.8670919127072477,soc_min
S4_mixed_day,501,2,1012010002,6.1722222222222225,0.8659553485476875,soc_min
S4_mixed_day,501,3,1012010003,6.2027777777777775,0.8663567571379734,soc_min
S4_mixed_day,501,4,1012010004,6.155555555555556,0.8671467929921807,soc_min
S4_mixed_day,501,5,1012010005,6.2,0.8670787573703836,soc_min
S4_mixed_day,501,6,1012010006,6.191666666666666,0.8671745576291398,soc_min
S4_mixed_day,501,7,1012010007,6.183333333333334,0.8672014592193443,soc_min
S4_mixed_day,502,0,1012020000,14.294444444444444,0.9268135737898929,soc_min
S4_mixed_day,502,1,1012020001,14.308333333333334,0.9269485743127294,soc_min
S4_mixed_day,502,2,1012020002,14.391666666666667,0.92787870235052,soc_min
S4_mixed_day,502,3,1012020003,14.319444444444445,0.9271907415405766,soc_min
S4_mixed_day,502,4,1012020004,14.302777777777777,0.9267461284764114,soc_min
S4_mixed_day,502,5,1012020005,14.327777777777778,0.9268740335883444,soc_min
S4_mixed_day,502,6,1012020006,14.322222222222223,0.9271248605678188,soc_min
S4_mixed_day,502,7,1012020007,14.302777777777777,0.9270104114798263,soc_min
S4_mixed_day,503,0,1012030000,10.708333333333334,0.9221757873325698,soc_min
S4_mixed_day,503,1,1012030001,10.608333333333333,0.921925548827155,soc_min
S4_mixed_day,503,2,1012030002,10.61111111111111,0.9225500893459271,soc_min
S4_mixed_day,503,3,1012030003,10.697222222222223,0.9220377505972437,soc_min
S4_mixed_day,503,4,1012030004,10.644444444444444,0.9223709140957892,soc_min
S4_mixed_day,503,5,1012030005,10.71111111111111,0.9231971215084019,soc_min
S4_mixed_day,503,6,1012030006,10.658333333333333,0.9219054904294672,soc_min
S4_mixed_day,503,7,1012030007,10.658333333333333,0.9227184434069872,soc_min
S4_mixed_day,504,0,1012040000,15.902777777777779,0.9402178938000475,soc_min
S4_mixed_day,504,1,1012040001,15.944444444444445,0.9401370049374697,soc_min
S4_mixed_day,504,2,1012040002,15.927777777777777,0.9401470103208072,soc_min
S4_mixed_day,504,3,1012040003,15.947222222222223,0.9403136956653089,soc_min
S4_mixed_day,504,4,1012040004,15.85,0.9400961920548657,soc_min
S4_mixed_day,504,5,1012040005,15.891666666666667,0.9406993000483909,soc_min
S4_mixed_day,504,6,1012040006,15.905555555555555,0.9410915860805158,soc_min
S4_mixed_day,504,7,1012040007,15.88888888888889,0.9408697653715526,soc_min
S4_mixed_day,505,0,1012050000,14.385999944804885,0.9306886583108752,cutoff
S4_mixed_day,505,1,1012050001,14.277986356559651,0.9301871450214547,cutoff
S4_mixed_day,505,2,1012050002,14.43932835406961,0.9307279103628907,cutoff
S4_mixed_day,505,3,1012050003,14.388178026496353,0.9305402828246048,cutoff
S4_mixed_day,505,4,1012050004,14.402880435647894,0.9305140566084114,cutoff
S4_mixed_day,505,5,1012050005,14.39048807181961,0.9304106513309324,cutoff
S4_mixed_day,505,6,1012050006,14.39105663864321,0.9304404317468282,cutoff
S4_mixed_day,505,7,1012050007,14.390234223859729,0.9304424910335669,cutoff
S4_mixed_day,506,0,1012060000,14.975056212867935,0.9298116472010242,cutoff
S4_mixed_day,506,1,1012060001,14.963888888888889,0.9300256507789354,cutoff
S4_mixed_day,506,2,1012060002,14.922222222222222,0.930030836316342,cutoff
S4_mixed_day,506,3,1012060003,14.93827795302553,0.9296162595303455,cutoff
S4_mixed_day,506,4,1012060004,14.962793478635975,0.9289325362208516,cutoff
S4_mixed_day,506,5,1012060005,15.001827695898067,0.9302868927101916,cutoff
S4_mixed_day,506,6,1012060006,14.96111111111111,0.9296223997012482,cutoff
S4_mixed_day,506,7,1012060007,14.916666666666666,0.9298857340906984,cutoff
S4_mixed_day,507,0,1012070000,7.7555555555555555,0.9092464020104288,soc_min
S4_mixed_day,507,1,1012070001,7.772222222222222,0.9083828151460456,soc_min
S4_mixed_day,507,2,1012070002,7.772222222222222,0.9086145506973943,soc_min
S4_mixed_day,507,3,1012070003,7.813888888888889,0.9075198293367586,soc_min
S4_mixed_day,507,4,1012070004,7.763888888888889,0.9076327166928468,soc_min
S4_mixed_day,507,5,1012070005,7.780555555555556,0.9078269758038863,soc_min
S4_mixed_day,507,6,1012070006,7.777777777777778,0.9075690286712006,soc_min
S4_mixed_day,507,7,1012070007,7.722222222222222,0.9087470948527846,soc_min
S4_mixed_day,508,0,1012080000,8.460881992156533,0.8894825202185139,cutoff
S4_mixed_day,508,1,1012080001,8.478485012274902,0.8884294479361171,cutoff
S4_mixed_day,508,2,1012080002,8.452017514924467,0.8893574670328303,cutoff
S4_mixed_day,508,3,1012080003,8.49954321482267,0.8887039296224245,cutoff
S4_mixed_day,508,4,1012080004,8.437843308579714,0.888916877023539,cutoff
S4_mixed_day,508,5,1012080005,8.475,0.8901614330862189,cutoff
S4_mixed_day,508,6,1012080006,8.48473709181131,0.8890143674515528,cutoff
S4_mixed_day,508,7,1012080007,8.465455437268718,0.8892234764174658,cutoff
S4_mixed_day,509,0,1012090000,16.663888888888888,0.9392927744702503,cutoff
S4_mixed_day,509,1,1012090001,16.659774730261688,0.9391798108264842,cutoff
S4_mixed_day,509,2,1012090002,16.683175298325523,0.9395180303397426,cutoff
S4_mixed_day,509,3,1012090003,16.587934523593884,0.9394433483596095,cutoff
S4_mixed_day,509,4,1012090004,16.694444444444443,0.9388697331534591,cutoff
S4_mixed_day,509,5,1012090005,16.646520132766746,0.9391166831631922,cutoff
S4_mixed_day,509,6,1012090006,16.759673270496755,0.9389153506435851,cutoff
S4_mixed_day,509,7,1012090007,16.61326051092144,0.9390045718871848,cutoff
S4_mixed_day,510,0,1012100000,9.630052453985211,0.9304819906566706,cutoff
S4_mixed_day,510,1,1012100001,9.656366638705743,0.9292727650296521,cutoff
S4_mixed_day,510,2,1012100002,9.664845581167867,0.9303031955717543,cutoff
S4_mixed_day,510,3,1012100003,9.670878242467571,0.9303078768270958,cutoff
S4_mixed_day,510,4,1012100004,9.668568567887457,0.9309094610747327,cutoff
S4_mixed_day,510,5,1012100005,9.647871494938084,0.9301034764717812,cutoff
S4_mixed_day,510,6,1012100006,9.613888888888889,0.9307549390218763,cutoff
S4_mixed_day,510,7,1012100007,9.664901178739795,0.9305778361114508,cutoff
S4_mixed_day,511,0,1012110000,10.679592709444497,0.9216354399862978,cutoff
S4_mixed_day,511,1,1012110001,10.618760915987135,0.9216404589292201,cutoff
S4_mixed_day,511,2,1012110002,10.68244274702104,0.9211586392407536,cutoff
S4_mixed_day,511,3,1012110003,10.660085221648904,0.9223704926842828,cutoff
S4_mixed_day,511,4,1012110004,10.697259547141549,0.9223877937732209,cutoff
S4_mixed_day,511,5,1012110005,10.65,0.9215895746881303,cutoff
S4_mixed_day,511,6,1012110006,10.580555555555556,0.9209888871626376,cutoff
S4_mixed_day,511,7,1012110007,10.650304051238153,0.9222026274516328,cutoff
S4_mixed_day,512,0,1012120000,13.847222222222221,0.9288767802182577,soc_min
S4_mixed_day,512,1,1012120001,13.725,0.9299373690306616,soc_min
S4_mixed_day,512,2,1012120002,13.858333333333333,0.9288455702673635,soc_min
S4_mixed_day,512,3,1012120003,13.880555555555556,0.9302176649194671,soc_min
S4_mixed_day,512,4,1012120004,13.838888888888889,0.9291205969245375,soc_min
S4_mixed_day,512,5,1012120005,13.777777777777779,0.9294967119932457,soc_min
S4_mixed_day,512,6,1012120006,13.802777777777777,0.9289254762589447,soc_min
S4_mixed_day,512,7,1012120007,13.747222222222222,0.9300257531546332,soc_min
S4_mixed_day,513,0,1012130000,17.338384894799383,0.954834530484584,cutoff
S4_mixed_day,513,1,1012130001,17.305109234033765,0.9551252644330085,cutoff
S4_mixed_day,513,2,1012130002,17.31526132423056,0.9555272935663278,cutoff
S4_mixed_day,513,3,1012130003,17.30713125816929,0.9548068561913596,cutoff
S4_mixed_day,513,4,1012130004,17.30282029722876,0.9552370847227092,cutoff
S4_mixed_day,513,5,1012130005,17.26132657781383,0.9555114264571114,cutoff
S4_mixed_day,513,6,1012130006,17.302050571699816,0.9547778422615553,cutoff
S4_mixed_day,513,7,1012130007,17.334739920361343,0.9548725888373144,cutoff
S4_mixed_day,514,0,1012140000,7.1894772213389,0.9053708227834392,cutoff
S4_mixed_day,514,1,1012140001,7.238374295620221,0.9121892756201867,cutoff
S4_mixed_day,514,2,1012140002,7.141666666666667,0.9117821568111172,cutoff
S4_mixed_day,514,3,1012140003,7.173916890239581,0.9106983661295605,cutoff
S4_mixed_day,514,4,1012140004,7.195572224865313,0.9120855920890721,cutoff
S4_mixed_day,514,5,1012140005,7.202488898295909,0.9111264382251943,cutoff
S4_mixed_day,514,6,1012140006,7.208601381466928,0.9112618079366539,cutoff
S4_mixed_day,514,7,1012140007,7.226778174405902,0.910105616336552,cutoff
S4_mixed_day,515,0,1012150000,6.855555555555555,0.8485207100606813,soc_min
S4_mixed_day,515,1,1012150001,6.847222222222222,0.8487235363501727,soc_min
S4_mixed_day,515,2,1012150002,6.913888888888889,0.8473582012080296,soc_min
S4_mixed_day,515,3,1012150003,6.897222222222222,0.847379696138463,soc_min
S4_mixed_day,515,4,1012150004,6.95,0.8496167520670177,soc_min
S4_mixed_day,515,5,1012150005,6.958333333333333,0.8496386129012808,soc_min
S4_mixed_day,515,6,1012150006,6.9,0.8470207133559596,soc_min
S4_mixed_day,515,7,1012150007,6.894444444444445,0.8486319026075075,soc_min
S4_mixed_day,516,0,1012160000,18.47222222222222,0.9616926439218074,soc_min
S4_mixed_day,516,1,1012160001,18.519444444444446,0.9618895659461416,soc_min
S4_mixed_day,516,2,1012160002,18.427777777777777,0.9619776268397576,soc_min
S4_mixed_day,516,3,1012160003,18.40277777777778,0.9619685791245176,soc_min
S4_mixed_day,516,4,1012160004,18.427777777777777,0.9624469234552696,soc_min
S4_mixed_day,516,5,1012160005,18.352777777777778,0.9619190314101356,soc_min
S4_mixed_day,516,6,1012160006,18.427777777777777,0.9617162453649309,soc_min
S4_mixed_day,516,7,1012160007,18.45,0.9616701724904331,soc_min
S4_mixed_day,517,0,1012170000,13.959747974273299,0.935901635499061,cutoff
S4_mixed_day,517,1,1012170001,13.987430956990677,0.9370429325580717,cutoff
S4_mixed_day,517,2,1012170002,13.979322807185742,0.9370595399368105,cutoff
S4_mixed_day,517,3,1012170003,13.917852371104285,0.9361632716339879,cutoff
S4_mixed_day,517,4,1012170004,13.982753225705528,0.9356997060761572,cutoff
S4_mixed_day,517,5,1012170005,13.980555555555556,0.9363806317702438,cutoff
S4_mixed_day,517,6,1012170006,13.99370890370215,0.9345128063035367,cutoff
S4_mixed_day,517,7,1012170007,13.968487582810639,0.9356797772030737,cutoff
S4_mixed_day,518,0,1012180000,11.563888888888888,0.9508985517839957,soc_min
S4_mixed_day,518,1,1012180001,11.51388888888889,0.9500606764599512,soc_min
S4_mixed_day,518,2,1012180002,11.555555555555555,0.9504961777118207,soc_min
S4_mixed_day,518,3,1012180003,11.530555555555555,0.9499808579649723,soc_min
S4_mixed_day,518,4,1012180004,11.558333333333334,0.9502519168115487,soc_min
S4_mixed_day,518,5,1012180005,11.525,0.9504709480017488,soc_min
S4_mixed_day,518,6,1012180006,11.566666666666666,0.9510620393728874,soc_min
S4_mixed_day,518,7,1012180007,11.558333333333334,0.9503743063516256,soc_min
S4_mixed_day,519,0,1012190000,12.162306888594614,0.9288232966991063,cutoff
S4_mixed_day,519,1,1012190001,12.179935822509005,0.9290092357272262,cutoff
S4_mixed_day,519,2,1012190002,12.141666666666667,0.928964748140199,cutoff
S4_mixed_day,519,3,1012190003,12.167256374291753,0.9273119855276161,cutoff
S4_mixed_day,519,4,1012190004,12.194235785108248,0.9158655561674015,cutoff
S4_mixed_day,519,5,1012190005,12.189796509540551,0.9289490218100734,cutoff
S4_mixed_day,519,6,1012190006,12.15324123539199,0.9280252359114282,cutoff
S4_mixed_day,519,7,1012190007,12.174588151969518,0.9284190598628003,cutoff
S4_mixed_day,520,0,1012200000,9.78261103498624,0.8731943008862108,cutoff
S4_mixed_day,520,1,1012200001,9.80146354466695,0.874546344444309,cutoff
S4_mixed_day,520,2,1012200002,9.772167184525733,0.8736998046496222,cutoff
S4_mixed_day,520,3,1012200003,9.727777777777778,0.8744354280505823,cutoff
S4_mixed_day,520,4,1012200004,9.746870732990141,0.8744759516844902,cutoff
S4_mixed_day,520,5,1012200005,9.83001968488434,0.8745667303722016,cutoff
S4_mixed_day,520,6,1012200006,9.688888888888888,0.874395542623967,cutoff
S4_mixed_day,520,7,1012200007,9.784524013573932,0.8742481955116636,cutoff
S4_mixed_day,521,0,1012210000,19.215181299840655,0.938035283336746,cutoff
S4_mixed_day,521,1,1012210001,19.088740956360407,0.9384134279778014,cutoff
S4_mixed_day,521,2,1012210002,19.266186003914935,0.9368797577771328,cutoff
S4_mixed_day,521,3,1012210003,19.238888888888887,0.9381395292459593,cutoff
S4_mixed_day,521,4,1012210004,19.255555555555556,0.9388140636497588,cutoff
S4_mixed_day,521,5,1012210005,19.198002110316505,0.9383011131907804,cutoff
S4_mixed_day,521,6,1012210006,19.281427033852236,0.9379290128334706,cutoff
S4_mixed_day,521,7,1012210007,19.187307357199053,0.9383852604685958,cutoff
S4_mixed_day,522,0,1012220000,12.212521533730614,0.9373794397812835,cutoff
S4_mixed_day,522,1,1012220001,12.23948050501173,0.9373828202024003,cutoff
S4_mixed_day,522,2,1012220002,12.230555555555556,0.9384979158058842,cutoff
S4_mixed_day,522,3,1012220003,12.255644622309932,0.9378268735776483,cutoff
S4_mixed_day,522,4,1012220004,12.23697192581019,0.9383900894153504,cutoff
S4_mixed_day,522,5,1012220005,12.225520331368875,0.9385310395268425,cutoff
S4_mixed_day,522,6,1012220006,12.219793473225604,0.937433938600831,cutoff
S4_mixed_day,522,7,1012220007,12.29700496565166,0.936964029346904,cutoff
S4_mixed_day,523,0,1012230000,13.533429816621393,0.9223103119162855,cutoff
S4_mixed_day,523,1,1012230001,13.5481825783022,0.9223867089273303,cutoff
S4_mixed_day,523,2,1012230002,13.602190715297434,0.9222325919863877,cutoff
S4_mixed_day,523,3,1012230003,13.53888888888889,0.9223689852808795,cutoff
S4_mixed_day,523,4,1012230004,13.547870590106829,0.9223720645404977,cutoff
S4_mixed_day,523,5,1012230005,13.51388888888889,0.922336352432431,cutoff
S4_mixed_day,523,6,1012230006,13.502777777777778,0.9222177660669058,cutoff
S4_mixed_day,523,7,1012230007,13.600294270406957,0.9227102538203823,cutoff
S4_mixed_day,524,0,1012240000,13.788736931486017,0.9271433089128848,cutoff
S4_mixed_day,524,1,1012240001,13.795211946634213,0.9269037084878844,cutoff
S4_mixed_day,524,2,1012240002,13.743290226911832,0.9265258378842669,cutoff
S4_mixed_day,524,3,1012240003,13.803001399059152,0.9270100251580511,cutoff
S4_mixed_day,524,4,1012240004,13.8,0.9271126856752797,cutoff
S4_mixed_day,524,5,1012240005,13.757274394315322,0.9251264117457757,cutoff
S4_mixed_day,524,6,1012240006,13.753399104398104,0.9271956250305811,cutoff
S4_mixed_day,524,7,1012240007,13.707398201340679,0.9268423697965841,cutoff
S4_mixed_day,525,0,1012250000,13.21814742894112,0.9297431323368633,cutoff
S4_mixed_day,525,1,1012250001,13.072222222222223,0.9296732903603334,cutoff
S4_mixed_day,525,2,1012250002,13.144073789122839,0.929410804889708,cutoff
S4_mixed_day,525,3,1012250003,13.094444444444445,0.9296887025362975,cutoff
S4_mixed_day,525,4,1012250004,13.112611588038998,0.9292289445128534,cutoff
S4_mixed_day,525,5,1012250005,13.04465984763601,0.929791412619513,cutoff
S4_mixed_day,525,6,1012250006,13.048133211406538,0.9297279389855561,cutoff
S4_mixed_day,525,7,1012250007,13.125616405460011,0.9299255976995654,cutoff
S4_mixed_day,526,0,1012260000,13.222744976267826,0.9333531819691584,cutoff
S4_mixed_day,526,1,1012260001,13.143155118593594,0.9331502884390197,cutoff
S4_mixed_day,526,2,1012260002,13.147222222222222,0.9333498500443324,cutoff
S4_mixed_day,526,3,1012260003,13.144485074138425,0.9331592594785777,cutoff
S4_mixed_day,526,4,1012260004,13.13888888888889,0.9330801551704894,cutoff
S4_mixed_day,526,5,1012260005,13.196502870590033,0.933607227368889,cutoff
S4_mixed_day,526,6,1012260006,13.12425524814174,0.9334473270875723,cutoff
S4_mixed_day,526,7,1012260007,13.197222222222223,0.9332189002318803,cutoff
S4_mixed_day,527,0,1012270000,11.983333333333333,0.8818180082816102,soc_min
S4_mixed_day,527,1,1012270001,11.955555555555556,0.8823593215292904,soc_min
S4_mixed_day,527,2,1012270002,11.883333333333333,0.8809840661384085,soc_min
S4_mixed_day,527,3,1012270003,11.877777777777778,0.8810977548987755,soc_min
S4_mixed_day,527,4,1012270004,11.944444444444445,0.8817796401133577,soc_min
S4_mixed_day,527,5,1012270005,11.938888888888888,0.8811797502073713,soc_min
S4_mixed_day,527,6,1012270006,11.930555555555555,0.883314069631797,soc_min
S4_mixed_day,527,7,1012270007,11.933333333333334,0.8833578116490424,soc_min
S4_mixed_day,528,0,1012280000,10.658468007722556,0.9278533548722417,cutoff
S4_mixed_day,528,1,1012280001,10.574411382464467,0.9272638094239736,cutoff
S4_mixed_day,528,2,1012280002,10.618391663841665,0.9273443977017344,cutoff
S4_mixed_day,528,3,1012280003,10.612409533891238,0.9267349487233326,cutoff
S4_mixed_day,528,4,1012280004,10.531431543932387,0.9277542808004752,cutoff
S4_mixed_day,528,5,1012280005,10.587274556238505,0.9274956292523201,cutoff
S4_mixed_day,528,6,1012280006,10.614954333860474,0.9278002183382876,cutoff
S4_mixed_day,528,7,1012280007,10.59850972055303,0.927367532451399,cutoff
S4_mixed_day,529,0,1012290000,16.75336317544669,0.9511596717360398,cutoff
S4_mixed_day,529,1,1012290001,16.81807177088021,0.9508413888434786,cutoff
S4_mixed_day,529,2,1012290002,16.726403136634943,0.9509774274571441,cutoff
S4_mixed_day,529,3,1012290003,16.803453883277932,0.9507677422436679,cutoff
S4_mixed_day,529,4,1012290004,16.747115289088285,0.9512528339134793,cutoff
S4_mixed_day,529,5,1012290005,16.747222222222224,0.9504208338691192,cutoff
S4_mixed_day,529,6,1012290006,16.836943544473897,0.9507344232470453,cutoff
S4_mixed_day,529,7,1012290007,16.760819192094043,0.9509473758642751,cutoff
S4_mixed_day,530,0,1012300000,11.844828583500751,0.9158256118983993,cutoff
S4_mixed_day,530,1,1012300001,11.848496090628792,0.9142100086766184,cutoff
S4_mixed_day,530,2,1012300002,11.843071065391978,0.9157602274505077,cutoff
S4_mixed_day,530,3,1012300003,11.857880912082543,0.9156230417469473,cutoff
S4_mixed_day,530,4,1012300004,11.849835527621304,0.9148972194042138,cutoff
S4_mixed_day,530,5,1012300005,11.75772184292947,0.9150200665271407,cutoff
S4_mixed_day,530,6,1012300006,11.839018864172553,0.9146302250912395,cutoff
S4_mixed_day,530,7,1012300007,11.815883863677941,0.9157855396227338,cutoff
S4_mixed_day,531,0,1012310000,8.522325862662356,0.8957867561405313,cutoff
S4_mixed_day,531,1,1012310001,8.482702355207664,0.8959296209803725,cutoff
S4_mixed_day,531,2,1012310002,8.530604148668136,0.8973734920565466,cutoff
S4_mixed_day,531,3,1012310003,8.541109426617835,0.8973926959733101,cutoff
S4_mixed_day,531,4,1012310004,8.489412052764326,0.8969918255533641,cutoff
S4_mixed_day,531,5,1012310005,8.551845035521357,0.8973783322689854,cutoff
S4_mixed_day,531,6,1012310006,8.519117325553678,0.8964285437182782,cutoff
S4_mixed_day,531,7,1012310007,8.466666666666667,0.8960507814356663,cutoff
S4_mixed_day,532,0,1012320000,14.263876706751486,0.9315847870670717,cutoff
S4_mixed_day,532,1,1012320001,14.285777558738925,0.9319262340043842,cutoff
S4_mixed_day,532,2,1012320002,14.233103027513133,0.9321687933620202,cutoff
S4_mixed_day,532,3,1012320003,14.284278418633333,0.932275424001904,cutoff
S4_mixed_day,532,4,1012320004,14.284786344783623,0.9316246997564828,cutoff
S4_mixed_day,532,5,1012320005,14.2,0.9318605466403481,cutoff
S4_mixed_day,532,6,1012320006,14.275487294445416,0.9324630039007555,cutoff
S4_mixed_day,532,7,1012320007,14.331878644071224,0.9324095712917978,cutoff
S4_mixed_day,533,0,1012330000,12.203165595731917,0.9385203112750106,cutoff
S4_mixed_day,533,1,1012330001,12.096907988227365,0.9383129075666804,cutoff
S4_mixed_day,533,2,1012330002,12.11783678244974,0.938766720766223,cutoff
S4_mixed_day,533,3,1012330003,12.15,0.9387445783716444,cutoff
S4_mixed_day,533,4,1012330004,12.165788258087158,0.9395318568974496,cutoff
S4_mixed_day,533,5,1012330005,12.085930142649694,0.93901196068039,cutoff
S4_mixed_day,533,6,1012330006,12.06697858907738,0.9394669703974211,cutoff
S4_mixed_day,533,7,1012330007,12.074640678297603,0.9394830311927819,cutoff
S4_mixed_day,534,0,1012340000,11.197222222222223,0.944866881055471,soc_min
S4_mixed_day,534,1,1012340001,11.11111111111111,0.9450494679426765,soc_min
S4_mixed_day,534,2,1012340002,11.252777777777778,0.9450100714998273,soc_min
S4_mixed_day,534,3,1012340003,11.152777777777779,0.9449059550917608,soc_min
S4_mixed_day,534,4,1012340004,11.127777777777778,0.9452262298502272,soc_min
S4_mixed_day,534,5,1012340005,11.161111111111111,0.9461227656311402,soc_min
S4_mixed_day,534,6,1012340006,11.158333333333333,0.9458129592871184,soc_min
S4_mixed_day,534,7,1012340007,11.169444444444444,0.9461232771920395,soc_min
S4_mixed_day,535,0,1012350000,9.618965363183026,0.9012380532533294,cutoff
S4_mixed_day,535,1,1012350001,9.66503456145078,0.9008325275721,cutoff
S4_mixed_day,535,2,1012350002,9.641156716458744,0.8987002952980555,cutoff
S4_mixed_day,535,3,1012350003,9.60471385924848,0.9006729835408703,cutoff
S4_mixed_day,535,4,1012350004,9.582722692282823,0.901244042926667,cutoff
S4_mixed_day,535,5,1012350005,9.561972266358339,0.899764331480192,cutoff
S4_mixed_day,535,6,1012350006,9.648106407058972,0.8999099970417113,cutoff
S4_mixed_day,535,7,1012350007,9.626014767281594,0.8998834923936382,cutoff
S4_mixed_day,536,0,1012360000,13.591006062092138,0.9131348827975528,cutoff
S4_mixed_day,536,1,1012360001,13.61908882874129,0.9116905449993951,cutoff
S4_mixed_day,536,2,1012360002,13.729297426878396,0.9117931959962825,cutoff
S4_mixed_day,536,3,1012360003,13.68081722021935,0.9118572088397978,cutoff
S4_mixed_day,536,4,1012360004,13.66963146443683,0.9120092952438698,cutoff
S4_mixed_day,536,5,1012360005,13.63888888888889,0.9125309046345441,cutoff
S4_mixed_day,536,6,1012360006,13.690032529108231,0.9126691998096592,cutoff
S4_mixed_day,536,7,1012360007,13.657295836334564,0.9121008478267093,cutoff
S4_mixed_day,537,0,1012370000,15.06328432279932,0.9432614322199865,cutoff
S4_mixed_day,537,1,1012370001,15.083333333333334,0.944109569025766,cutoff
S4_mixed_day,537,2,1012370002,15.078226402913847,0.9442251283212554,cutoff
S4_mixed_day,537,3,1012370003,15.033192483519933,0.9435303445167997,cutoff
S4_mixed_day,537,4,1012370004,15.017376963220126,0.9438539175094703,cutoff
S4_mixed_day,537,5,1012370005,15.072192870267465,0.9436119889249063,cutoff
S4_mixed_day,537,6,1012370006,15.049638925322936,0.9438798994638343,cutoff
S4_mixed_day,537,7,1012370007,15.045257824406688,0.9441399288175902,cutoff
S4_mixed_day,538,0,1012380000,15.119238156974324,0.9201980399337439,cutoff
S4_mixed_day,538,1,1012380001,15.181048218020997,0.9193590893081216,cutoff
S4_mixed_day,538,2,1012380002,15.30016333494474,0.919454498073324,cutoff
S4_mixed_day,538,3,1012380003,15.247278418511156,0.919697302632277,cutoff
S4_mixed_day,538,4,1012380004,15.190944641572466,0.9204795177100643,cutoff
S4_mixed_day,538,5,1012380005,15.174905335141116,0.9199490900282801,cutoff
S4_mixed_day,538,6,1012380006,15.226161629776568,0.9194025012058882,cutoff
S4_mixed_day,538,7,1012380007,15.212049882081942,0.9191182846404284,cutoff
S4_mixed_day,539,0,1012390000,13.870250225845657,0.9496994529941732,cutoff
S4_mixed_day,539,1,1012390001,13.799601814522024,0.9493211593803268,cutoff
S4_mixed_day,539,2,1012390002,13.866277132526813,0.9495024731230658,cutoff
S4_mixed_day,539,3,1012390003,13.813277229105509,0.9497401316314807,cutoff
S4_mixed_day,539,4,1012390004,13.804488792573448,0.9489254962213854,cutoff
S4_mixed_day,539,5,1012390005,13.909748768319519,0.9494220621268703,cutoff
S4_mixed_day,539,6,1012390006,13.849520001836522,0.9494066327726993,cutoff
S4_mixed_day,539,7,1012390007,13.874340794706223,0.9498638131502999,cutoff
S4_mixed_day,540,0,1012400000,17.391666666666666,0.9238872011002334,soc_min
S4_mixed_day,540,1,1012400001,17.391666666666666,0.924938190286844,soc_min
S4_mixed_day,540,2,1012400002,17.43888888888889,0.9239361181617939,soc_min
S4_mixed_day,540,3,1012400003,17.394444444444446,0.9247022387625439,soc_min
S4_mixed_day,540,4,1012400004,17.497222222222224,0.9236248450036879,soc_min
S4_mixed_day,540,5,1012400005,17.386111111111113,0.9241694065312375,soc_min
S4_mixed_day,540,6,1012400006,17.430555555555557,0.9239187915375074,soc_min
S4_mixed_day,540,7,1012400007,17.458333333333332,0.9249211680530878,soc_min
S4_mixed_day,541,0,1012410000,13.995858374276406,0.9156334990736146,cutoff
S4_mixed_day,541,1,1012410001,13.963477979988893,0.9151040879686473,cutoff
S4_mixed_day,541,2,1012410002,13.96111111111111,0.9160068766226231,cutoff
S4_mixed_day,541,3,1012410003,14.001919381573163,0.9139582051673225,cutoff
S4_mixed_day,541,4,1012410004,13.952777777777778,0.9146575727696091,cutoff
S4_mixed_day,541,5,1012410005,13.934138187130312,0.9146751675353224,cutoff
S4_mixed_day,541,6,1012410006,13.84091758646462,0.9156299014523037,cutoff
S4_mixed_day,541,7,1012410007,13.91677308425271,0.9155126330178011,cutoff
S4_mixed_day,542,0,1012420000,14.991664414604394,0.9224401010081311,cutoff
S4_mixed_day,542,1,1012420001,15.082525755612158,0.9225750737214313,cutoff
S4_mixed_day,542,2,1012420002,15.06777340127271,0.9232394146361851,cutoff
S4_mixed_day,542,3,1012420003,15.17520298691884,0.923466231908928,cutoff
S4_mixed_day,542,4,1012420004,15.122179206904741,0.9234594276043788,cutoff
S4_mixed_day,542,5,1012420005,15.106702364840494,0.9238725394887392,cutoff
S4_mixed_day,542,6,1012420006,15.030555555555555,0.9229910832868754,cutoff
S4_mixed_day,542,7,1012420007,15.143221679857946,0.9228367307789925,cutoff
S4_mixed_day,543,0,1012430000,8.634530473466208,0.8805004153045085,cutoff
S4_mixed_day,543,1,1012430001,8.620790781088411,0.8803857707407259,cutoff
S4_mixed_day,543,2,1012430002,8.592119896886159,0.8807632077565704,cutoff
S4_mixed_day,543,3,1012430003,8.616666666666667,0.8810970119523562,cutoff
S4_mixed_day,543,4,1012430004,8.64055871769763,0.8816361262532193,cutoff
S4_mixed_day,543,5,1012430005,8.686274305160833,0.8822602299935189,cutoff
S4_mixed_day,543,6,1012430006,8.597719417866228,0.8804408016850142,cutoff
S4_mixed_day,543,7,1012430007,8.591822904873489,0.880356380043447,cutoff
S4_mixed_day,544,0,1012440000,15.934915460337564,0.9289319911991211,cutoff
S4_mixed_day,544,1,1012440001,15.943318907969996,0.9285691636750821,cutoff
S4_mixed_day,544,2,1012440002,16.01131321268524,0.9297446721853626,cutoff
S4_mixed_day,544,3,1012440003,15.88888888888889,0.929573453440916,cutoff
S4_mixed_day,544,4,1012440004,15.926999677300712,0.9291787368059501,cutoff
S4_mixed_day,544,5,1012440005,15.926403118780751,0.9286988071503636,cutoff
S4_mixed_day,544,6,1012440006,16.01780730258624,0.9288138192871817,cutoff
S4_mixed_day,544,7,1012440007,15.959746529571666,0.9286544177321855,cutoff
S4_mixed_day,545,0,1012450000,8.011887029874117,0.9162858816927206,cutoff
S4_mixed_day,545,1,1012450001,7.962132222375791,0.9160665489525168,cutoff
S4_mixed_day,545,2,1012450002,7.985592160117905,0.9162782546220255,cutoff
S4_mixed_day,545,3,1012450003,8.05467765959838,0.9149873945037932,cutoff
S4_mixed_day,545,4,1012450004,7.965044855076517,0.9151409304179732,cutoff
S4_mixed_day,545,5,1012450005,7.986111111111111,0.9150999141360702,cutoff
S4_mixed_day,545,6,1012450006,8.03340435253775,0.9147818898469495,cutoff
S4_mixed_day,545,7,1012450007,7.944636250197222,0.9148479772118063,cutoff
S4_mixed_day,546,0,1012460000,11.846048837871251,0.9212411564634553,cutoff
S4_mixed_day,546,1,1012460001,11.851727988920091,0.9210212681662124,cutoff
S4_mixed_day,546,2,1012460002,11.778580455426821,0.9210031861854076,cutoff
S4_mixed_day,546,3,1012460003,11.844800717021524,0.9217250737367102,cutoff
S4_mixed_day,546,4,1012460004,11.825747279333765,0.9213871418690256,cutoff
S4_mixed_day,546,5,1012460005,11.805214811038345,0.9220834812579172,cutoff
S4_mixed_day,546,6,1012460006,11.786061822036217,0.9214336148130168,cutoff
S4_mixed_day,546,7,1012460007,11.881861385316608,0.9214278147668447,cutoff
S4_mixed_day,547,0,1012470000,15.363902072846036,0.9236634066065167,cutoff
S4_mixed_day,547,1,1012470001,15.30076500467907,0.923002225749275,cutoff
S4_mixed_day,547,2,1012470002,15.390594706846674,0.9230399639598545,cutoff
S4_mixed_day,547,3,1012470003,15.383332415662554,0.9236501984938238,cutoff
S4_mixed_day,547,4,1012470004,15.344189002471671,0.9236784161661216,cutoff
S4_mixed_day,547,5,1012470005,15.352252476455261,0.92298152189185,cutoff
S4_mixed_day,547,6,1012470006,15.304094722781153,0.923160153074019,cutoff
S4_mixed_day,547,7,1012470007,15.275644324162966,0.9224150970488729,cutoff
S4_mixed_day,548,0,1012480000,7.586690065711566,0.9215906459449296,cutoff
S4_mixed_day,548,1,1012480001,7.5869638875353544,0.9207716123481017,cutoff
S4_mixed_day,548,2,1012480002,7.578459295272046,0.9189592887496889,cutoff
S4_mixed_day,548,3,1012480003,7.623631731966858,0.9210680744446237,cutoff
S4_mixed_day,548,4,1012480004,7.695862299156703,0.9203524735896551,cutoff
S4_mixed_day,548,5,1012480005,7.611111111111111,0.9210885265191908,cutoff
S4_mixed_day,548,6,1012480006,7.6057075257672535,0.9216389447329395,cutoff
S4_mixed_day,548,7,1012480007,7.598638564611489,0.9206872224978755,cutoff
S4_mixed_day,549,0,1012490000,15.369582172148423,0.9226064483484239,cutoff
S4_mixed_day,549,1,1012490001,15.347222222222221,0.9230679321633251,cutoff
S4_mixed_day,549,2,1012490002,15.347222222222221,0.9236288455661769,soc_min
S4_mixed_day,549,3,1012490003,15.347222222222221,0.9236511000957046,soc_min
S4_mixed_day,549,4,1012490004,15.344444444444445,0.9226301463405653,soc_min
S4_mixed_day,549,5,1012490005,15.333333333333334,0.9221749628657354,cutoff
S4_mixed_day,549,6,1012490006,15.386111111111111,0.9231168896469596,soc_min
S4_mixed_day,549,7,1012490007,15.303927129674838,0.9227653203110452,cutoff
S4_mixed_day,550,0,1012500000,15.80420022924769,0.942553317562542,cutoff
S4_mixed_day,550,1,1012500001,15.937861268414904,0.942584883861796,cutoff
S4_mixed_day,550,2,1012500002,15.779019676744971,0.9377394457467814,cutoff
S4_mixed_day,550,3,1012500003,15.798296858365003,0.9430052605614637,cutoff
S4_mixed_day,550,4,1012500004,15.846669023651017,0.9429997428650126,cutoff
S4_mixed_day,550,5,1012500005,15.861621090834312,0.9426076195164529,cutoff
S4_mixed_day,550,6,1012500006,15.793063346804697,0.9425990001090591,cutoff
S4_mixed_day,550,7,1012500007,15.869160236557715,0.9434054563248743,cutoff
S4_mixed_day,551,0,1012510000,12.95770910112449,0.9321111774183958,cutoff
S4_mixed_day,551,1,1012510001,12.86111111111111,0.9324405325444695,cutoff
S4_mixed_day,551,2,1012510002,12.883824557288678,0.9318900771373891,cutoff
S4_mixed_day,551,3,1012510003,12.882396356996525,0.9321695473243832,cutoff
S4_mixed_day,551,4,1012510004,12.919444444444444,0.9319494235284154,cutoff
S4_mixed_day,551,5,1012510005,12.910456927250564,0.931807241651184,cutoff
S4_mixed_day,551,6,1012510006,12.916007019924887,0.9319956658965911,cutoff
S4_mixed_day,551,7,1012510007,12.877566273081278,0.9323588361550946,cutoff
S4_mixed_day,552,0,1012520000,15.877928785622135,0.9416854289744715,cutoff
S4_mixed_day,552,1,1012520001,15.75,0.9417506308606843,cutoff
S4_mixed_day,552,2,1012520002,15.853113650509274,0.9415109548197625,cutoff
S4_mixed_day,552,3,1012520003,15.768713533227823,0.941408310076271,cutoff
S4_mixed_day,552,4,1012520004,15.824739837116102,0.9412697616789278,cutoff
S4_mixed_day,552,5,1012520005,15.791666666666666,0.9419478889332519,cutoff
S4_mixed_day,552,6,1012520006,15.777502170067688,0.9402536338257867,cutoff
S4_mixed_day,552,7,1012520007,15.822222222222223,0.9412467146617657,cutoff
S4_mixed_day,553,0,1012530000,13.508333333333333,0.9143417694984783,soc_min
S4_mixed_day,553,1,1012530001,13.48611111111111,0.9138383738979969,soc_min
S4_mixed_day,553,2,1012530002,13.358333333333333,0.914173311189273,soc_min
S4_mixed_day,553,3,1012530003,13.319444444444445,0.9141045224205594,soc_min
S4_mixed_day,553,4,1012530004,13.419444444444444,0.9137202406089157,soc_min
S4_mixed_day,553,5,1012530005,13.458333333333334,0.9137211543375082,soc_min
S4_mixed_day,553,6,1012530006,13.536111111111111,0.9148336814778055,soc_min
S4_mixed_day,553,7,1012530007,13.525,0.9138194020564997,soc_min
S4_mixed_day,554,0,1012540000,11.847801370264953,0.9198205816782408,cutoff
S4_mixed_day,554,1,1012540001,11.77696155744618,0.9202475688440674,cutoff
S4_mixed_day,554,2,1012540002,11.817237971454245,0.9211186338024372,cutoff
S4_mixed_day,554,3,1012540003,11.831853265255827,0.9197678880129619,cutoff
S4_mixed_day,554,4,1012540004,11.82157326445369,0.9211006134340672,cutoff
S4_mixed_day,554,5,1012540005,11.780349748223738,0.920206306125496,cutoff
S4_mixed_day,554,6,1012540006,11.785457930207828,0.9197681779325201,cutoff
S4_mixed_day,554,7,1012540007,11.84441117230919,0.9207461862742464,cutoff
S4_mixed_day,555,0,1012550000,11.610590537480974,0.9227936478762523,cutoff
S4_mixed_day,555,1,1012550001,11.66388888888889,0.9236208773793774,cutoff
S4_mixed_day,555,2,1012550002,11.666666666666666,0.9224730013291801,cutoff
S4_mixed_day,555,3,1012550003,11.66319051141525,0.9234234951738127,cutoff
S4_mixed_day,555,4,1012550004,11.639455192081124,0.9221857809643754,cutoff
S4_mixed_day,555,5,1012550005,11.633333333333333,0.9235528920309028,cutoff
S4_mixed_day,555,6,1012550006,11.645084073279824,0.9221010654224274,cutoff
S4_mixed_day,555,7,1012550007,11.661599585087515,0.9235347111673556,cutoff
S4_mixed_day,556,0,1012560000,13.046959863270988,0.946545342902139,cutoff
S4_mixed_day,556,1,1012560001,12.998283055258526,0.9467404735864341,cutoff
S4_mixed_day,556,2,1012560002,12.938888888888888,0.9469765586771042,cutoff
S4_mixed_day,556,3,1012560003,12.965718821792215,0.9469616558790338,cutoff
S4_mixed_day,556,4,1012560004,12.947222222222223,0.9463397990628161,cutoff
S4_mixed_day,556,5,1012560005,13.008566222286865,0.9466206591906728,cutoff
S4_mixed_day,556,6,1012560006,13.020045787006062,0.9473558839001519,cutoff
S4_mixed_day,556,7,1012560007,12.968213285368371,0.9471331444657501,cutoff
S4_mixed_day,557,0,1012570000,13.158333333333333,0.9539744348619067,soc_min
S4_mixed_day,557,1,1012570001,13.105555555555556,0.9536862156334025,soc_min
S4_mixed_day,557,2,1012570002,13.255555555555556,0.9538890298060503,soc_min
S4_mixed_day,557,3,1012570003,13.180555555555555,0.9538300376201774,soc_min
S4_mixed_day,557,4,1012570004,13.188888888888888,0.9537608564832557,soc_min
S4_mixed_day,557,5,1012570005,13.172222222222222,0.9542604740440023,soc_min
S4_mixed_day,557,6,1012570006,13.16388888888889,0.9536904142105639,soc_min
S4_mixed_day,557,7,1012570007,13.172222222222222,0.9537517700107906,soc_min
S4_mixed_day,558,0,1012580000,11.355555555555556,0.9377003038350575,soc_min
S4_mixed_day,558,1,1012580001,11.311111111111112,0.9375949744122176,soc_min
S4_mixed_day,558,2,1012580002,11.322222222222223,0.938139628203645,soc_min
S4_mixed_day,558,3,1012580003,11.283333333333333,0.9379959203978032,soc_min
S4_mixed_day,558,4,1012580004,11.280555555555555,0.937821345056367,soc_min
S4_mixed_day,558,5,1012580005,11.36111111111111,0.9377594575814076,soc_min
S4_mixed_day,558,6,1012580006,11.3,0.9364012527543947,soc_min
S4_mixed_day,558,7,1012580007,11.302777777777777,0.9377860388135109,soc_min
S4_mixed_day,559,0,1012590000,17.56388888888889,0.9226073260884293,soc_min
S4_mixed_day,559,1,1012590001,17.575,0.9243127618377807,soc_min
S4_mixed_day,559,2,1012590002,17.541666666666668,0.9221352312221798,soc_min
S4_mixed_day,559,3,1012590003,17.544444444444444,0.9233264471908682,soc_min
S4_mixed_day,559,4,1012590004,17.57777777777778,0.9240578249381646,soc_min
S4_mixed_day,559,5,1012590005,17.61111111111111,0.9242031522486059,soc_min
S4_mixed_day,559,6,1012590006,17.58888888888889,0.923645336805377,soc_min
S4_mixed_day,559,7,1012590007,17.461111111111112,0.9240029048582062,soc_min
S4_mixed_day,560,0,1012600000,13.644444444444444,0.9286597839031634,soc_min
S4_mixed_day,560,1,1012600001,13.58611111111111,0.9282679038032403,soc_min
S4_mixed_day,560,2,1012600002,13.622222222222222,0.9279271933097752,soc_min
S4_mixed_day,560,3,1012600003,13.566666666666666,0.9281862084224343,soc_min
S4_mixed_day,560,4,1012600004,13.636111111111111,0.9284659973876389,soc_min
S4_mixed_day,560,5,1012600005,13.594444444444445,0.9276898510258493,soc_min
S4_mixed_day,560,6,1012600006,13.644444444444444,0.928370812445983,soc_min
S4_mixed_day,560,7,1012600007,13.658333333333333,0.928483523570083,soc_min
S4_mixed_day,561,0,1012610000,11.2293390689929,0.9354199896777712,cutoff
S4_mixed_day,561,1,1012610001,11.180555555555555,0.935303211804081,cutoff
S4_mixed_day,561,2,1012610002,11.229169882380525,0.9349029954931478,cutoff
S4_mixed_day,561,3,1012610003,11.288604865423384,0.9352603734627237,cutoff
S4_mixed_day,561,4,1012610004,11.273588099115962,0.9350331947165544,cutoff
S4_mixed_day,561,5,1012610005,11.235231842532727,0.9353458651798705,cutoff
S4_mixed_day,561,6,1012610006,11.28406891452058,0.9356289550531476,cutoff
S4_mixed_day,561,7,1012610007,11.278651295448666,0.9356134938971529,cutoff
S4_mixed_day,562,0,1012620000,12.784879074262918,0.9314069162331281,cutoff
S4_mixed_day,562,1,1012620001,12.766366827652762,0.9322779138560726,cutoff
S4_mixed_day,562,2,1012620002,12.866666666666667,0.9314991516977031,cutoff
S4_mixed_day,562,3,1012620003,12.775,0.9319371120340357,cutoff
S4_mixed_day,562,4,1012620004,12.708649030030072,0.9320018256822812,cutoff
S4_mixed_day,562,5,1012620005,12.793381492204064,0.9313550228179542,cutoff
S4_mixed_day,562,6,1012620006,12.782330416581864,0.9312614753268813,cutoff
S4_mixed_day,562,7,1012620007,12.783131410867755,0.9311736819080968,cutoff
S4_mixed_day,563,0,1012630000,15.080261133385923,0.9416328719663105,cutoff
S4_mixed_day,563,1,1012630001,15.056717082516217,0.9418932023502602,cutoff
S4_mixed_day,563,2,1012630002,15.00640765908636,0.9418718313022544,cutoff
S4_mixed_day,563,3,1012630003,15.038773835352057,0.9417381154502165,cutoff
S4_mixed_day,563,4,1012630004,15.096185851398696,0.941920621555359,cutoff
S4_mixed_day,563,5,1012630005,15.075,0.9419952267952394,cutoff
S4_mixed_day,563,6,1012630006,14.977777777777778,0.942295984421123,cutoff
S4_mixed_day,563,7,1012630007,15.06662735374764,0.9423378055852625,cutoff
S4_mixed_day,564,0,1012640000,11.077777777777778,0.9170194920905456,cutoff
S4_mixed_day,564,1,1012640001,11.124703196477318,0.9170438724274833,cutoff
S4_mixed_day,564,2,1012640002,11.105555555555556,0.9179494339665379,cutoff
S4_mixed_day,564,3,1012640003,11.174521909392912,0.917247912658348,cutoff
S4_mixed_day,564,4,1012640004,11.075728154299759,0.91786585816453,cutoff
S4_mixed_day,564,5,1012640005,11.080508120539282,0.9173299753397742,cutoff
S4_mixed_day,564,6,1012640006,11.08906391351453,0.9172743699181848,cutoff
S4_mixed_day,564,7,1012640007,11.130860917582252,0.9172696344429316,cutoff
S4_mixed_day,565,0,1012650000,13.143126918789015,0.9156681883979977,cutoff
S4_mixed_day,565,1,1012650001,13.103846914026738,0.9156483691141245,cutoff
S4_mixed_day,565,2,1012650002,13.21192882949516,0.9162959647420852,cutoff
S4_mixed_day,565,3,1012650003,13.222569223674931,0.9167943506876164,cutoff
S4_mixed_day,565,4,1012650004,13.154162064939023,0.9157720747228872,cutoff
S4_mixed_day,565,5,1012650005,13.197875391246804,0.9155192724996718,cutoff
S4_mixed_day,565,6,1012650006,13.188263362133684,0.9168819128171353,cutoff
S4_mixed_day,565,7,1012650007,13.202174825865052,0.9158655535034963,cutoff
S4_mixed_day,566,0,1012660000,9.912248393672291,0.9154999976071169,cutoff
S4_mixed_day,566,1,1012660001,9.848569123546397,0.9157216998386528,cutoff
S4_mixed_day,566,2,1012660002,9.953197135583268,0.9167227273915236,cutoff
S4_mixed_day,566,3,1012660003,9.953813495867841,0.9155616734705799,cutoff
S4_mixed_day,566,4,1012660004,9.941890641005164,0.915752338780122,cutoff
S4_mixed_day,566,5,1012660005,9.881374496491231,0.9157285925040464,cutoff
S4_mixed_day,566,6,1012660006,9.897274197852331,0.915730300393198,cutoff
S4_mixed_day,566,7,1012660007,9.915186720109217,0.9156738270144634,cutoff
S4_mixed_day,567,0,1012670000,12.497580038328344,0.8891417952901921,cutoff
S4_mixed_day,567,1,1012670001,12.497222222222222,0.9000399236169141,cutoff
S4_mixed_day,567,2,1012670002,12.501586311466218,0.8999559315476627,cutoff
S4_mixed_day,567,3,1012670003,12.448021837958004,0.8993978363532952,cutoff
S4_mixed_day,567,4,1012670004,12.419444444444444,0.8991935212808229,cutoff
S4_mixed_day,567,5,1012670005,12.420168940115998,0.8994384700720701,cutoff
S4_mixed_day,567,6,1012670006,12.365656137903596,0.8991770970857322,cutoff
S4_mixed_day,567,7,1012670007,12.383174400434756,0.8994421200647653,cutoff
S4_mixed_day,568,0,1012680000,15.272423178041617,0.954028310936931,cutoff
S4_mixed_day,568,1,1012680001,15.322519900085744,0.9540537635630719,cutoff
S4_mixed_day,568,2,1012680002,15.372222222222222,0.9541624333601862,cutoff
S4_mixed_day,568,3,1012680003,15.308333333333334,0.9541765038708392,cutoff
S4_mixed_day,568,4,1012680004,15.328839506522419,0.9539654398709716,cutoff
S4_mixed_day,568,5,1012680005,15.337019465481,0.9538628668511199,cutoff
S4_mixed_day,568,6,1012680006,15.25792951205315,0.9538839553959029,cutoff
S4_mixed_day,568,7,1012680007,15.381239467070767,0.9540172307759308,cutoff
S4_mixed_day,569,0,1012690000,6.85,0.8376398961069575,soc_min
S4_mixed_day,569,1,1012690001,6.908333333333333,0.838287106256073,soc_min
S4_mixed_day,569,2,1012690002,6.8805555555555555,0.8377838160250933,soc_min
S4_mixed_day,569,3,1012690003,6.791666666666667,0.8383977570680169,soc_min
S4_mixed_day,569,4,1012690004,6.933333333333334,0.8369074941824127,soc_min
S4_mixed_day,569,5,1012690005,6.916666666666667,0.838134013050103,soc_min
S4_mixed_day,569,6,1012690006,6.844444444444444,0.8380938947313785,soc_min
S4_mixed_day,569,7,1012690007,6.955555555555556,0.8381112432172516,soc_min
S4_mixed_day,570,0,1012700000,12.41226825711283,0.9315874066337784,cutoff
S4_mixed_day,570,1,1012700001,12.428013547150925,0.9316550939105405,cutoff
S4_mixed_day,570,2,1012700002,12.401979209791406,0.9315035838692216,cutoff
S4_mixed_day,570,3,1012700003,12.384111137935951,0.9317953528561056,cutoff
S4_mixed_day,570,4,1012700004,12.436493673140863,0.9314895863015918,cutoff
S4_mixed_day,570,5,1012700005,12.48237216013465,0.9316703283817249,cutoff
S4_mixed_day,570,6,1012700006,12.417242696331309,0.9315917692862496,cutoff
S4_mixed_day,570,7,1012700007,12.411427521570866,0.9316816796197295,cutoff
S4_mixed_day,571,0,1012710000,13.366664708473772,0.9324250527236703,cutoff
S4_mixed_day,571,1,1012710001,13.402134533164036,0.9323532671576218,cutoff
S4_mixed_day,571,2,1012710002,13.416084663977923,0.9323573897929283,cutoff
S4_mixed_day,571,3,1012710003,13.409360482727758,0.9324812526584244,cutoff
S4_mixed_day,571,4,1012710004,13.408471220830348,0.9286094011064532,cutoff
S4_mixed_day,571,5,1012710005,13.383333333333333,0.9326455837130138,cutoff
S4_mixed_day,571,6,1012710006,13.376616428357378,0.9324222955112181,cutoff
S4_mixed_day,571,7,1012710007,13.389809020904194,0.9324490649894019,cutoff
S4_mixed_day,572,0,1012720000,12.501954838240268,0.9539106865104812,cutoff
S4_mixed_day,572,1,1012720001,12.364115248558395,0.953601517406996,cutoff
S4_mixed_day,572,2,1012720002,12.449757059142364,0.9536311453935294,cutoff
S4_mixed_day,572,3,1012720003,12.501404954024403,0.9530926209025126,cutoff
S4_mixed_day,572,4,1012720004,12.491922213596862,0.9536377711392827,cutoff
S4_mixed_day,572,5,1012720005,12.4462906109484,0.9543441521644117,cutoff
S4_mixed_day,572,6,1012720006,12.452095080524462,0.9533047340488855,cutoff
S4_mixed_day,572,7,1012720007,12.488597846653084,0.9535990274816958,cutoff
S4_mixed_day,573,0,1012730000,11.583333333333334,0.946048261827482,soc_min
S4_mixed_day,573,1,1012730001,11.491666666666667,0.9463114600628592,soc_min
S4_mixed_day,573,2,1012730002,11.619444444444444,0.9458776639104872,soc_min
S4_mixed_day,573,3,1012730003,11.522222222222222,0.9459763727897783,soc_min
S4_mixed_day,573,4,1012730004,11.580555555555556,0.9458972477681471,soc_min
S4_mixed_day,573,5,1012730005,11.597222222222221,0.9459040511161987,soc_min
S4_mixed_day,573,6,1012730006,11.55,0.9459885054807771,soc_min
S4_mixed_day,573,7,1012730007,11.544444444444444,0.9462356329762879,soc_min
S4_mixed_day,574,0,1012740000,13.902777777777779,0.9498365592077612,soc_min
S4_mixed_day,574,1,1012740001,13.96111111111111,0.949307441175833,soc_min
S4_mixed_day,574,2,1012740002,13.938888888888888,0.9496066959126437,soc_min
S4_mixed_day,574,3,1012740003,13.988888888888889,0.9493260997607149,soc_min
S4_mixed_day,574,4,1012740004,13.938888888888888,0.9498440320823435,soc_min
S4_mixed_day,574,5,1012740005,13.933333333333334,0.9489922406705735,soc_min
S4_mixed_day,574,6,1012740006,13.938888888888888,0.949422039423387,soc_min
S4_mixed_day,574,7,1012740007,13.919444444444444,0.9493810586979555,soc_min
S4_mixed_day,575,0,1012750000,11.690390874891037,0.9450074251385185,cutoff
S4_mixed_day,575,1,1012750001,11.766852136946014,0.9442661352758376,cutoff
S4_mixed_day,575,2,1012750002,11.692086096453657,0.9448008385199482,cutoff
S4_mixed_day,575,3,1012750003,11.7997388617535,0.9445311871642277,cutoff
S4_mixed_day,575,4,1012750004,11.726494824585158,0.9445869038390433,cutoff
S4_mixed_day,575,5,1012750005,11.733548008339604,0.9446148192192185,cutoff
S4_mixed_day,575,6,1012750006,11.73256421058863,0.9443328001253286,cutoff
S4_mixed_day,575,7,1012750007,11.723187558041666,0.9443438884545189,cutoff
S4_mixed_day,576,0,1012760000,9.872222222222222,0.9062708217206382,cutoff
S4_mixed_day,576,1,1012760001,9.872014626091831,0.9061481301184484,cutoff
S4_mixed_day,576,2,1012760002,9.739975191900648,0.9065192696742204,cutoff
S4_mixed_day,576,3,1012760003,9.852777777777778,0.9063662741540173,cutoff
S4_mixed_day,576,4,1012760004,9.766153499037943,0.9063292658548028,cutoff
S4_mixed_day,576,5,1012760005,9.854600081093746,0.9060119645767272,cutoff
S4_mixed_day,576,6,1012760006,9.88433761097944,0.9062066993424545,cutoff
S4_mixed_day,576,7,1012760007,9.847337953510424,0.9061395376955477,cutoff
S4_mixed_day,577,0,1012770000,10.515770782050781,0.943391784422605,cutoff
S4_mixed_day,577,1,1012770001,10.531889422138649,0.9425770586280152,cutoff
S4_mixed_day,577,2,1012770002,10.515260101877992,0.94334725781984,cutoff
S4_mixed_day,577,3,1012770003,10.512174363793479,0.9426850757268556,cutoff
S4_mixed_day,577,4,1012770004,10.556724394893903,0.9425470462038726,cutoff
S4_mixed_day,577,5,1012770005,10.489960945980986,0.9424788219319528,cutoff
S4_mixed_day,577,6,1012770006,10.525376900676221,0.9425836260498205,cutoff
S4_mixed_day,577,7,1012770007,10.477777777777778,0.943182597717716,cutoff
S4_mixed_day,578,0,1012780000,9.84658486038299,0.8991344033833537,cutoff
S4_mixed_day,578,1,1012780001,9.78264564969679,0.8989978284677312,cutoff
S4_mixed_day,578,2,1012780002,10.00838896416609,0.8985834217244003,cutoff
S4_mixed_day,578,3,1012780003,9.954134065614817,0.9000163306305533,cutoff
S4_mixed_day,578,4,1012780004,9.930770848115678,0.8988426800437451,cutoff
S4_mixed_day,578,5,1012780005,9.989558301962628,0.8985991677351574,cutoff
S4_mixed_day,578,6,1012780006,9.899977173765969,0.8999876573887069,cutoff
S4_mixed_day,578,7,1012780007,9.909098690234822,0.899153825705012,cutoff
S4_mixed_day,579,0,1012790000,14.634056291029067,0.9262846559185937,cutoff
S4_mixed_day,579,1,1012790001,14.667529138911544,0.9260910555738773,cutoff
S4_mixed_day,579,2,1012790002,14.666666666666666,0.926042226033274,cutoff
S4_mixed_day,579,3,1012790003,14.747555415175784,0.9262190355135939,cutoff
S4_mixed_day,579,4,1012790004,14.728219532753922,0.9261932356871507,cutoff
S4_mixed_day,579,5,1012790005,14.626081371930134,0.926559131680596,cutoff
S4_mixed_day,579,6,1012790006,14.63947039051972,0.9262328444680439,cutoff
S4_mixed_day,579,7,1012790007,14.687100190461635,0.9261895275159701,cutoff
S4_mixed_day,580,0,1012800000,9.78768108582511,0.9277280249070787,cutoff
S4_mixed_day,580,1,1012800001,9.755135477613212,0.926905272589187,cutoff
S4_mixed_day,580,2,1012800002,9.73307181332864,0.9278256191696624,cutoff
S4_mixed_day,580,3,1012800003,9.753320164449336,0.9273099767400484,cutoff
S4_mixed_day,580,4,1012800004,9.752065143563273,0.9272291260442291,cutoff
S4_mixed_day,580,5,1012800005,9.764914933255875,0.9270151266869532,cutoff
S4_mixed_day,580,6,1012800006,9.76156907562978,0.9269838786185096,cutoff
S4_mixed_day,580,7,1012800007,9.714016289429809,0.9271093644848762,cutoff
S4_mixed_day,581,0,1012810000,13.682693255788498,0.9223630404217283,cutoff
S4_mixed_day,581,1,1012810001,13.755706900699765,0.9218637391742932,cutoff
S4_mixed_day,581,2,1012810002,13.81082868541904,0.9226691598911231,cutoff
S4_mixed_day,581,3,1012810003,13.744355687588326,0.9221920790709733,cutoff
S4_mixed_day,581,4,1012810004,13.702777777777778,0.9224962659142034,cutoff
S4_mixed_day,581,5,1012810005,13.744023206424748,0.9224586272824491,cutoff
S4_mixed_day,581,6,1012810006,13.749319721401818,0.922559137752835,cutoff
S4_mixed_day,581,7,1012810007,13.8,0.9219092341063784,cutoff
S4_mixed_day,582,0,1012820000,12.985105203286453,0.93084753310881,cutoff
S4_mixed_day,582,1,1012820001,13.017271953433784,0.930139922143678,cutoff
S4_mixed_day,582,2,1012820002,13.035317735088809,0.9306452843077512,cutoff
S4_mixed_day,582,3,1012820003,13.077777777777778,0.9300235860457355,cutoff
S4_mixed_day,582,4,1012820004,12.990324047477644,0.9309386167169925,cutoff
S4_mixed_day,582,5,1012820005,13.047222222222222,0.9288316760907931,cutoff
S4_mixed_day,582,6,1012820006,13.002965698018949,0.930350611960999,cutoff
S4_mixed_day,582,7,1012820007,13.019323890682202,0.9302240414361668,cutoff
S4_mixed_day,583,0,1012830000,10.753983686251118,0.9312164842793677,cutoff
S4_mixed_day,583,1,1012830001,10.686698146335647,0.9311336347872903,cutoff
S4_mixed_day,583,2,1012830002,10.696840208290146,0.9300285324575289,cutoff
S4_mixed_day,583,3,1012830003,10.724929879206256,0.9300752957508845,cutoff
S4_mixed_day,583,4,1012830004,10.744444444444444,0.930725119425539,cutoff
S4_mixed_day,583,5,1012830005,10.672222222222222,0.9305211989239435,cutoff
S4_mixed_day,583,6,1012830006,10.713580814237119,0.9306229059113376,cutoff
S4_mixed_day,583,7,1012830007,10.681271920422024,0.9308018579908746,cutoff
S4_mixed_day,584,0,1012840000,12.852777777777778,0.9517923390302815,soc_min
S4_mixed_day,584,1,1012840001,12.958333333333334,0.9526356673645375,soc_min
S4_mixed_day,584,2,1012840002,12.944444444444445,0.9519756166717874,soc_min
S4_mixed_day,584,3,1012840003,12.936111111111112,0.9511134417202175,soc_min
S4_mixed_day,584,4,1012840004,12.966666666666667,0.9526526715955266,soc_min
S4_mixed_day,584,5,1012840005,12.936111111111112,0.9518751360601369,soc_min
S4_mixed_day,584,6,1012840006,12.983333333333333,0.9520005069490389,soc_min
S4_mixed_day,584,7,1012840007,12.91388888888889,0.9527372936356555,soc_min
S4_mixed_day,585,0,1012850000,10.835937734558962,0.9046196174404694,cutoff
S4_mixed_day,585,1,1012850001,10.776015673334687,0.9191394138886554,cutoff
S4_mixed_day,585,2,1012850002,10.857988933396985,0.9191759460732635,cutoff
S4_mixed_day,585,3,1012850003,10.830555555555556,0.9202873752371722,cutoff
S4_mixed_day,585,4,1012850004,10.81259358863579,0.9205629740769645,cutoff
S4_mixed_day,585,5,1012850005,10.80487700625419,0.9199599849218305,cutoff
S4_mixed_day,585,6,1012850006,10.850400798143045,0.9192064904069565,cutoff
S4_mixed_day,585,7,1012850007,10.793282857824783,0.9205183081046311,cutoff
S4_mixed_day,586,0,1012860000,18.04766435224235,0.9426374894277914,cutoff
S4_mixed_day,586,1,1012860001,18.055555555555557,0.9426416326149749,cutoff
S4_mixed_day,586,2,1012860002,18.043244891749122,0.9427108728812057,cutoff
S4_mixed_day,586,3,1012860003,18.080555555555556,0.942425326141822,cutoff
S4_mixed_day,586,4,1012860004,18.083333333333332,0.942603884057361,cutoff
S4_mixed_day,586,5,1012860005,18.13876472423604,0.9427556836424592,cutoff
S4_mixed_day,586,6,1012860006,17.979740742672526,0.94246279357967,cutoff
S4_mixed_day,586,7,1012860007,18.06363742890782,0.941728660565245,cutoff
S4_mixed_day,587,0,1012870000,17.386111111111113,0.9386178855970057,soc_min
S4_mixed_day,587,1,1012870001,17.45,0.9391153576604144,soc_min
S4_mixed_day,587,2,1012870002,17.413888888888888,0.9386260875073869,soc_min
S4_mixed_day,587,3,1012870003,17.416666666666668,0.9379933566580811,soc_min
S4_mixed_day,587,4,1012870004,17.45,0.9390372699106476,soc_min
S4_mixed_day,587,5,1012870005,17.375,0.937355528448274,soc_min
S4_mixed_day,587,6,1012870006,17.4,0.9385422124091743,soc_min
S4_mixed_day,587,7,1012870007,17.43888888888889,0.9386429399620222,soc_min
S4_mixed_day,588,0,1012880000,12.831993349804684,0.9479719578004434,cutoff
S4_mixed_day,588,1,1012880001,12.84663952584682,0.9481935272587001,cutoff
S4_mixed_day,588,2,1012880002,12.841617534186033,0.9483148673566024,cutoff
S4_mixed_day,588,3,1012880003,12.830611489708017,0.947918680028055,cutoff
S4_mixed_day,588,4,1012880004,12.8379754391596,0.9479425308542346,cutoff
S4_mixed_day,588,5,1012880005,12.884329605576571,0.9479152392990026,cutoff
S4_mixed_day,588,6,1012880006,12.85169432037873,0.9487838227360921,cutoff
S4_mixed_day,588,7,1012880007,12.80710306365954,0.9482735339714908,cutoff
S4_mixed_day,589,0,1012890000,15.480118637199988,0.9259654820431964,cutoff
S4_mixed_day,589,1,1012890001,15.423385049786509,0.9259094573650614,cutoff
S4_mixed_day,589,2,1012890002,15.429536978145922,0.9249911089525751,cutoff
S4_mixed_day,589,3,1012890003,15.462015913108022,0.9252338692247157,cutoff
S4_mixed_day,589,4,1012890004,15.385969439676293,0.9257730961367557,cutoff
S4_mixed_day,589,5,1012890005,15.562420591226733,0.9247642799926489,cutoff
S4_mixed_day,589,6,1012890006,15.484063303941427,0.9246503699868566,cutoff
S4_mixed_day,589,7,1012890007,15.531892870375533,0.9250140126765606,cutoff
S4_mixed_day,590,0,1012900000,8.963888888888889,0.9444252152124666,soc_min
S4_mixed_day,590,1,1012900001,8.936111111111112,0.9444513319541563,soc_min
S4_mixed_day,590,2,1012900002,8.933333333333334,0.9433828142568831,soc_min
S4_mixed_day,590,3,1012900003,8.958333333333334,0.9429567773418308,soc_min
S4_mixed_day,590,4,1012900004,8.91388888888889,0.9444235419437981,soc_min
S4_mixed_day,590,5,1012900005,8.91388888888889,0.944637733326731,soc_min
S4_mixed_day,590,6,1012900006,8.977777777777778,0.944005996413449,soc_min
S4_mixed_day,590,7,1012900007,8.877777777777778,0.9436152967647375,soc_min
S4_mixed_day,591,0,1012910000,9.814381467817785,0.9333618916459913,cutoff
S4_mixed_day,591,1,1012910001,9.788868810670357,0.9330189129992537,cutoff
S4_mixed_day,591,2,1012910002,9.780776511112517,0.932147978395781,cutoff
S4_mixed_day,591,3,1012910003,9.823540890043597,0.9321243464020174,cutoff
S4_mixed_day,591,4,1012910004,9.776594508635847,0.9328302312898633,cutoff
S4_mixed_day,591,5,1012910005,9.782077543846025,0.9332631031400209,cutoff
S4_mixed_day,591,6,1012910006,9.807499633538795,0.9320972338982209,cutoff
S4_mixed_day,591,7,1012910007,9.763045948072845,0.9326643123500954,cutoff
S4_mixed_day,592,0,1012920000,13.15788022075373,0.9238548759991485,cutoff
S4_mixed_day,592,1,1012920001,13.310678115852198,0.9233693509286551,cutoff
S4_mixed_day,592,2,1012920002,13.130555555555556,0.9230951141811662,cutoff
S4_mixed_day,592,3,1012920003,13.179090585589652,0.9241605828583365,cutoff
S4_mixed_day,592,4,1012920004,13.128972338564953,0.9228694573554705,cutoff
S4_mixed_day,592,5,1012920005,13.32352266771235,0.9237734059803175,cutoff
S4_mixed_day,592,6,1012920006,13.196863490460883,0.9235677552434107,cutoff
S4_mixed_day,592,7,1012920007,13.198403468451911,0.9231435033257139,cutoff
S4_mixed_day,593,0,1012930000,10.869444444444444,0.9211461185945461,soc_min
S4_mixed_day,593,1,1012930001,10.91388888888889,0.9208848849361396,soc_min
S4_mixed_day,593,2,1012930002,10.930555555555555,0.9206648350622244,soc_min
S4_mixed_day,593,3,1012930003,10.958333333333334,0.9205820795709269,soc_min
S4_mixed_day,593,4,1012930004,10.947222222222223,0.9205019136832301,soc_min
S4_mixed_day,593,5,1012930005,10.941666666666666,0.9205847319678442,soc_min
S4_mixed_day,593,6,1012930006,10.866666666666667,0.9209626234757667,soc_min
S4_mixed_day,593,7,1012930007,10.96111111111111,0.9207515452824665,soc_min
S4_mixed_day,594,0,1012940000,12.683333333333334,0.9258896062391544,cutoff
S4_mixed_day,594,1,1012940001,12.620656208985451,0.9256097642175125,cutoff
S4_mixed_day,594,2,1012940002,12.685048309801822,0.9259345368607292,cutoff
S4_mixed_day,594,3,1012940003,12.679985443457493,0.9261853128834369,cutoff
S4_mixed_day,594,4,1012940004,12.678147961476032,0.9262894924452825,cutoff
S4_mixed_day,594,5,1012940005,12.667370366999878,0.9271022309166316,cutoff
S4_mixed_day,594,6,1012940006,12.67879087458513,0.9262294770806352,cutoff
S4_mixed_day,594,7,1012940007,12.639439717426653,0.9266408921299817,cutoff
S4_mixed_day,595,0,1012950000,10.166666666666666,0.9081847967814757,soc_min
S4_mixed_day,595,1,1012950001,10.102777777777778,0.9091228302103869,soc_min
S4_mixed_day,595,2,1012950002,10.147222222222222,0.9083254758675088,soc_min
S4_mixed_day,595,3,1012950003,10.177777777777777,0.9091683681428052,soc_min
S4_mixed_day,595,4,1012950004,10.175,0.9087672076965122,soc_min
S4_mixed_day,595,5,1012950005,10.122222222222222,0.9086642109082247,soc_min
S4_mixed_day,595,6,1012950006,10.122222222222222,0.908680017280666,soc_min
S4_mixed_day,595,7,1012950007,10.119444444444444,0.9047679219783686,soc_min
S4_mixed_day,596,0,1012960000,12.657409146230746,0.9358158388685918,cutoff
S4_mixed_day,596,1,1012960001,12.603046658567326,0.9352319684581991,cutoff
S4_mixed_day,596,2,1012960002,12.66316156364977,0.9354635098132935,cutoff
S4_mixed_day,596,3,1012960003,12.653158225632222,0.9355605455970382,cutoff
S4_mixed_day,596,4,1012960004,12.642288214338206,0.9362551882000172,cutoff
S4_mixed_day,596,5,1012960005,12.666360949570196,0.9353480363310308,cutoff
S4_mixed_day,596,6,1012960006,12.73912227739397,0.9356732822969166,cutoff
S4_mixed_day,596,7,1012960007,12.573984812545547,0.9353712058018581,cutoff
S4_mixed_day,597,0,1012970000,14.606496527405502,0.9305064467512076,cutoff
S4_mixed_day,597,1,1012970001,14.535162185245738,0.9304105986000701,cutoff
S4_mixed_day,597,2,1012970002,14.648947073602972,0.9294437034223753,cutoff
S4_mixed_day,597,3,1012970003,14.621458899406862,0.9302477545391419,cutoff
S4_mixed_day,597,4,1012970004,14.547328555958332,0.9302017772348222,cutoff
S4_mixed_day,597,5,1012970005,14.5884861369946,0.930403450239308,cutoff
S4_mixed_day,597,6,1012970006,14.474031922221576,0.9302565907532342,cutoff
S4_mixed_day,597,7,1012970007,14.566890283968673,0.9307591744126719,cutoff
S4_mixed_day,598,0,1012980000,18.06432626993736,0.9396783614843861,cutoff
S4_mixed_day,598,1,1012980001,17.92458407695485,0.9396749319957192,cutoff
S4_mixed_day,598,2,1012980002,18.137614106190775,0.9398562058230814,cutoff
S4_mixed_day,598,3,1012980003,18.00194841729668,0.9406514988176257,cutoff
S4_mixed_day,598,4,1012980004,18.014228835527387,0.9406303768221213,cutoff
S4_mixed_day,598,5,1012980005,18.128956515004784,0.9406820604875816,cutoff
S4_mixed_day,598,6,1012980006,18.078761377531052,0.9397585008350091,cutoff
S4_mixed_day,598,7,1012980007,18.02633218663955,0.9404010932837733,cutoff
S4_mixed_day,599,0,1012990000,16.60080385564637,0.9035544875896846,cutoff
S4_mixed_day,599,1,1012990001,16.619444444444444,0.9035266803844947,cutoff
S4_mixed_day,599,2,1012990002,16.605828935262863,0.9039643939074753,cutoff
S4_mixed_day,599,3,1012990003,16.587106287120026,0.9032134070909026,cutoff
S4_mixed_day,599,4,1012990004,16.622222222222224,0.9033008350612047,cutoff
S4_mixed_day,599,5,1012990005,16.63603397338867,0.901402346557235,cutoff
S4_mixed_day,599,6,1012990006,16.525,0.9033490773357584,cutoff
S4_mixed_day,599,7,1012990007,16.622057828292178,0.9032957103380277,cutoff
S3_gaming,0,0,1007000000,2.452777777777778,0.8431040897429255,soc_min
S3_gaming,0,1,1007000001,2.4555555555555557,0.8441739496846559,soc_min
S3_gaming,0,2,1007000002,2.4583333333333335,0.8452657822702774,soc_min
S3_gaming,0,3,1007000003,2.45,0.8466835128143791,soc_min
S3_gaming,0,4,1007000004,2.452777777777778,0.8461539958701636,soc_min
S3_gaming,0,5,1007000005,2.4583333333333335,0.8423960674820071,soc_min
S3_gaming,0,6,1007000006,2.4555555555555557,0.8431877707648384,soc_min
S3_gaming,0,7,1007000007,2.4555555555555557,0.843095088944641,soc_min
S3_gaming,1,0,1007010000,3.966666666666667,0.9256221447077841,soc_min
S3_gaming,1,1,1007010001,3.975,0.9258822728452369,soc_min
S3_gaming,1,2,1007010002,3.9694444444444446,0.9263738359200284,soc_min
S3_gaming,1,3,1007010003,3.966666666666667,0.9258705817501319,soc_min
S3_gaming,1,4,1007010004,3.977777777777778,0.9268804777749934,soc_min
S3_gaming,1,5,1007010005,3.9722222222222223,0.9254283947982804,soc_min
S3_gaming,1,6,1007010006,3.975,0.9259117554679458,soc_min
S3_gaming,1,7,1007010007,3.9694444444444446,0.9268518209509162,soc_min
S3_gaming,2,0,1007020000,3.0648393234743394,0.8745674312463041,cutoff
S3_gaming,2,1,1007020001,3.0587550532248997,0.8756702468601956,cutoff
S3_gaming,2,2,1007020002,3.0609372752173796,0.878349682708627,cutoff
S3_gaming,2,3,1007020003,3.0579004045533584,0.8783069442297732,cutoff
S3_gaming,2,4,1007020004,3.0615544941944113,0.8780312357153492,cutoff
S3_gaming,2,5,1007020005,3.058501809493674,0.8779646273473427,cutoff
S3_gaming,2,6,1007020006,3.057319887133538,0.8763513378723953,cutoff
S3_gaming,2,7,1007020007,3.0609383200292144,0.8783413005093231,cutoff
S3_gaming,3,0,1007030000,3.1786712132101633,0.8962841804496658,cutoff
S3_gaming,3,1,1007030001,3.179322237304334,0.9044083413774106,cutoff
S3_gaming,3,2,1007030002,3.1755245820622884,0.9042962469738849,cutoff
S3_gaming,3,3,1007030003,3.1789168571667434,0.8956736022197361,cutoff
S3_gaming,3,4,1007030004,3.1705219581222677,0.8925024852845654,cutoff
S3_gaming,3,5,1007030005,3.1735625127024014,0.9043493109620736,cutoff
S3_gaming,3,6,1007030006,3.178672984124917,0.9043000452546189,cutoff
S3_gaming,3,7,1007030007,3.177643182068799,0.9006138205014442,cutoff
S3_gaming,4,0,1007040000,4.008100423387664,0.8956227097270315,cutoff
S3_gaming,4,1,1007040001,3.9959542268806416,0.8933502755265409,cutoff
S3_gaming,4,2,1007040002,4.0002949654146365,0.8927068300043742,cutoff
S3_gaming,4,3,1007040003,4.013877888747008,0.9010586332511628,cutoff
S3_gaming,4,4,1007040004,3.9988491916252658,0.9006332412427966,cutoff
S3_gaming,4,5,1007040005,4.001869465562839,0.9008933952884908,cutoff
S3_gaming,4,6,1007040006,3.988888888888889,0.89084866456494,cutoff
S3_gaming,4,7,1007040007,3.9925611233531897,0.8900833028858697,cutoff
S3_gaming,5,0,1007050000,3.817575493971103,0.9087661545227957,cutoff
S3_gaming,5,1,1007050001,3.812942742340563,0.9163831538366315,cutoff
S3_gaming,5,2,1007050002,3.817637902946613,0.9169159471390411,cutoff
S3_gaming,5,3,1007050003,3.817109644904579,0.9173303461866358,cutoff
S3_gaming,5,4,1007050004,3.8150456337333303,0.9127078770914084,cutoff
S3_gaming,5,5,1007050005,3.817120774147764,0.9115000216027915,cutoff
S3_gaming,5,6,1007050006,3.818160001508068,0.9174175301736026,cutoff
S3_gaming,5,7,1007050007,3.8125932224439367,0.9109258037584013,cutoff
S3_gaming,6,0,1007060000,3.0243131529184297,0.8687244334835013,cutoff
S3_gaming,6,1,1007060001,3.0175747127644272,0.873492320590526,cutoff
S3_gaming,6,2,1007060002,3.0233807550379206,0.8653281886649121,cutoff
S3_gaming,6,3,1007060003,3.0186016596298573,0.8653927600757712,cutoff
S3_gaming,6,4,1007060004,3.0226065754680103,0.8694090531730864,cutoff
S3_gaming,6,5,1007060005,3.025633689469432,0.8754715340351732,cutoff
S3_gaming,6,6,1007060006,3.0301487786155747,0.872853402602678,cutoff
S3_gaming,6,7,1007060007,3.018734190282787,0.8760777153444177,cutoff
S3_gaming,7,0,1007070000,4.288888888888889,0.9046244945499922,soc_min
S3_gaming,7,1,1007070001,4.2972222222222225,0.9040519714584266,soc_min
S3_gaming,7,2,1007070002,4.291666666666667,0.9044029843186061,soc_min
S3_gaming,7,3,1007070003,4.294444444444444,0.9056277676245161,soc_min
S3_gaming,7,4,1007070004,4.286111111111111,0.9041820178751386,soc_min
S3_gaming,7,5,1007070005,4.291666666666667,0.9040985662323243,soc_min
S3_gaming,7,6,1007070006,4.2972222222222225,0.9042928832470176,soc_min
S3_gaming,7,7,1007070007,4.286111111111111,0.9041012646423275,soc_min
S3_gaming,8,0,1007080000,3.290871421671307,0.8799160340704437,cutoff
S3_gaming,8,1,1007080001,3.2902400775721334,0.8798254412186959,cutoff
S3_gaming,8,2,1007080002,3.2905845536356613,0.8773302923019287,cutoff
S3_gaming,8,3,1007080003,3.2920031871000104,0.8716734086505247,cutoff
S3_gaming,8,4,1007080004,3.292135266588023,0.8797088118871678,cutoff
S3_gaming,8,5,1007080005,3.291518942173694,0.8747735951808983,cutoff
S3_gaming,8,6,1007080006,3.2880832503165696,0.8727115516826565,cutoff
S3_gaming,8,7,1007080007,3.288758717073433,0.880009541846416,cutoff
S3_gaming,9,0,1007090000,3.1638888888888888,0.8879607923588835,soc_min
S3_gaming,9,1,1007090001,3.1638888888888888,0.888030457793741,soc_min
S3_gaming,9,2,1007090002,3.1638888888888888,0.8881849902763227,soc_min
S3_gaming,9,3,1007090003,3.161111111111111,0.888000476007621,soc_min
S3_gaming,9,4,1007090004,3.1666666666666665,0.8892984075545843,soc_min
S3_gaming,9,5,1007090005,3.1694444444444443,0.8892329057199196,soc_min
S3_gaming,9,6,1007090006,3.1666666666666665,0.8892196794631493,soc_min
S3_gaming,9,7,1007090007,3.1638888888888888,0.8879199969826892,soc_min
S3_gaming,10,0,1007100000,2.818979231756643,0.8911631501633274,cutoff
S3_gaming,10,1,1007100001,2.8210909389036187,0.8910380010918998,cutoff
S3_gaming,10,2,1007100002,2.822811133454702,0.8909275139851568,cutoff
S3_gaming,10,3,1007100003,2.821426416519266,0.8801607486755942,cutoff
S3_gaming,10,4,1007100004,2.822855356386722,0.8836762347168766,cutoff
S3_gaming,10,5,1007100005,2.825710220642387,0.8909336355382719,cutoff
S3_gaming,10,6,1007100006,2.8216135970369587,0.8911480505637707,cutoff
S3_gaming,10,7,1007100007,2.8222222222222224,0.8791030356266262,cutoff
S3_gaming,11,0,1007110000,2.4265806987104095,0.8751378202518508,cutoff
S3_gaming,11,1,1007110001,2.425781425071866,0.8750011815398637,cutoff
S3_gaming,11,2,1007110002,2.4292109390322856,0.8750799607903736,cutoff
S3_gaming,11,3,1007110003,2.4277516028575996,0.8749388123183361,cutoff
S3_gaming,11,4,1007110004,2.4274068799288266,0.8752580644491982,cutoff
S3_gaming,11,5,1007110005,2.427759190207524,0.8753780812439037,cutoff
S3_gaming,11,6,1007110006,2.428339885978641,0.8749466456642543,cutoff
S3_gaming,11,7,1007110007,2.427154458316808,0.8752138797254946,cutoff
S3_gaming,12,0,1007120000,4.329969399797028,0.9135112164060953,cutoff
S3_gaming,12,1,1007120001,4.332435352513433,0.9134877281247548,cutoff
S3_gaming,12,2,1007120002,4.334649180945247,0.9134322595117129,cutoff
S3_gaming,12,3,1007120003,4.332243950476605,0.9134708683602201,cutoff
S3_gaming,12,4,1007120004,4.331688775823644,0.9134194753882691,cutoff
S3_gaming,12,5,1007120005,4.330471848009377,0.9129431872970263,cutoff
S3_gaming,12,6,1007120006,4.331200512105249,0.9133917776909452,cutoff
S3_gaming,12,7,1007120007,4.329226068999227,0.9134519130888132,cutoff
S3_gaming,13,0,1007130000,3.5118526532954926,0.8868501983605431,cutoff
S3_gaming,13,1,1007130001,3.511861066854805,0.8832111510250364,cutoff
S3_gaming,13,2,1007130002,3.5118711513836205,0.8809279421010797,cutoff
S3_gaming,13,3,1007130003,3.513636995712165,0.8886958852697557,cutoff
S3_gaming,13,4,1007130004,3.5082620326676373,0.8716439994579418,cutoff
S3_gaming,13,5,1007130005,3.506524311866052,0.8693966831488874,cutoff
S3_gaming,13,6,1007130006,3.5154414495524047,0.8885692943797621,cutoff
S3_gaming,13,7,1007130007,3.513656422712322,0.8748373026823575,cutoff
S3_gaming,14,0,1007140000,2.800245194893356,0.8735493010329273,cutoff
S3_gaming,14,1,1007140001,2.7989741179768384,0.8646483333271545,cutoff
S3_gaming,14,2,1007140002,2.7960438883502716,0.8738249124914295,cutoff
S3_gaming,14,3,1007140003,2.7997878497336477,0.8739866955458205,cutoff
S3_gaming,14,4,1007140004,2.79436600630698,0.871362846737363,cutoff
S3_gaming,14,5,1007140005,2.796691530951383,0.8734837781236717,cutoff
S3_gaming,14,6,1007140006,2.799014147866878,0.8738076220633035,cutoff
S3_gaming,14,7,1007140007,2.7966886009527854,0.8708228015155313,cutoff
S3_gaming,15,0,1007150000,3.7371171479843106,0.8967200436687899,cutoff
S3_gaming,15,1,1007150001,3.7343105729520403,0.8897432830357659,cutoff
S3_gaming,15,2,1007150002,3.735411976865666,0.8958564701832082,cutoff
S3_gaming,15,3,1007150003,3.739690155003978,0.8967497856913555,cutoff
S3_gaming,15,4,1007150004,3.738795507807646,0.8965048300709739,cutoff
S3_gaming,15,5,1007150005,3.738236474886075,0.8913311466065524,cutoff
S3_gaming,15,6,1007150006,3.743425720004083,0.8965987416425252,cutoff
S3_gaming,15,7,1007150007,3.725,0.8870627914594529,cutoff
S3_gaming,16,0,1007160000,2.598957476105377,0.8945306404855181,cutoff
S3_gaming,16,1,1007160001,2.597879210124955,0.8933376443843993,cutoff
S3_gaming,16,2,1007160002,2.5979496321990547,0.8956167086258161,cutoff
S3_gaming,16,3,1007160003,2.5983517471300748,0.8937666197052067,cutoff
S3_gaming,16,4,1007160004,2.59787000220421,0.8950737380737536,cutoff
S3_gaming,16,5,1007160005,2.5960533943510327,0.8883614649618112,cutoff
S3_gaming,16,6,1007160006,2.596454505098637,0.8940693827859418,cutoff
S3_gaming,16,7,1007160007,2.5977953158832134,0.8942444890970229,cutoff
S3_gaming,17,0,1007170000,2.9437566863151305,0.8967204596003474,cutoff
S3_gaming,17,1,1007170001,2.9484279301149794,0.8840474443735323,cutoff
S3_gaming,17,2,1007170002,2.9454737975659655,0.8910987798817395,cutoff
S3_gaming,17,3,1007170003,2.9437897339276438,0.8969056290861918,cutoff
S3_gaming,17,4,1007170004,2.9499333533453616,0.8969111923315303,cutoff
S3_gaming,17,5,1007170005,2.94511142425761,0.8966652826258571,cutoff
S3_gaming,17,6,1007170006,2.948567984396093,0.8967330722570254,cutoff
S3_gaming,17,7,1007170007,2.945154022176836,0.8966692809992433,cutoff
S3_gaming,18,0,1007180000,2.6624282035455393,0.8901936521666787,cutoff
S3_gaming,18,1,1007180001,2.672161257656955,0.8905469660512259,cutoff
S3_gaming,18,2,1007180002,2.6619682951303396,0.8862512112246608,cutoff
S3_gaming,18,3,1007180003,2.662017984930058,0.8897401358154589,cutoff
S3_gaming,18,4,1007180004,2.6701406892047967,0.8890296069299382,cutoff
S3_gaming,18,5,1007180005,2.6660119193849603,0.8919254844544525,cutoff
S3_gaming,18,6,1007180006,2.6654624429995097,0.8946879450877563,cutoff
S3_gaming,18,7,1007180007,2.6670807521465627,0.8915074452103205,cutoff
S3_gaming,19,0,1007190000,2.300182524715985,0.9030964391347424,cutoff
S3_gaming,19,1,1007190001,2.301049311663752,0.9032190328891617,cutoff
S3_gaming,19,2,1007190002,2.2996002994260842,0.9034267579352733,cutoff
S3_gaming,19,3,1007190003,2.2995811861359527,0.9029427300818101,cutoff
S3_gaming,19,4,1007190004,2.301059290481943,0.9032476004301716,cutoff
S3_gaming,19,5,1007190005,2.2981229518200075,0.9032430131100642,cutoff
S3_gaming,19,6,1007190006,2.299318857079632,0.9021239359496072,cutoff
S3_gaming,19,7,1007190007,2.3013437844565137,0.9032734339369451,cutoff
S3_gaming,20,0,1007200000,3.7333333333333334,0.9278622029018047,soc_min
S3_gaming,20,1,1007200001,3.7333333333333334,0.9267155284011749,soc_min
S3_gaming,20,2,1007200002,3.7333333333333334,0.926900224077093,soc_min
S3_gaming,20,3,1007200003,3.7305555555555556,0.9272121845795082,soc_min
S3_gaming,20,4,1007200004,3.7333333333333334,0.9271653385165863,soc_min
S3_gaming,20,5,1007200005,3.736111111111111,0.9279951773718635,soc_min
S3_gaming,20,6,1007200006,3.736111111111111,0.9269806740498884,soc_min
S3_gaming,20,7,1007200007,3.7333333333333334,0.9277616015022184,soc_min
S3_gaming,21,0,1007210000,3.2230343667941894,0.8838270143419636,cutoff
S3_gaming,21,1,1007210001,3.22334668161744,0.8838595981379399,cutoff
S3_gaming,21,2,1007210002,3.220602445382076,0.8838842873280728,cutoff
S3_gaming,21,3,1007210003,3.222109598072254,0.8840805144592822,cutoff
S3_gaming,21,4,1007210004,3.219886583061541,0.8822683061413187,cutoff
S3_gaming,21,5,1007210005,3.2198638936214223,0.8837616828408899,cutoff
S3_gaming,21,6,1007210006,3.216901958782082,0.8755384891768334,cutoff
S3_gaming,21,7,1007210007,3.2207196170774295,0.876746131512638,cutoff
S3_gaming,22,0,1007220000,3.341314901994128,0.8758172339965381,cutoff
S3_gaming,22,1,1007220001,3.346970547929737,0.8803765703949813,cutoff
S3_gaming,22,2,1007220002,3.340231017032527,0.8684996228883464,cutoff
S3_gaming,22,3,1007220003,3.341675127523221,0.8723079791043894,cutoff
S3_gaming,22,4,1007220004,3.3416950017832225,0.8757978208881337,cutoff
S3_gaming,22,5,1007220005,3.346613273739139,0.8763388666186716,cutoff
S3_gaming,22,6,1007220006,3.3395144254330975,0.8760914648387685,cutoff
S3_gaming,22,7,1007220007,3.3444444444444446,0.8667019710669688,cutoff
S3_gaming,23,0,1007230000,2.908345130954557,0.8787720615332267,cutoff
S3_gaming,23,1,1007230001,2.9052718509817446,0.8748987509303733,cutoff
S3_gaming,23,2,1007230002,2.9058077700990492,0.87877441218957,cutoff
S3_gaming,23,3,1007230003,2.906237377806331,0.8788760914033986,cutoff
S3_gaming,23,4,1007230004,2.9071737696237996,0.8790125906547909,cutoff
S3_gaming,23,5,1007230005,2.9012178883915714,0.8789512069294699,cutoff
S3_gaming,23,6,1007230006,2.906369836765069,0.8776358865343262,cutoff
S3_gaming,23,7,1007230007,2.908991930027694,0.8745867734995615,cutoff
S3_gaming,24,0,1007240000,3.127719121492904,0.8521966928459216,cutoff
S3_gaming,24,1,1007240001,3.1255044129743714,0.8652673371370996,cutoff
S3_gaming,24,2,1007240002,3.1303870543400585,0.8661319374183373,cutoff
S3_gaming,24,3,1007240003,3.1315389475578344,0.8657827644199126,cutoff
S3_gaming,24,4,1007240004,3.1288353351393066,0.8575575377948955,cutoff
S3_gaming,24,5,1007240005,3.130092898863702,0.8572738028786551,cutoff
S3_gaming,24,6,1007240006,3.1293661969711413,0.8659463146331974,cutoff
S3_gaming,24,7,1007240007,3.1313707531403776,0.8548055060255513,cutoff
S3_gaming,25,0,1007250000,3.006125324602383,0.9091133289517191,cutoff
S3_gaming,25,1,1007250001,3.0060994530912115,0.9091328672531295,cutoff
S3_gaming,25,2,1007250002,3.004498509535367,0.9067670962885926,cutoff
S3_gaming,25,3,1007250003,3.006793039642634,0.9091945831897457,cutoff
S3_gaming,25,4,1007250004,3.0101472757305356,0.9092521445766953,cutoff
S3_gaming,25,5,1007250005,3.0074424350242532,0.9092612511114727,cutoff
S3_gaming,25,6,1007250006,3.0063491205948116,0.9091529807795397,cutoff
S3_gaming,25,7,1007250007,3.00595019978578,0.9090949662234953,cutoff
S3_gaming,26,0,1007260000,2.9976078318248707,0.8881423836151191,cutoff
S3_gaming,26,1,1007260001,3.0109591496380004,0.8856452724568973,cutoff
S3_gaming,26,2,1007260002,2.999933953621094,0.8830197990812703,cutoff
S3_gaming,26,3,1007260003,3.0025588829158325,0.891555575976958,cutoff
S3_gaming,26,4,1007260004,3.005014135294947,0.8862137042720667,cutoff
S3_gaming,26,5,1007260005,3.007709693332975,0.8945771863435398,cutoff
S3_gaming,26,6,1007260006,3.0017930244053,0.8925084526772723,cutoff
S3_gaming,26,7,1007260007,2.997534071765183,0.8924610145440458,cutoff
S3_gaming,27,0,1007270000,2.149211344741326,0.8377519750422694,cutoff
S3_gaming,27,1,1007270001,2.152449344387596,0.8442083333937715,cutoff
S3_gaming,27,2,1007270002,2.150587511747055,0.8437574254366936,cutoff
S3_gaming,27,3,1007270003,2.1500419372740796,0.8326150726240773,cutoff
S3_gaming,27,4,1007270004,2.152465093417348,0.8390128954680733,cutoff
S3_gaming,27,5,1007270005,2.1533985948014234,0.8388001938686419,cutoff
S3_gaming,27,6,1007270006,2.149596710905592,0.8378296217776637,cutoff
S3_gaming,27,7,1007270007,2.1496722868751568,0.837082730289402,cutoff
S3_gaming,28,0,1007280000,3.0587155904689456,0.8788806613859731,cutoff
S3_gaming,28,1,1007280001,3.059127200316356,0.8818692122180061,cutoff
S3_gaming,28,2,1007280002,3.0578281956022395,0.8815935845881008,cutoff
S3_gaming,28,3,1007280003,3.058333333333333,0.8742933454243245,cutoff
S3_gaming,28,4,1007280004,3.0605631282695573,0.8820816675818065,cutoff
S3_gaming,28,5,1007280005,3.0586132502971637,0.8817684646546559,cutoff
S3_gaming,28,6,1007280006,3.058863780490888,0.881808124934742,cutoff
S3_gaming,28,7,1007280007,3.0573018753139665,0.8820138827924053,cutoff
S3_gaming,29,0,1007290000,3.6848073896604014,0.9004328668646214,cutoff
S3_gaming,29,1,1007290001,3.6917771455328285,0.9091221042779715,cutoff
S3_gaming,29,2,1007290002,3.693274896401915,0.9110759064684953,cutoff
S3_gaming,29,3,1007290003,3.6894993277348385,0.9018288603871656,cutoff
S3_gaming,29,4,1007290004,3.6763566364739635,0.9077799305210438,cutoff
S3_gaming,29,5,1007290005,3.6960683534911483,0.9054102353106265,cutoff
S3_gaming,29,6,1007290006,3.6840727354873275,0.9020845478389639,cutoff
S3_gaming,29,7,1007290007,3.6925897843325473,0.9034178070394936,cutoff
S3_gaming,30,0,1007300000,2.5972222222222223,0.8341540410280217,soc_min
S3_gaming,30,1,1007300001,2.591666666666667,0.8337703314785702,soc_min
S3_gaming,30,2,1007300002,2.6,0.8459211853418346,soc_min
S3_gaming,30,3,1007300003,2.602777777777778,0.8549313849812548,soc_min
S3_gaming,30,4,1007300004,2.5972222222222223,0.8418908204556292,soc_min
S3_gaming,30,5,1007300005,2.602777777777778,0.8336177323287971,soc_min
S3_gaming,30,6,1007300006,2.5944444444444446,0.8361749938453041,soc_min
S3_gaming,30,7,1007300007,2.5972222222222223,0.8346298651644459,soc_min
S3_gaming,31,0,1007310000,2.8583333333333334,0.8884853447191543,soc_min
S3_gaming,31,1,1007310001,2.8555555555555556,0.8886518044183406,soc_min
S3_gaming,31,2,1007310002,2.8555555555555556,0.88793064019498,soc_min
S3_gaming,31,3,1007310003,2.8555555555555556,0.8903316900378649,soc_min
S3_gaming,31,4,1007310004,2.8555555555555556,0.8878876405303986,soc_min
S3_gaming,31,5,1007310005,2.8555555555555556,0.8898501690246018,soc_min
S3_gaming,31,6,1007310006,2.8583333333333334,0.8895186522526085,soc_min
S3_gaming,31,7,1007310007,2.8583333333333334,0.8881454222034921,soc_min
S3_gaming,32,0,1007320000,3.6592748190364217,0.8936871722302504,cutoff
S3_gaming,32,1,1007320001,3.654081356350199,0.8919760186104179,cutoff
S3_gaming,32,2,1007320002,3.6532397051846246,0.8908098800130886,cutoff
S3_gaming,32,3,1007320003,3.661876995803798,0.8935736748267329,cutoff
S3_gaming,32,4,1007320004,3.6540755612586877,0.8922020720370747,cutoff
S3_gaming,32,5,1007320005,3.654936220388739,0.8968006320606926,cutoff
S3_gaming,32,6,1007320006,3.657565130145176,0.8874903468015084,cutoff
S3_gaming,32,7,1007320007,3.6575535182354293,0.8915069030768913,cutoff
S3_gaming,33,0,1007330000,3.391863240752248,0.894334086822168,cutoff
S3_gaming,33,1,1007330001,3.3907485029665785,0.8954753417305817,cutoff
S3_gaming,33,2,1007330002,3.3903218628114478,0.8954074320365645,cutoff
S3_gaming,33,3,1007330003,3.3939579139572795,0.8954844586120578,cutoff
S3_gaming,33,4,1007330004,3.3918055768825135,0.8952399325438166,cutoff
S3_gaming,33,5,1007330005,3.3891144574471963,0.8861192748122221,cutoff
S3_gaming,33,6,1007330006,3.392493341401006,0.886196369949141,cutoff
S3_gaming,33,7,1007330007,3.3861031615365453,0.8859789330573742,cutoff
S3_gaming,34,0,1007340000,2.2548573207476577,0.8486011661619126,cutoff
S3_gaming,34,1,1007340001,2.2563269975851625,0.846222009050583,cutoff
S3_gaming,34,2,1007340002,2.2608356509856873,0.8581958410428209,cutoff
S3_gaming,34,3,1007340003,2.263307009101883,0.8555875536004566,cutoff
S3_gaming,34,4,1007340004,2.262933207314504,0.8584234741678561,cutoff
S3_gaming,34,5,1007340005,2.2675993067476576,0.8527384532029969,cutoff
S3_gaming,34,6,1007340006,2.262260090710587,0.8613341438849094,cutoff
S3_gaming,34,7,1007340007,2.25858995782815,0.862745509404381,cutoff
S3_gaming,35,0,1007350000,3.5951418463727,0.9249505393601785,cutoff
S3_gaming,35,1,1007350001,3.5951409424169882,0.9249441966144659,cutoff
S3_gaming,35,2,1007350002,3.5941030488894388,0.9250788514879218,cutoff
S3_gaming,35,3,1007350003,3.5941029842794987,0.925078642499917,cutoff
S3_gaming,35,4,1007350004,3.593415807087102,0.9250340985669688,cutoff
S3_gaming,35,5,1007350005,3.5937605022811163,0.9250580292494068,cutoff
S3_gaming,35,6,1007350006,3.5950862633241756,0.9249474651987616,cutoff
S3_gaming,35,7,1007350007,3.5930650819553143,0.9222550523143201,cutoff
S3_gaming,36,0,1007360000,2.4,0.8128076361303561,soc_min
S3_gaming,36,1,1007360001,2.397222222222222,0.8114890758222564,soc_min
S3_gaming,36,2,1007360002,2.4,0.8122079580102265,soc_min
S3_gaming,36,3,1007360003,2.4,0.8099166736372289,soc_min
S3_gaming,36,4,1007360004,2.397222222222222,0.8106701315338742,soc_min
S3_gaming,36,5,1007360005,2.397222222222222,0.8107636835415939,soc_min
S3_gaming,36,6,1007360006,2.4,0.8093592028647999,soc_min
S3_gaming,36,7,1007360007,2.397222222222222,0.8112047613654245,soc_min
S3_gaming,37,0,1007370000,3.764815804622984,0.9111449190540757,cutoff
S3_gaming,37,1,1007370001,3.77135001441992,0.9094060932183918,cutoff
S3_gaming,37,2,1007370002,3.762151548719286,0.9086964679232638,cutoff
S3_gaming,37,3,1007370003,3.7670115474116246,0.9070459578137081,cutoff
S3_gaming,37,4,1007370004,3.7579106635934743,0.9103376362599265,cutoff
S3_gaming,37,5,1007370005,3.7648297785935454,0.9109721024909576,cutoff
S3_gaming,37,6,1007370006,3.772193624809992,0.9116815888661635,cutoff
S3_gaming,37,7,1007370007,3.768567485749624,0.9110293160297595,cutoff
S3_gaming,38,0,1007380000,2.938888888888889,0.890405809594915,soc_min
S3_gaming,38,1,1007380001,2.936111111111111,0.8908461801194338,soc_min
S3_gaming,38,2,1007380002,2.941666666666667,0.8937929730704413,soc_min
S3_gaming,38,3,1007380003,2.936111111111111,0.8908032605674933,soc_min
S3_gaming,38,4,1007380004,2.933333333333333,0.8912663099229722,soc_min
S3_gaming,38,5,1007380005,2.941666666666667,0.8914120052069627,soc_min
S3_gaming,38,6,1007380006,2.936111111111111,0.8916794844267067,soc_min
S3_gaming,38,7,1007380007,2.936111111111111,0.8910585766374468,soc_min
S3_gaming,39,0,1007390000,3.4176961606384153,0.8978256121941276,cutoff
S3_gaming,39,1,1007390001,3.4224093143187497,0.9023028176707336,cutoff
S3_gaming,39,2,1007390002,3.414408885777287,0.9060473115270257,cutoff
S3_gaming,39,3,1007390003,3.4187151684157837,0.9062159961853422,cutoff
S3_gaming,39,4,1007390004,3.4152903340723246,0.8997867102952589,cutoff
S3_gaming,39,5,1007390005,3.4189651632436666,0.9062576081139928,cutoff
S3_gaming,39,6,1007390006,3.4156496814844997,0.9036253219602932,cutoff
S3_gaming,39,7,1007390007,3.414372674355028,0.8965087061053272,cutoff
S3_gaming,40,0,1007400000,3.1108133409407484,0.9079826473367918,cutoff
S3_gaming,40,1,1007400001,3.118903902171593,0.9048109594282546,cutoff
S3_gaming,40,2,1007400002,3.111111111111111,0.9001864803787327,cutoff
S3_gaming,40,3,1007400003,3.116856167888614,0.9077915973941989,cutoff
S3_gaming,40,4,1007400004,3.1126479132052753,0.9035992449768654,cutoff
S3_gaming,40,5,1007400005,3.1216735227381576,0.9078261411866316,cutoff
S3_gaming,40,6,1007400006,3.120941439723863,0.9076828661219751,cutoff
S3_gaming,40,7,1007400007,3.118933064454519,0.9039051699258862,cutoff
S3_gaming,41,0,1007410000,3.433333333333333,0.9014172146431432,soc_min
S3_gaming,41,1,1007410001,3.433333333333333,0.9017030518824213,soc_min
S3_gaming,41,2,1007410002,3.4305555555555554,0.9009293629179599,soc_min
S3_gaming,41,3,1007410003,3.433333333333333,0.9023764125817502,soc_min
S3_gaming,41,4,1007410004,3.433333333333333,0.902860700207287,soc_min
S3_gaming,41,5,1007410005,3.433333333333333,0.9009348138877113,soc_min
S3_gaming,41,6,1007410006,3.4305555555555554,0.9016178953578705,soc_min
S3_gaming,41,7,1007410007,3.433333333333333,0.9000908059207953,soc_min
S3_gaming,42,0,1007420000,4.019998608538957,0.9037048820534743,cutoff
S3_gaming,42,1,1007420001,4.00805808690612,0.9069540101011604,cutoff
S3_gaming,42,2,1007420002,4.018166617466258,0.911044459942206,cutoff
S3_gaming,42,3,1007420003,4.015243186312174,0.8998543654758837,cutoff
S3_gaming,42,4,1007420004,4.013854795347893,0.9100193120241569,cutoff
S3_gaming,42,5,1007420005,4.013328130106557,0.9101458318308024,cutoff
S3_gaming,42,6,1007420006,4.020890742905094,0.9056986611818045,cutoff
S3_gaming,42,7,1007420007,4.025252944189838,0.9129018047025881,cutoff
S3_gaming,43,0,1007430000,2.716742220334655,0.869335083091191,cutoff
S3_gaming,43,1,1007430001,2.710949666038899,0.8723881151222532,cutoff
S3_gaming,43,2,1007430002,2.7162506002525886,0.8745289252470626,cutoff
S3_gaming,43,3,1007430003,2.7100519405737042,0.8733186265220444,cutoff
S3_gaming,43,4,1007430004,2.7116494500285246,0.8638803711074099,cutoff
S3_gaming,43,5,1007430005,2.716281111602325,0.8725324883415086,cutoff
S3_gaming,43,6,1007430006,2.715392598820123,0.8727485671832718,cutoff
S3_gaming,43,7,1007430007,2.714575894747801,0.8724329568246469,cutoff
S3_gaming,44,0,1007440000,3.297977383888379,0.903559521175902,cutoff
S3_gaming,44,1,1007440001,3.2964105212492725,0.8985796291979545,cutoff
S3_gaming,44,2,1007440002,3.2997662293512144,0.9031405082394779,cutoff
S3_gaming,44,3,1007440003,3.299760568149635,0.9036836683911513,cutoff
S3_gaming,44,4,1007440004,3.3001241759974342,0.9030991527041131,cutoff
S3_gaming,44,5,1007440005,3.2990408147323844,0.9048142927783026,cutoff
S3_gaming,44,6,1007440006,3.2979709493128104,0.9047070185891265,cutoff
S3_gaming,44,7,1007440007,3.3004764938899585,0.9034152922259966,cutoff
S3_gaming,45,0,1007450000,3.5166666666666666,0.9268822952810019,soc_min
S3_gaming,45,1,1007450001,3.513888888888889,0.928316977790948,soc_min
S3_gaming,45,2,1007450002,3.5194444444444444,0.9277528641953228,soc_min
S3_gaming,45,3,1007450003,3.5166666666666666,0.9270847689974828,soc_min
S3_gaming,45,4,1007450004,3.5194444444444444,0.9268499545819467,soc_min
S3_gaming,45,5,1007450005,3.5166666666666666,0.9284021809477044,soc_min
S3_gaming,45,6,1007450006,3.5166666666666666,0.9265798777404384,soc_min
S3_gaming,45,7,1007450007,3.5166666666666666,0.9268482590115596,soc_min
S3_gaming,46,0,1007460000,2.2916666666666665,0.8971770583966395,soc_min
S3_gaming,46,1,1007460001,2.2916666666666665,0.8967054259519571,soc_min
S3_gaming,46,2,1007460002,2.2916666666666665,0.8968707215469574,soc_min
S3_gaming,46,3,1007460003,2.2944444444444443,0.8968616905500593,soc_min
S3_gaming,46,4,1007460004,2.2916666666666665,0.8975083498686468,soc_min
S3_gaming,46,5,1007460005,2.2888888888888888,0.8974515521731455,soc_min
S3_gaming,46,6,1007460006,2.2916666666666665,0.8974715280350719,soc_min
S3_gaming,46,7,1007460007,2.2916666666666665,0.8972091172915545,soc_min
S3_gaming,47,0,1007470000,2.975884481620775,0.8719583835979173,cutoff
S3_gaming,47,1,1007470001,2.968700273475178,0.8724439232217847,cutoff
S3_gaming,47,2,1007470002,2.975110533307286,0.8709423934534187,cutoff
S3_gaming,47,3,1007470003,2.973518724730089,0.8710457098779056,cutoff
S3_gaming,47,4,1007470004,2.963888888888889,0.856470817375273,cutoff
S3_gaming,47,5,1007470005,2.979073527460627,0.8730702973909702,cutoff
S3_gaming,47,6,1007470006,2.976678645089909,0.8730144584833167,cutoff
S3_gaming,47,7,1007470007,2.9758876040355653,0.871554814124306,cutoff
S3_gaming,48,0,1007480000,3.7424303394173153,0.8648211387956342,cutoff
S3_gaming,48,1,1007480001,3.743426702711139,0.8649550590162401,cutoff
S3_gaming,48,2,1007480002,3.743609091245042,0.8649754412465406,cutoff
S3_gaming,48,3,1007480003,3.740741453289884,0.8610883431811565,cutoff
S3_gaming,48,4,1007480004,3.7414142112656372,0.8575330359214264,cutoff
S3_gaming,48,5,1007480005,3.741965051373512,0.8647606021230405,cutoff
S3_gaming,48,6,1007480006,3.740638887874825,0.8585488279332819,cutoff
S3_gaming,48,7,1007480007,3.738888888888889,0.8565967627222665,cutoff
S3_gaming,49,0,1007490000,2.713888888888889,0.8558875215888978,soc_min
S3_gaming,49,1,1007490001,2.7111111111111112,0.856449770283107,soc_min
S3_gaming,49,2,1007490002,2.7111111111111112,0.8561106139113642,soc_min
S3_gaming,49,3,1007490003,2.713888888888889,0.8566632512082812,soc_min
S3_gaming,49,4,1007490004,2.7111111111111112,0.8618889969100247,soc_min
S3_gaming,49,5,1007490005,2.7111111111111112,0.8558341109669241,soc_min
S3_gaming,49,6,1007490006,2.7111111111111112,0.8558331883114542,soc_min
S3_gaming,49,7,1007490007,2.7111111111111112,0.856304889006561,soc_min
S3_gaming,50,0,1007500000,3.420766002676702,0.8941079256392569,cutoff
S3_gaming,50,1,1007500001,3.4127924014113162,0.9020321205935994,cutoff
S3_gaming,50,2,1007500002,3.4207334425018536,0.9024602554546083,cutoff
S3_gaming,50,3,1007500003,3.4067699601529404,0.8887721657207982,cutoff
S3_gaming,50,4,1007500004,3.4237068127617296,0.9057556473471936,cutoff
S3_gaming,50,5,1007500005,3.4211622893559284,0.9035847166307976,cutoff
S3_gaming,50,6,1007500006,3.416494986057725,0.8894389349734226,cutoff
S3_gaming,50,7,1007500007,3.4227209146893207,0.9062192448219479,cutoff
S3_gaming,51,0,1007510000,3.039814135436923,0.8921267387591145,cutoff
S3_gaming,51,1,1007510001,3.0436029401846936,0.8895069671671301,cutoff
S3_gaming,51,2,1007510002,3.0412260610101374,0.8887984668546527,cutoff
S3_gaming,51,3,1007510003,3.036111111111111,0.8767029896575066,cutoff
S3_gaming,51,4,1007510004,3.0412256944802527,0.8923302577040909,cutoff
S3_gaming,51,5,1007510005,3.0398326391815496,0.888659118281945,cutoff
S3_gaming,51,6,1007510006,3.03912342393067,0.8920673349298751,cutoff
S3_gaming,51,7,1007510007,3.0412298074878708,0.8923696087738895,cutoff
S3_gaming,52,0,1007520000,3.0100569409938185,0.868934201679035,cutoff
S3_gaming,52,1,1007520001,3.007832650544715,0.8580485299054496,cutoff
S3_gaming,52,2,1007520002,3.004713558854267,0.8502575192876753,cutoff
S3_gaming,52,3,1007520003,3.022797362096877,0.8631227068228569,cutoff
S3_gaming,52,4,1007520004,3.016873335243138,0.8493395503261764,cutoff
S3_gaming,52,5,1007520005,3.010542341778315,0.8717388967454404,cutoff
S3_gaming,52,6,1007520006,3.015707205575253,0.8505934466399085,cutoff
S3_gaming,52,7,1007520007,3.0036753175580806,0.8706112409635807,cutoff
S3_gaming,53,0,1007530000,4.094444444444444,0.9252593158322998,soc_min
S3_gaming,53,1,1007530001,4.1,0.92512487834628,soc_min
S3_gaming,53,2,1007530002,4.102777777777778,0.9252616233618759,soc_min
S3_gaming,53,3,1007530003,4.113888888888889,0.9259367234970552,soc_min
S3_gaming,53,4,1007530004,4.1194444444444445,0.9253379833333124,soc_min
S3_gaming,53,5,1007530005,4.102777777777778,0.9251127452633744,soc_min
S3_gaming,53,6,1007530006,4.116666666666666,0.9256342465994916,soc_min
S3_gaming,53,7,1007530007,4.1,0.9251368500764389,soc_min
S3_gaming,54,0,1007540000,2.7147124851176696,0.8453569910554865,cutoff
S3_gaming,54,1,1007540001,2.7158631304728216,0.8541508910292511,cutoff
S3_gaming,54,2,1007540002,2.715447928823919,0.8547331113278013,cutoff
S3_gaming,54,3,1007540003,2.711759274936954,0.8557633256350994,cutoff
S3_gaming,54,4,1007540004,2.7178924826240705,0.8531651154224607,cutoff
S3_gaming,54,5,1007540005,2.7185302501402684,0.8544416798740281,cutoff
S3_gaming,54,6,1007540006,2.714485452578193,0.8532489839550527,cutoff
S3_gaming,54,7,1007540007,2.716997504402177,0.8395685947935699,cutoff
S3_gaming,55,0,1007550000,4.796857041205757,0.9276603099058416,cutoff
S3_gaming,55,1,1007550001,4.795472630634214,0.9275716835547254,cutoff
S3_gaming,55,2,1007550002,4.79390039513511,0.927653348295949,cutoff
S3_gaming,55,3,1007550003,4.797843460182754,0.9248526218782979,cutoff
S3_gaming,55,4,1007550004,4.796902486571787,0.9276562214472126,cutoff
S3_gaming,55,5,1007550005,4.795073115299353,0.9275598053668643,cutoff
S3_gaming,55,6,1007550006,4.796809727000571,0.9254783002799738,cutoff
S3_gaming,55,7,1007550007,4.794293116232427,0.9244898060491011,cutoff
S3_gaming,56,0,1007560000,3.591666666666667,0.9131060254386866,cutoff
S3_gaming,56,1,1007560001,3.6055555555555556,0.9132062577537391,cutoff
S3_gaming,56,2,1007560002,3.6041114075304077,0.9200107834718884,cutoff
S3_gaming,56,3,1007560003,3.605049119152127,0.9180610108168011,cutoff
S3_gaming,56,4,1007560004,3.6039111158868917,0.9151405968918211,cutoff
S3_gaming,56,5,1007560005,3.601092696028625,0.9188058150746679,cutoff
S3_gaming,56,6,1007560006,3.609094876392294,0.9198719922540323,cutoff
S3_gaming,56,7,1007560007,3.6179162067301456,0.9197386596074187,cutoff
S3_gaming,57,0,1007570000,2.6416666666666666,0.9027621173183799,soc_min
S3_gaming,57,1,1007570001,2.6416666666666666,0.901480865137,soc_min
S3_gaming,57,2,1007570002,2.6416666666666666,0.9009514418874508,soc_min
S3_gaming,57,3,1007570003,2.638888888888889,0.9023527013695406,soc_min
S3_gaming,57,4,1007570004,2.638888888888889,0.9009969781906876,soc_min
S3_gaming,57,5,1007570005,2.6416666666666666,0.9020456873365065,soc_min
S3_gaming,57,6,1007570006,2.638888888888889,0.9034799997164609,soc_min
S3_gaming,57,7,1007570007,2.6416666666666666,0.9015282632375704,soc_min
S3_gaming,58,0,1007580000,3.190670688831048,0.8717442853087518,cutoff
S3_gaming,58,1,1007580001,3.1906527542469925,0.8763193936400808,cutoff
S3_gaming,58,2,1007580002,3.184841586269043,0.8717767980649849,cutoff
S3_gaming,58,3,1007580003,3.189360763267495,0.8693056378171125,cutoff
S3_gaming,58,4,1007580004,3.191430629770058,0.8759507515607791,cutoff
S3_gaming,58,5,1007580005,3.1971177147432424,0.8767625022154799,cutoff
S3_gaming,58,6,1007580006,3.187020668730439,0.876469903915038,cutoff
S3_gaming,58,7,1007580007,3.1892070360060747,0.8776937782291536,cutoff
S3_gaming,59,0,1007590000,3.1310000355895764,0.8990031663129844,cutoff
S3_gaming,59,1,1007590001,3.1264711936514553,0.8930560337813659,cutoff
S3_gaming,59,2,1007590002,3.132872919507381,0.8992171725979367,cutoff
S3_gaming,59,3,1007590003,3.12927727051974,0.889886644279546,cutoff
S3_gaming,59,4,1007590004,3.1355488693518185,0.8992297765998273,cutoff
S3_gaming,59,5,1007590005,3.1366003695724927,0.8989721910660474,cutoff
S3_gaming,59,6,1007590006,3.1325416489574036,0.8974587737290056,cutoff
S3_gaming,59,7,1007590007,3.1305555555555555,0.8865526175975582,cutoff
S3_gaming,60,0,1007600000,2.559361132686522,0.8609388210779738,cutoff
S3_gaming,60,1,1007600001,2.561111111111111,0.8607005901184152,cutoff
S3_gaming,60,2,1007600002,2.5611035293529953,0.8686581498887337,cutoff
S3_gaming,60,3,1007600003,2.563297257874859,0.861487313548633,cutoff
S3_gaming,60,4,1007600004,2.562691181647819,0.8611738297011127,cutoff
S3_gaming,60,5,1007600005,2.563918060381708,0.8661601645109888,cutoff
S3_gaming,60,6,1007600006,2.5603819887664843,0.8699192855156592,cutoff
S3_gaming,60,7,1007600007,2.563597489902704,0.8700407920792395,cutoff
S3_gaming,61,0,1007610000,3.6150490065062204,0.9072023011290735,cutoff
S3_gaming,61,1,1007610001,3.62067163167927,0.9032745398445917,cutoff
S3_gaming,61,2,1007610002,3.6233036222287303,0.901144666247515,cutoff
S3_gaming,61,3,1007610003,3.610734470340465,0.9023781878234381,cutoff
S3_gaming,61,4,1007610004,3.614172792601488,0.9048918769032105,cutoff
S3_gaming,61,5,1007610005,3.609823654766879,0.906953082615532,cutoff
S3_gaming,61,6,1007610006,3.6134592954069875,0.9016278042474503,cutoff
S3_gaming,61,7,1007610007,3.6179757642919306,0.899862679839904,cutoff
S3_gaming,62,0,1007620000,2.738888888888889,0.8958129084363206,soc_min
S3_gaming,62,1,1007620001,2.736111111111111,0.8953234245129493,soc_min
S3_gaming,62,2,1007620002,2.736111111111111,0.8950730694625505,soc_min
S3_gaming,62,3,1007620003,2.736111111111111,0.896328699360306,soc_min
S3_gaming,62,4,1007620004,2.736111111111111,0.8981449357883328,soc_min
S3_gaming,62,5,1007620005,2.736111111111111,0.8978103390707545,soc_min
S3_gaming,62,6,1007620006,2.738888888888889,0.8953387799732219,soc_min
S3_gaming,62,7,1007620007,2.736111111111111,0.8993770432216961,soc_min
S3_gaming,63,0,1007630000,4.0736594850607375,0.8933174554497622,cutoff
S3_gaming,63,1,1007630001,4.070191922645229,0.8950192554999362,cutoff
S3_gaming,63,2,1007630002,4.067297180157163,0.8852080961418969,cutoff
S3_gaming,63,3,1007630003,4.078740964108153,0.8912202898650704,cutoff
S3_gaming,63,4,1007630004,4.0707168294821585,0.8967248833379439,cutoff
S3_gaming,63,5,1007630005,4.0736234447045065,0.8978948256557477,cutoff
S3_gaming,63,6,1007630006,4.0640348061871405,0.8947728171487952,cutoff
S3_gaming,63,7,1007630007,4.073007852632473,0.8882683080268466,cutoff
S3_gaming,64,0,1007640000,2.954534198558919,0.9038201229445423,cutoff
S3_gaming,64,1,1007640001,2.9567430682188074,0.9051922917722963,cutoff
S3_gaming,64,2,1007640002,2.9558500623334516,0.90509099607995,cutoff
S3_gaming,64,3,1007640003,2.95782851401121,0.8973277694317922,cutoff
S3_gaming,64,4,1007640004,2.95540110839631,0.9053505934988537,cutoff
S3_gaming,64,5,1007640005,2.954947503401659,0.8996016988945709,cutoff
S3_gaming,64,6,1007640006,2.9554049842376213,0.9053542244711805,cutoff
S3_gaming,64,7,1007640007,2.9562949322499326,0.9051373100859696,cutoff
S3_gaming,65,0,1007650000,2.256277201695065,0.871461484938988,cutoff
S3_gaming,65,1,1007650001,2.257655545149829,0.8716559435952727,cutoff
S3_gaming,65,2,1007650002,2.2566650758612856,0.8655824450890389,cutoff
S3_gaming,65,3,1007650003,2.25756911312416,0.8716825872592677,cutoff
S3_gaming,65,4,1007650004,2.2566738357032796,0.8715061375859535,cutoff
S3_gaming,65,5,1007650005,2.2548705383054135,0.8663516113935864,cutoff
S3_gaming,65,6,1007650006,2.254876399516532,0.865215080865628,cutoff
S3_gaming,65,7,1007650007,2.2547222724231184,0.8663296216875729,cutoff
S3_gaming,66,0,1007660000,3.2703233203142523,0.8921229826504007,cutoff
S3_gaming,66,1,1007660001,3.2679285552999633,0.8944573016986135,cutoff
S3_gaming,66,2,1007660002,3.2694444444444444,0.8891423908554394,cutoff
S3_gaming,66,3,1007660003,3.263888888888889,0.8913282606133454,cutoff
S3_gaming,66,4,1007660004,3.2715553398872013,0.9002205446501313,cutoff
S3_gaming,66,5,1007660005,3.267586995251387,0.892854871423098,cutoff
S3_gaming,66,6,1007660006,3.2707191198565204,0.9001489038032507,cutoff
S3_gaming,66,7,1007660007,3.267199022961083,0.892682851827761,cutoff
S3_gaming,67,0,1007670000,2.8320442423888608,0.8813379502439875,cutoff
S3_gaming,67,1,1007670001,2.825769169072696,0.8851578838622688,cutoff
S3_gaming,67,2,1007670002,2.8188361947950455,0.8769120678531167,cutoff
S3_gaming,67,3,1007670003,2.8267670446684625,0.887107074359966,cutoff
S3_gaming,67,4,1007670004,2.823641639935977,0.8868893106189797,cutoff
S3_gaming,67,5,1007670005,2.825,0.8755457069972565,cutoff
S3_gaming,67,6,1007670006,2.826777039626172,0.8813519280394332,cutoff
S3_gaming,67,7,1007670007,2.8273242213058962,0.8866798753459598,cutoff
S3_gaming,68,0,1007680000,1.9421901640867643,0.8625350409063756,cutoff
S3_gaming,68,1,1007680001,1.9410541601987075,0.8643583994822213,cutoff
S3_gaming,68,2,1007680002,1.9422878757552897,0.8619062712912117,cutoff
S3_gaming,68,3,1007680003,1.9414537002008188,0.8643209045770317,cutoff
S3_gaming,68,4,1007680004,1.9417017832916812,0.8638894697025754,cutoff
S3_gaming,68,5,1007680005,1.939665224455903,0.8582540605768102,cutoff
S3_gaming,68,6,1007680006,1.9399001774949312,0.8633091542996026,cutoff
S3_gaming,68,7,1007680007,1.939264925003413,0.8640119172685843,cutoff
S3_gaming,69,0,1007690000,1.96623812694614,0.9076356257447721,cutoff
S3_gaming,69,1,1007690001,1.9662431937341143,0.9052937097703594,cutoff
S3_gaming,69,2,1007690002,1.9649879134527573,0.9057766754744581,cutoff
S3_gaming,69,3,1007690003,1.9649887971807467,0.9065136755247512,cutoff
S3_gaming,69,4,1007690004,1.965000706356663,0.9015806002645711,cutoff
S3_gaming,69,5,1007690005,1.9668746833754456,0.9045959216564813,cutoff
S3_gaming,69,6,1007690006,1.9656237243855326,0.903701121265198,cutoff
S3_gaming,69,7,1007690007,1.9681191998629983,0.9074887030482356,cutoff
S3_gaming,70,0,1007700000,2.0992999881847205,0.8030832228048937,cutoff
S3_gaming,70,1,1007700001,2.106060120469713,0.8094824189334195,cutoff
S3_gaming,70,2,1007700002,2.109310799405604,0.8085456310453374,cutoff
S3_gaming,70,3,1007700003,2.109871250734295,0.8081597895413202,cutoff
S3_gaming,70,4,1007700004,2.1077193979479376,0.8068716714661832,cutoff
S3_gaming,70,5,1007700005,2.1055112329415113,0.8094934174965898,cutoff
S3_gaming,70,6,1007700006,2.110396277701403,0.8117778928822044,cutoff
S3_gaming,70,7,1007700007,2.108211560387563,0.8145742621083012,cutoff
S3_gaming,71,0,1007710000,3.1798194996643776,0.8490719606048291,cutoff
S3_gaming,71,1,1007710001,3.1774067797373395,0.85732089900985,cutoff
S3_gaming,71,2,1007710002,3.1788136694858076,0.8517083307544492,cutoff
S3_gaming,71,3,1007710003,3.177143298832162,0.857281568530428,cutoff
S3_gaming,71,4,1007710004,3.179805240049013,0.8572467996364483,cutoff
S3_gaming,71,5,1007710005,3.1782240870138074,0.8569821373094243,cutoff
S3_gaming,71,6,1007710006,3.179332301946889,0.8559053548520004,cutoff
S3_gaming,71,7,1007710007,3.180149047426587,0.8481917171135104,cutoff
S3_gaming,72,0,1007720000,3.17342137288301,0.9127514970451023,cutoff
S3_gaming,72,1,1007720001,3.171454414879847,0.911921876622161,cutoff
S3_gaming,72,2,1007720002,3.1690095434927796,0.9132118976987774,cutoff
S3_gaming,72,3,1007720003,3.171361022557541,0.904138539910054,cutoff
S3_gaming,72,4,1007720004,3.176716173902401,0.9109052212812544,cutoff
S3_gaming,72,5,1007720005,3.171962631102995,0.9050326630638887,cutoff
S3_gaming,72,6,1007720006,3.175040748693112,0.9045246578680007,cutoff
S3_gaming,72,7,1007720007,3.1694444444444443,0.9034020984117553,cutoff
S3_gaming,73,0,1007730000,3.4403635932769374,0.8823587929279421,cutoff
S3_gaming,73,1,1007730001,3.436414145651549,0.8883589540867861,cutoff
S3_gaming,73,2,1007730002,3.4333705856842127,0.8898939042671588,cutoff
S3_gaming,73,3,1007730003,3.4358424718032152,0.8901978631774481,cutoff
S3_gaming,73,4,1007730004,3.4371636132166357,0.8823173125187969,cutoff
S3_gaming,73,5,1007730005,3.4280526186414115,0.8799362801571687,cutoff
S3_gaming,73,6,1007730006,3.4397431679537074,0.884507426587697,cutoff
S3_gaming,73,7,1007730007,3.4302226189381746,0.8803542903091882,cutoff
S3_gaming,74,0,1007740000,4.679348137127503,0.9243070688821798,cutoff
S3_gaming,74,1,1007740001,4.682567942073176,0.924334484861322,cutoff
S3_gaming,74,2,1007740002,4.67846590884479,0.923019402217471,cutoff
S3_gaming,74,3,1007740003,4.680969056158566,0.9196023346226718,cutoff
S3_gaming,74,4,1007740004,4.681676160648336,0.9242709860995121,cutoff
S3_gaming,74,5,1007740005,4.6831011852973585,0.9243597936303618,cutoff
S3_gaming,74,6,1007740006,4.67505159496331,0.9242226546587992,cutoff
S3_gaming,74,7,1007740007,4.679343660541849,0.924302112154735,cutoff
S3_gaming,75,0,1007750000,4.306952368934638,0.8976168804888985,cutoff
S3_gaming,75,1,1007750001,4.310892422592797,0.8979411979323662,cutoff
S3_gaming,75,2,1007750002,4.305362425169822,0.8981859743018442,cutoff
S3_gaming,75,3,1007750003,4.304590228318945,0.8981778605444722,cutoff
S3_gaming,75,4,1007750004,4.306153368231178,0.9017594855324457,cutoff
S3_gaming,75,5,1007750005,4.2974925153674395,0.8926582124979279,cutoff
S3_gaming,75,6,1007750006,4.309628562575322,0.9070147775630563,cutoff
S3_gaming,75,7,1007750007,4.310890327685035,0.9068356257725858,cutoff
S3_gaming,76,0,1007760000,3.050203775869581,0.8749151657608338,cutoff
S3_gaming,76,1,1007760001,3.0481931502705004,0.8750384553573134,cutoff
S3_gaming,76,2,1007760002,3.0481832659879426,0.8750025679046192,cutoff
S3_gaming,76,3,1007760003,3.0501980676326648,0.8748898278539385,cutoff
S3_gaming,76,4,1007760004,3.0506970086040393,0.8749639382096512,cutoff
S3_gaming,76,5,1007760005,3.0486660136695503,0.8723380077577346,cutoff
S3_gaming,76,6,1007760006,3.0512093640893525,0.8750547678943673,cutoff
S3_gaming,76,7,1007760007,3.0478940767071583,0.8749672236792291,cutoff
S3_gaming,77,0,1007770000,2.7866527331180455,0.8829508027486256,cutoff
S3_gaming,77,1,1007770001,2.794844255535028,0.8849582601457047,cutoff
S3_gaming,77,2,1007770002,2.796127740697054,0.8823376050431243,cutoff
S3_gaming,77,3,1007770003,2.785982015923397,0.8779718084845856,cutoff
S3_gaming,77,4,1007770004,2.797551792288418,0.8836362639732486,cutoff
S3_gaming,77,5,1007770005,2.7905522165954366,0.8794618471273246,cutoff
S3_gaming,77,6,1007770006,2.7851474397156606,0.880602805104462,cutoff
S3_gaming,77,7,1007770007,2.7874497986267937,0.8825919772765568,cutoff
S3_gaming,78,0,1007780000,3.6965470377681564,0.8955187889018145,cutoff
S3_gaming,78,1,1007780001,3.6961863510394393,0.8991463209581311,cutoff
S3_gaming,78,2,1007780002,3.69536402444907,0.8945247471871569,cutoff
S3_gaming,78,3,1007780003,3.6925738089551983,0.8990396047722072,cutoff
S3_gaming,78,4,1007780004,3.6962960813570174,0.8917871491491468,cutoff
S3_gaming,78,5,1007780005,3.6882784914862103,0.8907269715010587,cutoff
S3_gaming,78,6,1007780006,3.6886354454853585,0.8906521994638191,cutoff
S3_gaming,78,7,1007780007,3.6956786978500213,0.8991035221325351,cutoff
S3_gaming,79,0,1007790000,2.811111111111111,0.8867294988656766,soc_min
S3_gaming,79,1,1007790001,2.813888888888889,0.8891422137424462,soc_min
S3_gaming,79,2,1007790002,2.811111111111111,0.8870845491891829,soc_min
S3_gaming,79,3,1007790003,2.811111111111111,0.8876965113752425,soc_min
S3_gaming,79,4,1007790004,2.811111111111111,0.8869412417064713,soc_min
S3_gaming,79,5,1007790005,2.808333333333333,0.8868520227006753,soc_min
S3_gaming,79,6,1007790006,2.808333333333333,0.8887990228256996,soc_min
S3_gaming,79,7,1007790007,2.813888888888889,0.8887894566535706,soc_min
S3_gaming,80,0,1007800000,3.218532295087108,0.8616488330652551,cutoff
S3_gaming,80,1,1007800001,3.2204206242530176,0.8614837829317806,cutoff
S3_gaming,80,2,1007800002,3.2204221602669234,0.8614896452326367,cutoff
S3_gaming,80,3,1007800003,3.2207068741255824,0.8615368973749282,cutoff
S3_gaming,80,4,1007800004,3.2204359240246694,0.8615240857678574,cutoff
S3_gaming,80,5,1007800005,3.2184337664104663,0.8616193037623462,cutoff
S3_gaming,80,6,1007800006,3.2194444444444446,0.8516502216099474,cutoff
S3_gaming,80,7,1007800007,3.2201427296562173,0.8614519929364103,cutoff
S3_gaming,81,0,1007810000,3.6805555555555554,0.9114920373578721,soc_min
S3_gaming,81,1,1007810001,3.6805555555555554,0.9097011625441349,soc_min
S3_gaming,81,2,1007810002,3.686111111111111,0.9093763401195598,soc_min
S3_gaming,81,3,1007810003,3.6805555555555554,0.9094527367895205,soc_min
S3_gaming,81,4,1007810004,3.683333333333333,0.911113216725855,soc_min
S3_gaming,81,5,1007810005,3.6805555555555554,0.9095086306383686,soc_min
S3_gaming,81,6,1007810006,3.683333333333333,0.9100476635920407,soc_min
S3_gaming,81,7,1007810007,3.686111111111111,0.9107249917662077,soc_min
S3_gaming,82,0,1007820000,2.827777777777778,0.8890313006266861,soc_min
S3_gaming,82,1,1007820001,2.8361111111111112,0.8885319972041591,soc_min
S3_gaming,82,2,1007820002,2.8305555555555557,0.8882609341326497,soc_min
S3_gaming,82,3,1007820003,2.827777777777778,0.888344142498087,soc_min
S3_gaming,82,4,1007820004,2.8305555555555557,0.8888716977714225,soc_min
S3_gaming,82,5,1007820005,2.8305555555555557,0.8894083754317239,soc_min
S3_gaming,82,6,1007820006,2.8361111111111112,0.8908701278332993,soc_min
S3_gaming,82,7,1007820007,2.8333333333333335,0.8889773940250275,soc_min
S3_gaming,83,0,1007830000,2.8944444444444444,0.8687714037846435,soc_min
S3_gaming,83,1,1007830001,2.888888888888889,0.8686230382216186,soc_min
S3_gaming,83,2,1007830002,2.8944444444444444,0.8718594369221161,soc_min
S3_gaming,83,3,1007830003,2.8916666666666666,0.8701633290379779,soc_min
S3_gaming,83,4,1007830004,2.8916666666666666,0.8700775508068296,soc_min
S3_gaming,83,5,1007830005,2.8944444444444444,0.8710082870456448,soc_min
S3_gaming,83,6,1007830006,2.8944444444444444,0.8716685276102449,soc_min
S3_gaming,83,7,1007830007,2.888888888888889,0.8667024183072315,soc_min
S3_gaming,84,0,1007840000,2.3852319864869895,0.842087588413251,cutoff
S3_gaming,84,1,1007840001,2.3879809257675824,0.8504586890832463,cutoff
S3_gaming,84,2,1007840002,2.3829718543571237,0.8507815049325111,cutoff
S3_gaming,84,3,1007840003,2.3863347778271096,0.8500580200798675,cutoff
S3_gaming,84,4,1007840004,2.385252580287315,0.8505010051893623,cutoff
S3_gaming,84,5,1007840005,2.3869217926955995,0.8503218685031091,cutoff
S3_gaming,84,6,1007840006,2.3847148838613865,0.8496093144993442,cutoff
S3_gaming,84,7,1007840007,2.3868908688682655,0.8502175171617141,cutoff
S3_gaming,85,0,1007850000,3.433333333333333,0.8914452016655583,soc_min
S3_gaming,85,1,1007850001,3.433333333333333,0.8917425393025141,soc_min
S3_gaming,85,2,1007850002,3.433333333333333,0.8924303606032971,soc_min
S3_gaming,85,3,1007850003,3.433333333333333,0.8915247915968942,soc_min
S3_gaming,85,4,1007850004,3.4305555555555554,0.8925202482286422,soc_min
S3_gaming,85,5,1007850005,3.4305555555555554,0.8917501153013223,soc_min
S3_gaming,85,6,1007850006,3.4305555555555554,0.8915353492564237,soc_min
S3_gaming,85,7,1007850007,3.433333333333333,0.8919813154279802,soc_min
S3_gaming,86,0,1007860000,3.239846719379892,0.8884149240524619,cutoff
S3_gaming,86,1,1007860001,3.245968578873807,0.8895891451801115,cutoff
S3_gaming,86,2,1007860002,3.2476183839516803,0.8873028487774619,cutoff
S3_gaming,86,3,1007860003,3.240895827094671,0.8895467008528604,cutoff
S3_gaming,86,4,1007860004,3.2471390958638677,0.8918297997758968,cutoff
S3_gaming,86,5,1007860005,3.2424701270999052,0.8765747491195996,cutoff
S3_gaming,86,6,1007860006,3.2452457228339657,0.8773682471846375,cutoff
S3_gaming,86,7,1007860007,3.2397014060095923,0.8814732673387397,cutoff
S3_gaming,87,0,1007870000,2.2740298280600997,0.8834594081471734,cutoff
S3_gaming,87,1,1007870001,2.2724906865272585,0.8820139961281143,cutoff
S3_gaming,87,2,1007870002,2.2744146431954904,0.8835190665593754,cutoff
S3_gaming,87,3,1007870003,2.2732552982250374,0.8828130210427065,cutoff
S3_gaming,87,4,1007870004,2.2720914835050707,0.8830503151015725,cutoff
S3_gaming,87,5,1007870005,2.2740248725959895,0.8834379585364086,cutoff
S3_gaming,87,6,1007870006,2.2740309249554254,0.8834600588425766,cutoff
S3_gaming,87,7,1007870007,2.2728193622702935,0.8776724069333556,cutoff
S3_gaming,88,0,1007880000,2.9472222222222224,0.8856156009891596,soc_min
S3_gaming,88,1,1007880001,2.95,0.8850643287248013,soc_min
S3_gaming,88,2,1007880002,2.9444444444444446,0.8853770318428438,soc_min
S3_gaming,88,3,1007880003,2.941666666666667,0.8869683403902529,soc_min
S3_gaming,88,4,1007880004,2.95,0.8864885326104034,soc_min
S3_gaming,88,5,1007880005,2.95,0.8869489421430621,soc_min
S3_gaming,88,6,1007880006,2.941666666666667,0.8849832712804886,soc_min
S3_gaming,88,7,1007880007,2.95,0.8852296359712358,soc_min
S3_gaming,89,0,1007890000,4.378223414545722,0.8880458312419838,cutoff
S3_gaming,89,1,1007890001,4.380459833503372,0.8955407660484027,cutoff
S3_gaming,89,2,1007890002,4.38401579428344,0.8890286770876056,cutoff
S3_gaming,89,3,1007890003,4.378621211986004,0.8950610899050102,cutoff
S3_gaming,89,4,1007890004,4.38046874855169,0.8899393664587931,cutoff
S3_gaming,89,5,1007890005,4.384446411116747,0.8907498201712486,cutoff
S3_gaming,89,6,1007890006,4.38181791247256,0.8956447138289988,cutoff
S3_gaming,89,7,1007890007,4.381029275401853,0.8875086555565898,cutoff
S3_gaming,90,0,1007900000,2.6083333333333334,0.9176428866095295,soc_min
S3_gaming,90,1,1007900001,2.6055555555555556,0.9207038017521262,soc_min
S3_gaming,90,2,1007900002,2.6055555555555556,0.9176743173660956,soc_min
S3_gaming,90,3,1007900003,2.602777777777778,0.917476302263583,soc_min
S3_gaming,90,4,1007900004,2.6,0.9178879745140569,soc_min
S3_gaming,90,5,1007900005,2.602777777777778,0.9176601440773972,soc_min
S3_gaming,90,6,1007900006,2.602777777777778,0.9184293769653306,soc_min
S3_gaming,90,7,1007900007,2.602777777777778,0.9181712586538058,soc_min
S3_gaming,91,0,1007910000,2.5612143222229427,0.866496445141958,cutoff
S3_gaming,91,1,1007910001,2.561211550205485,0.8622313541746767,cutoff
S3_gaming,91,2,1007910002,2.5637359443588674,0.8684824047072681,cutoff
S3_gaming,91,3,1007910003,2.568834449225799,0.8683663704878917,cutoff
S3_gaming,91,4,1007910004,2.561947710830369,0.8681662675817609,cutoff
S3_gaming,91,5,1007910005,2.5590642906468757,0.861866571644621,cutoff
S3_gaming,91,6,1007910006,2.569705371620254,0.8641598513884022,cutoff
S3_gaming,91,7,1007910007,2.5547467937313866,0.862545585787439,cutoff
S3_gaming,92,0,1007920000,3.5651701963878555,0.8691474480124494,cutoff
S3_gaming,92,1,1007920001,3.556178321359503,0.8618573063119783,cutoff
S3_gaming,92,2,1007920002,3.5662809317440294,0.8679614099765032,cutoff
S3_gaming,92,3,1007920003,3.563448361115787,0.8609892290817263,cutoff
S3_gaming,92,4,1007920004,3.5662741302904846,0.8688941153268579,cutoff
S3_gaming,92,5,1007920005,3.5634937765520074,0.8696565394054597,cutoff
S3_gaming,92,6,1007920006,3.5752647890774054,0.8708885568357319,cutoff
S3_gaming,92,7,1007920007,3.5567019184601123,0.8648321934700112,cutoff
S3_gaming,93,0,1007930000,3.3973663568428165,0.9144543275023721,cutoff
S3_gaming,93,1,1007930001,3.3915829625112255,0.9182925686338737,cutoff
S3_gaming,93,2,1007930002,3.3874588062030915,0.9175961368494977,cutoff
S3_gaming,93,3,1007930003,3.3861929639696897,0.9123193498032922,cutoff
S3_gaming,93,4,1007930004,3.396527397566963,0.9178794647128772,cutoff
S3_gaming,93,5,1007930005,3.3907160831483236,0.918447584291982,cutoff
S3_gaming,93,6,1007930006,3.3956813215252493,0.9150343476888738,cutoff
S3_gaming,93,7,1007930007,3.3965620689526013,0.917753836497751,cutoff
S3_gaming,94,0,1007940000,3.808333333333333,0.9123152724850008,soc_min
S3_gaming,94,1,1007940001,3.8027777777777776,0.910955810591785,soc_min
S3_gaming,94,2,1007940002,3.8055555555555554,0.9104534947894277,soc_min
S3_gaming,94,3,1007940003,3.8055555555555554,0.9106360664142976,soc_min
S3_gaming,94,4,1007940004,3.811111111111111,0.9120613091071563,soc_min
S3_gaming,94,5,1007940005,3.8055555555555554,0.911327103399333,soc_min
S3_gaming,94,6,1007940006,3.8055555555555554,0.9123836259016691,soc_min
S3_gaming,94,7,1007940007,3.8027777777777776,0.9105206912812168,soc_min
S3_gaming,95,0,1007950000,3.315367359966338,0.8758878917182201,cutoff
S3_gaming,95,1,1007950001,3.301980139962563,0.8812287690537932,cutoff
S3_gaming,95,2,1007950002,3.3146490742364914,0.8805490966215095,cutoff
S3_gaming,95,3,1007950003,3.3060722132014946,0.8800816616319603,cutoff
S3_gaming,95,4,1007950004,3.315677311235982,0.8807019091949722,cutoff
S3_gaming,95,5,1007950005,3.29620908849385,0.8755021311974378,cutoff
S3_gaming,95,6,1007950006,3.3125104472197684,0.8802839749564871,cutoff
S3_gaming,95,7,1007950007,3.306027603349138,0.879361406792556,cutoff
S3_gaming,96,0,1007960000,3.5491269764585307,0.932183688832545,cutoff
S3_gaming,96,1,1007960001,3.5551971850534914,0.9322243930787656,cutoff
S3_gaming,96,2,1007960002,3.554125395807119,0.927723631913806,cutoff
S3_gaming,96,3,1007960003,3.5536822325297983,0.9321176538417858,cutoff
S3_gaming,96,4,1007960004,3.553868159840474,0.9318248127683659,cutoff
S3_gaming,96,5,1007960005,3.552667021977466,0.932243046703138,cutoff
S3_gaming,96,6,1007960006,3.5491289558870243,0.9321894178000522,cutoff
S3_gaming,96,7,1007960007,3.5536801208693363,0.9321123245866315,cutoff
S3_gaming,97,0,1007970000,2.8651611892903435,0.9004718959836496,cutoff
S3_gaming,97,1,1007970001,2.8615745732844458,0.9039036004023991,cutoff
S3_gaming,97,2,1007970002,2.8629962697041362,0.895189389745684,cutoff
S3_gaming,97,3,1007970003,2.8672975607905578,0.9038806315604065,cutoff
S3_gaming,97,4,1007970004,2.863001070711859,0.904063153660129,cutoff
S3_gaming,97,5,1007970005,2.8597154635827473,0.9039689741236672,cutoff
S3_gaming,97,6,1007970006,2.8608019518152807,0.9041065840090937,cutoff
S3_gaming,97,7,1007970007,2.868725076400122,0.9040482849365683,cutoff
S3_gaming,98,0,1007980000,2.3760634888957535,0.8641901626062357,cutoff
S3_gaming,98,1,1007980001,2.3732273092187963,0.8634158515442542,cutoff
S3_gaming,98,2,1007980002,2.379123941188366,0.8649451904946969,cutoff
S3_gaming,98,3,1007980003,2.3795672794784797,0.8625097887748696,cutoff
S3_gaming,98,4,1007980004,2.3767224105796525,0.8644708825465025,cutoff
S3_gaming,98,5,1007980005,2.3748910357215363,0.8689632841978927,cutoff
S3_gaming,98,6,1007980006,2.3788226480124957,0.8651191606923674,cutoff
S3_gaming,98,7,1007980007,2.3722222222222222,0.8552988138599245,cutoff
S3_gaming,99,0,1007990000,2.189919348842458,0.8793739231621648,cutoff
S3_gaming,99,1,1007990001,2.187969164970253,0.8852994296046435,cutoff
S3_gaming,99,2,1007990002,2.190610064827773,0.8881249022754789,cutoff
S3_gaming,99,3,1007990003,2.18588119328292,0.8828693754529487,cutoff
S3_gaming,99,4,1007990004,2.1884622603366854,0.8768341505712391,cutoff
S3_gaming,99,5,1007990005,2.1912716335642815,0.8882232422342108,cutoff
S3_gaming,99,6,1007990006,2.1915759718185166,0.8883304951610016,cutoff
S3_gaming,99,7,1007990007,2.189299503651662,0.8869447390677296,cutoff
S3_gaming,100,0,1008000000,2.7615798133412315,0.9136030768442898,cutoff
S3_gaming,100,1,1008000001,2.762432618953076,0.9137200515867333,cutoff
S3_gaming,100,2,1008000002,2.7617245392396192,0.9136536746524722,cutoff
S3_gaming,100,3,1008000003,2.7608632221648475,0.9080492422629778,cutoff
S3_gaming,100,4,1008000004,2.762996601923749,0.9102384592729172,cutoff
S3_gaming,100,5,1008000005,2.7612466818781933,0.9135573423328641,cutoff
S3_gaming,100,6,1008000006,2.763274980664704,0.9138107463882883,cutoff
S3_gaming,100,7,1008000007,2.7623764052535242,0.9088388735564478,cutoff
S3_gaming,101,0,1008010000,3.2052772548335837,0.877009092755697,cutoff
S3_gaming,101,1,1008010001,3.1985240644466164,0.8899788888823346,cutoff
S3_gaming,101,2,1008010002,3.211115332396855,0.8924362787440112,cutoff
S3_gaming,101,3,1008010003,3.208029455752497,0.8863677530483222,cutoff
S3_gaming,101,4,1008010004,3.2118823881593563,0.8829528223322285,cutoff
S3_gaming,101,5,1008010005,3.206771962835212,0.8925834841232417,cutoff
S3_gaming,101,6,1008010006,3.21192375141253,0.8795154484808523,cutoff
S3_gaming,101,7,1008010007,3.204168740473142,0.8917035051114088,cutoff
S3_gaming,102,0,1008020000,3.1944444444444446,0.9139877654722665,soc_min
S3_gaming,102,1,1008020001,3.1972222222222224,0.9138742692050541,soc_min
S3_gaming,102,2,1008020002,3.1972222222222224,0.9142199447068827,soc_min
S3_gaming,102,3,1008020003,3.1972222222222224,0.9127574089135426,soc_min
S3_gaming,102,4,1008020004,3.1944444444444446,0.9142059092532862,soc_min
S3_gaming,102,5,1008020005,3.1944444444444446,0.9146014805614296,soc_min
S3_gaming,102,6,1008020006,3.2,0.9140412982136936,soc_min
S3_gaming,102,7,1008020007,3.1972222222222224,0.9142471548287651,soc_min
S3_gaming,103,0,1008030000,2.8334626040218533,0.865735900295326,cutoff
S3_gaming,103,1,1008030001,2.832798037658435,0.8660877254731164,cutoff
S3_gaming,103,2,1008030002,2.8341184036540485,0.865859696005759,cutoff
S3_gaming,103,3,1008030003,2.8321421766082624,0.8659830667927257,cutoff
S3_gaming,103,4,1008030004,2.829817392304526,0.8595937325128985,cutoff
S3_gaming,103,5,1008030005,2.834107137631381,0.8658207600784492,cutoff
S3_gaming,103,6,1008030006,2.8295228673133543,0.866015900321966,cutoff
S3_gaming,103,7,1008030007,2.834758539770888,0.8659413902012525,cutoff
S3_gaming,104,0,1008040000,2.3529420090930184,0.868633326395846,cutoff
S3_gaming,104,1,1008040001,2.353387290256705,0.8728925822183652,cutoff
S3_gaming,104,2,1008040002,2.3534070632792745,0.8681100456450264,cutoff
S3_gaming,104,3,1008040003,2.3526786807784026,0.8664103487752212,cutoff
S3_gaming,104,4,1008040004,2.3529467471778247,0.8690105672866631,cutoff
S3_gaming,104,5,1008040005,2.353849335198804,0.8678769256391948,cutoff
S3_gaming,104,6,1008040006,2.3506985946506664,0.867512974928045,cutoff
S3_gaming,104,7,1008040007,2.352941287323458,0.8694875013136688,cutoff
S3_gaming,105,0,1008050000,3.7322711428693847,0.9203758865035369,cutoff
S3_gaming,105,1,1008050001,3.729862259939735,0.9203946247714839,cutoff
S3_gaming,105,2,1008050002,3.7346761612505674,0.9182283481701636,cutoff
S3_gaming,105,3,1008050003,3.730503105829507,0.9204445863295635,cutoff
S3_gaming,105,4,1008050004,3.7305555555555556,0.9112589801930018,cutoff
S3_gaming,105,5,1008050005,3.7303481794693996,0.9204471895411278,cutoff
S3_gaming,105,6,1008050006,3.733658650279198,0.9202556962289964,cutoff
S3_gaming,105,7,1008050007,3.7303490816859415,0.9204510071711649,cutoff
S3_gaming,106,0,1008060000,3.808333333333333,0.9140504921878714,soc_min
S3_gaming,106,1,1008060001,3.808333333333333,0.9141204064440814,soc_min
S3_gaming,106,2,1008060002,3.811111111111111,0.9145123579787398,soc_min
S3_gaming,106,3,1008060003,3.808333333333333,0.9152352868234844,soc_min
S3_gaming,106,4,1008060004,3.808333333333333,0.9137425960882626,soc_min
S3_gaming,106,5,1008060005,3.808333333333333,0.9144699091934047,soc_min
S3_gaming,106,6,1008060006,3.808333333333333,0.9133729187989427,soc_min
S3_gaming,106,7,1008060007,3.808333333333333,0.9148070285139356,soc_min
S3_gaming,107,0,1008070000,2.172222222222222,0.81349114646366,soc_min
S3_gaming,107,1,1008070001,2.172222222222222,0.8146330865153221,soc_min
S3_gaming,107,2,1008070002,2.172222222222222,0.8166166017273443,soc_min
S3_gaming,107,3,1008070003,2.172222222222222,0.8156474262083362,soc_min
S3_gaming,107,4,1008070004,2.172222222222222,0.8144479317210429,soc_min
S3_gaming,107,5,1008070005,2.172222222222222,0.8164821790157312,soc_min
S3_gaming,107,6,1008070006,2.172222222222222,0.8156250892027889,soc_min
S3_gaming,107,7,1008070007,2.1694444444444443,0.8241887810396569,soc_min
S3_gaming,108,0,1008080000,2.174411102943162,0.8677640544138616,cutoff
S3_gaming,108,1,1008080001,2.1739513516503237,0.8676278015214406,cutoff
S3_gaming,108,2,1008080002,2.1739720076446383,0.8677174092237989,cutoff
S3_gaming,108,3,1008080003,2.1753180110975534,0.8673594974827753,cutoff
S3_gaming,108,4,1008080004,2.1735048795660887,0.8675568110568583,cutoff
S3_gaming,108,5,1008080005,2.174407922646351,0.8677488187904737,cutoff
S3_gaming,108,6,1008080006,2.1731995021864834,0.8618564787565656,cutoff
S3_gaming,108,7,1008080007,2.1717125662736305,0.8678173960563564,cutoff
S3_gaming,109,0,1008090000,2.4194444444444443,0.8929498795713926,soc_min
S3_gaming,109,1,1008090001,2.4194444444444443,0.8934062042674734,soc_min
S3_gaming,109,2,1008090002,2.4194444444444443,0.8984162943946244,soc_min
S3_gaming,109,3,1008090003,2.4194444444444443,0.8971164325747173,soc_min
S3_gaming,109,4,1008090004,2.4138888888888888,0.8944881548856597,soc_min
S3_gaming,109,5,1008090005,2.4194444444444443,0.8926640642934836,soc_min
S3_gaming,109,6,1008090006,2.4194444444444443,0.8989656412442786,soc_min
S3_gaming,109,7,1008090007,2.4194444444444443,0.8934410878925274,soc_min
S3_gaming,110,0,1008100000,3.2668744138296937,0.9001520481782539,cutoff
S3_gaming,110,1,1008100001,3.259369307001025,0.8960169297399783,cutoff
S3_gaming,110,2,1008100002,3.265333326572846,0.8982096336944024,cutoff
S3_gaming,110,3,1008100003,3.2634151220873293,0.8994788938069995,cutoff
S3_gaming,110,4,1008100004,3.266258652790062,0.8921066553298355,cutoff
S3_gaming,110,5,1008100005,3.2646114107434347,0.8987748313072231,cutoff
S3_gaming,110,6,1008100006,3.2663803275143666,0.893064945889371,cutoff
S3_gaming,110,7,1008100007,3.270129633705992,0.892488150666659,cutoff
S3_gaming,111,0,1008110000,3.235064188872288,0.8934560693291985,cutoff
S3_gaming,111,1,1008110001,3.232438109905183,0.8884628997384124,cutoff
S3_gaming,111,2,1008110002,3.229168893330781,0.8924306372538141,cutoff
S3_gaming,111,3,1008110003,3.2341864961049476,0.8845926782511844,cutoff
S3_gaming,111,4,1008110004,3.231405623959099,0.8839668693479448,cutoff
S3_gaming,111,5,1008110005,3.234386915956289,0.8886709625810849,cutoff
S3_gaming,111,6,1008110006,3.231540045361376,0.8926353046451069,cutoff
S3_gaming,111,7,1008110007,3.2314201914097187,0.8899565856308967,cutoff
S3_gaming,112,0,1008120000,2.921139259825548,0.8491252055571189,cutoff
S3_gaming,112,1,1008120001,2.9211339608022104,0.8491090556526684,cutoff
S3_gaming,112,2,1008120002,2.9190802618460734,0.8492751048191811,cutoff
S3_gaming,112,3,1008120003,2.9176169296894807,0.8490268670650266,cutoff
S3_gaming,112,4,1008120004,2.920640179385357,0.8490368062012605,cutoff
S3_gaming,112,5,1008120005,2.9200881109656045,0.8489266624349584,cutoff
S3_gaming,112,6,1008120006,2.919001035690792,0.8407119678413889,cutoff
S3_gaming,112,7,1008120007,2.9190203471462772,0.8407745024128148,cutoff
S3_gaming,113,0,1008130000,4.37759155824908,0.8924214416753035,cutoff
S3_gaming,113,1,1008130001,4.377149777579906,0.8973419109318242,cutoff
S3_gaming,113,2,1008130002,4.378631698920681,0.89782865856844,cutoff
S3_gaming,113,3,1008130003,4.378501127884143,0.8924984518746842,cutoff
S3_gaming,113,4,1008130004,4.38022732889313,0.8899838923853634,cutoff
S3_gaming,113,5,1008130005,4.3757989959987595,0.8975529791086128,cutoff
S3_gaming,113,6,1008130006,4.38207874122354,0.898898093750115,cutoff
S3_gaming,113,7,1008130007,4.377777777777778,0.8880869456940371,cutoff
S3_gaming,114,0,1008140000,2.7194444444444446,0.882266635342559,soc_min
S3_gaming,114,1,1008140001,2.7222222222222223,0.8838248144832851,soc_min
S3_gaming,114,2,1008140002,2.725,0.882994474186035,soc_min
S3_gaming,114,3,1008140003,2.7222222222222223,0.8832188867881618,soc_min
S3_gaming,114,4,1008140004,2.7222222222222223,0.883822016146344,soc_min
S3_gaming,114,5,1008140005,2.725,0.8842903439224468,soc_min
S3_gaming,114,6,1008140006,2.725,0.8826713604519518,soc_min
S3_gaming,114,7,1008140007,2.725,0.8829353142488268,soc_min
S3_gaming,115,0,1008150000,3.3161531723168167,0.8990116070826734,cutoff
S3_gaming,115,1,1008150001,3.3194926573681083,0.8987011511990147,cutoff
S3_gaming,115,2,1008150002,3.3155761313413206,0.8875917364845213,cutoff
S3_gaming,115,3,1008150003,3.309775085553104,0.8863580200618283,cutoff
S3_gaming,115,4,1008150004,3.312098849625239,0.8924476888586782,cutoff
S3_gaming,115,5,1008150005,3.314160372996007,0.8910102513135151,cutoff
S3_gaming,115,6,1008150006,3.313466330033081,0.8970434698548223,cutoff
S3_gaming,115,7,1008150007,3.313477915996918,0.895790553522426,cutoff
S3_gaming,116,0,1008160000,2.4272976803297923,0.8760191814449357,cutoff
S3_gaming,116,1,1008160001,2.4285971385549914,0.8757849324140583,cutoff
S3_gaming,116,2,1008160002,2.4303320559303256,0.8760659983263405,cutoff
S3_gaming,116,3,1008160003,2.4269222577299656,0.8759629287607776,cutoff
S3_gaming,116,4,1008160004,2.4288777471002057,0.8758066553770711,cutoff
S3_gaming,116,5,1008160005,2.4277182064555176,0.8761289718480166,cutoff
S3_gaming,116,6,1008160006,2.4274210135400063,0.876051656084854,cutoff
S3_gaming,116,7,1008160007,2.4288793778667386,0.875806104738964,cutoff
S3_gaming,117,0,1008170000,2.5388888888888888,0.9069337082165899,soc_min
S3_gaming,117,1,1008170001,2.533333333333333,0.9066795761870922,soc_min
S3_gaming,117,2,1008170002,2.55,0.9108518699594359,soc_min
S3_gaming,117,3,1008170003,2.5416666666666665,0.9069892874767879,soc_min
S3_gaming,117,4,1008170004,2.5416666666666665,0.9060268926903218,soc_min
S3_gaming,117,5,1008170005,2.5444444444444443,0.9086577039307033,soc_min
S3_gaming,117,6,1008170006,2.5444444444444443,0.9060247315431107,soc_min
S3_gaming,117,7,1008170007,2.5444444444444443,0.9074417133138798,soc_min
S3_gaming,118,0,1008180000,3.5743454047106646,0.9161036857470349,cutoff
S3_gaming,118,1,1008180001,3.5752225694653057,0.9159174419104277,cutoff
S3_gaming,118,2,1008180002,3.5787368653886724,0.9159826262015387,cutoff
S3_gaming,118,3,1008180003,3.5744999465879075,0.9161151415361655,cutoff
S3_gaming,118,4,1008180004,3.5758202226130824,0.9159697695679999,cutoff
S3_gaming,118,5,1008180005,3.577426574873101,0.9161349879123045,cutoff
S3_gaming,118,6,1008180006,3.5756685769605205,0.9147395954038118,cutoff
S3_gaming,118,7,1008180007,3.576103855572455,0.9160038724714838,cutoff
S3_gaming,119,0,1008190000,2.579460362818727,0.8600586318881299,cutoff
S3_gaming,119,1,1008190001,2.5785755092182363,0.8602248276323533,cutoff
S3_gaming,119,2,1008190002,2.5755015264985817,0.8619802914716672,cutoff
S3_gaming,119,3,1008190003,2.577856662228318,0.8629077190868685,cutoff
S3_gaming,119,4,1008190004,2.5754945087806562,0.8620193637603136,cutoff
S3_gaming,119,5,1008190005,2.5776790759808854,0.8601442097779199,cutoff
S3_gaming,119,6,1008190006,2.576535340187491,0.8619803465074677,cutoff
S3_gaming,119,7,1008190007,2.577839215638928,0.8638776567229208,cutoff
S3_gaming,120,0,1008200000,2.623506025009225,0.8433709031176644,cutoff
S3_gaming,120,1,1008200001,2.6264762742750096,0.8378210356922269,cutoff
S3_gaming,120,2,1008200002,2.623213956816098,0.8475365457365314,cutoff
S3_gaming,120,3,1008200003,2.613888888888889,0.8322367896377205,cutoff
S3_gaming,120,4,1008200004,2.6192529257901453,0.8363530298954952,cutoff
S3_gaming,120,5,1008200005,2.6193141619476066,0.8437452217869009,cutoff
S3_gaming,120,6,1008200006,2.620222699254493,0.844150891082166,cutoff
S3_gaming,120,7,1008200007,2.6195809565826442,0.8439886534055592,cutoff
S3_gaming,121,0,1008210000,2.465953349467103,0.8806363687146882,cutoff
S3_gaming,121,1,1008210001,2.4638256763937583,0.8822289523006039,cutoff
S3_gaming,121,2,1008210002,2.464894486121348,0.8796633859749464,cutoff
S3_gaming,121,3,1008210003,2.4645406669484076,0.879011373580049,cutoff
S3_gaming,121,4,1008210004,2.465596131149226,0.8812698452522836,cutoff
S3_gaming,121,5,1008210005,2.4648849482894084,0.8819495172477252,cutoff
S3_gaming,121,6,1008210006,2.4655632525735247,0.8809516076091011,cutoff
S3_gaming,121,7,1008210007,2.465592666614514,0.8820634964140854,cutoff
S3_gaming,122,0,1008220000,2.958355384240562,0.9161296909965941,cutoff
S3_gaming,122,1,1008220001,2.962129342185717,0.9162046422182811,cutoff
S3_gaming,122,2,1008220002,2.9629926858529747,0.9178767624312316,cutoff
S3_gaming,122,3,1008220003,2.958919664901279,0.9162535922720686,cutoff
S3_gaming,122,4,1008220004,2.9609611627320542,0.9157704823695885,cutoff
S3_gaming,122,5,1008220005,2.9587712347583532,0.9099849342229245,cutoff
S3_gaming,122,6,1008220006,2.9590976305311822,0.9174001768482859,cutoff
S3_gaming,122,7,1008220007,2.9611365426024068,0.9176855367087065,cutoff
S3_gaming,123,0,1008230000,4.234748530905008,0.8962623633255309,cutoff
S3_gaming,123,1,1008230001,4.233746095008642,0.8844612171505367,cutoff
S3_gaming,123,2,1008230002,4.229046236897829,0.8850503527492778,cutoff
S3_gaming,123,3,1008230003,4.222208326268884,0.8834901593866503,cutoff
S3_gaming,123,4,1008230004,4.23750773481518,0.8927094843849457,cutoff
S3_gaming,123,5,1008230005,4.22657785126708,0.8970697402694812,cutoff
S3_gaming,123,6,1008230006,4.234239667427195,0.8965783748824419,cutoff
S3_gaming,123,7,1008230007,4.230252775398396,0.8946577466188536,cutoff
S3_gaming,124,0,1008240000,2.412979438801394,0.8077234349814972,cutoff
S3_gaming,124,1,1008240001,2.413049989054383,0.8044930560978549,cutoff
S3_gaming,124,2,1008240002,2.413751855226019,0.8095053737876264,cutoff
S3_gaming,124,3,1008240003,2.4152230016645437,0.811278472559208,cutoff
S3_gaming,124,4,1008240004,2.4158841510406956,0.802274561323239,cutoff
S3_gaming,124,5,1008240005,2.4166896242976845,0.8144440227885199,cutoff
S3_gaming,124,6,1008240006,2.416700686791643,0.8074345265430302,cutoff
S3_gaming,124,7,1008240007,2.417429628866523,0.8100844232498856,cutoff
S3_gaming,125,0,1008250000,4.479814903392798,0.92704790607571,cutoff
S3_gaming,125,1,1008250001,4.478898101493982,0.9202205694732398,cutoff
S3_gaming,125,2,1008250002,4.471178353806001,0.9269517624332353,cutoff
S3_gaming,125,3,1008250003,4.480274266257159,0.9286997015698762,cutoff
S3_gaming,125,4,1008250004,4.470384965635448,0.9196951114291436,cutoff
S3_gaming,125,5,1008250005,4.469444444444444,0.9192209690790862,cutoff
S3_gaming,125,6,1008250006,4.471584957165016,0.9290322332499269,cutoff
S3_gaming,125,7,1008250007,4.4740241765710795,0.9227186040413194,cutoff
S3_gaming,126,0,1008260000,3.7312088504079397,0.9021263443484967,cutoff
S3_gaming,126,1,1008260001,3.7422596966386976,0.8958819972345252,cutoff
S3_gaming,126,2,1008260002,3.7275675695587958,0.8954587263861988,cutoff
S3_gaming,126,3,1008260003,3.718560414409555,0.9030055213641065,cutoff
S3_gaming,126,4,1008260004,3.722634220195165,0.9024673048596218,cutoff
S3_gaming,126,5,1008260005,3.721755358650214,0.9013852762740902,cutoff
S3_gaming,126,6,1008260006,3.734802083766352,0.8964991992311999,cutoff
S3_gaming,126,7,1008260007,3.72380149388709,0.8998905012955158,cutoff
S3_gaming,127,0,1008270000,3.942290927175941,0.9201796215168034,cutoff
S3_gaming,127,1,1008270001,3.9429043705333284,0.9255299784399079,cutoff
S3_gaming,127,2,1008270002,3.9423322990463308,0.9254865428415291,cutoff
S3_gaming,127,3,1008270003,3.9465952413020253,0.9255936693568674,cutoff
S3_gaming,127,4,1008270004,3.942273738592748,0.9199580848450472,cutoff
S3_gaming,127,5,1008270005,3.943188165603126,0.9255528903430105,cutoff
S3_gaming,127,6,1008270006,3.9406339902080783,0.9255864605055023,cutoff
S3_gaming,127,7,1008270007,3.9436139122854734,0.9255835394311224,cutoff
S3_gaming,128,0,1008280000,3.435581882042009,0.889923681970558,cutoff
S3_gaming,128,1,1008280001,3.4368994356263394,0.8897541279531412,cutoff
S3_gaming,128,2,1008280002,3.4380758598861463,0.8886419702703784,cutoff
S3_gaming,128,3,1008280003,3.436267561089246,0.8894885971142704,cutoff
S3_gaming,128,4,1008280004,3.4353282876799716,0.8898933000817358,cutoff
S3_gaming,128,5,1008280005,3.4348960681770335,0.8898412598253558,cutoff
S3_gaming,128,6,1008280006,3.434180539764661,0.882121181158544,cutoff
S3_gaming,128,7,1008280007,3.4355985567912426,0.8883977405593838,cutoff
S3_gaming,129,0,1008290000,2.6083333333333334,0.8664119716238873,cutoff
S3_gaming,129,1,1008290001,2.6078964678566603,0.8674053005800635,cutoff
S3_gaming,129,2,1008290002,2.6149192390853915,0.8738711393893646,cutoff
S3_gaming,129,3,1008290003,2.6121170044154742,0.8752962082053206,cutoff
S3_gaming,129,4,1008290004,2.611189814216114,0.8763753594949988,cutoff
S3_gaming,129,5,1008290005,2.6098007662463796,0.8698991302585957,cutoff
S3_gaming,129,6,1008290006,2.6093068743461654,0.8697896927769392,cutoff
S3_gaming,129,7,1008290007,2.6105855458513334,0.8687477449228093,cutoff
S3_gaming,130,0,1008300000,3.1842472734371023,0.8660846260558072,cutoff
S3_gaming,130,1,1008300001,3.19123426657056,0.8825915096399746,cutoff
S3_gaming,130,2,1008300002,3.1860338183403227,0.881604868360533,cutoff
S3_gaming,130,3,1008300003,3.1764451898314716,0.8736483322380313,cutoff
S3_gaming,130,4,1008300004,3.161111111111111,0.8627387880465845,cutoff
S3_gaming,130,5,1008300005,3.183371163413895,0.8746299169216161,cutoff
S3_gaming,130,6,1008300006,3.181340123965083,0.8842283346643959,cutoff
S3_gaming,130,7,1008300007,3.1831711271805716,0.8709398775978573,cutoff
S3_gaming,131,0,1008310000,2.940879397786882,0.8921249776009434,cutoff
S3_gaming,131,1,1008310001,2.9390575998021222,0.8968461070225561,cutoff
S3_gaming,131,2,1008310002,2.936111111111111,0.8898496716546453,cutoff
S3_gaming,131,3,1008310003,2.935554614468579,0.8992602840071051,cutoff
S3_gaming,131,4,1008310004,2.941140852159266,0.8995009471794346,cutoff
S3_gaming,131,5,1008310005,2.934500035281905,0.8993789510804536,cutoff
S3_gaming,131,6,1008310006,2.9376031349454967,0.8901407268655411,cutoff
S3_gaming,131,7,1008310007,2.9372957661736616,0.8940241402673759,cutoff
S3_gaming,132,0,1008320000,4.397794557892744,0.888466486198339,cutoff
S3_gaming,132,1,1008320001,4.383043745587159,0.8906794500979796,cutoff
S3_gaming,132,2,1008320002,4.390857516650588,0.891040512684396,cutoff
S3_gaming,132,3,1008320003,4.389120812591835,0.8912633838228079,cutoff
S3_gaming,132,4,1008320004,4.384581084075024,0.883608171933083,cutoff
S3_gaming,132,5,1008320005,4.384215224725726,0.8909435031030614,cutoff
S3_gaming,132,6,1008320006,4.3812994886801295,0.8903206238800027,cutoff
S3_gaming,132,7,1008320007,4.39258250515116,0.8912550689046539,cutoff
S3_gaming,133,0,1008330000,3.85469957627268,0.9140542838227335,cutoff
S3_gaming,133,1,1008330001,3.850184727200202,0.9141335234661506,cutoff
S3_gaming,133,2,1008330002,3.852758897384639,0.9092641157552651,cutoff
S3_gaming,133,3,1008330003,3.856212508129406,0.9105344511561759,cutoff
S3_gaming,133,4,1008330004,3.8501988023857816,0.9116290580783819,cutoff
S3_gaming,133,5,1008330005,3.8536130741945387,0.912610411530225,cutoff
S3_gaming,133,6,1008330006,3.841374781068715,0.905938845541228,cutoff
S3_gaming,133,7,1008330007,3.8597140198369426,0.9139884495602272,cutoff
S3_gaming,134,0,1008340000,3.162010207740453,0.916749878858132,cutoff
S3_gaming,134,1,1008340001,3.1633397027666645,0.9181775601468908,cutoff
S3_gaming,134,2,1008340002,3.1606247845405555,0.918014954734704,cutoff
S3_gaming,134,3,1008340003,3.1595517865417366,0.919084345669533,cutoff
S3_gaming,134,4,1008340004,3.162748712186314,0.9197914904313721,cutoff
S3_gaming,134,5,1008340005,3.166888800221688,0.9180553770591996,cutoff
S3_gaming,134,6,1008340006,3.158333333333333,0.9122137147147961,cutoff
S3_gaming,134,7,1008340007,3.160840786887405,0.9139030584093405,cutoff
S3_gaming,135,0,1008350000,2.5723513329309644,0.8722259650284089,cutoff
S3_gaming,135,1,1008350001,2.5663758015938076,0.8712543906389425,cutoff
S3_gaming,135,2,1008350002,2.57027233714409,0.8672909746890293,cutoff
S3_gaming,135,3,1008350003,2.5690179844917798,0.8620303739424285,cutoff
S3_gaming,135,4,1008350004,2.577215521922909,0.8719259465358052,cutoff
S3_gaming,135,5,1008350005,2.574606756665859,0.8635917187127671,cutoff
S3_gaming,135,6,1008350006,2.5752606909947,0.8728214253539638,cutoff
S3_gaming,135,7,1008350007,2.5729577265225267,0.8674101352092651,cutoff
S3_gaming,136,0,1008360000,3.313557608643646,0.9123583371276461,cutoff
S3_gaming,136,1,1008360001,3.314857997000075,0.9121798447764994,cutoff
S3_gaming,136,2,1008360002,3.311375837348061,0.9118312881749799,cutoff
S3_gaming,136,3,1008360003,3.310460756917241,0.9159097865951636,cutoff
S3_gaming,136,4,1008360004,3.311111111111111,0.908694977630539,cutoff
S3_gaming,136,5,1008360005,3.311623916300314,0.9157371754740317,cutoff
S3_gaming,136,6,1008360006,3.3100838565219837,0.914181489332304,cutoff
S3_gaming,136,7,1008360007,3.30878072762491,0.9157623155992981,cutoff
S3_gaming,137,0,1008370000,3.68161077071738,0.9039230963505833,cutoff
S3_gaming,137,1,1008370001,3.6818632045442503,0.9081930978143234,cutoff
S3_gaming,137,2,1008370002,3.6817113142643607,0.9081762691564744,cutoff
S3_gaming,137,3,1008370003,3.682267262935499,0.9082310056468014,cutoff
S3_gaming,137,4,1008370004,3.68307848545761,0.9083128356455412,cutoff
S3_gaming,137,5,1008370005,3.6822005611909314,0.90426670204951,cutoff
S3_gaming,137,6,1008370006,3.6814634024229163,0.9081675894400278,cutoff
S3_gaming,137,7,1008370007,3.6823671356970706,0.907956635460208,cutoff
S3_gaming,138,0,1008380000,2.7294429372926827,0.8820018120082537,cutoff
S3_gaming,138,1,1008380001,2.7297678267221683,0.8790952076214262,cutoff
S3_gaming,138,2,1008380002,2.7290829842276074,0.8785004172364532,cutoff
S3_gaming,138,3,1008380003,2.7305555555555556,0.8654994472205264,cutoff
S3_gaming,138,4,1008380004,2.7301689268247094,0.8800027978519956,cutoff
S3_gaming,138,5,1008380005,2.7321726324768485,0.8759757011913054,cutoff
S3_gaming,138,6,1008380006,2.724654807521795,0.8665608906400507,cutoff
S3_gaming,138,7,1008380007,2.7371560803745174,0.8701854533398766,cutoff
S3_gaming,139,0,1008390000,3.0944444444444446,0.8827131857800199,soc_min
S3_gaming,139,1,1008390001,3.0944444444444446,0.88163355605556,soc_min
S3_gaming,139,2,1008390002,3.0944444444444446,0.8826878045318971,soc_min
S3_gaming,139,3,1008390003,3.0944444444444446,0.8824614751478383,soc_min
S3_gaming,139,4,1008390004,3.0944444444444446,0.8817923761932631,soc_min
S3_gaming,139,5,1008390005,3.0944444444444446,0.8820356472381208,soc_min
S3_gaming,139,6,1008390006,3.0972222222222223,0.8836132011557989,soc_min
S3_gaming,139,7,1008390007,3.0944444444444446,0.8826455770371504,soc_min
S3_gaming,140,0,1008400000,3.3141478976442147,0.8914109478888016,cutoff
S3_gaming,140,1,1008400001,3.320594631467784,0.9032512832594749,cutoff
S3_gaming,140,2,1008400002,3.317737889596384,0.8993059191127963,cutoff
S3_gaming,140,3,1008400003,3.3131269485574144,0.8925968799555085,cutoff
S3_gaming,140,4,1008400004,3.3161174066298953,0.8918055037635993,cutoff
S3_gaming,140,5,1008400005,3.3184237598910995,0.9022362215371549,cutoff
S3_gaming,140,6,1008400006,3.323814849031826,0.8959696786324596,cutoff
S3_gaming,140,7,1008400007,3.3046592740762604,0.9020894801772662,cutoff
S3_gaming,141,0,1008410000,3.1851616561338325,0.8924892294841158,cutoff
S3_gaming,141,1,1008410001,3.180440871440861,0.8847071161449784,cutoff
S3_gaming,141,2,1008410002,3.1846722803706684,0.8912300281596836,cutoff
S3_gaming,141,3,1008410003,3.184654811974221,0.892436868384095,cutoff
S3_gaming,141,4,1008410004,3.184895527664623,0.8897510396913689,cutoff
S3_gaming,141,5,1008410005,3.1864804362271233,0.8923191747867834,cutoff
S3_gaming,141,6,1008410006,3.1817568006314527,0.8907141038309403,cutoff
S3_gaming,141,7,1008410007,3.1830685094235154,0.8902182307718997,cutoff
S3_gaming,142,0,1008420000,3.066666666666667,0.8738729423913575,soc_min
S3_gaming,142,1,1008420001,3.063888888888889,0.8737314168553613,soc_min
S3_gaming,142,2,1008420002,3.066666666666667,0.8739138593339244,soc_min
S3_gaming,142,3,1008420003,3.063888888888889,0.8755351888225854,soc_min
S3_gaming,142,4,1008420004,3.063888888888889,0.8748084905665443,soc_min
S3_gaming,142,5,1008420005,3.063888888888889,0.8745518195109764,soc_min
S3_gaming,142,6,1008420006,3.061111111111111,0.8736960071289902,soc_min
S3_gaming,142,7,1008420007,3.063888888888889,0.873887700073663,soc_min
S3_gaming,143,0,1008430000,3.6525464834464367,0.886191269593574,cutoff
S3_gaming,143,1,1008430001,3.655455610644349,0.8831933492363253,cutoff
S3_gaming,143,2,1008430002,3.6594373781467495,0.8942836575411085,cutoff
S3_gaming,143,3,1008430003,3.651521659545332,0.8830740874446428,cutoff
S3_gaming,143,4,1008430004,3.6588853651523374,0.8922973039416745,cutoff
S3_gaming,143,5,1008430005,3.6486200468899312,0.884895724599804,cutoff
S3_gaming,143,6,1008430006,3.6525799134038768,0.8912916214194992,cutoff
S3_gaming,143,7,1008430007,3.6545327451588174,0.8914618585902913,cutoff
S3_gaming,144,0,1008440000,2.8982835609096105,0.8691681283007239,cutoff
S3_gaming,144,1,1008440001,2.8997874756010193,0.8585643098631653,cutoff
S3_gaming,144,2,1008440002,2.9024420851447905,0.8662005299357222,cutoff
S3_gaming,144,3,1008440003,2.8990855479692352,0.869270310472161,cutoff
S3_gaming,144,4,1008440004,2.8967165237218744,0.8605327246108737,cutoff
S3_gaming,144,5,1008440005,2.900320539375474,0.8690699004227561,cutoff
S3_gaming,144,6,1008440006,2.8974988361474945,0.8690678374061929,cutoff
S3_gaming,144,7,1008440007,2.8990502953605652,0.8692818794716098,cutoff
S3_gaming,145,0,1008450000,3.239953809515813,0.8806952673583102,cutoff
S3_gaming,145,1,1008450001,3.241443948380836,0.8774977951775604,cutoff
S3_gaming,145,2,1008450002,3.2440188024608063,0.8825391464161401,cutoff
S3_gaming,145,3,1008450003,3.238856143886064,0.8825168745001908,cutoff
S3_gaming,145,4,1008450004,3.2333333333333334,0.8769903698011254,cutoff
S3_gaming,145,5,1008450005,3.2354567011830397,0.8773584127489503,cutoff
S3_gaming,145,6,1008450006,3.237509066382173,0.880381801456832,cutoff
S3_gaming,145,7,1008450007,3.240216501537083,0.8832122291324074,cutoff
S3_gaming,146,0,1008460000,2.233965308204063,0.8659619128835244,cutoff
S3_gaming,146,1,1008460001,2.231988317091904,0.8616564922174305,cutoff
S3_gaming,146,2,1008460002,2.233268150516051,0.8671162823678047,cutoff
S3_gaming,146,3,1008460003,2.2315462211817207,0.8650860903799881,cutoff
S3_gaming,146,4,1008460004,2.2308004356382414,0.863615629803284,cutoff
S3_gaming,146,5,1008460005,2.229706953134511,0.8600087192642387,cutoff
S3_gaming,146,6,1008460006,2.2315310724782162,0.8662365608821039,cutoff
S3_gaming,146,7,1008460007,2.234075758843047,0.8655627573209211,cutoff
S3_gaming,147,0,1008470000,3.3532318504068375,0.8909201355675598,cutoff
S3_gaming,147,1,1008470001,3.352777777777778,0.8835413028602297,cutoff
S3_gaming,147,2,1008470002,3.350372169104597,0.8857130178795171,cutoff
S3_gaming,147,3,1008470003,3.3497207575894516,0.8842824707861987,cutoff
S3_gaming,147,4,1008470004,3.3534177131270195,0.8909335394042638,cutoff
S3_gaming,147,5,1008470005,3.3543447572170955,0.8910288768861843,cutoff
S3_gaming,147,6,1008470006,3.3526656113402535,0.8911833274052366,cutoff
S3_gaming,147,7,1008470007,3.350399944284078,0.8873801395622106,cutoff
S3_gaming,148,0,1008480000,4.15,0.9355682563488139,soc_min
S3_gaming,148,1,1008480001,4.15,0.9356181463634751,soc_min
S3_gaming,148,2,1008480002,4.152777777777778,0.935483672892321,soc_min
S3_gaming,148,3,1008480003,4.15,0.9359894630986765,soc_min
S3_gaming,148,4,1008480004,4.15,0.9359609012350489,soc_min
S3_gaming,148,5,1008480005,4.15,0.9369892210843344,soc_min
S3_gaming,148,6,1008480006,4.15,0.9355215852375515,soc_min
S3_gaming,148,7,1008480007,4.147222222222222,0.935610555746316,soc_min
S3_gaming,149,0,1008490000,2.1502541491258866,0.8755782613304897,cutoff
S3_gaming,149,1,1008490001,2.14619303819831,0.8759286001928421,cutoff
S3_gaming,149,2,1008490002,2.1479891389779255,0.8756701535482903,cutoff
S3_gaming,149,3,1008490003,2.1448221997643477,0.8755565831368622,cutoff
S3_gaming,149,4,1008490004,2.1497988832743498,0.8760852460739241,cutoff
S3_gaming,149,5,1008490005,2.1478895580992,0.8664935181313741,cutoff
S3_gaming,149,6,1008490006,2.1481788400662514,0.8758198871259971,cutoff
S3_gaming,149,7,1008490007,2.1457239194419753,0.875758750722154,cutoff
S3_gaming,150,0,1008500000,2.4306015451766023,0.8562816180959061,cutoff
S3_gaming,150,1,1008500001,2.425,0.8378638299076566,cutoff
S3_gaming,150,2,1008500002,2.4283283757073244,0.8581099464616704,cutoff
S3_gaming,150,3,1008500003,2.42589022641686,0.85927780960493,cutoff
S3_gaming,150,4,1008500004,2.4283066927582118,0.8591311187496913,cutoff
S3_gaming,150,5,1008500005,2.4294713240719017,0.8472153166591874,cutoff
S3_gaming,150,6,1008500006,2.43265282325633,0.854554481659025,cutoff
S3_gaming,150,7,1008500007,2.4286280774275326,0.8596592956559674,cutoff
S3_gaming,151,0,1008510000,2.8614631788325546,0.8728135458301306,cutoff
S3_gaming,151,1,1008510001,2.86373783472361,0.8721781369716232,cutoff
S3_gaming,151,2,1008510002,2.8614472528311627,0.8743428919517516,cutoff
S3_gaming,151,3,1008510003,2.8573957980472846,0.8669755547197592,cutoff
S3_gaming,151,4,1008510004,2.861964968682455,0.8735073037393137,cutoff
S3_gaming,151,5,1008510005,2.861111111111111,0.8647237876940105,cutoff
S3_gaming,151,6,1008510006,2.8640672592003424,0.8715019184975715,cutoff
S3_gaming,151,7,1008510007,2.8635127143404806,0.8747439682849425,cutoff
S3_gaming,152,0,1008520000,2.9941794860311752,0.8882304629516149,cutoff
S3_gaming,152,1,1008520001,2.9847358832245194,0.8881119829118097,cutoff
S3_gaming,152,2,1008520002,2.9890567636082275,0.8879420899140763,cutoff
S3_gaming,152,3,1008520003,2.9893952754928117,0.8879632773065341,cutoff
S3_gaming,152,4,1008520004,2.989139111030229,0.887918221255714,cutoff
S3_gaming,152,5,1008520005,2.9904003083164756,0.88809161894278,cutoff
S3_gaming,152,6,1008520006,2.9862501977539284,0.8788632173417805,cutoff
S3_gaming,152,7,1008520007,2.98935266201406,0.887982180578495,cutoff
S3_gaming,153,0,1008530000,2.2970002384431147,0.8603833381706072,cutoff
S3_gaming,153,1,1008530001,2.2951192774982276,0.8543636108297614,cutoff
S3_gaming,153,2,1008530002,2.2977094578753268,0.8595401543479484,cutoff
S3_gaming,153,3,1008530003,2.2977432132402513,0.8573484503984123,cutoff
S3_gaming,153,4,1008530004,2.296475824259897,0.857648356921424,cutoff
S3_gaming,153,5,1008530005,2.2970857576823303,0.8602747306396874,cutoff
S3_gaming,153,6,1008530006,2.2983404938138197,0.8603687644193718,cutoff
S3_gaming,153,7,1008530007,2.2895772045897025,0.8520362559282454,cutoff
S3_gaming,154,0,1008540000,1.9764212080932109,0.807506946374963,cutoff
S3_gaming,154,1,1008540001,1.9768089517009437,0.8115992725460355,cutoff
S3_gaming,154,2,1008540002,1.9768438094388165,0.8087446049639293,cutoff
S3_gaming,154,3,1008540003,1.9745582768423027,0.8072131100546847,cutoff
S3_gaming,154,4,1008540004,1.979113965131604,0.8103496756955093,cutoff
S3_gaming,154,5,1008540005,1.9822097453230312,0.8067747217505962,cutoff
S3_gaming,154,6,1008540006,1.9806698234946023,0.8093833655093484,cutoff
S3_gaming,154,7,1008540007,1.9748460492533901,0.8116877548506259,cutoff
S3_gaming,155,0,1008550000,3.7687474057159918,0.9237754775244026,cutoff
S3_gaming,155,1,1008550001,3.770898022167265,0.9236770398023395,cutoff
S3_gaming,155,2,1008550002,3.7668487816356055,0.9257933980848293,cutoff
S3_gaming,155,3,1008550003,3.7708992844089226,0.9238589395039546,cutoff
S3_gaming,155,4,1008550004,3.7665582427161866,0.921435547851734,cutoff
S3_gaming,155,5,1008550005,3.7646949670411,0.9251741113459568,cutoff
S3_gaming,155,6,1008550006,3.762239162671831,0.9226605003434796,cutoff
S3_gaming,155,7,1008550007,3.7673013512315903,0.9241287467616032,cutoff
S3_gaming,156,0,1008560000,3.04232005450848,0.9067847887636287,cutoff
S3_gaming,156,1,1008560001,3.04672572209553,0.9135255762244785,cutoff
S3_gaming,156,2,1008560002,3.0389348194262613,0.9085596991009747,cutoff
S3_gaming,156,3,1008560003,3.038147243862413,0.9087703436926152,cutoff
S3_gaming,156,4,1008560004,3.0304755560418877,0.9031091773315018,cutoff
S3_gaming,156,5,1008560005,3.033349887969201,0.9105939309356755,cutoff
S3_gaming,156,6,1008560006,3.0498486786917183,0.9148332930239781,cutoff
S3_gaming,156,7,1008560007,3.043600810996202,0.9095661757955756,cutoff
S3_gaming,157,0,1008570000,3.6430728825648537,0.8784610140987398,cutoff
S3_gaming,157,1,1008570001,3.6418331001661732,0.8782537498862892,cutoff
S3_gaming,157,2,1008570002,3.643622698945547,0.8744642010088278,cutoff
S3_gaming,157,3,1008570003,3.6456059383585884,0.8799432649330329,cutoff
S3_gaming,157,4,1008570004,3.6430661212406745,0.8791780599344344,cutoff
S3_gaming,157,5,1008570005,3.6417782379867485,0.8691222069645996,cutoff
S3_gaming,157,6,1008570006,3.647128242643594,0.8718587490926749,cutoff
S3_gaming,157,7,1008570007,3.6488457971869623,0.8740333306107524,cutoff
S3_gaming,158,0,1008580000,3.275,0.8842497528908843,soc_min
S3_gaming,158,1,1008580001,3.2777777777777777,0.8839612061664731,soc_min
S3_gaming,158,2,1008580002,3.275,0.8838238993513284,soc_min
S3_gaming,158,3,1008580003,3.272222222222222,0.8838076299567563,soc_min
S3_gaming,158,4,1008580004,3.275,0.8836931238514806,soc_min
S3_gaming,158,5,1008580005,3.275,0.884262761874346,soc_min
S3_gaming,158,6,1008580006,3.272222222222222,0.883721872768253,soc_min
S3_gaming,158,7,1008580007,3.275,0.8820243792266441,soc_min
S3_gaming,159,0,1008590000,3.388888888888889,0.8853816889523562,cutoff
S3_gaming,159,1,1008590001,3.396672295247726,0.8961917641529803,cutoff
S3_gaming,159,2,1008590002,3.401830109018325,0.89242086028458,cutoff
S3_gaming,159,3,1008590003,3.3973095484870393,0.8959387659499372,cutoff
S3_gaming,159,4,1008590004,3.396692393831693,0.8900939161622223,cutoff
S3_gaming,159,5,1008590005,3.4029610763590354,0.8961863382480008,cutoff
S3_gaming,159,6,1008590006,3.395526404051741,0.8952337975318523,cutoff
S3_gaming,159,7,1008590007,3.3891013589574817,0.887145483377913,cutoff
S3_gaming,160,0,1008600000,3.8320357718001836,0.9051066221504679,cutoff
S3_gaming,160,1,1008600001,3.8249424000548014,0.9098186678371555,cutoff
S3_gaming,160,2,1008600002,3.815614358927467,0.9058513433029217,cutoff
S3_gaming,160,3,1008600003,3.8282163916634273,0.9046373363644369,cutoff
S3_gaming,160,4,1008600004,3.827777777777778,0.8990438179972728,cutoff
S3_gaming,160,5,1008600005,3.821899778287487,0.9090991024562568,cutoff
S3_gaming,160,6,1008600006,3.830560099946219,0.9003556177468456,cutoff
S3_gaming,160,7,1008600007,3.8246511326060175,0.8995524322868973,cutoff
S3_gaming,161,0,1008610000,2.8805555555555555,0.8667311002092946,soc_min
S3_gaming,161,1,1008610001,2.8805555555555555,0.8658320942658888,soc_min
S3_gaming,161,2,1008610002,2.8777777777777778,0.8644919507499406,soc_min
S3_gaming,161,3,1008610003,2.8777777777777778,0.8627327137431657,soc_min
S3_gaming,161,4,1008610004,2.8777777777777778,0.8611218433744978,soc_min
S3_gaming,161,5,1008610005,2.8805555555555555,0.8668819598422232,soc_min
S3_gaming,161,6,1008610006,2.8777777777777778,0.8633964456100005,soc_min
S3_gaming,161,7,1008610007,2.8777777777777778,0.861834007200095,soc_min
S3_gaming,162,0,1008620000,2.601418544603209,0.864282155802973,cutoff
S3_gaming,162,1,1008620001,2.600375903202104,0.8597004944644178,cutoff
S3_gaming,162,2,1008620002,2.603624038251574,0.8582412892393776,cutoff
S3_gaming,162,3,1008620003,2.6009877064869187,0.8642159137569065,cutoff
S3_gaming,162,4,1008620004,2.5996404252973635,0.8559938695410098,cutoff
S3_gaming,162,5,1008620005,2.602204223211161,0.8644022002367746,cutoff
S3_gaming,162,6,1008620006,2.6036654885710173,0.8641517127317978,cutoff
S3_gaming,162,7,1008620007,2.603179191559604,0.8641048044047217,cutoff
S3_gaming,163,0,1008630000,3.497270558069456,0.9009857234934809,cutoff
S3_gaming,163,1,1008630001,3.495563812717116,0.9059581517217995,cutoff
S3_gaming,163,2,1008630002,3.4930305996417172,0.9036403777587713,cutoff
S3_gaming,163,3,1008630003,3.497665123162392,0.9068714204042673,cutoff
S3_gaming,163,4,1008630004,3.496429620333431,0.9069863112483879,cutoff
S3_gaming,163,5,1008630005,3.4922772439804306,0.9068719176110339,cutoff
S3_gaming,163,6,1008630006,3.4907109667026255,0.8997262832517123,cutoff
S3_gaming,163,7,1008630007,3.496372020231293,0.9014648226364556,cutoff
S3_gaming,164,0,1008640000,2.9344088254899074,0.9047943670724056,cutoff
S3_gaming,164,1,1008640001,2.927140469525926,0.8995767221945885,cutoff
S3_gaming,164,2,1008640002,2.9318055245159154,0.904202951201034,cutoff
S3_gaming,164,3,1008640003,2.92734161004807,0.9048819359016972,cutoff
S3_gaming,164,4,1008640004,2.9241739535635562,0.9046368760942427,cutoff
S3_gaming,164,5,1008640005,2.917963722873244,0.8994613179430107,cutoff
S3_gaming,164,6,1008640006,2.9353217533793057,0.9066040193918863,cutoff
S3_gaming,164,7,1008640007,2.933591973546367,0.9051959291266239,cutoff
S3_gaming,165,0,1008650000,4.26853120393989,0.8813204666160671,cutoff
S3_gaming,165,1,1008650001,4.273566150367005,0.8811862253553431,cutoff
S3_gaming,165,2,1008650002,4.265890918416665,0.873703091624928,cutoff
S3_gaming,165,3,1008650003,4.270912776735556,0.8730599137300487,cutoff
S3_gaming,165,4,1008650004,4.271092740282219,0.8807700537550185,cutoff
S3_gaming,165,5,1008650005,4.267016493319466,0.8787456800620461,cutoff
S3_gaming,165,6,1008650006,4.266812358092031,0.878766890489134,cutoff
S3_gaming,165,7,1008650007,4.2704706025572365,0.8817171959018549,cutoff
S3_gaming,166,0,1008660000,3.013151031925904,0.8930168636395245,cutoff
S3_gaming,166,1,1008660001,3.018305282406335,0.8990171831213017,cutoff
S3_gaming,166,2,1008660002,3.0129286181092905,0.8991966379819901,cutoff
S3_gaming,166,3,1008660003,3.0153970598816078,0.899145596742957,cutoff
S3_gaming,166,4,1008660004,3.0155170374132902,0.8991624776968709,cutoff
S3_gaming,166,5,1008660005,3.0173353320831335,0.8990622338822802,cutoff
S3_gaming,166,6,1008660006,3.017803913453686,0.8990847421531424,cutoff
S3_gaming,166,7,1008660007,3.013583208890461,0.8992623894614421,cutoff
S3_gaming,167,0,1008670000,2.7444444444444445,0.9038235226943392,soc_min
S3_gaming,167,1,1008670001,2.7444444444444445,0.9033987463970928,soc_min
S3_gaming,167,2,1008670002,2.7472222222222222,0.9029868104092522,soc_min
S3_gaming,167,3,1008670003,2.7444444444444445,0.9018239605845874,soc_min
S3_gaming,167,4,1008670004,2.75,0.9026468034645129,soc_min
S3_gaming,167,5,1008670005,2.7472222222222222,0.902685305956381,soc_min
S3_gaming,167,6,1008670006,2.75,0.9026151549733255,soc_min
S3_gaming,167,7,1008670007,2.75,0.9027447103312264,soc_min
S3_gaming,168,0,1008680000,3.049630162045942,0.912798369958583,cutoff
S3_gaming,168,1,1008680001,3.0523690779989012,0.9127814111399616,cutoff
S3_gaming,168,2,1008680002,3.050173880401567,0.9125538979211275,cutoff
S3_gaming,168,3,1008680003,3.0487437907367645,0.9127028862386253,cutoff
S3_gaming,168,4,1008680004,3.047980372492259,0.9088013583234695,cutoff
S3_gaming,168,5,1008680005,3.0514837924010925,0.9126771059134611,cutoff
S3_gaming,168,6,1008680006,3.0507274298236378,0.9122093611970141,cutoff
S3_gaming,168,7,1008680007,3.0463260073505953,0.9073057030347697,cutoff
S3_gaming,169,0,1008690000,2.8057226582292425,0.875202118259508,cutoff
S3_gaming,169,1,1008690001,2.802694391741936,0.8649643761459528,cutoff
S3_gaming,169,2,1008690002,2.801180600481712,0.8707243734993104,cutoff
S3_gaming,169,3,1008690003,2.802472593291817,0.8668251364872259,cutoff
S3_gaming,169,4,1008690004,2.8013853702249394,0.8746065778684348,cutoff
S3_gaming,169,5,1008690005,2.7978110728521024,0.8706316538473542,cutoff
S3_gaming,169,6,1008690006,2.799590406696497,0.8672959260369405,cutoff
S3_gaming,169,7,1008690007,2.8017168459982495,0.8754339038519383,cutoff
S3_gaming,170,0,1008700000,2.8649130772601943,0.8841848538381093,cutoff
S3_gaming,170,1,1008700001,2.862172096221348,0.8814255442891583,cutoff
S3_gaming,170,2,1008700002,2.8581243962214606,0.875534636616955,cutoff
S3_gaming,170,3,1008700003,2.8597109113247985,0.8862099953498752,cutoff
S3_gaming,170,4,1008700004,2.8628505392083072,0.8853084538227677,cutoff
S3_gaming,170,5,1008700005,2.8658819438699807,0.8850219284640577,cutoff
S3_gaming,170,6,1008700006,2.8593749371317547,0.8766711432698058,cutoff
S3_gaming,170,7,1008700007,2.8631659070539093,0.8808317148883046,cutoff
S3_gaming,171,0,1008710000,3.1111092752747243,0.8575663433787548,cutoff
S3_gaming,171,1,1008710001,3.1100248658741068,0.8612223989729171,cutoff
S3_gaming,171,2,1008710002,3.1139414311242612,0.8580334960447182,cutoff
S3_gaming,171,3,1008710003,3.1131310407232164,0.86130307678783,cutoff
S3_gaming,171,4,1008710004,3.111462043293153,0.8610197148235894,cutoff
S3_gaming,171,5,1008710005,3.1127175855111275,0.861213958621149,cutoff
S3_gaming,171,6,1008710006,3.1083333333333334,0.8485908462310284,cutoff
S3_gaming,171,7,1008710007,3.1116439250159686,0.8610447865167634,cutoff
S3_gaming,172,0,1008720000,2.5510640234052144,0.8658767472898659,cutoff
S3_gaming,172,1,1008720001,2.549555973919021,0.8661061229417213,cutoff
S3_gaming,172,2,1008720002,2.5461263015337208,0.8548682416499888,cutoff
S3_gaming,172,3,1008720003,2.545552735468449,0.8658756748705096,cutoff
S3_gaming,172,4,1008720004,2.550570301276011,0.8657985962065922,cutoff
S3_gaming,172,5,1008720005,2.5530557914283833,0.8656823800469959,cutoff
S3_gaming,172,6,1008720006,2.5515275061930267,0.857072296311041,cutoff
S3_gaming,172,7,1008720007,2.5450168179738215,0.865783614200631,cutoff
S3_gaming,173,0,1008730000,2.936111111111111,0.903273540168563,soc_min
S3_gaming,173,1,1008730001,2.936111111111111,0.901814737323574,soc_min
S3_gaming,173,2,1008730002,2.936111111111111,0.9026191584531915,soc_min
S3_gaming,173,3,1008730003,2.936111111111111,0.9024595804362386,soc_min
S3_gaming,173,4,1008730004,2.936111111111111,0.9019300170481283,soc_min
S3_gaming,173,5,1008730005,2.933333333333333,0.9020388443375649,soc_min
S3_gaming,173,6,1008730006,2.936111111111111,0.9023993394517462,soc_min
S3_gaming,173,7,1008730007,2.938888888888889,0.9040042289818302,soc_min
S3_gaming,174,0,1008740000,3.676545674459065,0.8774692197490425,cutoff
S3_gaming,174,1,1008740001,3.6709159350217835,0.8739502393736763,cutoff
S3_gaming,174,2,1008740002,3.6788584188522013,0.8829438874981722,cutoff
S3_gaming,174,3,1008740003,3.6747758505270083,0.8742978267456942,cutoff
S3_gaming,174,4,1008740004,3.671475737796769,0.8755865803214121,cutoff
S3_gaming,174,5,1008740005,3.680964557099221,0.8783389306048761,cutoff
S3_gaming,174,6,1008740006,3.677363580144142,0.8739563927418559,cutoff
S3_gaming,174,7,1008740007,3.6714895161679304,0.8800504285292341,cutoff
S3_gaming,175,0,1008750000,2.2011000050252822,0.8661622741692269,cutoff
S3_gaming,175,1,1008750001,2.2004007958171092,0.8660206384222497,cutoff
S3_gaming,175,2,1008750002,2.2002950266210477,0.8593957694686736,cutoff
S3_gaming,175,3,1008750003,2.1985668050263762,0.8662057267201919,cutoff
S3_gaming,175,4,1008750004,2.200584739033749,0.8660736929882376,cutoff
S3_gaming,175,5,1008750005,2.201097566492071,0.8661504335371133,cutoff
S3_gaming,175,6,1008750006,2.2000606182360474,0.8658791731776267,cutoff
S3_gaming,175,7,1008750007,2.200061031888571,0.8659510195583948,cutoff
S3_gaming,176,0,1008760000,3.0861111111111112,0.8931410854873328,soc_min
S3_gaming,176,1,1008760001,3.0861111111111112,0.8930495061670004,soc_min
S3_gaming,176,2,1008760002,3.0833333333333335,0.8939999183517506,soc_min
S3_gaming,176,3,1008760003,3.0833333333333335,0.8931037018058077,soc_min
S3_gaming,176,4,1008760004,3.0861111111111112,0.8930696465692816,soc_min
S3_gaming,176,5,1008760005,3.0861111111111112,0.8926533321534124,soc_min
S3_gaming,176,6,1008760006,3.0861111111111112,0.8933083874360477,soc_min
S3_gaming,176,7,1008760007,3.0861111111111112,0.8935689308062572,soc_min
S3_gaming,177,0,1008770000,3.577777777777778,0.8873715418843869,soc_min
S3_gaming,177,1,1008770001,3.561111111111111,0.8809491511048774,soc_min
S3_gaming,177,2,1008770002,3.561111111111111,0.8797686274274465,soc_min
S3_gaming,177,3,1008770003,3.563888888888889,0.8789820490612862,soc_min
S3_gaming,177,4,1008770004,3.563888888888889,0.8791851919257223,soc_min
S3_gaming,177,5,1008770005,3.566666666666667,0.8808054919873181,soc_min
S3_gaming,177,6,1008770006,3.558333333333333,0.8803573476514269,soc_min
S3_gaming,177,7,1008770007,3.566666666666667,0.8805791848871686,soc_min
S3_gaming,178,0,1008780000,3.3917171530966415,0.916374425361789,cutoff
S3_gaming,178,1,1008780001,3.394051568609132,0.9205505462474685,cutoff
S3_gaming,178,2,1008780002,3.3999700002878215,0.9182101982454371,cutoff
S3_gaming,178,3,1008780003,3.3984134739928353,0.9234042683960884,cutoff
S3_gaming,178,4,1008780004,3.3940870221381343,0.921709993495154,cutoff
S3_gaming,178,5,1008780005,3.3945310375623023,0.9203084300490576,cutoff
S3_gaming,178,6,1008780006,3.3987183536531558,0.9229185842290158,cutoff
S3_gaming,178,7,1008780007,3.3874853329174024,0.9138744648547689,cutoff
S3_gaming,179,0,1008790000,4.058094174111524,0.897143837591064,cutoff
S3_gaming,179,1,1008790001,4.053764264179978,0.902326520460528,cutoff
S3_gaming,179,2,1008790002,4.054239187989735,0.9024908768693191,cutoff
S3_gaming,179,3,1008790003,4.063718898029643,0.8986559444976556,cutoff
S3_gaming,179,4,1008790004,4.058596342488145,0.9037901138499074,cutoff
S3_gaming,179,5,1008790005,4.06239073982889,0.9025428180743692,cutoff
S3_gaming,179,6,1008790006,4.050474891075181,0.9010880573847252,cutoff
S3_gaming,179,7,1008790007,4.06370898013997,0.9011631697004997,cutoff
S3_gaming,180,0,1008800000,4.106531875792882,0.9088604074582912,cutoff
S3_gaming,180,1,1008800001,4.103495440944091,0.9088145420588736,cutoff
S3_gaming,180,2,1008800002,4.093080938001869,0.9046530565552283,cutoff
S3_gaming,180,3,1008800003,4.098815663446253,0.9088938379433477,cutoff
S3_gaming,180,4,1008800004,4.101222402580395,0.9050327796561457,cutoff
S3_gaming,180,5,1008800005,4.101224021612044,0.9023770365097599,cutoff
S3_gaming,180,6,1008800006,4.093896719285845,0.8969544401953847,cutoff
S3_gaming,180,7,1008800007,4.100150789844429,0.9065560863029973,cutoff
S3_gaming,181,0,1008810000,4.607587503680867,0.9403143481943569,cutoff
S3_gaming,181,1,1008810001,4.603958041334991,0.9333388710963821,cutoff
S3_gaming,181,2,1008810002,4.60963677352646,0.940383758316741,cutoff
S3_gaming,181,3,1008810003,4.604437021504311,0.9359273752621301,cutoff
S3_gaming,181,4,1008810004,4.6062265852370645,0.9364194845075651,cutoff
S3_gaming,181,5,1008810005,4.606845684538009,0.9406412491669575,cutoff
S3_gaming,181,6,1008810006,4.609890154216498,0.9390774326400277,cutoff
S3_gaming,181,7,1008810007,4.605563787536583,0.935017994897992,cutoff
S3_gaming,182,0,1008820000,2.5887143727588167,0.8714364444643897,cutoff
S3_gaming,182,1,1008820001,2.592991917875232,0.8745353805963173,cutoff
S3_gaming,182,2,1008820002,2.585567097359095,0.863332659216611,cutoff
S3_gaming,182,3,1008820003,2.5901699813296006,0.8700958442994964,cutoff
S3_gaming,182,4,1008820004,2.589917024572062,0.8674698462702555,cutoff
S3_gaming,182,5,1008820005,2.5871311516210094,0.8719270303911427,cutoff
S3_gaming,182,6,1008820006,2.5899284288130837,0.8730243298637296,cutoff
S3_gaming,182,7,1008820007,2.5923909371259732,0.8715105883754529,cutoff
S3_gaming,183,0,1008830000,2.092886958315167,0.8650820659980714,cutoff
S3_gaming,183,1,1008830001,2.0950628273981833,0.8670794449643914,cutoff
S3_gaming,183,2,1008830002,2.096615533659632,0.8739140778077822,cutoff
S3_gaming,183,3,1008830003,2.0943460542011354,0.8659257624134942,cutoff
S3_gaming,183,4,1008830004,2.0925909299068004,0.8650320566352875,cutoff
S3_gaming,183,5,1008830005,2.09607813218902,0.873858720795779,cutoff
S3_gaming,183,6,1008830006,2.0982791640007297,0.8690228089435006,cutoff
S3_gaming,183,7,1008830007,2.0950378307102704,0.8735731964329023,cutoff
S3_gaming,184,0,1008840000,3.5388888888888888,0.8909082635106061,soc_min
S3_gaming,184,1,1008840001,3.533333333333333,0.8911201793138313,soc_min
S3_gaming,184,2,1008840002,3.533333333333333,0.8916797791347487,soc_min
S3_gaming,184,3,1008840003,3.5388888888888888,0.8921512754751945,soc_min
S3_gaming,184,4,1008840004,3.5388888888888888,0.8909445526559837,soc_min
S3_gaming,184,5,1008840005,3.536111111111111,0.8906881346461052,soc_min
S3_gaming,184,6,1008840006,3.536111111111111,0.8913953866143896,soc_min
S3_gaming,184,7,1008840007,3.533333333333333,0.8915021661120086,soc_min
S3_gaming,185,0,1008850000,3.694114001649456,0.9058581688448407,cutoff
S3_gaming,185,1,1008850001,3.6952835001109,0.91412480965249,cutoff
S3_gaming,185,2,1008850002,3.696048564940666,0.9116324948728134,cutoff
S3_gaming,185,3,1008850003,3.697200818840134,0.9138149506991599,cutoff
S3_gaming,185,4,1008850004,3.6967866217477723,0.9137916514980143,cutoff
S3_gaming,185,5,1008850005,3.6972062442383558,0.9073370769967912,cutoff
S3_gaming,185,6,1008850006,3.6942268982590893,0.9146434044466657,cutoff
S3_gaming,185,7,1008850007,3.6855576612504617,0.9016302851213163,cutoff
S3_gaming,186,0,1008860000,3.2111111111111112,0.9094577268667324,soc_min
S3_gaming,186,1,1008860001,3.2194444444444446,0.9083851466558279,soc_min
S3_gaming,186,2,1008860002,3.213888888888889,0.9086611922492603,soc_min
S3_gaming,186,3,1008860003,3.2194444444444446,0.9107288456866821,soc_min
S3_gaming,186,4,1008860004,3.2194444444444446,0.9094296440851942,soc_min
S3_gaming,186,5,1008860005,3.2222222222222223,0.9098580814484716,soc_min
S3_gaming,186,6,1008860006,3.216666666666667,0.9084855255655044,soc_min
S3_gaming,186,7,1008860007,3.213888888888889,0.9102375164050719,soc_min
S3_gaming,187,0,1008870000,2.4583333333333335,0.9088494095629287,soc_min
S3_gaming,187,1,1008870001,2.4583333333333335,0.911998046955996,soc_min
S3_gaming,187,2,1008870002,2.4611111111111112,0.9084812123058272,soc_min
S3_gaming,187,3,1008870003,2.4583333333333335,0.9101161207955527,soc_min
S3_gaming,187,4,1008870004,2.4583333333333335,0.9097469208491284,soc_min
S3_gaming,187,5,1008870005,2.4611111111111112,0.9090478242268867,soc_min
S3_gaming,187,6,1008870006,2.4611111111111112,0.9094592533699256,soc_min
S3_gaming,187,7,1008870007,2.4611111111111112,0.9093053340098819,soc_min
S3_gaming,188,0,1008880000,3.017459907899113,0.8723883122150595,cutoff
S3_gaming,188,1,1008880001,3.016931799723554,0.8722874136199009,cutoff
S3_gaming,188,2,1008880002,3.0157546865299367,0.872527429842858,cutoff
S3_gaming,188,3,1008880003,3.0180755261351813,0.8724647531059376,cutoff
S3_gaming,188,4,1008880004,3.015761667007419,0.8725630182088299,cutoff
S3_gaming,188,5,1008880005,3.0151780695059007,0.8724421244660855,cutoff
S3_gaming,188,6,1008880006,3.0192420855342434,0.8726789032156168,cutoff
S3_gaming,188,7,1008880007,3.016579127268987,0.8727002098997031,cutoff
S3_gaming,189,0,1008890000,2.919141447026793,0.8807077546859104,cutoff
S3_gaming,189,1,1008890001,2.917435309677004,0.8805001712023338,cutoff
S3_gaming,189,2,1008890002,2.9183047085713714,0.8783539975004092,cutoff
S3_gaming,189,3,1008890003,2.9158665950868623,0.8791907466772554,cutoff
S3_gaming,189,4,1008890004,2.917436823092805,0.8804881224017372,cutoff
S3_gaming,189,5,1008890005,2.915383414009854,0.8746471404721345,cutoff
S3_gaming,189,6,1008890006,2.921655445733731,0.8720734187906873,cutoff
S3_gaming,189,7,1008890007,2.919907047182136,0.8713951063969804,cutoff
S3_gaming,190,0,1008900000,3.059787722555402,0.8793182170241669,cutoff
S3_gaming,190,1,1008900001,3.0722222222222224,0.8704316140952185,cutoff
S3_gaming,190,2,1008900002,3.0628734074182993,0.8778576768279962,cutoff
S3_gaming,190,3,1008900003,3.0667932983950266,0.8798488713910915,cutoff
S3_gaming,190,4,1008900004,3.0657552102889283,0.8720779904480865,cutoff
S3_gaming,190,5,1008900005,3.066805807973027,0.8826525179110293,cutoff
S3_gaming,190,6,1008900006,3.067044269501425,0.8787439686750091,cutoff
S3_gaming,190,7,1008900007,3.0635759041023967,0.882784115085905,cutoff
S3_gaming,191,0,1008910000,3.027030741978332,0.9079752482820737,cutoff
S3_gaming,191,1,1008910001,3.0282730152500124,0.9077886676779795,cutoff
S3_gaming,191,2,1008910002,3.0263658286768886,0.9049735269706665,cutoff
S3_gaming,191,3,1008910003,3.0272349294023,0.9079818864672609,cutoff
S3_gaming,191,4,1008910004,3.0278559130642297,0.9077327610804578,cutoff
S3_gaming,191,5,1008910005,3.0284761249456493,0.9078041408456725,cutoff
S3_gaming,191,6,1008910006,3.0242237092199344,0.9079654763845818,cutoff
S3_gaming,191,7,1008910007,3.025169034948843,0.9077537197060063,cutoff
S3_gaming,192,0,1008920000,3.4305555555555554,0.9176125799383015,soc_min
S3_gaming,192,1,1008920001,3.4305555555555554,0.9169925101881902,soc_min
S3_gaming,192,2,1008920002,3.4305555555555554,0.91672216800152,soc_min
S3_gaming,192,3,1008920003,3.433333333333333,0.9219335661617222,soc_min
S3_gaming,192,4,1008920004,3.4305555555555554,0.9163481550887448,soc_min
S3_gaming,192,5,1008920005,3.4305555555555554,0.9176908672231747,soc_min
S3_gaming,192,6,1008920006,3.433333333333333,0.9182034026390183,soc_min
S3_gaming,192,7,1008920007,3.436111111111111,0.9160509314462286,soc_min
S3_gaming,193,0,1008930000,2.5093235917811176,0.8821592605886724,cutoff
S3_gaming,193,1,1008930001,2.5083333333333333,0.8722704670264361,cutoff
S3_gaming,193,2,1008930002,2.5078781881649004,0.8751421049564846,cutoff
S3_gaming,193,3,1008930003,2.505977164485267,0.8748254537714011,cutoff
S3_gaming,193,4,1008930004,2.511937165928972,0.8821285535112748,cutoff
S3_gaming,193,5,1008930005,2.507343376926592,0.8822931701587181,cutoff
S3_gaming,193,6,1008930006,2.507396498326455,0.8823157275103464,cutoff
S3_gaming,193,7,1008930007,2.508719906083718,0.8758010538078619,cutoff
S3_gaming,194,0,1008940000,3.2150674772466736,0.8871858276824082,cutoff
S3_gaming,194,1,1008940001,3.220070293903837,0.8969312248441038,cutoff
S3_gaming,194,2,1008940002,3.2183938792438207,0.8981292022336487,cutoff
S3_gaming,194,3,1008940003,3.215049237369797,0.8980088951904495,cutoff
S3_gaming,194,4,1008940004,3.226750826602212,0.8977279246864567,cutoff
S3_gaming,194,5,1008940005,3.2111111111111112,0.8814600787200161,cutoff
S3_gaming,194,6,1008940006,3.2200500263191527,0.8984980272061744,cutoff
S3_gaming,194,7,1008940007,3.209223079293999,0.8889093708574057,cutoff
S3_gaming,195,0,1008950000,2.048889878127802,0.8918199356282964,cutoff
S3_gaming,195,1,1008950001,2.0519867061562698,0.8836605805415544,cutoff
S3_gaming,195,2,1008950002,2.053239771431477,0.893175063462972,cutoff
S3_gaming,195,3,1008950003,2.0521678562985373,0.8924816561647174,cutoff
S3_gaming,195,4,1008950004,2.0548671860242123,0.8934771210830585,cutoff
S3_gaming,195,5,1008950005,2.0543200037585385,0.8933429765778722,cutoff
S3_gaming,195,6,1008950006,2.053780991283866,0.8932529823489085,cutoff
S3_gaming,195,7,1008950007,2.053234872447198,0.893139954463379,cutoff
S3_gaming,196,0,1008960000,3.0936932560668375,0.8834391698091998,cutoff
S3_gaming,196,1,1008960001,3.0962070854412174,0.8860934016113385,cutoff
S3_gaming,196,2,1008960002,3.0897562854921636,0.879947859174118,cutoff
S3_gaming,196,3,1008960003,3.088808761183563,0.8847092208609005,cutoff
S3_gaming,196,4,1008960004,3.0929163062897342,0.8849275479389699,cutoff
S3_gaming,196,5,1008960005,3.0856759792190527,0.8752546680313432,cutoff
S3_gaming,196,6,1008960006,3.0938385483179576,0.8880989491324836,cutoff
S3_gaming,196,7,1008960007,3.090080766436715,0.8760018815365824,cutoff
S3_gaming,197,0,1008970000,3.3516083827280188,0.9072919659819566,cutoff
S3_gaming,197,1,1008970001,3.3542178131662577,0.9072711927495705,cutoff
S3_gaming,197,2,1008970002,3.3524753374904908,0.907383765401899,cutoff
S3_gaming,197,3,1008970003,3.3529183465368355,0.9071341872723581,cutoff
S3_gaming,197,4,1008970004,3.3511766569320423,0.9072492491763592,cutoff
S3_gaming,197,5,1008970005,3.352059721281796,0.9043937167881503,cutoff
S3_gaming,197,6,1008970006,3.3530590721865408,0.9071533178554929,cutoff
S3_gaming,197,7,1008970007,3.3524747170157516,0.9073823007342289,cutoff
S3_gaming,198,0,1008980000,2.6147909112145964,0.9167447266286418,cutoff
S3_gaming,198,1,1008980001,2.6119314879160878,0.9212281044280934,cutoff
S3_gaming,198,2,1008980002,2.61192544838708,0.9212122728596931,cutoff
S3_gaming,198,3,1008980003,2.6137343096166665,0.9214267263501824,cutoff
S3_gaming,198,4,1008980004,2.6156442829791113,0.9213228811837614,cutoff
S3_gaming,198,5,1008980005,2.6116122716407797,0.921203395047577,cutoff
S3_gaming,198,6,1008980006,2.6113621738491535,0.9211709306360586,cutoff
S3_gaming,198,7,1008980007,2.6151125782990854,0.9212609968652611,cutoff
S3_gaming,199,0,1008990000,2.428759709447976,0.8461774103218827,cutoff
S3_gaming,199,1,1008990001,2.4287579667256978,0.8459328185633478,cutoff
S3_gaming,199,2,1008990002,2.426593303921459,0.8462934398206551,cutoff
S3_gaming,199,3,1008990003,2.4232709596310547,0.8341369003168484,cutoff
S3_gaming,199,4,1008990004,2.4256699495328764,0.8346695271506067,cutoff
S3_gaming,199,5,1008990005,2.426803311120603,0.8463288262460406,cutoff
S3_gaming,199,6,1008990006,2.4255378575135995,0.8461281201088594,cutoff
S3_gaming,199,7,1008990007,2.427133564113169,0.8464386331604626,cutoff
S3_gaming,200,0,1009000000,2.3194444444444446,0.8856454368170739,soc_min
S3_gaming,200,1,1009000001,2.3222222222222224,0.884918741482989,soc_min
S3_gaming,200,2,1009000002,2.3222222222222224,0.8846922070648778,soc_min
S3_gaming,200,3,1009000003,2.3222222222222224,0.8858170182704515,soc_min
S3_gaming,200,4,1009000004,2.3222222222222224,0.885056795590932,soc_min
S3_gaming,200,5,1009000005,2.3222222222222224,0.8859117719949269,soc_min
S3_gaming,200,6,1009000006,2.325,0.8928517870067613,soc_min
S3_gaming,200,7,1009000007,2.3222222222222224,0.8865193950655096,soc_min
S3_gaming,201,0,1009010000,4.179619157178024,0.9189708538866929,cutoff
S3_gaming,201,1,1009010001,4.178595620803356,0.9202131611174488,cutoff
S3_gaming,201,2,1009010002,4.174908611549606,0.9195525256333089,cutoff
S3_gaming,201,3,1009010003,4.176578954571726,0.9173887215489515,cutoff
S3_gaming,201,4,1009010004,4.175510779196645,0.9200222708602132,cutoff
S3_gaming,201,5,1009010005,4.175369407984326,0.9161895590029304,cutoff
S3_gaming,201,6,1009010006,4.178394968154673,0.918991785135833,cutoff
S3_gaming,201,7,1009010007,4.176173502273589,0.9192357707348899,cutoff
S3_gaming,202,0,1009020000,3.091666666666667,0.8718940610934469,cutoff
S3_gaming,202,1,1009020001,3.0910504381193036,0.8807348563859995,cutoff
S3_gaming,202,2,1009020002,3.1000846307868697,0.8824241105746556,cutoff
S3_gaming,202,3,1009020003,3.098261095113028,0.8843080442139035,cutoff
S3_gaming,202,4,1009020004,3.098485034964647,0.8830574165184664,cutoff
S3_gaming,202,5,1009020005,3.083329929055855,0.8733793070136237,cutoff
S3_gaming,202,6,1009020006,3.092932817072889,0.8822506164315889,cutoff
S3_gaming,202,7,1009020007,3.097609608983154,0.880372419438646,cutoff
S3_gaming,203,0,1009030000,2.287584326249823,0.8869588655150209,cutoff
S3_gaming,203,1,1009030001,2.2871773678975766,0.8894380291402141,cutoff
S3_gaming,203,2,1009030002,2.289970039237614,0.8882376938795069,cutoff
S3_gaming,203,3,1009030003,2.2864716997864876,0.8892958325444152,cutoff
S3_gaming,203,4,1009030004,2.28946126292055,0.8893515630962998,cutoff
S3_gaming,203,5,1009030005,2.2867121783909474,0.8872402191105936,cutoff
S3_gaming,203,6,1009030006,2.286978324842032,0.8894310446233118,cutoff
S3_gaming,203,7,1009030007,2.288177130872445,0.8896099254366356,cutoff
S3_gaming,204,0,1009040000,2.686111111111111,0.911458759296749,soc_min
S3_gaming,204,1,1009040001,2.683333333333333,0.9057402695960991,soc_min
S3_gaming,204,2,1009040002,2.6805555555555554,0.9065515222864595,soc_min
S3_gaming,204,3,1009040003,2.683333333333333,0.9059319412326173,soc_min
S3_gaming,204,4,1009040004,2.683333333333333,0.9059789355204416,soc_min
S3_gaming,204,5,1009040005,2.683333333333333,0.9063185752026185,soc_min
S3_gaming,204,6,1009040006,2.683333333333333,0.9058934171496051,soc_min
S3_gaming,204,7,1009040007,2.6805555555555554,0.9065185917652667,soc_min
S3_gaming,205,0,1009050000,3.013888888888889,0.8587279657670487,soc_min
S3_gaming,205,1,1009050001,3.0194444444444444,0.8621052730510105,soc_min
S3_gaming,205,2,1009050002,3.013888888888889,0.859584243698243,soc_min
S3_gaming,205,3,1009050003,3.0166666666666666,0.858708511124461,soc_min
S3_gaming,205,4,1009050004,3.0083333333333333,0.8606101608781723,soc_min
S3_gaming,205,5,1009050005,3.013888888888889,0.859899478295049,soc_min
S3_gaming,205,6,1009050006,3.0166666666666666,0.8600375232047855,soc_min
S3_gaming,205,7,1009050007,3.011111111111111,0.8594250390402176,soc_min
S3_gaming,206,0,1009060000,2.7777777777777777,0.9041189690927122,soc_min
S3_gaming,206,1,1009060001,2.775,0.9036897096281081,soc_min
S3_gaming,206,2,1009060002,2.7777777777777777,0.9032880836419133,soc_min
S3_gaming,206,3,1009060003,2.772222222222222,0.9033301212251401,soc_min
S3_gaming,206,4,1009060004,2.772222222222222,0.9035121763976629,soc_min
S3_gaming,206,5,1009060005,2.775,0.9041337022507824,soc_min
S3_gaming,206,6,1009060006,2.772222222222222,0.9035197062764799,soc_min
S3_gaming,206,7,1009060007,2.775,0.9037838340360785,soc_min
S3_gaming,207,0,1009070000,2.1529796531631837,0.8250178624240997,cutoff
S3_gaming,207,1,1009070001,2.153290128048407,0.8285959263943692,cutoff
S3_gaming,207,2,1009070002,2.1530332254870714,0.8312574592869448,cutoff
S3_gaming,207,3,1009070003,2.153031748379295,0.831124842879149,cutoff
S3_gaming,207,4,1009070004,2.1518119880678044,0.8273960642657798,cutoff
S3_gaming,207,5,1009070005,2.153280621213266,0.8321816533927964,cutoff
S3_gaming,207,6,1009070006,2.153028031429935,0.8321161218835801,cutoff
S3_gaming,207,7,1009070007,2.1522690091509946,0.8295287947483928,cutoff
S3_gaming,208,0,1009080000,2.167464639447251,0.8975452401603053,cutoff
S3_gaming,208,1,1009080001,2.170072928249436,0.8978278327383868,cutoff
S3_gaming,208,2,1009080002,2.169418263447675,0.8981405142593064,cutoff
S3_gaming,208,3,1009080003,2.1677240456953633,0.8970598340004081,cutoff
S3_gaming,208,4,1009080004,2.1688458767249883,0.8936119818325867,cutoff
S3_gaming,208,5,1009080005,2.16885945852625,0.8926850351417903,cutoff
S3_gaming,208,6,1009080006,2.168500449667967,0.8980281211042053,cutoff
S3_gaming,208,7,1009080007,2.1700214223559686,0.8977688268159241,cutoff
S3_gaming,209,0,1009090000,3.611111111111111,0.8738611909263866,cutoff
S3_gaming,209,1,1009090001,3.6105268734272316,0.8875366479319601,cutoff
S3_gaming,209,2,1009090002,3.610503518809143,0.8776918880871913,cutoff
S3_gaming,209,3,1009090003,3.616730761325814,0.8874130672119466,cutoff
S3_gaming,209,4,1009090004,3.617629920310477,0.8872582941295761,cutoff
S3_gaming,209,5,1009090005,3.609635556293741,0.8851722989827657,cutoff
S3_gaming,209,6,1009090006,3.6104893124842343,0.8874492663143067,cutoff
S3_gaming,209,7,1009090007,3.616714756859009,0.8893232524979788,cutoff
S3_gaming,210,0,1009100000,4.4262336177955435,0.8864112928049991,cutoff
S3_gaming,210,1,1009100001,4.4329079078550935,0.8928434203346493,cutoff
S3_gaming,210,2,1009100002,4.430523016489322,0.8928584671603295,cutoff
S3_gaming,210,3,1009100003,4.423396996661777,0.8822684893144462,cutoff
S3_gaming,210,4,1009100004,4.432028950484922,0.8891077281845812,cutoff
S3_gaming,210,5,1009100005,4.428056831329672,0.8844221265456655,cutoff
S3_gaming,210,6,1009100006,4.429733082622642,0.8837846225080062,cutoff
S3_gaming,210,7,1009100007,4.4316774652681605,0.8927398345480348,cutoff
S3_gaming,211,0,1009110000,3.793233886494851,0.8899473643033105,cutoff
S3_gaming,211,1,1009110001,3.793155580534669,0.8867486136693067,cutoff
S3_gaming,211,2,1009110002,3.7942965905653527,0.8925170767508842,cutoff
S3_gaming,211,3,1009110003,3.7905657396334917,0.8877358634822363,cutoff
S3_gaming,211,4,1009110004,3.79156186548669,0.8925243365246539,cutoff
S3_gaming,211,5,1009110005,3.792514766964413,0.8913861041369775,cutoff
S3_gaming,211,6,1009110006,3.791850386383169,0.8922659682045513,cutoff
S3_gaming,211,7,1009110007,3.7933985807284274,0.8924175309649951,cutoff
S3_gaming,212,0,1009120000,2.9563251501609478,0.902563711695717,cutoff
S3_gaming,212,1,1009120001,2.957525135251604,0.901947811083224,cutoff
S3_gaming,212,2,1009120002,2.9578091968711497,0.9027423903501918,cutoff
S3_gaming,212,3,1009120003,2.9555555555555557,0.8955842926268958,cutoff
S3_gaming,212,4,1009120004,2.9556734332651557,0.897962641321851,cutoff
S3_gaming,212,5,1009120005,2.9521631913678203,0.8964234451311777,cutoff
S3_gaming,212,6,1009120006,2.9567212977126847,0.9025942762177647,cutoff
S3_gaming,212,7,1009120007,2.9569330002936707,0.9019297983601193,cutoff
S3_gaming,213,0,1009130000,4.485052657584779,0.878050155171334,cutoff
S3_gaming,213,1,1009130001,4.4841248168360055,0.8824930132537923,cutoff
S3_gaming,213,2,1009130002,4.4831327946391015,0.8829178441706736,cutoff
S3_gaming,213,3,1009130003,4.487868856286254,0.8858479071086129,cutoff
S3_gaming,213,4,1009130004,4.48419711538607,0.8776809467532914,cutoff
S3_gaming,213,5,1009130005,4.4830253871482215,0.8757624359122684,cutoff
S3_gaming,213,6,1009130006,4.480555555555555,0.8746698744773699,cutoff
S3_gaming,213,7,1009130007,4.48435715003054,0.8759230501770069,cutoff
S3_gaming,214,0,1009140000,3.0416666666666665,0.8849780446065019,soc_min
S3_gaming,214,1,1009140001,3.0444444444444443,0.8853948180154935,soc_min
S3_gaming,214,2,1009140002,3.0444444444444443,0.8846177952380675,soc_min
S3_gaming,214,3,1009140003,3.0444444444444443,0.8867253999127587,soc_min
S3_gaming,214,4,1009140004,3.0444444444444443,0.8835891731767542,soc_min
S3_gaming,214,5,1009140005,3.047222222222222,0.8849534972685477,soc_min
S3_gaming,214,6,1009140006,3.05,0.8855316386454134,soc_min
S3_gaming,214,7,1009140007,3.0416666666666665,0.8848154707571854,soc_min
S3_gaming,215,0,1009150000,2.793172426426223,0.8443591579497709,cutoff
S3_gaming,215,1,1009150001,2.7947808197180595,0.850403457453677,cutoff
S3_gaming,215,2,1009150002,2.7949855055297297,0.8503927121603735,cutoff
S3_gaming,215,3,1009150003,2.7933911134111833,0.8507160814835811,cutoff
S3_gaming,215,4,1009150004,2.7966970044163464,0.8507844022224114,cutoff
S3_gaming,215,5,1009150005,2.7952210350640025,0.8504844887068184,cutoff
S3_gaming,215,6,1009150006,2.79634375735239,0.8507019034096126,cutoff
S3_gaming,215,7,1009150007,2.7942120356330657,0.8508673080404926,cutoff
S3_gaming,216,0,1009160000,4.075,0.923407349178085,cutoff
S3_gaming,216,1,1009160001,4.080197363329134,0.9246242607049724,cutoff
S3_gaming,216,2,1009160002,4.092516679380235,0.9281125731475838,cutoff
S3_gaming,216,3,1009160003,4.082015746603828,0.9266824552886492,cutoff
S3_gaming,216,4,1009160004,4.0830712570128584,0.9251641827141553,cutoff
S3_gaming,216,5,1009160005,4.094024136477925,0.9283281509207134,cutoff
S3_gaming,216,6,1009160006,4.09906539732621,0.9346272184899872,cutoff
S3_gaming,216,7,1009160007,4.0870239483545605,0.9328985960963321,cutoff
S3_gaming,217,0,1009170000,2.2167951811193274,0.8762258609089189,cutoff
S3_gaming,217,1,1009170001,2.212835341304726,0.8701442700392874,cutoff
S3_gaming,217,2,1009170002,2.209866948617008,0.8671516250924487,cutoff
S3_gaming,217,3,1009170003,2.213624756847215,0.8767045682594581,cutoff
S3_gaming,217,4,1009170004,2.213265651278506,0.870205451357632,cutoff
S3_gaming,217,5,1009170005,2.213015103810734,0.8765850620117903,cutoff
S3_gaming,217,6,1009170006,2.2091874810414693,0.865945547355327,cutoff
S3_gaming,217,7,1009170007,2.2133213057218954,0.8763700798306773,cutoff
S3_gaming,218,0,1009180000,3.1966990160765,0.904936571593489,cutoff
S3_gaming,218,1,1009180001,3.1963907415292683,0.904910782447213,cutoff
S3_gaming,218,2,1009180002,3.1971677606585605,0.9049929356627925,cutoff
S3_gaming,218,3,1009180003,3.1971296872882764,0.9049847530782006,cutoff
S3_gaming,218,4,1009180004,3.1964452113237596,0.901578993887412,cutoff
S3_gaming,218,5,1009180005,3.1971695363459447,0.9049975762232723,cutoff
S3_gaming,218,6,1009180006,3.195887981175868,0.9048471784645002,cutoff
S3_gaming,218,7,1009180007,3.1952314608261823,0.9021063801412915,cutoff
S3_gaming,219,0,1009190000,3.936111111111111,0.9280358497384269,soc_min
S3_gaming,219,1,1009190001,3.933333333333333,0.9266360683919636,soc_min
S3_gaming,219,2,1009190002,3.9277777777777776,0.9269128948367652,soc_min
S3_gaming,219,3,1009190003,3.9305555555555554,0.9269792232451931,soc_min
S3_gaming,219,4,1009190004,3.9277777777777776,0.9266892286486812,soc_min
S3_gaming,219,5,1009190005,3.925,0.9280239994064904,soc_min
S3_gaming,219,6,1009190006,3.933333333333333,0.926854936063719,soc_min
S3_gaming,219,7,1009190007,3.925,0.9273318997124299,soc_min
S3_gaming,220,0,1009200000,3.1029491912768723,0.9196190014129291,cutoff
S3_gaming,220,1,1009200001,3.1007699023340343,0.9207788541533891,cutoff
S3_gaming,220,2,1009200002,3.095637429267234,0.9167178739214036,cutoff
S3_gaming,220,3,1009200003,3.097178488427561,0.9219264189525374,cutoff
S3_gaming,220,4,1009200004,3.099367843368132,0.9164532755809018,cutoff
S3_gaming,220,5,1009200005,3.0991358921669914,0.9155766315562964,cutoff
S3_gaming,220,6,1009200006,3.107563340441574,0.9217537584075652,cutoff
S3_gaming,220,7,1009200007,3.1084265930525543,0.922814282266168,cutoff
S3_gaming,221,0,1009210000,3.59705945045542,0.9186146748172056,cutoff
S3_gaming,221,1,1009210001,3.594745687807767,0.9177123757784672,cutoff
S3_gaming,221,2,1009210002,3.5994084262835204,0.9225424080736403,cutoff
S3_gaming,221,3,1009210003,3.5975662464309486,0.9231745995690919,cutoff
S3_gaming,221,4,1009210004,3.6002656622817004,0.9231813847612763,cutoff
S3_gaming,221,5,1009210005,3.5968212181829697,0.923361935343384,cutoff
S3_gaming,221,6,1009210006,3.5972343984517834,0.9204440962142426,cutoff
S3_gaming,221,7,1009210007,3.5972771050345385,0.9231624196455285,cutoff
S3_gaming,222,0,1009220000,2.691666666666667,0.9169367311677643,soc_min
S3_gaming,222,1,1009220001,2.688888888888889,0.9142029846732912,soc_min
S3_gaming,222,2,1009220002,2.691666666666667,0.914491314366537,soc_min
S3_gaming,222,3,1009220003,2.691666666666667,0.9155027372118676,soc_min
S3_gaming,222,4,1009220004,2.691666666666667,0.9156564097816768,soc_min
S3_gaming,222,5,1009220005,2.688888888888889,0.9140973874187247,soc_min
S3_gaming,222,6,1009220006,2.688888888888889,0.914317532460578,soc_min
S3_gaming,222,7,1009220007,2.688888888888889,0.9141153714222807,soc_min
S3_gaming,223,0,1009230000,2.6799263704314606,0.8794834364106042,cutoff
S3_gaming,223,1,1009230001,2.67693213604834,0.885312515788862,cutoff
S3_gaming,223,2,1009230002,2.6818131872700324,0.8781385147464745,cutoff
S3_gaming,223,3,1009230003,2.681672533430879,0.8855090776180152,cutoff
S3_gaming,223,4,1009230004,2.674327541080721,0.8799116104094163,cutoff
S3_gaming,223,5,1009230005,2.6785536386213757,0.8854616151635996,cutoff
S3_gaming,223,6,1009230006,2.6824940910630692,0.8835287318504667,cutoff
S3_gaming,223,7,1009230007,2.6805242505676703,0.8825959673650053,cutoff
S3_gaming,224,0,1009240000,4.339843676035065,0.8971078216356546,cutoff
S3_gaming,224,1,1009240001,4.3372086907647045,0.8897498849556654,cutoff
S3_gaming,224,2,1009240002,4.338391585997069,0.8972287655331841,cutoff
S3_gaming,224,3,1009240003,4.339868622271537,0.8933963888516887,cutoff
S3_gaming,224,4,1009240004,4.342414625955424,0.8951158769342179,cutoff
S3_gaming,224,5,1009240005,4.340574398389455,0.8901272782028493,cutoff
S3_gaming,224,6,1009240006,4.342117189374834,0.8905105564842324,cutoff
S3_gaming,224,7,1009240007,4.34181668530754,0.8915168773702662,cutoff
S3_gaming,225,0,1009250000,3.03361283463944,0.8831190366275637,cutoff
S3_gaming,225,1,1009250001,3.033815425777273,0.8831811015984499,cutoff
S3_gaming,225,2,1009250002,3.0328730717088477,0.8834466615021915,cutoff
S3_gaming,225,3,1009250003,3.02617393711631,0.8759870040191239,cutoff
S3_gaming,225,4,1009250004,3.028780274560062,0.8760037383475617,cutoff
S3_gaming,225,5,1009250005,3.0339909645544827,0.8822592032247313,cutoff
S3_gaming,225,6,1009250006,3.032564554220338,0.8833658169709141,cutoff
S3_gaming,225,7,1009250007,3.030197126836815,0.8834786301865349,cutoff
S3_gaming,226,0,1009260000,3.449843663359517,0.9193984250569962,cutoff
S3_gaming,226,1,1009260001,3.4479033019254084,0.9196888234564928,cutoff
S3_gaming,226,2,1009260002,3.4454181628588834,0.9203902287981257,cutoff
S3_gaming,226,3,1009260003,3.4488091674952974,0.9103551194336601,cutoff
S3_gaming,226,4,1009260004,3.443072564210679,0.9186123426220595,cutoff
S3_gaming,226,5,1009260005,3.4444686392569626,0.9187265904877329,cutoff
S3_gaming,226,6,1009260006,3.4488126445672638,0.9222897965030481,cutoff
S3_gaming,226,7,1009260007,3.4527480683748735,0.92046645001372,cutoff
S3_gaming,227,0,1009270000,3.0083333333333333,0.905169418828738,soc_min
S3_gaming,227,1,1009270001,3.011111111111111,0.905468604994452,soc_min
S3_gaming,227,2,1009270002,3.011111111111111,0.9050167018986992,soc_min
S3_gaming,227,3,1009270003,3.013888888888889,0.904616845589345,soc_min
S3_gaming,227,4,1009270004,3.011111111111111,0.9074865683562775,soc_min
S3_gaming,227,5,1009270005,3.0083333333333333,0.9053602883740868,soc_min
S3_gaming,227,6,1009270006,3.0083333333333333,0.9062491722927255,soc_min
S3_gaming,227,7,1009270007,3.0083333333333333,0.9055914801485745,soc_min
S3_gaming,228,0,1009280000,3.1416666666666666,0.9200311349672603,soc_min
S3_gaming,228,1,1009280001,3.147222222222222,0.9205566996367768,soc_min
S3_gaming,228,2,1009280002,3.147222222222222,0.9197216305913456,soc_min
S3_gaming,228,3,1009280003,3.1444444444444444,0.9189286578796307,soc_min
S3_gaming,228,4,1009280004,3.1444444444444444,0.9209566922634063,soc_min
S3_gaming,228,5,1009280005,3.15,0.919388913406728,soc_min
S3_gaming,228,6,1009280006,3.147222222222222,0.9196074400958498,soc_min
S3_gaming,228,7,1009280007,3.15,0.9238534615582924,soc_min
S3_gaming,229,0,1009290000,3.4174516419171153,0.8919295973357668,cutoff
S3_gaming,229,1,1009290001,3.417963242882605,0.8947374659033378,cutoff
S3_gaming,229,2,1009290002,3.4216175815249694,0.8958219239048083,cutoff
S3_gaming,229,3,1009290003,3.4189921962793064,0.8958373467833112,cutoff
S3_gaming,229,4,1009290004,3.423190785532917,0.8955767885422534,cutoff
S3_gaming,229,5,1009290005,3.4221545406784046,0.8941157988384554,cutoff
S3_gaming,229,6,1009290006,3.4202474244959733,0.8869846814080643,cutoff
S3_gaming,229,7,1009290007,3.4189528967325127,0.8949865831046094,cutoff
S3_gaming,230,0,1009300000,3.2593178319100624,0.9015378701435804,cutoff
S3_gaming,230,1,1009300001,3.2555555555555555,0.8917761560459057,cutoff
S3_gaming,230,2,1009300002,3.261790236036607,0.9024101001440477,cutoff
S3_gaming,230,3,1009300003,3.2567842424591573,0.9010235240766509,cutoff
S3_gaming,230,4,1009300004,3.255253872629353,0.9032260530001021,cutoff
S3_gaming,230,5,1009300005,3.2548290709222996,0.8944518130563158,cutoff
S3_gaming,230,6,1009300006,3.2567239075281877,0.9030668080331291,cutoff
S3_gaming,230,7,1009300007,3.260832068632678,0.9024299125830855,cutoff
S3_gaming,231,0,1009310000,4.133710726883958,0.9255751299566758,cutoff
S3_gaming,231,1,1009310001,4.125906995206219,0.9233055075365806,cutoff
S3_gaming,231,2,1009310002,4.129589514321078,0.9226638189249782,cutoff
S3_gaming,231,3,1009310003,4.1288970513004175,0.921803985491191,cutoff
S3_gaming,231,4,1009310004,4.123009083244346,0.9215531610157359,cutoff
S3_gaming,231,5,1009310005,4.124654355910985,0.9218917561297191,cutoff
S3_gaming,231,6,1009310006,4.125099196662138,0.9238400725256389,cutoff
S3_gaming,231,7,1009310007,4.135551884616453,0.9212870130477857,cutoff
S3_gaming,232,0,1009320000,3.158333333333333,0.8952038983130733,soc_min
S3_gaming,232,1,1009320001,3.1444444444444444,0.8939505654005523,soc_min
S3_gaming,232,2,1009320002,3.161111111111111,0.8947056169069956,soc_min
S3_gaming,232,3,1009320003,3.161111111111111,0.8936729788909981,soc_min
S3_gaming,232,4,1009320004,3.1527777777777777,0.8945705391240092,soc_min
S3_gaming,232,5,1009320005,3.1555555555555554,0.8939222610667668,soc_min
S3_gaming,232,6,1009320006,3.147222222222222,0.8945011504571145,soc_min
S3_gaming,232,7,1009320007,3.1638888888888888,0.8936252298509498,soc_min
S3_gaming,233,0,1009330000,4.530686229259221,0.9427002421112097,cutoff
S3_gaming,233,1,1009330001,4.531521564354568,0.9427348095241547,cutoff
S3_gaming,233,2,1009330002,4.5315202789507145,0.9427371998537146,cutoff
S3_gaming,233,3,1009330003,4.533967580125883,0.9420891518927982,cutoff
S3_gaming,233,4,1009330004,4.529690113983485,0.9427839353575985,cutoff
S3_gaming,233,5,1009330005,4.529692944744108,0.9427840047404571,cutoff
S3_gaming,233,6,1009330006,4.53116234566999,0.9413445299240054,cutoff
S3_gaming,233,7,1009330007,4.531547027630855,0.9427466823698115,cutoff
S3_gaming,234,0,1009340000,2.255029854764303,0.8365947167535713,cutoff
S3_gaming,234,1,1009340001,2.255601168839784,0.838823843111109,cutoff
S3_gaming,234,2,1009340002,2.2550248524547785,0.8365660055217504,cutoff
S3_gaming,234,3,1009340003,2.252120208322932,0.8393985887177932,cutoff
S3_gaming,234,4,1009340004,2.2543624699496343,0.8383935866783919,cutoff
S3_gaming,234,5,1009340005,2.252149960944855,0.8409372033703371,cutoff
S3_gaming,234,6,1009340006,2.2534146413006906,0.8312223282697645,cutoff
S3_gaming,234,7,1009340007,2.253771813887951,0.8393665222202829,cutoff
S3_gaming,235,0,1009350000,2.9953678569859696,0.8877754643707019,cutoff
S3_gaming,235,1,1009350001,2.9882687040674307,0.8760066964272776,cutoff
S3_gaming,235,2,1009350002,2.998994101924297,0.887749384025985,cutoff
S3_gaming,235,3,1009350003,2.994795631061704,0.8876654933985633,cutoff
S3_gaming,235,4,1009350004,2.9923532494797636,0.8877129302000427,cutoff
S3_gaming,235,5,1009350005,2.993625187067781,0.8779284567325395,cutoff
S3_gaming,235,6,1009350006,2.991815782712607,0.8850659617779294,cutoff
S3_gaming,235,7,1009350007,2.987012048369803,0.8878436398439608,cutoff
S3_gaming,236,0,1009360000,1.8805541758389155,0.8236960657427799,cutoff
S3_gaming,236,1,1009360001,1.881221851893474,0.836631059548601,cutoff
S3_gaming,236,2,1009360002,1.8765575861041301,0.8199676577420402,cutoff
S3_gaming,236,3,1009360003,1.8812438850311937,0.8352901780463613,cutoff
S3_gaming,236,4,1009360004,1.8806363858840467,0.8365226439342187,cutoff
S3_gaming,236,5,1009360005,1.8824348802125972,0.8367803660284738,cutoff
S3_gaming,236,6,1009360006,1.8812396866931436,0.8283649536421549,cutoff
S3_gaming,236,7,1009360007,1.87944510895886,0.8320930424602876,cutoff
S3_gaming,237,0,1009370000,2.876905646792422,0.8901472868070569,cutoff
S3_gaming,237,1,1009370001,2.8760813031004395,0.8900460188903919,cutoff
S3_gaming,237,2,1009370002,2.8764501805888476,0.8900574746326884,cutoff
S3_gaming,237,3,1009370003,2.877619432142292,0.89023730398943,cutoff
S3_gaming,237,4,1009370004,2.8772386022406584,0.8901975366776125,cutoff
S3_gaming,237,5,1009370005,2.877434014606673,0.889604905746406,cutoff
S3_gaming,237,6,1009370006,2.876261037712145,0.8900368665569774,cutoff
S3_gaming,237,7,1009370007,2.8772886774387425,0.8880990586921491,cutoff
S3_gaming,238,0,1009380000,4.243542791493238,0.9113461726406609,cutoff
S3_gaming,238,1,1009380001,4.248050031020445,0.9127203690559756,cutoff
S3_gaming,238,2,1009380002,4.241348089457304,0.9126591710872597,cutoff
S3_gaming,238,3,1009380003,4.247155358557256,0.9180919569136777,cutoff
S3_gaming,238,4,1009380004,4.247148760342613,0.9151784313961367,cutoff
S3_gaming,238,5,1009380005,4.250852634369097,0.915833957471879,cutoff
S3_gaming,238,6,1009380006,4.25,0.9121853619184145,cutoff
S3_gaming,238,7,1009380007,4.249521409286948,0.9171804726094721,cutoff
S3_gaming,239,0,1009390000,4.487752997602811,0.8925993590823138,cutoff
S3_gaming,239,1,1009390001,4.480908434100864,0.8890849924871644,cutoff
S3_gaming,239,2,1009390002,4.4845867338270455,0.8902658260336545,cutoff
S3_gaming,239,3,1009390003,4.485958173165539,0.8929411793415672,cutoff
S3_gaming,239,4,1009390004,4.486111111111111,0.888201289524538,cutoff
S3_gaming,239,5,1009390005,4.485688326360936,0.893921722591756,cutoff
S3_gaming,239,6,1009390006,4.484308478839249,0.8967197921751558,cutoff
S3_gaming,239,7,1009390007,4.480555555555555,0.8885457402509486,cutoff
S3_gaming,240,0,1009400000,4.402777777777778,0.9144646500968344,soc_min
S3_gaming,240,1,1009400001,4.405555555555556,0.9164492120298044,soc_min
S3_gaming,240,2,1009400002,4.394444444444445,0.9152476959801361,soc_min
S3_gaming,240,3,1009400003,4.402777777777778,0.9149245397212318,soc_min
S3_gaming,240,4,1009400004,4.394444444444445,0.9159781222896007,soc_min
S3_gaming,240,5,1009400005,4.405555555555556,0.9154971271031747,soc_min
S3_gaming,240,6,1009400006,4.4,0.9155442797921439,soc_min
S3_gaming,240,7,1009400007,4.4,0.9144999478342923,soc_min
S3_gaming,241,0,1009410000,3.3819288039932265,0.9187554914084641,cutoff
S3_gaming,241,1,1009410001,3.383982235367228,0.9186530117187509,cutoff
S3_gaming,241,2,1009410002,3.385734282012438,0.9166866120374624,cutoff
S3_gaming,241,3,1009410003,3.3843979136138973,0.9177504495691167,cutoff
S3_gaming,241,4,1009410004,3.388525108017373,0.91879945505089,cutoff
S3_gaming,241,5,1009410005,3.3857762200301025,0.9188260125347916,cutoff
S3_gaming,241,6,1009410006,3.3843559999295287,0.918019094846095,cutoff
S3_gaming,241,7,1009410007,3.3777777777777778,0.9072743146482392,cutoff
S3_gaming,242,0,1009420000,2.0151197245860613,0.8775405940600547,cutoff
S3_gaming,242,1,1009420001,2.0178150966352986,0.8775314305184723,cutoff
S3_gaming,242,2,1009420002,2.0167520478600913,0.8758013566741567,cutoff
S3_gaming,242,3,1009420003,2.012479825055926,0.8662800958710931,cutoff
S3_gaming,242,4,1009420004,2.015676800046017,0.8777494321450872,cutoff
S3_gaming,242,5,1009420005,2.0156763503621082,0.8743140413960235,cutoff
S3_gaming,242,6,1009420006,2.0156726621038707,0.87773765363901,cutoff
S3_gaming,242,7,1009420007,2.0124234637260887,0.8697244394644745,cutoff
S3_gaming,243,0,1009430000,2.98463949005796,0.8633777254179098,cutoff
S3_gaming,243,1,1009430001,2.982371368608212,0.8629190488489556,cutoff
S3_gaming,243,2,1009430002,2.988354495536866,0.8609261055120491,cutoff
S3_gaming,243,3,1009430003,2.985955145737134,0.85283973389833,cutoff
S3_gaming,243,4,1009430004,2.9792510142126196,0.8514830939433192,cutoff
S3_gaming,243,5,1009430005,2.9917479176251542,0.8614498846649129,cutoff
S3_gaming,243,6,1009430006,2.9893403565788277,0.8575552642173846,cutoff
S3_gaming,243,7,1009430007,2.983321411035091,0.8606000599415897,cutoff
S3_gaming,244,0,1009440000,3.717865096516903,0.9104382415693306,cutoff
S3_gaming,244,1,1009440001,3.7158769665194273,0.9111118056171167,cutoff
S3_gaming,244,2,1009440002,3.7172182959758535,0.9104014148832199,cutoff
S3_gaming,244,3,1009440003,3.7229696595851314,0.911667092681552,cutoff
S3_gaming,244,4,1009440004,3.722385824169962,0.9099702462793456,cutoff
S3_gaming,244,5,1009440005,3.7217345696410113,0.9112474829363805,cutoff
S3_gaming,244,6,1009440006,3.7210889712749466,0.9120244168376356,cutoff
S3_gaming,244,7,1009440007,3.7230157563161486,0.9119522528812506,cutoff
S3_gaming,245,0,1009450000,2.3809109690115458,0.9084415709430053,cutoff
S3_gaming,245,1,1009450001,2.382905878496707,0.9145914344766166,cutoff
S3_gaming,245,2,1009450002,2.380538194144464,0.9131888786514493,cutoff
S3_gaming,245,3,1009450003,2.3777573292345893,0.9125058651271442,cutoff
S3_gaming,245,4,1009450004,2.3800474562755243,0.9145822949229422,cutoff
S3_gaming,245,5,1009450005,2.380702787396888,0.9124742547596919,cutoff
S3_gaming,245,6,1009450006,2.3819858161962544,0.9134212828162552,cutoff
S3_gaming,245,7,1009450007,2.3805461519517057,0.9126997477913135,cutoff
S3_gaming,246,0,1009460000,3.1889774533928588,0.8708661659363113,cutoff
S3_gaming,246,1,1009460001,3.18639976227159,0.8649007455726982,cutoff
S3_gaming,246,2,1009460002,3.1945564479543034,0.8732889307255757,cutoff
S3_gaming,246,3,1009460003,3.1872227686766754,0.8722527882531692,cutoff
S3_gaming,246,4,1009460004,3.1845010470710893,0.8637443667164663,cutoff
S3_gaming,246,5,1009460005,3.1974295102553354,0.8753586877989818,cutoff
S3_gaming,246,6,1009460006,3.183333333333333,0.8581526783101306,cutoff
S3_gaming,246,7,1009460007,3.1940491989367894,0.8749909186846849,cutoff
S3_gaming,247,0,1009470000,2.2997840535921292,0.8901666018761548,cutoff
S3_gaming,247,1,1009470001,2.298572439717237,0.8919054869102061,cutoff
S3_gaming,247,2,1009470002,2.298571774738408,0.891106054889123,cutoff
S3_gaming,247,3,1009470003,2.297523535848285,0.8923054051530065,cutoff
S3_gaming,247,4,1009470004,2.297734851450045,0.8907334171598357,cutoff
S3_gaming,247,5,1009470005,2.2977702158953104,0.8909741333790134,cutoff
S3_gaming,247,6,1009470006,2.2952495505695154,0.886221583978527,cutoff
S3_gaming,247,7,1009470007,2.298172587555837,0.8910464154103336,cutoff
S3_gaming,248,0,1009480000,2.4567907820566837,0.8537826608776448,cutoff
S3_gaming,248,1,1009480001,2.4604471169722006,0.8567724480522563,cutoff
S3_gaming,248,2,1009480002,2.4645134263920454,0.8473261550607651,cutoff
S3_gaming,248,3,1009480003,2.4596579247416708,0.8531610895750862,cutoff
S3_gaming,248,4,1009480004,2.457161537811851,0.8590300667887426,cutoff
S3_gaming,248,5,1009480005,2.467173424270895,0.8460346459108654,cutoff
S3_gaming,248,6,1009480006,2.454951672009333,0.845404991637913,cutoff
S3_gaming,248,7,1009480007,2.4610660775870272,0.8572754875294698,cutoff
S3_gaming,249,0,1009490000,2.811111111111111,0.85899480167251,cutoff
S3_gaming,249,1,1009490001,2.811986127198202,0.8656733927558625,cutoff
S3_gaming,249,2,1009490002,2.8110600555854757,0.869554444937412,cutoff
S3_gaming,249,3,1009490003,2.814557033680839,0.8692401652154844,cutoff
S3_gaming,249,4,1009490004,2.8126039129603524,0.8693552224654036,cutoff
S3_gaming,249,5,1009490005,2.812112045524766,0.8692128411395462,cutoff
S3_gaming,249,6,1009490006,2.8112207816549697,0.8605316097806418,cutoff
S3_gaming,249,7,1009490007,2.8146500634953964,0.8692166597778033,cutoff
S3_gaming,250,0,1009500000,3.3604953515199196,0.8862829091655425,cutoff
S3_gaming,250,1,1009500001,3.36084222061348,0.8914445773780499,cutoff
S3_gaming,250,2,1009500002,3.3610233551543898,0.8869802872008539,cutoff
S3_gaming,250,3,1009500003,3.3619834532208435,0.8912492839234689,cutoff
S3_gaming,250,4,1009500004,3.361300343389678,0.8911730565942222,cutoff
S3_gaming,250,5,1009500005,3.360849015440493,0.8914581650626776,cutoff
S3_gaming,250,6,1009500006,3.3613566292217008,0.8892371607631037,cutoff
S3_gaming,250,7,1009500007,3.361076471921203,0.8914792132985223,cutoff
S3_gaming,251,0,1009510000,2.68539937474338,0.8765905691398413,cutoff
S3_gaming,251,1,1009510001,2.68338618020901,0.868922125613793,cutoff
S3_gaming,251,2,1009510002,2.6847236596810293,0.8764781520545606,cutoff
S3_gaming,251,3,1009510003,2.6874192438652993,0.8764608792182003,cutoff
S3_gaming,251,4,1009510004,2.6850301205763047,0.8701280426230756,cutoff
S3_gaming,251,5,1009510005,2.6859244225046592,0.8766744687426821,cutoff
S3_gaming,251,6,1009510006,2.6858359181881184,0.8730350339154989,cutoff
S3_gaming,251,7,1009510007,2.6887545494974665,0.8766620007278881,cutoff
S3_gaming,252,0,1009520000,3.517303417449507,0.8683639354126111,cutoff
S3_gaming,252,1,1009520001,3.528938279504117,0.8691524459885468,cutoff
S3_gaming,252,2,1009520002,3.531544743231435,0.8658884870205222,cutoff
S3_gaming,252,3,1009520003,3.5213805555964486,0.8605628934275732,cutoff
S3_gaming,252,4,1009520004,3.525581579140433,0.8654732046725939,cutoff
S3_gaming,252,5,1009520005,3.5319980949810272,0.8649329352075992,cutoff
S3_gaming,252,6,1009520006,3.5194444444444444,0.8595095893942486,cutoff
S3_gaming,252,7,1009520007,3.537341465591017,0.8655759292495586,cutoff
S3_gaming,253,0,1009530000,3.5071098059195545,0.9091280097402956,cutoff
S3_gaming,253,1,1009530001,3.508378433869204,0.9089702841011535,cutoff
S3_gaming,253,2,1009530002,3.5084905030759455,0.909015275647144,cutoff
S3_gaming,253,3,1009530003,3.5093984709141175,0.9090750622770112,cutoff
S3_gaming,253,4,1009530004,3.506349094923489,0.9090677064986306,cutoff
S3_gaming,253,5,1009530005,3.5083333333333333,0.9033096879497566,cutoff
S3_gaming,253,6,1009530006,3.507690651978417,0.9091782335231872,cutoff
S3_gaming,253,7,1009530007,3.5076300210153413,0.9085106114693834,cutoff
S3_gaming,254,0,1009540000,3.3833333333333333,0.8981183701322567,soc_min
S3_gaming,254,1,1009540001,3.3833333333333333,0.8985143279990432,soc_min
S3_gaming,254,2,1009540002,3.386111111111111,0.8988586862241872,soc_min
S3_gaming,254,3,1009540003,3.3833333333333333,0.898310313980837,soc_min
S3_gaming,254,4,1009540004,3.3777777777777778,0.8996675972308985,soc_min
S3_gaming,254,5,1009540005,3.386111111111111,0.8993146487785019,soc_min
S3_gaming,254,6,1009540006,3.375,0.8984403183800634,soc_min
S3_gaming,254,7,1009540007,3.375,0.8981751123778288,soc_min
S3_gaming,255,0,1009550000,3.1024661128849775,0.9140841581015903,cutoff
S3_gaming,255,1,1009550001,3.098904857496038,0.9139965872470972,cutoff
S3_gaming,255,2,1009550002,3.097467491588033,0.9127380310430501,cutoff
S3_gaming,255,3,1009550003,3.096941886761623,0.9141035154761564,cutoff
S3_gaming,255,4,1009550004,3.0986020941549253,0.9139669258228617,cutoff
S3_gaming,255,5,1009550005,3.101586802114856,0.913159394133014,cutoff
S3_gaming,255,6,1009550006,3.100115114335006,0.9138438496911157,cutoff
S3_gaming,255,7,1009550007,3.0989339972330563,0.9139869839870917,cutoff
S3_gaming,256,0,1009560000,2.905594895415803,0.8562886924103621,cutoff
S3_gaming,256,1,1009560001,2.906902545174166,0.857494299935741,cutoff
S3_gaming,256,2,1009560002,2.8977645178922513,0.8489876800488276,cutoff
S3_gaming,256,3,1009560003,2.9106542680716445,0.8565717269989201,cutoff
S3_gaming,256,4,1009560004,2.905138141587412,0.8567175830989437,cutoff
S3_gaming,256,5,1009560005,2.909878067587482,0.854179307673714,cutoff
S3_gaming,256,6,1009560006,2.9062817683911235,0.8565234711935916,cutoff
S3_gaming,256,7,1009560007,2.9157288111238486,0.8566115114760495,cutoff
S3_gaming,257,0,1009570000,3.398399900331267,0.8812665128246471,cutoff
S3_gaming,257,1,1009570001,3.4022460211986214,0.8736429300795637,cutoff
S3_gaming,257,2,1009570002,3.401619355081032,0.8813418939340336,cutoff
S3_gaming,257,3,1009570003,3.4007816871557828,0.8746210008447584,cutoff
S3_gaming,257,4,1009570004,3.4007177747915476,0.8738093277236115,cutoff
S3_gaming,257,5,1009570005,3.4043686512310716,0.8813424226265634,cutoff
S3_gaming,257,6,1009570006,3.3997853204872257,0.8814391857582597,cutoff
S3_gaming,257,7,1009570007,3.4052932817731247,0.8739850969970646,cutoff
S3_gaming,258,0,1009580000,4.330555555555556,0.9065649625956812,soc_min
S3_gaming,258,1,1009580001,4.330555555555556,0.9074573275193435,soc_min
S3_gaming,258,2,1009580002,4.330555555555556,0.9079586067171689,soc_min
S3_gaming,258,3,1009580003,4.330555555555556,0.907766233854095,soc_min
S3_gaming,258,4,1009580004,4.322222222222222,0.9061958828627962,soc_min
S3_gaming,258,5,1009580005,4.3277777777777775,0.9061491737579596,soc_min
S3_gaming,258,6,1009580006,4.330555555555556,0.9072153317284826,soc_min
S3_gaming,258,7,1009580007,4.330555555555556,0.9074588172677421,soc_min
S3_gaming,259,0,1009590000,4.366666666666666,0.9200915009229876,soc_min
S3_gaming,259,1,1009590001,4.361111111111111,0.9217867560245858,soc_min
S3_gaming,259,2,1009590002,4.363888888888889,0.9208916919521191,soc_min
S3_gaming,259,3,1009590003,4.363888888888889,0.9209932178092091,soc_min
S3_gaming,259,4,1009590004,4.361111111111111,0.9207718696527937,soc_min
S3_gaming,259,5,1009590005,4.361111111111111,0.9202062779874531,soc_min
S3_gaming,259,6,1009590006,4.363888888888889,0.9216600839219182,soc_min
S3_gaming,259,7,1009590007,4.366666666666666,0.9204022277045015,soc_min
S3_gaming,260,0,1009600000,2.4203503273187215,0.8690674696798594,cutoff
S3_gaming,260,1,1009600001,2.4200525143923226,0.8582749522065055,cutoff
S3_gaming,260,2,1009600002,2.4197291243983257,0.8658937703881494,cutoff
S3_gaming,260,3,1009600003,2.4260537572020264,0.8689793330021224,cutoff
S3_gaming,260,4,1009600004,2.425554969217123,0.860043489458472,cutoff
S3_gaming,260,5,1009600005,2.42035582752116,0.8690903188359708,cutoff
S3_gaming,260,6,1009600006,2.4272560343334315,0.8692895799704893,cutoff
S3_gaming,260,7,1009600007,2.4177689731960155,0.8596078896378201,cutoff
S3_gaming,261,0,1009610000,3.531818065628041,0.9138464605297749,cutoff
S3_gaming,261,1,1009610001,3.530028059866148,0.9163445864091191,cutoff
S3_gaming,261,2,1009610002,3.5290353945988544,0.9162622985101136,cutoff
S3_gaming,261,3,1009610003,3.5300378085836543,0.913933079561735,cutoff
S3_gaming,261,4,1009610004,3.531128103060768,0.9151786297288728,cutoff
S3_gaming,261,5,1009610005,3.530871406656835,0.9161608506155973,cutoff
S3_gaming,261,6,1009610006,3.5304235626740845,0.9163756754072762,cutoff
S3_gaming,261,7,1009610007,3.5283571072954603,0.9162353567759771,cutoff
S3_gaming,262,0,1009620000,1.913888888888889,0.8784212890101004,soc_min
S3_gaming,262,1,1009620001,1.913888888888889,0.8728306551096107,soc_min
S3_gaming,262,2,1009620002,1.9166666666666667,0.8728581496843607,soc_min
S3_gaming,262,3,1009620003,1.913888888888889,0.8827531016720346,soc_min
S3_gaming,262,4,1009620004,1.913888888888889,0.8723267557186203,soc_min
S3_gaming,262,5,1009620005,1.913888888888889,0.8748677412829703,soc_min
S3_gaming,262,6,1009620006,1.9194444444444445,0.8762625662828832,soc_min
S3_gaming,262,7,1009620007,1.913888888888889,0.8794471606428305,soc_min
S3_gaming,263,0,1009630000,3.718207551880603,0.9156975508890097,cutoff
S3_gaming,263,1,1009630001,3.7117834708773394,0.9218496158876991,cutoff
S3_gaming,263,2,1009630002,3.708068100317148,0.9223973031194699,cutoff
S3_gaming,263,3,1009630003,3.7145616593948203,0.914981334506719,cutoff
S3_gaming,263,4,1009630004,3.7126860286487973,0.9145700880087484,cutoff
S3_gaming,263,5,1009630005,3.7136155911869477,0.922918488929111,cutoff
S3_gaming,263,6,1009630006,3.711252118456262,0.9217159534838932,cutoff
S3_gaming,263,7,1009630007,3.7111111111111112,0.9106837367009067,cutoff
S3_gaming,264,0,1009640000,3.511699011559825,0.9111097732873326,cutoff
S3_gaming,264,1,1009640001,3.5162696464820122,0.9130666860765364,cutoff
S3_gaming,264,2,1009640002,3.5094063296655555,0.9119791814033738,cutoff
S3_gaming,264,3,1009640003,3.512454690885975,0.9168727204098321,cutoff
S3_gaming,264,4,1009640004,3.5085901053365434,0.9115102431808987,cutoff
S3_gaming,264,5,1009640005,3.50710772137106,0.9120722054117638,cutoff
S3_gaming,264,6,1009640006,3.5162676584929984,0.9122176904321605,cutoff
S3_gaming,264,7,1009640007,3.5063582087099525,0.9109858104390238,cutoff
S3_gaming,265,0,1009650000,3.9513298583099625,0.925564387347894,cutoff
S3_gaming,265,1,1009650001,3.949215558797751,0.9176870306808433,cutoff
S3_gaming,265,2,1009650002,3.9536289949876835,0.927022015295563,cutoff
S3_gaming,265,3,1009650003,3.952091713335907,0.9265552140597001,cutoff
S3_gaming,265,4,1009650004,3.95441030094533,0.92461689369714,cutoff
S3_gaming,265,5,1009650005,3.950568696756656,0.9251847504836095,cutoff
S3_gaming,265,6,1009650006,3.94902426663812,0.9268044904872641,cutoff
S3_gaming,265,7,1009650007,3.9504119092316934,0.9255888418128515,cutoff
S3_gaming,266,0,1009660000,4.005265244047497,0.9076335992293761,cutoff
S3_gaming,266,1,1009660001,4.003038431100041,0.9074266607368469,cutoff
S3_gaming,266,2,1009660002,4.005670439556861,0.9074194037056227,cutoff
S3_gaming,266,3,1009660003,4.0038433251691465,0.9006618642910558,cutoff
S3_gaming,266,4,1009660004,4.003847261560298,0.9075104738661575,cutoff
S3_gaming,266,5,1009660005,4.003848044324677,0.9075170706507539,cutoff
S3_gaming,266,6,1009660006,4.000409063781811,0.9074431551709763,cutoff
S3_gaming,266,7,1009660007,4.002072738412883,0.9067771283056631,cutoff
S3_gaming,267,0,1009670000,4.3,0.9267352970431317,soc_min
S3_gaming,267,1,1009670001,4.3,0.9270856197229754,soc_min
S3_gaming,267,2,1009670002,4.2972222222222225,0.9270599472978477,soc_min
S3_gaming,267,3,1009670003,4.3,0.9270273722306469,soc_min
S3_gaming,267,4,1009670004,4.302777777777778,0.9273462984642092,soc_min
S3_gaming,267,5,1009670005,4.305555555555555,0.926595019242066,soc_min
S3_gaming,267,6,1009670006,4.308333333333334,0.9269143849431136,soc_min
S3_gaming,267,7,1009670007,4.305555555555555,0.9265760162668718,soc_min
S3_gaming,268,0,1009680000,3.7007548720500125,0.9033066268873526,cutoff
S3_gaming,268,1,1009680001,3.6986663604843386,0.901132634382745,cutoff
S3_gaming,268,2,1009680002,3.696229439004481,0.9014430818420986,cutoff
S3_gaming,268,3,1009680003,3.694095229025083,0.9072352583005286,cutoff
S3_gaming,268,4,1009680004,3.7000875815551044,0.9070173389180584,cutoff
S3_gaming,268,5,1009680005,3.698387246475404,0.9001160328793646,cutoff
S3_gaming,268,6,1009680006,3.700924689021383,0.9016316290028393,cutoff
S3_gaming,268,7,1009680007,3.703403196916072,0.9018654837716765,cutoff
S3_gaming,269,0,1009690000,3.4139223427404866,0.9150076916520574,cutoff
S3_gaming,269,1,1009690001,3.4096980420176846,0.9104336330859986,cutoff
S3_gaming,269,2,1009690002,3.4102473271266143,0.9104591251828482,cutoff
S3_gaming,269,3,1009690003,3.410631018998059,0.9152391134190496,cutoff
S3_gaming,269,4,1009690004,3.411632584142318,0.9116550475925542,cutoff
S3_gaming,269,5,1009690005,3.414697929085025,0.9144922350065051,cutoff
S3_gaming,269,6,1009690006,3.4096508094971756,0.9101098326528708,cutoff
S3_gaming,269,7,1009690007,3.410244562212315,0.9152058130212556,cutoff
S3_gaming,270,0,1009700000,2.93203225134986,0.8728464553913541,cutoff
S3_gaming,270,1,1009700001,2.9294887488002197,0.8668121500556553,cutoff
S3_gaming,270,2,1009700002,2.9277777777777776,0.8649363342170122,cutoff
S3_gaming,270,3,1009700003,2.931483761675506,0.8748104464174948,cutoff
S3_gaming,270,4,1009700004,2.9299548223827183,0.873013625096294,cutoff
S3_gaming,270,5,1009700005,2.931491543973541,0.8692654860773386,cutoff
S3_gaming,270,6,1009700006,2.933084422612559,0.8664790356566862,cutoff
S3_gaming,270,7,1009700007,2.9216825627776033,0.8658012032087564,cutoff
S3_gaming,271,0,1009710000,3.18743578956995,0.8969995031950142,cutoff
S3_gaming,271,1,1009710001,3.1742830209174757,0.884062854398419,cutoff
S3_gaming,271,2,1009710002,3.1734873438428077,0.8846713307081188,cutoff
S3_gaming,271,3,1009710003,3.180577844282595,0.8863391227775593,cutoff
S3_gaming,271,4,1009710004,3.1778568428633394,0.8806390218282107,cutoff
S3_gaming,271,5,1009710005,3.1679631763768414,0.8870114207213304,cutoff
S3_gaming,271,6,1009710006,3.1791043769382763,0.8849746005782864,cutoff
S3_gaming,271,7,1009710007,3.181502514433352,0.894899772165323,cutoff
S3_gaming,272,0,1009720000,3.7305555555555556,0.933571853317807,soc_min
S3_gaming,272,1,1009720001,3.7333333333333334,0.9336959355641403,soc_min
S3_gaming,272,2,1009720002,3.736111111111111,0.9341327959444609,soc_min
S3_gaming,272,3,1009720003,3.7333333333333334,0.9340934093548232,soc_min
S3_gaming,272,4,1009720004,3.7333333333333334,0.9332735737800967,soc_min
S3_gaming,272,5,1009720005,3.7333333333333334,0.9344105404415329,soc_min
S3_gaming,272,6,1009720006,3.7333333333333334,0.9350136019375531,soc_min
S3_gaming,272,7,1009720007,3.7333333333333334,0.9346636154772171,soc_min
S3_gaming,273,0,1009730000,2.1487512717336537,0.878594187498329,cutoff
S3_gaming,273,1,1009730001,2.148271423355517,0.8784771125260784,cutoff
S3_gaming,273,2,1009730002,2.1437809802920564,0.8674183914665531,cutoff
S3_gaming,273,3,1009730003,2.1497048380219312,0.8788043621687425,cutoff
S3_gaming,273,4,1009730004,2.1497026150599163,0.8787860564657655,cutoff
S3_gaming,273,5,1009730005,2.150666042721975,0.8784174267527675,cutoff
S3_gaming,273,6,1009730006,2.1478089372778033,0.8774098138604594,cutoff
S3_gaming,273,7,1009730007,2.1501795896459144,0.878275691798606,cutoff
S3_gaming,274,0,1009740000,1.951421700246385,0.879305134371689,cutoff
S3_gaming,274,1,1009740001,1.9491645466370962,0.8793556241486152,cutoff
S3_gaming,274,2,1009740002,1.9492304557719866,0.8794870459606552,cutoff
S3_gaming,274,3,1009740003,1.949209769320602,0.8793959676526295,cutoff
S3_gaming,274,4,1009740004,1.949753420819987,0.8794972241867007,cutoff
S3_gaming,274,5,1009740005,1.9507957413552024,0.8704405645009557,cutoff
S3_gaming,274,6,1009740006,1.9470137392421172,0.8795666764247677,cutoff
S3_gaming,274,7,1009740007,1.9508219021225328,0.8711648025309854,cutoff
S3_gaming,275,0,1009750000,4.12106637723393,0.9147444937684869,cutoff
S3_gaming,275,1,1009750001,4.120552450283141,0.9080588735864906,cutoff
S3_gaming,275,2,1009750002,4.122659060590274,0.9086915291730243,cutoff
S3_gaming,275,3,1009750003,4.118948078095585,0.9158356124710759,cutoff
S3_gaming,275,4,1009750004,4.123343085637562,0.9101611515344802,cutoff
S3_gaming,275,5,1009750005,4.119143597068285,0.9142582199230643,cutoff
S3_gaming,275,6,1009750006,4.119437968360228,0.9099284853718336,cutoff
S3_gaming,275,7,1009750007,4.1174572824833735,0.9062971127792635,cutoff
S3_gaming,276,0,1009760000,2.9166666666666665,0.8871778616781211,soc_min
S3_gaming,276,1,1009760001,2.9166666666666665,0.8875321631551095,soc_min
S3_gaming,276,2,1009760002,2.9138888888888888,0.8909162089918039,soc_min
S3_gaming,276,3,1009760003,2.9166666666666665,0.8884553944729119,soc_min
S3_gaming,276,4,1009760004,2.9166666666666665,0.8907304945310113,soc_min
S3_gaming,276,5,1009760005,2.9166666666666665,0.8889406972148675,soc_min
S3_gaming,276,6,1009760006,2.9138888888888888,0.8886119950148963,soc_min
S3_gaming,276,7,1009760007,2.9138888888888888,0.8904784928775945,soc_min
S3_gaming,277,0,1009770000,3.25,0.9264927098545362,soc_min
S3_gaming,277,1,1009770001,3.2472222222222222,0.9267741915458259,soc_min
S3_gaming,277,2,1009770002,3.2472222222222222,0.927931409547013,soc_min
S3_gaming,277,3,1009770003,3.2444444444444445,0.9266676261886139,soc_min
S3_gaming,277,4,1009770004,3.2472222222222222,0.9263790890275905,soc_min
S3_gaming,277,5,1009770005,3.2472222222222222,0.9271065626914242,soc_min
S3_gaming,277,6,1009770006,3.2444444444444445,0.9261314013496034,soc_min
S3_gaming,277,7,1009770007,3.2472222222222222,0.9267984758652069,soc_min
S3_gaming,278,0,1009780000,3.2666666666666666,0.900550009670459,soc_min
S3_gaming,278,1,1009780001,3.2694444444444444,0.9043541409546393,soc_min
S3_gaming,278,2,1009780002,3.2666666666666666,0.9006781919969667,soc_min
S3_gaming,278,3,1009780003,3.2694444444444444,0.9007751805830807,soc_min
S3_gaming,278,4,1009780004,3.272222222222222,0.901639276601894,soc_min
S3_gaming,278,5,1009780005,3.2694444444444444,0.9036303326971661,soc_min
S3_gaming,278,6,1009780006,3.2694444444444444,0.9007154068026859,soc_min
S3_gaming,278,7,1009780007,3.2666666666666666,0.9008993297581458,soc_min
S3_gaming,279,0,1009790000,2.4174162081829946,0.8922132181588442,cutoff
S3_gaming,279,1,1009790001,2.4151651843672153,0.892276278351881,cutoff
S3_gaming,279,2,1009790002,2.418032157598614,0.8922883470307036,cutoff
S3_gaming,279,3,1009790003,2.4173141946122274,0.8921634124314166,cutoff
S3_gaming,279,4,1009790004,2.4176849614812266,0.8922613082620007,cutoff
S3_gaming,279,5,1009790005,2.417327901275244,0.8922006194517065,cutoff
S3_gaming,279,6,1009790006,2.4158869264856246,0.8924029877442592,cutoff
S3_gaming,279,7,1009790007,2.417677832084529,0.8895798300429338,cutoff
S3_gaming,280,0,1009800000,2.3722222222222222,0.8942127486115934,soc_min
S3_gaming,280,1,1009800001,2.3694444444444445,0.8929630205061135,soc_min
S3_gaming,280,2,1009800002,2.3694444444444445,0.8945704952871366,soc_min
S3_gaming,280,3,1009800003,2.3694444444444445,0.8986332057414534,soc_min
S3_gaming,280,4,1009800004,2.3694444444444445,0.8949518335306809,soc_min
S3_gaming,280,5,1009800005,2.3722222222222222,0.8926406002283532,soc_min
S3_gaming,280,6,1009800006,2.3694444444444445,0.8940868929604646,soc_min
S3_gaming,280,7,1009800007,2.3694444444444445,0.8932609115207257,soc_min
S3_gaming,281,0,1009810000,3.6076922435650833,0.9180643619203968,cutoff
S3_gaming,281,1,1009810001,3.6080848986742193,0.9180988795463962,cutoff
S3_gaming,281,2,1009810002,3.6049098031165636,0.9136338660209248,cutoff
S3_gaming,281,3,1009810003,3.607580947311354,0.9168441208233649,cutoff
S3_gaming,281,4,1009810004,3.6060055210566992,0.9164938781980057,cutoff
S3_gaming,281,5,1009810005,3.607466983433682,0.9180579412322618,cutoff
S3_gaming,281,6,1009810006,3.6069307757601368,0.9161086014017529,cutoff
S3_gaming,281,7,1009810007,3.6089998271917243,0.9157778602382473,cutoff
S3_gaming,282,0,1009820000,3.35,0.8886815968399119,soc_min
S3_gaming,282,1,1009820001,3.35,0.8884990005155183,soc_min
S3_gaming,282,2,1009820002,3.3444444444444446,0.8897499090991476,soc_min
S3_gaming,282,3,1009820003,3.3444444444444446,0.8889610074719615,soc_min
S3_gaming,282,4,1009820004,3.3472222222222223,0.8890155930286343,soc_min
S3_gaming,282,5,1009820005,3.3472222222222223,0.8905462657471204,soc_min
S3_gaming,282,6,1009820006,3.3444444444444446,0.8881547015962659,soc_min
S3_gaming,282,7,1009820007,3.3472222222222223,0.8886349924290429,soc_min
S3_gaming,283,0,1009830000,2.569215676480627,0.8403081477167675,cutoff
S3_gaming,283,1,1009830001,2.562481121316461,0.8534255857940036,cutoff
S3_gaming,283,2,1009830002,2.5617994607575625,0.8404918687432615,cutoff
S3_gaming,283,3,1009830003,2.5594001525797556,0.8388753151748347,cutoff
S3_gaming,283,4,1009830004,2.5670977802119044,0.8418053705253676,cutoff
S3_gaming,283,5,1009830005,2.5622806788355255,0.8530163101951233,cutoff
S3_gaming,283,6,1009830006,2.561111111111111,0.8380435783072343,cutoff
S3_gaming,283,7,1009830007,2.568539077329267,0.8531901663794959,cutoff
S3_gaming,284,0,1009840000,3.1018917596655102,0.8713352741001433,cutoff
S3_gaming,284,1,1009840001,3.0987258356002743,0.8801563365860877,cutoff
S3_gaming,284,2,1009840002,3.1006872212762646,0.8800231521165134,cutoff
S3_gaming,284,3,1009840003,3.1018906739966265,0.8801800888451858,cutoff
S3_gaming,284,4,1009840004,3.10067249137895,0.8711321207804382,cutoff
S3_gaming,284,5,1009840005,3.0982150053965296,0.8800468154900715,cutoff
S3_gaming,284,6,1009840006,3.100329396871417,0.8800014982368095,cutoff
S3_gaming,284,7,1009840007,3.0934145156493282,0.8775168462802523,cutoff
S3_gaming,285,0,1009850000,3.621022360824547,0.8721982233034264,cutoff
S3_gaming,285,1,1009850001,3.6180067267771516,0.8720345560252473,cutoff
S3_gaming,285,2,1009850002,3.6255049588963697,0.8720386022155463,cutoff
S3_gaming,285,3,1009850003,3.627145001990189,0.8735433220477311,cutoff
S3_gaming,285,4,1009850004,3.6250825153175468,0.8716630781913117,cutoff
S3_gaming,285,5,1009850005,3.6222222222222222,0.8658257068013498,cutoff
S3_gaming,285,6,1009850006,3.61639505564264,0.8724175652968198,cutoff
S3_gaming,285,7,1009850007,3.6190178082987225,0.870689211657925,cutoff
S3_gaming,286,0,1009860000,4.469475545825943,0.9172711629174464,cutoff
S3_gaming,286,1,1009860001,4.468763633493355,0.9174117277306469,cutoff
S3_gaming,286,2,1009860002,4.470919528955004,0.9162949179586287,cutoff
S3_gaming,286,3,1009860003,4.468865863281055,0.917418736136186,cutoff
S3_gaming,286,4,1009860004,4.4696599721127575,0.9172799290339131,cutoff
S3_gaming,286,5,1009860005,4.4670834332373826,0.9172978754764122,cutoff
S3_gaming,286,6,1009860006,4.470932551310989,0.9173699961023695,cutoff
S3_gaming,286,7,1009860007,4.468541252010642,0.9174005860739051,cutoff
S3_gaming,287,0,1009870000,3.6972222222222224,0.9177554736957936,soc_min
S3_gaming,287,1,1009870001,3.702777777777778,0.9180125174273921,soc_min
S3_gaming,287,2,1009870002,3.702777777777778,0.9181592076537821,soc_min
S3_gaming,287,3,1009870003,3.7,0.9183145446528824,soc_min
S3_gaming,287,4,1009870004,3.6972222222222224,0.917576401194746,soc_min
S3_gaming,287,5,1009870005,3.7055555555555557,0.9186043533720627,soc_min
S3_gaming,287,6,1009870006,3.7083333333333335,0.918038783660592,soc_min
S3_gaming,287,7,1009870007,3.7,0.9179463493081649,soc_min
S3_gaming,288,0,1009880000,3.2092939014706676,0.8850014264135705,cutoff
S3_gaming,288,1,1009880001,3.207037411712696,0.8898962005502105,cutoff
S3_gaming,288,2,1009880002,3.2085220609125398,0.8856178274216976,cutoff
S3_gaming,288,3,1009880003,3.206747035599487,0.8898762127687351,cutoff
S3_gaming,288,4,1009880004,3.209554855854942,0.8898475160327017,cutoff
S3_gaming,288,5,1009880005,3.2097406122224306,0.8898729408214595,cutoff
S3_gaming,288,6,1009880006,3.210536526286992,0.8899844118336071,cutoff
S3_gaming,288,7,1009880007,3.2088518961195867,0.8897739077657182,cutoff
S3_gaming,289,0,1009890000,3.5581108077187116,0.9028270124875063,cutoff
S3_gaming,289,1,1009890001,3.551941348364377,0.8995637087266967,cutoff
S3_gaming,289,2,1009890002,3.555050458739436,0.9014950527261394,cutoff
S3_gaming,289,3,1009890003,3.5587851591923614,0.9057604529314119,cutoff
S3_gaming,289,4,1009890004,3.55816713054038,0.9033514941821221,cutoff
S3_gaming,289,5,1009890005,3.5514489892878887,0.9040659948994633,cutoff
S3_gaming,289,6,1009890006,3.555748989304121,0.9057478654337864,cutoff
S3_gaming,289,7,1009890007,3.557043033434531,0.9011535632045867,cutoff
S3_gaming,290,0,1009900000,3.0130055555220845,0.8789989184608124,cutoff
S3_gaming,290,1,1009900001,3.0102252833561383,0.8789937700042791,cutoff
S3_gaming,290,2,1009900002,3.012257077982276,0.8788727178463608,cutoff
S3_gaming,290,3,1009900003,3.011440986150061,0.878790828465019,cutoff
S3_gaming,290,4,1009900004,3.0127289241875412,0.8789625009166403,cutoff
S3_gaming,290,5,1009900005,3.0127310150765743,0.8789660954743912,cutoff
S3_gaming,290,6,1009900006,3.0124544921654888,0.8789258627309935,cutoff
S3_gaming,290,7,1009900007,3.0135012125718723,0.87335185065309,cutoff
S3_gaming,291,0,1009910000,4.049374508819941,0.9093921320143852,cutoff
S3_gaming,291,1,1009910001,4.05,0.9036302267287997,cutoff
S3_gaming,291,2,1009910002,4.051169201416083,0.9131984864174678,cutoff
S3_gaming,291,3,1009910003,4.05660259858117,0.9091910531521439,cutoff
S3_gaming,291,4,1009910004,4.056514661833332,0.908139714372858,cutoff
S3_gaming,291,5,1009910005,4.049864010129942,0.9132805482190144,cutoff
S3_gaming,291,6,1009910006,4.053982877466295,0.9060851779700283,cutoff
S3_gaming,291,7,1009910007,4.050600657285447,0.9121499208124497,cutoff
S3_gaming,292,0,1009920000,2.8097678509763977,0.92296216502382,cutoff
S3_gaming,292,1,1009920001,2.811247556743288,0.9228504809486098,cutoff
S3_gaming,292,2,1009920002,2.809757501469002,0.9221188510183154,cutoff
S3_gaming,292,3,1009920003,2.8122099088975077,0.9229250627719123,cutoff
S3_gaming,292,4,1009920004,2.8107806127465684,0.9230495854525461,cutoff
S3_gaming,292,5,1009920005,2.810170229891316,0.9229900800544989,cutoff
S3_gaming,292,6,1009920006,2.8113979395843267,0.9228496168994271,cutoff
S3_gaming,292,7,1009920007,2.8103744798833916,0.9230123903860656,cutoff
S3_gaming,293,0,1009930000,3.817130291850824,0.9194833836107504,cutoff
S3_gaming,293,1,1009930001,3.81143677811512,0.9142882168044586,cutoff
S3_gaming,293,2,1009930002,3.796535162398024,0.9116098774900401,cutoff
S3_gaming,293,3,1009930003,3.797470225091544,0.9113298304151543,cutoff
S3_gaming,293,4,1009930004,3.8131390594389876,0.9196716542091787,cutoff
S3_gaming,293,5,1009930005,3.8162774195912075,0.9198521437226448,cutoff
S3_gaming,293,6,1009930006,3.8110091895940768,0.9116969896857172,cutoff
S3_gaming,293,7,1009930007,3.8081402556380533,0.9201913007791372,cutoff
S3_gaming,294,0,1009940000,3.0330262580403744,0.8698938853409759,cutoff
S3_gaming,294,1,1009940001,3.031851858958518,0.8697113802274234,cutoff
S3_gaming,294,2,1009940002,3.0325971885740217,0.8697909870697134,cutoff
S3_gaming,294,3,1009940003,3.032148625961016,0.8669823358783462,cutoff
S3_gaming,294,4,1009940004,3.030621305614075,0.8695176607409948,cutoff
S3_gaming,294,5,1009940005,3.031708802679677,0.869496684871385,cutoff
S3_gaming,294,6,1009940006,3.0314202664659327,0.869632486439814,cutoff
S3_gaming,294,7,1009940007,3.0336837594703345,0.8695475401169047,cutoff
S3_gaming,295,0,1009950000,2.5616207587456947,0.8910055188988113,cutoff
S3_gaming,295,1,1009950001,2.5591159698203434,0.8911649052208442,cutoff
S3_gaming,295,2,1009950002,2.559450359716296,0.8911683522829675,cutoff
S3_gaming,295,3,1009950003,2.564153067824377,0.8961805475418952,cutoff
S3_gaming,295,4,1009950004,2.565831998521396,0.888632688202864,cutoff
S3_gaming,295,5,1009950005,2.562510612747063,0.8886050958549889,cutoff
S3_gaming,295,6,1009950006,2.556185527900699,0.8962762652819971,cutoff
S3_gaming,295,7,1009950007,2.560791711404593,0.8958296765842854,cutoff
S3_gaming,296,0,1009960000,3.236111111111111,0.9038083008785155,soc_min
S3_gaming,296,1,1009960001,3.238888888888889,0.9036882947586052,soc_min
S3_gaming,296,2,1009960002,3.238888888888889,0.9039839980877074,soc_min
S3_gaming,296,3,1009960003,3.238888888888889,0.9037962115144458,soc_min
S3_gaming,296,4,1009960004,3.238888888888889,0.9041332714341952,soc_min
S3_gaming,296,5,1009960005,3.238888888888889,0.904326821634913,soc_min
S3_gaming,296,6,1009960006,3.236111111111111,0.9038095729232594,soc_min
S3_gaming,296,7,1009960007,3.238888888888889,0.9034090266455285,soc_min
S3_gaming,297,0,1009970000,3.150933319138,0.9085729921400951,cutoff
S3_gaming,297,1,1009970001,3.153609302532798,0.9065382652090416,cutoff
S3_gaming,297,2,1009970002,3.158258303817628,0.9064188905887128,cutoff
S3_gaming,297,3,1009970003,3.1582556542882383,0.9049434092187518,cutoff
S3_gaming,297,4,1009970004,3.1538866166602006,0.9102446715418668,cutoff
S3_gaming,297,5,1009970005,3.157045262275204,0.907182429571723,cutoff
S3_gaming,297,6,1009970006,3.1523570385146296,0.9027472990883174,cutoff
S3_gaming,297,7,1009970007,3.1580214541534577,0.9103904557014606,cutoff
S3_gaming,298,0,1009980000,3.464440404120889,0.9106479054449091,cutoff
S3_gaming,298,1,1009980001,3.4669231095605486,0.90685809167409,cutoff
S3_gaming,298,2,1009980002,3.468465779006263,0.9103916732184939,cutoff
S3_gaming,298,3,1009980003,3.4653252582147345,0.9099093897234084,cutoff
S3_gaming,298,4,1009980004,3.4590232604842646,0.9065756942273379,cutoff
S3_gaming,298,5,1009980005,3.466593780322434,0.9089613223577246,cutoff
S3_gaming,298,6,1009980006,3.4634773317888965,0.9010705683744671,cutoff
S3_gaming,298,7,1009980007,3.4642645890671413,0.901505498606763,cutoff
S3_gaming,299,0,1009990000,2.8944444444444444,0.8435116776541394,soc_min
S3_gaming,299,1,1009990001,2.908333333333333,0.8441670859042096,soc_min
S3_gaming,299,2,1009990002,2.9,0.8412162080526456,soc_min
S3_gaming,299,3,1009990003,2.9027777777777777,0.8421094585443363,soc_min
S3_gaming,299,4,1009990004,2.897222222222222,0.84222871344215,soc_min
S3_gaming,299,5,1009990005,2.908333333333333,0.8418426236975741,soc_min
S3_gaming,299,6,1009990006,2.897222222222222,0.8426558325339415,soc_min
S3_gaming,299,7,1009990007,2.9055555555555554,0.8467779019172387,soc_min
S3_gaming,300,0,1010000000,4.692929403795812,0.9246653608505134,cutoff
S3_gaming,300,1,1010000001,4.68989802910887,0.9192894553249653,cutoff
S3_gaming,300,2,1010000002,4.686111111111111,0.917330200797265,cutoff
S3_gaming,300,3,1010000003,4.699451315993033,0.9234126719190534,cutoff
S3_gaming,300,4,1010000004,4.702555652602357,0.917998773868672,cutoff
S3_gaming,300,5,1010000005,4.688994991480867,0.9185741725082845,cutoff
S3_gaming,300,6,1010000006,4.703469603044419,0.9285653418736286,cutoff
S3_gaming,300,7,1010000007,4.698697138396026,0.9244750582186329,cutoff
S3_gaming,301,0,1010010000,3.5415728678650735,0.8421115594518493,cutoff
S3_gaming,301,1,1010010001,3.5450112709951926,0.8377218323500598,cutoff
S3_gaming,301,2,1010010002,3.5454450468251544,0.8418093335443376,cutoff
S3_gaming,301,3,1010010003,3.546627327360772,0.8420076266754818,cutoff
S3_gaming,301,4,1010010004,3.545213909175441,0.8417508342676279,cutoff
S3_gaming,301,5,1010010005,3.5448434699180837,0.8316228884283924,cutoff
S3_gaming,301,6,1010010006,3.547478894879333,0.8411976641686212,cutoff
S3_gaming,301,7,1010010007,3.546408136872855,0.8419764012796759,cutoff
S3_gaming,302,0,1010020000,3.036111111111111,0.9003190247058679,soc_min
S3_gaming,302,1,1010020001,3.0388888888888888,0.8999818106789181,soc_min
S3_gaming,302,2,1010020002,3.0388888888888888,0.9006048033867293,soc_min
S3_gaming,302,3,1010020003,3.0416666666666665,0.9019427998019461,soc_min
S3_gaming,302,4,1010020004,3.0388888888888888,0.8995783736946102,soc_min
S3_gaming,302,5,1010020005,3.0388888888888888,0.8999839830951233,soc_min
S3_gaming,302,6,1010020006,3.0416666666666665,0.9000147834811612,soc_min
S3_gaming,302,7,1010020007,3.036111111111111,0.9009224584696656,soc_min
S3_gaming,303,0,1010030000,2.8093318695746357,0.8889913082053639,cutoff
S3_gaming,303,1,1010030001,2.810739480948521,0.8891887131017151,cutoff
S3_gaming,303,2,1010030002,2.80859561190693,0.8859023444593195,cutoff
S3_gaming,303,3,1010030003,2.8089883441463335,0.8889742018954737,cutoff
S3_gaming,303,4,1010030004,2.8088913487955858,0.8811751249639577,cutoff
S3_gaming,303,5,1010030005,2.8101445708628954,0.8891061350320273,cutoff
S3_gaming,303,6,1010030006,2.806128591677655,0.8874459956172869,cutoff
S3_gaming,303,7,1010030007,2.8071643776385664,0.8817161677946316,cutoff
S3_gaming,304,0,1010040000,3.408333333333333,0.8779951298509057,soc_min
S3_gaming,304,1,1010040001,3.408333333333333,0.877942035337304,soc_min
S3_gaming,304,2,1010040002,3.4055555555555554,0.8778318976673812,soc_min
S3_gaming,304,3,1010040003,3.408333333333333,0.8782588401793021,soc_min
S3_gaming,304,4,1010040004,3.408333333333333,0.8787973067717354,soc_min
S3_gaming,304,5,1010040005,3.4055555555555554,0.8782806880026546,soc_min
S3_gaming,304,6,1010040006,3.4055555555555554,0.8786842336961098,soc_min
S3_gaming,304,7,1010040007,3.411111111111111,0.8777745549265736,soc_min
S3_gaming,305,0,1010050000,2.441666666666667,0.8445217746786849,soc_min
S3_gaming,305,1,1010050001,2.438888888888889,0.8480146675958701,soc_min
S3_gaming,305,2,1010050002,2.436111111111111,0.8524089404138193,soc_min
S3_gaming,305,3,1010050003,2.436111111111111,0.8433985888032844,soc_min
S3_gaming,305,4,1010050004,2.436111111111111,0.849141036529994,soc_min
S3_gaming,305,5,1010050005,2.436111111111111,0.8458035253525077,soc_min
S3_gaming,305,6,1010050006,2.436111111111111,0.8452570321476353,soc_min
S3_gaming,305,7,1010050007,2.438888888888889,0.8445173373596805,soc_min
S3_gaming,306,0,1010060000,2.8027777777777776,0.919661363283217,soc_min
S3_gaming,306,1,1010060001,2.811111111111111,0.9209304678674705,soc_min
S3_gaming,306,2,1010060002,2.8055555555555554,0.9200306693574657,soc_min
S3_gaming,306,3,1010060003,2.8055555555555554,0.9198811879983714,soc_min
S3_gaming,306,4,1010060004,2.8,0.9202532827290898,soc_min
S3_gaming,306,5,1010060005,2.808333333333333,0.9198342402825392,soc_min
S3_gaming,306,6,1010060006,2.808333333333333,0.9206242661575414,soc_min
S3_gaming,306,7,1010060007,2.8055555555555554,0.9210677915007565,soc_min
S3_gaming,307,0,1010070000,3.2555555555555555,0.8990959589859975,soc_min
S3_gaming,307,1,1010070001,3.2527777777777778,0.899080359575552,soc_min
S3_gaming,307,2,1010070002,3.2527777777777778,0.9007509191752271,soc_min
S3_gaming,307,3,1010070003,3.2583333333333333,0.8992242670348339,soc_min
S3_gaming,307,4,1010070004,3.261111111111111,0.8995380163610256,soc_min
S3_gaming,307,5,1010070005,3.2555555555555555,0.8987899061678093,soc_min
S3_gaming,307,6,1010070006,3.2583333333333333,0.8994396437875971,soc_min
S3_gaming,307,7,1010070007,3.2527777777777778,0.8986527844537263,soc_min
S3_gaming,308,0,1010080000,3.635502240371151,0.8702287657042698,cutoff
S3_gaming,308,1,1010080001,3.6431320357286423,0.8605388526560391,cutoff
S3_gaming,308,2,1010080002,3.6440690373954236,0.8597311857804124,cutoff
S3_gaming,308,3,1010080003,3.6421490347788734,0.8606536787580743,cutoff
S3_gaming,308,4,1010080004,3.640253296386567,0.8607487434202082,cutoff
S3_gaming,308,5,1010080005,3.6449815191345944,0.8650321251190345,cutoff
S3_gaming,308,6,1010080006,3.638888888888889,0.8479803196986988,cutoff
S3_gaming,308,7,1010080007,3.6412334599730656,0.857068565520675,cutoff
S3_gaming,309,0,1010090000,3.654680833954387,0.9186067093673698,cutoff
S3_gaming,309,1,1010090001,3.6556970143973615,0.9228816725362484,cutoff
S3_gaming,309,2,1010090002,3.65434736265019,0.9230127495714565,cutoff
S3_gaming,309,3,1010090003,3.6545036933143664,0.9195065299088715,cutoff
S3_gaming,309,4,1010090004,3.6543021890899694,0.923004147845061,cutoff
S3_gaming,309,5,1010090005,3.6570731418749447,0.9229985300906991,cutoff
S3_gaming,309,6,1010090006,3.6528760878890627,0.9228887940754434,cutoff
S3_gaming,309,7,1010090007,3.653136986268045,0.9229146524725621,cutoff
S3_gaming,310,0,1010100000,2.9944444444444445,0.8628965656754672,soc_min
S3_gaming,310,1,1010100001,2.9944444444444445,0.8629258374279886,soc_min
S3_gaming,310,2,1010100002,2.9944444444444445,0.8637889905003492,soc_min
S3_gaming,310,3,1010100003,2.9972222222222222,0.8607621685748437,soc_min
S3_gaming,310,4,1010100004,2.9944444444444445,0.8625939592980262,soc_min
S3_gaming,310,5,1010100005,2.9916666666666667,0.8624770283599353,soc_min
S3_gaming,310,6,1010100006,2.9972222222222222,0.8632688745749153,soc_min
S3_gaming,310,7,1010100007,2.9944444444444445,0.8622826644322521,soc_min
S3_gaming,311,0,1010110000,4.43593477351115,0.9228056965714442,cutoff
S3_gaming,311,1,1010110001,4.438184647458481,0.9156473194135433,cutoff
S3_gaming,311,2,1010110002,4.440283335303043,0.9122658130969674,cutoff
S3_gaming,311,3,1010110003,4.4344392520531635,0.915582675723069,cutoff
S3_gaming,311,4,1010110004,4.43397722530524,0.915961837336267,cutoff
S3_gaming,311,5,1010110005,4.438192168440561,0.9175567863643308,cutoff
S3_gaming,311,6,1010110006,4.441171156523496,0.9227714384968493,cutoff
S3_gaming,311,7,1010110007,4.442664214096602,0.9233504568714536,cutoff
S3_gaming,312,0,1010120000,2.716666666666667,0.8347835679740451,soc_min
S3_gaming,312,1,1010120001,2.7222222222222223,0.8347515016428482,soc_min
S3_gaming,312,2,1010120002,2.716666666666667,0.8366270506773288,soc_min
S3_gaming,312,3,1010120003,2.725,0.8341162962794109,soc_min
S3_gaming,312,4,1010120004,2.716666666666667,0.8337013366035666,soc_min
S3_gaming,312,5,1010120005,2.7222222222222223,0.8364807997465958,soc_min
S3_gaming,312,6,1010120006,2.716666666666667,0.8344757177915866,soc_min
S3_gaming,312,7,1010120007,2.7194444444444446,0.8336447352894966,soc_min
S3_gaming,313,0,1010130000,2.511111111111111,0.8462950626654949,soc_min
S3_gaming,313,1,1010130001,2.511111111111111,0.8513259409488695,soc_min
S3_gaming,313,2,1010130002,2.513888888888889,0.845889842039437,soc_min
S3_gaming,313,3,1010130003,2.513888888888889,0.8455464953774396,soc_min
S3_gaming,313,4,1010130004,2.511111111111111,0.8478870230997784,soc_min
S3_gaming,313,5,1010130005,2.511111111111111,0.8455600642372709,soc_min
S3_gaming,313,6,1010130006,2.511111111111111,0.8462697218682795,soc_min
S3_gaming,313,7,1010130007,2.511111111111111,0.8458975341734495,soc_min
S3_gaming,314,0,1010140000,3.2654533465068627,0.897177401647833,cutoff
S3_gaming,314,1,1010140001,3.2586876410211634,0.9004222989330175,cutoff
S3_gaming,314,2,1010140002,3.263172354733384,0.9006310808074326,cutoff
S3_gaming,314,3,1010140003,3.262146590780722,0.9004956258140844,cutoff
S3_gaming,314,4,1010140004,3.26513088655837,0.9005238553137654,cutoff
S3_gaming,314,5,1010140005,3.2616367935988,0.90045981908073,cutoff
S3_gaming,314,6,1010140006,3.2629366839971543,0.9006076096355503,cutoff
S3_gaming,314,7,1010140007,3.2569209821330194,0.8942207959380629,cutoff
S3_gaming,315,0,1010150000,3.740241072250502,0.9215147606065837,cutoff
S3_gaming,315,1,1010150001,3.7350287271237974,0.9214919598714333,cutoff
S3_gaming,315,2,1010150002,3.7428186423944116,0.9161983448761349,cutoff
S3_gaming,315,3,1010150003,3.74120330797789,0.921320244332951,cutoff
S3_gaming,315,4,1010150004,3.7469601238118186,0.9224031747663167,cutoff
S3_gaming,315,5,1010150005,3.738888888888889,0.9115394748897157,cutoff
S3_gaming,315,6,1010150006,3.7398374704815174,0.9222893639855217,cutoff
S3_gaming,315,7,1010150007,3.7387973644191885,0.9207789746829047,cutoff
S3_gaming,316,0,1010160000,1.9755898943420032,0.863543863919907,cutoff
S3_gaming,316,1,1010160001,1.9792896525801116,0.8692215603326714,cutoff
S3_gaming,316,2,1010160002,1.9774479013049246,0.8695252980804705,cutoff
S3_gaming,316,3,1010160003,1.9724930660852584,0.8689856714996252,cutoff
S3_gaming,316,4,1010160004,1.9780506803335896,0.8689014930809158,cutoff
S3_gaming,316,5,1010160005,1.978672138916405,0.8690760004207833,cutoff
S3_gaming,316,6,1010160006,1.9768227181647366,0.8693534987079892,cutoff
S3_gaming,316,7,1010160007,1.9780650290190045,0.8689545678837058,cutoff
S3_gaming,317,0,1010170000,2.2985513407732103,0.8157785289712367,cutoff
S3_gaming,317,1,1010170001,2.298157739222828,0.8226789207589918,cutoff
S3_gaming,317,2,1010170002,2.298173974086659,0.8217321611364894,cutoff
S3_gaming,317,3,1010170003,2.3001056545279166,0.8231058846407352,cutoff
S3_gaming,317,4,1010170004,2.2989318206713385,0.8235319111952145,cutoff
S3_gaming,317,5,1010170005,2.296999484311603,0.8201513445886075,cutoff
S3_gaming,317,6,1010170006,2.299323694212062,0.8236443642136372,cutoff
S3_gaming,317,7,1010170007,2.298953028658866,0.8188833574824231,cutoff
S3_gaming,318,0,1010180000,3.3819594290554087,0.8633299947196534,cutoff
S3_gaming,318,1,1010180001,3.381474173504813,0.8586894456142591,cutoff
S3_gaming,318,2,1010180002,3.3805555555555555,0.8538005705428775,cutoff
S3_gaming,318,3,1010180003,3.3796940634224417,0.8634147115282828,cutoff
S3_gaming,318,4,1010180004,3.3774146620732424,0.863465693533209,cutoff
S3_gaming,318,5,1010180005,3.381963991726896,0.8633452377904456,cutoff
S3_gaming,318,6,1010180006,3.3825262662405065,0.8634148733102953,cutoff
S3_gaming,318,7,1010180007,3.3794622831414993,0.8634114930729501,cutoff
S3_gaming,319,0,1010190000,2.6628979702526867,0.8875265173339558,cutoff
S3_gaming,319,1,1010190001,2.66076022618906,0.8874708115859845,cutoff
S3_gaming,319,2,1010190002,2.6607304745899416,0.8845354248006265,cutoff
S3_gaming,319,3,1010190003,2.661297967217172,0.88723555206385,cutoff
S3_gaming,319,4,1010190004,2.66129397598564,0.8878067956010622,cutoff
S3_gaming,319,5,1010190005,2.6591528963367526,0.8879826888997386,cutoff
S3_gaming,319,6,1010190006,2.6601917590225876,0.8848356731114364,cutoff
S3_gaming,319,7,1010190007,2.662349004666326,0.8920615121378952,cutoff
S3_gaming,320,0,1010200000,4.066666666666666,0.9053593739205845,soc_min
S3_gaming,320,1,1010200001,4.069444444444445,0.9044108234429727,soc_min
S3_gaming,320,2,1010200002,4.069444444444445,0.9070215118035394,soc_min
S3_gaming,320,3,1010200003,4.069444444444445,0.9060667521137179,soc_min
S3_gaming,320,4,1010200004,4.069444444444445,0.9061831837280794,soc_min
S3_gaming,320,5,1010200005,4.066666666666666,0.9062474078577687,soc_min
S3_gaming,320,6,1010200006,4.069444444444445,0.907855194984959,soc_min
S3_gaming,320,7,1010200007,4.066666666666666,0.9062267988328057,soc_min
S3_gaming,321,0,1010210000,4.088888888888889,0.9145414271757649,soc_min
S3_gaming,321,1,1010210001,4.088888888888889,0.9186203990291838,soc_min
S3_gaming,321,2,1010210002,4.083333333333333,0.9125580353172568,soc_min
S3_gaming,321,3,1010210003,4.088888888888889,0.9163495912088145,soc_min
S3_gaming,321,4,1010210004,4.088888888888889,0.9123877962037442,soc_min
S3_gaming,321,5,1010210005,4.083333333333333,0.9130644236603991,soc_min
S3_gaming,321,6,1010210006,4.086111111111111,0.9130473418214288,soc_min
S3_gaming,321,7,1010210007,4.086111111111111,0.9120467998790814,soc_min
S3_gaming,322,0,1010220000,1.993868024098313,0.8281443869722523,cutoff
S3_gaming,322,1,1010220001,1.995062490649088,0.8288019141382338,cutoff
S3_gaming,322,2,1010220002,1.9950817473762166,0.8263089769489524,cutoff
S3_gaming,322,3,1010220003,1.9958508587093333,0.8281906057562458,cutoff
S3_gaming,322,4,1010220004,1.9950710340732023,0.8283493325247832,cutoff
S3_gaming,322,5,1010220005,1.995842297095888,0.8308219867775277,cutoff
S3_gaming,322,6,1010220006,1.9919448880646105,0.8281085270728182,cutoff
S3_gaming,322,7,1010220007,1.991505395991166,0.826380081585402,cutoff
S3_gaming,323,0,1010230000,2.7150887002902846,0.8821225048634443,cutoff
S3_gaming,323,1,1010230001,2.7122640895776624,0.886687710374645,cutoff
S3_gaming,323,2,1010230002,2.708422052179616,0.8859693314861804,cutoff
S3_gaming,323,3,1010230003,2.711318885716137,0.8859317104750247,cutoff
S3_gaming,323,4,1010230004,2.7151360714963437,0.8859815472973077,cutoff
S3_gaming,323,5,1010230005,2.7137102313432817,0.8863793456270188,cutoff
S3_gaming,323,6,1010230006,2.715127422243395,0.8867646801919169,cutoff
S3_gaming,323,7,1010230007,2.713711359257889,0.8861989362052094,cutoff
S3_gaming,324,0,1010240000,3.3534669475481684,0.8803861741782036,cutoff
S3_gaming,324,1,1010240001,3.3555555555555556,0.8648540968851589,cutoff
S3_gaming,324,2,1010240002,3.358989186659608,0.8804033376066736,cutoff
S3_gaming,324,3,1010240003,3.353683657933166,0.8726953765538343,cutoff
S3_gaming,324,4,1010240004,3.359568181835635,0.8809190779327921,cutoff
S3_gaming,324,5,1010240005,3.3635643755806304,0.87127714083466,cutoff
S3_gaming,324,6,1010240006,3.357778492075924,0.8681896175008019,cutoff
S3_gaming,324,7,1010240007,3.3622195289361394,0.8714574409980735,cutoff
S3_gaming,325,0,1010250000,4.098394520251259,0.9119070938296385,cutoff
S3_gaming,325,1,1010250001,4.095751166641558,0.9206862590193856,cutoff
S3_gaming,325,2,1010250002,4.0983930311000325,0.9189256038131232,cutoff
S3_gaming,325,3,1010250003,4.101661937723828,0.9207732214597448,cutoff
S3_gaming,325,4,1010250004,4.0957646302244575,0.9140029607636944,cutoff
S3_gaming,325,5,1010250005,4.0970740253449565,0.9149135761869224,cutoff
S3_gaming,325,6,1010250006,4.097064001078049,0.9200842885948696,cutoff
S3_gaming,325,7,1010250007,4.100567814796112,0.920695254938902,cutoff
S3_gaming,326,0,1010260000,3.688888888888889,0.9169023687941139,soc_min
S3_gaming,326,1,1010260001,3.6805555555555554,0.9171039707555704,soc_min
S3_gaming,326,2,1010260002,3.688888888888889,0.9168945849745124,soc_min
S3_gaming,326,3,1010260003,3.6944444444444446,0.9171073992202747,soc_min
S3_gaming,326,4,1010260004,3.688888888888889,0.9170931753287453,soc_min
S3_gaming,326,5,1010260005,3.686111111111111,0.9180403011682745,soc_min
S3_gaming,326,6,1010260006,3.683333333333333,0.9168475218015055,soc_min
S3_gaming,326,7,1010260007,3.686111111111111,0.9167903024770542,soc_min
S3_gaming,327,0,1010270000,2.6821556454072173,0.8685568534452952,cutoff
S3_gaming,327,1,1010270001,2.6829930526284382,0.8644699110954412,cutoff
S3_gaming,327,2,1010270002,2.683557673886515,0.8691655681293249,cutoff
S3_gaming,327,3,1010270003,2.686154495048296,0.8700063916020814,cutoff
S3_gaming,327,4,1010270004,2.683333333333333,0.8609603804899607,cutoff
S3_gaming,327,5,1010270005,2.677066413052822,0.8700730205514666,cutoff
S3_gaming,327,6,1010270006,2.6855499172954134,0.8697989915583217,cutoff
S3_gaming,327,7,1010270007,2.684433194406573,0.8732299005290244,cutoff
S3_gaming,328,0,1010280000,3.137678581161926,0.9175249421196138,cutoff
S3_gaming,328,1,1010280001,3.1451071662696117,0.9238173542809651,cutoff
S3_gaming,328,2,1010280002,3.146434039681073,0.9235286620008152,cutoff
S3_gaming,328,3,1010280003,3.1377075253326554,0.9231440269000872,cutoff
S3_gaming,328,4,1010280004,3.1477438761115297,0.9246297537232683,cutoff
S3_gaming,328,5,1010280005,3.141076637586763,0.920327736389204,cutoff
S3_gaming,328,6,1010280006,3.1429711880060567,0.9184948747042425,cutoff
S3_gaming,328,7,1010280007,3.142059895627961,0.9196655812729077,cutoff
S3_gaming,329,0,1010290000,4.8949824498329555,0.9237262148959248,cutoff
S3_gaming,329,1,1010290001,4.89057372326216,0.9161973855359702,cutoff
S3_gaming,329,2,1010290002,4.895026507080475,0.923725069302537,cutoff
S3_gaming,329,3,1010290003,4.893142960556327,0.921716349723131,cutoff
S3_gaming,329,4,1010290004,4.8954374841876795,0.923761623379121,cutoff
S3_gaming,329,5,1010290005,4.89342273289886,0.917574064259203,cutoff
S3_gaming,329,6,1010290006,4.893448553084164,0.9214533925968736,cutoff
S3_gaming,329,7,1010290007,4.894652432591013,0.9186611079033965,cutoff
S3_gaming,330,0,1010300000,3.1059381711977316,0.8806606699885413,cutoff
S3_gaming,330,1,1010300001,3.1122317246445688,0.8807776719408447,cutoff
S3_gaming,330,2,1010300002,3.108971192447151,0.8751138322677584,cutoff
S3_gaming,330,3,1010300003,3.1083333333333334,0.8644060530158836,cutoff
S3_gaming,330,4,1010300004,3.109641391842014,0.8740303772779978,cutoff
S3_gaming,330,5,1010300005,3.1050080752440525,0.8809424881057096,cutoff
S3_gaming,330,6,1010300006,3.1037055420036403,0.8807872955819259,cutoff
S3_gaming,330,7,1010300007,3.112212472447799,0.8683875547698923,cutoff
S3_gaming,331,0,1010310000,4.075,0.9108104307218976,soc_min
S3_gaming,331,1,1010310001,4.0777777777777775,0.9112293106586623,soc_min
S3_gaming,331,2,1010310002,4.072222222222222,0.9111861619754217,soc_min
S3_gaming,331,3,1010310003,4.080555555555556,0.9110208655514105,soc_min
S3_gaming,331,4,1010310004,4.080555555555556,0.9112876071502871,soc_min
S3_gaming,331,5,1010310005,4.091666666666667,0.9110617733954404,soc_min
S3_gaming,331,6,1010310006,4.086111111111111,0.910778283577511,soc_min
S3_gaming,331,7,1010310007,4.083333333333333,0.9111359503039309,soc_min
S3_gaming,332,0,1010320000,4.102777777777778,0.9160582956006954,soc_min
S3_gaming,332,1,1010320001,4.108333333333333,0.9164110544320766,soc_min
S3_gaming,332,2,1010320002,4.108333333333333,0.9163995725274601,soc_min
S3_gaming,332,3,1010320003,4.111111111111111,0.916056868996422,soc_min
S3_gaming,332,4,1010320004,4.113888888888889,0.9151941447715211,soc_min
S3_gaming,332,5,1010320005,4.113888888888889,0.9172734573558838,soc_min
S3_gaming,332,6,1010320006,4.111111111111111,0.9169691918472719,soc_min
S3_gaming,332,7,1010320007,4.113888888888889,0.9172528069569793,soc_min
S3_gaming,333,0,1010330000,2.8638358589181063,0.8917878235278013,cutoff
S3_gaming,333,1,1010330001,2.865199394561276,0.8867310749213381,cutoff
S3_gaming,333,2,1010330002,2.8668596653867287,0.8913627224027567,cutoff
S3_gaming,333,3,1010330003,2.8662595432473212,0.8908102317874734,cutoff
S3_gaming,333,4,1010330004,2.86798515212843,0.8911900222407129,cutoff
S3_gaming,333,5,1010330005,2.866008501465343,0.8913208544272998,cutoff
S3_gaming,333,6,1010330006,2.8686958124589923,0.8938160522690064,cutoff
S3_gaming,333,7,1010330007,2.866062994369165,0.8883307541846011,cutoff
S3_gaming,334,0,1010340000,3.4833333333333334,0.8806410323153513,soc_min
S3_gaming,334,1,1010340001,3.486111111111111,0.878863800297511,soc_min
S3_gaming,334,2,1010340002,3.4972222222222222,0.8810413835521381,soc_min
S3_gaming,334,3,1010340003,3.4916666666666667,0.8786761613285848,soc_min
S3_gaming,334,4,1010340004,3.488888888888889,0.8807843565162661,soc_min
S3_gaming,334,5,1010340005,3.4916666666666667,0.8793108530305257,soc_min
S3_gaming,334,6,1010340006,3.488888888888889,0.8787493177641355,soc_min
S3_gaming,334,7,1010340007,3.4916666666666667,0.8791320846360354,soc_min
S3_gaming,335,0,1010350000,2.588888888888889,0.877020933400554,soc_min
S3_gaming,335,1,1010350001,2.591666666666667,0.8778006043999503,soc_min
S3_gaming,335,2,1010350002,2.588888888888889,0.8740567063705896,soc_min
S3_gaming,335,3,1010350003,2.5944444444444446,0.8770236125071723,soc_min
S3_gaming,335,4,1010350004,2.588888888888889,0.8744169338553931,soc_min
S3_gaming,335,5,1010350005,2.591666666666667,0.875477705761743,soc_min
S3_gaming,335,6,1010350006,2.588888888888889,0.8742202627310476,soc_min
S3_gaming,335,7,1010350007,2.5861111111111112,0.8732547356505758,soc_min
S3_gaming,336,0,1010360000,3.6756782198939213,0.8860837237707924,cutoff
S3_gaming,336,1,1010360001,3.682303105357715,0.8788394438987037,cutoff
S3_gaming,336,2,1010360002,3.677946190859903,0.8761249076424729,cutoff
S3_gaming,336,3,1010360003,3.6731736332140934,0.8809636702443564,cutoff
S3_gaming,336,4,1010360004,3.680654042054352,0.8870749651923211,cutoff
S3_gaming,336,5,1010360005,3.6785175662358887,0.8842895922465689,cutoff
S3_gaming,336,6,1010360006,3.6773039022545513,0.8906464510922125,cutoff
S3_gaming,336,7,1010360007,3.6797639674983222,0.8775300902593148,cutoff
S3_gaming,337,0,1010370000,2.7666666666666666,0.9060662630368858,soc_min
S3_gaming,337,1,1010370001,2.772222222222222,0.9060771554677844,soc_min
S3_gaming,337,2,1010370002,2.7666666666666666,0.9059248635189039,soc_min
S3_gaming,337,3,1010370003,2.772222222222222,0.9063207841751568,soc_min
S3_gaming,337,4,1010370004,2.7666666666666666,0.9062425705949659,soc_min
S3_gaming,337,5,1010370005,2.775,0.9062359126944657,soc_min
S3_gaming,337,6,1010370006,2.772222222222222,0.906240654809008,soc_min
S3_gaming,337,7,1010370007,2.772222222222222,0.9065159763910132,soc_min
S3_gaming,338,0,1010380000,3.195652331714484,0.8628434371801382,cutoff
S3_gaming,338,1,1010380001,3.19657159754568,0.8637903044970324,cutoff
S3_gaming,338,2,1010380002,3.191181646233792,0.8612263152579106,cutoff
S3_gaming,338,3,1010380003,3.197689632327943,0.8650565193582063,cutoff
S3_gaming,338,4,1010380004,3.193198334611867,0.8647974280853139,cutoff
S3_gaming,338,5,1010380005,3.197122036034702,0.8654170168288086,cutoff
S3_gaming,338,6,1010380006,3.195639211854975,0.862617512473269,cutoff
S3_gaming,338,7,1010380007,3.1969697619675133,0.8613547915020129,cutoff
S3_gaming,339,0,1010390000,4.572321332273672,0.8887427729446941,cutoff
S3_gaming,339,1,1010390001,4.572679522440927,0.8950227336713064,cutoff
S3_gaming,339,2,1010390002,4.573737072125175,0.8881358159366683,cutoff
S3_gaming,339,3,1010390003,4.570281847529444,0.8950542815498652,cutoff
S3_gaming,339,4,1010390004,4.572661034013144,0.8877984415293999,cutoff
S3_gaming,339,5,1010390005,4.571974936915937,0.8952056118044833,cutoff
S3_gaming,339,6,1010390006,4.573394404048026,0.8890845923780095,cutoff
S3_gaming,339,7,1010390007,4.574461188102559,0.8901450385251714,cutoff
S3_gaming,340,0,1010400000,3.4000401920157945,0.8608414587048463,cutoff
S3_gaming,340,1,1010400001,3.400416686622303,0.8596882411352396,cutoff
S3_gaming,340,2,1010400002,3.400436596382061,0.8584997799109096,cutoff
S3_gaming,340,3,1010400003,3.4012291643628254,0.8604930937780333,cutoff
S3_gaming,340,4,1010400004,3.401171665355201,0.8597874474861739,cutoff
S3_gaming,340,5,1010400005,3.3997395067542038,0.8583665187799199,cutoff
S3_gaming,340,6,1010400006,3.401570362449391,0.853752396102338,cutoff
S3_gaming,340,7,1010400007,3.3996915631279725,0.8583101735680824,cutoff
S3_gaming,341,0,1010410000,3.5388888888888888,0.8891672207238233,soc_min
S3_gaming,341,1,1010410001,3.536111111111111,0.8879315086439387,soc_min
S3_gaming,341,2,1010410002,3.536111111111111,0.8867954681806451,soc_min
S3_gaming,341,3,1010410003,3.5388888888888888,0.887439241937649,soc_min
S3_gaming,341,4,1010410004,3.5388888888888888,0.8882500353911038,soc_min
S3_gaming,341,5,1010410005,3.536111111111111,0.8882135563239336,soc_min
S3_gaming,341,6,1010410006,3.5388888888888888,0.8892281977973177,soc_min
S3_gaming,341,7,1010410007,3.5388888888888888,0.8873160194491059,soc_min
S3_gaming,342,0,1010420000,3.1854934247818254,0.9070758177779187,cutoff
S3_gaming,342,1,1010420001,3.1902830785573513,0.9147195914569995,cutoff
S3_gaming,342,2,1010420002,3.1906260777895166,0.9077898625147065,cutoff
S3_gaming,342,3,1010420003,3.1893871080605356,0.913162915655389,cutoff
S3_gaming,342,4,1010420004,3.1962967153403263,0.9140134726638655,cutoff
S3_gaming,342,5,1010420005,3.18832791280272,0.91298201282122,cutoff
S3_gaming,342,6,1010420006,3.19049641919523,0.9133717456022412,cutoff
S3_gaming,342,7,1010420007,3.1835776843082324,0.913988941273396,cutoff
S3_gaming,343,0,1010430000,2.967927045082661,0.9018977728996433,cutoff
S3_gaming,343,1,1010430001,2.9582535001149814,0.9013689208519032,cutoff
S3_gaming,343,2,1010430002,2.963888888888889,0.8894670055805336,cutoff
S3_gaming,343,3,1010430003,2.9714142877303544,0.9020120429055695,cutoff
S3_gaming,343,4,1010430004,2.954352135522931,0.893668893093086,cutoff
S3_gaming,343,5,1010430005,2.9597057163963023,0.901702004113147,cutoff
S3_gaming,343,6,1010430006,2.955863722837084,0.9009748304047773,cutoff
S3_gaming,343,7,1010430007,2.963759246581617,0.9018963419669431,cutoff
S3_gaming,344,0,1010440000,3.2177888651780484,0.9027670082812715,cutoff
S3_gaming,344,1,1010440001,3.229557702533783,0.8919955877200182,cutoff
S3_gaming,344,2,1010440002,3.226430798070792,0.8947015503298078,cutoff
S3_gaming,344,3,1010440003,3.215677990638058,0.8933797218246675,cutoff
S3_gaming,344,4,1010440004,3.2232963098845913,0.8915627478907058,cutoff
S3_gaming,344,5,1010440005,3.2196115587672165,0.8975823558555965,cutoff
S3_gaming,344,6,1010440006,3.2201474483460846,0.9005652552494894,cutoff
S3_gaming,344,7,1010440007,3.2261577572288918,0.9027605222813725,cutoff
S3_gaming,345,0,1010450000,2.9611111111111112,0.900855832058694,soc_min
S3_gaming,345,1,1010450001,2.966666666666667,0.9058988364381848,soc_min
S3_gaming,345,2,1010450002,2.966666666666667,0.9007065608892384,soc_min
S3_gaming,345,3,1010450003,2.9611111111111112,0.9027819020912667,soc_min
S3_gaming,345,4,1010450004,2.966666666666667,0.9011449473308824,soc_min
S3_gaming,345,5,1010450005,2.9694444444444446,0.9058899607462968,soc_min
S3_gaming,345,6,1010450006,2.966666666666667,0.9033548220186646,soc_min
S3_gaming,345,7,1010450007,2.963888888888889,0.9050155621877012,soc_min
S3_gaming,346,0,1010460000,2.2172762267608803,0.8832095504237056,cutoff
S3_gaming,346,1,1010460001,2.2161015175167083,0.8791713141365629,cutoff
S3_gaming,346,2,1010460002,2.2180197341549452,0.8833540710598249,cutoff
S3_gaming,346,3,1010460003,2.218398008771668,0.8833934777016359,cutoff
S3_gaming,346,4,1010460004,2.2186228955772465,0.8834349637827499,cutoff
S3_gaming,346,5,1010460005,2.2179495918879084,0.8833161169768836,cutoff
S3_gaming,346,6,1010460006,2.2163727346253097,0.8835577839205766,cutoff
S3_gaming,346,7,1010460007,2.2174985273422525,0.8832274289457386,cutoff
S3_gaming,347,0,1010470000,2.3916666666666666,0.8532260532795306,soc_min
S3_gaming,347,1,1010470001,2.3916666666666666,0.8556226155948767,soc_min
S3_gaming,347,2,1010470002,2.388888888888889,0.8541514813120891,soc_min
S3_gaming,347,3,1010470003,2.3916666666666666,0.8573297487533291,soc_min
S3_gaming,347,4,1010470004,2.388888888888889,0.8536311759294369,soc_min
S3_gaming,347,5,1010470005,2.3916666666666666,0.8539976879711658,soc_min
S3_gaming,347,6,1010470006,2.3916666666666666,0.85508102186322,soc_min
S3_gaming,347,7,1010470007,2.3944444444444444,0.853287844699732,soc_min
S3_gaming,348,0,1010480000,2.5221151775206634,0.8736042688071349,cutoff
S3_gaming,348,1,1010480001,2.521225404471748,0.8733639082167863,cutoff
S3_gaming,348,2,1010480002,2.5224848805756133,0.8655283738370746,cutoff
S3_gaming,348,3,1010480003,2.521675902753674,0.873505467776695,cutoff
S3_gaming,348,4,1010480004,2.516617209080327,0.8628493968197328,cutoff
S3_gaming,348,5,1010480005,2.5218399982095345,0.8735020438822305,cutoff
S3_gaming,348,6,1010480006,2.5225475046683874,0.8704291517538991,cutoff
S3_gaming,348,7,1010480007,2.523839082007959,0.873354618894271,cutoff
S3_gaming,349,0,1010490000,2.6083333333333334,0.8733163408211893,soc_min
S3_gaming,349,1,1010490001,2.6055555555555556,0.8725422897867602,soc_min
S3_gaming,349,2,1010490002,2.6055555555555556,0.8728287318466388,soc_min
S3_gaming,349,3,1010490003,2.611111111111111,0.8720709266000335,soc_min
S3_gaming,349,4,1010490004,2.6083333333333334,0.8726861281575484,soc_min
S3_gaming,349,5,1010490005,2.602777777777778,0.8723860182662041,soc_min
S3_gaming,349,6,1010490006,2.6055555555555556,0.8756295216556166,soc_min
S3_gaming,349,7,1010490007,2.602777777777778,0.8723724215958778,soc_min
S3_gaming,350,0,1010500000,3.4247427840704154,0.9105226033617457,cutoff
S3_gaming,350,1,1010500001,3.4243687340134326,0.9112783127493891,cutoff
S3_gaming,350,2,1010500002,3.428378804988977,0.9074813772182665,cutoff
S3_gaming,350,3,1010500003,3.428359181918421,0.9064014971695367,cutoff
S3_gaming,350,4,1010500004,3.4261815112236547,0.9111743251208467,cutoff
S3_gaming,350,5,1010500005,3.4247844162385372,0.9113094409920246,cutoff
S3_gaming,350,6,1010500006,3.426544567009923,0.9111975439382627,cutoff
S3_gaming,350,7,1010500007,3.427974041155875,0.9107845421328581,cutoff
S3_gaming,351,0,1010510000,2.397222222222222,0.8901895297030744,soc_min
S3_gaming,351,1,1010510001,2.397222222222222,0.8866265724338659,soc_min
S3_gaming,351,2,1010510002,2.397222222222222,0.8875861541854593,soc_min
S3_gaming,351,3,1010510003,2.3944444444444444,0.887606496838263,soc_min
S3_gaming,351,4,1010510004,2.3944444444444444,0.8865196399651281,soc_min
S3_gaming,351,5,1010510005,2.397222222222222,0.886618881826486,soc_min
S3_gaming,351,6,1010510006,2.397222222222222,0.8877150680873633,soc_min
S3_gaming,351,7,1010510007,2.397222222222222,0.8864390913350685,soc_min
S3_gaming,352,0,1010520000,3.445383126507867,0.8955702838904148,cutoff
S3_gaming,352,1,1010520001,3.4460506904788537,0.8960203678710679,cutoff
S3_gaming,352,2,1010520002,3.445158646112032,0.8980257019700097,cutoff
S3_gaming,352,3,1010520003,3.4472222222222224,0.8943852838955839,cutoff
S3_gaming,352,4,1010520004,3.444324810139631,0.8976724347596841,cutoff
S3_gaming,352,5,1010520005,3.445326534488456,0.9055565638547082,cutoff
S3_gaming,352,6,1010520006,3.4507126013024627,0.8984430991147914,cutoff
S3_gaming,352,7,1010520007,3.459326173015419,0.9025122097318029,cutoff
S3_gaming,353,0,1010530000,2.9379915403712205,0.8784466714496745,cutoff
S3_gaming,353,1,1010530001,2.9376190550605457,0.8783840863040603,cutoff
S3_gaming,353,2,1010530002,2.9379890736070835,0.8784338828336598,cutoff
S3_gaming,353,3,1010530003,2.936157977546044,0.8781727916895972,cutoff
S3_gaming,353,4,1010530004,2.937987924016052,0.8784383771660541,cutoff
S3_gaming,353,5,1010530005,2.9368385419698657,0.8782460548139864,cutoff
S3_gaming,353,6,1010530006,2.938368058777436,0.878518381400693,cutoff
S3_gaming,353,7,1010530007,2.9376249600730304,0.8783837048553633,cutoff
S3_gaming,354,0,1010540000,4.230822220080477,0.9129207562640675,cutoff
S3_gaming,354,1,1010540001,4.227777777777778,0.9061234658607178,cutoff
S3_gaming,354,2,1010540002,4.232609741171505,0.9128802805999654,cutoff
S3_gaming,354,3,1010540003,4.233095276551693,0.9108207441660312,cutoff
S3_gaming,354,4,1010540004,4.230555555555555,0.9061285481281354,cutoff
S3_gaming,354,5,1010540005,4.2381445367849855,0.907242974493878,cutoff
S3_gaming,354,6,1010540006,4.228803520859671,0.9129770285880004,cutoff
S3_gaming,354,7,1010540007,4.230555555555555,0.9059551139168767,cutoff
S3_gaming,355,0,1010550000,3.414382675674967,0.8975747219222633,cutoff
S3_gaming,355,1,1010550001,3.4161974306471707,0.8891732317412703,cutoff
S3_gaming,355,2,1010550002,3.4143797749088654,0.8975721528613916,cutoff
S3_gaming,355,3,1010550003,3.413192251262689,0.8956401284524413,cutoff
S3_gaming,355,4,1010550004,3.4173889285531938,0.8975986809888774,cutoff
S3_gaming,355,5,1010550005,3.4143602361664196,0.8900212822446754,cutoff
S3_gaming,355,6,1010550006,3.4194444444444443,0.8814834932834298,cutoff
S3_gaming,355,7,1010550007,3.4166508042147328,0.8959897757507661,cutoff
S3_gaming,356,0,1010560000,2.85172443102818,0.8865717954379417,cutoff
S3_gaming,356,1,1010560001,2.8536560704377156,0.8860833108447393,cutoff
S3_gaming,356,2,1010560002,2.8565434891014543,0.8864492933515138,cutoff
S3_gaming,356,3,1010560003,2.8522101047029405,0.8853981897906948,cutoff
S3_gaming,356,4,1010560004,2.8580070904047727,0.8839976403316023,cutoff
S3_gaming,356,5,1010560005,2.85620413452235,0.8863985287658381,cutoff
S3_gaming,356,6,1010560006,2.8531743394638127,0.8858124220632687,cutoff
S3_gaming,356,7,1010560007,2.856263514775004,0.8848332552440812,cutoff
S3_gaming,357,0,1010570000,2.9374718410980165,0.8983449320382819,cutoff
S3_gaming,357,1,1010570001,2.9420840156198342,0.901058235670184,cutoff
S3_gaming,357,2,1010570002,2.939525635805628,0.8999198368671035,cutoff
S3_gaming,357,3,1010570003,2.93931844230754,0.9010581391365441,cutoff
S3_gaming,357,4,1010570004,2.9398304685574335,0.8982921115720244,cutoff
S3_gaming,357,5,1010570005,2.9425325139597125,0.9011081951939871,cutoff
S3_gaming,357,6,1010570006,2.93937482590688,0.9010691891600777,cutoff
S3_gaming,357,7,1010570007,2.939772566130202,0.9011151420098402,cutoff
S3_gaming,358,0,1010580000,1.9359778368016953,0.893765931485215,cutoff
S3_gaming,358,1,1010580001,1.9377138743115694,0.8940213375301723,cutoff
S3_gaming,358,2,1010580002,1.9377398345937937,0.8951696472765694,cutoff
S3_gaming,358,3,1010580003,1.9407335248524509,0.8951707301727809,cutoff
S3_gaming,358,4,1010580004,1.9349267292351218,0.8950905763243179,cutoff
S3_gaming,358,5,1010580005,1.9371231041858137,0.8909375266005626,cutoff
S3_gaming,358,6,1010580006,1.9363647223273992,0.8928529017535187,cutoff
S3_gaming,358,7,1010580007,1.9376673779228537,0.89305552699216,cutoff
S3_gaming,359,0,1010590000,2.6247100161670263,0.8665176424083909,cutoff
S3_gaming,359,1,1010590001,2.6238529085767435,0.8660985921080399,cutoff
S3_gaming,359,2,1010590002,2.6233678358827874,0.861250439948471,cutoff
S3_gaming,359,3,1010590003,2.624980806589681,0.8665599366801824,cutoff
S3_gaming,359,4,1010590004,2.6217849533054425,0.8664923145843577,cutoff
S3_gaming,359,5,1010590005,2.624029178809428,0.8664069255203752,cutoff
S3_gaming,359,6,1010590006,2.6228333340619816,0.8646330606611238,cutoff
S3_gaming,359,7,1010590007,2.624069557211788,0.8643740702770558,cutoff
S3_gaming,360,0,1010600000,3.2425519894950985,0.8884543553880943,cutoff
S3_gaming,360,1,1010600001,3.2411475969644252,0.8918212688709789,cutoff
S3_gaming,360,2,1010600002,3.2414676510621843,0.8955133746671503,cutoff
S3_gaming,360,3,1010600003,3.2429767667142944,0.8868104170794179,cutoff
S3_gaming,360,4,1010600004,3.239681094209935,0.8964377208525439,cutoff
S3_gaming,360,5,1010600005,3.2316770615641945,0.8961585377975346,cutoff
S3_gaming,360,6,1010600006,3.236111111111111,0.8853827836962082,cutoff
S3_gaming,360,7,1010600007,3.243058907053017,0.8925276160753277,cutoff
S3_gaming,361,0,1010610000,3.4697437679365537,0.9121091895396468,cutoff
S3_gaming,361,1,1010610001,3.464460807264044,0.9095829410153052,cutoff
S3_gaming,361,2,1010610002,3.4689520355491896,0.9108154379748319,cutoff
S3_gaming,361,3,1010610003,3.4689426019266323,0.9120216214955831,cutoff
S3_gaming,361,4,1010610004,3.468235886562896,0.9040112728642088,cutoff
S3_gaming,361,5,1010610005,3.46521455058961,0.9064322338319254,cutoff
S3_gaming,361,6,1010610006,3.470503800261927,0.9066111743909293,cutoff
S3_gaming,361,7,1010610007,3.4705016063347114,0.9109204304748715,cutoff
S3_gaming,362,0,1010620000,2.991533418175121,0.8838642483918066,cutoff
S3_gaming,362,1,1010620001,2.9843762743974724,0.8929352840928414,cutoff
S3_gaming,362,2,1010620002,2.991559006239507,0.8907965170473046,cutoff
S3_gaming,362,3,1010620003,2.9855693700572514,0.8958980451642858,cutoff
S3_gaming,362,4,1010620004,2.986331667292621,0.8820418894906964,cutoff
S3_gaming,362,5,1010620005,2.986055345926184,0.8879782362758522,cutoff
S3_gaming,362,6,1010620006,2.9860775008647735,0.892767341794086,cutoff
S3_gaming,362,7,1010620007,2.990317599886056,0.8949063095056691,cutoff
S3_gaming,363,0,1010630000,4.190543583943764,0.8937126491144869,cutoff
S3_gaming,363,1,1010630001,4.187433834982221,0.9020325133385453,cutoff
S3_gaming,363,2,1010630002,4.19218429673822,0.9017295263272793,cutoff
S3_gaming,363,3,1010630003,4.180555555555555,0.8912837923233877,cutoff
S3_gaming,363,4,1010630004,4.1860784464471905,0.892818624233355,cutoff
S3_gaming,363,5,1010630005,4.176766489300644,0.8955939342355205,cutoff
S3_gaming,363,6,1010630006,4.1885110021339305,0.8977129644231711,cutoff
S3_gaming,363,7,1010630007,4.186712515456805,0.8933949896203741,cutoff
S3_gaming,364,0,1010640000,2.6178613266804773,0.873006574062488,cutoff
S3_gaming,364,1,1010640001,2.6158305893810994,0.8719662230315685,cutoff
S3_gaming,364,2,1010640002,2.6085892655020446,0.8632079025796618,cutoff
S3_gaming,364,3,1010640003,2.617830119404434,0.8710028455212628,cutoff
S3_gaming,364,4,1010640004,2.6131927019570442,0.8667823802346994,cutoff
S3_gaming,364,5,1010640005,2.614843700713562,0.8684692737874312,cutoff
S3_gaming,364,6,1010640006,2.6188708586809475,0.858367599460301,cutoff
S3_gaming,364,7,1010640007,2.615810159918477,0.8683611102151987,cutoff
S3_gaming,365,0,1010650000,3.554149177445819,0.9055306180346614,cutoff
S3_gaming,365,1,1010650001,3.557488509040331,0.8983382277715722,cutoff
S3_gaming,365,2,1010650002,3.555979230246856,0.9054207937260049,cutoff
S3_gaming,365,3,1010650003,3.5519106889661667,0.8962389686109574,cutoff
S3_gaming,365,4,1010650004,3.556944744160851,0.9055263556187068,cutoff
S3_gaming,365,5,1010650005,3.556491705611612,0.9054549877478169,cutoff
S3_gaming,365,6,1010650006,3.5570958054298787,0.8986273021170978,cutoff
S3_gaming,365,7,1010650007,3.553874458796339,0.9055098283590046,cutoff
S3_gaming,366,0,1010660000,3.9583333333333335,0.924672148361425,soc_min
S3_gaming,366,1,1010660001,3.9583333333333335,0.9243495011138849,soc_min
S3_gaming,366,2,1010660002,3.9583333333333335,0.9243316267284836,soc_min
S3_gaming,366,3,1010660003,3.952777777777778,0.9257735268046611,soc_min
S3_gaming,366,4,1010660004,3.9611111111111112,0.9248559520591565,soc_min
S3_gaming,366,5,1010660005,3.9555555555555557,0.9246472944160817,soc_min
S3_gaming,366,6,1010660006,3.9555555555555557,0.9248168740981241,soc_min
S3_gaming,366,7,1010660007,3.9611111111111112,0.9309962086927256,soc_min
S3_gaming,367,0,1010670000,2.488888888888889,0.8852424560658243,soc_min
S3_gaming,367,1,1010670001,2.488888888888889,0.88584693129508,soc_min
S3_gaming,367,2,1010670002,2.488888888888889,0.8851322092992222,soc_min
S3_gaming,367,3,1010670003,2.488888888888889,0.8863908726014835,soc_min
S3_gaming,367,4,1010670004,2.488888888888889,0.8899295130088558,soc_min
S3_gaming,367,5,1010670005,2.4916666666666667,0.8867751199704135,soc_min
S3_gaming,367,6,1010670006,2.488888888888889,0.8856292264688417,soc_min
S3_gaming,367,7,1010670007,2.488888888888889,0.8864530579892852,soc_min
S3_gaming,368,0,1010680000,2.777515046459741,0.868270304175382,cutoff
S3_gaming,368,1,1010680001,2.7783560092573443,0.8696320095364739,cutoff
S3_gaming,368,2,1010680002,2.777799084696685,0.8685934478346086,cutoff
S3_gaming,368,3,1010680003,2.779201452619313,0.8697613720563725,cutoff
S3_gaming,368,4,1010680004,2.7779793274323334,0.8657200530602541,cutoff
S3_gaming,368,5,1010680005,2.7763829802591586,0.8692426232410589,cutoff
S3_gaming,368,6,1010680006,2.778920210814958,0.869718039936159,cutoff
S3_gaming,368,7,1010680007,2.7766677150510652,0.8687993390472806,cutoff
S3_gaming,369,0,1010690000,2.84633465906393,0.9066085454141857,cutoff
S3_gaming,369,1,1010690001,2.846805122906973,0.9037878857785648,cutoff
S3_gaming,369,2,1010690002,2.848397450011227,0.902173360048852,cutoff
S3_gaming,369,3,1010690003,2.8487465651080797,0.9050677142873897,cutoff
S3_gaming,369,4,1010690004,2.8467951376353113,0.9056827847936182,cutoff
S3_gaming,369,5,1010690005,2.8499882633223828,0.9053599652433396,cutoff
S3_gaming,369,6,1010690006,2.8459988896382047,0.9039815629476052,cutoff
S3_gaming,369,7,1010690007,2.8483785965481796,0.9126167714233226,cutoff
S3_gaming,370,0,1010700000,3.961469969950057,0.9147746813169706,cutoff
S3_gaming,370,1,1010700001,3.9603880535006617,0.9107661393991118,cutoff
S3_gaming,370,2,1010700002,3.9619918814121604,0.918267032893848,cutoff
S3_gaming,370,3,1010700003,3.9619994415183832,0.9169719271345014,cutoff
S3_gaming,370,4,1010700004,3.9587750184819512,0.9123523640043987,cutoff
S3_gaming,370,5,1010700005,3.9561140851183456,0.915862063456618,cutoff
S3_gaming,370,6,1010700006,3.9602872764254577,0.9112045659767763,cutoff
S3_gaming,370,7,1010700007,3.958208799382097,0.9145119258263021,cutoff
S3_gaming,371,0,1010710000,2.7555555555555555,0.8744322848596768,soc_min
S3_gaming,371,1,1010710001,2.75,0.8677661982526496,soc_min
S3_gaming,371,2,1010710002,2.7555555555555555,0.8742955099869198,soc_min
S3_gaming,371,3,1010710003,2.7555555555555555,0.8687128954683481,soc_min
S3_gaming,371,4,1010710004,2.7583333333333333,0.8692208032994967,soc_min
S3_gaming,371,5,1010710005,2.7555555555555555,0.8693824291489047,soc_min
S3_gaming,371,6,1010710006,2.7555555555555555,0.8676720509195228,soc_min
S3_gaming,371,7,1010710007,2.7555555555555555,0.8698042494893659,soc_min
S3_gaming,372,0,1010720000,2.3833333333333333,0.8937529598821781,soc_min
S3_gaming,372,1,1010720001,2.3833333333333333,0.8918816095207837,soc_min
S3_gaming,372,2,1010720002,2.3833333333333333,0.8917804081040027,soc_min
S3_gaming,372,3,1010720003,2.3833333333333333,0.8914353115399181,soc_min
S3_gaming,372,4,1010720004,2.3805555555555555,0.8913262605476148,soc_min
S3_gaming,372,5,1010720005,2.3805555555555555,0.8909567019834638,soc_min
S3_gaming,372,6,1010720006,2.3833333333333333,0.891254425346956,soc_min
S3_gaming,372,7,1010720007,2.3805555555555555,0.8926897822634985,soc_min
S3_gaming,373,0,1010730000,2.8722222222222222,0.8654443810342192,soc_min
S3_gaming,373,1,1010730001,2.8666666666666667,0.8649916692592643,soc_min
S3_gaming,373,2,1010730002,2.8694444444444445,0.8655281435784201,soc_min
S3_gaming,373,3,1010730003,2.8722222222222222,0.8649550992531176,soc_min
S3_gaming,373,4,1010730004,2.8694444444444445,0.8654786084391228,soc_min
S3_gaming,373,5,1010730005,2.8666666666666667,0.8652449554091991,soc_min
S3_gaming,373,6,1010730006,2.8694444444444445,0.8654261939627028,soc_min
S3_gaming,373,7,1010730007,2.8694444444444445,0.8666143295573406,soc_min
S3_gaming,374,0,1010740000,2.8,0.8842888458113267,soc_min
S3_gaming,374,1,1010740001,2.797222222222222,0.8850882782104605,soc_min
S3_gaming,374,2,1010740002,2.8027777777777776,0.8954369655020828,soc_min
S3_gaming,374,3,1010740003,2.8,0.885479864802714,soc_min
S3_gaming,374,4,1010740004,2.8,0.8848603110456777,soc_min
S3_gaming,374,5,1010740005,2.8027777777777776,0.8850070426142841,soc_min
S3_gaming,374,6,1010740006,2.8055555555555554,0.8843320899430457,soc_min
S3_gaming,374,7,1010740007,2.8027777777777776,0.8847340601917284,soc_min
S3_gaming,375,0,1010750000,4.916249710522663,0.9234835865518307,cutoff
S3_gaming,375,1,1010750001,4.917954686514681,0.927433134875407,cutoff
S3_gaming,375,2,1010750002,4.91545959367832,0.9265856577958204,cutoff
S3_gaming,375,3,1010750003,4.917485852623097,0.9307432333262478,cutoff
S3_gaming,375,4,1010750004,4.91618821402915,0.923678180767535,cutoff
S3_gaming,375,5,1010750005,4.909924235992646,0.9234454315403047,cutoff
S3_gaming,375,6,1010750006,4.917814030218903,0.930410405193579,cutoff
S3_gaming,375,7,1010750007,4.918835721473884,0.9309361820999822,cutoff
S3_gaming,376,0,1010760000,2.8350986489944217,0.8784382484762719,cutoff
S3_gaming,376,1,1010760001,2.833074822418952,0.8784062104798112,cutoff
S3_gaming,376,2,1010760002,2.8222222222222224,0.8608854757705978,cutoff
S3_gaming,376,3,1010760003,2.833490919117918,0.8765828713962703,cutoff
S3_gaming,376,4,1010760004,2.831970636867566,0.8763743417939382,cutoff
S3_gaming,376,5,1010760005,2.830422619166458,0.8724661766947993,cutoff
S3_gaming,376,6,1010760006,2.8311767905107623,0.8787233524312381,cutoff
S3_gaming,376,7,1010760007,2.8319181452349493,0.8771127932105961,cutoff
S3_gaming,377,0,1010770000,2.7747190619542073,0.9089267707399774,cutoff
S3_gaming,377,1,1010770001,2.774350173556118,0.9064773063684727,cutoff
S3_gaming,377,2,1010770002,2.775090047619603,0.90626109805987,cutoff
S3_gaming,377,3,1010770003,2.7743464208943864,0.910285645563695,cutoff
S3_gaming,377,4,1010770004,2.7717943678785493,0.9084729435195472,cutoff
S3_gaming,377,5,1010770005,2.7743457630845163,0.9102869385840139,cutoff
S3_gaming,377,6,1010770006,2.7735963360151263,0.9051304436110801,cutoff
S3_gaming,377,7,1010770007,2.7737430684090425,0.9090039962008895,cutoff
S3_gaming,378,0,1010780000,2.2001908280200753,0.8596740852613599,cutoff
S3_gaming,378,1,1010780001,2.1997481343612373,0.8603487761355573,cutoff
S3_gaming,378,2,1010780002,2.209806176718326,0.8716764239440518,cutoff
S3_gaming,378,3,1010780003,2.2061656812670916,0.8718825001393247,cutoff
S3_gaming,378,4,1010780004,2.196394356377676,0.8602211066226946,cutoff
S3_gaming,378,5,1010780005,2.2101383497254425,0.8724250386138787,cutoff
S3_gaming,378,6,1010780006,2.206780992744331,0.8654779807257112,cutoff
S3_gaming,378,7,1010780007,2.2012754596757387,0.8599343404298369,cutoff
S3_gaming,379,0,1010790000,4.12254205402797,0.9351296169413432,cutoff
S3_gaming,379,1,1010790001,4.12263206212049,0.9351429884501897,cutoff
S3_gaming,379,2,1010790002,4.124639528520774,0.9352534659341784,cutoff
S3_gaming,379,3,1010790003,4.1229095891531635,0.9310787133205828,cutoff
S3_gaming,379,4,1010790004,4.122545822829369,0.9351375474353267,cutoff
S3_gaming,379,5,1010790005,4.119159025313504,0.9304817722970506,cutoff
S3_gaming,379,6,1010790006,4.122542283981363,0.9338244073640517,cutoff
S3_gaming,379,7,1010790007,4.123453943988304,0.9337413313821797,cutoff
S3_gaming,380,0,1010800000,4.5055555555555555,0.9094553029474397,soc_min
S3_gaming,380,1,1010800001,4.513888888888889,0.9094980620668989,soc_min
S3_gaming,380,2,1010800002,4.522222222222222,0.9098238241510365,soc_min
S3_gaming,380,3,1010800003,4.5055555555555555,0.9095911983910029,soc_min
S3_gaming,380,4,1010800004,4.502777777777778,0.9095397182703338,soc_min
S3_gaming,380,5,1010800005,4.516666666666667,0.9101615939807552,soc_min
S3_gaming,380,6,1010800006,4.5,0.9094865271407606,soc_min
S3_gaming,380,7,1010800007,4.5,0.9096263353309857,soc_min
S3_gaming,381,0,1010810000,3.3116752657479855,0.91390336945387,cutoff
S3_gaming,381,1,1010810001,3.308366199691527,0.9117446966381274,cutoff
S3_gaming,381,2,1010810002,3.3122645091981906,0.9139430403120283,cutoff
S3_gaming,381,3,1010810003,3.308599565965887,0.9138568288492432,cutoff
S3_gaming,381,4,1010810004,3.310306453553495,0.9099402974699107,cutoff
S3_gaming,381,5,1010810005,3.31015520951237,0.9140029192791064,cutoff
S3_gaming,381,6,1010810006,3.3102499685790083,0.9140448731961842,cutoff
S3_gaming,381,7,1010810007,3.308351397798596,0.91382880849243,cutoff
S3_gaming,382,0,1010820000,3.532446775257691,0.9023900425707532,cutoff
S3_gaming,382,1,1010820001,3.5345493018866456,0.9027741948042798,cutoff
S3_gaming,382,2,1010820002,3.5284304923526197,0.9096519059379714,cutoff
S3_gaming,382,3,1010820003,3.533465616103468,0.9063553923611137,cutoff
S3_gaming,382,4,1010820004,3.533912667553991,0.9058461686095757,cutoff
S3_gaming,382,5,1010820005,3.533333333333333,0.9011499964293569,cutoff
S3_gaming,382,6,1010820006,3.534320425604818,0.9096442056233482,cutoff
S3_gaming,382,7,1010820007,3.5301326850566896,0.9097893230647647,cutoff
S3_gaming,383,0,1010830000,3.4747215933903597,0.9101248013703177,cutoff
S3_gaming,383,1,1010830001,3.476149829416165,0.9163517825756917,cutoff
S3_gaming,383,2,1010830002,3.4763905888087017,0.9128817776210584,cutoff
S3_gaming,383,3,1010830003,3.4774875037513038,0.9164722987200344,cutoff
S3_gaming,383,4,1010830004,3.4776669999384966,0.9164720950890849,cutoff
S3_gaming,383,5,1010830005,3.4785203024014986,0.9113034573105655,cutoff
S3_gaming,383,6,1010830006,3.4747917842614084,0.9158230142300887,cutoff
S3_gaming,383,7,1010830007,3.472694406937897,0.9163217095554778,cutoff
S3_gaming,384,0,1010840000,3.3799409800318916,0.8871636828896227,cutoff
S3_gaming,384,1,1010840001,3.3821047029056275,0.8870720713020741,cutoff
S3_gaming,384,2,1010840002,3.383082293994583,0.8871924490242148,cutoff
S3_gaming,384,3,1010840003,3.381593709139794,0.8870327956846956,cutoff
S3_gaming,384,4,1010840004,3.381510791448784,0.8840529431210662,cutoff
S3_gaming,384,5,1010840005,3.380918961904679,0.8833112099571141,cutoff
S3_gaming,384,6,1010840006,3.3820133618592676,0.8798294791612669,cutoff
S3_gaming,384,7,1010840007,3.375868812078307,0.8870099342141151,cutoff
S3_gaming,385,0,1010850000,3.0447953423601066,0.9053573638549783,cutoff
S3_gaming,385,1,1010850001,3.051103187309577,0.9104797899911173,cutoff
S3_gaming,385,2,1010850002,3.0505722101911856,0.9141789477498508,cutoff
S3_gaming,385,3,1010850003,3.043978562303791,0.912225457054438,cutoff
S3_gaming,385,4,1010850004,3.04818909577323,0.9059798774993324,cutoff
S3_gaming,385,5,1010850005,3.0480036711771112,0.9140420634858665,cutoff
S3_gaming,385,6,1010850006,3.0533099241987665,0.9142490612615627,cutoff
S3_gaming,385,7,1010850007,3.051069363408237,0.9141593725136994,cutoff
S3_gaming,386,0,1010860000,3.6399862189991126,0.9158665763339313,cutoff
S3_gaming,386,1,1010860001,3.637082190428004,0.9160349569259721,cutoff
S3_gaming,386,2,1010860002,3.642216260299123,0.917950972306045,cutoff
S3_gaming,386,3,1010860003,3.642456688890474,0.9190592474990192,cutoff
S3_gaming,386,4,1010860004,3.642074292915264,0.9200740683452497,cutoff
S3_gaming,386,5,1010860005,3.642086105246549,0.9184678778120812,cutoff
S3_gaming,386,6,1010860006,3.6416929299302887,0.9157119932898822,cutoff
S3_gaming,386,7,1010860007,3.638244681555156,0.9187396103004392,cutoff
S3_gaming,387,0,1010870000,2.9415768072457564,0.8592031465664282,cutoff
S3_gaming,387,1,1010870001,2.9464047882500015,0.8585187834384986,cutoff
S3_gaming,387,2,1010870002,2.950175192312903,0.8598257353165304,cutoff
S3_gaming,387,3,1010870003,2.9444444444444446,0.8567819109261855,cutoff
S3_gaming,387,4,1010870004,2.9400615234012912,0.8654543550584131,cutoff
S3_gaming,387,5,1010870005,2.9525172466801695,0.8647436677503565,cutoff
S3_gaming,387,6,1010870006,2.9506169726933438,0.8642001443048044,cutoff
S3_gaming,387,7,1010870007,2.9344014347354928,0.8581048776766693,cutoff
S3_gaming,388,0,1010880000,3.064274370532865,0.8712595917358047,cutoff
S3_gaming,388,1,1010880001,3.059428685869779,0.8689121598351253,cutoff
S3_gaming,388,2,1010880002,3.0626216078824506,0.874409436010867,cutoff
S3_gaming,388,3,1010880003,3.0632255602564262,0.8747425183915764,cutoff
S3_gaming,388,4,1010880004,3.0654196386799852,0.8751364675228602,cutoff
S3_gaming,388,5,1010880005,3.063315600983642,0.8738017391977956,cutoff
S3_gaming,388,6,1010880006,3.0588095636177677,0.8687518932860947,cutoff
S3_gaming,388,7,1010880007,3.0609075639616377,0.8700472101354255,cutoff
S3_gaming,389,0,1010890000,3.5272697137557185,0.9017698736737015,cutoff
S3_gaming,389,1,1010890001,3.522109716113627,0.8972569539192856,cutoff
S3_gaming,389,2,1010890002,3.5273431566097146,0.9033466593685332,cutoff
S3_gaming,389,3,1010890003,3.526969108839988,0.9033183276630542,cutoff
S3_gaming,389,4,1010890004,3.526777828412298,0.9033022443207013,cutoff
S3_gaming,389,5,1010890005,3.525783704132414,0.9031999813853804,cutoff
S3_gaming,389,6,1010890006,3.5269767683329065,0.9001821107141577,cutoff
S3_gaming,389,7,1010890007,3.5281070578016926,0.9031566577744574,cutoff
S3_gaming,390,0,1010900000,3.035140308522804,0.9079617665249299,cutoff
S3_gaming,390,1,1010900001,3.031942267870535,0.9042289869019453,cutoff
S3_gaming,390,2,1010900002,3.0331159194179884,0.9080603401360676,cutoff
S3_gaming,390,3,1010900003,3.0331107103126977,0.905667512113247,cutoff
S3_gaming,390,4,1010900004,3.033978622578763,0.9078172406816813,cutoff
S3_gaming,390,5,1010900005,3.0342665526263284,0.9078485691037007,cutoff
S3_gaming,390,6,1010900006,3.035425365005578,0.9079816828825564,cutoff
S3_gaming,390,7,1010900007,3.0339802130262026,0.9078215710841555,cutoff
S3_gaming,391,0,1010910000,4.627973643592544,0.9090260469034508,cutoff
S3_gaming,391,1,1010910001,4.623971054042893,0.9091539232744879,cutoff
S3_gaming,391,2,1010910002,4.622149581612981,0.9092240982076577,cutoff
S3_gaming,391,3,1010910003,4.626693393755311,0.9042847513379532,cutoff
S3_gaming,391,4,1010910004,4.623062122017432,0.9090920097167121,cutoff
S3_gaming,391,5,1010910005,4.626381165879687,0.9057579813601547,cutoff
S3_gaming,391,6,1010910006,4.629854182253239,0.9029573250276867,cutoff
S3_gaming,391,7,1010910007,4.627721284555225,0.9092268642574339,cutoff
S3_gaming,392,0,1010920000,3.470866553287392,0.8943761522999469,cutoff
S3_gaming,392,1,1010920001,3.471700293456204,0.8945151225668112,cutoff
S3_gaming,392,2,1010920002,3.468251251779241,0.8867042698254927,cutoff
S3_gaming,392,3,1010920003,3.4693510493030644,0.8886643506412176,cutoff
S3_gaming,392,4,1010920004,3.4708838362501777,0.894428822249109,cutoff
S3_gaming,392,5,1010920005,3.471566866055795,0.8944713693555504,cutoff
S3_gaming,392,6,1010920006,3.4702978512008884,0.8943241227431863,cutoff
S3_gaming,392,7,1010920007,3.470847169338053,0.894432338546347,cutoff
S3_gaming,393,0,1010930000,3.434985821851004,0.8894090361521769,cutoff
S3_gaming,393,1,1010930001,3.4247795867577726,0.8898137428498264,cutoff
S3_gaming,393,2,1010930002,3.4341864670744093,0.8826987961461357,cutoff
S3_gaming,393,3,1010930003,3.4313577291701303,0.8893704359303259,cutoff
S3_gaming,393,4,1010930004,3.436976067087853,0.8785210146943413,cutoff
S3_gaming,393,5,1010930005,3.4346141913693145,0.882145627835384,cutoff
S3_gaming,393,6,1010930006,3.4305555555555554,0.871553230658769,cutoff
S3_gaming,393,7,1010930007,3.432316672052404,0.889305326875122,cutoff
S3_gaming,394,0,1010940000,2.56035405013254,0.901535083658122,cutoff
S3_gaming,394,1,1010940001,2.564000735157066,0.9012545926099345,cutoff
S3_gaming,394,2,1010940002,2.5624676638109434,0.9014827525875759,cutoff
S3_gaming,394,3,1010940003,2.56296286470711,0.901486326241739,cutoff
S3_gaming,394,4,1010940004,2.562243848984935,0.8921607107890313,cutoff
S3_gaming,394,5,1010940005,2.561428240039276,0.90130915008577,cutoff
S3_gaming,394,6,1010940006,2.561431977716871,0.9013176041534352,cutoff
S3_gaming,394,7,1010940007,2.5624482086093168,0.9014252550998627,cutoff
S3_gaming,395,0,1010950000,3.4194444444444443,0.8876157221150254,soc_min
S3_gaming,395,1,1010950001,3.4166666666666665,0.8868552267349264,soc_min
S3_gaming,395,2,1010950002,3.4166666666666665,0.8926462858006492,soc_min
S3_gaming,395,3,1010950003,3.4166666666666665,0.8853739822145144,soc_min
S3_gaming,395,4,1010950004,3.4138888888888888,0.8888972231489435,soc_min
S3_gaming,395,5,1010950005,3.4138888888888888,0.8849075885936573,soc_min
S3_gaming,395,6,1010950006,3.4166666666666665,0.8852912730030881,soc_min
S3_gaming,395,7,1010950007,3.4166666666666665,0.8869763458930329,soc_min
S3_gaming,396,0,1010960000,3.004613354680154,0.8884139670064154,cutoff
S3_gaming,396,1,1010960001,3.002461781269563,0.8873649861083024,cutoff
S3_gaming,396,2,1010960002,3.003203149991742,0.88822614927472,cutoff
S3_gaming,396,3,1010960003,3.004612852002969,0.888419555803948,cutoff
S3_gaming,396,4,1010960004,3.0018236581360718,0.8789686926616711,cutoff
S3_gaming,396,5,1010960005,3.004595342489594,0.8760988033442153,cutoff
S3_gaming,396,6,1010960006,2.9997035825520935,0.8876371650782668,cutoff
S3_gaming,396,7,1010960007,3.000399423039196,0.8874359874869758,cutoff
S3_gaming,397,0,1010970000,2.3773918124146616,0.8484293170684994,cutoff
S3_gaming,397,1,1010970001,2.3773805699528223,0.8510018280554834,cutoff
S3_gaming,397,2,1010970002,2.3775036507598295,0.8531629447769035,cutoff
S3_gaming,397,3,1010970003,2.3825452877117717,0.847717470325339,cutoff
S3_gaming,397,4,1010970004,2.3842049590765066,0.8505010528594464,cutoff
S3_gaming,397,5,1010970005,2.3777048808909806,0.8484888161697236,cutoff
S3_gaming,397,6,1010970006,2.3778828905715175,0.8456373644565731,cutoff
S3_gaming,397,7,1010970007,2.384960524437356,0.8522659702716783,cutoff
S3_gaming,398,0,1010980000,3.898756907471765,0.8986525725745583,cutoff
S3_gaming,398,1,1010980001,3.8960790745168925,0.8919000400451437,cutoff
S3_gaming,398,2,1010980002,3.8881116400100493,0.896656361686243,cutoff
S3_gaming,398,3,1010980003,3.8960971495123884,0.9017705588360112,cutoff
S3_gaming,398,4,1010980004,3.888888888888889,0.8882988570901023,cutoff
S3_gaming,398,5,1010980005,3.895023435791803,0.898809181356997,cutoff
S3_gaming,398,6,1010980006,3.8927795729844132,0.8968363101117932,cutoff
S3_gaming,398,7,1010980007,3.8933483820329573,0.8901715592501682,cutoff
S3_gaming,399,0,1010990000,3.215423504024552,0.8973874179902145,cutoff
S3_gaming,399,1,1010990001,3.200438499318072,0.8917001577671805,cutoff
S3_gaming,399,2,1010990002,3.2084353903649214,0.8910388658958945,cutoff
S3_gaming,399,3,1010990003,3.205213291856517,0.8824774458112845,cutoff
S3_gaming,399,4,1010990004,3.2048159991951684,0.8882865280548286,cutoff
S3_gaming,399,5,1010990005,3.2064543579283424,0.8894226416917723,cutoff
S3_gaming,399,6,1010990006,3.20844603329293,0.8901750030831797,cutoff
S3_gaming,399,7,1010990007,3.2074386422044334,0.890601634966543,cutoff
S3_gaming,400,0,1011000000,3.0951760493357856,0.9025772984995348,cutoff
S3_gaming,400,1,1011000001,3.0933944727715272,0.9028345965995733,cutoff
S3_gaming,400,2,1011000002,3.098870846147248,0.8913753003068426,cutoff
S3_gaming,400,3,1011000003,3.0937185181550446,0.899612881149751,cutoff
S3_gaming,400,4,1011000004,3.0879554235889874,0.8954922537316623,cutoff
S3_gaming,400,5,1011000005,3.0952445840221383,0.8997103150568012,cutoff
S3_gaming,400,6,1011000006,3.0929090978853084,0.8997042739086971,cutoff
S3_gaming,400,7,1011000007,3.097977731682156,0.8913414121635812,cutoff
S3_gaming,401,0,1011010000,3.2925776201351438,0.8746769550112418,cutoff
S3_gaming,401,1,1011010001,3.2955684854137024,0.8729343683605411,cutoff
S3_gaming,401,2,1011010002,3.2912138576662486,0.8827786903745369,cutoff
S3_gaming,401,3,1011010003,3.2999429662470097,0.8773232059829658,cutoff
S3_gaming,401,4,1011010004,3.2922460582780873,0.8740131421856223,cutoff
S3_gaming,401,5,1011010005,3.2868898508873206,0.8784225238753401,cutoff
S3_gaming,401,6,1011010006,3.2947613467256076,0.8786769751545238,cutoff
S3_gaming,401,7,1011010007,3.2935973168762995,0.8707625272125796,cutoff
S3_gaming,402,0,1011020000,4.205555555555556,0.8977043005832008,cutoff
S3_gaming,402,1,1011020001,4.208488677517566,0.903479774195706,cutoff
S3_gaming,402,2,1011020002,4.212156800807281,0.9018665496248218,cutoff
S3_gaming,402,3,1011020003,4.206533074088152,0.9063708466165542,cutoff
S3_gaming,402,4,1011020004,4.208975580966045,0.9032468056761518,cutoff
S3_gaming,402,5,1011020005,4.20582150224221,0.9063123615906005,cutoff
S3_gaming,402,6,1011020006,4.2082255201181065,0.9064985481766314,cutoff
S3_gaming,402,7,1011020007,4.209298990544324,0.9063618326620567,cutoff
S3_gaming,403,0,1011030000,3.2997051908824213,0.9170319094176492,cutoff
S3_gaming,403,1,1011030001,3.2877900517480056,0.9138554905348274,cutoff
S3_gaming,403,2,1011030002,3.299642773314389,0.91282696059907,cutoff
S3_gaming,403,3,1011030003,3.306063465708418,0.9169765384158407,cutoff
S3_gaming,403,4,1011030004,3.3006842838317176,0.9118532089062635,cutoff
S3_gaming,403,5,1011030005,3.2863243033963006,0.9148261315982189,cutoff
S3_gaming,403,6,1011030006,3.2917709500213843,0.9160119850934924,cutoff
S3_gaming,403,7,1011030007,3.3001168246229304,0.9181674572851912,cutoff
S3_gaming,404,0,1011040000,2.709020317164117,0.8865828594789356,cutoff
S3_gaming,404,1,1011040001,2.7011384547304877,0.8867368976079893,cutoff
S3_gaming,404,2,1011040002,2.7052253739441383,0.8788380131439649,cutoff
S3_gaming,404,3,1011040003,2.7065540577342957,0.8866468970530702,cutoff
S3_gaming,404,4,1011040004,2.7045916373701426,0.8868249397119028,cutoff
S3_gaming,404,5,1011040005,2.7020715339565062,0.8757798343427088,cutoff
S3_gaming,404,6,1011040006,2.703590173583304,0.8866416061423344,cutoff
S3_gaming,404,7,1011040007,2.7035728156853756,0.8865951100238683,cutoff
S3_gaming,405,0,1011050000,2.8787322068440235,0.87759858178978,cutoff
S3_gaming,405,1,1011050001,2.885346670742563,0.8842220437188257,cutoff
S3_gaming,405,2,1011050002,2.8905921000151267,0.8852140415217333,cutoff
S3_gaming,405,3,1011050003,2.8825553948384086,0.872661159134907,cutoff
S3_gaming,405,4,1011050004,2.8836177061362496,0.8754110416344665,cutoff
S3_gaming,405,5,1011050005,2.8808303014971255,0.8758019154531663,cutoff
S3_gaming,405,6,1011050006,2.8777777777777778,0.8697246135500489,cutoff
S3_gaming,405,7,1011050007,2.8872696131920534,0.884102314903478,cutoff
S3_gaming,406,0,1011060000,3.421027503132253,0.8997481415322559,cutoff
S3_gaming,406,1,1011060001,3.4215037820695917,0.8919923081524531,cutoff
S3_gaming,406,2,1011060002,3.419374244952962,0.9009490045327379,cutoff
S3_gaming,406,3,1011060003,3.4262690145564956,0.8936682985248391,cutoff
S3_gaming,406,4,1011060004,3.422166291245168,0.8974041115453137,cutoff
S3_gaming,406,5,1011060005,3.423654233584162,0.8988208200043711,cutoff
S3_gaming,406,6,1011060006,3.4262218704695977,0.9026401830310653,cutoff
S3_gaming,406,7,1011060007,3.421571962254636,0.8940741198355684,cutoff
S3_gaming,407,0,1011070000,3.275308239331319,0.901789370131407,cutoff
S3_gaming,407,1,1011070001,3.2761004704922216,0.9075994380828796,cutoff
S3_gaming,407,2,1011070002,3.277451971451777,0.9033099079305198,cutoff
S3_gaming,407,3,1011070003,3.2841479736566006,0.9118675521098414,cutoff
S3_gaming,407,4,1011070004,3.27679282288916,0.9052650617444337,cutoff
S3_gaming,407,5,1011070005,3.2723327515688188,0.9005099664599562,cutoff
S3_gaming,407,6,1011070006,3.2804002626930493,0.91203145084388,cutoff
S3_gaming,407,7,1011070007,3.286837330787739,0.9115328518403555,cutoff
S3_gaming,408,0,1011080000,3.7519844552526975,0.8935632070937294,cutoff
S3_gaming,408,1,1011080001,3.750107954892819,0.8831394394345812,cutoff
S3_gaming,408,2,1011080002,3.7512136886179315,0.8862196633732233,cutoff
S3_gaming,408,3,1011080003,3.748701492176832,0.893541608832223,cutoff
S3_gaming,408,4,1011080004,3.748779542364051,0.8934838984060167,cutoff
S3_gaming,408,5,1011080005,3.7496135250576414,0.8844556623948397,cutoff
S3_gaming,408,6,1011080006,3.7491324897660845,0.8881962300687551,cutoff
S3_gaming,408,7,1011080007,3.7516865514193203,0.8884429498856748,cutoff
S3_gaming,409,0,1011090000,4.444444444444445,0.9260782022462604,soc_min
S3_gaming,409,1,1011090001,4.444444444444445,0.9265582067479088,soc_min
S3_gaming,409,2,1011090002,4.438888888888889,0.9254652423963061,soc_min
S3_gaming,409,3,1011090003,4.441666666666666,0.9258303358396283,soc_min
S3_gaming,409,4,1011090004,4.441666666666666,0.92611430098167,soc_min
S3_gaming,409,5,1011090005,4.4527777777777775,0.9278780372239562,soc_min
S3_gaming,409,6,1011090006,4.441666666666666,0.9258848086582687,soc_min
S3_gaming,409,7,1011090007,4.438888888888889,0.9257528975369012,soc_min
S3_gaming,410,0,1011100000,3.8749079317941706,0.9170488951950495,cutoff
S3_gaming,410,1,1011100001,3.871975117699357,0.9126805993510265,cutoff
S3_gaming,410,2,1011100002,3.873657806678619,0.9159719697093511,cutoff
S3_gaming,410,3,1011100003,3.8732423697427323,0.9168986197334877,cutoff
S3_gaming,410,4,1011100004,3.871066902716601,0.916215131455946,cutoff
S3_gaming,410,5,1011100005,3.875119044008172,0.9168270694311903,cutoff
S3_gaming,410,6,1011100006,3.875120178192377,0.9168241910935592,cutoff
S3_gaming,410,7,1011100007,3.8735552286833737,0.9169268119295735,cutoff
S3_gaming,411,0,1011110000,3.4837354394340316,0.8694510720158083,cutoff
S3_gaming,411,1,1011110001,3.495611333997885,0.8815099182360322,cutoff
S3_gaming,411,2,1011110002,3.4937400941499344,0.8816171332969582,cutoff
S3_gaming,411,3,1011110003,3.4937570771649193,0.8775165656327056,cutoff
S3_gaming,411,4,1011110004,3.4915647793091242,0.8817170334027037,cutoff
S3_gaming,411,5,1011110005,3.494618849263673,0.8813879111465772,cutoff
S3_gaming,411,6,1011110006,3.4937408741036102,0.8816165853361309,cutoff
S3_gaming,411,7,1011110007,3.492017139110668,0.8814382050171949,cutoff
S3_gaming,412,0,1011120000,3.188322843029111,0.9002566848034734,cutoff
S3_gaming,412,1,1011120001,3.187681799560317,0.9028521733428748,cutoff
S3_gaming,412,2,1011120002,3.1889972887848215,0.8967218968247764,cutoff
S3_gaming,412,3,1011120003,3.1888412130526955,0.9029712060960385,cutoff
S3_gaming,412,4,1011120004,3.191972368491539,0.9027067782630859,cutoff
S3_gaming,412,5,1011120005,3.191660566985825,0.8980704752474825,cutoff
S3_gaming,412,6,1011120006,3.1890322908550544,0.8963575784987386,cutoff
S3_gaming,412,7,1011120007,3.191966343149739,0.8993683140691012,cutoff
S3_gaming,413,0,1011130000,3.6166666666666667,0.9055590928685886,soc_min
S3_gaming,413,1,1011130001,3.613888888888889,0.9009582360351462,soc_min
S3_gaming,413,2,1011130002,3.613888888888889,0.9023296082241549,soc_min
S3_gaming,413,3,1011130003,3.613888888888889,0.9017024531865064,soc_min
S3_gaming,413,4,1011130004,3.6083333333333334,0.9040852557953559,soc_min
S3_gaming,413,5,1011130005,3.6083333333333334,0.9010136785879038,soc_min
S3_gaming,413,6,1011130006,3.613888888888889,0.9016502728766022,soc_min
S3_gaming,413,7,1011130007,3.613888888888889,0.9015626538036655,soc_min
S3_gaming,414,0,1011140000,2.386111111111111,0.8474395542241843,soc_min
S3_gaming,414,1,1011140001,2.386111111111111,0.8489185848887479,soc_min
S3_gaming,414,2,1011140002,2.386111111111111,0.8432121734214093,soc_min
S3_gaming,414,3,1011140003,2.386111111111111,0.8450181956941314,soc_min
S3_gaming,414,4,1011140004,2.388888888888889,0.8458192172808904,soc_min
S3_gaming,414,5,1011140005,2.388888888888889,0.8443014025924708,soc_min
S3_gaming,414,6,1011140006,2.388888888888889,0.8494992142705992,soc_min
S3_gaming,414,7,1011140007,2.386111111111111,0.8441209340886421,soc_min
S3_gaming,415,0,1011150000,3.9805555555555556,0.9260406374670961,soc_min
S3_gaming,415,1,1011150001,3.9805555555555556,0.9277001783724813,soc_min
S3_gaming,415,2,1011150002,3.977777777777778,0.9252489100862237,soc_min
S3_gaming,415,3,1011150003,3.977777777777778,0.9253722209910048,soc_min
S3_gaming,415,4,1011150004,3.9805555555555556,0.925660479929572,soc_min
S3_gaming,415,5,1011150005,3.9805555555555556,0.9254716885200608,soc_min
S3_gaming,415,6,1011150006,3.9805555555555556,0.9259291796447816,soc_min
S3_gaming,415,7,1011150007,3.9805555555555556,0.9254403305928671,soc_min
S3_gaming,416,0,1011160000,3.0520962067119997,0.9101412194930198,cutoff
S3_gaming,416,1,1011160001,3.0552333200389685,0.9029269720611812,cutoff
S3_gaming,416,2,1011160002,3.0530244265986437,0.9079846147557654,cutoff
S3_gaming,416,3,1011160003,3.0506594494979584,0.9115184460731413,cutoff
S3_gaming,416,4,1011160004,3.0528191954635275,0.9114510733797601,cutoff
S3_gaming,416,5,1011160005,3.0544318456198285,0.9116145739329677,cutoff
S3_gaming,416,6,1011160006,3.053713914032203,0.904728841382367,cutoff
S3_gaming,416,7,1011160007,3.0495944601075946,0.9078952297732693,cutoff
S3_gaming,417,0,1011170000,3.0027777777777778,0.9044950452041245,soc_min
S3_gaming,417,1,1011170001,3.0,0.9072586875094898,soc_min
S3_gaming,417,2,1011170002,2.9972222222222222,0.9052395257642275,soc_min
S3_gaming,417,3,1011170003,3.0,0.9056565462327556,soc_min
S3_gaming,417,4,1011170004,3.0027777777777778,0.904624291706304,soc_min
S3_gaming,417,5,1011170005,3.0,0.9052628385332133,soc_min
S3_gaming,417,6,1011170006,3.0,0.9043420375984434,soc_min
S3_gaming,417,7,1011170007,3.0,0.9043133198070942,soc_min
S3_gaming,418,0,1011180000,2.9637681427625453,0.8915430371659278,cutoff
S3_gaming,418,1,1011180001,2.957030361124486,0.8933883087937926,cutoff
S3_gaming,418,2,1011180002,2.9657478408741316,0.9015363856786188,cutoff
S3_gaming,418,3,1011180003,2.956829627398472,0.8884534590038269,cutoff
S3_gaming,418,4,1011180004,2.963446829366134,0.8896676680707638,cutoff
S3_gaming,418,5,1011180005,2.9555555555555557,0.8883053201972559,cutoff
S3_gaming,418,6,1011180006,2.9560365587746906,0.9013854416444362,cutoff
S3_gaming,418,7,1011180007,2.963888888888889,0.8881457461619785,cutoff
S3_gaming,419,0,1011190000,2.6683065666521046,0.8693879178412209,cutoff
S3_gaming,419,1,1011190001,2.6678471321346775,0.8715857193219032,cutoff
S3_gaming,419,2,1011190002,2.6670848499910975,0.8698000061721788,cutoff
S3_gaming,419,3,1011190003,2.667083854178712,0.8702285608126092,cutoff
S3_gaming,419,4,1011190004,2.6682885607124556,0.8706493633822381,cutoff
S3_gaming,419,5,1011190005,2.6703194863351887,0.8741476397306502,cutoff
S3_gaming,419,6,1011190006,2.665854854585417,0.8710923737596464,cutoff
S3_gaming,419,7,1011190007,2.666697880099296,0.869724394549195,cutoff
S3_gaming,420,0,1011200000,3.859874529705861,0.901621000102617,cutoff
S3_gaming,420,1,1011200001,3.865940500960462,0.8922389608794251,cutoff
S3_gaming,420,2,1011200002,3.8555555555555556,0.8872276278177393,cutoff
S3_gaming,420,3,1011200003,3.863010616715022,0.8913911047139312,cutoff
S3_gaming,420,4,1011200004,3.8612338030973867,0.8914882439011729,cutoff
S3_gaming,420,5,1011200005,3.8650120410479065,0.9015561313989396,cutoff
S3_gaming,420,6,1011200006,3.8636776510109025,0.9017272656891487,cutoff
S3_gaming,420,7,1011200007,3.859642760545076,0.9016093122761824,cutoff
S3_gaming,421,0,1011210000,3.139650966519218,0.8886611783239255,cutoff
S3_gaming,421,1,1011210001,3.1411844523623222,0.877361261426995,cutoff
S3_gaming,421,2,1011210002,3.1348669065699677,0.8867576838055863,cutoff
S3_gaming,421,3,1011210003,3.129602150806514,0.8777261632121527,cutoff
S3_gaming,421,4,1011210004,3.13313086915872,0.8826133700111087,cutoff
S3_gaming,421,5,1011210005,3.1360904319204046,0.8896163918539131,cutoff
S3_gaming,421,6,1011210006,3.127026551530658,0.8767716259308113,cutoff
S3_gaming,421,7,1011210007,3.125884126439669,0.8826211213754669,cutoff
S3_gaming,422,0,1011220000,2.1200257803442435,0.8448536631308715,cutoff
S3_gaming,422,1,1011220001,2.1275135248008827,0.8449943057248227,cutoff
S3_gaming,422,2,1011220002,2.124277083511635,0.8513051754811554,cutoff
S3_gaming,422,3,1011220003,2.125612908381496,0.8481951672706788,cutoff
S3_gaming,422,4,1011220004,2.1283672949068206,0.847324803626603,cutoff
S3_gaming,422,5,1011220005,2.1239285674526216,0.8458097810749465,cutoff
S3_gaming,422,6,1011220006,2.128360496993684,0.8464277823718012,cutoff
S3_gaming,422,7,1011220007,2.1131750898116923,0.8437706202773356,cutoff
S3_gaming,423,0,1011230000,2.608925279123456,0.8736236033305197,cutoff
S3_gaming,423,1,1011230001,2.605855036086073,0.8726493484749801,cutoff
S3_gaming,423,2,1011230002,2.600828990492989,0.8673314222680536,cutoff
S3_gaming,423,3,1011230003,2.6073079773895005,0.8715626194899871,cutoff
S3_gaming,423,4,1011230004,2.6050684791986387,0.8637933665293271,cutoff
S3_gaming,423,5,1011230005,2.6,0.8592017281478109,cutoff
S3_gaming,423,6,1011230006,2.6026648889636297,0.8632121264288004,cutoff
S3_gaming,423,7,1011230007,2.6035386142426082,0.8638730129791794,cutoff
S3_gaming,424,0,1011240000,3.35,0.9094118033994761,soc_min
S3_gaming,424,1,1011240001,3.3555555555555556,0.9082003520673718,soc_min
S3_gaming,424,2,1011240002,3.35,0.9076103674907045,soc_min
S3_gaming,424,3,1011240003,3.352777777777778,0.9103865582453154,soc_min
S3_gaming,424,4,1011240004,3.352777777777778,0.9076515255729377,soc_min
S3_gaming,424,5,1011240005,3.3555555555555556,0.9064450347517103,soc_min
S3_gaming,424,6,1011240006,3.352777777777778,0.907402423588928,soc_min
S3_gaming,424,7,1011240007,3.3555555555555556,0.9076282497616444,soc_min
S3_gaming,425,0,1011250000,3.282715683938121,0.8967810021789718,cutoff
S3_gaming,425,1,1011250001,3.2887221354454965,0.9019198388627971,cutoff
S3_gaming,425,2,1011250002,3.2914646495282747,0.8970665466360076,cutoff
S3_gaming,425,3,1011250003,3.2974415621722093,0.8892262708785252,cutoff
S3_gaming,425,4,1011250004,3.287803372254538,0.9056724122127265,cutoff
S3_gaming,425,5,1011250005,3.2914439309604515,0.9057654548009236,cutoff
S3_gaming,425,6,1011250006,3.289629524878416,0.9038490770847915,cutoff
S3_gaming,425,7,1011250007,3.291471189126516,0.8948886741569769,cutoff
S3_gaming,426,0,1011260000,3.8055555555555554,0.9171074566976618,soc_min
S3_gaming,426,1,1011260001,3.8027777777777776,0.9168151885296355,soc_min
S3_gaming,426,2,1011260002,3.808333333333333,0.9185341307956987,soc_min
S3_gaming,426,3,1011260003,3.808333333333333,0.9162201696100798,soc_min
S3_gaming,426,4,1011260004,3.8055555555555554,0.9164826085299691,soc_min
S3_gaming,426,5,1011260005,3.808333333333333,0.9165646277884778,soc_min
S3_gaming,426,6,1011260006,3.8055555555555554,0.9162350837301502,soc_min
S3_gaming,426,7,1011260007,3.808333333333333,0.917419672644012,soc_min
S3_gaming,427,0,1011270000,4.037814824525325,0.9216482270295436,cutoff
S3_gaming,427,1,1011270001,4.041832922795423,0.9238701474973781,cutoff
S3_gaming,427,2,1011270002,4.036236655121545,0.9236143638113523,cutoff
S3_gaming,427,3,1011270003,4.036728735132419,0.9209639716485212,cutoff
S3_gaming,427,4,1011270004,4.038521794289623,0.9191739049422442,cutoff
S3_gaming,427,5,1011270005,4.039329499277859,0.9238691137399915,cutoff
S3_gaming,427,6,1011270006,4.041143722372714,0.919154380692881,cutoff
S3_gaming,427,7,1011270007,4.039297559272941,0.9238821555949307,cutoff
S3_gaming,428,0,1011280000,2.863634541467386,0.8779051660791489,cutoff
S3_gaming,428,1,1011280001,2.8633609161515734,0.8775075110935231,cutoff
S3_gaming,428,2,1011280002,2.8687813211838997,0.8725115206434905,cutoff
S3_gaming,428,3,1011280003,2.866944412015281,0.8615678792495143,cutoff
S3_gaming,428,4,1011280004,2.8641678485125,0.8719614913474112,cutoff
S3_gaming,428,5,1011280005,2.8710840511672373,0.877760192218979,cutoff
S3_gaming,428,6,1011280006,2.862411002348468,0.8777070028826576,cutoff
S3_gaming,428,7,1011280007,2.868788172416239,0.8767147411358507,cutoff
S3_gaming,429,0,1011290000,3.6143930903559407,0.9249589572235907,cutoff
S3_gaming,429,1,1011290001,3.584990631481383,0.9249399496656467,cutoff
S3_gaming,429,2,1011290002,3.5832553080822183,0.9175167697733125,cutoff
S3_gaming,429,3,1011290003,3.598634855793633,0.9254328409580262,cutoff
S3_gaming,429,4,1011290004,3.6024707422395967,0.9224747924419717,cutoff
S3_gaming,429,5,1011290005,3.5846082259097396,0.9167070584641421,cutoff
S3_gaming,429,6,1011290006,3.5871557109908174,0.924730730060625,cutoff
S3_gaming,429,7,1011290007,3.5953559941182553,0.9235571542917559,cutoff
S3_gaming,430,0,1011300000,2.8787209655635295,0.8938004575925508,cutoff
S3_gaming,430,1,1011300001,2.873525017343779,0.8866996824236205,cutoff
S3_gaming,430,2,1011300002,2.872357861069458,0.8823655305021917,cutoff
S3_gaming,430,3,1011300003,2.876015035578873,0.8937637297714375,cutoff
S3_gaming,430,4,1011300004,2.87685672277874,0.8880163842756311,cutoff
S3_gaming,430,5,1011300005,2.8790816352624065,0.8938747449292159,cutoff
S3_gaming,430,6,1011300006,2.8748220934248976,0.8940123791046839,cutoff
S3_gaming,430,7,1011300007,2.8728130589953014,0.8849362575276377,cutoff
S3_gaming,431,0,1011310000,3.4937949406436317,0.9102355674598386,cutoff
S3_gaming,431,1,1011310001,3.485929349200426,0.9062639425787268,cutoff
S3_gaming,431,2,1011310002,3.485226382835523,0.9176735167361789,cutoff
S3_gaming,431,3,1011310003,3.492237460534616,0.917139854731088,cutoff
S3_gaming,431,4,1011310004,3.48691470563534,0.9155691018214264,cutoff
S3_gaming,431,5,1011310005,3.491834606655941,0.9172617318082633,cutoff
S3_gaming,431,6,1011310006,3.490257728426804,0.9197005874945929,cutoff
S3_gaming,431,7,1011310007,3.494583393180904,0.9178578996018485,cutoff
S3_gaming,432,0,1011320000,2.78673595281692,0.9111945094124734,cutoff
S3_gaming,432,1,1011320001,2.791191711137021,0.9113682561368055,cutoff
S3_gaming,432,2,1011320002,2.7895272801377953,0.9053557438049861,cutoff
S3_gaming,432,3,1011320003,2.7911923166193326,0.9113674853910219,cutoff
S3_gaming,432,4,1011320004,2.7898928599129014,0.9112256588649454,cutoff
S3_gaming,432,5,1011320005,2.7898974647806507,0.9112312817038054,cutoff
S3_gaming,432,6,1011320006,2.792043063629519,0.9060002028261879,cutoff
S3_gaming,432,7,1011320007,2.788378540489923,0.9034435506756343,cutoff
S3_gaming,433,0,1011330000,2.0474161909971778,0.8431702803458123,cutoff
S3_gaming,433,1,1011330001,2.0460694876145054,0.8392361131114539,cutoff
S3_gaming,433,2,1011330002,2.0467435357051094,0.842336269721121,cutoff
S3_gaming,433,3,1011330003,2.0427263057840426,0.8355602704442018,cutoff
S3_gaming,433,4,1011330004,2.0454018384073454,0.8406823665716103,cutoff
S3_gaming,433,5,1011330005,2.0440595608435688,0.8395599354925585,cutoff
S3_gaming,433,6,1011330006,2.0446978324867606,0.8429363409552487,cutoff
S3_gaming,433,7,1011330007,2.045393236862,0.8384941836852383,cutoff
S3_gaming,434,0,1011340000,4.43906438724437,0.9331017628770363,cutoff
S3_gaming,434,1,1011340001,4.437062252997825,0.9328482681587854,cutoff
S3_gaming,434,2,1011340002,4.438312526076174,0.9332208841007282,cutoff
S3_gaming,434,3,1011340003,4.437613573751702,0.9331836472862124,cutoff
S3_gaming,434,4,1011340004,4.440314427346778,0.9331729416143869,cutoff
S3_gaming,434,5,1011340005,4.439565973013677,0.9331311769245081,cutoff
S3_gaming,434,6,1011340006,4.438818773377748,0.9329525525120693,cutoff
S3_gaming,434,7,1011340007,4.438561797292582,0.9332394112972394,cutoff
S3_gaming,435,0,1011350000,4.392842387758842,0.919937300909961,cutoff
S3_gaming,435,1,1011350001,4.393611601235601,0.921192582873726,cutoff
S3_gaming,435,2,1011350002,4.393625625971506,0.9192891738192657,cutoff
S3_gaming,435,3,1011350003,4.394386358886855,0.9206865428514461,cutoff
S3_gaming,435,4,1011350004,4.39438965916035,0.920427818019538,cutoff
S3_gaming,435,5,1011350005,4.3905219096768855,0.9182353784451318,cutoff
S3_gaming,435,6,1011350006,4.390509852291367,0.9203576631276393,cutoff
S3_gaming,435,7,1011350007,4.3912885264317145,0.9201248417586468,cutoff
S3_gaming,436,0,1011360000,2.4265931448878977,0.8605105151014749,cutoff
S3_gaming,436,1,1011360001,2.4290294093526295,0.8549583169240358,cutoff
S3_gaming,436,2,1011360002,2.4254359375122534,0.864484362704521,cutoff
S3_gaming,436,3,1011360003,2.426760449236052,0.8613046093760669,cutoff
S3_gaming,436,4,1011360004,2.426310831780593,0.862403788739233,cutoff
S3_gaming,436,5,1011360005,2.423893236700978,0.8567718633185699,cutoff
S3_gaming,436,6,1011360006,2.4237671260595586,0.8561947598084254,cutoff
S3_gaming,436,7,1011360007,2.4291992936854503,0.8627841358979872,cutoff
S3_gaming,437,0,1011370000,3.68599960364724,0.9102889261881237,cutoff
S3_gaming,437,1,1011370001,3.6906110760771784,0.9134093890043886,cutoff
S3_gaming,437,2,1011370002,3.6865118238781327,0.9080902348589305,cutoff
S3_gaming,437,3,1011370003,3.687028371487569,0.9153278851214851,cutoff
S3_gaming,437,4,1011370004,3.689480921535473,0.9079111315196245,cutoff
S3_gaming,437,5,1011370005,3.6912319504300757,0.9160580037199911,cutoff
S3_gaming,437,6,1011370006,3.6902422753020105,0.9096350166639939,cutoff
S3_gaming,437,7,1011370007,3.6863519375612386,0.9110626690428524,cutoff
S3_gaming,438,0,1011380000,3.125891450204184,0.9115181025323459,cutoff
S3_gaming,438,1,1011380001,3.1232148553362467,0.9136737895544501,cutoff
S3_gaming,438,2,1011380002,3.1235034516269367,0.9156148000113884,cutoff
S3_gaming,438,3,1011380003,3.125909293343663,0.9132321742822528,cutoff
S3_gaming,438,4,1011380004,3.12874722917759,0.9143659365422508,cutoff
S3_gaming,438,5,1011380005,3.125529801749734,0.913612657680884,cutoff
S3_gaming,438,6,1011380006,3.125578984315851,0.9133289504069111,cutoff
S3_gaming,438,7,1011380007,3.12302493190448,0.9151531018423709,cutoff
S3_gaming,439,0,1011390000,3.338888888888889,0.9253350948734879,soc_min
S3_gaming,439,1,1011390001,3.3305555555555557,0.9238800276652132,soc_min
S3_gaming,439,2,1011390002,3.341666666666667,0.9247859549759085,soc_min
S3_gaming,439,3,1011390003,3.338888888888889,0.9255557719515829,soc_min
S3_gaming,439,4,1011390004,3.338888888888889,0.9257366036917514,soc_min
S3_gaming,439,5,1011390005,3.338888888888889,0.9246761932182022,soc_min
S3_gaming,439,6,1011390006,3.338888888888889,0.9240958485193496,soc_min
S3_gaming,439,7,1011390007,3.3361111111111112,0.9252750209409691,soc_min
S3_gaming,440,0,1011400000,2.83746449568085,0.9025161715709872,cutoff
S3_gaming,440,1,1011400001,2.8360438669632657,0.8986732309629806,cutoff
S3_gaming,440,2,1011400002,2.840696653871478,0.902541865044267,cutoff
S3_gaming,440,3,1011400003,2.838234178505556,0.9025914044222356,cutoff
S3_gaming,440,4,1011400004,2.8405766990870154,0.902555214448444,cutoff
S3_gaming,440,5,1011400005,2.8405660322486077,0.9025249375529659,cutoff
S3_gaming,440,6,1011400006,2.8361111111111112,0.8936263068227083,cutoff
S3_gaming,440,7,1011400007,2.8390108812721357,0.9023128407813408,cutoff
S3_gaming,441,0,1011410000,3.3270956059054857,0.8876007441587235,cutoff
S3_gaming,441,1,1011410001,3.3251567436099503,0.887076320435167,cutoff
S3_gaming,441,2,1011410002,3.3283525315006055,0.8873171586873106,cutoff
S3_gaming,441,3,1011410003,3.3220581048149627,0.8880294348602004,cutoff
S3_gaming,441,4,1011410004,3.3266290026214547,0.8872313876504473,cutoff
S3_gaming,441,5,1011410005,3.3294768197691544,0.8884521847219914,cutoff
S3_gaming,441,6,1011410006,3.3277688924613296,0.8873651040264858,cutoff
S3_gaming,441,7,1011410007,3.3249027513587905,0.8897095134919163,cutoff
S3_gaming,442,0,1011420000,3.88839591695355,0.9097353559035636,cutoff
S3_gaming,442,1,1011420001,3.8898256689406163,0.9146642406121032,cutoff
S3_gaming,442,2,1011420002,3.8853782220296766,0.9074043245512877,cutoff
S3_gaming,442,3,1011420003,3.8853056763224787,0.906746535696586,cutoff
S3_gaming,442,4,1011420004,3.895619545876991,0.9143454086283397,cutoff
S3_gaming,442,5,1011420005,3.8906370460634365,0.9087635623218567,cutoff
S3_gaming,442,6,1011420006,3.8901510612170007,0.9141311710105907,cutoff
S3_gaming,442,7,1011420007,3.8908070054729724,0.914281176636397,cutoff
S3_gaming,443,0,1011430000,4.39478717890229,0.9175340646990366,cutoff
S3_gaming,443,1,1011430001,4.400029021943105,0.9204287099113548,cutoff
S3_gaming,443,2,1011430002,4.397591578618024,0.9169679343684864,cutoff
S3_gaming,443,3,1011430003,4.400157217233973,0.9156422253746636,cutoff
S3_gaming,443,4,1011430004,4.3970709296401616,0.9159201966191962,cutoff
S3_gaming,443,5,1011430005,4.403304618672571,0.9176883837475878,cutoff
S3_gaming,443,6,1011430006,4.403455426392723,0.9235739921167516,cutoff
S3_gaming,443,7,1011430007,4.401456027284101,0.9237720536740684,cutoff
S3_gaming,444,0,1011440000,3.8535525135868602,0.8967998962809853,cutoff
S3_gaming,444,1,1011440001,3.8414262698445945,0.8913234891691856,cutoff
S3_gaming,444,2,1011440002,3.8473355280462447,0.8840534414057909,cutoff
S3_gaming,444,3,1011440003,3.849786487836521,0.8822275730927701,cutoff
S3_gaming,444,4,1011440004,3.8398187456301214,0.8807034824376856,cutoff
S3_gaming,444,5,1011440005,3.8512359089377926,0.8874750977732028,cutoff
S3_gaming,444,6,1011440006,3.8485796118703752,0.8819878501906468,cutoff
S3_gaming,444,7,1011440007,3.837202460467648,0.889934490221959,cutoff
S3_gaming,445,0,1011450000,3.909309835520013,0.9108680136417823,cutoff
S3_gaming,445,1,1011450001,3.910413201504249,0.9077828460751006,cutoff
S3_gaming,445,2,1011450002,3.909246037628963,0.9102151429329605,cutoff
S3_gaming,445,3,1011450003,3.9113148493814025,0.9108067807963183,cutoff
S3_gaming,445,4,1011450004,3.910343032105364,0.9079546332779771,cutoff
S3_gaming,445,5,1011450005,3.9093050520379746,0.9091958592579632,cutoff
S3_gaming,445,6,1011450006,3.9104087115992012,0.9079344712093104,cutoff
S3_gaming,445,7,1011450007,3.9107953860571,0.9096569159192288,cutoff
S3_gaming,446,0,1011460000,2.75,0.8517918335957032,soc_min
S3_gaming,446,1,1011460001,2.7527777777777778,0.8531776909068055,soc_min
S3_gaming,446,2,1011460002,2.7527777777777778,0.852077671594567,soc_min
S3_gaming,446,3,1011460003,2.7472222222222222,0.8550310788368518,soc_min
S3_gaming,446,4,1011460004,2.75,0.8525390833169006,soc_min
S3_gaming,446,5,1011460005,2.7527777777777778,0.8501329924988862,soc_min
S3_gaming,446,6,1011460006,2.75,0.853285892713256,soc_min
S3_gaming,446,7,1011460007,2.75,0.8556610757574367,soc_min
S3_gaming,447,0,1011470000,2.7991964240038927,0.8486423315439402,cutoff
S3_gaming,447,1,1011470001,2.8012389112096803,0.8479566764059635,cutoff
S3_gaming,447,2,1011470002,2.8023716215854964,0.8400856755020532,cutoff
S3_gaming,447,3,1011470003,2.797768382329183,0.8392154855744937,cutoff
S3_gaming,447,4,1011470004,2.8037136792293547,0.8403260957697302,cutoff
S3_gaming,447,5,1011470005,2.804276583469674,0.8488659353479521,cutoff
S3_gaming,447,6,1011470006,2.8038537662979905,0.8480931941827697,cutoff
S3_gaming,447,7,1011470007,2.801257601996851,0.8415713613251714,cutoff
S3_gaming,448,0,1011480000,2.775,0.9161050958484995,soc_min
S3_gaming,448,1,1011480001,2.772222222222222,0.9155379974317529,soc_min
S3_gaming,448,2,1011480002,2.772222222222222,0.9153965576690526,soc_min
S3_gaming,448,3,1011480003,2.772222222222222,0.9177477103261837,soc_min
S3_gaming,448,4,1011480004,2.772222222222222,0.9171301725703499,soc_min
S3_gaming,448,5,1011480005,2.775,0.9172254907094873,soc_min
S3_gaming,448,6,1011480006,2.775,0.9174228754424061,soc_min
S3_gaming,448,7,1011480007,2.775,0.9155489756182693,soc_min
S3_gaming,449,0,1011490000,2.4694444444444446,0.9060392511946773,soc_min
S3_gaming,449,1,1011490001,2.477777777777778,0.9073162060425397,soc_min
S3_gaming,449,2,1011490002,2.4694444444444446,0.9053484181612778,soc_min
S3_gaming,449,3,1011490003,2.475,0.9076671294980747,soc_min
S3_gaming,449,4,1011490004,2.4694444444444446,0.9080018834846036,soc_min
S3_gaming,449,5,1011490005,2.4722222222222223,0.9044320506867565,soc_min
S3_gaming,449,6,1011490006,2.4722222222222223,0.9052244092020675,soc_min
S3_gaming,449,7,1011490007,2.466666666666667,0.904466374819685,soc_min
S3_gaming,450,0,1011500000,3.447713294832026,0.8983584821052202,cutoff
S3_gaming,450,1,1011500001,3.4449131890750375,0.9007581164316857,cutoff
S3_gaming,450,2,1011500002,3.446157347472172,0.9008854539048285,cutoff
S3_gaming,450,3,1011500003,3.444010401803361,0.8999147215153914,cutoff
S3_gaming,450,4,1011500004,3.44404589081096,0.8965667832157544,cutoff
S3_gaming,450,5,1011500005,3.4452143430939475,0.8957945734613801,cutoff
S3_gaming,450,6,1011500006,3.442908734750383,0.9008566711509945,cutoff
S3_gaming,450,7,1011500007,3.446155803768568,0.9008786317719853,cutoff
S3_gaming,451,0,1011510000,3.308333333333333,0.8808174812558074,soc_min
S3_gaming,451,1,1011510001,3.311111111111111,0.8792552316927065,soc_min
S3_gaming,451,2,1011510002,3.325,0.879462612408776,soc_min
S3_gaming,451,3,1011510003,3.3222222222222224,0.87891794516483,soc_min
S3_gaming,451,4,1011510004,3.313888888888889,0.8816230763149205,soc_min
S3_gaming,451,5,1011510005,3.313888888888889,0.88047454561547,soc_min
S3_gaming,451,6,1011510006,3.3194444444444446,0.8792676926369591,soc_min
S3_gaming,451,7,1011510007,3.316666666666667,0.8795756010886931,soc_min
S3_gaming,452,0,1011520000,3.5061535698212607,0.8989466837034522,cutoff
S3_gaming,452,1,1011520001,3.5073187152264684,0.8971113412205516,cutoff
S3_gaming,452,2,1011520002,3.5101997627315744,0.8937607920816655,cutoff
S3_gaming,452,3,1011520003,3.5029749122157257,0.891517168710731,cutoff
S3_gaming,452,4,1011520004,3.5055555555555555,0.8880103333511303,cutoff
S3_gaming,452,5,1011520005,3.511854865925691,0.8969789741707412,cutoff
S3_gaming,452,6,1011520006,3.5029919000656844,0.8973166466301181,cutoff
S3_gaming,452,7,1011520007,3.5073036724920934,0.8981482592913412,cutoff
S3_gaming,453,0,1011530000,2.6580249687936113,0.8994403609971717,cutoff
S3_gaming,453,1,1011530001,2.6590604049627284,0.8992393916659471,cutoff
S3_gaming,453,2,1011530002,2.661058010761108,0.9035587808508003,cutoff
S3_gaming,453,3,1011530003,2.660016009780416,0.9033877033641313,cutoff
S3_gaming,453,4,1011530004,2.6609618742119405,0.9035263503898211,cutoff
S3_gaming,453,5,1011530005,2.658993706840754,0.9032707497842007,cutoff
S3_gaming,453,6,1011530006,2.6602364841711275,0.9034138194561855,cutoff
S3_gaming,453,7,1011530007,2.661440405010418,0.9032008986474189,cutoff
S3_gaming,454,0,1011540000,2.963888888888889,0.8860366358049885,soc_min
S3_gaming,454,1,1011540001,2.9583333333333335,0.8851078125733026,soc_min
S3_gaming,454,2,1011540002,2.9583333333333335,0.8855605621381287,soc_min
S3_gaming,454,3,1011540003,2.9583333333333335,0.8849500501467696,soc_min
S3_gaming,454,4,1011540004,2.9611111111111112,0.8893003723247817,soc_min
S3_gaming,454,5,1011540005,2.9611111111111112,0.8844343132400135,soc_min
S3_gaming,454,6,1011540006,2.9611111111111112,0.8851256643767625,soc_min
S3_gaming,454,7,1011540007,2.9611111111111112,0.8866726745150904,soc_min
S3_gaming,455,0,1011550000,3.582822445078616,0.9136699491578029,cutoff
S3_gaming,455,1,1011550001,3.5839649104372984,0.9135155083034987,cutoff
S3_gaming,455,2,1011550002,3.585492897625347,0.9136840306440841,cutoff
S3_gaming,455,3,1011550003,3.587217832791482,0.9119386658285032,cutoff
S3_gaming,455,4,1011550004,3.5846863405774445,0.9135912283373132,cutoff
S3_gaming,455,5,1011550005,3.5850781599563426,0.9136097509552318,cutoff
S3_gaming,455,6,1011550006,3.587074313278755,0.9135518332376201,cutoff
S3_gaming,455,7,1011550007,3.5866750016509705,0.9135149542669581,cutoff
S3_gaming,456,0,1011560000,3.316709731514209,0.8963331928669568,cutoff
S3_gaming,456,1,1011560001,3.3191314102763676,0.9040393349921858,cutoff
S3_gaming,456,2,1011560002,3.3151779852334022,0.90517032086713,cutoff
S3_gaming,456,3,1011560003,3.3172998400571876,0.9052249585389018,cutoff
S3_gaming,456,4,1011560004,3.3191217586367405,0.8980811549359279,cutoff
S3_gaming,456,5,1011560005,3.317302448795558,0.9048469162652946,cutoff
S3_gaming,456,6,1011560006,3.3159151111391933,0.8992339935927993,cutoff
S3_gaming,456,7,1011560007,3.3177055199776753,0.9083502790970487,cutoff
S3_gaming,457,0,1011570000,2.566319565486363,0.8555245842314863,cutoff
S3_gaming,457,1,1011570001,2.564321489121898,0.8524551733586191,cutoff
S3_gaming,457,2,1011570002,2.567826738564156,0.8520641504554196,cutoff
S3_gaming,457,3,1011570003,2.569552787826776,0.8515169139559212,cutoff
S3_gaming,457,4,1011570004,2.5629160030454607,0.8481387409120779,cutoff
S3_gaming,457,5,1011570005,2.565535164930481,0.8538595057486403,cutoff
S3_gaming,457,6,1011570006,2.5708707481907953,0.850540284595286,cutoff
S3_gaming,457,7,1011570007,2.5629335583380426,0.8519781301533413,cutoff
S3_gaming,458,0,1011580000,3.7944444444444443,0.9312702388512742,soc_min
S3_gaming,458,1,1011580001,3.797222222222222,0.931358769524728,soc_min
S3_gaming,458,2,1011580002,3.7916666666666665,0.9316737865424048,soc_min
S3_gaming,458,3,1011580003,3.7888888888888888,0.9310968738283472,soc_min
S3_gaming,458,4,1011580004,3.7888888888888888,0.9312456986692319,soc_min
S3_gaming,458,5,1011580005,3.7888888888888888,0.9317504912965644,soc_min
S3_gaming,458,6,1011580006,3.7944444444444443,0.9336299626143957,soc_min
S3_gaming,458,7,1011580007,3.7888888888888888,0.9318702952724068,soc_min
S3_gaming,459,0,1011590000,4.030122850822074,0.9128795074157009,cutoff
S3_gaming,459,1,1011590001,4.028711970269117,0.9127366725551824,cutoff
S3_gaming,459,2,1011590002,4.0301445266673666,0.91370325157004,cutoff
S3_gaming,459,3,1011590003,4.031405306822284,0.9193418157056782,cutoff
S3_gaming,459,4,1011590004,4.030479874778878,0.9139578931703701,cutoff
S3_gaming,459,5,1011590005,4.0294984777171665,0.9167961203519821,cutoff
S3_gaming,459,6,1011590006,4.028936551656952,0.9144594488370582,cutoff
S3_gaming,459,7,1011590007,4.027808742463055,0.9140001428872314,cutoff
S3_gaming,460,0,1011600000,2.5070238810613894,0.8545172707849272,cutoff
S3_gaming,460,1,1011600001,2.5029185079669,0.8595232532917213,cutoff
S3_gaming,460,2,1011600002,2.5135406666724927,0.8614954724651565,cutoff
S3_gaming,460,3,1011600003,2.5107966699423248,0.8582569279598875,cutoff
S3_gaming,460,4,1011600004,2.509068334387737,0.8538494320929699,cutoff
S3_gaming,460,5,1011600005,2.5066938388094306,0.8596557340321467,cutoff
S3_gaming,460,6,1011600006,2.509558974366528,0.8458084121623363,cutoff
S3_gaming,460,7,1011600007,2.50929984809299,0.8583932144910291,cutoff
S3_gaming,461,0,1011610000,2.382139630144968,0.8889345827070648,cutoff
S3_gaming,461,1,1011610001,2.375,0.8784295620432856,cutoff
S3_gaming,461,2,1011610002,2.3749274508590514,0.890074963219115,cutoff
S3_gaming,461,3,1011610003,2.3804464406648322,0.8950322960490767,cutoff
S3_gaming,461,4,1011610004,2.3754419559740416,0.8862205418939463,cutoff
S3_gaming,461,5,1011610005,2.3694444444444445,0.8783791049874012,cutoff
S3_gaming,461,6,1011610006,2.379959424642367,0.8905084099052994,cutoff
S3_gaming,461,7,1011610007,2.3821300898738076,0.889882156583132,cutoff
S3_gaming,462,0,1011620000,4.177517165032228,0.9256229171800304,cutoff
S3_gaming,462,1,1011620001,4.18253302855106,0.9255772874248083,cutoff
S3_gaming,462,2,1011620002,4.180032421630811,0.9256050518938207,cutoff
S3_gaming,462,3,1011620003,4.179023017113974,0.9255312253523358,cutoff
S3_gaming,462,4,1011620004,4.1795311208935155,0.9255711953387407,cutoff
S3_gaming,462,5,1011620005,4.176025386090372,0.9224633973842551,cutoff
S3_gaming,462,6,1011620006,4.180027972520688,0.9255952593838778,cutoff
S3_gaming,462,7,1011620007,4.180017572718158,0.9195058978140845,cutoff
S3_gaming,463,0,1011630000,3.161195417714016,0.87895621075727,cutoff
S3_gaming,463,1,1011630001,3.172222222222222,0.8782398442651025,cutoff
S3_gaming,463,2,1011630002,3.173693938391099,0.8803248405930645,cutoff
S3_gaming,463,3,1011630003,3.171659360613992,0.8815201441676033,cutoff
S3_gaming,463,4,1011630004,3.172730187127453,0.8853832581968119,cutoff
S3_gaming,463,5,1011630005,3.170288071381038,0.885420775068426,cutoff
S3_gaming,463,6,1011630006,3.179212733324491,0.8857676599901537,cutoff
S3_gaming,463,7,1011630007,3.173447369874235,0.8854196682144208,cutoff
S3_gaming,464,0,1011640000,3.2352853934268273,0.8776520446868078,cutoff
S3_gaming,464,1,1011640001,3.235839962444173,0.8766435369238127,cutoff
S3_gaming,464,2,1011640002,3.2325633691508178,0.8745546984060915,cutoff
S3_gaming,464,3,1011640003,3.2325703426428896,0.8770123448528159,cutoff
S3_gaming,464,4,1011640004,3.2374554224749357,0.878436911015882,cutoff
S3_gaming,464,5,1011640005,3.2349288237414915,0.8718962745758346,cutoff
S3_gaming,464,6,1011640006,3.236912339446239,0.8783727550862829,cutoff
S3_gaming,464,7,1011640007,3.2321916033154228,0.8784862591728391,cutoff
S3_gaming,465,0,1011650000,2.863011451430611,0.8866117687988141,cutoff
S3_gaming,465,1,1011650001,2.8647506382709276,0.899886008203089,cutoff
S3_gaming,465,2,1011650002,2.8673222927222697,0.8998737951980391,cutoff
S3_gaming,465,3,1011650003,2.8585841730974884,0.8995047197890472,cutoff
S3_gaming,465,4,1011650004,2.861111111111111,0.8858077899487452,cutoff
S3_gaming,465,5,1011650005,2.8653976716715484,0.899883910341607,cutoff
S3_gaming,465,6,1011650006,2.861952409696016,0.8998943555561305,cutoff
S3_gaming,465,7,1011650007,2.865804194117528,0.9000413035626583,cutoff
S3_gaming,466,0,1011660000,2.842018683347688,0.8765783249191479,cutoff
S3_gaming,466,1,1011660001,2.841107203591698,0.8768464595515244,cutoff
S3_gaming,466,2,1011660002,2.843169197548261,0.8767636274561954,cutoff
S3_gaming,466,3,1011660003,2.8431628898121346,0.8767628846999037,cutoff
S3_gaming,466,4,1011660004,2.839975139340093,0.8739517291621465,cutoff
S3_gaming,466,5,1011660005,2.842636722602517,0.8766742891598148,cutoff
S3_gaming,466,6,1011660006,2.8410565298479478,0.8769158192035944,cutoff
S3_gaming,466,7,1011660007,2.8421046435458432,0.8766049506904142,cutoff
S3_gaming,467,0,1011670000,3.3765621079551362,0.8924751572447551,cutoff
S3_gaming,467,1,1011670001,3.3748632281891164,0.8972808602399772,cutoff
S3_gaming,467,2,1011670002,3.373171449992231,0.8917527558280652,cutoff
S3_gaming,467,3,1011670003,3.3742980870066477,0.8977715716228539,cutoff
S3_gaming,467,4,1011670004,3.375626329294323,0.8975981963692498,cutoff
S3_gaming,467,5,1011670005,3.377670944350066,0.8969681123884964,cutoff
S3_gaming,467,6,1011670006,3.3694469562502793,0.8975283606447687,cutoff
S3_gaming,467,7,1011670007,3.374854558339017,0.8978254232439079,cutoff
S3_gaming,468,0,1011680000,2.4213522292707914,0.8390241601495826,cutoff
S3_gaming,468,1,1011680001,2.411184065055,0.8275268160270619,cutoff
S3_gaming,468,2,1011680002,2.4193666290519515,0.8361313284439656,cutoff
S3_gaming,468,3,1011680003,2.4202986290060275,0.8362193253868564,cutoff
S3_gaming,468,4,1011680004,2.4186748433653973,0.835247755817833,cutoff
S3_gaming,468,5,1011680005,2.416628817809425,0.8333711289924342,cutoff
S3_gaming,468,6,1011680006,2.422349581658281,0.8360525346590607,cutoff
S3_gaming,468,7,1011680007,2.417307960216843,0.8371167910218513,cutoff
S3_gaming,469,0,1011690000,2.1152952414323725,0.8889925282927531,cutoff
S3_gaming,469,1,1011690001,2.120872086024007,0.8881276501361136,cutoff
S3_gaming,469,2,1011690002,2.116286775236783,0.8907752722407595,cutoff
S3_gaming,469,3,1011690003,2.11436505916388,0.8850845241643908,cutoff
S3_gaming,469,4,1011690004,2.1195733010254654,0.8882594816948188,cutoff
S3_gaming,469,5,1011690005,2.119843372335907,0.8903394496300874,cutoff
S3_gaming,469,6,1011690006,2.1163132309621724,0.8853486306933862,cutoff
S3_gaming,469,7,1011690007,2.115262759925255,0.8906930796869917,cutoff
S3_gaming,470,0,1011700000,3.169340028365964,0.8589690548415956,cutoff
S3_gaming,470,1,1011700001,3.1625415979906406,0.8566703879083444,cutoff
S3_gaming,470,2,1011700002,3.167379064186435,0.8598456166318456,cutoff
S3_gaming,470,3,1011700003,3.1697723220151066,0.8568138165293231,cutoff
S3_gaming,470,4,1011700004,3.165888188074181,0.8563666415234218,cutoff
S3_gaming,470,5,1011700005,3.1683718656767663,0.8561737199643347,cutoff
S3_gaming,470,6,1011700006,3.1654249264003473,0.8577444549860077,cutoff
S3_gaming,470,7,1011700007,3.170326660498343,0.8572444296210916,cutoff
S3_gaming,471,0,1011710000,3.5412523579496145,0.9265568349185009,cutoff
S3_gaming,471,1,1011710001,3.5389969056396247,0.92639156627399,cutoff
S3_gaming,471,2,1011710002,3.538414963599147,0.9265798280450797,cutoff
S3_gaming,471,3,1011710003,3.53646661150617,0.923369827018963,cutoff
S3_gaming,471,4,1011710004,3.539816494211756,0.9212755627875688,cutoff
S3_gaming,471,5,1011710005,3.5398771680289367,0.9264460981762312,cutoff
S3_gaming,471,6,1011710006,3.5360961168434843,0.9266070657377898,cutoff
S3_gaming,471,7,1011710007,3.537121622047859,0.9210613767989718,cutoff
S3_gaming,472,0,1011720000,3.359244213296204,0.9086538585778505,cutoff
S3_gaming,472,1,1011720001,3.358976100644104,0.9086332588918058,cutoff
S3_gaming,472,2,1011720002,3.3582322523774017,0.9088324902324412,cutoff
S3_gaming,472,3,1011720003,3.358979217480451,0.9086453251592514,cutoff
S3_gaming,472,4,1011720004,3.3595995275213033,0.9087009549988608,cutoff
S3_gaming,472,5,1011720005,3.359513105016901,0.9064836289725599,cutoff
S3_gaming,472,6,1011720006,3.3606073189394414,0.9087913999905232,cutoff
S3_gaming,472,7,1011720007,3.359051766424567,0.908638678567251,cutoff
S3_gaming,473,0,1011730000,4.581160813935464,0.9382108251444224,cutoff
S3_gaming,473,1,1011730001,4.581983088469068,0.9391344015509903,cutoff
S3_gaming,473,2,1011730002,4.5771217904982775,0.9377881924940403,cutoff
S3_gaming,473,3,1011730003,4.5815529330613725,0.9378435462454878,cutoff
S3_gaming,473,4,1011730004,4.581683073643605,0.9399198985925576,cutoff
S3_gaming,473,5,1011730005,4.582250372526117,0.9399394109211532,cutoff
S3_gaming,473,6,1011730006,4.582613199425769,0.9370956411218334,cutoff
S3_gaming,473,7,1011730007,4.582670535941204,0.9367093704010327,cutoff
S3_gaming,474,0,1011740000,4.061976866691462,0.9036858462428531,cutoff
S3_gaming,474,1,1011740001,4.06036301690517,0.9114272224809323,cutoff
S3_gaming,474,2,1011740002,4.062749988802373,0.9109747426424104,cutoff
S3_gaming,474,3,1011740003,4.060373530333091,0.9039683837690424,cutoff
S3_gaming,474,4,1011740004,4.056432150878584,0.9040035633861772,cutoff
S3_gaming,474,5,1011740005,4.060369217091995,0.9076323387175843,cutoff
S3_gaming,474,6,1011740006,4.055614003811144,0.9021338200084127,cutoff
S3_gaming,474,7,1011740007,4.055555555555555,0.8972799820230092,cutoff
S3_gaming,475,0,1011750000,2.7438163953696066,0.9024908100478943,cutoff
S3_gaming,475,1,1011750001,2.7416666666666667,0.8932752283663811,cutoff
S3_gaming,475,2,1011750002,2.739482088201541,0.9014135439709746,cutoff
S3_gaming,475,3,1011750003,2.7398537708857913,0.8936874288875147,cutoff
S3_gaming,475,4,1011750004,2.738797484962088,0.8949507157526267,cutoff
S3_gaming,475,5,1011750005,2.7399498227856993,0.9016271033987072,cutoff
S3_gaming,475,6,1011750006,2.7426023436244704,0.9010722558101812,cutoff
S3_gaming,475,7,1011750007,2.7377471166192926,0.9019341147339835,cutoff
S3_gaming,476,0,1011760000,2.3944444444444444,0.8463412168958918,soc_min
S3_gaming,476,1,1011760001,2.4,0.8463125088267957,soc_min
S3_gaming,476,2,1011760002,2.4,0.8481396258094422,soc_min
S3_gaming,476,3,1011760003,2.397222222222222,0.8465359386171266,soc_min
S3_gaming,476,4,1011760004,2.397222222222222,0.8489674882265309,soc_min
S3_gaming,476,5,1011760005,2.4,0.8457523435560145,soc_min
S3_gaming,476,6,1011760006,2.3944444444444444,0.8480510219482565,soc_min
S3_gaming,476,7,1011760007,2.397222222222222,0.846866714366051,soc_min
S3_gaming,477,0,1011770000,2.9811412989295407,0.9015368811147279,cutoff
S3_gaming,477,1,1011770001,2.980498862519309,0.9018732773982393,cutoff
S3_gaming,477,2,1011770002,2.98081769086729,0.9015186433558018,cutoff
S3_gaming,477,3,1011770003,2.9804805689469216,0.9018215902472985,cutoff
S3_gaming,477,4,1011770004,2.9790524693151244,0.8961148544593025,cutoff
S3_gaming,477,5,1011770005,2.9801512478526844,0.9017885310167431,cutoff
S3_gaming,477,6,1011770006,2.9797789871805183,0.9017231006552681,cutoff
S3_gaming,477,7,1011770007,2.980156266592169,0.9018037689871448,cutoff
S3_gaming,478,0,1011780000,3.135754770039608,0.9081168248753443,cutoff
S3_gaming,478,1,1011780001,3.138046656492246,0.9125942003510435,cutoff
S3_gaming,478,2,1011780002,3.138038482266773,0.9152613521276775,cutoff
S3_gaming,478,3,1011780003,3.1366037579570105,0.9151158414969813,cutoff
S3_gaming,478,4,1011780004,3.135654935170918,0.9153268303794474,cutoff
S3_gaming,478,5,1011780005,3.1379124605095052,0.9067906492460635,cutoff
S3_gaming,478,6,1011780006,3.13564368145402,0.9152930819245095,cutoff
S3_gaming,478,7,1011780007,3.137501917145058,0.9097294096415389,cutoff
S3_gaming,479,0,1011790000,2.486807290335672,0.8989515281413695,cutoff
S3_gaming,479,1,1011790001,2.484913353223821,0.8990905311393078,cutoff
S3_gaming,479,2,1011790002,2.4853116324685445,0.8976313544555148,cutoff
S3_gaming,479,3,1011790003,2.483798279400818,0.8989764887466593,cutoff
S3_gaming,479,4,1011790004,2.4860488959418556,0.8992656791261372,cutoff
S3_gaming,479,5,1011790005,2.4845348909774696,0.8990265825549669,cutoff
S3_gaming,479,6,1011790006,2.482656395378632,0.8992245617318847,cutoff
S3_gaming,479,7,1011790007,2.486804115649249,0.8989388664519142,cutoff
S3_gaming,480,0,1011800000,2.950020022479344,0.8957152242692606,cutoff
S3_gaming,480,1,1011800001,2.950690580428402,0.8957894926512454,cutoff
S3_gaming,480,2,1011800002,2.949231545607558,0.8959590837906801,cutoff
S3_gaming,480,3,1011800003,2.9514789493313978,0.8958885087487681,cutoff
S3_gaming,480,4,1011800004,2.9508928288835445,0.8958149620252772,cutoff
S3_gaming,480,5,1011800005,2.948195136993616,0.8906800112275461,cutoff
S3_gaming,480,6,1011800006,2.949119643843981,0.8915085808251508,cutoff
S3_gaming,480,7,1011800007,2.950610801100372,0.8958030139551822,cutoff
S3_gaming,481,0,1011810000,2.530415550306466,0.8756524154111135,cutoff
S3_gaming,481,1,1011810001,2.528259603344942,0.8752035084932797,cutoff
S3_gaming,481,2,1011810002,2.5235924140789816,0.8679421748744932,cutoff
S3_gaming,481,3,1011810003,2.5270911021752895,0.8738401503151015,cutoff
S3_gaming,481,4,1011810004,2.5269283071612207,0.8679136991973764,cutoff
S3_gaming,481,5,1011810005,2.5268953989451837,0.867509555112086,cutoff
S3_gaming,481,6,1011810006,2.528747783630105,0.8755876184942567,cutoff
S3_gaming,481,7,1011810007,2.52876678151112,0.8716417623806297,cutoff
S3_gaming,482,0,1011820000,4.305555555555555,0.9164399079656752,soc_min
S3_gaming,482,1,1011820001,4.305555555555555,0.9172834650441826,soc_min
S3_gaming,482,2,1011820002,4.302777777777778,0.9165426255184357,soc_min
S3_gaming,482,3,1011820003,4.305555555555555,0.9162744857654793,soc_min
S3_gaming,482,4,1011820004,4.308333333333334,0.9160649603846392,soc_min
S3_gaming,482,5,1011820005,4.305555555555555,0.9165779279652848,soc_min
S3_gaming,482,6,1011820006,4.3,0.916521134884582,soc_min
S3_gaming,482,7,1011820007,4.305555555555555,0.9161702936879234,soc_min
S3_gaming,483,0,1011830000,3.1194444444444445,0.8970681636243764,soc_min
S3_gaming,483,1,1011830001,3.125,0.8964131762714783,soc_min
S3_gaming,483,2,1011830002,3.1194444444444445,0.8955999761217945,soc_min
S3_gaming,483,3,1011830003,3.1222222222222222,0.8971041067711718,soc_min
S3_gaming,483,4,1011830004,3.1222222222222222,0.8988998122272007,soc_min
S3_gaming,483,5,1011830005,3.1194444444444445,0.8978103462963013,soc_min
S3_gaming,483,6,1011830006,3.1194444444444445,0.8963801662278423,soc_min
S3_gaming,483,7,1011830007,3.1166666666666667,0.8991101001419833,soc_min
S3_gaming,484,0,1011840000,3.1713609374214187,0.879403290850223,cutoff
S3_gaming,484,1,1011840001,3.1762808394050968,0.8804629296105558,cutoff
S3_gaming,484,2,1011840002,3.1762954993025603,0.8776734861177722,cutoff
S3_gaming,484,3,1011840003,3.179246145418919,0.8766856023134323,cutoff
S3_gaming,484,4,1011840004,3.1812033314365156,0.8779316264992971,cutoff
S3_gaming,484,5,1011840005,3.1772595076654007,0.8829206112066909,cutoff
S3_gaming,484,6,1011840006,3.173334073732111,0.881155592819137,cutoff
S3_gaming,484,7,1011840007,3.1723827499764012,0.875361035982109,cutoff
S3_gaming,485,0,1011850000,2.4042114546087845,0.9014701131839495,cutoff
S3_gaming,485,1,1011850001,2.404598297331678,0.9015325485910749,cutoff
S3_gaming,485,2,1011850002,2.4046022122092516,0.9015460044980315,cutoff
S3_gaming,485,3,1011850003,2.4022827554870916,0.9015919037256829,cutoff
S3_gaming,485,4,1011850004,2.4046009391350855,0.9015343021198574,cutoff
S3_gaming,485,5,1011850005,2.4061395064281554,0.90133648353692,cutoff
S3_gaming,485,6,1011850006,2.406519240196533,0.9013744820481474,cutoff
S3_gaming,485,7,1011850007,2.4065201648476893,0.9013733077388071,cutoff
S3_gaming,486,0,1011860000,3.1157478265267784,0.9112493685837387,cutoff
S3_gaming,486,1,1011860001,3.118638320562042,0.9112562209518427,cutoff
S3_gaming,486,2,1011860002,3.118092536852,0.9082714934537869,cutoff
S3_gaming,486,3,1011860003,3.116358941874285,0.9046932863084787,cutoff
S3_gaming,486,4,1011860004,3.1161999830465827,0.9112862284062739,cutoff
S3_gaming,486,5,1011860005,3.115032342497629,0.9111741575338874,cutoff
S3_gaming,486,6,1011860006,3.113560992318348,0.9014726642317703,cutoff
S3_gaming,486,7,1011860007,3.120358608419973,0.9029092199241302,cutoff
S3_gaming,487,0,1011870000,2.7083333333333335,0.9002716640941432,soc_min
S3_gaming,487,1,1011870001,2.713888888888889,0.9024581512564486,soc_min
S3_gaming,487,2,1011870002,2.7083333333333335,0.8998510483761316,soc_min
S3_gaming,487,3,1011870003,2.7083333333333335,0.9002306038122337,soc_min
S3_gaming,487,4,1011870004,2.7111111111111112,0.9017649344116887,soc_min
S3_gaming,487,5,1011870005,2.713888888888889,0.9072432127015789,soc_min
S3_gaming,487,6,1011870006,2.7083333333333335,0.8997842349398881,soc_min
S3_gaming,487,7,1011870007,2.7111111111111112,0.9003161860825816,soc_min
S3_gaming,488,0,1011880000,4.82128805841407,0.9343863522258544,cutoff
S3_gaming,488,1,1011880001,4.8207964070659814,0.934374978321759,cutoff
S3_gaming,488,2,1011880002,4.8186400410761046,0.9296973505922874,cutoff
S3_gaming,488,3,1011880003,4.823566941183645,0.9343671760013843,cutoff
S3_gaming,488,4,1011880004,4.821797570610619,0.9297099498613446,cutoff
S3_gaming,488,5,1011880005,4.820699642045479,0.9343658329169187,cutoff
S3_gaming,488,6,1011880006,4.819479094495557,0.9322799414267545,cutoff
S3_gaming,488,7,1011880007,4.822222222222222,0.9294183903278729,cutoff
S3_gaming,489,0,1011890000,4.604337134280176,0.9266402800905938,cutoff
S3_gaming,489,1,1011890001,4.604081728802216,0.9290993797431866,cutoff
S3_gaming,489,2,1011890002,4.598944120130907,0.9276590015356259,cutoff
S3_gaming,489,3,1011890003,4.603065742609404,0.926292802679687,cutoff
S3_gaming,489,4,1011890004,4.606848917564294,0.9266758124041308,cutoff
S3_gaming,489,5,1011890005,4.602187924334957,0.9330176792191961,cutoff
S3_gaming,489,6,1011890006,4.607719274778109,0.9281964458360401,cutoff
S3_gaming,489,7,1011890007,4.59960991459856,0.9322881930900573,cutoff
S3_gaming,490,0,1011900000,4.008333333333334,0.9143439784905877,soc_min
S3_gaming,490,1,1011900001,4.0055555555555555,0.9136151537612588,soc_min
S3_gaming,490,2,1011900002,4.011111111111111,0.9156148802284558,soc_min
S3_gaming,490,3,1011900003,4.008333333333334,0.9143145821272951,soc_min
S3_gaming,490,4,1011900004,4.008333333333334,0.9133764793503834,soc_min
S3_gaming,490,5,1011900005,4.013888888888889,0.9134508632272513,soc_min
S3_gaming,490,6,1011900006,4.008333333333334,0.9132715458307397,soc_min
S3_gaming,490,7,1011900007,4.002777777777778,0.9132264737253419,soc_min
S3_gaming,491,0,1011910000,3.3805555555555555,0.9353285223543074,soc_min
S3_gaming,491,1,1011910001,3.3777777777777778,0.935856741005254,soc_min
S3_gaming,491,2,1011910002,3.3805555555555555,0.935059783261027,soc_min
S3_gaming,491,3,1011910003,3.3805555555555555,0.9347684197499059,soc_min
S3_gaming,491,4,1011910004,3.3805555555555555,0.9350486148472966,soc_min
S3_gaming,491,5,1011910005,3.3777777777777778,0.9351397882955982,soc_min
S3_gaming,491,6,1011910006,3.3805555555555555,0.9349126792722092,soc_min
S3_gaming,491,7,1011910007,3.3805555555555555,0.9352175476122477,soc_min
S3_gaming,492,0,1011920000,3.061111111111111,0.8862294455157969,soc_min
S3_gaming,492,1,1011920001,3.061111111111111,0.8839498474187327,soc_min
S3_gaming,492,2,1011920002,3.061111111111111,0.8841153361346858,soc_min
S3_gaming,492,3,1011920003,3.061111111111111,0.8877848217208523,soc_min
S3_gaming,492,4,1011920004,3.061111111111111,0.8905417445995618,soc_min
S3_gaming,492,5,1011920005,3.063888888888889,0.8845866474457202,soc_min
S3_gaming,492,6,1011920006,3.061111111111111,0.8862685440909341,soc_min
S3_gaming,492,7,1011920007,3.061111111111111,0.888044943389443,soc_min
S3_gaming,493,0,1011930000,3.9586127945239116,0.905594467384122,cutoff
S3_gaming,493,1,1011930001,3.942791481046385,0.9058134764565334,cutoff
S3_gaming,493,2,1011930002,3.951153671298769,0.9087108044874295,cutoff
S3_gaming,493,3,1011930003,3.945960519622178,0.9069847081180674,cutoff
S3_gaming,493,4,1011930004,3.9511516240212767,0.9060167212568919,cutoff
S3_gaming,493,5,1011930005,3.9472222222222224,0.8946090386767162,cutoff
S3_gaming,493,6,1011930006,3.947477536530363,0.8998673688490753,cutoff
S3_gaming,493,7,1011930007,3.9474378083124133,0.9055877669187062,cutoff
S3_gaming,494,0,1011940000,3.466666666666667,0.8525726817024146,soc_min
S3_gaming,494,1,1011940001,3.4694444444444446,0.8536366688855135,soc_min
S3_gaming,494,2,1011940002,3.4694444444444446,0.8524809392166325,soc_min
S3_gaming,494,3,1011940003,3.4555555555555557,0.8531057814344432,soc_min
S3_gaming,494,4,1011940004,3.4611111111111112,0.8525556641773744,soc_min
S3_gaming,494,5,1011940005,3.4611111111111112,0.8525306829022056,soc_min
S3_gaming,494,6,1011940006,3.4472222222222224,0.8533098476364627,soc_min
S3_gaming,494,7,1011940007,3.466666666666667,0.8548959433551356,soc_min
S3_gaming,495,0,1011950000,2.589759494467789,0.9096213204161139,cutoff
S3_gaming,495,1,1011950001,2.5942499864625126,0.9081899450672015,cutoff
S3_gaming,495,2,1011950002,2.595050363320842,0.9087431259130101,cutoff
S3_gaming,495,3,1011950003,2.592656502416882,0.907789214070418,cutoff
S3_gaming,495,4,1011950004,2.5925806638767854,0.8985007021147501,cutoff
S3_gaming,495,5,1011950005,2.595838684436739,0.9090346478742845,cutoff
S3_gaming,495,6,1011950006,2.5926407632903143,0.908568086017067,cutoff
S3_gaming,495,7,1011950007,2.591014550366081,0.9081065579896622,cutoff
S3_gaming,496,0,1011960000,3.475,0.8922983897706207,soc_min
S3_gaming,496,1,1011960001,3.475,0.8922261292072733,soc_min
S3_gaming,496,2,1011960002,3.475,0.8909545806189095,soc_min
S3_gaming,496,3,1011960003,3.4722222222222223,0.8890810609458968,soc_min
S3_gaming,496,4,1011960004,3.4722222222222223,0.8910679834899966,soc_min
S3_gaming,496,5,1011960005,3.475,0.8890406941001432,soc_min
S3_gaming,496,6,1011960006,3.4722222222222223,0.8895271351915681,soc_min
S3_gaming,496,7,1011960007,3.475,0.8886854308761499,soc_min
S3_gaming,497,0,1011970000,3.0527777777777776,0.9014931245321771,soc_min
S3_gaming,497,1,1011970001,3.0527777777777776,0.9033911734843901,soc_min
S3_gaming,497,2,1011970002,3.047222222222222,0.903820191206456,soc_min
S3_gaming,497,3,1011970003,3.0444444444444443,0.9017643052507776,soc_min
S3_gaming,497,4,1011970004,3.05,0.9016175388357649,soc_min
S3_gaming,497,5,1011970005,3.047222222222222,0.9016926715647237,soc_min
S3_gaming,497,6,1011970006,3.0444444444444443,0.9012582637729196,soc_min
S3_gaming,497,7,1011970007,3.047222222222222,0.901619794357179,soc_min
S3_gaming,498,0,1011980000,2.1219977938966204,0.8871549321179674,cutoff
S3_gaming,498,1,1011980001,2.122303509843882,0.8890842126427514,cutoff
S3_gaming,498,2,1011980002,2.128554085432744,0.889808365347395,cutoff
S3_gaming,498,3,1011980003,2.126191682188866,0.8891340294648337,cutoff
S3_gaming,498,4,1011980004,2.1240508547655392,0.889464570186826,cutoff
S3_gaming,498,5,1011980005,2.1269358674256678,0.8807073702924575,cutoff
S3_gaming,498,6,1011980006,2.124078234360883,0.8888131398108028,cutoff
S3_gaming,498,7,1011980007,2.122315187617578,0.8860441267203721,cutoff
S3_gaming,499,0,1011990000,2.9479286349791662,0.8653967289187519,cutoff
S3_gaming,499,1,1011990001,2.9491964993961757,0.8735671333169348,cutoff
S3_gaming,499,2,1011990002,2.9483811546961487,0.8667021220516719,cutoff
S3_gaming,499,3,1011990003,2.949229943480393,0.8735399365599588,cutoff
S3_gaming,499,4,1011990004,2.9478683984502663,0.8703927087313019,cutoff
S3_gaming,499,5,1011990005,2.9502357019946306,0.8732796636628393,cutoff
S3_gaming,499,6,1011990006,2.941666666666667,0.8618676248467585,cutoff
S3_gaming,499,7,1011990007,2.9484052604088586,0.8719434115000922,cutoff
S3_gaming,500,0,1012000000,2.963888888888889,0.9088830429780254,soc_min
S3_gaming,500,1,1012000001,2.963888888888889,0.9089084892894908,soc_min
S3_gaming,500,2,1012000002,2.963888888888889,0.9082252112161202,soc_min
S3_gaming,500,3,1012000003,2.966666666666667,0.9080340527267932,soc_min
S3_gaming,500,4,1012000004,2.963888888888889,0.9086265047588375,soc_min
S3_gaming,500,5,1012000005,2.9611111111111112,0.9084819732972057,soc_min
S3_gaming,500,6,1012000006,2.9611111111111112,0.9100500206266103,soc_min
S3_gaming,500,7,1012000007,2.963888888888889,0.9083814065759734,soc_min
S3_gaming,501,0,1012010000,3.627061589428245,0.8953750861232898,cutoff
S3_gaming,501,1,1012010001,3.627571073992777,0.8892869553498405,cutoff
S3_gaming,501,2,1012010002,3.6137846836440923,0.8949645770173684,cutoff
S3_gaming,501,3,1012010003,3.614435798444781,0.8924505574193742,cutoff
S3_gaming,501,4,1012010004,3.6325883076461927,0.8953002410148403,cutoff
S3_gaming,501,5,1012010005,3.6242677869020072,0.8946887996866638,cutoff
S3_gaming,501,6,1012010006,3.6315702932758076,0.8927553824827619,cutoff
S3_gaming,501,7,1012010007,3.6249284908031285,0.8914598419715878,cutoff
S3_gaming,502,0,1012020000,2.1194297241255238,0.8474380724466314,cutoff
S3_gaming,502,1,1012020001,2.119304916909172,0.8374557302141905,cutoff
S3_gaming,502,2,1012020002,2.1148802248760004,0.8263996427354169,cutoff
S3_gaming,502,3,1012020003,2.1201727442594556,0.8468689909550418,cutoff
S3_gaming,502,4,1012020004,2.123013665414458,0.8469315731260969,cutoff
S3_gaming,502,5,1012020005,2.1201547733241317,0.8467916691025437,cutoff
S3_gaming,502,6,1012020006,2.1183292218081085,0.8407659204606344,cutoff
S3_gaming,502,7,1012020007,2.1258001953773236,0.8467375004888024,cutoff
S3_gaming,503,0,1012030000,2.2777777777777777,0.9178805458860559,soc_min
S3_gaming,503,1,1012030001,2.272222222222222,0.9187533357241208,soc_min
S3_gaming,503,2,1012030002,2.275,0.918423027967465,soc_min
S3_gaming,503,3,1012030003,2.2777777777777777,0.9213771525993959,soc_min
S3_gaming,503,4,1012030004,2.2777777777777777,0.9205050829642432,soc_min
S3_gaming,503,5,1012030005,2.2805555555555554,0.9204886857150152,soc_min
S3_gaming,503,6,1012030006,2.2777777777777777,0.9178657840757994,soc_min
S3_gaming,503,7,1012030007,2.275,0.9190664316958767,soc_min
S3_gaming,504,0,1012040000,3.268563778634845,0.9097414602236303,cutoff
S3_gaming,504,1,1012040001,3.2763966066061583,0.9110030787631002,cutoff
S3_gaming,504,2,1012040002,3.276468294161658,0.9178686023720596,cutoff
S3_gaming,504,3,1012040003,3.2694444444444444,0.908802016319071,cutoff
S3_gaming,504,4,1012040004,3.2674474962320477,0.90891046802726,cutoff
S3_gaming,504,5,1012040005,3.2725128841208946,0.919031851450168,cutoff
S3_gaming,504,6,1012040006,3.27187065116545,0.9114450258064367,cutoff
S3_gaming,504,7,1012040007,3.274303569997258,0.9105484345723835,cutoff
S3_gaming,505,0,1012050000,2.837501602631851,0.8510089690313553,cutoff
S3_gaming,505,1,1012050001,2.8398294418517858,0.8516722019138082,cutoff
S3_gaming,505,2,1012050002,2.834964963029895,0.8502815084893063,cutoff
S3_gaming,505,3,1012050003,2.837012973739429,0.8470264406940397,cutoff
S3_gaming,505,4,1012050004,2.837521760819939,0.850579677969093,cutoff
S3_gaming,505,5,1012050005,2.838516020962738,0.8504591214051938,cutoff
S3_gaming,505,6,1012050006,2.837112029820895,0.8503417426194672,cutoff
S3_gaming,505,7,1012050007,2.8303995243601725,0.8509823676829374,cutoff
S3_gaming,506,0,1012060000,2.661111111111111,0.8664528534553546,soc_min
S3_gaming,506,1,1012060001,2.658333333333333,0.8662363755415039,soc_min
S3_gaming,506,2,1012060002,2.658333333333333,0.8658565273171841,soc_min
S3_gaming,506,3,1012060003,2.6666666666666665,0.8654009257985316,soc_min
S3_gaming,506,4,1012060004,2.658333333333333,0.865695548652102,soc_min
S3_gaming,506,5,1012060005,2.661111111111111,0.8659273815263647,soc_min
S3_gaming,506,6,1012060006,2.661111111111111,0.8680706769134109,soc_min
S3_gaming,506,7,1012060007,2.658333333333333,0.8661402468701805,soc_min
S3_gaming,507,0,1012070000,3.4138888888888888,0.9200147591127409,soc_min
S3_gaming,507,1,1012070001,3.411111111111111,0.9185099312565724,soc_min
S3_gaming,507,2,1012070002,3.4166666666666665,0.9194898639644725,soc_min
S3_gaming,507,3,1012070003,3.422222222222222,0.9195346394078664,soc_min
S3_gaming,507,4,1012070004,3.433333333333333,0.9204113631336417,soc_min
S3_gaming,507,5,1012070005,3.411111111111111,0.9200833308103356,soc_min
S3_gaming,507,6,1012070006,3.425,0.9184759197834323,soc_min
S3_gaming,507,7,1012070007,3.425,0.9192833283702309,soc_min
S3_gaming,508,0,1012080000,3.0589180647974206,0.8969480449347906,cutoff
S3_gaming,508,1,1012080001,3.065735666055534,0.8921416384082413,cutoff
S3_gaming,508,2,1012080002,3.068689319645738,0.9012407439233856,cutoff
S3_gaming,508,3,1012080003,3.0655724182699644,0.902915694714007,cutoff
S3_gaming,508,4,1012080004,3.0670399730385727,0.9028726483895606,cutoff
S3_gaming,508,5,1012080005,3.0608877684794376,0.89685069196433,cutoff
S3_gaming,508,6,1012080006,3.064267147026419,0.8925949864583377,cutoff
S3_gaming,508,7,1012080007,3.0593958892601743,0.9014323086170206,cutoff
S3_gaming,509,0,1012090000,3.562089272839275,0.9127624013516614,cutoff
S3_gaming,509,1,1012090001,3.559234694085968,0.9043281943246336,cutoff
S3_gaming,509,2,1012090002,3.5544609493208106,0.9116775550975602,cutoff
S3_gaming,509,3,1012090003,3.5645215379612294,0.9053472457729397,cutoff
S3_gaming,509,4,1012090004,3.5565298544969335,0.9071722390294984,cutoff
S3_gaming,509,5,1012090005,3.5637067065241297,0.9113992690308395,cutoff
S3_gaming,509,6,1012090006,3.561293334726454,0.9126713324178118,cutoff
S3_gaming,509,7,1012090007,3.562116096853301,0.907149693731808,cutoff
S3_gaming,510,0,1012100000,2.5007368329288617,0.8677958478247465,cutoff
S3_gaming,510,1,1012100001,2.499242181694131,0.869074983665795,cutoff
S3_gaming,510,2,1012100002,2.5029948900853833,0.8697821886520503,cutoff
S3_gaming,510,3,1012100003,2.4982965947276115,0.8598881820873718,cutoff
S3_gaming,510,4,1012100004,2.499889193819174,0.8639599362546524,cutoff
S3_gaming,510,5,1012100005,2.5007831765603226,0.8688554524183661,cutoff
S3_gaming,510,6,1012100006,2.500860641108964,0.8699059953273228,cutoff
S3_gaming,510,7,1012100007,2.5013654377125087,0.8699823525571265,cutoff
S3_gaming,511,0,1012110000,3.6305555555555555,0.9044737382276082,soc_min
S3_gaming,511,1,1012110001,3.6222222222222222,0.9043768253231121,soc_min
S3_gaming,511,2,1012110002,3.625,0.9057737092042305,soc_min
S3_gaming,511,3,1012110003,3.6277777777777778,0.9063439669475557,soc_min
S3_gaming,511,4,1012110004,3.6222222222222222,0.9044116494803423,soc_min
S3_gaming,511,5,1012110005,3.625,0.9044675310569905,soc_min
S3_gaming,511,6,1012110006,3.6305555555555555,0.9056788484064399,soc_min
S3_gaming,511,7,1012110007,3.6194444444444445,0.9043805732738213,soc_min
S3_gaming,512,0,1012120000,2.2555555555555555,0.9077023641465222,soc_min
S3_gaming,512,1,1012120001,2.2583333333333333,0.9075411959885342,soc_min
S3_gaming,512,2,1012120002,2.2583333333333333,0.9062282964784344,soc_min
S3_gaming,512,3,1012120003,2.2527777777777778,0.9080544190323391,soc_min
S3_gaming,512,4,1012120004,2.2583333333333333,0.9091243018481463,soc_min
S3_gaming,512,5,1012120005,2.2583333333333333,0.9086005671416618,soc_min
S3_gaming,512,6,1012120006,2.261111111111111,0.909059172630321,soc_min
S3_gaming,512,7,1012120007,2.2583333333333333,0.9078105686329319,soc_min
S3_gaming,513,0,1012130000,4.189612341804922,0.8972681168609409,cutoff
S3_gaming,513,1,1012130001,4.197028875204999,0.8983784040272282,cutoff
S3_gaming,513,2,1012130002,4.190378841374195,0.8989122700879966,cutoff
S3_gaming,513,3,1012130003,4.1908492818800775,0.8953265717408255,cutoff
S3_gaming,513,4,1012130004,4.181799149648365,0.8919558028672068,cutoff
S3_gaming,513,5,1012130005,4.193725191466164,0.8960504499326861,cutoff
S3_gaming,513,6,1012130006,4.187234472001508,0.8985012058811036,cutoff
S3_gaming,513,7,1012130007,4.190552217735102,0.8980917217736951,cutoff
S3_gaming,514,0,1012140000,2.323111838630282,0.8517422253661123,cutoff
S3_gaming,514,1,1012140001,2.323746667563356,0.8460867273277001,cutoff
S3_gaming,514,2,1012140002,2.320759170804533,0.849919815194007,cutoff
S3_gaming,514,3,1012140003,2.3204118609217006,0.8487149977124876,cutoff
S3_gaming,514,4,1012140004,2.3180065925345574,0.8513084723623738,cutoff
S3_gaming,514,5,1012140005,2.3243008815319603,0.8520266267154198,cutoff
S3_gaming,514,6,1012140006,2.323122659305624,0.8504400773799293,cutoff
S3_gaming,514,7,1012140007,2.3186085076458034,0.8482453596359683,cutoff
S3_gaming,515,0,1012150000,3.544214490292843,0.8955243745307058,cutoff
S3_gaming,515,1,1012150001,3.542675982902122,0.9025612795842123,cutoff
S3_gaming,515,2,1012150002,3.539791160384294,0.9049764202333608,cutoff
S3_gaming,515,3,1012150003,3.541742985018739,0.8973810218852071,cutoff
S3_gaming,515,4,1012150004,3.5451850222447776,0.894449426324331,cutoff
S3_gaming,515,5,1012150005,3.540067277410084,0.8901479088203491,cutoff
S3_gaming,515,6,1012150006,3.550892919771699,0.8922433494031099,cutoff
S3_gaming,515,7,1012150007,3.5509421357051103,0.8988148774292389,cutoff
S3_gaming,516,0,1012160000,3.375724500067338,0.9042061959533019,cutoff
S3_gaming,516,1,1012160001,3.3743181157337463,0.9106427550263507,cutoff
S3_gaming,516,2,1012160002,3.381631949752389,0.9116734000754023,cutoff
S3_gaming,516,3,1012160003,3.3722222222222222,0.9037026351320215,cutoff
S3_gaming,516,4,1012160004,3.3755995192722006,0.911873674788203,cutoff
S3_gaming,516,5,1012160005,3.37756093659327,0.9126235164905068,cutoff
S3_gaming,516,6,1012160006,3.3783030044149593,0.9086626816064262,cutoff
S3_gaming,516,7,1012160007,3.375638683792168,0.9120159465125711,cutoff
S3_gaming,517,0,1012170000,2.3772264398107934,0.8559460066044002,cutoff
S3_gaming,517,1,1012170001,2.375946163855233,0.8556055505626899,cutoff
S3_gaming,517,2,1012170002,2.375500155936562,0.850330535001674,cutoff
S3_gaming,517,3,1012170003,2.373643222030527,0.8557368938789859,cutoff
S3_gaming,517,4,1012170004,2.376282735584159,0.8556971930351376,cutoff
S3_gaming,517,5,1012170005,2.3756012745769293,0.8555403421362683,cutoff
S3_gaming,517,6,1012170006,2.375,0.8466323986536222,cutoff
S3_gaming,517,7,1012170007,2.376261091981371,0.8542234780829021,cutoff
S3_gaming,518,0,1012180000,3.988787908498598,0.928422734671265,cutoff
S3_gaming,518,1,1012180001,3.9907048100263376,0.9282507500981353,cutoff
S3_gaming,518,2,1012180002,3.9905126140970437,0.9280856566147723,cutoff
S3_gaming,518,3,1012180003,3.986093408679678,0.9284405181112682,cutoff
S3_gaming,518,4,1012180004,3.9902101859109633,0.9275381497323657,cutoff
S3_gaming,518,5,1012180005,3.9895214047777654,0.9282877628919628,cutoff
S3_gaming,518,6,1012180006,3.99168319814278,0.9282484905578166,cutoff
S3_gaming,518,7,1012180007,3.9899495836414935,0.9254220153199197,cutoff
S3_gaming,519,0,1012190000,3.4651314987117265,0.9178192843237634,cutoff
S3_gaming,519,1,1012190001,3.4674801654661085,0.9137204265063459,cutoff
S3_gaming,519,2,1012190002,3.4694864651256627,0.9167861536113794,cutoff
S3_gaming,519,3,1012190003,3.4651615025163434,0.9181320902602266,cutoff
S3_gaming,519,4,1012190004,3.4583333333333335,0.9131599178434653,cutoff
S3_gaming,519,5,1012190005,3.464688446802372,0.9204414281329273,cutoff
S3_gaming,519,6,1012190006,3.467553926441654,0.9220555124750568,cutoff
S3_gaming,519,7,1012190007,3.47560083688552,0.9232214810835844,cutoff
S3_gaming,520,0,1012200000,2.1509783562884035,0.8155150880985402,cutoff
S3_gaming,520,1,1012200001,2.152790388900954,0.8178003060477701,cutoff
S3_gaming,520,2,1012200002,2.1537946021049246,0.8179617878637533,cutoff
S3_gaming,520,3,1012200003,2.1444444444444444,0.8111532959077836,cutoff
S3_gaming,520,4,1012200004,2.150914114336159,0.8176181864412554,cutoff
S3_gaming,520,5,1012200005,2.1547599121362304,0.8168282238255659,cutoff
S3_gaming,520,6,1012200006,2.1542107745503767,0.8161516861385892,cutoff
S3_gaming,520,7,1012200007,2.1538225001776725,0.8182464413545726,cutoff
S3_gaming,521,0,1012210000,2.9055555555555554,0.8736933258014906,cutoff
S3_gaming,521,1,1012210001,2.9017692354474334,0.8838838259914776,cutoff
S3_gaming,521,2,1012210002,2.9088806898084365,0.8836918709341205,cutoff
S3_gaming,521,3,1012210003,2.906144292312208,0.8836719849129905,cutoff
S3_gaming,521,4,1012210004,2.898780405135976,0.8835264260874371,cutoff
S3_gaming,521,5,1012210005,2.903376873028217,0.8836615914602598,cutoff
S3_gaming,521,6,1012210006,2.908333333333333,0.873167026381271,cutoff
S3_gaming,521,7,1012210007,2.903752015444249,0.8837243675155332,cutoff
S3_gaming,522,0,1012220000,3.803638874894252,0.8958513985786871,cutoff
S3_gaming,522,1,1012220001,3.8020296664569,0.8957689835154916,cutoff
S3_gaming,522,2,1012220002,3.8031240213954267,0.8883258643237366,cutoff
S3_gaming,522,3,1012220003,3.8018401478134685,0.8956300704086173,cutoff
S3_gaming,522,4,1012220004,3.802351030588569,0.889129857505836,cutoff
S3_gaming,522,5,1012220005,3.8066193665306973,0.8956132899863488,cutoff
S3_gaming,522,6,1012220006,3.8030238245518038,0.8959505993871043,cutoff
S3_gaming,522,7,1012220007,3.804213755908648,0.8975999719063623,cutoff
S3_gaming,523,0,1012230000,2.7514220989824514,0.8334241643847986,cutoff
S3_gaming,523,1,1012230001,2.771228370141652,0.8515576823380878,cutoff
S3_gaming,523,2,1012230002,2.7593523208106183,0.8431744745987754,cutoff
S3_gaming,523,3,1012230003,2.7609830384423826,0.8371656505984428,cutoff
S3_gaming,523,4,1012230004,2.75934624654352,0.836738967710137,cutoff
S3_gaming,523,5,1012230005,2.7638020094608917,0.841931108069687,cutoff
S3_gaming,523,6,1012230006,2.759767534128357,0.8387427799562106,cutoff
S3_gaming,523,7,1012230007,2.7589487058397495,0.8367426287181121,cutoff
S3_gaming,524,0,1012240000,3.6638888888888888,0.9122015807328726,soc_min
S3_gaming,524,1,1012240001,3.6638888888888888,0.912219702244398,soc_min
S3_gaming,524,2,1012240002,3.658333333333333,0.9124401986769212,soc_min
S3_gaming,524,3,1012240003,3.661111111111111,0.9119361747667944,soc_min
S3_gaming,524,4,1012240004,3.658333333333333,0.9123486160929862,soc_min
S3_gaming,524,5,1012240005,3.6638888888888888,0.9123383669679174,soc_min
S3_gaming,524,6,1012240006,3.6638888888888888,0.9120144465289506,soc_min
S3_gaming,524,7,1012240007,3.658333333333333,0.912099419801922,soc_min
S3_gaming,525,0,1012250000,3.8594621160833342,0.9052913067475522,cutoff
S3_gaming,525,1,1012250001,3.848634300391894,0.9013493195687454,cutoff
S3_gaming,525,2,1012250002,3.851457663289527,0.9092427917284113,cutoff
S3_gaming,525,3,1012250003,3.857924880917708,0.9129264441391737,cutoff
S3_gaming,525,4,1012250004,3.8632114516325036,0.9104070818487243,cutoff
S3_gaming,525,5,1012250005,3.8495211032989896,0.9136416245909179,cutoff
S3_gaming,525,6,1012250006,3.85,0.8997339833861947,cutoff
S3_gaming,525,7,1012250007,3.8531134965257796,0.9117366904151347,cutoff
S3_gaming,526,0,1012260000,2.9360218991785523,0.8740939589839608,cutoff
S3_gaming,526,1,1012260001,2.9391288973196725,0.8762239720787803,cutoff
S3_gaming,526,2,1012260002,2.938284039371422,0.8712472516150387,cutoff
S3_gaming,526,3,1012260003,2.940013841319432,0.8741724121476728,cutoff
S3_gaming,526,4,1012260004,2.9382700712164227,0.8740650404233438,cutoff
S3_gaming,526,5,1012260005,2.940881895011945,0.8734146330441892,cutoff
S3_gaming,526,6,1012260006,2.9425993557927854,0.8762121904809799,cutoff
S3_gaming,526,7,1012260007,2.9386288997942764,0.8741214816899842,cutoff
S3_gaming,527,0,1012270000,2.811111111111111,0.8818819049722195,soc_min
S3_gaming,527,1,1012270001,2.811111111111111,0.8807219903687656,soc_min
S3_gaming,527,2,1012270002,2.811111111111111,0.8803891917611051,soc_min
S3_gaming,527,3,1012270003,2.811111111111111,0.8814160573201972,soc_min
S3_gaming,527,4,1012270004,2.808333333333333,0.8852785593865223,soc_min
S3_gaming,527,5,1012270005,2.813888888888889,0.8823184284360771,soc_min
S3_gaming,527,6,1012270006,2.808333333333333,0.8802740935858336,soc_min
S3_gaming,527,7,1012270007,2.808333333333333,0.8820713518816572,soc_min
S3_gaming,528,0,1012280000,3.3472222222222223,0.8675251853322005,cutoff
S3_gaming,528,1,1012280001,3.342255701279935,0.8879683215801886,cutoff
S3_gaming,528,2,1012280002,3.345825960875586,0.876816515250578,cutoff
S3_gaming,528,3,1012280003,3.3404901079096567,0.8734678739982304,cutoff
S3_gaming,528,4,1012280004,3.3449264253663316,0.8871080875626501,cutoff
S3_gaming,528,5,1012280005,3.3466905852568587,0.8881733854216323,cutoff
S3_gaming,528,6,1012280006,3.3458495350345627,0.8823390114808592,cutoff
S3_gaming,528,7,1012280007,3.3466865055160553,0.8881808743288433,cutoff
S3_gaming,529,0,1012290000,2.5742491537315195,0.8966816852498255,cutoff
S3_gaming,529,1,1012290001,2.5758088850336884,0.8972300587158544,cutoff
S3_gaming,529,2,1012290002,2.5786323664096975,0.8972590090532834,cutoff
S3_gaming,529,3,1012290003,2.5758166647533884,0.8972617219552886,cutoff
S3_gaming,529,4,1012290004,2.5749391044921133,0.8974774936045724,cutoff
S3_gaming,529,5,1012290005,2.574084954239494,0.8931674597485392,cutoff
S3_gaming,529,6,1012290006,2.5780184007488294,0.8959164029828188,cutoff
S3_gaming,529,7,1012290007,2.57625247371229,0.897304285848461,cutoff
S3_gaming,530,0,1012300000,3.7903732722472103,0.9103322842670423,cutoff
S3_gaming,530,1,1012300001,3.7949018666247714,0.9037724942796932,cutoff
S3_gaming,530,2,1012300002,3.7880832431439346,0.9072645864186527,cutoff
S3_gaming,530,3,1012300003,3.7922120532002137,0.9023316954492725,cutoff
S3_gaming,530,4,1012300004,3.790343384955633,0.9055781160382641,cutoff
S3_gaming,530,5,1012300005,3.795325034188215,0.9064576720468034,cutoff
S3_gaming,530,6,1012300006,3.801063743168542,0.9159226868483917,cutoff
S3_gaming,530,7,1012300007,3.7903885282224055,0.9127040139747378,cutoff
S3_gaming,531,0,1012310000,2.852777777777778,0.8922178461229965,soc_min
S3_gaming,531,1,1012310001,2.852777777777778,0.8868186206641698,soc_min
S3_gaming,531,2,1012310002,2.852777777777778,0.8858776095591889,soc_min
S3_gaming,531,3,1012310003,2.85,0.8862139142844058,soc_min
S3_gaming,531,4,1012310004,2.852777777777778,0.8917059626819812,soc_min
S3_gaming,531,5,1012310005,2.85,0.88860152068936,soc_min
S3_gaming,531,6,1012310006,2.8472222222222223,0.8870489574964621,soc_min
S3_gaming,531,7,1012310007,2.852777777777778,0.8871791668539681,soc_min
S3_gaming,532,0,1012320000,2.505560653455243,0.7962092336425682,cutoff
S3_gaming,532,1,1012320001,2.514984622152003,0.7970696967503311,cutoff
S3_gaming,532,2,1012320002,2.515795101514278,0.7962993332352991,cutoff
S3_gaming,532,3,1012320003,2.5,0.7905169906996958,cutoff
S3_gaming,532,4,1012320004,2.519390510943822,0.7971598972167079,cutoff
S3_gaming,532,5,1012320005,2.5088385753106675,0.7958314083774456,cutoff
S3_gaming,532,6,1012320006,2.5120647322227185,0.7940151101569406,cutoff
S3_gaming,532,7,1012320007,2.5190106036337325,0.8072080261497577,cutoff
S3_gaming,533,0,1012330000,4.0752318434570585,0.9159131103235612,cutoff
S3_gaming,533,1,1012330001,4.075225197723084,0.9158921348334244,cutoff
S3_gaming,533,2,1012330002,4.0769834050466365,0.9139963547780617,cutoff
S3_gaming,533,3,1012330003,4.072222222222222,0.9126113394690059,cutoff
S3_gaming,533,4,1012330004,4.075336003801777,0.9199164241444128,cutoff
S3_gaming,533,5,1012330005,4.073297283122728,0.915605445287704,cutoff
S3_gaming,533,6,1012330006,4.074356206644324,0.9170138164325792,cutoff
S3_gaming,533,7,1012330007,4.0787213594425475,0.92047756102517,cutoff
S3_gaming,534,0,1012340000,2.773695602635772,0.9055789570811092,cutoff
S3_gaming,534,1,1012340001,2.777570977875999,0.9057213096140473,cutoff
S3_gaming,534,2,1012340002,2.777240926654356,0.9056985255227485,cutoff
S3_gaming,534,3,1012340003,2.776274900949458,0.9055505419079528,cutoff
S3_gaming,534,4,1012340004,2.775338005580757,0.9054235519850388,cutoff
S3_gaming,534,5,1012340005,2.775539290725435,0.9031836760691964,cutoff
S3_gaming,534,6,1012340006,2.7731352200122243,0.9054902630458856,cutoff
S3_gaming,534,7,1012340007,2.7771391426430205,0.9001527100698178,cutoff
S3_gaming,535,0,1012350000,2.278365718086776,0.864351850642716,cutoff
S3_gaming,535,1,1012350001,2.275930465333162,0.8566623491911117,cutoff
S3_gaming,535,2,1012350002,2.280505945143468,0.8691402942109807,cutoff
S3_gaming,535,3,1012350003,2.2777490023140228,0.8686324101336209,cutoff
S3_gaming,535,4,1012350004,2.276878646544398,0.8572814950743631,cutoff
S3_gaming,535,5,1012350005,2.286163954778416,0.8577769497710257,cutoff
S3_gaming,535,6,1012350006,2.279763389214748,0.8640819775251806,cutoff
S3_gaming,535,7,1012350007,2.2789741485548727,0.8701984713975874,cutoff
S3_gaming,536,0,1012360000,3.223597977398216,0.8732790472764572,cutoff
S3_gaming,536,1,1012360001,3.2244897413927123,0.870647916272768,cutoff
S3_gaming,536,2,1012360002,3.2269646424430545,0.8738562706159863,cutoff
S3_gaming,536,3,1012360003,3.220805282861218,0.8660526857785836,cutoff
S3_gaming,536,4,1012360004,3.2270405382450837,0.8730551570163222,cutoff
S3_gaming,536,5,1012360005,3.2261466756838306,0.8724958024184237,cutoff
S3_gaming,536,6,1012360006,3.226270886425959,0.8701417398584892,cutoff
S3_gaming,536,7,1012360007,3.2240753549645023,0.8735541477770121,cutoff
S3_gaming,537,0,1012370000,3.1374325731520907,0.911921001790981,cutoff
S3_gaming,537,1,1012370001,3.136051898539603,0.9120933109177318,cutoff
S3_gaming,537,2,1012370002,3.139301820204574,0.9112983118842628,cutoff
S3_gaming,537,3,1012370003,3.1334538219620356,0.9118195296486634,cutoff
S3_gaming,537,4,1012370004,3.1369191605554563,0.904327892559215,cutoff
S3_gaming,537,5,1012370005,3.1392886773984428,0.9118280140324828,cutoff
S3_gaming,537,6,1012370006,3.1374356077663825,0.9119266569977001,cutoff
S3_gaming,537,7,1012370007,3.139873289537193,0.9085010771255845,cutoff
S3_gaming,538,0,1012380000,2.6381149362996643,0.8604690784457015,cutoff
S3_gaming,538,1,1012380001,2.6277673608866787,0.8607174019275852,cutoff
S3_gaming,538,2,1012380002,2.63504518840506,0.8603757898034123,cutoff
S3_gaming,538,3,1012380003,2.6328218646169983,0.8565617274204596,cutoff
S3_gaming,538,4,1012380004,2.636180287086295,0.8596962336628307,cutoff
S3_gaming,538,5,1012380005,2.6361770227895565,0.8600643590047838,cutoff
S3_gaming,538,6,1012380006,2.633907370261373,0.8524103125258264,cutoff
S3_gaming,538,7,1012380007,2.635055843406746,0.8604128495722257,cutoff
S3_gaming,539,0,1012390000,3.8420692426893424,0.8751008730567803,cutoff
S3_gaming,539,1,1012390001,3.8487558662207504,0.8765697869038843,cutoff
S3_gaming,539,2,1012390002,3.8323639930052624,0.8833665439407014,cutoff
S3_gaming,539,3,1012390003,3.83879501190752,0.880836573959059,cutoff
S3_gaming,539,4,1012390004,3.8391272026298213,0.8776153253486343,cutoff
S3_gaming,539,5,1012390005,3.848957418541399,0.883530421143181,cutoff
S3_gaming,539,6,1012390006,3.844025311434862,0.8835113688784427,cutoff
S3_gaming,539,7,1012390007,3.8381379185610234,0.8795007640829737,cutoff
S3_gaming,540,0,1012400000,1.9386136322101983,0.8311081785586174,cutoff
S3_gaming,540,1,1012400001,1.9387725530696651,0.819951684775036,cutoff
S3_gaming,540,2,1012400002,1.939129968253439,0.8316843392380832,cutoff
S3_gaming,540,3,1012400003,1.9375713173452973,0.8279883687572617,cutoff
S3_gaming,540,4,1012400004,1.9412370172721027,0.826355257417872,cutoff
S3_gaming,540,5,1012400005,1.9391599620909363,0.8255040787256138,cutoff
S3_gaming,540,6,1012400006,1.9417423636360975,0.8316141943749613,cutoff
S3_gaming,540,7,1012400007,1.937576749424747,0.8274052551096996,cutoff
S3_gaming,541,0,1012410000,3.610347347540849,0.8631380111796794,cutoff
S3_gaming,541,1,1012410001,3.614708469639774,0.8732837548432301,cutoff
S3_gaming,541,2,1012410002,3.611111111111111,0.8620140640740889,cutoff
S3_gaming,541,3,1012410003,3.6130595451523724,0.8734266838378547,cutoff
S3_gaming,541,4,1012410004,3.6126505849212527,0.8733772856236638,cutoff
S3_gaming,541,5,1012410005,3.6152797165202424,0.8721169493953318,cutoff
S3_gaming,541,6,1012410006,3.6118258807621597,0.8732742286071726,cutoff
S3_gaming,541,7,1012410007,3.6155443121524553,0.8683151150367487,cutoff
S3_gaming,542,0,1012420000,3.8973462097146085,0.9157317504974439,cutoff
S3_gaming,542,1,1012420001,3.8907080380122694,0.9156055147453177,cutoff
S3_gaming,542,2,1012420002,3.8980925042411605,0.9158107469011518,cutoff
S3_gaming,542,3,1012420003,3.8928795773794755,0.9158356722264163,cutoff
S3_gaming,542,4,1012420004,3.8981119824292145,0.9079629178203608,cutoff
S3_gaming,542,5,1012420005,3.895129157415194,0.9157833036688205,cutoff
S3_gaming,542,6,1012420006,3.89220177062639,0.909123700020407,cutoff
S3_gaming,542,7,1012420007,3.8867954512369614,0.904764017651167,cutoff
S3_gaming,543,0,1012430000,2.3222222222222224,0.9033585904577272,soc_min
S3_gaming,543,1,1012430001,2.3222222222222224,0.9031864756791005,soc_min
S3_gaming,543,2,1012430002,2.325,0.9050693773520889,soc_min
S3_gaming,543,3,1012430003,2.325,0.9028412259330549,soc_min
S3_gaming,543,4,1012430004,2.3222222222222224,0.90276168034405,soc_min
S3_gaming,543,5,1012430005,2.3222222222222224,0.9045529329134319,soc_min
S3_gaming,543,6,1012430006,2.327777777777778,0.9075790696580969,soc_min
S3_gaming,543,7,1012430007,2.325,0.9039604507502769,soc_min
S3_gaming,544,0,1012440000,3.4887291068963195,0.8643936006918476,cutoff
S3_gaming,544,1,1012440001,3.4938883840345696,0.8675998810336948,cutoff
S3_gaming,544,2,1012440002,3.4957256033335544,0.8749533516029864,cutoff
S3_gaming,544,3,1012440003,3.4944444444444445,0.863287963622748,cutoff
S3_gaming,544,4,1012440004,3.4886625740356756,0.8650810548452629,cutoff
S3_gaming,544,5,1012440005,3.4916666666666667,0.8632320203404313,cutoff
S3_gaming,544,6,1012440006,3.4944444444444445,0.8631772937178347,cutoff
S3_gaming,544,7,1012440007,3.490188670360195,0.8659843696485617,cutoff
S3_gaming,545,0,1012450000,2.875,0.8655208245320583,soc_min
S3_gaming,545,1,1012450001,2.875,0.8616509690107897,soc_min
S3_gaming,545,2,1012450002,2.8722222222222222,0.8637671634807749,soc_min
S3_gaming,545,3,1012450003,2.8722222222222222,0.8636144877080251,soc_min
S3_gaming,545,4,1012450004,2.8694444444444445,0.8658383160190037,soc_min
S3_gaming,545,5,1012450005,2.8694444444444445,0.8650621008665266,soc_min
S3_gaming,545,6,1012450006,2.8722222222222222,0.8668486303623071,soc_min
S3_gaming,545,7,1012450007,2.875,0.8648861687845761,soc_min
S3_gaming,546,0,1012460000,3.0027777777777778,0.866673171295908,soc_min
S3_gaming,546,1,1012460001,2.9972222222222222,0.8664008317833798,soc_min
S3_gaming,546,2,1012460002,2.9944444444444445,0.8644021981690889,soc_min
S3_gaming,546,3,1012460003,3.0,0.8667989518348728,soc_min
S3_gaming,546,4,1012460004,3.0,0.8682091210188014,soc_min
S3_gaming,546,5,1012460005,2.9944444444444445,0.8664777432010833,soc_min
S3_gaming,546,6,1012460006,2.9972222222222222,0.8690219073801367,soc_min
S3_gaming,546,7,1012460007,2.9944444444444445,0.8678931935665887,soc_min
S3_gaming,547,0,1012470000,3.8423196859611495,0.9188602959721142,cutoff
S3_gaming,547,1,1012470001,3.839859469638178,0.9186877602246674,cutoff
S3_gaming,547,2,1012470002,3.842726169672005,0.9199155726572495,cutoff
S3_gaming,547,3,1012470003,3.8391702972551904,0.9195855157827574,cutoff
S3_gaming,547,4,1012470004,3.837803510552387,0.9191183331765829,cutoff
S3_gaming,547,5,1012470005,3.838886314711918,0.9133202493286157,cutoff
S3_gaming,547,6,1012470006,3.840675228274184,0.9199718265282695,cutoff
S3_gaming,547,7,1012470007,3.8423229802483654,0.9186670778206079,cutoff
S3_gaming,548,0,1012480000,3.7083333333333335,0.8809276490174934,cutoff
S3_gaming,548,1,1012480001,3.7045551300581474,0.8910151164723038,cutoff
S3_gaming,548,2,1012480002,3.7031721998105582,0.8885757595016792,cutoff
S3_gaming,548,3,1012480003,3.7093546037899947,0.8913578268381842,cutoff
S3_gaming,548,4,1012480004,3.70337062287369,0.8820457060029284,cutoff
S3_gaming,548,5,1012480005,3.709496366784078,0.8869457535894051,cutoff
S3_gaming,548,6,1012480006,3.708719317362416,0.8912729837214172,cutoff
S3_gaming,548,7,1012480007,3.703297670932862,0.8910876685989187,cutoff
S3_gaming,549,0,1012490000,4.334621212022477,0.9132243854894495,cutoff
S3_gaming,549,1,1012490001,4.334984105285473,0.9115273597693779,cutoff
S3_gaming,549,2,1012490002,4.3357324792147685,0.9097720631298578,cutoff
S3_gaming,549,3,1012490003,4.335431587559403,0.911579415722753,cutoff
S3_gaming,549,4,1012490004,4.335107479727107,0.9178105799398784,cutoff
S3_gaming,549,5,1012490005,4.3346742243055445,0.9159532863966493,cutoff
S3_gaming,549,6,1012490006,4.341637925560331,0.9178901706863178,cutoff
S3_gaming,549,7,1012490007,4.332661578639224,0.9173533826781183,cutoff
S3_gaming,550,0,1012500000,4.510106178943558,0.8876932501317673,cutoff
S3_gaming,550,1,1012500001,4.497935909742063,0.8879265525989637,cutoff
S3_gaming,550,2,1012500002,4.503053230689827,0.885507577005148,cutoff
S3_gaming,550,3,1012500003,4.498998125867763,0.8880224400643348,cutoff
S3_gaming,550,4,1012500004,4.51141379437789,0.8880809648499166,cutoff
S3_gaming,550,5,1012500005,4.508305237884067,0.8854611877483044,cutoff
S3_gaming,550,6,1012500006,4.506626936278676,0.8819715246450686,cutoff
S3_gaming,550,7,1012500007,4.513203465668641,0.8881903554292866,cutoff
S3_gaming,551,0,1012510000,3.0055555555555555,0.8972607589506375,soc_min
S3_gaming,551,1,1012510001,3.0055555555555555,0.89564258651974,soc_min
S3_gaming,551,2,1012510002,3.0055555555555555,0.8976463589407141,soc_min
S3_gaming,551,3,1012510003,3.0027777777777778,0.8967221937697654,soc_min
S3_gaming,551,4,1012510004,3.0083333333333333,0.8968306940254304,soc_min
S3_gaming,551,5,1012510005,3.0055555555555555,0.8966116775831416,soc_min
S3_gaming,551,6,1012510006,3.0027777777777778,0.8986966512669131,soc_min
S3_gaming,551,7,1012510007,3.0055555555555555,0.897112930726147,soc_min
S3_gaming,552,0,1012520000,2.725,0.8592063935782862,soc_min
S3_gaming,552,1,1012520001,2.725,0.8610078444391035,soc_min
S3_gaming,552,2,1012520002,2.7222222222222223,0.8601984867670827,soc_min
S3_gaming,552,3,1012520003,2.7222222222222223,0.8617518966210425,soc_min
S3_gaming,552,4,1012520004,2.725,0.8607617306153185,soc_min
S3_gaming,552,5,1012520005,2.725,0.8598580962820334,soc_min
S3_gaming,552,6,1012520006,2.725,0.8605151310549523,soc_min
S3_gaming,552,7,1012520007,2.725,0.8604576063538926,soc_min
S3_gaming,553,0,1012530000,2.933333333333333,0.8818437086674913,soc_min
S3_gaming,553,1,1012530001,2.9305555555555554,0.8823676724512888,soc_min
S3_gaming,553,2,1012530002,2.933333333333333,0.8826357437411663,soc_min
S3_gaming,553,3,1012530003,2.933333333333333,0.8812878558828712,soc_min
S3_gaming,553,4,1012530004,2.933333333333333,0.88451033602221,soc_min
S3_gaming,553,5,1012530005,2.9305555555555554,0.880642325464242,soc_min
S3_gaming,553,6,1012530006,2.936111111111111,0.8850033813245121,soc_min
S3_gaming,553,7,1012530007,2.933333333333333,0.8810377805294899,soc_min
S3_gaming,554,0,1012540000,3.2579702080633575,0.8741307205619432,cutoff
S3_gaming,554,1,1012540001,3.2638824980733006,0.8800355610320187,cutoff
S3_gaming,554,2,1012540002,3.2559170009982634,0.8794601000369355,cutoff
S3_gaming,554,3,1012540003,3.2569695610345075,0.8768543883427351,cutoff
S3_gaming,554,4,1012540004,3.261011097959812,0.8786498401181451,cutoff
S3_gaming,554,5,1012540005,3.25809824102792,0.8791073782765271,cutoff
S3_gaming,554,6,1012540006,3.252643320840155,0.8729143836292289,cutoff
S3_gaming,554,7,1012540007,3.2563653120545966,0.8757195912360188,cutoff
S3_gaming,555,0,1012550000,2.8361111111111112,0.8764603359920875,soc_min
S3_gaming,555,1,1012550001,2.8361111111111112,0.8804754873012509,soc_min
S3_gaming,555,2,1012550002,2.8361111111111112,0.8758159175902168,soc_min
S3_gaming,555,3,1012550003,2.8361111111111112,0.8785441691690721,soc_min
S3_gaming,555,4,1012550004,2.8361111111111112,0.8756824034524756,soc_min
S3_gaming,555,5,1012550005,2.8361111111111112,0.87625023257437,soc_min
S3_gaming,555,6,1012550006,2.8361111111111112,0.875911268814319,soc_min
S3_gaming,555,7,1012550007,2.8361111111111112,0.8764389113530118,soc_min
S3_gaming,556,0,1012560000,4.472807797831892,0.8892171206772265,cutoff
S3_gaming,556,1,1012560001,4.4666852978096285,0.8919240502538587,cutoff
S3_gaming,556,2,1012560002,4.476843169417048,0.8931956560789305,cutoff
S3_gaming,556,3,1012560003,4.470989667219311,0.8922460640919249,cutoff
S3_gaming,556,4,1012560004,4.474422557942187,0.8900884993013675,cutoff
S3_gaming,556,5,1012560005,4.470848103499454,0.8933553121159186,cutoff
S3_gaming,556,6,1012560006,4.471406595661794,0.8926575781579618,cutoff
S3_gaming,556,7,1012560007,4.473330270475191,0.890877323079637,cutoff
S3_gaming,557,0,1012570000,3.378048945445578,0.9099139915593467,cutoff
S3_gaming,557,1,1012570001,3.3739713054758993,0.9100438638546243,cutoff
S3_gaming,557,2,1012570002,3.3753499599992205,0.9099097191809798,cutoff
S3_gaming,557,3,1012570003,3.373150261158862,0.9099656811330157,cutoff
S3_gaming,557,4,1012570004,3.3719633718058937,0.9085768959054404,cutoff
S3_gaming,557,5,1012570005,3.376815339782529,0.9100409490122887,cutoff
S3_gaming,557,6,1012570006,3.373573544783408,0.9076626968458987,cutoff
S3_gaming,557,7,1012570007,3.37290365551165,0.9099372168890857,cutoff
S3_gaming,558,0,1012580000,3.970351453559337,0.9189534809756583,cutoff
S3_gaming,558,1,1012580001,3.961307879582714,0.9189515003250253,cutoff
S3_gaming,558,2,1012580002,3.958979974919796,0.9215181787590823,cutoff
S3_gaming,558,3,1012580003,3.969225449499971,0.9194225886161611,cutoff
S3_gaming,558,4,1012580004,3.9637060468580634,0.9217031413243569,cutoff
S3_gaming,558,5,1012580005,3.9629160223870086,0.9224736477024089,cutoff
S3_gaming,558,6,1012580006,3.966666666666667,0.9156326043264372,cutoff
S3_gaming,558,7,1012580007,3.9613346483288576,0.922856563376951,cutoff
S3_gaming,559,0,1012590000,3.8159757487833046,0.8918704460920319,cutoff
S3_gaming,559,1,1012590001,3.8184962840247496,0.8971972233412127,cutoff
S3_gaming,559,2,1012590002,3.818923449505293,0.8972503125926865,cutoff
S3_gaming,559,3,1012590003,3.817866207244875,0.8971380727628999,cutoff
S3_gaming,559,4,1012590004,3.81762089085667,0.8971322264237444,cutoff
S3_gaming,559,5,1012590005,3.8160334999546266,0.8972708036269739,cutoff
S3_gaming,559,6,1012590006,3.816666666666667,0.8915359660787989,cutoff
S3_gaming,559,7,1012590007,3.818497002517526,0.8971977731836598,cutoff
S3_gaming,560,0,1012600000,2.986111111111111,0.9032506908473792,soc_min
S3_gaming,560,1,1012600001,2.986111111111111,0.9061015922639206,soc_min
S3_gaming,560,2,1012600002,2.986111111111111,0.9035599086194823,soc_min
S3_gaming,560,3,1012600003,2.988888888888889,0.9032620778190079,soc_min
S3_gaming,560,4,1012600004,2.988888888888889,0.903524186108128,soc_min
S3_gaming,560,5,1012600005,2.986111111111111,0.9043535300155179,soc_min
S3_gaming,560,6,1012600006,2.988888888888889,0.9030141449386683,soc_min
S3_gaming,560,7,1012600007,2.988888888888889,0.9048066347446039,soc_min
S3_gaming,561,0,1012610000,3.5166666666666666,0.89018689097777,soc_min
S3_gaming,561,1,1012610001,3.5166666666666666,0.8931222164623572,soc_min
S3_gaming,561,2,1012610002,3.513888888888889,0.8909706504139918,soc_min
S3_gaming,561,3,1012610003,3.5166666666666666,0.8899671585835635,soc_min
S3_gaming,561,4,1012610004,3.513888888888889,0.891146359789883,soc_min
S3_gaming,561,5,1012610005,3.513888888888889,0.8900000398509659,soc_min
S3_gaming,561,6,1012610006,3.5166666666666666,0.8906726783736121,soc_min
S3_gaming,561,7,1012610007,3.5166666666666666,0.8909261413831618,soc_min
S3_gaming,562,0,1012620000,3.488888888888889,0.8811177188479573,soc_min
S3_gaming,562,1,1012620001,3.4833333333333334,0.8812025440910501,soc_min
S3_gaming,562,2,1012620002,3.4833333333333334,0.8811858698783173,soc_min
S3_gaming,562,3,1012620003,3.486111111111111,0.882275503022102,soc_min
S3_gaming,562,4,1012620004,3.486111111111111,0.8809096417451129,soc_min
S3_gaming,562,5,1012620005,3.486111111111111,0.8801676486862892,soc_min
S3_gaming,562,6,1012620006,3.4833333333333334,0.8837841287017932,soc_min
S3_gaming,562,7,1012620007,3.486111111111111,0.8806238677217209,soc_min
S3_gaming,563,0,1012630000,2.5583122226725568,0.917849740850133,cutoff
S3_gaming,563,1,1012630001,2.5547160521689665,0.9151708309392982,cutoff
S3_gaming,563,2,1012630002,2.5569745119060463,0.9154734514874115,cutoff
S3_gaming,563,3,1012630003,2.5606946821291436,0.9111815744740926,cutoff
S3_gaming,563,4,1012630004,2.5527777777777776,0.9080287351988237,cutoff
S3_gaming,563,5,1012630005,2.553207647920338,0.9170047954499307,cutoff
S3_gaming,563,6,1012630006,2.561464581891047,0.9197279446248859,cutoff
S3_gaming,563,7,1012630007,2.5539769324515436,0.9157372190375075,cutoff
S3_gaming,564,0,1012640000,2.6777777777777776,0.9135489865633892,soc_min
S3_gaming,564,1,1012640001,2.6777777777777776,0.9124204750021668,soc_min
S3_gaming,564,2,1012640002,2.6777777777777776,0.9089724485218057,soc_min
S3_gaming,564,3,1012640003,2.675,0.9070957419542082,soc_min
S3_gaming,564,4,1012640004,2.6777777777777776,0.9136394994792228,soc_min
S3_gaming,564,5,1012640005,2.6777777777777776,0.9069161151893951,soc_min
S3_gaming,564,6,1012640006,2.675,0.9087989453166602,soc_min
S3_gaming,564,7,1012640007,2.683333333333333,0.9141460026376195,soc_min
S3_gaming,565,0,1012650000,4.228455926354566,0.924035991645631,cutoff
S3_gaming,565,1,1012650001,4.2293770695774136,0.918813557294724,cutoff
S3_gaming,565,2,1012650002,4.2298278044095445,0.9190202663575394,cutoff
S3_gaming,565,3,1012650003,4.227940318767767,0.9239968815639996,cutoff
S3_gaming,565,4,1012650004,4.226164992312522,0.9240746146210989,cutoff
S3_gaming,565,5,1012650005,4.225254658071148,0.9191143425516876,cutoff
S3_gaming,565,6,1012650006,4.231660990097065,0.9240689396008391,cutoff
S3_gaming,565,7,1012650007,4.227996433366765,0.9240121478949203,cutoff
S3_gaming,566,0,1012660000,2.3964124168895973,0.8730191218860056,cutoff
S3_gaming,566,1,1012660001,2.395813678753093,0.8729016512037704,cutoff
S3_gaming,566,2,1012660002,2.3946256189926776,0.871500233767973,cutoff
S3_gaming,566,3,1012660003,2.3966645628232643,0.8717864178253504,cutoff
S3_gaming,566,4,1012660004,2.3982198357588485,0.8714726979748636,cutoff
S3_gaming,566,5,1012660005,2.3945795201341706,0.870429028386646,cutoff
S3_gaming,566,6,1012660006,2.400615030287001,0.8727149646120603,cutoff
S3_gaming,566,7,1012660007,2.395229985773995,0.8689703612325294,cutoff
S3_gaming,567,0,1012670000,2.313704293232543,0.8706958756324075,cutoff
S3_gaming,567,1,1012670001,2.312654218906855,0.8739835367804576,cutoff
S3_gaming,567,2,1012670002,2.315691682484598,0.8740372503190885,cutoff
S3_gaming,567,3,1012670003,2.313888888888889,0.8656852185377215,cutoff
S3_gaming,567,4,1012670004,2.314308472858702,0.8725823054069887,cutoff
S3_gaming,567,5,1012670005,2.3132063383625123,0.8715533736394491,cutoff
S3_gaming,567,6,1012670006,2.312557785708867,0.8699737971217852,cutoff
S3_gaming,567,7,1012670007,2.312951274094997,0.8723782311450438,cutoff
S3_gaming,568,0,1012680000,3.418843196226271,0.9035293063840542,cutoff
S3_gaming,568,1,1012680001,3.4305555555555554,0.8921229490950037,cutoff
S3_gaming,568,2,1012680002,3.433336860173244,0.9074123765037128,cutoff
S3_gaming,568,3,1012680003,3.422582332482157,0.8958010901812631,cutoff
S3_gaming,568,4,1012680004,3.4275589518805605,0.907701867308893,cutoff
S3_gaming,568,5,1012680005,3.4250862106970943,0.9074315228185327,cutoff
S3_gaming,568,6,1012680006,3.4251014939398314,0.8992059054078371,cutoff
S3_gaming,568,7,1012680007,3.426679975724619,0.9076067486443774,cutoff
S3_gaming,569,0,1012690000,4.305555555555555,0.9226070743238433,soc_min
S3_gaming,569,1,1012690001,4.305555555555555,0.9234468545143403,soc_min
S3_gaming,569,2,1012690002,4.305555555555555,0.9239846081868273,soc_min
S3_gaming,569,3,1012690003,4.302777777777778,0.9226643490970985,soc_min
S3_gaming,569,4,1012690004,4.305555555555555,0.9228945909120446,soc_min
S3_gaming,569,5,1012690005,4.3,0.9224672633844907,soc_min
S3_gaming,569,6,1012690006,4.302777777777778,0.9232867463164367,soc_min
S3_gaming,569,7,1012690007,4.305555555555555,0.923022659750837,soc_min
S3_gaming,570,0,1012700000,2.725,0.8840572037365605,soc_min
S3_gaming,570,1,1012700001,2.725,0.8831880013111367,soc_min
S3_gaming,570,2,1012700002,2.725,0.8827863161239828,soc_min
S3_gaming,570,3,1012700003,2.725,0.8834679753203786,soc_min
S3_gaming,570,4,1012700004,2.7305555555555556,0.8823059257230127,soc_min
S3_gaming,570,5,1012700005,2.727777777777778,0.8817957269323103,soc_min
S3_gaming,570,6,1012700006,2.727777777777778,0.8829885403882419,soc_min
S3_gaming,570,7,1012700007,2.727777777777778,0.8823184509192828,soc_min
S3_gaming,571,0,1012710000,2.775,0.8882184687947461,soc_min
S3_gaming,571,1,1012710001,2.772222222222222,0.8879007885483986,soc_min
S3_gaming,571,2,1012710002,2.763888888888889,0.887404814756382,soc_min
S3_gaming,571,3,1012710003,2.7694444444444444,0.8881332469987274,soc_min
S3_gaming,571,4,1012710004,2.7666666666666666,0.8876597901153165,soc_min
S3_gaming,571,5,1012710005,2.7666666666666666,0.8873185876717465,soc_min
S3_gaming,571,6,1012710006,2.7694444444444444,0.8880491147204663,soc_min
S3_gaming,571,7,1012710007,2.7694444444444444,0.8871423700340353,soc_min
S3_gaming,572,0,1012720000,2.5702915506493,0.838791694344521,cutoff
S3_gaming,572,1,1012720001,2.569639052405672,0.8253052726705424,cutoff
S3_gaming,572,2,1012720002,2.569681621360443,0.8386561130696017,cutoff
S3_gaming,572,3,1012720003,2.563888888888889,0.8189767295696636,cutoff
S3_gaming,572,4,1012720004,2.5696990248663907,0.8387076227938765,cutoff
S3_gaming,572,5,1012720005,2.5727506360106616,0.8274504054967623,cutoff
S3_gaming,572,6,1012720006,2.5715360762076394,0.8391213967982298,cutoff
S3_gaming,572,7,1012720007,2.565640115374114,0.8318617439251474,cutoff
S3_gaming,573,0,1012730000,2.477777777777778,0.8678305897041196,soc_min
S3_gaming,573,1,1012730001,2.475,0.8736008316776959,soc_min
S3_gaming,573,2,1012730002,2.475,0.8683517488583947,soc_min
S3_gaming,573,3,1012730003,2.475,0.8672908121840879,soc_min
S3_gaming,573,4,1012730004,2.475,0.8726062434360147,soc_min
S3_gaming,573,5,1012730005,2.477777777777778,0.8689317129117705,soc_min
S3_gaming,573,6,1012730006,2.475,0.8683103835916494,soc_min
S3_gaming,573,7,1012730007,2.4722222222222223,0.8704643394317297,soc_min
S3_gaming,574,0,1012740000,3.3483257730168132,0.8687049900010324,cutoff
S3_gaming,574,1,1012740001,3.345086762361059,0.8696483790815842,cutoff
S3_gaming,574,2,1012740002,3.346262228576482,0.8652271125800055,cutoff
S3_gaming,574,3,1012740003,3.3483248651033453,0.866898648927263,cutoff
S3_gaming,574,4,1012740004,3.3454872232993407,0.8686541862642735,cutoff
S3_gaming,574,5,1012740005,3.341658233443336,0.8702232807310994,cutoff
S3_gaming,574,6,1012740006,3.3466679531982213,0.8616242833584213,cutoff
S3_gaming,574,7,1012740007,3.3472222222222223,0.8614361657389692,cutoff
S3_gaming,575,0,1012750000,2.7111962443838604,0.8956137775230021,cutoff
S3_gaming,575,1,1012750001,2.7126966163344304,0.8958207604340014,cutoff
S3_gaming,575,2,1012750002,2.711825745035863,0.8933970212097124,cutoff
S3_gaming,575,3,1012750003,2.712737408917109,0.8958371733407927,cutoff
S3_gaming,575,4,1012750004,2.7105552648180993,0.895934032742694,cutoff
S3_gaming,575,5,1012750005,2.7117181050506445,0.8925748649129932,cutoff
S3_gaming,575,6,1012750006,2.712432321943929,0.8957816033932812,cutoff
S3_gaming,575,7,1012750007,2.7110212849842252,0.8959858586238929,cutoff
S3_gaming,576,0,1012760000,3.18330677411942,0.8851286005919178,cutoff
S3_gaming,576,1,1012760001,3.1803419946492086,0.8847864595091091,cutoff
S3_gaming,576,2,1012760002,3.1744495525635377,0.8927016276886273,cutoff
S3_gaming,576,3,1012760003,3.1780646664242056,0.8931033331236405,cutoff
S3_gaming,576,4,1012760004,3.177576935250371,0.8851074329755116,cutoff
S3_gaming,576,5,1012760005,3.1802188441669634,0.8871388609041264,cutoff
S3_gaming,576,6,1012760006,3.175148871514591,0.88581475092358,cutoff
S3_gaming,576,7,1012760007,3.1767837490357778,0.8928451364181974,cutoff
S3_gaming,577,0,1012770000,3.0621890517190744,0.8955592040170894,cutoff
S3_gaming,577,1,1012770001,3.0555555555555554,0.8860916878409023,cutoff
S3_gaming,577,2,1012770002,3.061695684472416,0.8955008244385853,cutoff
S3_gaming,577,3,1012770003,3.0624629745594762,0.8956102831224705,cutoff
S3_gaming,577,4,1012770004,3.05876435007609,0.8954920905985098,cutoff
S3_gaming,577,5,1012770005,3.060955606835004,0.8903902461882478,cutoff
S3_gaming,577,6,1012770006,3.0586579165120535,0.8954922567157458,cutoff
S3_gaming,577,7,1012770007,3.060290720468643,0.895679356848814,cutoff
S3_gaming,578,0,1012780000,2.9944444444444445,0.8716693088251835,soc_min
S3_gaming,578,1,1012780001,2.9944444444444445,0.8723979503264238,soc_min
S3_gaming,578,2,1012780002,2.9972222222222222,0.8722084017699457,soc_min
S3_gaming,578,3,1012780003,2.9944444444444445,0.8733634052424581,soc_min
S3_gaming,578,4,1012780004,2.9944444444444445,0.8716166848359731,soc_min
S3_gaming,578,5,1012780005,3.0,0.8757753957926107,soc_min
S3_gaming,578,6,1012780006,2.9916666666666667,0.8724106430838158,soc_min
S3_gaming,578,7,1012780007,2.9972222222222222,0.8716719716106788,soc_min
S3_gaming,579,0,1012790000,2.5307853163930725,0.8745154824345532,cutoff
S3_gaming,579,1,1012790001,2.529891949530471,0.8749213761143987,cutoff
S3_gaming,579,2,1012790002,2.529802192422471,0.87095347535308,cutoff
S3_gaming,579,3,1012790003,2.532981321007263,0.8705046543702353,cutoff
S3_gaming,579,4,1012790004,2.527759288959506,0.869105029441265,cutoff
S3_gaming,579,5,1012790005,2.5329221793533057,0.8749089942498794,cutoff
S3_gaming,579,6,1012790006,2.5341085765190603,0.8746820159660007,cutoff
S3_gaming,579,7,1012790007,2.532787508992377,0.8621000399126082,cutoff
S3_gaming,580,0,1012800000,3.8570826223204238,0.926141458592492,cutoff
S3_gaming,580,1,1012800001,3.8485144040486445,0.9233641183879725,cutoff
S3_gaming,580,2,1012800002,3.8573995532126664,0.9246028982668408,cutoff
S3_gaming,580,3,1012800003,3.864051077585124,0.9291794735950296,cutoff
S3_gaming,580,4,1012800004,3.8636018354879478,0.9270990124377241,cutoff
S3_gaming,580,5,1012800005,3.8555050295968143,0.9235481242614766,cutoff
S3_gaming,580,6,1012800006,3.8717804885548115,0.9292973609071039,cutoff
S3_gaming,580,7,1012800007,3.8585326765445265,0.9291511323421442,cutoff
S3_gaming,581,0,1012810000,4.270546790429547,0.9069227710666814,cutoff
S3_gaming,581,1,1012810001,4.254751217854152,0.9065296737190893,cutoff
S3_gaming,581,2,1012810002,4.2680831721735455,0.9095004598267247,cutoff
S3_gaming,581,3,1012810003,4.269561911620818,0.908888824006099,cutoff
S3_gaming,581,4,1012810004,4.268999925612151,0.9110188589244441,cutoff
S3_gaming,581,5,1012810005,4.270147277740479,0.9118622151107335,cutoff
S3_gaming,581,6,1012810006,4.282422621274983,0.9040405122508474,cutoff
S3_gaming,581,7,1012810007,4.265505865996437,0.9108876721470781,cutoff
S3_gaming,582,0,1012820000,2.4109849649594803,0.8642412120432875,cutoff
S3_gaming,582,1,1012820001,2.4116358778633673,0.8647939938902216,cutoff
S3_gaming,582,2,1012820002,2.4109343721979983,0.8589056874751099,cutoff
S3_gaming,582,3,1012820003,2.4112170636554877,0.8647501215334967,cutoff
S3_gaming,582,4,1012820004,2.4103544345135552,0.8651374793899835,cutoff
S3_gaming,582,5,1012820005,2.4107733960566837,0.8651833265536457,cutoff
S3_gaming,582,6,1012820006,2.409760832970376,0.8649998589185189,cutoff
S3_gaming,582,7,1012820007,2.411847959522593,0.8648250851163006,cutoff
S3_gaming,583,0,1012830000,3.3643276615573297,0.9051431697310773,cutoff
S3_gaming,583,1,1012830001,3.369813785479652,0.9114993436445161,cutoff
S3_gaming,583,2,1012830002,3.3704921833896444,0.9069522511006219,cutoff
S3_gaming,583,3,1012830003,3.3710027341954163,0.9115999332579879,cutoff
S3_gaming,583,4,1012830004,3.367242841946104,0.9115262258876743,cutoff
S3_gaming,583,5,1012830005,3.375126648479723,0.9068308311419948,cutoff
S3_gaming,583,6,1012830006,3.368440032590428,0.9116325104940748,cutoff
S3_gaming,583,7,1012830007,3.377326655922281,0.9050418107787672,cutoff
S3_gaming,584,0,1012840000,3.0911893744785592,0.9107587099525989,cutoff
S3_gaming,584,1,1012840001,3.0890166397629106,0.9105060168349582,cutoff
S3_gaming,584,2,1012840002,3.0911768745708934,0.91072684984545,cutoff
S3_gaming,584,3,1012840003,3.0907950706417884,0.9106950216749936,cutoff
S3_gaming,584,4,1012840004,3.0919514631878093,0.9083782834165223,cutoff
S3_gaming,584,5,1012840005,3.0892724651004873,0.9105501005708945,cutoff
S3_gaming,584,6,1012840006,3.0896595543521492,0.9105954425396661,cutoff
S3_gaming,584,7,1012840007,3.090418559028233,0.9106643087799038,cutoff
S3_gaming,585,0,1012850000,4.211111111111111,0.8976311346391586,soc_min
S3_gaming,585,1,1012850001,4.211111111111111,0.8977239756659174,soc_min
S3_gaming,585,2,1012850002,4.211111111111111,0.8986728178663322,soc_min
S3_gaming,585,3,1012850003,4.208333333333333,0.8978229207195625,soc_min
S3_gaming,585,4,1012850004,4.205555555555556,0.8979365242527186,soc_min
S3_gaming,585,5,1012850005,4.208333333333333,0.8969322333353845,soc_min
S3_gaming,585,6,1012850006,4.205555555555556,0.8979046446748675,soc_min
S3_gaming,585,7,1012850007,4.208333333333333,0.8987661106759445,soc_min
S3_gaming,586,0,1012860000,3.3138776708235596,0.9003666609181137,cutoff
S3_gaming,586,1,1012860001,3.3153186762351496,0.9004931297838514,cutoff
S3_gaming,586,2,1012860002,3.3124519952338396,0.9015498609365624,cutoff
S3_gaming,586,3,1012860003,3.313393239804046,0.89967215074735,cutoff
S3_gaming,586,4,1012860004,3.315635121924546,0.8991757865952507,cutoff
S3_gaming,586,5,1012860005,3.312153876814775,0.8992095858071496,cutoff
S3_gaming,586,6,1012860006,3.3123751029045048,0.9014710036297326,cutoff
S3_gaming,586,7,1012860007,3.316407181200548,0.9007826528513517,cutoff
S3_gaming,587,0,1012870000,2.0247117194942774,0.8883875031271263,cutoff
S3_gaming,587,1,1012870001,2.0262795920613326,0.8884841297775127,cutoff
S3_gaming,587,2,1012870002,2.0212343046804966,0.8856511254592924,cutoff
S3_gaming,587,3,1012870003,2.024846007206773,0.8866899483280747,cutoff
S3_gaming,587,4,1012870004,2.017563838713176,0.8865588978227937,cutoff
S3_gaming,587,5,1012870005,2.025,0.8787874011637175,cutoff
S3_gaming,587,6,1012870006,2.0251277105862706,0.8921937645266231,cutoff
S3_gaming,587,7,1012870007,2.0236904600474204,0.8909903421980389,cutoff
S3_gaming,588,0,1012880000,3.7416927833144484,0.9113839072733251,cutoff
S3_gaming,588,1,1012880001,3.747229099093299,0.9113606388498042,cutoff
S3_gaming,588,2,1012880002,3.741794210684701,0.9113828783715042,cutoff
S3_gaming,588,3,1012880003,3.746557701562312,0.9115799472216966,cutoff
S3_gaming,588,4,1012880004,3.7454778501103965,0.9114607384547618,cutoff
S3_gaming,588,5,1012880005,3.74383283996845,0.9115677895741847,cutoff
S3_gaming,588,6,1012880006,3.747247306263478,0.9113926295482284,cutoff
S3_gaming,588,7,1012880007,3.7460827510725156,0.9115166951441647,cutoff
S3_gaming,589,0,1012890000,2.3498930172350465,0.8580212619817228,cutoff
S3_gaming,589,1,1012890001,2.355668925735867,0.8496363870982203,cutoff
S3_gaming,589,2,1012890002,2.3514883608863917,0.8587313982075013,cutoff
S3_gaming,589,3,1012890003,2.3518074409502883,0.8587662205689106,cutoff
S3_gaming,589,4,1012890004,2.354064930146448,0.8588113380344172,cutoff
S3_gaming,589,5,1012890005,2.3579200624452925,0.8589560004366409,cutoff
S3_gaming,589,6,1012890006,2.360822543294749,0.8463008931541381,cutoff
S3_gaming,589,7,1012890007,2.352014672142432,0.8400998209953057,cutoff
S3_gaming,590,0,1012900000,3.5944444444444446,0.8768311309341587,soc_min
S3_gaming,590,1,1012900001,3.5944444444444446,0.8767883575646831,soc_min
S3_gaming,590,2,1012900002,3.5972222222222223,0.8796660291785124,soc_min
S3_gaming,590,3,1012900003,3.5972222222222223,0.877013109985148,soc_min
S3_gaming,590,4,1012900004,3.5972222222222223,0.8772390107580222,soc_min
S3_gaming,590,5,1012900005,3.5861111111111112,0.8762536916851544,soc_min
S3_gaming,590,6,1012900006,3.5944444444444446,0.876674669576124,soc_min
S3_gaming,590,7,1012900007,3.591666666666667,0.8768198657688094,soc_min
S3_gaming,591,0,1012910000,3.6319109512899272,0.9149718767405555,cutoff
S3_gaming,591,1,1012910001,3.6411012345008102,0.9213513604010322,cutoff
S3_gaming,591,2,1012910002,3.636296582132866,0.9134155044693059,cutoff
S3_gaming,591,3,1012910003,3.625,0.9111488599750196,cutoff
S3_gaming,591,4,1012910004,3.636111111111111,0.910739382301949,cutoff
S3_gaming,591,5,1012910005,3.630016319484637,0.9126526323224659,cutoff
S3_gaming,591,6,1012910006,3.646965879838804,0.9235223879717619,cutoff
S3_gaming,591,7,1012910007,3.635816987181997,0.9145934020344056,cutoff
S3_gaming,592,0,1012920000,2.429133313303902,0.8748540699014716,cutoff
S3_gaming,592,1,1012920001,2.428213576624809,0.8746712206285446,cutoff
S3_gaming,592,2,1012920002,2.4288312789305797,0.8748128338873564,cutoff
S3_gaming,592,3,1012920003,2.432822452139355,0.8750183940433226,cutoff
S3_gaming,592,4,1012920004,2.4306327815039213,0.8746136794122573,cutoff
S3_gaming,592,5,1012920005,2.428523568054109,0.8747420439486138,cutoff
S3_gaming,592,6,1012920006,2.4301362522903647,0.8750563494489196,cutoff
S3_gaming,592,7,1012920007,2.430365450152573,0.8750902105163545,cutoff
S3_gaming,593,0,1012930000,2.6715358256785624,0.8362517035623626,cutoff
S3_gaming,593,1,1012930001,2.676976066086255,0.8375738855001416,cutoff
S3_gaming,593,2,1012930002,2.684674040729819,0.8385856696404261,cutoff
S3_gaming,593,3,1012930003,2.6786086350925693,0.8441678685041634,cutoff
S3_gaming,593,4,1012930004,2.6748891960549805,0.847897198372592,cutoff
S3_gaming,593,5,1012930005,2.682032095005296,0.83819113317181,cutoff
S3_gaming,593,6,1012930006,2.678169693793449,0.8462294327992614,cutoff
S3_gaming,593,7,1012930007,2.6781513402774353,0.8396198973401173,cutoff
S3_gaming,594,0,1012940000,2.471259475588266,0.8579747753708479,cutoff
S3_gaming,594,1,1012940001,2.468728055331136,0.856501760988231,cutoff
S3_gaming,594,2,1012940002,2.460811102485803,0.8576253204876861,cutoff
S3_gaming,594,3,1012940003,2.474579143101937,0.8623455865623587,cutoff
S3_gaming,594,4,1012940004,2.4596625698154395,0.8566309021154509,cutoff
S3_gaming,594,5,1012940005,2.464436146692849,0.8553180344134438,cutoff
S3_gaming,594,6,1012940006,2.469649914251697,0.8565925514775355,cutoff
S3_gaming,594,7,1012940007,2.463773881322951,0.8568088726832874,cutoff
S3_gaming,595,0,1012950000,3.2444444444444445,0.9271296893688973,soc_min
S3_gaming,595,1,1012950001,3.2416666666666667,0.927783489644788,soc_min
S3_gaming,595,2,1012950002,3.236111111111111,0.9277035656984423,soc_min
S3_gaming,595,3,1012950003,3.2416666666666667,0.9293808198875397,soc_min
S3_gaming,595,4,1012950004,3.2333333333333334,0.9275712751608528,soc_min
S3_gaming,595,5,1012950005,3.25,0.9271625263062745,soc_min
S3_gaming,595,6,1012950006,3.236111111111111,0.9270629571145896,soc_min
S3_gaming,595,7,1012950007,3.25,0.9306015510539521,soc_min
S3_gaming,596,0,1012960000,4.275,0.889919211930157,soc_min
S3_gaming,596,1,1012960001,4.275,0.8912016788926048,soc_min
S3_gaming,596,2,1012960002,4.277777777777778,0.8921050438748757,soc_min
S3_gaming,596,3,1012960003,4.277777777777778,0.8899466874164431,soc_min
S3_gaming,596,4,1012960004,4.277777777777778,0.8959990079608937,soc_min
S3_gaming,596,5,1012960005,4.277777777777778,0.8898294382361588,soc_min
S3_gaming,596,6,1012960006,4.275,0.8918757628292,soc_min
S3_gaming,596,7,1012960007,4.277777777777778,0.8903448493682649,soc_min
S3_gaming,597,0,1012970000,2.6222222222222222,0.8763018209922907,soc_min
S3_gaming,597,1,1012970001,2.625,0.8766230115903655,soc_min
S3_gaming,597,2,1012970002,2.625,0.8796494326253513,soc_min
S3_gaming,597,3,1012970003,2.6222222222222222,0.8767018046046811,soc_min
S3_gaming,597,4,1012970004,2.6222222222222222,0.8783283001035095,soc_min
S3_gaming,597,5,1012970005,2.625,0.8762310821006302,soc_min
S3_gaming,597,6,1012970006,2.625,0.8777278932561589,soc_min
S3_gaming,597,7,1012970007,2.625,0.8775319291112093,soc_min
S3_gaming,598,0,1012980000,2.3361111111111112,0.8805154431976341,soc_min
S3_gaming,598,1,1012980001,2.338888888888889,0.8795783138911594,soc_min
S3_gaming,598,2,1012980002,2.3361111111111112,0.8793585699584793,soc_min
S3_gaming,598,3,1012980003,2.3361111111111112,0.8795619315598201,soc_min
S3_gaming,598,4,1012980004,2.3361111111111112,0.8809322101493281,soc_min
S3_gaming,598,5,1012980005,2.338888888888889,0.8800288134344181,soc_min
S3_gaming,598,6,1012980006,2.338888888888889,0.8807119863019433,soc_min
S3_gaming,598,7,1012980007,2.3361111111111112,0.8800902038597617,soc_min
S3_gaming,599,0,1012990000,4.25,0.8703597362740165,soc_min
S3_gaming,599,1,1012990001,4.25,0.8715008307165255,soc_min
S3_gaming,599,2,1012990002,4.25,0.8708676331968865,soc_min
S3_gaming,599,3,1012990003,4.2444444444444445,0.8702673226819572,soc_min
S3_gaming,599,4,1012990004,4.252777777777778,0.8730440575645986,soc_min
S3_gaming,599,5,1012990005,4.25,0.873370711731404,soc_min
S3_gaming,599,6,1012990006,4.247222222222222,0.8704006021386221,soc_min
S3_gaming,599,7,1012990007,4.2444444444444445,0.8703027477306047,soc_min
