test_id,duration_s,soc0,temp_c,brightness_nits,cpu_load,gpu_load,gps_on,obs_total_w,obs_screen_w,obs_cpu_w,obs_gpu_w,obs_radio_w,obs_gps_w,obs_background_w,obs_base_w,obs_other_w,pred_base_w,pred_screen_w,pred_cpu_w,pred_gpu_w,pred_radio_w,pred_gps_w,pred_background_w,pred_interaction_w,pred_other_w,pred_total_w
993.0,29.341490873862675,0.56,44.6373,310.0,0.6850928630577184,0.9549288888888889,0.0,3.63647441974558,0.23666386114089127,2.1195188238419074,0.43895736436514915,0.2220920186014881,0.0005224790463237059,0.3348549068405472,0.5618000763661093,0.0,0.3499999999999998,0.3823840352928164,1.9794768472532094,0.35541187503820676,0.20149367680128627,0.0,0.46278053666775476,0.14999999999999997,0.0,3.881546971053274
872.0,32.87643833450487,0.64,44.5597,55.0,0.42185288270918303,0.6839088888888889,0.0,1.9398128943020878,0.1446992693847762,0.9363006906350588,0.22321002802393392,0.26508930225962324,0.0004644020374157389,0.20467905028402636,0.3223870028628772,0.0,0.34999999999999976,0.1881031821524939,1.2188829563087995,0.2545418233583038,0.032958054688634116,0.0,0.25228126901207804,0.00744362452028504,0.0,2.3042109100405943
367.0,34.69518095413421,0.87,44.561142857142855,405.0,0.3138679305401063,0.4339811111111111,0.0,1.549350472362781,0.3039550750364901,0.572502684419429,0.1218404957370576,0.2562975751369685,0.0004973720459198597,0.16614914485960805,0.24670185480062862,0.0,0.34999999999999976,0.4547631766588188,0.9068760384197361,0.1615220172159973,0.220454755097931,0.0,0.1214411223295276,0.15000000000000002,0.0,2.3650571097220094
597.0,33.50962818856258,0.43,44.736,445.0,0.4348343626251391,0.6859611111111111,0.0,2.92624813525889,0.31224696913507766,1.6343985945889619,0.2733351308969111,0.19844574328541095,0.0004900699813918869,0.326513102337179,0.44853686935357817,0.0,0.34999999999999976,0.485238604602399,1.2563910669932812,0.25530563326758765,0.18642604612746214,0.0,0.46044475928024314,0.15000000000000002,0.0,3.143806110270976
703.0,30.698650175175032,0.48,45.6335,395.0,0.4301739121863799,0.7049133333333333,0.0,2.4753271745299705,0.6419715825931447,0.9530329336043893,0.2547894182622084,0.21549453213343303,0.0004960709723263984,0.22634948713434128,0.3480239863577152,0.0,0.3499999999999998,0.44714431967292423,1.2429253687810415,0.2623593991704902,0.03453343274488997,0.0,0.2524431041616498,0.012068275006020295,0.0,2.601473899537016
973.0,33.08971665811889,0.65,46.30028571428572,235.0,0.4309851806328019,0.7093333333333334,0.0,2.905751566065723,0.5154996577412583,1.4590835482939633,0.25595711354654865,0.21903589533791032,0.0004790818417007236,0.2963285830227588,0.4023516125159355,0.0,0.34999999999999976,0.32524260789860376,1.2452694117468828,0.2640044645842056,0.19880347035981555,0.0,0.25302208692305206,0.15,0.0,2.786342041512561
122.0,29.958781260423425,0.37,44.962833333333336,485.0,0.3701298550241009,0.7262755555555556,0.0,1.7806864550419301,0.2229207667357171,0.6873321844914732,0.2777717851906641,0.19452326130240563,0.0004906840729783037,0.23936870728961204,0.34004386002876513,0.0,0.3499999999999998,0.5157140325459791,1.0694367406301066,0.27031013512928675,0.18438375788930533,0.0,0.25333791949447904,0.14999999999999997,0.0,2.7931825856891574
306.0,34.509662321821104,0.54,45.59144444444445,290.0,0.4428509765789148,0.7329911111111111,0.0,2.47877974586585,0.6564177444236322,0.9746955343509264,0.23289746026297872,0.22957064388158652,0.0004784939056286052,0.21202425167138406,0.3327460279408076,0.0,0.34999999999999976,0.3671463213210266,1.2795539147918125,0.272809575893615,0.20988596325374864,0.0,0.2550710435346492,0.15,0.0,2.8844668187948526
374.0,24.520927866562737,0.84,44.576375,100.0,0.21668997688790012,0.10746777777777777,0.0,0.9855182125042271,0.21663556812650997,0.26867272011844234,0.02453861461452514,0.22408317347747903,0.00047367280446927365,0.12491862128491618,0.20447067216045586,0.0,0.34999999999999987,0.2223880385890214,0.626094381376287,0.03999808242332226,0.2034345347054237,0.0,0.12000000000000006,0.14999999999999997,0.0,1.7119150370940541
734.0,30.00195851795184,0.3,46.377272727272725,335.0,0.43051477641824254,0.70035,0.0,3.1117508526697795,0.5794230591677069,1.5696575407188411,0.26036504269245386,0.2248488369876411,0.00048148117055867566,0.30852990369494526,0.418779633053174,0.0,0.34999999999999976,0.4014311777575538,1.2439102467317726,0.2606609869899649,0.042105992014269886,0.0,0.4616659050705163,0.029002513267295554,0.0,2.7887768218313735
545.0,30.985193972013544,0.69,45.64275,20.0,0.44077746607341484,0.7680311111111111,0.0,2.8836249365003956,0.15535846033254155,1.744137539168646,0.28206330918448136,0.2298831879889153,0.0005075870863024544,0.31510946471100554,0.41950758440221686,0.0,0.3499999999999998,0.1614371827018614,1.27356280576193,0.2858509994448798,0.20097690324812206,0.0,0.45887520666316883,0.15,0.0,2.880703097819963
600.0,30.469546167234277,1.0,31.48975,375.0,0.7540716040044494,0.9086488888888888,0.0,7.44759757019374,0.3176591001255,5.648624706486784,0.41309686058514394,0.11007479246215389,0.0005334280727900227,0.4942735427641385,0.9016591527806102,0.0,0.34999999999999976,0.4319066057011337,2.1787809533379145,0.3381870724710681,0.1927424954180587,0.0,0.45492294828340085,0.3699999999999999,0.0,4.3165400752115755
804.0,29.22526974336862,1.0,42.20572727272727,165.0,0.9215586896551723,0.88149,0.0,6.027998596658768,0.16862087626382305,4.4347016866587685,0.38983318244865717,0.2268979826540284,0.0005684915481832543,0.4824883554423381,0.7362687707424961,0.0,0.3499999999999998,0.2719106089973389,2.6627106891985415,0.3280788940126851,0.19375159380197854,0.0,0.4576988168792197,0.36999999999999994,0.0,4.634150602889764
313.0,33.01423992483365,0.51,45.50271428571428,455.0,0.39637672759856624,0.6853344444444445,0.0,2.152130297767502,0.3694471528105219,0.8778176184285335,0.2610332528294735,0.2300450679149452,0.0004955376416631922,0.23683462560739868,0.35835557652276084,0.0,0.34999999999999976,0.49285746158829385,1.1452732868496551,0.2550723962406057,0.2077579349208388,0.0,0.25378624497442914,0.15,0.0,2.854747324573822
619.0,32.3307019319174,0.91,45.123,345.0,0.5709282246941045,0.8895244444444445,0.0,4.247425814916601,0.4572707629298827,2.598498114889881,0.37089856598343446,0.21705619782434435,0.0005529262796289935,0.4091818250696591,0.531830125646017,0.0,0.34999999999999976,0.40905003474344903,1.6496146189310754,0.3310692077398284,0.19064379876681184,0.0,0.4615988821025191,0.15,0.0,3.541976542283687
148.0,25.05940160739237,0.23,45.8495,270.0,0.4050632538623162,0.35359444444444443,0.0,1.6181348475630857,0.2275991585312655,0.7741681289335759,0.09977952546251737,0.22120326807811563,0.000453748272911988,0.16045984027376753,0.24915850319820304,0.0,0.3499999999999998,0.35190860734923646,1.170371749480555,0.13160316539309935,0.2155224718164451,0.0,0.12099762956800322,0.14999999999999997,0.0,2.4904036236073375
914.0,35.15232826953446,0.94,44.5116,80.0,0.3401920355333086,0.6674944444444444,0.0,1.6777336211642362,0.2903337948991166,0.6512177126992618,0.1938667909564225,0.21261315860716584,0.0004954710648313245,0.19263067035874762,0.2806065560500695,0.0,0.34999999999999976,0.20715032461723132,0.9829357365548723,0.2484325847065138,0.19395578530267685,0.0,0.12071119044543259,0.15000000000000002,0.0,2.253185621626727
256.0,30.112132021182738,0.78,46.44385714285715,410.0,0.4291993281423804,0.6612544444444445,0.0,2.7586747076415485,0.34203102768690447,1.518966539398459,0.21142019890624353,0.23297486051674846,0.0005053139743961553,0.30175465301404486,0.3969029130168199,0.0,0.34999999999999976,0.4585726051517668,1.2401094489914397,0.24611013941656262,0.2092695760302543,0.0,0.46328368246122886,0.14999999999999997,0.0,3.1173454520512522
110.0,29.615550125807825,0.43,45.028,135.0,0.4887072143121987,0.7636188888888888,0.0,2.2970910116816325,0.2164460238854906,1.1867658584080767,0.28724402672327887,0.19848418266432027,0.00048389119188943286,0.24596213653654522,0.34876732966766333,0.0,0.34999999999999976,0.24905403803965398,1.4120488885243394,0.2842088288169603,0.1927344334692159,0.0,0.25590905788535395,0.14999999999999997,0.0,2.893955246735524
168.0,30.644202407260945,0.91,44.9889,455.0,0.3323560315164998,0.6799922222222222,0.0,2.096241342694542,0.5927983972809547,0.6504188787890762,0.24696560882108837,0.2131621863573489,0.0005374581195905623,0.22183355976761646,0.3363755072204877,0.0,0.34999999999999976,0.4928574615882938,0.9602947350751234,0.2530840919396642,0.1865579858380093,0.0,0.25244744500128447,0.14999999999999997,0.0,2.6452417194423754
126.0,29.18142121213053,0.35,42.712,145.0,0.21482578074403658,0.15386111111111112,0.0,1.083870410905555,0.3210674702145704,0.2727021998714712,0.034707352739788894,0.20476555235313024,0.0004399967140890317,0.12435354657182193,0.20588694672481067,0.0,0.34999999999999976,0.25667289502554885,0.620708055953122,0.05726506615491521,0.19968141728608252,0.0,0.12257012842023012,0.14999999999999997,0.0,1.7568975628398995
531.0,32.64296929804849,0.76,45.279,220.0,0.43085077641824243,0.6818644444444445,0.0,3.1319777029631948,0.5112351224511508,1.6430262293990192,0.26051804438699866,0.20925542872554298,0.0005141411518722677,0.3241633707356016,0.4480192266545026,0.0,0.34999999999999976,0.31381432241976104,1.2448810701873085,0.2537809082348153,0.18766227629451696,0.0,0.4591903404148324,0.15,0.0,2.9593289175512347
378.0,30.183287799810962,0.82,45.5334,45.0,0.3583157330367075,0.6165977777777778,0.0,2.546145354002201,0.17436240306944523,1.4835062345520793,0.20783408178086782,0.21942074854866211,0.0005056898978053275,0.3033170868068353,0.4016842977425975,0.0,0.3499999999999998,0.18048432516659893,1.0353015420231702,0.22948951999910688,0.1936958470032029,0.0,0.459111002148736,0.14999999999999997,0.0,2.598082236340815
379.0,30.032348819887837,0.81,45.624,135.0,0.3418323182548511,0.7057922222222223,0.0,1.8432307220453608,0.34305173090697416,0.6616875770246798,0.24585596955889483,0.21458599800065983,0.0005288289465180157,0.20831565636613347,0.329671548200509,0.0,0.34999999999999976,0.24905403803965398,0.9876750964947087,0.2626865099654242,0.1940792437625802,0.0,0.25249730716867325,0.15,0.0,2.4459921954310406
894.0,32.77279552477283,0.52,46.09571428571428,315.0,0.41930603584229387,0.7878855555555555,0.0,2.2550840359082334,0.3940904139188412,0.987128866961351,0.2752979190479788,0.2113410637118424,0.00047712614280317334,0.22413921511900262,0.3357607840114851,0.0,0.34999999999999976,0.38619346378576397,1.2115242102491695,0.293240560500104,0.03418154724007176,0.0,0.25228848344485316,0.011109578143749643,0.0,2.538537843363713
808.0,29.806897646133393,0.97,45.03466666666666,200.0,0.43209306519589663,0.6777333333333333,0.0,2.0942227447175314,0.2963480192089589,0.9725804568222391,0.21526052062061637,0.22514759558355082,0.0005116495727948991,0.22291160132624863,0.32280572472158464,0.0,0.34999999999999976,0.2985766084479716,1.2484704841274765,0.2522433634363752,0.2019382975815746,0.0,0.25083873203769136,0.14999999999999997,0.0,2.7520674856310916
139.0,24.145065536381797,0.28,44.8175,370.0,0.32104614806575205,0.5911122222222223,0.0,1.6760276727774086,0.4366329358657675,0.5564133703601744,0.16367625676109643,0.1896063691353848,0.00044650614749397856,0.17061010607867874,0.2814870625831612,0.0,0.34999999999999976,0.4280971772081864,0.9276164608686654,0.2200041340276658,0.18635744709745164,0.0,0.12000000000000008,0.14999999999999994,0.0,2.382075219201971
191.0,29.756721505361384,0.8,44.9875,45.0,0.33327185576566554,0.6692711111111111,0.0,1.621374585614453,0.2079616996039326,0.605669538863049,0.23349247846902307,0.20304982968101182,0.0004985810134756964,0.2039630889998708,0.31953689581395345,0.0,0.3499999999999998,0.18048432516659893,0.9629408769270251,0.24909383649045852,0.18952935418091194,0.0,0.25504087790628993,0.14999999999999997,0.0,2.337089270671284
783.0,32.304835958589045,0.76,44.18755555555556,105.0,0.5336483999505623,0.93929,0.0,3.1218107446599377,0.3020521321462326,1.632760465774451,0.40608416064421005,0.23441992910665005,0.0005292983478885486,0.31066910776908246,0.4874715463990019,0.0,0.34999999999999976,0.2261974670819688,1.5418999514330995,0.3495912878843494,0.1948753125512879,0.0,0.4600604132587642,0.15,0.0,3.27262443220947
1.0,29.852907032019957,1.0,39.22916666666666,500.0,0.593107329810901,0.92086,0.0,4.226042872966518,0.5543900827312306,2.446225965110628,0.40048342663085185,0.20818722560058048,0.0005573555214462351,0.32096397872431137,0.5571599330093362,0.0,0.34999999999999976,0.5271423180248217,1.7136979387828482,0.34273188617059885,0.18840983738447004,0.0,0.4667487876294157,0.14999999999999997,0.0,3.738730767992152
84.0,33.63098702848127,0.57,44.51383333333334,300.0,0.45935120763811643,0.6955577777777778,0.0,2.1750451730141593,0.3021094617178189,1.0768980927110878,0.22380120319624494,0.19538514717159286,0.00047602034719117854,0.20156046049023987,0.3265751887668069,0.0,0.34999999999999976,0.3747651783069213,1.327228948524088,0.25887738539887534,0.18457949988076927,0.0,0.2522300861980793,0.15,0.0,2.897681098308732
738.0,34.299255029263676,0.99,45.184125,285.0,0.5726585005561735,0.8996411111111111,0.0,4.223180383259468,0.3057686170792347,2.6363404628977047,0.3899776579324758,0.24109335385003416,0.000572085792526934,0.41980744570316725,0.5819420060461932,0.0,0.34999999999999976,0.3633368928280786,1.6546140010484724,0.33483449697861184,0.20736518308984606,0.0,0.46020430326260364,0.15000000000000002,0.0,3.5203548772076148
651.0,34.0269498912674,0.76,44.708400000000005,125.0,0.4360431412062786,0.3528077777777778,0.0,1.8163905726931406,0.16131019770992172,0.9972909212925094,0.10476107770245376,0.2374620550782854,0.000476746857269177,0.1616337003021148,0.26622132899303635,0.0,0.34999999999999976,0.24143518105375877,1.2598836580620936,0.1313103784868876,0.21335004894144477,0.0,0.12073471175288675,0.15000000000000002,0.0,2.4667139782970695
81.0,34.309769259345856,0.58,45.8755,30.0,0.4439835973921641,0.7055455555555555,0.0,2.1080241739107213,0.16195263807357096,1.076442605246757,0.26667032609877167,0.19575384548878175,0.0004927157650639516,0.23445755123736367,0.34904237827378787,0.0,0.34999999999999976,0.16905603968775648,1.2828264589933935,0.2625947039016124,0.18482143023160802,0.0,0.25,0.15000000000000002,0.0,2.64929863281437
466.0,32.26670684096292,0.36,45.7386,60.0,0.44598236077122727,0.7005622222222222,0.0,2.1207327830904825,0.17823011696137175,1.0672834524336539,0.252748802734375,0.20704191966467128,0.00048699126838235295,0.22651341498161764,0.3668682004059281,0.0,0.34999999999999976,0.19191261064544124,1.288601597000721,0.2607399732881096,0.19209872883313323,0.0,0.25387396211879026,0.15,0.0,2.687226871886195
761.0,33.77639308260635,0.87,46.6765,170.0,0.44353262161661106,0.6868877777777778,0.0,2.1607063495948764,0.15906049102055164,1.0752638391463278,0.26870782991434056,0.23250266866572306,0.0005302581081081081,0.240953487704918,0.3636550452091718,0.0,0.34999999999999976,0.27572003749028623,1.281523429645818,0.25565052631812535,0.19832758442087556,0.0,0.2544409715280477,0.15000000000000002,0.0,2.765662549403154
960.0,32.342669671558426,0.72,45.07442857142857,150.0,0.5143120016067234,0.8177566666666667,0.0,2.398632821217628,0.1885818495380887,1.203988352142965,0.3321534194154172,0.21566274366954416,0.0004960824019385128,0.27722612547326975,0.39487772687414807,0.0,0.34999999999999976,0.26048232351849626,1.4860302220944208,0.304358192119593,0.18966280251616188,0.0,0.252318918034956,0.15,0.0,2.9928524582836262
428.0,34.196772327358374,0.58,46.770166666666654,475.0,0.4308673281423804,0.7100911111111111,0.0,3.0187413014242908,0.509151326469609,1.5670006632607008,0.26418026036772596,0.2027119252265917,0.0004925058858347823,0.3118130021604824,0.4241746723021716,0.0,0.34999999999999976,0.5080951755600842,1.2449288940028533,0.26428649942888965,0.19109426199726012,0.0,0.46023488406009533,0.15000000000000002,0.0,3.1686397150491805
925.0,34.47085527401195,0.89,44.633428571428574,70.0,0.4756794200346063,0.7423355555555555,0.0,2.1796768140141145,0.16604245306063659,1.0504762420855538,0.28641384995679103,0.26092021551922795,0.0005027517283594988,0.25436300894426045,0.351580096471266,0.0,0.34999999999999976,0.1995314676313365,1.3744069591832968,0.27628745425695017,0.2230314781390237,0.0,0.2521757510628564,0.15,0.0,2.825433110273463
339.0,30.6039847457436,0.38,45.248333333333335,285.0,0.6343655110616735,0.92808,0.0,3.154962231296654,0.16665968125913344,1.7863410869939573,0.4089937731900944,0.2156195823768711,0.0005260850349539871,0.32091841365772744,0.5188182918993641,0.0,0.3499999999999998,0.36333689282807863,1.8329074926251843,0.34541907447083103,0.19926306355718365,0.0,0.460619532152433,0.15,0.0,3.701546055633713
305.0,30.082644485611873,0.54,45.58963636363636,420.0,0.42470454554443204,0.7908244444444444,0.0,2.048282425086363,0.20064364118276032,0.9714379511350552,0.27676303911827604,0.21022267212534954,0.0004938156686955092,0.222020403997368,0.3390305867905905,0.0,0.34999999999999976,0.4661914621376616,1.2271224240699352,0.2943343759901183,0.19206358173353774,0.0,0.2541552197999011,0.15,0.0,2.933867063731153
996.0,29.183915861739482,0.54,44.0015,220.0,0.5007986623408726,0.42333,0.0,2.3112108505092053,0.4585947243952784,1.1915877598334974,0.12068766467033704,0.21077162500614544,0.0004440549393491786,0.17013886544917414,0.28137661787664486,0.0,0.3499999999999998,0.3138143224197611,1.4469853806601656,0.1575578148389546,0.20087136072390227,0.0,0.12085663624163531,0.14999999999999997,0.0,2.740085514884421
670.0,29.33457188529568,0.67,45.75272727272727,375.0,0.5051177308120133,0.8817633333333333,0.0,4.1495637460118004,0.30964315363097833,2.599805542193667,0.38701850297736534,0.2075310344355456,0.0005240060639146684,0.4162176031831353,0.5828816491811539,0.0,0.34999999999999976,0.4319066057011337,1.4594647049990077,0.32818062505636897,0.19373697346107127,0.0,0.4644880246305224,0.14999999999999997,0.0,3.377776933848108
727.0,32.634076781835375,0.35,46.039199999999994,115.0,0.43309663848720803,0.6950177777777777,0.0,2.901761236668702,0.27162483248748603,1.6841103634491144,0.2523199060093504,0.20560664185868613,0.0004814220684936714,0.31677054053745873,0.42528982111423586,0.0,0.34999999999999976,0.23381632406786404,1.251370164158892,0.25867640455647556,0.046398761257223864,0.0,0.4637892670599607,0.04054930188136714,0.0,2.644600222981782
324.0,29.85993981443341,0.45,43.75657142857143,250.0,0.481742445989371,0.8506422222222222,0.0,2.4513555102552007,0.20163848159835415,1.26762387115595,0.3178096801539708,0.21953734189372934,0.0005020606888168557,0.2569556479254457,0.3780098248693327,0.0,0.34999999999999976,0.33667089337744643,1.3919251967083326,0.31659776000539896,0.2000859237846611,0.0,0.2558606950009796,0.14999999999999997,0.0,3.0011404688768186
803.0,34.49971269216452,1.0,37.541599999999995,80.0,0.9430890425163762,0.9385588888888889,0.0,5.765260040706761,0.2080761465493847,4.24048031662346,0.43744858334576187,0.208522556355155,0.0005336871630979013,0.3377940824757643,0.6120783051244717,0.0,0.34999999999999976,0.20715032461723132,2.724919533137926,0.34931917801953644,0.19437081838413212,0.0,0.4644928743164158,0.36999999999999983,0.0,4.660252728475244
836.0,30.462011853921254,0.83,45.953300000000006,310.0,0.44844246465208254,0.6821477777777778,0.0,2.650615178905403,0.5819671554373232,1.1226671242969182,0.27760644214695984,0.21843473763624977,0.0005278193622499504,0.2547470959952466,0.3853291144418918,0.0,0.34999999999999976,0.3823840352928164,1.295709711734623,0.2538863611459509,0.038111527515307934,0.0,0.25410347158288266,0.021761375115081118,0.0,2.5959564823866605
225.0,33.57588389704452,0.62,45.15025,390.0,0.42558567296996663,0.6765488888888889,0.0,3.1429250626307073,0.5675854463206134,1.6749592123013648,0.23429987892769014,0.20554576686754833,0.0004769415090106932,0.3107982672549166,0.40604767483267895,0.0,0.34999999999999976,0.44333489117997626,1.2296683144628675,0.2518025289137455,0.18892810974296656,0.0,0.4611687305433231,0.15000000000000002,0.0,3.074902574842879
383.0,30.04603398105656,0.79,44.940400000000004,265.0,0.45825942775923867,0.6841566666666666,0.0,2.432968825306155,0.3683996685546246,1.164458608725427,0.22878009346600062,0.2766240509104093,0.0005205773283918788,0.21497691994843698,0.3434839817918144,0.0,0.34999999999999976,0.34809917885628916,1.3240744083017757,0.25463404296294373,0.23368653641227347,0.0,0.25166411314157217,0.14999999999999997,0.0,2.9121582796748546
627.0,34.1730110732387,0.87,44.703900000000004,235.0,0.3401467018291929,0.67712,0.0,2.0430086435863877,0.5369548008653287,0.632386806115474,0.24688523786358346,0.23563691650668991,0.0005038180046538685,0.22284648069371726,0.3315784293630017,0.0,0.34999999999999976,0.32524260789860376,0.9828047513665339,0.25201508889932883,0.20743687265153338,0.0,0.25512100030123025,0.15000000000000002,0.0,2.5226203211172296
397.0,29.162051717827016,0.73,45.6285,165.0,0.3979925503646026,0.11560888888888889,0.0,2.2684459118341245,0.31809343158364706,1.2899588835862315,0.04226838875559535,0.20418586602487157,0.0004797901880035809,0.27309098534467324,0.35936582755472,0.0,0.3499999999999998,0.2719106089973389,1.149941973281972,0.043028096069952074,0.19210480893955686,0.0,0.25342911400636703,0.14999999999999997,0.0,2.410414601295185
364.0,34.143317521744635,0.88,44.71425,265.0,0.38843951755036454,0.7486088888888889,0.0,1.8134246902213806,0.2111730519027933,0.7573038562067765,0.2247610155546111,0.2437810352663911,0.0005157784105397366,0.20699474696905304,0.32528869831163315,0.0,0.34999999999999976,0.34809917885628916,1.122339865164197,0.27862230577174074,0.20983363860074628,0.0,0.252196623100618,0.15000000000000002,0.0,2.7110916114935923
334.0,30.041820209488495,0.4,44.50514285714286,200.0,0.49783633864788035,0.9170155555555556,0.0,2.7634924389094975,0.33411546265880443,1.2637605438861717,0.3866655505174644,0.2492628262694379,0.0005175689925614489,0.2989977332390039,0.4703356545212013,0.0,0.34999999999999976,0.2985766084479716,1.4384261743385924,0.34130103490577857,0.22686520755802037,0.0,0.2516643465559456,0.14999999999999997,0.0,3.05683337180631
488.0,33.51872783359902,0.25,44.97557142857143,15.0,0.4253982246941046,0.7374111111111111,0.0,2.656089468609187,0.16390344478666205,1.590148748808105,0.2542419505028682,0.20003001824598468,0.00047624605527825376,0.28953524776875506,0.3971861749702026,0.0,0.34999999999999976,0.15762775420891378,1.2291267097518357,0.27445464130733027,0.19199252635515768,0.0,0.2567126652633415,0.15,0.0,2.6099142968865814
875.0,30.026546122264865,0.63,44.46818181818182,65.0,0.49568079094055123,0.9176377777777778,0.0,2.542027367689889,0.17839019596141914,1.2686891515870105,0.3741045740363458,0.20852553758819575,0.0005191268600766034,0.29761319861461977,0.4482584369718453,0.0,0.3499999999999998,0.19572203913838881,1.43219803066656,0.3415326177694489,0.03519879249573375,0.0,0.2533303863718728,0.013507956795943526,0.0,2.621489823237948
622.0,32.63414871782325,0.9,45.5595,75.0,0.450087754727475,0.7401211111111111,0.0,2.235479332732111,0.2618046797056226,1.0898484964627297,0.2598254306524462,0.23870333781317105,0.0005141197479788971,0.21381632273883172,0.33388453579778343,0.0,0.34999999999999976,0.2033408961242839,1.300463539699955,0.2754632673867804,0.20797289453257967,0.0,0.2530642748142342,0.15,0.0,2.7403048725578345
343.0,30.016381375498582,0.35,44.75725,200.0,0.2965218119515511,0.35455888888888887,0.0,1.447238841236852,0.2987485653951759,0.5213882565876737,0.10218365441642378,0.2387620305157775,0.00046411918219068136,0.1552288490685591,0.2363736074261817,0.0,0.34999999999999976,0.2985766084479716,0.8567569348831687,0.13196211883178852,0.2227564468238034,0.0,0.12000000000000008,0.14999999999999997,0.0,2.1300521089867317
341.0,29.435040196916315,0.37,46.20566666666666,455.0,0.4161498775182302,0.6888377777777778,0.0,2.654909708877751,0.9051733368664197,0.8824891490172152,0.25119955398561783,0.21436871620832423,0.00048320795816081933,0.22824590906079753,0.349135414042275,0.0,0.34999999999999976,0.4928574615882938,1.2024049467658737,0.25637629047123506,0.20151780721861132,0.0,0.25424663935105124,0.14999999999999997,0.0,2.9074031453950653
988.0,27.965240709386872,0.58,45.71233333333333,240.0,0.39944464998146084,0.1535922222222222,0.0,2.4179397096089756,0.412568501478665,1.288256566032953,0.06361346532413276,0.2351035714875839,0.0004537573768952729,0.26240617530864196,0.36223272286532415,0.0,0.3499999999999998,0.32905203639155123,1.1541376053290586,0.057164989274543374,0.21115913404320547,0.0,0.2535758676651202,0.14999999999999997,0.0,2.5050896327034797
386.0,31.750596310802568,0.78,44.91536363636364,120.0,0.4325239183042887,0.4186188888888889,0.0,1.832668445984508,0.1622431545269581,1.0060502013153798,0.12509462738062807,0.21635547004996553,0.0005034152391329727,0.17133593750243217,0.2740796461005604,0.0,0.34999999999999976,0.23762575256081137,1.2497153719355654,0.1558044017283074,0.19219884055126088,0.0,0.12000000000000008,0.14999999999999997,0.0,2.4553443667759463
610.0,36.27307778813667,0.96,44.569,20.0,0.37696128179458654,0.7567088888888889,0.0,1.6219502062557738,0.15457229504593673,0.6534822000074906,0.23737221577646267,0.21507032305448173,0.0005172770769346018,0.19945470516143532,0.31126279262172285,0.0,0.34999999999999976,0.16143718270186133,1.089175161295486,0.28163701840773553,0.18842441110491376,0.0,0.12000000000000008,0.15000000000000005,0.0,2.3406737735099967
678.0,30.001551476561986,0.62,45.838699999999996,305.0,0.33037679384501295,0.6728622222222223,0.0,1.8233314381336334,0.34599931913993937,0.6321106613305699,0.2472018072876508,0.19874378697567813,0.0004889577167019028,0.22467476602412637,0.3447124695958549,0.0,0.34999999999999976,0.3785746067998689,0.9545760137788116,0.25043040044649884,0.19021206841363272,0.0,0.25333316095596337,0.14999999999999997,0.0,2.5271262503947733
226.0,30.914948962594906,0.62,45.656,185.0,0.3916348390186627,0.6966133333333333,0.0,2.1213354445239014,0.3188005558820178,0.9244432367028199,0.2623757423207383,0.20237782080253167,0.0005038658121006547,0.23144165002760905,0.3554235005482153,0.0,0.34999999999999976,0.2871483229691289,1.131572284894563,0.2592702491854588,0.18429671614739135,0.0,0.25323468106387603,0.14999999999999997,0.0,2.6155222542604175
280.0,31.508154427940894,0.67,45.046875,5.0,0.3438812686318131,0.6599777777777778,0.0,1.6985804142352476,0.15359336919325695,0.6469492599573065,0.2656211858506675,0.22527131444588297,0.0005058688761254269,0.23438055128065816,0.34954432944692415,0.0,0.34999999999999976,0.1500088972230188,0.9935952425815694,0.24563498100521036,0.20267860864498588,0.0,0.25158689078772767,0.15,0.0,2.343504620242512
470.0,29.992661105294477,0.35,44.698666666666654,50.0,0.6170398717093066,0.9334788888888889,0.0,2.9582817172677434,0.21763774044273876,1.610094351894521,0.3753217548065025,0.20286437260306914,0.0005045396253786747,0.3002690009728207,0.5024299034135518,0.0,0.3499999999999998,0.1842937536595465,1.7828475608827934,0.34742846935399935,0.19565322274357744,0.0,0.45166707448280297,0.14999999999999997,0.0,3.4618900811227222
275.0,27.030019395881876,0.69,44.025800000000004,480.0,0.4040545766283525,0.2061477777777778,0.0,1.983398206816229,0.534332383875895,0.8500973422625296,0.06017267859665871,0.24533840852505967,0.00046996505011933173,0.14129848080190932,0.24522377890214797,0.0,0.34999999999999976,0.5119046040530312,1.1674573223442517,0.07672547043812881,0.21624817863555665,0.0,0.12000000000000006,0.14999999999999994,0.0,2.592335575470969
336.0,25.08054585377531,0.39,43.693166666666656,315.0,0.21295133444568037,0.11693888888888888,0.0,1.1304113620689937,0.3570504801854646,0.2647141237703638,0.02727764152436485,0.22945976409242907,0.00045466854435651806,0.12106486316118284,0.20511418511424556,0.0,0.34999999999999976,0.3861934637857639,0.6152921141894683,0.04352310444104747,0.21729227396352796,0.0,0.12000000000000006,0.14999999999999994,0.0,1.8823009563798077
577.0,34.56443380752785,0.53,45.3115,265.0,0.3942039303547151,0.3958744444444444,0.0,1.7175048875549896,0.31393163250318123,0.786488045046355,0.11439952247227776,0.204373196087984,0.0004655882275949827,0.16395984077076892,0.252750165671696,0.0,0.34999999999999976,0.34809917885628916,1.138995303134013,0.1473392209795001,0.18986352560517988,0.0,0.12000000000000008,0.15000000000000002,0.0,2.444297228574982
325.0,35.48296201275539,0.45,43.273,350.0,0.21490006000494377,0.15615444444444446,0.0,1.271421393281162,0.4893533554195879,0.2767076556019858,0.04179717272272629,0.20587447600157813,0.00045613886547117235,0.1255520292491248,0.2100893048966034,0.0,0.34999999999999976,0.4128594632363961,0.6209226751458261,0.05811861442387165,0.19091506388846652,0.0,0.12000000000000008,0.15000000000000002,0.0,1.9028158166945617
617.0,29.953998289893235,0.92,45.64977777777778,310.0,0.41441238246199474,0.70044,0.0,2.1784581266407153,0.30560740495064875,0.9851068791025221,0.25457700196536054,0.21604074538434992,0.00053028079269541,0.23275409256029153,0.3528103400262037,0.0,0.3499999999999998,0.3823840352928164,1.1973847058299438,0.2606944837970316,0.1930153467874371,0.0,0.255007678726169,0.14999999999999997,0.0,2.7884862504333974
763.0,29.730113386871203,0.86,46.7934,415.0,0.4098880177975528,0.6260177777777778,0.0,2.893437703402347,0.3991993569178228,1.5263117538185695,0.22173471082177157,0.2836992114663821,0.0005075510693703308,0.30208659570544294,0.3991846234450374,0.0,0.34999999999999976,0.4623820336447137,1.1843122078012518,0.232995519138745,0.19154443779344318,0.0,0.45924988063185224,0.14999999999999997,0.0,3.0304840790100056
368.0,33.94771235398182,0.87,45.22271428571428,395.0,0.6418575807069583,0.9383322222222222,0.0,3.2512744555246593,0.31987751096151035,1.760841755363676,0.3954570727059856,0.21210890146348602,0.0005502114956827161,0.31747462598419435,0.5061645949875603,0.0,0.34999999999999976,0.44714431967292423,1.8545547454292195,0.3492348156906282,0.18975517351407228,0.0,0.4573642664752538,0.15,0.0,3.7980533207820963
765.0,29.86033347726265,0.85,45.7575,305.0,0.4229155218143616,0.5204855555555555,0.0,2.2035496036942415,0.5888406717040984,0.8852205383559378,0.14745468926754624,0.23640821404612075,0.0005063709169113693,0.19344382509615782,0.2920658368673503,0.0,0.34999999999999976,0.3785746067998689,1.221953298475697,0.19371782483776856,0.21490564872114554,0.0,0.12167446221047984,0.14999999999999997,0.0,2.630825841044962
320.0,34.85968296787983,0.47,45.069545454545455,105.0,0.45386414293659627,0.7096066666666667,0.0,2.147159601794633,0.16980671957213497,1.0940691732016825,0.2396561093669803,0.2565459019003068,0.0004796537140005703,0.20965751941830627,0.33829818919940113,0.0,0.34999999999999976,0.22619746708196878,1.3113748678268207,0.2641061956278891,0.2321652027600179,0.0,0.2543029651227239,0.15,0.0,2.78814669841942
932.0,28.40035504251706,0.86,43.91028571428572,190.0,0.4605431801384254,0.5585144444444444,0.0,2.1087136731334413,0.4302910434682893,0.9570626798221081,0.15602747901687453,0.21951332871490228,0.00047473796771826856,0.18559294666177548,0.2942334070423181,0.0,0.34999999999999976,0.2909577514620763,1.3306729808504412,0.2078716732163072,0.20064940020760477,0.0,0.12352108274175784,0.14999999999999997,0.0,2.6536728884781864
47.0,30.781163922382476,0.77,44.96681818181818,460.0,0.3408682030651341,0.6529677777777778,0.0,1.9956855483080553,0.4399540089344101,0.6552899929564703,0.2513834935591885,0.24346938065786883,0.0005183972109513491,0.2320153603466614,0.3501257074335237,0.0,0.34999999999999976,0.4966668900812416,0.9848894249470417,0.2430259519214672,0.20703085303519334,0.0,0.2540609250616773,0.14999999999999997,0.0,2.685674045046618
449.0,29.940210838963868,0.47,43.494625,115.0,0.6427506441107403,0.93991,0.0,3.2554211967390754,0.30458549688975833,1.7844448146216476,0.3976710513513513,0.20158437568746282,0.0005207329779320605,0.31480631291015787,0.51505755616812,0.0,0.3499999999999998,0.23381632406786407,1.8571351231068163,0.34982204366636366,0.19064642766460776,0.0,0.45584498221943887,0.14999999999999997,0.0,3.5872649007250934
815.0,29.514270033603182,0.93,46.0154,175.0,0.451864021196391,0.6855477777777778,0.0,2.3832163533069375,0.4519245626930426,1.1068166361375023,0.22288099568127834,0.2217870649720527,0.0005066049233426905,0.20945911871302095,0.32599069207116943,0.0,0.3499999999999998,0.2795294659832342,1.3055958050312266,0.25515179607957805,0.19679205542406944,0.0,0.25423523942342746,0.14999999999999997,0.0,2.791304361941535
64.0,29.986116354263768,0.68,44.4225,325.0,0.41917440279322704,0.5959188888888889,0.0,1.9351840469914279,0.3118985456993519,0.8851134857035333,0.17292136423165375,0.2009112966673636,0.00048352858875182935,0.19265352901526236,0.3141488407610286,0.0,0.3499999999999998,0.3938123207716587,1.2111438755719137,0.22179311164951948,0.18824121655528187,0.0,0.12000000000000006,0.14999999999999997,0.0,2.634990524548372
688.0,30.57456429459578,0.57,45.9914,325.0,0.32975184995674206,0.6782733333333333,0.0,1.9549480877006304,0.4658082516463302,0.6375634893605204,0.24477727777381092,0.22111431621264788,0.0004878024039033679,0.21813758368836525,0.33343375065852104,0.0,0.34999999999999976,0.3938123207716587,0.9527703287040266,0.25244434427877493,0.04177616181049204,0.0,0.2565413851223826,0.031226509710446736,0.0,2.2785710503977814
333.0,28.340861397744494,0.41,44.414,220.0,0.38581373285131626,0.12670666666666666,0.0,1.4641895113076022,0.36090675098011693,0.6011021073964913,0.03317014521637427,0.20805288730760232,0.00045633919064327476,0.1294836059602339,0.21454019567719299,0.0,0.34999999999999976,0.3138143224197611,1.1147530396432899,0.04715854185984412,0.19366230377289625,0.0,0.12088211856545727,0.14999999999999997,0.0,2.290270326261248
509.0,34.5736432125248,0.87,45.35433333333334,445.0,0.44393353596588797,0.6906044444444445,0.0,2.284088879918569,0.2992248030318453,1.0756980328704377,0.25860466824923656,0.220871483764723,0.0005306152392031409,0.24130231266540642,0.3747950276210557,0.0,0.34999999999999976,0.485238604602399,1.2826818137349227,0.25703382038772754,0.18919094307566856,0.0,0.2521692825236546,0.15,0.0,2.9663144643243724
446.0,29.83995998526683,0.49,43.830333333333336,450.0,0.5917246648127549,0.71969,0.0,2.985112582053735,0.5761313937734194,1.4923968615562464,0.2630269621143267,0.21487089449892366,0.0004994896197082037,0.2505320638842382,0.3754679459220282,0.0,0.3499999999999998,0.48904803309534683,1.7097029280347844,0.26785907864183306,0.19145036770551743,0.0,0.25418901366026353,0.14999999999999997,0.0,3.412249421137745
983.0,32.199808506521755,0.6,44.846,160.0,0.3388234684835002,0.6541744444444444,0.0,1.8180630169941236,0.31459890795838275,0.690483910002317,0.21809279273274895,0.22149081562795753,0.00046800476503069857,0.20093609875275126,0.3170714191241214,0.0,0.34999999999999976,0.2681011805043915,0.9789814597916937,0.2434750572606566,0.20112243924067505,0.0,0.25310560853117325,0.15,0.0,2.4447857453285904
917.0,29.731205271179856,0.93,44.12066666666666,150.0,0.3624721143863552,0.6531222222222223,0.0,1.8794505130327168,0.3459260485072434,0.7228271482227487,0.22048025268057378,0.20913080594303668,0.0004964063301315957,0.2079384167393052,0.316931164184157,0.0,0.34999999999999976,0.2604823235184962,1.0473108054290992,0.24308343409655664,0.1911041148298441,0.0,0.2516817347142152,0.14999999999999997,0.0,2.4936624125882125
722.0,30.914881602377548,0.37,45.0979,465.0,0.434964914349277,0.6932344444444445,0.0,2.80510179904201,0.23201485023164503,1.6214833376678444,0.25524910840989395,0.22275382117000395,0.00048662589713388294,0.304405719623086,0.4178387148645465,0.0,0.3499999999999998,0.5004763185741886,1.2567682773383813,0.2580126715275632,0.041892060183785024,0.0,0.45889539230772414,0.03018065202789148,0.0,2.8962253719595346
310.0,34.30512422580714,0.52,45.50688888888889,400.0,0.3365818384006921,0.6673622222222222,0.0,2.08816063537559,0.6094933396410619,0.6444330250762084,0.23947231635334248,0.20280808279021176,0.00048693044204108294,0.21860350812223267,0.33949878350994334,0.0,0.34999999999999976,0.450953748165871,0.972504593532687,0.24838337334798405,0.18924948607093364,0.0,0.251457508204048,0.15000000000000002,0.0,2.612548709321524
55.0,24.738469742245943,0.72,43.769375,465.0,0.2868428726980596,0.29911777777777776,0.0,1.648701129251704,0.6185932827692944,0.4735433772570867,0.08228485242569929,0.20441778222798707,0.0004628201923076923,0.14538587871503497,0.22298491278606147,0.0,0.3499999999999998,0.5004763185741887,0.8287910382998284,0.11132767213793174,0.18997654607643477,0.0,0.12000000000000006,0.14999999999999994,0.0,2.250571575088385
546.0,29.741122868255143,0.68,45.810875,230.0,0.33300713984674324,0.6613622222222222,0.0,1.7424458124717843,0.2702870209644142,0.6427890118807653,0.23959710583311983,0.19685311231782307,0.0004960755145614485,0.2209103955077291,0.34191292472668267,0.0,0.3499999999999998,0.3214331794056563,0.9621760185248117,0.24615025287687695,0.18637286736491485,0.0,0.25336234783209,0.14999999999999997,0.0,2.4694946660043486
886.0,29.937386659523437,0.57,44.921800000000005,450.0,0.46797954350512916,0.7188588888888889,0.0,2.5376264088780465,0.446639774610114,1.1454237085834607,0.2896275512714662,0.23224780615284826,0.00048795868560105675,0.24463628921730518,0.36459919639981836,0.0,0.34999999999999976,0.48904803309534683,1.3521592784108234,0.26754975010250176,0.03158895426891707,0.0,0.2508350762304113,0.0042432027013959775,0.0,2.7454242948093954
505.0,29.212325926105425,0.9,42.389,175.0,0.8208439306019033,0.9520722222222222,0.0,5.289494694495226,0.24037022959171234,3.6778244564127567,0.4586301292545195,0.23147924594759295,0.0005771929555149299,0.3484823896567134,0.6207674442494413,0.0,0.34999999999999976,0.27952946598323414,2.371709943937772,0.35434866156946326,0.2041941520970259,0.0,0.4662602594946236,0.3699999999999999,0.0,4.39604248308212
543.0,34.330272239304335,0.7,45.45157142857143,170.0,0.39326531213694227,0.6930133333333334,0.0,2.1041405525849037,0.3360247608640504,0.8946093639750654,0.2571358817223008,0.21137210988976654,0.0004935617194012541,0.23165204158602443,0.350777513409684,0.0,0.34999999999999976,0.27572003749028623,1.1362833014030376,0.2579303769027944,0.1939492830753725,0.0,0.2521846607995766,0.15,0.0,2.6160676596710686
93.0,30.049772978620876,0.52,46.551666666666655,260.0,0.4330250522803114,0.7202077777777778,0.0,2.9292077202255036,0.4410761007391965,1.5610233581236461,0.25629615618984125,0.21069506014923936,0.0004928255510646276,0.3012203524813533,0.4056880245375771,0.0,0.3499999999999998,0.3442897503633412,1.251163326156664,0.2680517886676731,0.19644234533285307,0.0,0.45915148344700124,0.15,0.0,3.0190986939675346
35.0,32.50549260987802,0.83,46.06377777777778,200.0,0.326913231491781,0.7019433333333334,0.0,1.6553049863224918,0.25798584815074777,0.5917974999426584,0.2413350512577414,0.20342187090171282,0.0005176221041364018,0.19955656567780414,0.3148865676746053,0.0,0.34999999999999976,0.2985766084479716,0.9445685507662199,0.26125400453729225,0.18472819619270828,0.0,0.12076910078859734,0.15,0.0,2.309896460732789
673.0,30.567785402954776,0.65,46.731300000000005,465.0,0.5186406028921023,0.7034388888888888,0.0,2.801389268838642,0.31153115386978214,1.4831280857325553,0.26435072,0.2674566584433624,0.0005018257713828937,0.3112563133733013,0.41458064664695066,0.0,0.34999999999999976,0.5004763185741886,1.498537090122729,0.26181063049175707,0.24050747615713522,0.0,0.46717494391822195,0.15,0.0,3.4685064592640344
535.0,31.75693179082525,0.74,45.11157142857143,145.0,0.339284706154987,0.6607155555555555,0.0,1.8715313050856768,0.3011387001116405,0.65510104338477,0.2471872373298267,0.26521098831005885,0.0005086668858292079,0.2322301497602104,0.3481802551262714,0.0,0.34999999999999976,0.2566728950255488,0.980314139404957,0.2459095721149911,0.2280404742787388,0.0,0.251574459407141,0.14999999999999997,0.0,2.4625115402313744
61.0,29.892620309389834,0.69,44.487,500.0,0.5074520260783587,0.9395911111111112,0.0,2.802561673513928,0.2609277528674012,1.417125978639923,0.3943044397011228,0.20828870116610868,0.0005395555919606825,0.3050955919686738,0.4614677226226626,0.0,0.34999999999999976,0.5271423180248217,1.466209313917806,0.34970335744873254,0.18600761512233666,0.0,0.45919959498878765,0.14999999999999997,0.0,3.4882621995024827
196.0,31.930321142436064,0.77,45.073142857142855,160.0,0.32860554134223213,0.7191511111111111,0.0,2.134511760654349,0.30951280214780597,0.9211907071670514,0.28178122128560434,0.2063599499769053,0.0005110978521939953,0.2457391445111624,0.35426045530408,0.0,0.34999999999999976,0.2681011805043915,0.9494582355782837,0.26765851134026153,0.18412093223661857,0.0,0.25391477428123554,0.14999999999999997,0.0,2.4232536339407913
429.0,33.40617275724741,0.57,46.64485714285715,265.0,0.43081190260783586,0.6900255555555556,0.0,2.2743278480925957,0.28059528697077063,1.0676808511541187,0.26054197896699605,0.24038154039134296,0.0005005417863136305,0.23768964344583252,0.37410886709177016,0.0,0.34999999999999976,0.34809917885628916,1.2447687499285325,0.2568183656163488,0.21505802673323102,0.0,0.2552385528049463,0.15000000000000002,0.0,2.819982873939347
679.0,32.89035045201222,0.62,45.13227272727273,105.0,0.3452593536645655,0.67842,0.0,1.7590692164990402,0.2778577707106877,0.6397368701311535,0.24636506111618006,0.20914946845336338,0.000482114180352798,0.21822415822688562,0.33020123999239687,0.0,0.34999999999999976,0.2261974670819688,0.9975770201813312,0.25249893166806886,0.19448688822690513,0.0,0.25152020271334447,0.15,0.0,2.4222805098716194
805.0,34.455364480503654,1.0,43.16742857142857,160.0,0.6426088646026449,0.9553077777777778,0.0,3.290161393130701,0.30589640222253506,1.8376853594867355,0.39553701123887103,0.22176811793233323,0.0005487637530187796,0.3085645296831634,0.4611048491782007,0.0,0.34999999999999976,0.2681011805043915,1.8567254717021342,0.3555528924605492,0.19431636063574584,0.0,0.45943249345639303,0.15000000000000002,0.0,3.6341283987592172
885.0,30.11458316629998,0.57,44.56063636363636,280.0,0.3383543000865159,0.6846066666666667,0.0,1.7566872736661485,0.30479448320590147,0.62872845765744,0.23535149625271984,0.21172545937148904,0.0004778686356676606,0.20522150322346683,0.3272120524920423,0.0,0.34999999999999976,0.35952746433513144,0.9776258654929177,0.2548015269982767,0.03803354788608204,0.0,0.2549809754686513,0.020977170562381568,0.0,2.2559465507434417
157.0,29.708948266023864,0.98,43.48471428571428,355.0,0.7338412508960573,0.9250322222222223,0.0,4.483283144436474,0.6352142718764505,2.6979421511962527,0.3741012151820752,0.22485568515971135,0.0005562431410608043,0.3051366410143888,0.48162197431959153,0.0,0.34999999999999976,0.41666889172934407,2.120328270863474,0.3442847319796744,0.21689161536936757,0.0,0.45757347577521984,0.3699999999999999,0.0,4.275746985717083
910.0,34.12553076875528,0.96,45.9078,50.0,0.33669252830305274,0.6507933333333333,0.0,1.6276862732595678,0.1602029643951234,0.6633989718403793,0.21267777084846237,0.21615118450973764,0.0005120573842163765,0.1989103707002593,0.316327908688725,0.0,0.34999999999999976,0.18429375365954653,0.9728244160133496,0.24221665252110475,0.1943955023298421,0.0,0.120732589338153,0.15,0.0,2.214462913861996
384.0,34.265013826239986,0.79,45.0856,60.0,0.41348039747868004,0.7010722222222222,0.0,1.9093101882801438,0.1795188192789456,0.8812123214246814,0.25298160074066006,0.20703401352793813,0.0005057772428566241,0.22263282386813343,0.3360219860291181,0.0,0.34999999999999976,0.19191261064544124,1.194691869871583,0.26092978852815374,0.1923449375533227,0.0,0.2521888215303321,0.15000000000000002,0.0,2.592068028128832
671.0,30.143537955704854,0.66,46.3733,30.0,0.44711733395130393,0.6838466666666667,0.0,2.118567471868838,0.14709747248786156,1.0673824846943032,0.26658256419516263,0.21109460280910547,0.0005025184070058382,0.2411991770475396,0.3663846131203603,0.0,0.34999999999999976,0.16905603968775648,1.2918809380263854,0.2545186650719364,0.1924921143900786,0.0,0.25331746061616744,0.14999999999999997,0.0,2.661265217792324
699.0,30.05208191402641,0.5,44.62357142857143,215.0,0.46515308021258195,0.08478222222222222,0.0,2.3271412343435203,0.3432654077795648,1.3055977780665367,0.03274879829001946,0.22965700451197832,0.0004543132481164818,0.26246255128248536,0.3580568910014391,0.0,0.34999999999999976,0.31000489392681374,1.3439926210875555,0.031554819338397884,0.03000000000000002,0.0,0.25,0.0,0.0,2.315552334352767
809.0,31.41830625226267,0.97,44.716857142857144,460.0,0.5952396365714991,0.7969333333333334,0.0,3.3193140700412354,0.662406802175746,1.657941304232618,0.31009211833033684,0.22806117614754354,0.0005314955522551395,0.2551622041741577,0.3925820808457419,0.0,0.34999999999999976,0.4966668900812416,1.7198589310970953,0.29660802346236786,0.1927617968090553,0.0,0.25238714332331647,0.14999999999999997,0.0,3.4582827847730804
961.0,30.068571337481245,0.72,45.34571428571428,415.0,0.3595155656284761,0.6404855555555555,0.0,1.7225662442909642,0.21737500278333383,0.7023772354692125,0.20272585119653128,0.22320092909847275,0.00047292845826732254,0.19507081127324272,0.3192178544128069,0.0,0.34999999999999976,0.46238203364471364,1.0387682849481874,0.23838023425990867,0.19745047116474562,0.0,0.12249429875328041,0.14999999999999997,0.0,2.5594753227708362
291.0,35.10984741272841,0.62,44.4395,260.0,0.45212551928068223,0.6946766666666667,0.0,2.611070248250786,0.5998214972939259,1.1419313011411167,0.23837810136857954,0.23350845674043266,0.0004942185444202777,0.20916602472812448,0.34723590713114477,0.0,0.34999999999999976,0.3442897503633412,1.3063513659651778,0.2585494475222846,0.20616294571042865,0.0,0.25427230566503745,0.15000000000000002,0.0,2.869625815226269
186.0,26.67779695342156,0.82,43.440375,475.0,0.2702732220368311,0.2916166666666667,0.0,1.3136038579641947,0.3173785937827858,0.4329628370421089,0.08287350713097916,0.20377297002801478,0.0004953483517558447,0.15135030099775015,0.22277915782266342,0.0,0.3499999999999998,0.5080951755600843,0.7809154266570711,0.10853585800822001,0.18545796115648674,0.0,0.12187421772822174,0.14999999999999994,0.0,2.204878639110084
623.0,32.38210718873396,0.89,45.7719,430.0,0.33161423081201336,0.6555266666666667,0.0,1.948910910342379,0.4650299696486563,0.6108800457062126,0.2510056497136312,0.21794906823573013,0.0005222124322260404,0.23060187110347458,0.34214908452403675,0.0,0.34999999999999976,0.4738103191235564,0.9581514091130721,0.2439783364483114,0.1912571203138133,0.0,0.25231609387131215,0.15,0.0,2.619513278870067
518.0,30.03929664928745,0.82,44.1931,35.0,0.296227441848968,0.3467311111111111,0.0,1.252586717968063,0.14520383369107193,0.5105614310951104,0.10039552204312328,0.20487725250494634,0.0005052153820389366,0.16020048044379318,0.2403408608171467,0.0,0.34999999999999976,0.17286546818070384,0.8559063950016321,0.12904872369864986,0.1858990837566026,0.0,0.12000000000000008,0.14999999999999997,0.0,1.963719670637588
57.0,32.76373827403104,0.71,44.78371428571428,320.0,0.5052876535656903,0.9489866666666666,0.0,2.7306267450839554,0.3988729900048657,1.2722498709692078,0.38186334706862596,0.20718270531792868,0.0005235871761854264,0.29228180163611567,0.40932627658978143,0.0,0.34999999999999976,0.3900028922787116,1.4599556722457332,0.35320025869015487,0.1918590622909919,0.0,0.2545782321524309,0.15,0.0,3.1495961176580223
328.0,35.18660741930382,0.43,45.40875,115.0,0.44154561284142874,0.6947155555555555,0.0,2.1969806034096337,0.24570023506420344,1.06494531280719,0.26280905574668256,0.20151605626337823,0.0004954437618479253,0.23552374439373724,0.36682481239292236,0.0,0.34999999999999976,0.23381632406786404,1.2757822548681266,0.2585639214512642,0.1920552751004144,0.0,0.254262985578931,0.15000000000000002,0.0,2.714480761066601
445.0,32.87531616586984,0.49,44.1475,100.0,0.611216932394018,0.25848,0.0,3.2550872350574274,0.2132704713014376,2.2305199163231153,0.10126235334296797,0.20195611758576096,0.00047370247965315286,0.34473671943409145,0.4415532995588347,0.0,0.34999999999999976,0.2223880385890214,1.7660230190153903,0.0962028298952897,0.19506523224201772,0.0,0.45988583648474224,0.15,0.0,3.2395649562264595
59.0,30.986433231563247,0.7,44.451555555555565,150.0,0.4219138738104066,0.8001566666666666,0.0,2.2142926062916377,0.3358698690623634,0.9153014281523295,0.312199691465596,0.22467264576209664,0.0005200365544381286,0.25458350014707637,0.3653120994037208,0.0,0.34999999999999976,0.2604823235184962,1.2190591812839389,0.297807705404346,0.19026224952500542,0.0,0.2524204141031503,0.14999999999999997,0.0,2.720031873834936
442.0,34.73026480221168,0.51,44.97418181818182,320.0,0.41554123044123104,0.55474,0.0,2.818056803119087,0.5744252849399963,1.4307222948613758,0.16443527328178384,0.20260821783095903,0.0004692754468620752,0.2840261401114908,0.3907638768959689,0.0,0.34999999999999976,0.3900028922787116,1.2006463489727348,0.20646687502364974,0.19017245859811893,0.0,0.25287933307072374,0.15,0.0,2.7401679079439383
539.0,33.234750285213295,0.72,46.1872,165.0,0.3907584576072179,0.6789288888888889,0.0,1.9692871298364851,0.2047319435586673,0.8836592484739406,0.2600622399295141,0.20058633293533532,0.0005099732228554289,0.24514912603479305,0.36251159233595803,0.0,0.34999999999999976,0.2719106089973388,1.1290401074236491,0.25268833336728486,0.1839733543872346,0.0,0.25601779758486654,0.15,0.0,2.5936302017603774
560.0,30.393793435382015,0.61,45.61544444444444,100.0,0.4479892122728958,0.7074,0.0,2.2126445368846976,0.18175709083354244,1.1290906004127312,0.2748960501428571,0.21370847761433898,0.0005088571269841269,0.2342977697936508,0.35877739773791567,0.0,0.34999999999999976,0.2223880385890214,1.2944001044697653,0.26328490354351536,0.1927792341462145,0.0,0.25329014541118744,0.14999999999999997,0.0,2.726142426159703
800.0,29.845677335601724,1.0,28.34275,50.0,0.881951916573971,0.4855611111111111,0.0,5.2199639582030954,0.21070984050089386,4.265019745115267,0.13436345155001467,0.12917018495880356,0.0004634837049742711,0.21285200430908255,0.42113132399481196,0.0,0.3499999999999998,0.18429375365954653,2.5482726406707394,0.18071940953261392,0.1911180333871637,0.0,0.2525129267182198,0.36999999999999994,0.0,4.076916763968283
912.0,33.33785246079203,0.95,44.6398,185.0,0.3470898577431714,0.7274611111111111,0.0,1.740167788798887,0.2274110425718249,0.6842737280616656,0.24226297316137765,0.22124724345326197,0.0005067567303353888,0.19753317086027972,0.3135699917578492,0.0,0.34999999999999976,0.28714832296912896,1.0028659972496814,0.27075138319274467,0.19927659078321072,0.0,0.12149979666683111,0.15,0.0,2.381542090861598
208.0,33.47709563698249,0.71,43.913428571428575,135.0,0.3895703588555185,0.5967,0.0,1.733988444800235,0.19610594128648762,0.8054139579629769,0.17718493353322587,0.1970506664920847,0.0004749606086728383,0.1871863990929875,0.3040867646706138,0.0,0.34999999999999976,0.24905403803965404,1.1256072677342357,0.22208383085159147,0.1845982684782256,0.0,0.12074677923888907,0.15,0.0,2.402090184342595
950.0,32.02522730893776,0.77,46.848777777777784,235.0,0.3881596968854283,0.7391022222222222,0.0,1.993421916545875,0.21215419988434847,0.8016206044255976,0.28127507640709326,0.2763257852968389,0.0005018389282960678,0.25318976467232074,0.35469196101773326,0.0,0.34999999999999976,0.32524260789860376,1.1215313637806728,0.27508405044752027,0.2361913595704878,0.0,0.25156126916813626,0.15,0.0,2.7096106508654225
152.0,29.720354590402266,1.0,40.26528571428572,225.0,0.8425395234828821,0.9727533333333334,0.0,5.3122965447722486,0.3821417673796284,3.6036922758200047,0.45081905681139633,0.2121646200464129,0.0005577116011259916,0.33895286767039157,0.6061786416378758,0.0,0.34999999999999976,0.31762375091270906,2.43439622504082,0.3620458970007067,0.19108987944592934,0.0,0.45841174351535924,0.3699999999999999,0.0,4.4835674959155245
859.0,30.050416097272816,0.71,45.2431,50.0,0.4446678617599802,0.69567,0.0,2.1635410567875755,0.16836684977086047,1.0938975201762333,0.26940889531378687,0.2096721521533698,0.0005001253088453303,0.23736728069510787,0.3641565018117434,0.0,0.3499999999999998,0.1842937536595465,1.2848035420233468,0.2589191530225012,0.0331090782648773,0.0,0.252495805707223,0.0077621634490532415,0.0,2.3713834961265463
433.0,29.943126229470142,0.55,46.44014285714285,235.0,0.4288511212458287,0.7057522222222222,0.0,2.8654588483000323,0.26567365347244604,1.601452480768611,0.26581256493715755,0.2317362421205285,0.0005142356106993232,0.3164906452304222,0.4472474077102804,0.0,0.3499999999999998,0.3252426078986038,1.2391033554719397,0.26267162249561693,0.20342423467017334,0.0,0.46168882625407104,0.14999999999999997,0.0,2.992130646790404
353.0,32.135476104541844,0.95,36.98625,260.0,0.7853357419354838,0.9615588888888889,0.0,6.99840267710284,0.4243789650909645,5.024643612506661,0.44770216595113044,0.21697196700159854,0.0005512694831392251,0.49215580912689344,0.8327352015757022,0.0,0.34999999999999976,0.3442897503633412,2.269114162922962,0.35787947315878016,0.19755852078424535,0.0,0.4608913899038366,0.36999999999999983,0.0,4.349733297133166
944.0,32.94405750113459,0.8,45.814699999999995,380.0,0.44248694308490916,0.36059,0.0,2.7915989703706865,0.3884054542776988,1.5932897382767346,0.11841243104008461,0.23696227648193652,0.0004779914390418981,0.2977861838301409,0.3951096504816228,0.0,0.34999999999999976,0.43571603419408145,1.278502092605557,0.13420681844607882,0.21199086452411037,0.0,0.2507588622014498,0.15,0.0,2.8111746719712776
646.0,34.4451223780525,0.78,45.7434,405.0,0.3478012297614633,0.6729533333333333,0.0,1.9813539998767942,0.45168909546311065,0.6995825372880128,0.21991388483838237,0.2400713709957965,0.0004905467966371937,0.2026113431874184,0.3143994576242934,0.0,0.34999999999999976,0.4547631766588188,1.0049214039192342,0.25046431079439363,0.20947810967605696,0.0,0.25145158433322506,0.15000000000000002,0.0,2.6710785853817285
544.0,33.79883323126643,0.69,45.13514285714285,310.0,0.3656343130021011,0.71464,0.0,2.122509244894191,0.5853640394873877,0.6673998859031649,0.26787109247700996,0.20222660643350443,0.0004999757949551279,0.23759881432950472,0.34171330587583565,0.0,0.34999999999999976,0.38238403529281617,1.0564475214625262,0.26597953557865134,0.18702921678004422,0.0,0.2566570345331288,0.15000000000000002,0.0,2.6484973436471653
666.0,28.617601106111948,0.68,45.18833333333333,385.0,0.21238444407366208,0.14412555555555556,0.0,1.2498781734839683,0.465352934697508,0.2797839126327013,0.03714053231339823,0.21372951613314436,0.0004619039406583217,0.12583012695410292,0.20531131338370964,0.0,0.34999999999999976,0.43952546268702913,0.6136541663624642,0.053641621420130084,0.19514563729336848,0.0,0.12174717649514388,0.14999999999999997,0.0,1.9237140642581363
635.0,34.0905269738495,0.84,46.01066666666666,350.0,0.44689400098875287,0.6844822222222222,0.0,2.510040195789253,0.4411436041075635,1.0717503963056254,0.27205786824620326,0.298872827358731,0.0005150346889602804,0.24058414716705603,0.3656016512904757,0.0,0.34999999999999976,0.4128594632363961,1.2912356496976973,0.25475521042554294,0.18885012100231877,0.0,0.2595334401914439,0.15,0.0,2.9072338845534
740.0,30.15931368911055,0.97,45.9773,445.0,0.7800492703003337,0.9079144444444445,0.0,4.388460140848228,0.3689528934727353,2.7352893831038743,0.4021359316948611,0.21880150743986068,0.0005841698771145866,0.4179194077481647,0.5965280099684743,0.0,0.3499999999999998,0.485238604602399,2.2538396669097747,0.3379137219837716,0.1909926909397127,0.0,0.45911824462700845,0.3699999999999999,0.0,4.447102929062666
777.0,34.50408943965362,0.78,45.5717,60.0,0.45478421146953407,0.7125944444444444,0.0,2.153331248747942,0.17970722996473112,1.1099575479283557,0.24681470777198347,0.21521356448489365,0.0004978438913864412,0.21807626901636393,0.34264686412746365,0.0,0.34999999999999976,0.19191261064544124,1.314033272923479,0.26521820691433523,0.19463094418652063,0.0,0.25217365539036096,0.15000000000000002,0.0,2.7179686900601383
660.0,33.98761826302037,0.72,45.0286,320.0,0.42231269218885176,0.7044177777777778,0.0,2.247322610513875,0.5062980791979779,0.883490197669289,0.25888750226094626,0.20578310589329082,0.0004903475681041138,0.23036371302525643,0.3352868430409529,0.0,0.34999999999999976,0.3900028922787116,1.220211509368146,0.2621749599612099,0.18943054146484287,0.0,0.25441337191794944,0.15000000000000002,0.0,2.81623327499086
38.0,33.8150419035346,0.81,45.531099999999995,30.0,0.411707164936349,0.6798566666666667,0.0,2.117600895018117,0.17094643395912484,1.0510892660738562,0.26556430235890655,0.202119086482871,0.0005176183568489124,0.2397687853174603,0.3719842712989159,0.0,0.34999999999999976,0.16905603968775648,1.1895683706328455,0.2530336399586506,0.18387428716256168,0.0,0.25147863191010195,0.15,0.0,2.5470109693519154
105.0,32.36959591439104,0.46,45.424285714285716,480.0,0.3445784872080089,0.6570255555555555,0.0,1.912301134796681,0.46924218322580646,0.6707671656062173,0.20148634901615492,0.2268501170456889,0.0004706589388255111,0.1944106736850164,0.2966947351632786,0.0,0.34999999999999976,0.5119046040530312,0.9956097549250412,0.24453620302526052,0.2108067980439884,0.0,0.12231698907204025,0.15,0.0,2.585174349119362
575.0,29.767799561548905,0.54,44.92933333333333,165.0,0.6138839309108887,0.95106,0.0,2.971824464790804,0.26138601678376794,1.600397235535737,0.3894535381501651,0.2106101878644852,0.0005092518931435187,0.3012953683547017,0.4540058617587788,0.0,0.34999999999999976,0.2719106089973389,1.7737289259084226,0.35397192587517096,0.19651157411772227,0.0,0.463437338529942,0.14999999999999997,0.0,3.5595603734285985
888.0,34.68256029568814,0.56,44.5436,45.0,0.3536900456680262,0.7588388888888888,0.0,1.6224988732160004,0.1546760768157395,0.6645255354731678,0.2446124166408194,0.2011188312649577,0.00046072343203375763,0.1929710465971796,0.31124250746537796,0.0,0.34999999999999976,0.18048432516659899,1.0219362866794348,0.2824297761749782,0.03392191025674708,0.0,0.12288329348085743,0.009957673358270473,0.0,2.001613265116889
19.0,30.0295094774004,0.91,45.860285714285716,195.0,0.44569690131009765,0.7003466666666667,0.0,2.196149758944018,0.21454605171372612,1.1001595546107392,0.2638925813530276,0.20828449884935535,0.0005419080218704096,0.22526793216092703,0.35545195250530437,0.0,0.3499999999999998,0.2947671799550237,1.2877768031302774,0.260659746367481,0.18440365818553142,0.0,0.2541625721557015,0.15,0.0,2.7817699597940146
652.0,24.753044268301785,0.76,43.88411111111111,130.0,0.33883326690149546,0.57203,0.0,1.5345482595303415,0.22258694082080543,0.6076000753429166,0.16025688226709095,0.20944350654010757,0.0004694689674091956,0.17316408052233073,0.28337172145286954,0.0,0.34999999999999987,0.2452446095467063,0.9790097709048391,0.21290198384788978,0.19706004862364668,0.0,0.1240399071288399,0.14999999999999997,0.0,2.2582563200519226
567.0,30.171282425169316,0.58,46.392428571428574,85.0,0.4335085695216908,0.6808355555555555,0.0,2.762818690479717,0.2667343636386077,1.5909791548177403,0.23934999211717273,0.20266082172303138,0.0004925116679009298,0.3012272899448696,0.41138845486711095,0.0,0.3499999999999998,0.21095975311017884,1.2525603793682338,0.2533979694281035,0.18558745921730485,0.0,0.4640862424742493,0.14999999999999997,0.0,2.86659180359807
322.0,30.020022396914644,0.46,44.316900000000004,205.0,0.3275525702014584,0.6793877777777778,0.0,1.8145658680653942,0.3429444474774213,0.6231320728989536,0.2473107599640273,0.21266741220898475,0.0004913508563953727,0.217011960454564,0.3353989891759319,0.0,0.3499999999999998,0.3023860369409189,0.9464158275977292,0.2528591257292419,0.19525245266268454,0.0,0.2524983325797821,0.15,0.0,2.4494117755103555
349.0,31.869180790577058,0.32,46.18966666666666,135.0,0.34115599431467064,0.6959444444444445,0.0,1.8358809215861425,0.3178678226813733,0.6856295422168712,0.23946887040546838,0.20522079931645176,0.0004869296489047693,0.20947529577442908,0.32974174136243584,0.0,0.34999999999999976,0.24905403803965404,0.985720956183197,0.2590212976070132,0.19145629175606674,0.0,0.2539222846932093,0.14999999999999997,0.0,2.439174868279138
480.0,29.858789077858475,0.29,44.78372727272727,105.0,0.3454939307254975,0.6651955555555555,0.0,1.6738149651574723,0.27543991082646374,0.6661656925301205,0.19134668345804268,0.21335200125132103,0.0004628444557176073,0.18948699124075244,0.28477656210526314,0.0,0.34999999999999976,0.2261974670819688,0.9982547967077695,0.24757696873341756,0.2043241465626579,0.0,0.12167454881943218,0.14999999999999997,0.0,2.298027927905248
444.0,32.107502159647346,0.5,44.46655555555556,10.0,0.40604765152638733,0.7782744444444445,0.0,1.7792982996914473,0.14389431864072078,0.7413064328876456,0.2571588283375159,0.24995577017320114,0.000481745168058584,0.21885492258197223,0.3389130903772576,0.0,0.34999999999999976,0.1538183257159664,1.1732160243075067,0.28966343233805314,0.22162041813745031,0.0,0.2538931711155376,0.15,0.0,2.5922113716145114
454.0,32.9343537740973,0.44,45.661,240.0,0.7498386496106785,0.8838788888888889,0.0,4.212984227707169,0.2834012072097633,2.6486872404552426,0.3884804843965259,0.2103880582867937,0.0005199392108415693,0.4241434029350104,0.6287466789712104,0.0,0.34999999999999976,0.32905203639155134,2.166550443184079,0.3289680067928481,0.19966650887299736,0.0,0.4613862868715198,0.36999999999999983,0.0,4.205623282112998
147.0,31.268691868157937,0.24,45.2338,210.0,0.4445682246941046,0.7319155555555555,0.0,2.8004183663714786,0.1603058534926682,1.702310158652325,0.270627998054567,0.19822865889717553,0.0004909811308817714,0.3135876627678924,0.41658198910155014,0.0,0.3499999999999998,0.3061954654338664,1.28451565511682,0.2724092683721277,0.18650458663156036,0.0,0.45959426129065195,0.15,0.0,3.009219236845027
129.0,30.55378660219417,0.33,44.527699999999996,330.0,0.4100594585959708,0.6931833333333334,0.0,2.2085671697122486,0.5822079010441388,0.9239864131728385,0.2450654904379124,0.06701406566101192,0.0004840313057388522,0.21849256196760647,0.34011574148604334,0.0,0.34999999999999976,0.3976217492646067,1.1848075612189315,0.2579936486494761,0.184301254244812,0.0,0.2532729167517593,0.14999999999999997,0.0,2.7779971301295845
342.0,34.6194668166448,0.36,45.560428571428574,70.0,0.3422361558521815,0.7069866666666667,0.0,1.5987096015409976,0.1756055801247133,0.6228178628225344,0.23354263111381884,0.20836493398079126,0.0004739379085435779,0.19323862414707565,0.31192290465883027,0.0,0.34999999999999976,0.1995314676313365,0.9888419268867208,0.2631310663555057,0.19239455519596874,0.0,0.12072213706041202,0.15000000000000002,0.0,2.2646211531299443
125.0,25.892978050216044,0.35,44.49483333333333,350.0,0.2633623320973921,0.24489222222222223,0.0,1.5714394814334807,0.570919756404427,0.42020931406712736,0.06737709795696802,0.23591123086910432,0.0004711079846032373,0.1449170175977102,0.22931581360315892,0.0,0.3499999999999998,0.41285946323639616,0.7609474086456484,0.09114563910988818,0.21507020370953384,0.0,0.12096551273289298,0.14999999999999997,0.0,2.1009882274343603
461.0,33.68685574061323,0.4,44.44711111111111,140.0,0.4939697989741688,0.9415255555555555,0.0,2.434805896743716,0.1976016487074353,1.1841129481572208,0.37655885303592634,0.2034166393911824,0.0005004742874109264,0.28918077200118764,0.4162789911442675,0.0,0.34999999999999976,0.25286346653260144,1.4272543665796602,0.3504233320302508,0.19012174919757205,0.0,0.25148425844148226,0.15,0.0,2.972147172781567
780.0,25.270639439350486,0.77,44.953,135.0,0.45184586349029787,0.6257322222222222,0.0,2.195355132708344,0.2914127729942508,1.0779220810172476,0.2007554070233594,0.24665758423369763,0.00048726013363028944,0.194405701237893,0.3241702460351167,0.0,0.3499999999999998,0.24905403803965398,1.3055433409628519,0.23288923914595322,0.21564339432289242,0.0,0.12098929036045966,0.14999999999999997,0.0,2.6241193028318124
977.0,33.703717091709535,0.63,44.89711111111111,195.0,0.33889373297491043,0.7212255555555556,0.0,1.663095315198567,0.2445050199387877,0.6261556150418034,0.23058501670647952,0.20322167147656017,0.00046598869065392654,0.1921534428411466,0.3107172345700209,0.0,0.34999999999999976,0.29476717995502366,0.9791844788879803,0.26843059206610503,0.1915028040515087,0.0,0.12148351589422465,0.15,0.0,2.355368570854842
990.0,31.83392002471865,0.57,44.76583333333333,435.0,0.33812472908169566,0.7044055555555555,0.0,1.9758657416730099,0.4794306442757816,0.63505077158673,0.2404194890918944,0.2527969687457778,0.00046966749245180763,0.20197441966400867,0.3213667267835714,0.0,0.34999999999999976,0.47761974761650416,0.9769625532423509,0.2621704110121019,0.22812313891651384,0.0,0.25314130336202234,0.14999999999999997,0.0,2.698017154149491
51.0,29.71250439625537,0.75,44.377,215.0,0.4971179042763565,0.9378688888888889,0.0,2.6981484943458205,0.46053885901457275,1.1829840359539872,0.3798317340482573,0.2019435087613612,0.0005214074721093142,0.2880159123410879,0.41253035107247876,0.0,0.34999999999999976,0.31000489392681374,1.4363503620197267,0.34906236916535943,0.18635733907560142,0.0,0.25084139659405996,0.14999999999999997,0.0,3.0326163607815593
424.0,33.97260304265378,0.6,44.5965,490.0,0.4416627024471635,0.5705311111111111,0.0,2.3213022534949026,0.5374297044923896,1.0419653306782917,0.16273039357913405,0.21916094623910157,0.0004723433057484853,0.17991048946357321,0.31297248907935565,0.0,0.34999999999999976,0.5195234610389259,1.2761205683670767,0.212344117270941,0.1989635469968434,0.0,0.12000000000000006,0.15000000000000002,0.0,2.826951693673787
873.0,30.17321506672677,0.64,44.5161,230.0,0.3357707121493017,0.66831,0.0,1.9172233675486645,0.46215000719152716,0.6172414544508767,0.24238105589296202,0.2076476773012616,0.0004761360791879876,0.21648448197298883,0.33428012082389463,0.0,0.34999999999999976,0.3214331794056563,0.9701609614188446,0.24873612367425327,0.03561738062646335,0.0,0.2541427471260046,0.014254305517319174,0.0,2.19434469776854
533.0,31.723621313373908,0.75,45.10471428571428,430.0,0.38514197268570016,0.1474088888888889,0.0,1.7961969233310016,0.44515568800808264,0.8156143266884277,0.0397487251418357,0.20221021566021605,0.0004905359990673816,0.13528988036061243,0.24642335286391542,0.0,0.34999999999999976,0.4738103191235564,1.1128120856990187,0.05486363456681921,0.18483042570561709,0.0,0.12000000000000008,0.15,0.0,2.4463164650950096
620.0,29.907246464074667,0.91,47.022400000000005,160.0,0.3334702018291929,0.6549744444444444,0.0,2.0981953345447018,0.4396227233278146,0.6307251880298014,0.25583958394039735,0.36294936218543045,0.0005335581125827814,0.23649954857615893,0.34709890162251655,0.0,0.34999999999999976,0.26810118050439147,0.96351396922103,0.24377280665680418,0.22565517284060493,0.0,0.25334367124436297,0.14999999999999997,0.0,2.4543868004671934
987.0,30.269260573083287,0.59,45.101125,185.0,0.4862680889877642,0.56511,0.0,3.546197923825466,0.29319532661234005,2.325434573769823,0.18153343362132202,0.20751953964568484,0.0004742983128209309,0.36924473632732896,0.4652283020506339,0.0,0.34999999999999976,0.2871483229691289,1.4050013882982877,0.21032645157121294,0.19099637676600484,0.0,0.4640406469121984,0.15,0.0,3.057513186516831
718.0,33.73595689565893,0.39,44.30622222222222,100.0,0.3715975699542702,0.7068677777777778,0.0,1.7945964357036057,0.23511183270959748,0.6875417114020207,0.26547597860540584,0.20403638684845188,0.0004744360706515727,0.23118386321029535,0.3457008436979128,0.0,0.34999999999999976,0.2223880385890214,1.0736774908689453,0.2630868174869116,0.03798476556200709,0.0,0.2544462945119337,0.021166111646419884,0.0,2.22274951866524
877.0,32.34107254596754,0.62,45.1214,385.0,0.4227638109010011,0.6594722222222222,0.0,2.9713963834505552,0.43605917594834537,1.6412490394404087,0.22242017355009802,0.20995602640378186,0.00047984445981782547,0.30227545518275106,0.404465831492371,0.0,0.34999999999999976,0.4395254626870292,1.2215149517103676,0.24544681992847833,0.04447409833151743,0.0,0.46004914105857353,0.0371206735690804,0.0,2.798131147285046
933.0,33.46095052512717,0.86,44.51542857142857,375.0,0.40786466159930784,0.8509333333333333,0.0,2.4254270941602774,0.6577187713573064,0.8481240031613236,0.29531506031170174,0.24276367537832957,0.0004929843112575427,0.2215618524266094,0.3285726550159177,0.0,0.34999999999999976,0.4319066057011337,1.1784660123960087,0.3167061077023306,0.20910573504485072,0.0,0.25224141869322214,0.15,0.0,2.8884258795375457
439.0,29.66528992669103,0.53,44.9596,55.0,0.41487322191323694,0.7310255555555556,0.0,1.9027551437888863,0.16963618395194166,0.8908176441965243,0.2559508873889723,0.2087043111263677,0.00047634646642351423,0.21174041233211754,0.329143873331903,0.0,0.34999999999999976,0.1881031821524939,1.198716234843345,0.27207802216891336,0.19501432963367554,0.0,0.2516854714760436,0.14999999999999997,0.0,2.60559724027447
387.0,31.360981306463334,0.78,44.319199999999995,25.0,0.36471184285008035,0.7171077777777778,0.0,1.7286140529291214,0.16048206897029713,0.7198135115638811,0.22027851722330855,0.2527414642070873,0.0005025280172076651,0.2041780654908095,0.3253435438426343,0.0,0.34999999999999976,0.16524661119480885,1.0537821772345068,0.2668980097576012,0.217699040615696,0.0,0.25159433786562335,0.14999999999999997,0.0,2.4552201766682367
947.0,31.317178126445736,0.79,45.5236,495.0,0.37930553164009395,0.7566133333333334,0.0,2.5286028862584278,0.9036909669650249,0.7052970709672332,0.2872073985489531,0.2223348164741138,0.0005068475296715429,0.24392181348527264,0.3471640844209613,0.0,0.34999999999999976,0.5233328895318738,1.0959485325325595,0.2816014538965287,0.19465394063894292,0.0,0.25558798750300626,0.15,0.0,2.8511248041029083
414.0,28.874290643213246,0.65,43.739,20.0,0.22050326164874554,0.11147777777777777,0.0,0.9721460293812522,0.17451976130974436,0.2848267281030011,0.026472935855872542,0.23656549957391626,0.00046446129121897,0.12109914498888477,0.20591746097628752,0.0,0.34999999999999976,0.1614371827018614,0.6371123167586336,0.04149055127151212,0.2148417868619438,0.0,0.12086582213599344,0.14999999999999997,0.0,1.675747659729943
475.0,29.69391351792145,0.31,45.8196,460.0,0.34185893220862684,0.6643688888888889,0.0,2.3428653470689356,0.8634482685834621,0.6285634304538422,0.24085459991404506,0.22273807484957883,0.0004769540484785972,0.21749844616640882,0.3361392433212996,0.0,0.34999999999999976,0.4966668900812416,0.9877519936690249,0.24726929435739836,0.20657578716420238,0.0,0.25084192337884026,0.14999999999999997,0.0,2.689105888650708
95.0,35.06167677296405,0.51,45.64466666666666,155.0,0.4331421557285873,0.7401744444444445,0.0,2.8438019563538073,0.29530652633806803,1.6413994302468253,0.25643725025147135,0.1943387479409128,0.0004878025040128411,0.3024181604993757,0.40506427340562134,0.0,0.34999999999999976,0.26429175201144406,1.251501679651636,0.27548311734652325,0.1847549955207142,0.0,0.455704233750572,0.15000000000000002,0.0,2.9317357782808884
814.0,33.2683309852878,0.94,45.68818181818182,280.0,0.3959498070695835,0.6677111111111111,0.0,2.8755329217538868,0.38444004568154655,1.5172753765288511,0.2516592235920909,0.2166790622311279,0.0005216295051213746,0.3107037023524556,0.443598778494785,0.0,0.34999999999999976,0.35952746433513144,1.1440397616615998,0.24851322516797053,0.19348888851192034,0.0,0.45976905033630067,0.15,0.0,2.905338390012923
229.0,29.962346199525356,0.6,44.456428571428575,80.0,0.339895248485972,0.6774966666666666,0.0,1.8150241185338645,0.29007558863745025,0.6664124669721115,0.24501177717928282,0.21873918870916334,0.0004950795697211155,0.2152055114183267,0.3411780042470119,0.0,0.3499999999999998,0.20715032461723132,0.9820782132606665,0.2521552792400151,0.19568028259984876,0.0,0.2525031417600131,0.14999999999999997,0.0,2.3895672414777747
842.0,28.2157110707875,0.79,44.68311111111111,85.0,0.3892408260412804,0.27074,0.0,1.4820845342187883,0.17061909612750012,0.7193953546713604,0.0805372593477858,0.22383268606813497,0.0004667525384472855,0.1536631589308875,0.23914124906202236,0.0,0.34999999999999976,0.21095975311017884,1.1246551302775953,0.10076583939125158,0.03333253691484717,0.0,0.12177206237597778,0.008886384802876932,0.0,1.950371706872728
541.0,30.10262346153682,0.71,44.718428571428575,115.0,0.44350953676924976,0.7207788888888889,0.0,2.076635183636868,0.3037457853733442,0.9576199600298532,0.23435908088899943,0.19802743626987976,0.0004884995563295601,0.20996828813699878,0.33412281004229205,0.0,0.34999999999999976,0.23381632406786407,1.2814567293146097,0.26826434865325594,0.1843722064861405,0.0,0.25415246199919145,0.14999999999999997,0.0,2.722062070521062
775.0,34.40503317016356,0.79,45.24454545454545,190.0,0.4133395706958348,0.6423955555555556,0.0,2.1805468586224106,0.4038751000503286,0.8949242328740511,0.2341692274859692,0.25398576235320713,0.000499098402647863,0.22146672202475176,0.3393080640500773,0.0,0.34999999999999976,0.2909577514620764,1.1942849712288612,0.23909111094321117,0.2153832875566152,0.0,0.25290655147766933,0.15000000000000002,0.0,2.692623672668436
314.0,30.135369831296977,0.5,46.22185714285715,465.0,0.43070305228031147,0.6678,0.0,2.8954944468403294,0.2506277275409436,1.6271509295728857,0.2749991068232616,0.22641975257447067,0.0005148029666355103,0.3295533686837078,0.4522744904783192,0.0,0.34999999999999976,0.5004763185741886,1.2444542426335805,0.24854630843420913,0.20538386755166008,0.0,0.46327343922570935,0.14999999999999997,0.0,3.1621341764193494
682.0,31.51039780484572,0.6,45.201181818181816,155.0,0.3293306446051168,0.6541222222222223,0.0,1.7438550074905677,0.2601641693464241,0.6217215077287556,0.24863410523944537,0.2083595407086538,0.0004925270594632384,0.23032848877927525,0.347599850955414,0.0,0.34999999999999976,0.2642917520114441,0.9515533166952317,0.2434556208417415,0.19010248209965358,0.0,0.25396694452333374,0.14999999999999997,0.0,2.4033701161714047
897.0,33.67904555635608,0.51,45.391166666666656,355.0,0.40392272036831045,0.18128,0.0,1.8527617980024287,0.6059061567302535,0.7067342325811736,0.05088681044598317,0.21134417379655981,0.0004487362742908197,0.1399046696150696,0.2309341299523384,0.0,0.34999999999999976,0.41666889172934407,1.1670763427311326,0.06747001316704625,0.03163976356134118,0.0,0.12074230132080702,0.004453807924841599,0.0,2.15805112043451
228.0,31.841025883707136,0.61,44.434714285714286,50.0,0.48271167414411076,0.9208211111111111,0.0,2.4420881815805,0.18192287259294884,1.1836018273856994,0.3687551941702473,0.20455149604500905,0.000507334626253242,0.29110758642821194,0.44253068689559055,0.0,0.3499999999999998,0.18429375365954653,1.3947256414297233,0.34271741224161956,0.18779026062006912,0.0,0.25157030116374435,0.15,0.0,2.8610973691147037
79.0,30.096519750159352,0.6,45.125555555555565,205.0,0.43195705228031145,0.6941711111111111,0.0,2.821117547969992,0.3446814898679349,1.5476047048636323,0.2640545924846949,0.19562808337663704,0.0004935742875237492,0.3062993025543593,0.40865987311492025,0.0,0.34999999999999976,0.3023860369409189,1.2480774944587092,0.2583612864455525,0.18441619321741215,0.0,0.4583066082748212,0.14999999999999997,0.0,2.951547619337415
999.0,29.668440473426198,0.52,45.15983333333334,105.0,0.34739964497589915,0.7211744444444445,0.0,1.6292537197327734,0.16124364087669213,0.6610080333304678,0.23569624977433914,0.21037163084049437,0.00045924473672899203,0.19485139330324516,0.31196174007909216,0.0,0.34999999999999976,0.2261974670819688,1.0037610827013415,0.268411569188018,0.1958230306972257,0.0,0.12168529249270069,0.14999999999999997,0.0,2.3158784421612553
519.0,24.946310682417,0.82,43.134,180.0,0.4413117306884192,0.26528666666666667,0.0,1.9481640238792732,0.25722165600484775,1.0613664792028288,0.07639812006429146,0.2367339108130992,0.0004864635735333512,0.15409643528529332,0.2690894062895103,0.0,0.3499999999999998,0.2833388944761815,1.275106486177733,0.09873618100751219,0.21846000932633397,0.0,0.12100215219469798,0.14999999999999994,0.0,2.4966437231824585
382.0,30.353362843650856,0.8,44.7794,335.0,0.3484733057100482,0.7075255555555555,0.0,1.86153643967061,0.3297717264547347,0.693346753623649,0.24155326926806006,0.21802189022589746,0.000516585909560518,0.2052195576571565,0.32889157521455814,0.0,0.34999999999999976,0.4014311777575538,1.0068632702727707,0.26333163365707773,0.19546662901836104,0.0,0.2524708959065367,0.15,0.0,2.6195636066122985
99.0,35.39601001588519,0.49,45.36944444444445,370.0,0.21701609788654058,0.14559222222222223,0.0,1.046249054155543,0.2552281176661326,0.29508979936,0.03492799556331369,0.19928115501997712,0.00046192272892573994,0.12689535347297984,0.21564530067636362,0.0,0.34999999999999976,0.4280971772081867,0.6270366608846889,0.054187495313067394,0.18634679435918286,0.0,0.1221188828900869,0.15000000000000002,0.0,1.9177870106552117
929.0,24.58062979339718,0.87,45.41966666666666,485.0,0.20686409485848473,0.11123555555555556,0.0,1.2907633476715343,0.559738054986462,0.2521198363646564,0.027873553239468225,0.20215414580819943,0.00046597053906995004,0.12341341035507937,0.19979634716409533,0.0,0.3499999999999998,0.515714032545979,0.5977039148718498,0.041400399371011906,0.19149255783944386,0.0,0.1220341220066474,0.14999999999999997,0.0,1.9683450266349318
744.0,32.273189638660426,0.95,44.392300000000006,315.0,0.3460723371029539,0.6568211111111111,0.0,1.8498559537630508,0.3323227008930309,0.6268992263176212,0.25680790726218095,0.2217589329127021,0.0005328225754060325,0.23823531417633406,0.3466654127063919,0.0,0.34999999999999976,0.38619346378576397,0.9999260183686823,0.2444601115129112,0.1913412576632009,0.0,0.251549273578466,0.15,0.0,2.5734701249090244
510.0,29.87645712014909,0.86,45.135333333333335,60.0,0.4823859053887034,0.9120866666666667,0.0,2.4235656091621167,0.1450475374980419,1.1984632361301806,0.37025319789794875,0.20396991532499623,0.0005504089421935921,0.29543192104593996,0.43993092020510216,0.0,0.3499999999999998,0.19191261064544127,1.3937843796772538,0.3394665677928471,0.1859406832029205,0.0,0.25167355854139345,0.14999999999999997,0.0,2.862777799859855
795.0,30.40532482094582,0.7,45.2894,60.0,0.6482281127796317,0.9529077777777778,0.0,3.2149984114841366,0.20372627516358052,1.8636550037179132,0.40288484064860586,0.21479665550868293,0.000538906308087799,0.31766566500296617,0.4642149414310011,0.0,0.3499999999999998,0.19191261064544124,1.8729614774542167,0.35465964427210633,0.19089661830698534,0.0,0.46151114161947326,0.14999999999999997,0.0,3.5719414922982216
282.0,29.379131309058156,0.66,44.791714285714285,350.0,0.6079443513780743,0.8830333333333333,0.0,3.184001494664984,0.4264507140354992,1.7029690348421551,0.35668068688086835,0.23132965072654793,0.0005099251442846068,0.2856097303385305,0.39837640241181793,0.0,0.3499999999999998,0.4128594632363961,1.756567368984372,0.3286533022227533,0.21624550597693956,0.0,0.25085094415273923,0.14999999999999997,0.0,3.4651765845732028
85.0,30.65552089144719,0.56,44.361428571428576,300.0,0.4158974823260413,0.6976755555555556,0.0,2.0000056178169743,0.19563257693930122,0.910894820693223,0.2628611555776655,0.21074282599980365,0.0005023280455287141,0.24253144138178054,0.36272981369732177,0.0,0.34999999999999976,0.3747651783069213,1.201675687323487,0.25966559421701,0.19176880226483822,0.0,0.25407756894566014,0.15,0.0,2.781952831057918
848.0,29.841116204857787,0.77,45.88088888888889,130.0,0.4147782246941045,0.6578177777777777,0.0,2.6435510139248137,0.15634157838219875,1.5727161124409312,0.22575465850410276,0.21958756875070626,0.00048380694247540483,0.3101640128710744,0.4064357979036,0.0,0.3499999999999998,0.24524460954670624,1.1984417541036294,0.24483105763561214,0.04154730660276276,0.0,0.4617287837893616,0.027287027007902132,0.0,2.5690805386859745
490.0,33.58736396635266,0.24,44.6113,175.0,0.30871900290446175,0.5145533333333333,0.0,1.3850486166941591,0.1934650298999156,0.5486874652764778,0.1378894713440659,0.20294117450649388,0.000460192938974167,0.16645515862223886,0.2564374684287372,0.0,0.34999999999999976,0.2795294659832342,0.8919989559210955,0.1915099303571687,0.19084667668938057,0.0,0.12148865508022874,0.15,0.0,2.1753736840311064
102.0,29.947601105176865,0.47,44.162333333333336,170.0,0.3704215380669881,0.70633,0.0,1.7980081880645842,0.2389960414975774,0.7129650233977457,0.2498531940899392,0.21163745799707573,0.0004898969765288458,0.21174399894520712,0.33577673140096614,0.0,0.34999999999999976,0.27572003749028623,1.0702795166408727,0.26288666372616815,0.18906976441097292,0.0,0.2541739570245041,0.14999999999999997,0.0,2.5521299392928034
791.0,29.7564686565541,0.71,45.1044,85.0,0.3407434899888765,0.6982311111111111,0.0,1.6075211259809266,0.15958855599726993,0.6491525629202854,0.20410976307348327,0.2318390029358022,0.00047733011136432037,0.19494052749709764,0.3115771341989853,0.0,0.34999999999999976,0.21095975311017884,0.9845290845314375,0.25987236463100155,0.20166278040432015,0.0,0.12084015345666684,0.14999999999999997,0.0,2.277864136133604
71.0,24.93678376253927,0.64,42.90228571428572,320.0,0.25425533018168334,0.2643466666666667,0.0,1.4479552112185956,0.5222580106429584,0.4012678202179953,0.06916342881718132,0.19015635945551046,0.0004609761299284111,0.13908021277914306,0.21855044587518704,0.0,0.3499999999999998,0.39000289227871143,0.7346340423677139,0.09838632546703871,0.19364929299524197,0.0,0.12100253505977614,0.14999999999999994,0.0,2.037675088168481
749.0,30.04207985595949,0.93,44.3902,175.0,0.41384529335063647,0.67114,0.0,2.184549715421291,0.42175440790640867,0.9550286137810764,0.21281830242102276,0.22213979439775958,0.0005264675858712843,0.21274943398353544,0.31878419660948204,0.0,0.34999999999999976,0.27952946598323414,1.195746183774332,0.24978941216312558,0.1933237584280474,0.0,0.2541608304284966,0.14999999999999997,0.0,2.6725496507772326
292.0,32.57772625212441,0.61,45.3065,500.0,0.4412705384995674,0.67767,0.0,2.449411183040942,0.5412977286479348,1.085175793682276,0.22893585259046523,0.20449186247137416,0.00048122187248707645,0.20317642334290636,0.33342882815024694,0.0,0.34999999999999976,0.5271423180248217,1.2749874672993922,0.25221979160918023,0.19337418565836312,0.0,0.2546043729031034,0.15,0.0,3.0023281354948583
687.0,33.44993133174275,0.57,46.4616,360.0,0.44769343097268566,0.6836577777777778,0.0,2.236932873132496,0.20720498341176594,1.0744085627174316,0.2687351568015529,0.25605099403499915,0.0004906612139764073,0.24164155365088844,0.3720443431056364,0.0,0.34999999999999976,0.42047832022229115,1.2935454871365697,0.2544483631311794,0.030638282327149602,0.0,0.2507473856897361,0.0014461759131375257,0.0,2.601304014420064
233.0,24.641502814342264,0.92,36.5135,435.0,0.7333616921270547,0.69389,0.0,6.951172998276081,0.4377546743469666,5.119959895797621,0.2547353572883117,0.20833590752463335,0.0005125999584415584,0.46186002201558446,0.8708753461222793,0.0,0.3499999999999998,0.47761974761650405,2.1189426550859256,0.258256660616073,0.19341614490245604,0.0,0.4621745821373112,0.37,0.0,4.230409790358269
717.0,30.700449968871695,0.4,45.564,230.0,0.39176910085279937,0.09914777777777778,0.0,1.640867513377733,0.268041597106914,0.8228056477721309,0.02735524528762805,0.2236210826689919,0.00047251866036249006,0.12978429133963748,0.24875406927471141,0.0,0.34999999999999976,0.3214331794056563,1.1319602150664774,0.036901488703387254,0.03179885544804905,0.0,0.12081432031209152,0.004885921872548787,0.0,1.9977939808082112
549.0,30.736081493044402,0.67,45.73,230.0,0.3542110756395995,0.6999566666666667,0.0,1.820933550448377,0.2735672584556781,0.6675061004126657,0.26835169960320604,0.2070428248551702,0.0005127868978652488,0.23518366156654233,0.350076438735021,0.0,0.3499999999999998,0.3214331794056563,1.023441727505152,0.26051459353685863,0.1850433699062683,0.0,0.2540668814607447,0.14999999999999997,0.0,2.544499751814681
398.0,29.86924194390157,0.72,45.86485714285715,130.0,0.42798756760598194,0.6614322222222222,0.0,2.6915273628634586,0.1823628557048121,1.5407997508416935,0.2545581659496684,0.21278777854106437,0.0005088404778098962,0.32175718486651933,0.4437521109335147,0.0,0.34999999999999976,0.24524460954670624,1.236608241993733,0.24617630594903983,0.1977591475897505,0.0,0.46088075822648555,0.14999999999999997,0.0,2.8866690633057153
980.0,29.644230695568154,0.62,44.454699999999995,330.0,0.6032268601532567,0.8548622222222222,0.0,2.9247473105437014,0.4337371797770571,1.5027487027983468,0.31226618074571594,0.2353355430457375,0.0004745067338327737,0.2616017714199604,0.3762310934647839,0.0,0.34999999999999976,0.3976217492646067,1.7429368596619308,0.3181683880700776,0.21417441327310094,0.0,0.2559033409163883,0.14999999999999997,0.0,3.4288047511861053
834.0,29.946398098525844,0.84,44.952400000000004,345.0,0.4376424286861945,0.6966044444444445,0.0,2.1997427130724865,0.21160722496261894,1.0831411553093104,0.26700169263517454,0.21656003506585722,0.0005050649254353078,0.22971745482795963,0.3672839706977713,0.0,0.3499999999999998,0.409050034743449,1.26450456817414,0.25926694085883467,0.03351686163617864,0.0,0.2516696498802793,0.009503579856335159,0.0,2.5775116351492167
657.0,32.698570164127155,0.73,45.5268,145.0,0.43476215572858734,0.7345311111111111,0.0,2.801299675803274,0.24435497183995156,1.6303912404213399,0.2573093569111852,0.21086671010154592,0.0004934725143983025,0.3049091463852682,0.40310940497120334,0.0,0.34999999999999976,0.25667289502554885,1.2561824355979714,0.27338274348119895,0.19041843127055008,0.0,0.4599392725238041,0.15,0.0,2.936595777899076
831.0,30.888101143401922,0.85,44.227714285714285,150.0,0.41043775670498084,0.10010777777777778,0.0,1.6676442414137602,0.3711431495124662,0.7493234930366512,0.027685324041344484,0.23164685229771195,0.0004906094050812688,0.13662230527852295,0.23722856409831536,0.0,0.34999999999999976,0.2604823235184962,1.1859005989493239,0.03725878797876437,0.03161699562918053,0.0,0.12080937315906652,0.004343444679640748,0.0,1.990411523914472
563.0,24.528719054278582,0.6,44.10328571428572,475.0,0.4293539441972562,0.3846266666666667,0.0,1.7065505910590297,0.1691626766944638,0.9230213736689038,0.1065227054480367,0.20833801894359308,0.0004536138941716075,0.15597087650743927,0.25546264845637584,0.0,0.3499999999999998,0.5080951755600843,1.240556189743451,0.14315294717783048,0.19415240518375673,0.0,0.12000000000000006,0.14999999999999997,0.0,2.705956717665123
565.0,33.77045876573224,0.59,45.0846,50.0,0.3285230216289704,0.6565111111111112,0.0,1.6164461779652215,0.1751073727737393,0.6130493413199691,0.23770303681786353,0.20396455289695592,0.00048729517668300227,0.2221944714027783,0.3355537595902274,0.0,0.34999999999999976,0.18429375365954653,0.9492198067890605,0.2443447336219044,0.1890625407531851,0.0,0.25148058397272166,0.15,0.0,2.3184014187964173
945.0,24.451216282816507,0.8,44.761125,390.0,0.21628392386602396,0.11394,0.0,1.5794696899041707,0.8209505445789187,0.28416626134803646,0.026963617008104453,0.20219033942245723,0.0004532837122917605,0.12084805959027466,0.19744751839765948,0.0,0.34999999999999976,0.44333489117997626,0.6249211498351296,0.04240695774632196,0.1915309756177575,0.0,0.12000000000000006,0.14999999999999994,0.0,1.922193974379184
20.0,29.850095674356087,0.9,45.46514285714286,80.0,0.34597910369546403,0.6691311111111111,0.0,1.6446757335580642,0.18945881773155512,0.6644006370781245,0.21533490435227853,0.2062631489911263,0.0005112849974398361,0.19786687041303977,0.31850183988565084,0.0,0.34999999999999976,0.20715032461723132,0.9996566339078756,0.2490417303461328,0.18554202014588125,0.0,0.12000000000000008,0.14999999999999997,0.0,2.2613907090171215
65.0,29.18289279807075,0.67,43.529,405.0,0.41731311926832276,0.16262555555555555,0.0,1.9060318791863295,0.47686559742462076,0.8887448839461396,0.04410295690452443,0.20312641818013952,0.0004619566325142805,0.13313829668147611,0.2479765285940971,0.0,0.3499999999999998,0.4547631766588188,1.2057659657404254,0.060527076206043307,0.1900771364590068,0.0,0.12171333254540509,0.14999999999999997,0.0,2.5328466876096956
131.0,35.350563079539526,0.32,45.195,445.0,0.4226891212458287,0.6159011111111111,0.0,2.679225215929254,0.3022631814141439,1.5283852194339491,0.19975448737746407,0.1942727053884073,0.0004741525041885004,0.2942938760845541,0.39822570965994153,0.0,0.34999999999999976,0.485238604602399,1.2212991467427257,0.2292302298999616,0.1863726497964895,0.0,0.2535360115684366,0.15000000000000002,0.0,2.8756766426100127
903.0,29.847989130657567,1.0,44.101699999999994,425.0,0.4995989194784328,0.9227911111111111,0.0,2.831835894538798,0.4471573415740859,1.2493414363597668,0.3822766490954752,0.2322685454135274,0.0005490840761077768,0.302560117039118,0.4571603264546886,0.0,0.3499999999999998,0.47000089063060857,1.4435188969950796,0.34345062012963296,0.2101768344287628,0.0,0.4583757736209845,0.14999999999999997,0.0,3.425523015805066
904.0,29.71233195621016,0.99,42.8946,415.0,0.3100688186874305,0.39065222222222223,0.0,1.787686442056534,0.42705377561655056,0.6750633459893486,0.11433622040966816,0.25008289000409667,0.000509389422367882,0.17423427263416633,0.26488896249897587,0.0,0.3499999999999998,0.46238203364471364,0.8958990536078779,0.14539557908798093,0.21732811404508373,0.0,0.12000000000000008,0.14999999999999997,0.0,2.3410047803856586
992.0,25.249433128239946,0.56,43.631800000000005,200.0,0.21392877641824248,0.10361888888888889,0.0,0.9740638878934865,0.2217770088152938,0.2620961934019774,0.0229363000102459,0.21267352141942036,0.0004490722540983607,0.12046499521516393,0.20621702733466518,0.0,0.3499999999999998,0.29857660844797157,0.618116291550745,0.03856557699518993,0.19672579030727433,0.0,0.12099012123848599,0.14999999999999994,0.0,1.7729743885396676
240.0,32.051978135569534,0.86,45.82971428571428,185.0,0.3464331428747992,0.7124888888888888,0.0,1.8485784168886263,0.3442571469848194,0.6605262786963925,0.24241503187676589,0.2326059683016002,0.0005186452916360259,0.20427306124550063,0.3190622567038241,0.0,0.34999999999999976,0.2871483229691289,1.0009685145180884,0.26517892053567665,0.20410288164382467,0.0,0.2531199322418427,0.15,0.0,2.51051857190856
237.0,30.403521755117215,0.88,44.788599999999995,310.0,0.6847509766407119,0.8891255555555555,0.0,4.5167510891032485,0.26038283577132026,2.9195594779012537,0.40349415843949676,0.21930438357246532,0.0005710946144382267,0.4450723637575902,0.647441184711859,0.0,0.3499999999999998,0.38238403529281617,1.9784890158461867,0.3309207465825831,0.193273757453287,0.0,0.46480091693404735,0.15,0.0,3.8498684721089242
134.0,30.51058337837471,0.3,45.7076,65.0,0.4119761588802373,0.2973622222222222,0.0,1.7429056449209304,0.19645714899132016,0.9293582061353096,0.09131589302841743,0.20885218257698862,0.00048009978994094555,0.15830917564900318,0.26847464290753437,0.0,0.34999999999999976,0.1957220391383888,1.1903455897701185,0.11067427762971901,0.18964274966970834,0.0,0.12081938780684613,0.14999999999999997,0.0,2.3072040440147816
625.0,35.02285003253358,0.88,44.792,455.0,0.33587466697565194,0.6523322222222222,0.0,2.1498699257786567,0.657949423977682,0.6220457216611344,0.2511864125008828,0.21497823672575744,0.0005129048520375732,0.23174580871530473,0.3422225718412317,0.0,0.34999999999999976,0.4928574615882938,0.9704613238704424,0.24278940656786113,0.19674080439535382,0.0,0.252141459074014,0.15000000000000002,0.0,2.654990455495964
823.0,30.01508810524154,0.89,45.0286,460.0,0.4087560363984674,0.7320188888888889,0.0,2.458497297801158,0.6709653362835909,0.9180187228290863,0.25778632117990746,0.22837971598072893,0.0005151835186237117,0.2145209974275744,0.33222717554780073,0.0,0.34999999999999976,0.49666689008124154,1.181041511094516,0.2724477276691299,0.19216028093307402,0.0,0.2533316577199231,0.14999999999999997,0.0,2.895648067497884
631.0,29.31569499461829,0.85,44.648625,465.0,0.38576789401804473,0.17041333333333333,0.0,1.6326519636933887,0.48368697332253324,0.6209600361682753,0.047874692356716896,0.21003498158666037,0.0004776793736058633,0.13907142236081393,0.2202495766344928,0.0,0.3499999999999998,0.5004763185741886,1.114620594957234,0.06342558386937468,0.1948021103305875,0.0,0.12085278551317277,0.14999999999999997,0.0,2.494177393244556
967.0,33.75491997834349,0.69,46.792375,315.0,0.42571829365962177,0.6521966666666666,0.0,2.8178554729510514,0.46307400157117634,1.460157558319775,0.20889156885191346,0.2405216500877232,0.00047305778517286003,0.3001742004511,0.39134297148350833,0.0,0.34999999999999976,0.38619346378576397,1.2300515027849106,0.24273895458684708,0.20858377051451754,0.0,0.46407202269490605,0.15,0.0,3.031639714366947
338.0,30.680752871419433,0.38,44.502199999999995,15.0,0.3360451041898405,0.6535044444444444,0.0,1.6185471460923304,0.1695703288208961,0.6633562538272971,0.1996586924329881,0.23558862941091083,0.00048013766110540046,0.19339808156875143,0.3002273003479361,0.0,0.34999999999999976,0.1576277542089138,0.9709537775764863,0.24322569214138295,0.21391787678348018,0.0,0.12081484310716806,0.14999999999999997,0.0,2.2065399438174307
464.0,30.077533625294333,0.37,45.04522222222222,75.0,0.4566043917933506,0.7618122222222222,0.0,2.174536543282144,0.20965413368129138,1.100237808152288,0.2518197236846529,0.23161660427789318,0.0004734679862161708,0.2041884425113464,0.335969937975375,0.0,0.3499999999999998,0.2033408961242839,1.3192924209939174,0.28353641143066005,0.2166045427376456,0.0,0.254987111040044,0.14999999999999997,0.0,2.7777613823265503
363.0,29.83303386455767,0.89,45.3352,340.0,0.5033916835990607,0.92163,0.0,2.951818423825118,0.4993996579533322,1.3255278913165502,0.3743722434616203,0.22725326557069553,0.0005489861024877738,0.3024506763427599,0.464021872342235,0.0,0.3499999999999998,0.4052406062505014,1.4544775409522896,0.34301846996439095,0.20756578798889996,0.0,0.4608939641028632,0.14999999999999997,0.0,3.3711963692589464
642.0,30.567794368186387,0.81,44.48377777777778,150.0,0.5528130548757878,0.7180388888888889,0.0,2.764306576464757,0.3125353790926509,1.5294358736633502,0.2637294108830057,0.23117690694150506,0.0005104908370323399,0.23490295741122383,0.36320100226705243,0.0,0.34999999999999976,0.2604823235184962,1.597273452976765,0.26724455697145083,0.20340314579816657,0.0,0.25081785423242764,0.14999999999999997,0.0,3.0792213334973058
569.0,29.712843842488898,0.57,44.808,105.0,0.3353209384501297,0.7021911111111111,0.0,1.5363669409092864,0.1546564368962106,0.6046330454127058,0.23175593877586134,0.19612926393393262,0.0004729416060905845,0.1897287174932255,0.3065656684072433,0.0,0.34999999999999976,0.2261974670819688,0.9688614052972973,0.2613462241419322,0.18596576494318529,0.0,0.12000000000000008,0.14999999999999997,0.0,2.262370861464383
114.0,30.033916719063477,0.41,45.996300000000005,390.0,0.43799429365962184,0.7071055555555555,0.0,3.070943389193629,0.5470226813421354,1.637399083399112,0.22681969926413154,0.19663471533616858,0.0004884003535457348,0.30349675205755394,0.40861556995559944,0.0,0.34999999999999976,0.44333489117997626,1.2655212311782622,0.2631753152240998,0.1898431217520353,0.0,0.46331827625885713,0.14999999999999997,0.0,3.12519283559323
481.0,30.12099191289805,0.29,44.03633333333334,120.0,0.5440087934742307,0.5892077777777778,0.0,2.289378556968155,0.2193813179415627,1.2879548721355876,0.1767998002380171,0.20758058751641498,0.0004736318368351937,0.2184977352921865,0.33856512914478004,0.0,0.34999999999999976,0.23762575256081137,1.5718348116752592,0.2192953250485034,0.19326780435545216,0.0,0.2516599718941722,0.15,0.0,2.9736836655341983
573.0,32.08089959459551,0.55,44.71514285714286,465.0,0.4078074553207267,0.6909511111111111,0.0,2.3000368734183043,0.5395473916078011,0.8975471564726658,0.2609648432432432,0.19739391977886975,0.0004885807355651105,0.22962470800829238,0.3520881313498157,0.0,0.34999999999999976,0.5004763185741886,1.1783007231190727,0.2571628451260583,0.1861135849454118,0.0,0.25389639946446696,0.15,0.0,2.8759498712291993
376.0,29.684316455669087,0.83,45.94763636363636,390.0,0.3325688931528859,0.65337,0.0,2.219945070940481,0.8510563469298754,0.626299937747027,0.19793138598737134,0.20728246930723154,0.0004958870772424531,0.1919001652538708,0.2905722264475676,0.0,0.34999999999999976,0.44333489117997626,0.9609097680197287,0.24317565370119704,0.19186474754847532,0.0,0.12000000000000008,0.14999999999999997,0.0,2.459285060449376
659.0,33.08691973859047,0.72,45.22292307692308,20.0,0.33845437999011246,0.6761377777777777,0.0,1.6339887915569127,0.1578677702835813,0.6296098390434653,0.23498013012745794,0.23195872140679444,0.0004903549874045945,0.21150107582810093,0.3256550168822379,0.0,0.34999999999999976,0.16143718270186133,0.9779150319150594,0.2516495188073921,0.20689739903703747,0.0,0.2522667567906759,0.15000000000000002,0.0,2.3501658892520254
813.0,30.9819061557174,0.94,45.832454545454546,315.0,0.4208982723396366,0.6813611111111111,0.0,2.257642239584802,0.3552058808460634,0.94281182119859,0.2630101050137093,0.2706433853035644,0.0005316708656482569,0.24512629062279673,0.3659493894790442,0.0,0.34999999999999976,0.38619346378576397,1.216124747565782,0.25359357423973894,0.22393786076365108,0.0,0.252420767774037,0.14999999999999997,0.0,2.8322704141289727
154.0,29.482856626369642,1.0,41.95275,180.0,0.7480531902113459,0.9012788888888889,0.0,6.48577505305142,0.3359047806706347,4.659250298170856,0.4185775374373599,0.20539193560172117,0.0005742595233245059,0.49720652391118353,0.8023509954536194,0.0,0.3499999999999998,0.2833388944761815,2.1613916162085416,0.3354440561590585,0.184547160221671,0.0,0.4644151567599414,0.3699999999999999,0.0,4.149136883825398
17.0,30.23701604374167,0.92,46.05142857142857,485.0,0.4304320177975528,0.6860555555555555,0.0,3.0465181771488363,0.6132388677141752,1.5287555750407962,0.22070503744135767,0.22329626426579585,0.0005371981397625749,0.29793113393709464,0.40441486366677537,0.0,0.3499999999999998,0.5157140325459791,1.2436711276540537,0.2553407842379664,0.192853852861219,0.0,0.25496080697192497,0.14999999999999997,0.0,2.962540604271143
710.0,29.996332872237044,0.44,45.69685714285715,385.0,0.3456044279446298,0.6693266666666666,0.0,2.1628921533954664,0.6643195154977763,0.6638553478620915,0.23351727470482125,0.2267002605613179,0.000476684839291571,0.20693543472449982,0.32482232351084334,0.0,0.34999999999999976,0.43952546268702913,0.9985740624580826,0.2491145135318576,0.03000000000000002,0.0,0.25,0.0,0.0,2.3172140386769673
272.0,33.03027455953246,0.7,45.86385714285714,15.0,0.44899613780744035,0.6911855555555556,0.0,2.1236466222396695,0.1411735707794096,1.0789758671416723,0.26828042367577754,0.21416709283216884,0.0005069597134778511,0.23901775940433556,0.3619908258161803,0.0,0.34999999999999976,0.15762775420891378,1.2973094703236756,0.25725010224076267,0.19943664064348623,0.0,0.253027525545383,0.15,0.0,2.66465149296222
774.0,34.486734652755835,0.8,45.1506,430.0,0.6208297122728957,0.9314577777777778,0.0,3.6343772543853827,0.8350325848019382,1.639117064362635,0.3840206105033449,0.22681929011078655,0.0005314956534182377,0.3091237753300183,0.48766289530964896,0.0,0.34999999999999976,0.4738103191235564,1.7937977576443278,0.3466762385878984,0.20654886673853548,0.0,0.4594239133763282,0.15000000000000002,0.0,3.78025709547065
261.0,29.988324403395684,0.76,45.0197,0.0,0.41464516073414903,0.5974422222222222,0.0,2.3571025526186458,0.6340350876165668,0.9122744951299797,0.18094947385836074,0.26554133226760285,0.00048640433865113525,0.19367572879209927,0.31258276525151923,0.0,0.34999999999999976,0.0,1.1980572850160949,0.22236007612468373,0.24474296157060293,0.0,0.12166731556346447,0.0,0.0,2.136827638274845
580.0,31.568905160549182,0.52,44.58414285714286,280.0,0.3318488099122482,0.6678355555555555,0.0,1.6111577117207565,0.22966468073799381,0.6009343623239574,0.22576217351118083,0.19729146065308842,0.0004748174813652413,0.19840832003138487,0.31233186527009527,0.0,0.34999999999999976,0.35952746433513144,0.9588291915317834,0.24855954174070488,0.18472771767604648,0.0,0.1215838369986453,0.15,0.0,2.3732277522823115
534.0,33.18045087640249,0.74,44.12285714285714,425.0,0.4451264177481152,0.7472688888888889,0.0,2.2032791016710354,0.2652672790326009,1.0897602476401789,0.2647691282109143,0.20011881425950087,0.000493146105532363,0.20691335629771707,0.33363395421007097,0.0,0.34999999999999976,0.47000089063060846,1.2861284733000062,0.2781235755331935,0.18395286446386203,0.0,0.2515069114095601,0.15000000000000002,0.0,2.969712715337233
279.0,29.778851405619278,0.67,44.80014285714285,450.0,0.447220520084044,0.7094322222222222,0.0,2.40851623264643,0.4971089052843096,1.0730907764856776,0.2439958407524583,0.2092003584010261,0.0004846782813168021,0.21083261869174857,0.3360638462847371,0.0,0.3499999999999998,0.48904803309534683,1.292179079448857,0.2640412697178958,0.19480105149130306,0.0,0.2558766537908503,0.14999999999999997,0.0,2.9959460875442536
426.0,33.695313172610255,0.59,45.75157142857143,275.0,0.46460663212211095,0.7077566666666667,0.0,2.361270500512059,0.39035764813358065,1.1072570468719853,0.22588711988868274,0.25029682697588124,0.0004807050389610389,0.20733688929128016,0.3405341061669758,0.0,0.34999999999999976,0.35571803584218387,1.342413738279632,0.26341765014929824,0.22283145574914648,0.0,0.25222582884497313,0.15,0.0,2.936606708865235
991.0,31.05357965575471,0.56,44.575,45.0,0.35944399969101465,0.6702033333333334,0.0,1.9014753743231516,0.168792867776338,0.9260083151789582,0.21121432717750827,0.23419283869054022,0.0004683678610804851,0.20261562993384785,0.31300021308028503,0.0,0.34999999999999976,0.18048432516659896,1.038561505511566,0.2494407972451363,0.2107767661542185,0.0,0.25885566182863684,0.14999999999999997,0.0,2.438119055906156
514.0,30.808274364582637,0.84,44.7794,50.0,0.5146789226918799,0.79665,0.0,2.305010860382281,0.21836197265524387,1.1787427332359692,0.28257794543254183,0.213021015295212,0.0005207216625631181,0.2407003301005717,0.35411407540162737,0.0,0.3499999999999998,0.18429375365954653,1.4870903875581143,0.2965025705512322,0.19073283154512405,0.0,0.2540573515582457,0.14999999999999997,0.0,2.912676894872263
419.0,34.16462897288435,0.63,45.01114285714286,35.0,0.6177137141268075,0.9308877777777778,0.0,2.9004538020491215,0.1871464976010281,1.6218536612166212,0.3786958185777524,0.22478233840496928,0.0005193150078537769,0.2964786236684278,0.4247809709910038,0.0,0.34999999999999976,0.17286546818070384,1.7847945311930489,0.3464640921431438,0.20604550118175197,0.0,0.2514635019171344,0.15000000000000002,0.0,3.261633094615778
10.0,30.933543941235566,0.95,45.21472727272727,265.0,0.42862732431096273,0.5098211111111111,0.0,2.645931004720527,0.3728082304122917,1.4293390040932437,0.15718015955429113,0.23333737863053966,0.0005359262683736367,0.2987551347162952,0.3935676766021335,0.0,0.3499999999999998,0.3480991788562891,1.2384567265622808,0.18974865997078985,0.20117989234359618,0.0,0.2532327366107799,0.14999999999999997,0.0,2.730717194343734
529.0,30.152294908615797,0.77,44.5969,230.0,0.5883306476949697,0.9376122222222222,0.0,3.245382658155099,0.36376466751417624,1.714620300817282,0.40191049645966814,0.2044259642031913,0.0005470030967635945,0.31450141348776073,0.5037590868618834,0.0,0.34999999999999976,0.3214331794056563,1.699896405932288,0.3489668412340953,0.18444340545450608,0.0,0.46243686429628406,0.14999999999999997,0.0,3.5171766963228315
724.0,31.50504759358072,0.36,45.047,190.0,0.44255729124953647,0.7143677777777778,0.0,2.3975833959822603,0.46351302468395794,1.0907232821714463,0.24835373038240321,0.2005072171450395,0.0004756617985387844,0.214396095631898,0.3426400100567343,0.0,0.34999999999999976,0.29095775146207636,1.2787053534635175,0.26587821807579554,0.03730492110423343,0.0,0.2547611418314621,0.018929143626403456,0.0,2.496536529563488
