t_s,t_h,soc,soc_pct,v_term_V,temp_C,p_total_W,scenario_id,scenario_title_zh,soc0,dt_s,seed,status
0.0,0.0,1.0,100.0,4.2,25.0,4.092934876861699,S3_gaming,游戏（高 CPU/GPU 负载）,1.0,5.0,1,cutoff
5.0,0.001388888888888889,0.9996549756022156,99.96549756022156,4.117524438724347,25.06309399331259,4.092934876861699,S3_gaming,游戏（高 CPU/GPU 负载）,1.0,5.0,1,cutoff
10.0,0.002777777777777778,0.9993097109460108,99.93097109460109,4.114794463541876,25.125695890227565,4.092934876861699,S3_gaming,游戏（高 CPU/GPU 负载）,1.0,5.0,1,cutoff
15.0,0.004166666666666667,0.9989642276342083,99.89642276342083,4.112309906681006,25.187816287704205,4.092934876861699,S3_gaming,游戏（高 CPU/GPU 负载）,1.0,5.0,1,cutoff
20.0,0.005555555555555556,0.9986185448101563,99.86185448101563,4.110042337644156,25.249463163380323,4.092934876861699,S3_gaming,游戏（高 CPU/GPU 负载）,1.0,5.0,1,cutoff
25.0,0.006944444444444444,0.9982726794304796,99.82726794304796,4.1079665829605,25.310642572965186,4.092934876861699,S3_gaming,游戏（高 CPU/GPU 负载）,1.0,5.0,1,cutoff
30.0,0.008333333333333333,0.9979266465087345,99.79266465087345,4.106060356470141,25.371359181008266,4.092934876861699,S3_gaming,游戏（高 CPU/GPU 负载）,1.0,5.0,1,cutoff
35.0,0.009722222222222222,0.9975804593328437,99.75804593328436,4.104303931126241,25.431616662817003,4.092934876861699,S3_gaming,游戏（高 CPU/GPU 负载）,1.0,5.0,1,cutoff
40.0,0.011111111111111112,0.9972341296589499,99.72341296589498,4.102679847719598,25.49141800696312,4.092934876861699,S3_gaming,游戏（高 CPU/GPU 负载）,1.0,5.0,1,cutoff
45.0,0.0125,0.9968876678841034,99.68876678841035,4.101172656427148,25.550765741293137,4.092934876861699,S3_gaming,游戏（高 CPU/GPU 负载）,1.0,5.0,1,cutoff
50.0,0.013888888888888888,0.9965410831999766,99.65410831999766,4.099768687531376,25.609662100255964,4.092934876861699,S3_gaming,游戏（高 CPU/GPU 负载）,1.0,5.0,1,cutoff
55.0,0.015277777777777777,0.9961943837295976,99.61943837295976,4.098455848056872,25.668109147372398,4.092934876861699,S3_gaming,游戏（高 CPU/GPU 负载）,1.0,5.0,1,cutoff
60.0,0.016666666666666666,0.9958475766489064,99.58475766489065,4.097223441427165,25.726108863557666,4.092934876861699,S3_gaming,游戏（高 CPU/GPU 负载）,1.0,5.0,1,cutoff
65.0,0.018055555555555554,0.9955006682947564,99.55006682947564,4.096062007563934,25.783663209579288,4.092934876861699,S3_gaming,游戏（高 CPU/GPU 负载）,1.0,5.0,1,cutoff
70.0,0.019444444444444445,0.9951536642608237,99.51536642608238,4.094963181135345,25.84077416904011,4.092934876861699,S3_gaming,游戏（高 CPU/GPU 负载）,1.0,5.0,1,cutoff
75.0,0.020833333333333332,0.9948065694827428,99.48065694827429,4.09391956591416,25.89744377680365,4.092934876861699,S3_gaming,游戏（高 CPU/GPU 负载）,1.0,5.0,1,cutoff
80.0,0.022222222222222223,0.9944593883136419,99.44593883136419,4.092924623432646,25.95367413663429,4.092934876861699,S3_gaming,游戏（高 CPU/GPU 负载）,1.0,5.0,1,cutoff
85.0,0.02361111111111111,0.9941121245911385,99.41121245911386,4.0919725743229,26.009467430936613,4.092934876861699,S3_gaming,游戏（高 CPU/GPU 负载）,1.0,5.0,1,cutoff
90.0,0.025,0.9937647816967381,99.37647816967382,4.091058310910829,26.06482592479019,4.092934876861699,S3_gaming,游戏（高 CPU/GPU 负载）,1.0,5.0,1,cutoff
95.0,0.02638888888888889,0.9934173626084799,99.341736260848,4.090177319791864,26.119751965943955,4.092934876861699,S3_gaming,游戏（高 CPU/GPU 负载）,1.0,5.0,1,cutoff
100.0,0.027777777777777776,0.9930698699475836,99.30698699475836,4.089325613258732,26.174247982023967,4.092934876861699,S3_gaming,游戏（高 CPU/GPU 负载）,1.0,5.0,1,cutoff
105.0,0.029166666666666667,0.992722306019769,99.2722306019769,4.088499668578158,26.228316475892345,4.092934876861699,S3_gaming,游戏（高 CPU/GPU 负载）,1.0,5.0,1,cutoff
110.0,0.030555555555555555,0.9923746728518461,99.23746728518461,4.087696374225933,26.281960019852935,4.092934876861699,S3_gaming,游戏（高 CPU/GPU 负载）,1.0,5.0,1,cutoff
115.0,0.03194444444444444,0.9920269722241111,99.2026972224111,4.086912982289837,26.335181249213747,4.092934876861699,S3_gaming,游戏（高 CPU/GPU 负载）,1.0,5.0,1,cutoff
120.0,0.03333333333333333,0.9916792056990196,99.16792056990195,4.086147066338837,26.38798285557518,4.092934876861699,S3_gaming,游戏（高 CPU/GPU 负载）,1.0,5.0,1,cutoff
125.0,0.034722222222222224,0.9913313746465615,99.13313746465616,4.08539648413608,26.44036758010593,4.092934876861699,S3_gaming,游戏（高 CPU/GPU 负载）,1.0,5.0,1,cutoff
130.0,0.03611111111111111,0.990983480266711,99.0983480266711,4.084659344643383,26.492338206987835,4.092934876861699,S3_gaming,游戏（高 CPU/GPU 负载）,1.0,5.0,1,cutoff
135.0,0.0375,0.9906355236092849,99.06355236092848,4.083933978827368,26.543897557150583,4.092934876861699,S3_gaming,游戏（高 CPU/GPU 负载）,1.0,5.0,1,cutoff
140.0,0.03888888888888889,0.9902875055915054,99.02875055915054,4.083218913832774,26.59504848237228,4.092934876861699,S3_gaming,游戏（高 CPU/GPU 负载）,1.0,5.0,1,cutoff
145.0,0.04027777777777778,0.9899394270135302,98.99394270135302,4.082512850137707,26.645793859789077,4.092934876861699,S3_gaming,游戏（高 CPU/GPU 负载）,1.0,5.0,1,cutoff
150.0,0.041666666666666664,0.9895912885721819,98.95912885721819,4.081814641349261,26.69613658683307,4.092934876861699,S3_gaming,游戏（高 CPU/GPU 负载）,1.0,5.0,1,cutoff
155.0,0.043055555555555555,0.9892430908730838,98.92430908730839,4.08112327633676,26.74607957660087,4.092934876861699,S3_gaming,游戏（高 CPU/GPU 负载）,1.0,5.0,1,cutoff
160.0,0.044444444444444446,0.9888948344413854,98.88948344413853,4.0804378634342715,26.795625753643318,4.092934876861699,S3_gaming,游戏（高 CPU/GPU 负载）,1.0,5.0,1,cutoff
165.0,0.04583333333333333,0.98854651973124,98.85465197312399,4.079757616474558,26.844778050158993,4.092934876861699,S3_gaming,游戏（高 CPU/GPU 负载）,1.0,5.0,1,cutoff
170.0,0.04722222222222222,0.988198147134178,98.8198147134178,4.0790818424438235,26.893539402569143,4.092934876861699,S3_gaming,游戏（高 CPU/GPU 负载）,1.0,5.0,1,cutoff
175.0,0.04861111111111111,0.9878497169865038,98.78497169865038,4.078409930570528,26.941912748448747,4.092934876861699,S3_gaming,游戏（高 CPU/GPU 负载）,1.0,5.0,1,cutoff
180.0,0.05,0.987501229575829,98.7501229575829,4.077741342682974,26.989901023787116,4.092934876861699,S3_gaming,游戏（高 CPU/GPU 负载）,1.0,5.0,1,cutoff
185.0,0.05138888888888889,0.9871526851468414,98.71526851468414,4.077075604689225,27.037507160551144,4.092934876861699,S3_gaming,游戏（高 CPU/GPU 负载）,1.0,5.0,1,cutoff
190.0,0.05277777777777778,0.9868040839064,98.68040839064,4.0764122990496725,27.084734084524843,4.092934876861699,S3_gaming,游戏（高 CPU/GPU 负载）,1.0,5.0,1,cutoff
195.0,0.05416666666666667,0.9864554260280318,98.64554260280318,4.07575105812746,27.13158471339988,4.092934876861699,S3_gaming,游戏（高 CPU/GPU 负载）,1.0,5.0,1,cutoff
200.0,0.05555555555555555,0.9861067116559026,98.61067116559026,4.0750915583151315,27.178061955093096,4.092934876861699,S3_gaming,游戏（高 CPU/GPU 负载）,1.0,5.0,1,cutoff
205.0,0.05694444444444444,0.9857579409083205,98.57579409083205,4.074433514847541,27.224168706268642,4.092934876861699,S3_gaming,游戏（高 CPU/GPU 负载）,1.0,5.0,1,cutoff
210.0,0.058333333333333334,0.9854091138808284,98.54091138808285,4.0737766772214155,27.269907851043953,4.092934876861699,S3_gaming,游戏（高 CPU/GPU 负载）,1.0,5.0,1,cutoff
215.0,0.059722222222222225,0.9850602306489327,98.50602306489327,4.073120825151124,27.315282259860442,4.092934876861699,S3_gaming,游戏（高 CPU/GPU 负载）,1.0,5.0,1,cutoff
220.0,0.06111111111111111,0.98471129127051,98.471129127051,4.0724657649983085,27.360294788501523,4.092934876861699,S3_gaming,游戏（高 CPU/GPU 负载）,1.0,5.0,1,cutoff
225.0,0.0625,0.9843622957879313,98.43622957879313,4.071811326620278,27.404948277242017,4.092934876861699,S3_gaming,游戏（高 CPU/GPU 负载）,1.0,5.0,1,cutoff
230.0,0.06388888888888888,0.9840132442299343,98.40132442299343,4.071157360588342,27.44924555011464,4.092934876861699,S3_gaming,游戏（高 CPU/GPU 负载）,1.0,5.0,1,cutoff
235.0,0.06527777777777778,0.9836641366132752,98.36641366132753,4.070503735732993,27.493189414280554,4.092934876861699,S3_gaming,游戏（高 CPU/GPU 负载）,1.0,5.0,1,cutoff
240.0,0.06666666666666667,0.9833149729441855,98.33149729441854,4.069850336977791,27.536782659492367,4.092934876861699,S3_gaming,游戏（高 CPU/GPU 负载）,1.0,5.0,1,cutoff
245.0,0.06805555555555555,0.9829657532196553,98.29657532196553,4.069197063428195,27.58002805763906,4.092934876861699,S3_gaming,游戏（高 CPU/GPU 负载）,1.0,5.0,1,cutoff
250.0,0.06944444444444445,0.9826164774285658,98.26164774285658,4.0685438266855956,27.622928362363524,4.092934876861699,S3_gaming,游戏（高 CPU/GPU 负载）,1.0,5.0,1,cutoff
255.0,0.07083333333333333,0.9822671455526867,98.22671455526867,4.067890549360122,27.665486308744317,4.092934876861699,S3_gaming,游戏（高 CPU/GPU 负载）,1.0,5.0,1,cutoff
260.0,0.07222222222222222,0.981917757567555,98.19177575675549,4.067237163759,27.707704613034156,4.092934876861699,S3_gaming,游戏（高 CPU/GPU 负载）,1.0,5.0,1,cutoff
265.0,0.07361111111111111,0.98156831344325,98.156831344325,4.066583610729836,27.749585972448532,4.092934876861699,S3_gaming,游戏（高 CPU/GPU 负载）,1.0,5.0,1,cutoff
270.0,0.075,0.9812188131450759,98.12188131450759,4.065929838640677,27.79113306499849,4.092934876861699,S3_gaming,游戏（高 CPU/GPU 负载）,1.0,5.0,1,cutoff
275.0,0.0763888888888889,0.9808692566341622,98.08692566341622,4.065275802480757,27.83234854936237,4.092934876861699,S3_gaming,游戏（高 CPU/GPU 负载）,1.0,5.0,1,cutoff
280.0,0.07777777777777778,0.980519643867994,98.0519643867994,4.064621463067759,27.87323506479178,4.092934876861699,S3_gaming,游戏（高 CPU/GPU 负载）,1.0,5.0,1,cutoff
285.0,0.07916666666666666,0.9801699748008772,98.01699748008772,4.063966786349036,27.91379523104773,4.092934876861699,S3_gaming,游戏（高 CPU/GPU 负载）,1.0,5.0,1,cutoff
290.0,0.08055555555555556,0.9798202493843499,97.98202493843499,4.06331174278576,27.95403164836321,4.092934876861699,S3_gaming,游戏（高 CPU/GPU 负载）,1.0,5.0,1,cutoff
295.0,0.08194444444444444,0.9794704675675427,97.94704675675428,4.062656306810184,27.993946897428994,4.092934876861699,S3_gaming,游戏（高 CPU/GPU 负载）,1.0,5.0,1,cutoff
300.0,0.08333333333333333,0.9791206292974975,97.91206292974975,4.06200045634742,28.03354353939979,4.092934876861699,S3_gaming,游戏（高 CPU/GPU 负载）,1.0,5.0,1,cutoff
305.0,0.08472222222222223,0.9787707345194465,97.87707345194465,4.061344172394096,28.07282411591819,4.092934876861699,S3_gaming,游戏（高 CPU/GPU 负载）,1.0,5.0,1,cutoff
310.0,0.08611111111111111,0.9784207831770585,97.84207831770586,4.060687438647187,28.1117911491542,4.092934876861699,S3_gaming,游戏（高 CPU/GPU 负载）,1.0,5.0,1,cutoff
315.0,0.0875,0.9780707752126554,97.80707752126554,4.0600302411770555,28.150447141858322,4.092934876861699,S3_gaming,游戏（高 CPU/GPU 负载）,1.0,5.0,1,cutoff
320.0,0.08888888888888889,0.9777207105674025,97.77207105674024,4.059372568139517,28.1887945774265,4.092934876861699,S3_gaming,游戏（高 CPU/GPU 负载）,1.0,5.0,1,cutoff
325.0,0.09027777777777778,0.9773705891814756,97.73705891814755,4.058714409522242,28.226835919975308,4.092934876861699,S3_gaming,游戏（高 CPU/GPU 负载）,1.0,5.0,1,cutoff
330.0,0.09166666666666666,0.9770204109942079,97.70204109942078,4.058055756921478,28.264573614426098,4.092934876861699,S3_gaming,游戏（高 CPU/GPU 负载）,1.0,5.0,1,cutoff
335.0,0.09305555555555556,0.9766701759442192,97.66701759442192,4.057396603345466,28.302010086596844,4.092934876861699,S3_gaming,游戏（高 CPU/GPU 负载）,1.0,5.0,1,cutoff
340.0,0.09444444444444444,0.9763198839695295,97.63198839695295,4.056736943041377,28.339147743300643,4.092934876861699,S3_gaming,游戏（高 CPU/GPU 负载）,1.0,5.0,1,cutoff
345.0,0.09583333333333334,0.975969535007658,97.5969535007658,4.056076771342998,28.375988972449957,4.092934876861699,S3_gaming,游戏（高 CPU/GPU 负载）,1.0,5.0,1,cutoff
350.0,0.09722222222222222,0.9756191289957109,97.56191289957108,4.055416084536662,28.41253614316575,4.092934876861699,S3_gaming,游戏（高 CPU/GPU 负载）,1.0,5.0,1,cutoff
355.0,0.09861111111111111,0.9752686658704576,97.52686658704576,4.054754879743275,28.44879160589079,4.092934876861699,S3_gaming,游戏（高 CPU/GPU 负载）,1.0,5.0,1,cutoff
360.0,0.1,0.9749181455683982,97.49181455683981,4.05409315481452,28.484757692506534,4.092934876861699,S3_gaming,游戏（高 CPU/GPU 负载）,1.0,5.0,1,cutoff
365.0,0.10138888888888889,0.9745675680258221,97.4567568025822,4.053430908241546,28.52043671645294,4.092934876861699,S3_gaming,游戏（高 CPU/GPU 负载）,1.0,5.0,1,cutoff
370.0,0.10277777777777777,0.9742169331788595,97.42169331788595,4.052768139074622,28.555830972850828,4.092934876861699,S3_gaming,游戏（高 CPU/GPU 负载）,1.0,5.0,1,cutoff
375.0,0.10416666666666667,0.9738662409635264,97.38662409635263,4.052104846852507,28.59094273862623,4.092934876861699,S3_gaming,游戏（高 CPU/GPU 负载）,1.0,5.0,1,cutoff
380.0,0.10555555555555556,0.9735154913157641,97.3515491315764,4.051441031540315,28.625774272636484,4.092934876861699,S3_gaming,游戏（高 CPU/GPU 负载）,1.0,5.0,1,cutoff
385.0,0.10694444444444444,0.9731646841714737,97.31646841714738,4.050776693474883,28.66032781579763,4.092934876861699,S3_gaming,游戏（高 CPU/GPU 负载）,1.0,5.0,1,cutoff
390.0,0.10833333333333334,0.9728138194665459,97.28138194665459,4.050111833316761,28.69460559121285,4.092934876861699,S3_gaming,游戏（高 CPU/GPU 负载）,1.0,5.0,1,cutoff
395.0,0.10972222222222222,0.972462897136887,97.24628971368871,4.049446452007991,28.728609804301726,4.092934876861699,S3_gaming,游戏（高 CPU/GPU 负载）,1.0,5.0,1,cutoff
400.0,0.1111111111111111,0.9721119171184424,97.21119171184424,4.04878055073502,28.76234264293005,4.092934876861699,S3_gaming,游戏（高 CPU/GPU 负载）,1.0,5.0,1,cutoff
405.0,0.1125,0.9717608793472153,97.17608793472154,4.048114130896096,28.795806277540002,4.092934876861699,S3_gaming,游戏（高 CPU/GPU 负载）,1.0,5.0,1,cutoff
410.0,0.11388888888888889,0.971409783759285,97.1409783759285,4.04744719407264,28.829002861280518,4.092934876861699,S3_gaming,游戏（高 CPU/GPU 负载）,1.0,5.0,1,cutoff
415.0,0.11527777777777778,0.9710586302908208,97.10586302908209,4.046779742004092,28.861934530137724,4.092934876861699,S3_gaming,游戏（高 CPU/GPU 负载）,1.0,5.0,1,cutoff
420.0,0.11666666666666667,0.9707074188780956,97.07074188780956,4.046111776565827,28.89460340306527,4.092934876861699,S3_gaming,游戏（高 CPU/GPU 负载）,1.0,5.0,1,cutoff
425.0,0.11805555555555555,0.9703561494574966,97.03561494574966,4.04544329974977,28.927011582114456,4.092934876861699,S3_gaming,游戏（高 CPU/GPU 负载）,1.0,5.0,1,cutoff
430.0,0.11944444444444445,0.9700048219655346,97.00048219655346,4.044774313647361,28.959161152564086,4.092934876861699,S3_gaming,游戏（高 CPU/GPU 负载）,1.0,5.0,1,cutoff
435.0,0.12083333333333333,0.9696534363388527,96.96534363388527,4.044104820434644,28.991054183049886,4.092934876861699,S3_gaming,游戏（高 CPU/GPU 负载）,1.0,5.0,1,cutoff
440.0,0.12222222222222222,0.9693019925142328,96.93019925142328,4.043434822359148,29.02269272569351,4.092934876861699,S3_gaming,游戏（高 CPU/GPU 负载）,1.0,5.0,1,cutoff
445.0,0.12361111111111112,0.9689504904286015,96.89504904286015,4.042764321728415,29.054078816230973,4.092934876861699,S3_gaming,游戏（高 CPU/GPU 负载）,1.0,5.0,1,cutoff
450.0,0.125,0.9685989300190353,96.85989300190353,4.042093320899914,29.08521447414053,4.092934876861699,S3_gaming,游戏（高 CPU/GPU 负载）,1.0,5.0,1,cutoff
455.0,0.12638888888888888,0.9682473112227646,96.82473112227646,4.041421822272224,29.1161017027699,4.092934876861699,S3_gaming,游戏（高 CPU/GPU 负载）,1.0,5.0,1,cutoff
460.0,0.12777777777777777,0.9678956339771771,96.78956339771771,4.040749828277305,29.146742489462827,4.092934876861699,S3_gaming,游戏（高 CPU/GPU 负载）,1.0,5.0,1,cutoff
465.0,0.12916666666666668,0.9675438982198207,96.75438982198207,4.040077341373728,29.177138805684912,4.092934876861699,S3_gaming,游戏（高 CPU/GPU 负载）,1.0,5.0,1,cutoff
470.0,0.13055555555555556,0.9671921038884054,96.71921038884054,4.0394043640407435,29.20729260714872,4.092934876861699,S3_gaming,游戏（高 CPU/GPU 负载）,1.0,5.0,1,cutoff
475.0,0.13194444444444445,0.9668402509208056,96.68402509208056,4.038730898773123,29.237205833938095,4.092934876861699,S3_gaming,游戏（高 CPU/GPU 负载）,1.0,5.0,1,cutoff
480.0,0.13333333333333333,0.9664883392550613,96.64883392550612,4.0380569480766075,29.26688041063171,4.092934876861699,S3_gaming,游戏（高 CPU/GPU 负载）,1.0,5.0,1,cutoff
485.0,0.13472222222222222,0.9661363688293788,96.61363688293788,4.037382514463972,29.296318246425788,4.092934876861699,S3_gaming,游戏（高 CPU/GPU 负载）,1.0,5.0,1,cutoff
490.0,0.1361111111111111,0.9657843395821317,96.57843395821317,4.036707600451561,29.325521235256,4.092934876861699,S3_gaming,游戏（高 CPU/GPU 负载）,1.0,5.0,1,cutoff
495.0,0.1375,0.9654322514518613,96.54322514518613,4.036032208556295,29.354491255918536,4.092934876861699,S3_gaming,游戏（高 CPU/GPU 负载）,1.0,5.0,1,cutoff
500.0,0.1388888888888889,0.9650801043772763,96.50801043772763,4.0353563412930376,29.383230172190306,4.092934876861699,S3_gaming,游戏（高 CPU/GPU 负载）,1.0,5.0,1,cutoff
505.0,0.14027777777777778,0.9647278982972535,96.47278982972534,4.034680001172318,29.41173983294832,4.092934876861699,S3_gaming,游戏（高 CPU/GPU 负载）,1.0,5.0,1,cutoff
510.0,0.14166666666666666,0.9643756331508366,96.43756331508366,4.034003190698363,29.440022072288173,4.092934876861699,S3_gaming,游戏（高 CPU/GPU 负载）,1.0,5.0,1,cutoff
515.0,0.14305555555555555,0.9640233088772369,96.40233088772369,4.0333259123673635,29.468078709641677,4.092934876861699,S3_gaming,游戏（高 CPU/GPU 负载）,1.0,5.0,1,cutoff
520.0,0.14444444444444443,0.9636709254158315,96.36709254158316,4.032648168665993,29.49591154989363,4.092934876861699,S3_gaming,游戏（高 CPU/GPU 负载）,1.0,5.0,1,cutoff
525.0,0.14583333333333334,0.9633184827061638,96.33184827061638,4.031969962070127,29.523522383497706,4.092934876861699,S3_gaming,游戏（高 CPU/GPU 负载）,1.0,5.0,1,cutoff
530.0,0.14722222222222223,0.962965980687942,96.2965980687942,4.031291295043731,29.55091298659147,4.092934876861699,S3_gaming,游戏（高 CPU/GPU 负载）,1.0,5.0,1,cutoff
535.0,0.1486111111111111,0.9626134193010384,96.26134193010384,4.030612170037909,29.578085121110533,4.092934876861699,S3_gaming,游戏（高 CPU/GPU 负载）,1.0,5.0,1,cutoff
540.0,0.15,0.9622195156581081,96.22195156581081,4.020725226775121,29.614299641075128,4.561864228444583,S3_gaming,游戏（高 CPU/GPU 负载）,1.0,5.0,1,cutoff
545.0,0.15138888888888888,0.9618434144161083,96.18434144161083,4.023718013298323,29.64622187229958,4.358833113752089,S3_gaming,游戏（高 CPU/GPU 负载）,1.0,5.0,1,cutoff
550.0,0.1527777777777778,0.9614682365721674,96.14682365721674,4.023111911825639,29.67766974865033,4.3474638383754955,S3_gaming,游戏（高 CPU/GPU 负载）,1.0,5.0,1,cutoff
555.0,0.15416666666666667,0.9610934616496428,96.10934616496428,4.02241027969946,29.708763417663963,4.342028830939376,S3_gaming,游戏（高 CPU/GPU 负载）,1.0,5.0,1,cutoff
560.0,0.15555555555555556,0.9607188412452837,96.07188412452837,4.021667464931788,29.73956111968823,4.339430661324142,S3_gaming,游戏（高 CPU/GPU 负载）,1.0,5.0,1,cutoff
565.0,0.15694444444444444,0.960344256966592,96.0344256966592,4.020908845656644,29.770091524974493,4.338188623400761,S3_gaming,游戏（高 CPU/GPU 负载）,1.0,5.0,1,cutoff
570.0,0.15833333333333333,0.9599696525288193,95.99696525288192,4.020146032798365,29.8003691846889,4.337594875327475,S3_gaming,游戏（高 CPU/GPU 负载）,1.0,5.0,1,cutoff
575.0,0.1597222222222222,0.9596164995929064,95.96164995929064,4.024162670414625,29.82558724423792,4.093194834487238,S3_gaming,游戏（高 CPU/GPU 负载）,1.0,5.0,1,cutoff
580.0,0.16111111111111112,0.9592633068187416,95.92633068187416,4.02356903911213,29.850597612297825,4.093059147897546,S3_gaming,游戏（高 CPU/GPU 负载）,1.0,5.0,1,cutoff
585.0,0.1625,0.9589100669057079,95.89100669057079,4.022962740276508,29.875403848874964,4.092994283814345,S3_gaming,游戏（高 CPU/GPU 负载）,1.0,5.0,1,cutoff
590.0,0.1638888888888889,0.9585567759258107,95.85567759258107,4.022345808395797,29.900008692791832,4.092963275965309,S3_gaming,游戏（高 CPU/GPU 负载）,1.0,5.0,1,cutoff
595.0,0.16527777777777777,0.9582034316143835,95.82034316143834,4.0217197613060875,29.92441445627839,4.092948452866694,S3_gaming,游戏（高 CPU/GPU 负载）,1.0,5.0,1,cutoff
600.0,0.16666666666666666,0.9578500325465515,95.78500325465515,4.021085802096694,29.948623217316438,4.092941366781738,S3_gaming,游戏（高 CPU/GPU 负载）,1.0,5.0,1,cutoff
605.0,0.16805555555555557,0.9574965777379599,95.74965777379599,4.020444924024869,29.972636914788662,4.092937979325357,S3_gaming,游戏（高 CPU/GPU 负载）,1.0,5.0,1,cutoff
610.0,0.16944444444444445,0.957143066449032,95.7143066449032,4.019797968036853,29.996457396728683,4.092936359974078,S3_gaming,游戏（高 CPU/GPU 负载）,1.0,5.0,1,cutoff
615.0,0.17083333333333334,0.9567894980871388,95.67894980871388,4.019145656725312,30.020086445780144,4.092935585853833,S3_gaming,游戏（高 CPU/GPU 负载）,1.0,5.0,1,cutoff
620.0,0.17222222222222222,0.9564358721561071,95.64358721561071,4.018488616224197,30.043525793443482,4.092935215790733,S3_gaming,游戏（高 CPU/GPU 负载）,1.0,5.0,1,cutoff
625.0,0.1736111111111111,0.9560821882288235,95.60821882288235,4.017827391636263,30.06677712869075,4.092935038884498,S3_gaming,游戏（高 CPU/GPU 负载）,1.0,5.0,1,cutoff
630.0,0.175,0.9557284459312841,95.57284459312841,4.017162458754049,30.089842103654487,4.092934954315634,S3_gaming,游戏（高 CPU/GPU 负载）,1.0,5.0,1,cutoff
635.0,0.1763888888888889,0.955374644932472,95.5374644932472,4.016494233469854,30.11272233771672,4.092934913888044,S3_gaming,游戏（高 CPU/GPU 负载）,1.0,5.0,1,cutoff
640.0,0.17777777777777778,0.9550207849373309,95.5020784937331,4.0158230796083645,30.135419420659556,4.0929348945619,S3_gaming,游戏（高 CPU/GPU 负载）,1.0,5.0,1,cutoff
645.0,0.17916666666666667,0.9546668656814915,95.46668656814916,4.0151493155911115,30.157934915217304,4.092934885323164,S3_gaming,游戏（高 CPU/GPU 负载）,1.0,5.0,1,cutoff
650.0,0.18055555555555555,0.9543128869270735,95.43128869270735,4.014473220179591,30.180270359212635,4.092934880906647,S3_gaming,游戏（高 CPU/GPU 负载）,1.0,5.0,1,cutoff
655.0,0.18194444444444444,0.9539588484592108,95.39588484592107,4.013795037460001,30.20242726738144,4.09293487879536,S3_gaming,游戏（高 CPU/GPU 负载）,1.0,5.0,1,cutoff
660.0,0.18333333333333332,0.9536047500831052,95.36047500831052,4.013114981186889,30.22440713295126,4.092934877786073,S3_gaming,游戏（高 CPU/GPU 负载）,1.0,5.0,1,cutoff
665.0,0.18472222222222223,0.953250591621493,95.3250591621493,4.012433238576314,30.246211429017055,4.092934877303589,S3_gaming,游戏（高 CPU/GPU 负载）,1.0,5.0,1,cutoff
670.0,0.18611111111111112,0.9528963729124481,95.28963729124482,4.011749973622129,30.267841609746394,4.092934877072942,S3_gaming,游戏（高 CPU/GPU 负载）,1.0,5.0,1,cutoff
675.0,0.1875,0.9525420938074708,95.25420938074708,4.011065329997066,30.289299111438847,4.0929348769626825,S3_gaming,游戏（高 CPU/GPU 负载）,1.0,5.0,1,cutoff
680.0,0.18888888888888888,0.9521877541698179,95.2187754169818,4.010379433591398,30.310585353459768,4.092934876909974,S3_gaming,游戏（高 CPU/GPU 负载）,1.0,5.0,1,cutoff
685.0,0.19027777777777777,0.951833353873045,95.1833353873045,4.009692394734721,30.331701739065252,4.092934876884776,S3_gaming,游戏（高 CPU/GPU 负载）,1.0,5.0,1,cutoff
690.0,0.19166666666666668,0.9514788927997303,95.14788927997303,4.009004310140545,30.352649656132538,4.0929348768727305,S3_gaming,游戏（高 CPU/GPU 负载）,1.0,5.0,1,cutoff
695.0,0.19305555555555556,0.9511243708403592,95.11243708403592,4.008315264608244,30.37343047780806,4.092934876866972,S3_gaming,游戏（高 CPU/GPU 负载）,1.0,5.0,1,cutoff
700.0,0.19444444444444445,0.9507697878923475,95.07697878923474,4.007625332512609,30.394045563083694,4.09293487686422,S3_gaming,游戏（高 CPU/GPU 负载）,1.0,5.0,1,cutoff
705.0,0.19583333333333333,0.9504151438591871,95.04151438591872,4.006934579107455,30.414496257310322,4.092934876862904,S3_gaming,游戏（高 CPU/GPU 负载）,1.0,5.0,1,cutoff
710.0,0.19722222222222222,0.9500604386496985,95.00604386496985,4.006243061666441,30.434783892656647,4.092934876862275,S3_gaming,游戏（高 CPU/GPU 负载）,1.0,5.0,1,cutoff
715.0,0.1986111111111111,0.9497056721773754,94.97056721773754,4.005550830481369,30.454909788520144,4.092934876861975,S3_gaming,游戏（高 CPU/GPU 负载）,1.0,5.0,1,cutoff
720.0,0.2,0.9493508443598131,94.93508443598131,4.004857929735736,30.474875251896147,4.092934876861831,S3_gaming,游戏（高 CPU/GPU 负载）,1.0,5.0,1,cutoff
725.0,0.2013888888888889,0.9489959551182064,94.89959551182065,4.00416439826906,30.494681577710296,4.0929348768617615,S3_gaming,游戏（高 CPU/GPU 负载）,1.0,5.0,1,cutoff
730.0,0.20277777777777778,0.9486410043769118,94.86410043769118,4.003470270245623,30.514330049118918,4.092934876861729,S3_gaming,游戏（高 CPU/GPU 负载）,1.0,5.0,1,cutoff
735.0,0.20416666666666666,0.9482859920630629,94.82859920630628,4.0027755757395465,30.5338219377813,4.0929348768617135,S3_gaming,游戏（高 CPU/GPU 负载）,1.0,5.0,1,cutoff
740.0,0.20555555555555555,0.947930918106235,94.7930918106235,4.002080341246622,30.553158504107348,4.0929348768617055,S3_gaming,游戏（高 CPU/GPU 负载）,1.0,5.0,1,cutoff
745.0,0.20694444444444443,0.9475757824381512,94.75757824381512,4.001384590132072,30.57234099748362,4.092934876861702,S3_gaming,游戏（高 CPU/GPU 负载）,1.0,5.0,1,cutoff
750.0,0.20833333333333334,0.9472205849924248,94.72205849924248,4.000688343022212,30.591370656480454,4.0929348768617,S3_gaming,游戏（高 CPU/GPU 负载）,1.0,5.0,1,cutoff
755.0,0.20972222222222223,0.9468653257043343,94.68653257043343,3.9999916181470447,30.61024870904239,4.092934876861699,S3_gaming,游戏（高 CPU/GPU 负载）,1.0,5.0,1,cutoff
760.0,0.2111111111111111,0.9465100045106267,94.65100045106267,3.9992944316399095,30.62897637266406,4.092934876861699,S3_gaming,游戏（高 CPU/GPU 负载）,1.0,5.0,1,cutoff
765.0,0.2125,0.9461546213493447,94.61546213493448,3.998596797799554,30.647554854553146,4.092934876861699,S3_gaming,游戏（高 CPU/GPU 负载）,1.0,5.0,1,cutoff
770.0,0.21388888888888888,0.9457991761596759,94.57991761596759,3.9978987293193406,30.66598535178209,4.092934876861699,S3_gaming,游戏（高 CPU/GPU 负载）,1.0,5.0,1,cutoff
775.0,0.2152777777777778,0.9454436688818207,94.54436688818207,3.997200237487685,30.68426905142981,4.092934876861699,S3_gaming,游戏（高 CPU/GPU 负载）,1.0,5.0,1,cutoff
780.0,0.21666666666666667,0.9450880994568769,94.50880994568769,3.996501332363343,30.702407130714644,4.092934876861699,S3_gaming,游戏（高 CPU/GPU 负载）,1.0,5.0,1,cutoff
785.0,0.21805555555555556,0.944732467826738,94.4732467826738,3.9958020229286926,30.720400757119574,4.092934876861699,S3_gaming,游戏（高 CPU/GPU 负载）,1.0,5.0,1,cutoff
790.0,0.21944444444444444,0.9443767739340051,94.4376773934005,3.995102317223753,30.73825108851057,4.092934876861699,S3_gaming,游戏（高 CPU/GPU 负载）,1.0,5.0,1,cutoff
795.0,0.22083333333333333,0.9440210177219087,94.40210177219087,3.994402222463382,30.755959273248912,4.092934876861699,S3_gaming,游戏（高 CPU/GPU 负载）,1.0,5.0,1,cutoff
800.0,0.2222222222222222,0.9436651991342414,94.36651991342414,3.993701745139734,30.77352645029814,4.092934876861699,S3_gaming,游戏（高 CPU/GPU 负载）,1.0,5.0,1,cutoff
805.0,0.22361111111111112,0.9433093181152977,94.33093181152977,3.9930008911118517,30.790953749326228,4.092934876861699,S3_gaming,游戏（高 CPU/GPU 负载）,1.0,5.0,1,cutoff
810.0,0.225,0.9429533746098223,94.29533746098222,3.992299665683984,30.808242290803577,4.092934876861699,S3_gaming,游戏（高 CPU/GPU 负载）,1.0,5.0,1,cutoff
815.0,0.2263888888888889,0.942597368562964,94.2597368562964,3.991598073674061,30.825393186097195,4.092934876861699,S3_gaming,游戏（高 CPU/GPU 负载）,1.0,5.0,1,cutoff
820.0,0.22777777777777777,0.9422412999202361,94.2241299920236,3.990896119473562,30.84240753756154,4.092934876861699,S3_gaming,游戏（高 CPU/GPU 负载）,1.0,5.0,1,cutoff
825.0,0.22916666666666666,0.9418851686274805,94.18851686274805,3.9901938070998364,30.85928643862637,4.092934876861699,S3_gaming,游戏（高 CPU/GPU 负载）,1.0,5.0,1,cutoff
830.0,0.23055555555555557,0.9415289746308375,94.15289746308375,3.989491140241865,30.87603097388188,4.092934876861699,S3_gaming,游戏（高 CPU/GPU 负载）,1.0,5.0,1,cutoff
835.0,0.23194444444444445,0.9411727178767185,94.11727178767185,3.9887881223002437,30.89264221916142,4.092934876861699,S3_gaming,游戏（高 CPU/GPU 负载）,1.0,5.0,1,cutoff
840.0,0.23333333333333334,0.9408163983117823,94.08163983117824,3.988084756422147,30.90912124162206,4.092934876861699,S3_gaming,游戏（高 CPU/GPU 负载）,1.0,5.0,1,cutoff
845.0,0.23472222222222222,0.9404600158829138,94.04600158829139,3.9873810455318917,30.925469099823143,4.092934876861699,S3_gaming,游戏（高 CPU/GPU 负载）,1.0,5.0,1,cutoff
850.0,0.2361111111111111,0.9401035705372062,94.01035705372061,3.9866769923576486,30.941686843803073,4.092934876861699,S3_gaming,游戏（高 CPU/GPU 负载）,1.0,5.0,1,cutoff
855.0,0.2375,0.9397470622219442,93.97470622219441,3.9859725994548016,30.957775515154463,4.092934876861699,S3_gaming,游戏（高 CPU/GPU 负载）,1.0,5.0,1,cutoff
860.0,0.2388888888888889,0.9393904908845903,93.93904908845903,3.985267869226358,30.973736147097807,4.092934876861699,S3_gaming,游戏（高 CPU/GPU 负载）,1.0,5.0,1,cutoff
865.0,0.24027777777777778,0.939033856472772,93.9033856472772,3.9845628039408076,30.98956976455378,4.092934876861699,S3_gaming,游戏（高 CPU/GPU 负载）,1.0,5.0,1,cutoff
870.0,0.24166666666666667,0.9386771589342708,93.86771589342709,3.9838574057477185,31.00527738421429,4.092934876861699,S3_gaming,游戏（高 CPU/GPU 负载）,1.0,5.0,1,cutoff
875.0,0.24305555555555555,0.9383203982170122,93.83203982170122,3.983151676691382,31.02086001461235,4.092934876861699,S3_gaming,游戏（高 CPU/GPU 负载）,1.0,5.0,1,cutoff
880.0,0.24444444444444444,0.937963574269057,93.7963574269057,3.9824456187227457,31.036318656190907,4.092934876861699,S3_gaming,游戏（高 CPU/GPU 负载）,1.0,5.0,1,cutoff
885.0,0.24583333333333332,0.9376066870385938,93.76066870385938,3.9817392337098396,31.05165430137065,4.092934876861699,S3_gaming,游戏（高 CPU/GPU 负载）,1.0,5.0,1,cutoff
890.0,0.24722222222222223,0.9372497364739324,93.72497364739324,3.9810325234469026,31.066867934616873,4.092934876861699,S3_gaming,游戏（高 CPU/GPU 负载）,1.0,5.0,1,cutoff
895.0,0.24861111111111112,0.936892722523497,93.6892722523497,3.9803254896623574,31.081960532505484,4.092934876861699,S3_gaming,游戏（高 CPU/GPU 负载）,1.0,5.0,1,cutoff
900.0,0.25,0.9365356451358214,93.65356451358214,3.9796181340257943,31.096933063788157,4.092934876861699,S3_gaming,游戏（高 CPU/GPU 负载）,1.0,5.0,1,cutoff
905.0,0.2513888888888889,0.9361785042595442,93.61785042595442,3.97891045815407,31.111786489456726,4.092934876861699,S3_gaming,游戏（高 CPU/GPU 负载）,1.0,5.0,1,cutoff
910.0,0.25277777777777777,0.9358212998434039,93.58212998434038,3.978202463616661,31.12652176280682,4.092934876861699,S3_gaming,游戏（高 CPU/GPU 负载）,1.0,5.0,1,cutoff
915.0,0.25416666666666665,0.9354640318362354,93.54640318362354,3.9774941519403297,31.14113982950079,4.092934876861699,S3_gaming,游戏（高 CPU/GPU 负载）,1.0,5.0,1,cutoff
920.0,0.25555555555555554,0.9351067001869665,93.51067001869666,3.976785524613226,31.155641627629958,4.092934876861699,S3_gaming,游戏（高 CPU/GPU 负载）,1.0,5.0,1,cutoff
925.0,0.2569444444444444,0.9347074614368178,93.47074614368178,3.9669709234942503,31.17928782706263,4.561864228444583,S3_gaming,游戏（高 CPU/GPU 负载）,1.0,5.0,1,cutoff
930.0,0.25833333333333336,0.9343262623031187,93.43262623031187,3.9698862989996195,31.1987423099675,4.358833113752089,S3_gaming,游戏（高 CPU/GPU 负载）,1.0,5.0,1,cutoff
935.0,0.25972222222222224,0.9339459950745024,93.39459950745024,3.969246966722012,31.217822301350907,4.3474638383754955,S3_gaming,游戏（高 CPU/GPU 负载）,1.0,5.0,1,cutoff
940.0,0.2611111111111111,0.9335661322973037,93.35661322973037,3.968513965173898,31.236647127900902,4.342028830939376,S3_gaming,游戏（高 CPU/GPU 负载）,1.0,5.0,1,cutoff
945.0,0.2625,0.9331864222536496,93.31864222536495,3.9677407965065385,31.25527422169254,4.339430661324142,S3_gaming,游戏（高 CPU/GPU 负载）,1.0,5.0,1,cutoff
950.0,0.2638888888888889,0.9328067449852173,93.28067449852173,3.9669524165328496,31.273731455208473,4.338188623400761,S3_gaming,游戏（高 CPU/GPU 负载）,1.0,5.0,1,cutoff
955.0,0.2652777777777778,0.9324270434750918,93.24270434750918,3.9661602181628686,31.29203259119082,4.337594875327475,S3_gaming,游戏（高 CPU/GPU 负载）,1.0,5.0,1,cutoff
960.0,0.26666666666666666,0.9320690831470181,93.2069083147018,3.9701014454539862,31.305369379950218,4.093194834487238,S3_gaming,游戏（高 CPU/GPU 负载）,1.0,5.0,1,cutoff
965.0,0.26805555555555555,0.9317110793698266,93.17110793698265,3.969481436146152,31.31859340614933,4.093059147897546,S3_gaming,游戏（高 CPU/GPU 负载）,1.0,5.0,1,cutoff
970.0,0.26944444444444443,0.931353024687565,93.13530246875649,3.9688483965170493,31.33170750195436,4.092994283814345,S3_gaming,游戏（高 CPU/GPU 负载）,1.0,5.0,1,cutoff
975.0,0.2708333333333333,0.9309949150742585,93.09949150742585,3.9682044517801414,31.34471367822295,4.092963275965309,S3_gaming,游戏（高 CPU/GPU 负载）,1.0,5.0,1,cutoff
980.0,0.2722222222222222,0.9306367481994945,93.06367481994945,3.9675511975457542,31.357613520175033,4.092948452866694,S3_gaming,游戏（高 CPU/GPU 负载）,1.0,5.0,1,cutoff
985.0,0.27361111111111114,0.9302785225920815,93.02785225920816,3.9668899022038633,31.37040838061251,4.092941366781738,S3_gaming,游戏（高 CPU/GPU 负载）,1.0,5.0,1,cutoff
990.0,0.275,0.9299202372339892,92.99202372339892,3.9662216131187225,31.383099475776888,4.092937979325357,S3_gaming,游戏（高 CPU/GPU 负载）,1.0,5.0,1,cutoff
995.0,0.2763888888888889,0.9295618913607996,92.95618913607996,3.965547215641173,31.395687934172127,4.092936359974078,S3_gaming,游戏（高 CPU/GPU 负载）,1.0,5.0,1,cutoff
1000.0,0.2777777777777778,0.929203484361585,92.92034843615849,3.964867468515963,31.408174822485947,4.092935585853833,S3_gaming,游戏（高 CPU/GPU 负载）,1.0,5.0,1,cutoff
1005.0,0.2791666666666667,0.9288450157269234,92.88450157269233,3.964183027087777,31.42056116020847,4.092935215790733,S3_gaming,游戏（高 CPU/GPU 负载）,1.0,5.0,1,cutoff
1010.0,0.28055555555555556,0.9284864850204549,92.84864850204549,3.9634944598737536,31.432847928545055,4.092935038884498,S3_gaming,游戏（高 CPU/GPU 负载）,1.0,5.0,1,cutoff
1015.0,0.28194444444444444,0.9281278918621517,92.81278918621517,3.962802261265931,31.445036076342518,4.092934954315634,S3_gaming,游戏（高 CPU/GPU 负载）,1.0,5.0,1,cutoff
1020.0,0.2833333333333333,0.9277692359175866,92.77692359175866,3.9621068617736355,31.45712652436569,4.092934913888044,S3_gaming,游戏（高 CPU/GPU 负载）,1.0,5.0,1,cutoff
1025.0,0.2847222222222222,0.9274105168904205,92.74105168904205,3.9614086365575076,31.469120168594582,4.0929348945619,S3_gaming,游戏（高 CPU/GPU 负载）,1.0,5.0,1,cutoff
1030.0,0.2861111111111111,0.9270517345167308,92.70517345167309,3.960707912682395,31.48101788288922,4.092934885323164,S3_gaming,游戏（高 CPU/GPU 负载）,1.0,5.0,1,cutoff
1035.0,0.2875,0.9266928885604869,92.6692888560487,3.9600049753524886,31.492820521210696,4.092934880906647,S3_gaming,游戏（高 CPU/GPU 负载）,1.0,5.0,1,cutoff
1040.0,0.28888888888888886,0.9263339788098051,92.63339788098051,3.9593000733063346,31.504528919507916,4.09293487879536,S3_gaming,游戏（高 CPU/GPU 负载）,1.0,5.0,1,cutoff
1045.0,0.2902777777777778,0.9259750050737778,92.59750050737779,3.9585934235017057,31.516143897338925,4.092934877786073,S3_gaming,游戏（高 CPU/GPU 负载）,1.0,5.0,1,cutoff
1050.0,0.2916666666666667,0.9256159671797548,92.56159671797548,3.957885215191847,31.52766625927398,4.092934877303589,S3_gaming,游戏（高 CPU/GPU 负载）,1.0,5.0,1,cutoff
1055.0,0.29305555555555557,0.9252568649709922,92.52568649709923,3.9571756134759632,31.539096796115132,4.092934877072942,S3_gaming,游戏（高 CPU/GPU 负载）,1.0,5.0,1,cutoff
1060.0,0.29444444444444445,0.9248976983046141,92.48976983046141,3.9564647623935256,31.55043628595947,4.0929348769626825,S3_gaming,游戏（高 CPU/GPU 负载）,1.0,5.0,1,cutoff
1065.0,0.29583333333333334,0.924538467049838,92.4538467049838,3.95575278762183,31.561685495128046,4.092934876909974,S3_gaming,游戏（高 CPU/GPU 负载）,1.0,5.0,1,cutoff
1070.0,0.2972222222222222,0.9241791710864307,92.41791710864307,3.955039798828018,31.572845178978902,4.092934876884776,S3_gaming,游戏（高 CPU/GPU 负载）,1.0,5.0,1,cutoff
1075.0,0.2986111111111111,0.9238198103033617,92.38198103033616,3.954325891719969,31.58391608261976,4.0929348768727305,S3_gaming,游戏（高 CPU/GPU 负载）,1.0,5.0,1,cutoff
1080.0,0.3,0.9234603845976301,92.34603845976301,3.95361114983464,31.594898941533643,4.092934876866972,S3_gaming,游戏（高 CPU/GPU 负载）,1.0,5.0,1,cutoff
1085.0,0.3013888888888889,0.9231008938732411,92.31008938732411,3.952895646097471,31.605794482128957,4.09293487686422,S3_gaming,游戏（高 CPU/GPU 负载）,1.0,5.0,1,cutoff
1090.0,0.30277777777777776,0.9227413380403134,92.27413380403135,3.952179444182144,31.6166034222238,4.092934876862904,S3_gaming,游戏（高 CPU/GPU 负载）,1.0,5.0,1,cutoff
1095.0,0.30416666666666664,0.9223817170143014,92.23817170143013,3.951462599696223,31.62732647147317,4.092934876862275,S3_gaming,游戏（高 CPU/GPU 负载）,1.0,5.0,1,cutoff
1100.0,0.3055555555555556,0.9220220307153163,92.20220307153163,3.9507451612149325,31.63796433174637,4.092934876861975,S3_gaming,游戏（高 CPU/GPU 负载）,1.0,5.0,1,cutoff
1105.0,0.30694444444444446,0.9216622790675343,92.16622790675343,3.9500271711825268,31.648517697461113,4.092934876861831,S3_gaming,游戏（高 CPU/GPU 负载）,1.0,5.0,1,cutoff
1110.0,0.30833333333333335,0.9213024619986805,92.13024619986805,3.949308666698159,31.658987255879868,4.0929348768617615,S3_gaming,游戏（高 CPU/GPU 负载）,1.0,5.0,1,cutoff
1115.0,0.30972222222222223,0.9209425794395786,92.09425794395786,3.9485896802010405,31.669373687373316,4.092934876861729,S3_gaming,游戏（高 CPU/GPU 负载）,1.0,5.0,1,cutoff
1120.0,0.3111111111111111,0.9205826313237585,92.05826313237586,3.947870240067785,31.679677665655102,4.0929348768617135,S3_gaming,游戏（高 CPU/GPU 负载）,1.0,5.0,1,cutoff
1125.0,0.3125,0.9202226175871138,92.02226175871138,3.9471503711331666,31.689899857991584,4.0929348768617055,S3_gaming,游戏（高 CPU/GPU 负载）,1.0,5.0,1,cutoff
1130.0,0.3138888888888889,0.9198625381676032,91.98625381676032,3.9464300951440996,31.700040925389743,4.092934876861702,S3_gaming,游戏（高 CPU/GPU 负载）,1.0,5.0,1,cutoff
1135.0,0.31527777777777777,0.9195023930049903,91.95023930049902,3.9457094311553966,31.710101522766042,4.0929348768617,S3_gaming,游戏（高 CPU/GPU 负载）,1.0,5.0,1,cutoff
1140.0,0.31666666666666665,0.919142182040616,91.9142182040616,3.944988395874761,31.720082299098635,4.092934876861699,S3_gaming,游戏（高 CPU/GPU 负载）,1.0,5.0,1,cutoff
1145.0,0.31805555555555554,0.9187819052172014,91.87819052172014,3.9442670039635095,31.72998389756505,4.092934876861699,S3_gaming,游戏（高 CPU/GPU 负载）,1.0,5.0,1,cutoff
1150.0,0.3194444444444444,0.9184215624786738,91.84215624786738,3.9435452682987107,31.739806955667156,4.092934876861699,S3_gaming,游戏（高 CPU/GPU 负载）,1.0,5.0,1,cutoff
1155.0,0.32083333333333336,0.918061153770017,91.8061153770017,3.9428232002016763,31.749552105345032,4.092934876861699,S3_gaming,游戏（高 CPU/GPU 负载）,1.0,5.0,1,cutoff
1160.0,0.32222222222222224,0.9177006790371395,91.77006790371395,3.9421008096371164,31.759219973081105,4.092934876861699,S3_gaming,游戏（高 CPU/GPU 负载）,1.0,5.0,1,cutoff
1165.0,0.3236111111111111,0.91734013822676,91.73401382267599,3.941378105386731,31.76881117999579,4.092934876861699,S3_gaming,游戏（高 CPU/GPU 负载）,1.0,5.0,1,cutoff
1170.0,0.325,0.9169795312863073,91.69795312863073,3.940655095200504,31.778326341935667,4.092934876861699,S3_gaming,游戏（高 CPU/GPU 负载）,1.0,5.0,1,cutoff
1175.0,0.3263888888888889,0.916618858163833,91.6618858163833,3.9399317859285725,31.787766069555133,4.092934876861699,S3_gaming,游戏（高 CPU/GPU 负载）,1.0,5.0,1,cutoff
1180.0,0.3277777777777778,0.9162581188079356,91.62581188079356,3.9392081836361483,31.79713096839232,4.092934876861699,S3_gaming,游戏（高 CPU/GPU 负载）,1.0,5.0,1,cutoff
1185.0,0.32916666666666666,0.915897313167694,91.5897313167694,3.9384842937036844,31.806421638939987,4.092934876861699,S3_gaming,游戏（高 CPU/GPU 负载）,1.0,5.0,1,cutoff
1190.0,0.33055555555555555,0.9155364411926092,91.55364411926092,3.937760120914162,31.81563867671197,4.092934876861699,S3_gaming,游戏（高 CPU/GPU 负载）,1.0,5.0,1,cutoff
1195.0,0.33194444444444443,0.9151755028325546,91.51755028325546,3.9370356695291724,31.824782672305762,4.092934876861699,S3_gaming,游戏（高 CPU/GPU 负载）,1.0,5.0,1,cutoff
1200.0,0.3333333333333333,0.9148144980377307,91.48144980377307,3.9363109433552106,31.833854211461652,4.092934876861699,S3_gaming,游戏（高 CPU/GPU 负载）,1.0,5.0,1,cutoff
1205.0,0.3347222222222222,0.9144534267586275,91.44534267586275,3.9355859458014497,31.84285387511885,4.092934876861699,S3_gaming,游戏（高 CPU/GPU 负载）,1.0,5.0,1,cutoff
1210.0,0.33611111111111114,0.9140922889459903,91.40922889459902,3.934860679930098,31.851782239468918,4.092934876861699,S3_gaming,游戏（高 CPU/GPU 负载）,1.0,5.0,1,cutoff
1215.0,0.3375,0.9137310845507902,91.37310845507902,3.9341351485002716,31.86063987600687,4.092934876861699,S3_gaming,游戏（高 CPU/GPU 负载）,1.0,5.0,1,cutoff
1220.0,0.3388888888888889,0.9133698135241991,91.33698135241991,3.93340935400623,31.86942735158015,4.092934876861699,S3_gaming,游戏（高 CPU/GPU 负载）,1.0,5.0,1,cutoff
1225.0,0.3402777777777778,0.9130084758175664,91.30084758175664,3.932683298710704,31.87814522843574,4.092934876861699,S3_gaming,游戏（高 CPU/GPU 负载）,1.0,5.0,1,cutoff
1230.0,0.3416666666666667,0.9126470713823999,91.26470713823998,3.931956984673929,31.886794064265644,4.092934876861699,S3_gaming,游戏（高 CPU/GPU 负载）,1.0,5.0,1,cutoff
1235.0,0.34305555555555556,0.9122856001703482,91.22856001703482,3.9312304137789473,31.895374412250852,4.092934876861699,S3_gaming,游戏（高 CPU/GPU 负载）,1.0,5.0,1,cutoff
1240.0,0.34444444444444444,0.9119240621331862,91.19240621331862,3.930503587753667,31.903886821104017,4.092934876861699,S3_gaming,游戏（高 CPU/GPU 负载）,1.0,5.0,1,cutoff
1245.0,0.3458333333333333,0.9115624572228014,91.15624572228013,3.9297765081900735,31.912331835110905,4.092934876861699,S3_gaming,游戏（高 CPU/GPU 负载）,1.0,5.0,1,cutoff
1250.0,0.3472222222222222,0.9112007853911825,91.12007853911825,3.92904917656098,31.920709994170807,4.092934876861699,S3_gaming,游戏（高 CPU/GPU 负载）,1.0,5.0,1,cutoff
1255.0,0.3486111111111111,0.9108390465904096,91.08390465904095,3.9283215942346223,31.929021833835968,4.092934876861699,S3_gaming,游戏（高 CPU/GPU 负载）,1.0,5.0,1,cutoff
1260.0,0.35,0.9104772407726447,91.04772407726446,3.92759376248738,31.937267885350135,4.092934876861699,S3_gaming,游戏（高 CPU/GPU 负载）,1.0,5.0,1,cutoff
1265.0,0.35138888888888886,0.9101153678901245,91.01153678901245,3.92686568251486,31.945448675686325,4.092934876861699,S3_gaming,游戏（高 CPU/GPU 负载）,1.0,5.0,1,cutoff
1270.0,0.3527777777777778,0.9097534278951531,90.97534278951531,3.926137355441568,31.953564727583853,4.092934876861699,S3_gaming,游戏（高 CPU/GPU 负载）,1.0,5.0,1,cutoff
1275.0,0.3541666666666667,0.9093914207400963,90.93914207400962,3.925408782329321,31.961616559584694,4.092934876861699,S3_gaming,游戏（高 CPU/GPU 负载）,1.0,5.0,1,cutoff
1280.0,0.35555555555555557,0.9090293463773756,90.90293463773756,3.9246799641845977,31.969604686069236,4.092934876861699,S3_gaming,游戏（高 CPU/GPU 负载）,1.0,5.0,1,cutoff
1285.0,0.35694444444444445,0.9086672047594647,90.86672047594647,3.9239509019649375,31.977529617291463,4.092934876861699,S3_gaming,游戏（高 CPU/GPU 负载）,1.0,5.0,1,cutoff
1290.0,0.35833333333333334,0.908304995838884,90.8304995838884,3.9232215965845207,31.98539185941361,4.092934876861699,S3_gaming,游戏（高 CPU/GPU 负载）,1.0,5.0,1,cutoff
1295.0,0.3597222222222222,0.9079427195681977,90.79427195681977,3.922492048919038,31.993191914540333,4.092934876861699,S3_gaming,游戏（高 CPU/GPU 负载）,1.0,5.0,1,cutoff
1300.0,0.3611111111111111,0.9075803759000104,90.75803759000104,3.9217622598099315,32.00093028075241,4.092934876861699,S3_gaming,游戏（高 CPU/GPU 负载）,1.0,5.0,1,cutoff
1305.0,0.3625,0.9072179647869639,90.72179647869639,3.9210322300681,32.00860745214001,4.092934876861699,S3_gaming,游戏（高 CPU/GPU 负载）,1.0,5.0,1,cutoff
1310.0,0.3638888888888889,0.9068554861817352,90.68554861817351,3.9203019604771265,32.01622391883559,4.092934876861699,S3_gaming,游戏（高 CPU/GPU 负载）,1.0,5.0,1,cutoff
1315.0,0.36527777777777776,0.9064929400370332,90.64929400370332,3.9195714517960987,32.02378016704635,4.092934876861699,S3_gaming,游戏（高 CPU/GPU 负载）,1.0,5.0,1,cutoff
1320.0,0.36666666666666664,0.9061303263055976,90.61303263055976,3.918840704762068,32.03127667908633,4.092934876861699,S3_gaming,游戏（高 CPU/GPU 负载）,1.0,5.0,1,cutoff
1325.0,0.3680555555555556,0.9057676449401966,90.57676449401966,3.918109720092197,32.03871393340824,4.092934876861699,S3_gaming,游戏（高 CPU/GPU 负载）,1.0,5.0,1,cutoff
1330.0,0.36944444444444446,0.9054048958936248,90.54048958936248,3.9173784984856326,32.04609240463482,4.092934876861699,S3_gaming,游戏（高 CPU/GPU 负载）,1.0,5.0,1,cutoff
1335.0,0.37083333333333335,0.9050420791187025,90.50420791187025,3.916647040625153,32.05341256358999,4.092934876861699,S3_gaming,游戏（高 CPU/GPU 负载）,1.0,5.0,1,cutoff
1340.0,0.37222222222222223,0.9046791945682736,90.46791945682736,3.9159153471785895,32.060674877329625,4.092934876861699,S3_gaming,游戏（高 CPU/GPU 负载）,1.0,5.0,1,cutoff
1345.0,0.3736111111111111,0.9043162421952048,90.43162421952047,3.915183418800086,32.067879809172084,4.092934876861699,S3_gaming,游戏（高 CPU/GPU 负载）,1.0,5.0,1,cutoff
1350.0,0.375,0.903953221952384,90.3953221952384,3.9144512561311946,32.07502781872837,4.092934876861699,S3_gaming,游戏（高 CPU/GPU 负载）,1.0,5.0,1,cutoff
1355.0,0.3763888888888889,0.9035901337927196,90.35901337927196,3.9137188598018304,32.0821193619321,4.092934876861699,S3_gaming,游戏（高 CPU/GPU 负载）,1.0,5.0,1,cutoff
1360.0,0.37777777777777777,0.9032269776691391,90.3226977669139,3.9129862304311174,32.089154891069114,4.092934876861699,S3_gaming,游戏（高 CPU/GPU 负载）,1.0,5.0,1,cutoff
1365.0,0.37916666666666665,0.9028637535345886,90.28637535345887,3.912253368628123,32.0961348548069,4.092934876861699,S3_gaming,游戏（高 CPU/GPU 负载）,1.0,5.0,1,cutoff
1370.0,0.38055555555555554,0.9025004613420317,90.25004613420316,3.9115202749925038,32.103059698223674,4.092934876861699,S3_gaming,游戏（高 CPU/GPU 负载）,1.0,5.0,1,cutoff
1375.0,0.3819444444444444,0.9021371010444487,90.21371010444487,3.9107869501150754,32.10992986283727,4.092934876861699,S3_gaming,游戏（高 CPU/GPU 负载）,1.0,5.0,1,cutoff
1380.0,0.38333333333333336,0.9017736725948359,90.17736725948359,3.910053394578313,32.116745786633736,4.092934876861699,S3_gaming,游戏（高 CPU/GPU 负载）,1.0,5.0,1,cutoff
1385.0,0.38472222222222224,0.9014101759462049,90.1410175946205,3.909319608956789,32.12350790409572,4.092934876861699,S3_gaming,游戏（高 CPU/GPU 负载）,1.0,5.0,1,cutoff
1390.0,0.3861111111111111,0.9010466110515817,90.10466110515817,3.908585593817562,32.13021664623057,4.092934876861699,S3_gaming,游戏（高 CPU/GPU 负载）,1.0,5.0,1,cutoff
1395.0,0.3875,0.9006829778640064,90.06829778640065,3.907851349720523,32.13687244059824,4.092934876861699,S3_gaming,游戏（高 CPU/GPU 负载）,1.0,5.0,1,cutoff
1400.0,0.3888888888888889,0.9003192763365324,90.03192763365324,3.9071168772186895,32.143475711338915,4.092934876861699,S3_gaming,游戏（高 CPU/GPU 负载）,1.0,5.0,1,cutoff
1405.0,0.3902777777777778,0.8999555074783684,89.99555074783684,3.9064502206509304,32.15002687009608,4.092934876861699,S3_gaming,游戏（高 CPU/GPU 负载）,1.0,5.0,1,cutoff
1410.0,0.39166666666666666,0.899591701389478,89.9591701389478,3.9062719543604025,32.15652607154367,4.092934876861699,S3_gaming,游戏（高 CPU/GPU 负载）,1.0,5.0,1,cutoff
1415.0,0.39305555555555555,0.8992278787084286,89.92278787084285,3.9060939176974436,32.16297354225142,4.092934876861699,S3_gaming,游戏（高 CPU/GPU 负载）,1.0,5.0,1,cutoff
1420.0,0.39444444444444443,0.8988640394533977,89.88640394533977,3.905916072062764,32.169369683582865,4.092934876861699,S3_gaming,游戏（高 CPU/GPU 负载）,1.0,5.0,1,cutoff
1425.0,0.3958333333333333,0.8985001836389577,89.85001836389577,3.9057383813871915,32.175714895329016,4.092934876861699,S3_gaming,游戏（高 CPU/GPU 负载）,1.0,5.0,1,cutoff
1430.0,0.3972222222222222,0.8981363112765511,89.81363112765511,3.9055608143628957,32.18200957550883,4.092934876861699,S3_gaming,游戏（高 CPU/GPU 负载）,1.0,5.0,1,cutoff
1435.0,0.39861111111111114,0.8977724223749034,89.77724223749034,3.905383343825246,32.18825412019863,4.092934876861699,S3_gaming,游戏（高 CPU/GPU 负载）,1.0,5.0,1,cutoff
1440.0,0.4,0.8974085169403825,89.74085169403824,3.9052059462147866,32.194448923386716,4.092934876861699,S3_gaming,游戏（高 CPU/GPU 负载）,1.0,5.0,1,cutoff
1445.0,0.4013888888888889,0.8970445949773116,89.70445949773116,3.9050286011089317,32.20059437684997,4.092934876861699,S3_gaming,游戏（高 CPU/GPU 负载）,1.0,5.0,1,cutoff
1450.0,0.4027777777777778,0.8966806564882418,89.66806564882418,3.904851290814374,32.20669087004953,4.092934876861699,S3_gaming,游戏（高 CPU/GPU 负载）,1.0,5.0,1,cutoff
1455.0,0.4041666666666667,0.8963167014741885,89.63167014741884,3.9046740000123323,32.21273879004309,4.092934876861699,S3_gaming,游戏（高 CPU/GPU 负载）,1.0,5.0,1,cutoff
1460.0,0.40555555555555556,0.895952729934838,89.5952729934838,3.9044967154497985,32.218738521411666,4.092934876861699,S3_gaming,游戏（高 CPU/GPU 负载）,1.0,5.0,1,cutoff
1465.0,0.40694444444444444,0.8955887418687263,89.55887418687263,3.9043194256708196,32.224690446198885,4.092934876861699,S3_gaming,游戏（高 CPU/GPU 负载）,1.0,5.0,1,cutoff
1470.0,0.4083333333333333,0.8952247372733957,89.52247372733957,3.9041421207826383,32.230594943861234,4.092934876861699,S3_gaming,游戏（高 CPU/GPU 负载）,1.0,5.0,1,cutoff
1475.0,0.4097222222222222,0.89486071614553,89.486071614553,3.9039647922521694,32.236452391227736,4.092934876861699,S3_gaming,游戏（高 CPU/GPU 负载）,1.0,5.0,1,cutoff
1480.0,0.4111111111111111,0.8944966784810728,89.44966784810728,3.903787432728873,32.2422631624679,4.092934876861699,S3_gaming,游戏（高 CPU/GPU 负载）,1.0,5.0,1,cutoff
1485.0,0.4125,0.8941326242753305,89.41326242753304,3.9036100358906216,32.24802762906678,4.092934876861699,S3_gaming,游戏（高 CPU/GPU 负载）,1.0,5.0,1,cutoff
1490.0,0.41388888888888886,0.8937685535230608,89.37685535230608,3.9034325963095617,32.25374615980625,4.092934876861699,S3_gaming,游戏（高 CPU/GPU 负载）,1.0,5.0,1,cutoff
1495.0,0.4152777777777778,0.8934044662185514,89.34044662185514,3.9032551093353915,32.2594191207516,4.092934876861699,S3_gaming,游戏（高 CPU/GPU 负载）,1.0,5.0,1,cutoff
1500.0,0.4166666666666667,0.8930403623556865,89.30403623556865,3.903077570993789,32.26504687524287,4.092934876861699,S3_gaming,游戏（高 CPU/GPU 负载）,1.0,5.0,1,cutoff
1505.0,0.41805555555555557,0.8926762419280062,89.26762419280062,3.902899977898024,32.27062978389009,4.092934876861699,S3_gaming,游戏（高 CPU/GPU 负载）,1.0,5.0,1,cutoff
1510.0,0.41944444444444445,0.8923121049287575,89.23121049287575,3.9027223271720577,32.276168204572095,4.092934876861699,S3_gaming,游戏（高 CPU/GPU 负载）,1.0,5.0,1,cutoff
1515.0,0.42083333333333334,0.8919479513509381,89.19479513509381,3.9025446163836213,32.281662492438315,4.092934876861699,S3_gaming,游戏（高 CPU/GPU 负载）,1.0,5.0,1,cutoff
1520.0,0.4222222222222222,0.8915837811873357,89.15837811873357,3.9023668434859906,32.28711299991312,4.092934876861699,S3_gaming,游戏（高 CPU/GPU 负载）,1.0,5.0,1,cutoff
1525.0,0.4236111111111111,0.8912195944305612,89.12195944305611,3.902189006767331,32.292520076702445,4.092934876861699,S3_gaming,游戏（高 CPU/GPU 负载）,1.0,5.0,1,cutoff
1530.0,0.425,0.8908553910730774,89.08553910730774,3.902011104806613,32.29788406980232,4.092934876861699,S3_gaming,游戏（高 CPU/GPU 负载）,1.0,5.0,1,cutoff
1535.0,0.4263888888888889,0.890491171107225,89.04911711072249,3.9018331364352754,32.303205323509054,4.092934876861699,S3_gaming,游戏（高 CPU/GPU 负载）,1.0,5.0,1,cutoff
1540.0,0.42777777777777776,0.8901269345252438,89.01269345252439,3.901655100703855,32.3084841794308,4.092934876861699,S3_gaming,游戏（高 CPU/GPU 负载）,1.0,5.0,1,cutoff
1545.0,0.42916666666666664,0.8897626813192925,88.97626813192925,3.9014769968529674,32.31372097650039,4.092934876861699,S3_gaming,游戏（高 CPU/GPU 负载）,1.0,5.0,1,cutoff
1550.0,0.4305555555555556,0.8893984114814644,88.93984114814644,3.9012988242880584,32.31891605098915,4.092934876861699,S3_gaming,游戏（高 CPU/GPU 负载）,1.0,5.0,1,cutoff
1555.0,0.43194444444444446,0.8890341250038022,88.90341250038021,3.9011205825574438,32.3240697365216,4.092934876861699,S3_gaming,游戏（高 CPU/GPU 负载）,1.0,5.0,1,cutoff
1560.0,0.43333333333333335,0.8886698218783106,88.86698218783106,3.9009422713331987,32.329182364090904,4.092934876861699,S3_gaming,游戏（高 CPU/GPU 负载）,1.0,5.0,1,cutoff
1565.0,0.43472222222222223,0.8883055020969666,88.83055020969665,3.9007638903945425,32.334254262074936,4.092934876861699,S3_gaming,游戏（高 CPU/GPU 负载）,1.0,5.0,1,cutoff
1570.0,0.4361111111111111,0.887941165651729,88.7941165651729,3.9005854396133905,32.33928575625286,4.092934876861699,S3_gaming,游戏（高 CPU/GPU 负载）,1.0,5.0,1,cutoff
1575.0,0.4375,0.8875768125345465,88.75768125345465,3.9004069189417767,32.34427716982217,4.092934876861699,S3_gaming,游戏（高 CPU/GPU 负载）,1.0,5.0,1,cutoff
1580.0,0.4388888888888889,0.8872124427373645,88.72124427373646,3.900228328400925,32.34922882341602,4.092934876861699,S3_gaming,游戏（高 CPU/GPU 负载）,1.0,5.0,1,cutoff
1585.0,0.44027777777777777,0.8868480562521316,88.68480562521316,3.900049668071742,32.354141035120925,4.092934876861699,S3_gaming,游戏（高 CPU/GPU 负载）,1.0,5.0,1,cutoff
1590.0,0.44166666666666665,0.8864836530708038,88.64836530708038,3.8998709380865524,32.35901412049464,4.092934876861699,S3_gaming,游戏（高 CPU/GPU 负载）,1.0,5.0,1,cutoff
1595.0,0.44305555555555554,0.88611923318535,88.611923318535,3.8996921386219094,32.36384839258423,4.092934876861699,S3_gaming,游戏（高 CPU/GPU 负载）,1.0,5.0,1,cutoff
1600.0,0.4444444444444444,0.8857547965877555,88.57547965877555,3.899513269892347,32.36864416194428,4.092934876861699,S3_gaming,游戏（高 CPU/GPU 负载）,1.0,5.0,1,cutoff
1605.0,0.44583333333333336,0.8853903432700249,88.53903432700248,3.8993343321449494,32.373401736655204,4.092934876861699,S3_gaming,游戏（高 CPU/GPU 负载）,1.0,5.0,1,cutoff
1610.0,0.44722222222222224,0.8850258732241852,88.50258732241852,3.8991553256546276,32.378121422341614,4.092934876861699,S3_gaming,游戏（高 CPU/GPU 负载）,1.0,5.0,1,cutoff
1615.0,0.4486111111111111,0.8846613864422888,88.46613864422888,3.8989762507200183,32.38280352219075,4.092934876861699,S3_gaming,游戏（高 CPU/GPU 负载）,1.0,5.0,1,cutoff
1620.0,0.45,0.8842968829164143,88.42968829164143,3.8987971076599166,32.38744833697088,4.092934876861699,S3_gaming,游戏（高 CPU/GPU 负载）,1.0,5.0,1,cutoff
1625.0,0.4513888888888889,0.8839323626386694,88.39323626386694,3.8986178968101814,32.392056165049745,4.092934876861699,S3_gaming,游戏（高 CPU/GPU 负载）,1.0,5.0,1,cutoff
1630.0,0.4527777777777778,0.8835678256011917,88.35678256011917,3.898438618521039,32.39662730241294,4.092934876861699,S3_gaming,游戏（高 CPU/GPU 负载）,1.0,5.0,1,cutoff
1635.0,0.45416666666666666,0.8832032717961504,88.32032717961505,3.8982592731547543,32.401162042682266,4.092934876861699,S3_gaming,游戏（高 CPU/GPU 负载）,1.0,5.0,1,cutoff
1640.0,0.45555555555555555,0.8828387012157469,88.2838701215747,3.8980798610835947,32.40566067713404,4.092934876861699,S3_gaming,游戏（高 CPU/GPU 负载）,1.0,5.0,1,cutoff
1645.0,0.45694444444444443,0.882474113852216,88.2474113852216,3.897900382688071,32.410123494717304,4.092934876861699,S3_gaming,游戏（高 CPU/GPU 负载）,1.0,5.0,1,cutoff
1650.0,0.4583333333333333,0.8821095096978263,88.21095096978263,3.8977208383554127,32.41455078207202,4.092934876861699,S3_gaming,游戏（高 CPU/GPU 负载）,1.0,5.0,1,cutoff
1655.0,0.4597222222222222,0.8817448887448813,88.17448887448813,3.897541228478238,32.41894282354709,4.092934876861699,S3_gaming,游戏（高 CPU/GPU 负载）,1.0,5.0,1,cutoff
1660.0,0.46111111111111114,0.8813802509857193,88.13802509857193,3.897361553453407,32.42329990121839,4.092934876861699,S3_gaming,游戏（高 CPU/GPU 负载）,1.0,5.0,1,cutoff
1665.0,0.4625,0.8810155964127139,88.1015596412714,3.8971818136810255,32.42762229490661,4.092934876861699,S3_gaming,游戏（高 CPU/GPU 负载）,1.0,5.0,1,cutoff
1670.0,0.4638888888888889,0.8806509250182745,88.06509250182745,3.8970020095635793,32.431910282195055,4.092934876861699,S3_gaming,游戏（高 CPU/GPU 负载）,1.0,5.0,1,cutoff
1675.0,0.4652777777777778,0.8802862367948463,88.02862367948462,3.896822141505191,32.4361641384473,4.092934876861699,S3_gaming,游戏（高 CPU/GPU 负载）,1.0,5.0,1,cutoff
1680.0,0.4666666666666667,0.8799215317349106,87.99215317349106,3.896642209910973,32.44038413682478,4.092934876861699,S3_gaming,游戏（高 CPU/GPU 负载）,1.0,5.0,1,cutoff
1685.0,0.46805555555555556,0.8795568098309847,87.95568098309847,3.8964622151864665,32.444570548304206,4.092934876861699,S3_gaming,游戏（高 CPU/GPU 负载）,1.0,5.0,1,cutoff
1690.0,0.46944444444444444,0.8791920710756221,87.91920710756222,3.896282157737162,32.448723641694905,4.092934876861699,S3_gaming,游戏（高 CPU/GPU 负载）,1.0,5.0,1,cutoff
1695.0,0.4708333333333333,0.8788273154614122,87.88273154614123,3.896102037968084,32.452843683656035,4.092934876861699,S3_gaming,游戏（高 CPU/GPU 负载）,1.0,5.0,1,cutoff
1700.0,0.4722222222222222,0.8784625429809806,87.84625429809806,3.8959218562834264,32.45693093871367,4.092934876861699,S3_gaming,游戏（高 CPU/GPU 负载）,1.0,5.0,1,cutoff
1705.0,0.4736111111111111,0.8780977536269887,87.80977536269887,3.8957416130862534,32.46098566927776,4.092934876861699,S3_gaming,游戏（高 CPU/GPU 负载）,1.0,5.0,1,cutoff
1710.0,0.475,0.877732947392134,87.7732947392134,3.895561308778227,32.465008135659005,4.092934876861699,S3_gaming,游戏（高 CPU/GPU 负载）,1.0,5.0,1,cutoff
1715.0,0.47638888888888886,0.8773681242691496,87.73681242691495,3.8953809437593825,32.46899859608555,4.092934876861699,S3_gaming,游戏（高 CPU/GPU 负载）,1.0,5.0,1,cutoff
1720.0,0.4777777777777778,0.8770032842508041,87.70032842508041,3.895200518427936,32.47295730671958,4.092934876861699,S3_gaming,游戏（高 CPU/GPU 负载）,1.0,5.0,1,cutoff
1725.0,0.4791666666666667,0.8766384273299016,87.66384273299016,3.8950200331801152,32.476884521673824,4.092934876861699,S3_gaming,游戏（高 CPU/GPU 负载）,1.0,5.0,1,cutoff
1730.0,0.48055555555555557,0.8762735534992815,87.62735534992815,3.8948394884100233,32.480780493027886,4.092934876861699,S3_gaming,游戏（高 CPU/GPU 负载）,1.0,5.0,1,cutoff
1735.0,0.48194444444444445,0.8759086627518182,87.59086627518182,3.894658884509515,32.48464547084446,4.092934876861699,S3_gaming,游戏（高 CPU/GPU 负载）,1.0,5.0,1,cutoff
1740.0,0.48333333333333334,0.8755437550804209,87.5543755080421,3.8944782218680984,32.488479703185455,4.092934876861699,S3_gaming,游戏（高 CPU/GPU 负载）,1.0,5.0,1,cutoff
1745.0,0.4847222222222222,0.8751788304780336,87.51788304780335,3.894297500872851,32.492283436127956,4.092934876861699,S3_gaming,游戏（高 CPU/GPU 负载）,1.0,5.0,1,cutoff
1750.0,0.4861111111111111,0.8748138889376343,87.48138889376344,3.894116721908348,32.49605691378009,4.092934876861699,S3_gaming,游戏（高 CPU/GPU 负载）,1.0,5.0,1,cutoff
1755.0,0.4875,0.8744489304522357,87.44489304522357,3.893935885356606,32.499800378296726,4.092934876861699,S3_gaming,游戏（高 CPU/GPU 负载）,1.0,5.0,1,cutoff
1760.0,0.4888888888888889,0.8740839550148841,87.40839550148841,3.8937549915970346,32.50351406989514,4.092934876861699,S3_gaming,游戏（高 CPU/GPU 负载）,1.0,5.0,1,cutoff
1765.0,0.49027777777777776,0.8737189626186597,87.37189626186597,3.8935740410063997,32.50719822687045,4.092934876861699,S3_gaming,游戏（高 CPU/GPU 负载）,1.0,5.0,1,cutoff
1770.0,0.49166666666666664,0.873353953256676,87.33539532566759,3.8933930339587906,32.510853085611004,4.092934876861699,S3_gaming,游戏（高 CPU/GPU 负载）,1.0,5.0,1,cutoff
1775.0,0.4930555555555556,0.87298892692208,87.298892692208,3.893211970825599,32.51447888061361,4.092934876861699,S3_gaming,游戏（高 CPU/GPU 负载）,1.0,5.0,1,cutoff
1780.0,0.49444444444444446,0.8726238836080514,87.26238836080515,3.893030851975502,32.51807584449868,4.092934876861699,S3_gaming,游戏（高 CPU/GPU 负载）,1.0,5.0,1,cutoff
1785.0,0.49583333333333335,0.872258823307803,87.22588233078031,3.892849677774451,32.521644208025215,4.092934876861699,S3_gaming,游戏（高 CPU/GPU 负载）,1.0,5.0,1,cutoff
1790.0,0.49722222222222223,0.87189374601458,87.189374601458,3.8926684485856593,32.5251842001057,4.092934876861699,S3_gaming,游戏（高 CPU/GPU 负载）,1.0,5.0,1,cutoff
1795.0,0.4986111111111111,0.8715286517216597,87.15286517216597,3.8924871647696055,32.528696047820866,4.092934876861699,S3_gaming,游戏（高 CPU/GPU 负载）,1.0,5.0,1,cutoff
1800.0,0.5,0.8711635404223517,87.11635404223517,3.8923058266840265,32.53217997643436,4.092934876861699,S3_gaming,游戏（高 CPU/GPU 负载）,1.0,5.0,1,cutoff
1805.0,0.5013888888888889,0.8707984121099971,87.0798412109997,3.8921244346839257,32.53563620940724,4.092934876861699,S3_gaming,游戏（高 CPU/GPU 负载）,1.0,5.0,1,cutoff
1810.0,0.5027777777777778,0.8704332667779687,87.04332667779687,3.891942989121574,32.53906496841243,4.092934876861699,S3_gaming,游戏（高 CPU/GPU 负载）,1.0,5.0,1,cutoff
1815.0,0.5041666666666667,0.8700681044196706,87.00681044196706,3.8917614903465214,32.54246647334902,4.092934876861699,S3_gaming,游戏（高 CPU/GPU 负载）,1.0,5.0,1,cutoff
1820.0,0.5055555555555555,0.869702925028538,86.9702925028538,3.8915799387056005,32.545840942356435,4.092934876861699,S3_gaming,游戏（高 CPU/GPU 负载）,1.0,5.0,1,cutoff
1825.0,0.5069444444444444,0.8693377285980366,86.93377285980365,3.891398334542943,32.549188591828525,4.092934876861699,S3_gaming,游戏（高 CPU/GPU 负载）,1.0,5.0,1,cutoff
1830.0,0.5083333333333333,0.8689725151216631,86.8972515121663,3.891216678199984,32.552509636427544,4.092934876861699,S3_gaming,游戏（高 CPU/GPU 负载）,1.0,5.0,1,cutoff
1835.0,0.5097222222222222,0.8686072845929441,86.8607284592944,3.891034970015488,32.55580428909797,4.092934876861699,S3_gaming,游戏（高 CPU/GPU 负载）,1.0,5.0,1,cutoff
1840.0,0.5111111111111111,0.8682420370054367,86.82420370054366,3.890853210325546,32.55907276108029,4.092934876861699,S3_gaming,游戏（高 CPU/GPU 负载）,1.0,5.0,1,cutoff
1845.0,0.5125,0.8678767723527275,86.78767723527275,3.890671399463609,32.56231526192459,4.092934876861699,S3_gaming,游戏（高 CPU/GPU 负载）,1.0,5.0,1,cutoff
1850.0,0.5138888888888888,0.867511490628433,86.7511490628433,3.8904895377604873,32.56553199950412,4.092934876861699,S3_gaming,游戏（高 CPU/GPU 负载）,1.0,5.0,1,cutoff
1855.0,0.5152777777777777,0.8671461918261989,86.71461918261988,3.8903076255443763,32.56872318002868,4.092934876861699,S3_gaming,游戏（高 CPU/GPU 负载）,1.0,5.0,1,cutoff
1860.0,0.5166666666666667,0.8667808759397,86.67808759397,3.890125663140871,32.571889008057944,4.092934876861699,S3_gaming,游戏（高 CPU/GPU 负载）,1.0,5.0,1,cutoff
1865.0,0.5180555555555556,0.86641554296264,86.641554296264,3.889943650872984,32.57502968651467,4.092934876861699,S3_gaming,游戏（高 CPU/GPU 负载）,1.0,5.0,1,cutoff
1870.0,0.5194444444444445,0.8660501928887514,86.60501928887514,3.88976158906116,32.578145416697765,4.092934876861699,S3_gaming,游戏（高 CPU/GPU 负载）,1.0,5.0,1,cutoff
1875.0,0.5208333333333334,0.8656848257117952,86.56848257117952,3.889579478023296,32.58123639829533,4.092934876861699,S3_gaming,游戏（高 CPU/GPU 负载）,1.0,5.0,1,cutoff
1880.0,0.5222222222222223,0.8653194414255604,86.53194414255604,3.8893973180747596,32.58430282939751,4.092934876861699,S3_gaming,游戏（高 CPU/GPU 负载）,1.0,5.0,1,cutoff
1885.0,0.5236111111111111,0.8649540400238641,86.49540400238641,3.8892151095284078,32.58734490650927,4.092934876861699,S3_gaming,游戏（高 CPU/GPU 负载）,1.0,5.0,1,cutoff
1890.0,0.525,0.8645886215005512,86.45886215005511,3.8890328526946005,32.59036282456314,4.092934876861699,S3_gaming,游戏（高 CPU/GPU 负载）,1.0,5.0,1,cutoff
1895.0,0.5263888888888889,0.864223185849494,86.4223185849494,3.888850547881226,32.593356776931714,4.092934876861699,S3_gaming,游戏（高 CPU/GPU 负载）,1.0,5.0,1,cutoff
1900.0,0.5277777777777778,0.8638577330645923,86.38577330645923,3.888668195393712,32.59632695544021,4.092934876861699,S3_gaming,游戏（高 CPU/GPU 负载）,1.0,5.0,1,cutoff
1905.0,0.5291666666666667,0.863492263139773,86.3492263139773,3.8884857955350505,32.599273550378804,4.092934876861699,S3_gaming,游戏（高 CPU/GPU 负载）,1.0,5.0,1,cutoff
1910.0,0.5305555555555556,0.8631267760689897,86.31267760689897,3.8883033486058123,32.60219675051492,4.092934876861699,S3_gaming,游戏（高 CPU/GPU 负载）,1.0,5.0,1,cutoff
1915.0,0.5319444444444444,0.8627612718462228,86.27612718462228,3.8881208549041677,32.60509674310543,4.092934876861699,S3_gaming,游戏（高 CPU/GPU 负载）,1.0,5.0,1,cutoff
1920.0,0.5333333333333333,0.8623957504654791,86.23957504654791,3.887938314725903,32.60797371390872,4.092934876861699,S3_gaming,游戏（高 CPU/GPU 负载）,1.0,5.0,1,cutoff
1925.0,0.5347222222222222,0.8620302119207918,86.20302119207918,3.8877557283644393,32.61082784719671,4.092934876861699,S3_gaming,游戏（高 CPU/GPU 负载）,1.0,5.0,1,cutoff
1930.0,0.5361111111111111,0.8616646562062198,86.16646562062198,3.887573096110852,32.61365932576672,4.092934876861699,S3_gaming,游戏（高 CPU/GPU 负载）,1.0,5.0,1,cutoff
1935.0,0.5375,0.8612990833158481,86.12990833158482,3.887390418253888,32.616468330953275,4.092934876861699,S3_gaming,游戏（高 CPU/GPU 负载）,1.0,5.0,1,cutoff
1940.0,0.5388888888888889,0.8609334932437872,86.09334932437872,3.887207695079984,32.619255042639836,4.092934876861699,S3_gaming,游戏（高 CPU/GPU 负载）,1.0,5.0,1,cutoff
1945.0,0.5402777777777777,0.860567885984173,86.0567885984173,3.8870249268732846,32.62201963927037,4.092934876861699,S3_gaming,游戏（高 CPU/GPU 负载）,1.0,5.0,1,cutoff
1950.0,0.5416666666666666,0.8602022615311666,86.02022615311667,3.886842113915661,32.624762297860904,4.092934876861699,S3_gaming,游戏（高 CPU/GPU 负载）,1.0,5.0,1,cutoff
1955.0,0.5430555555555555,0.8598366198789542,85.98366198789542,3.886659256486727,32.627483194010935,4.092934876861699,S3_gaming,游戏（高 CPU/GPU 负载）,1.0,5.0,1,cutoff
1960.0,0.5444444444444444,0.8594709610217466,85.94709610217465,3.8864763548638583,32.63018250191477,4.092934876861699,S3_gaming,游戏（高 CPU/GPU 负载）,1.0,5.0,1,cutoff
1965.0,0.5458333333333333,0.8591052849537792,85.91052849537792,3.8862934093222106,32.632860394372756,4.092934876861699,S3_gaming,游戏（高 CPU/GPU 负载）,1.0,5.0,1,cutoff
1970.0,0.5472222222222223,0.858739591669312,85.8739591669312,3.886110420134735,32.635517042802455,4.092934876861699,S3_gaming,游戏（高 CPU/GPU 负载）,1.0,5.0,1,cutoff
1975.0,0.5486111111111112,0.8583738811626289,85.83738811626289,3.8859273875721976,32.6381526172497,4.092934876861699,S3_gaming,游戏（高 CPU/GPU 负载）,1.0,5.0,1,cutoff
1980.0,0.55,0.858008153428038,85.8008153428038,3.8857443119031965,32.64076728639958,4.092934876861699,S3_gaming,游戏（高 CPU/GPU 负载）,1.0,5.0,1,cutoff
1985.0,0.5513888888888889,0.8576424084598713,85.76424084598713,3.8855611933941767,32.643361217587305,4.092934876861699,S3_gaming,游戏（高 CPU/GPU 负载）,1.0,5.0,1,cutoff
1990.0,0.5527777777777778,0.8572766462524841,85.72766462524841,3.88537803230945,32.64593457680903,4.092934876861699,S3_gaming,游戏（高 CPU/GPU 负载）,1.0,5.0,1,cutoff
1995.0,0.5541666666666667,0.8569108668002553,85.69108668002553,3.885194828911211,32.64848752873257,4.092934876861699,S3_gaming,游戏（高 CPU/GPU 负载）,1.0,5.0,1,cutoff
2000.0,0.5555555555555556,0.8565450700975871,85.6545070097587,3.8850115834595527,32.65102023670802,4.092934876861699,S3_gaming,游戏（高 CPU/GPU 负载）,1.0,5.0,1,cutoff
2005.0,0.5569444444444445,0.8561792561389044,85.61792561389045,3.8848282962124854,32.6535328627783,4.092934876861699,S3_gaming,游戏（高 CPU/GPU 负载）,1.0,5.0,1,cutoff
2010.0,0.5583333333333333,0.8558134249186555,85.58134249186556,3.8846449674259524,32.65602556768961,4.092934876861699,S3_gaming,游戏（高 CPU/GPU 负载）,1.0,5.0,1,cutoff
2015.0,0.5597222222222222,0.855447576431311,85.54475764313109,3.884461597353844,32.65849851090182,4.092934876861699,S3_gaming,游戏（高 CPU/GPU 负载）,1.0,5.0,1,cutoff
2020.0,0.5611111111111111,0.8550817106713638,85.50817106713639,3.884278186248018,32.66095185059877,4.092934876861699,S3_gaming,游戏（高 CPU/GPU 负载）,1.0,5.0,1,cutoff
2025.0,0.5625,0.8547158276333297,85.47158276333296,3.884094734358313,32.66338574369845,4.092934876861699,S3_gaming,游戏（高 CPU/GPU 负载）,1.0,5.0,1,cutoff
2030.0,0.5638888888888889,0.8543499273117459,85.43499273117459,3.883911241932566,32.66580034586315,4.092934876861699,S3_gaming,游戏（高 CPU/GPU 负载）,1.0,5.0,1,cutoff
2035.0,0.5652777777777778,0.853984009701172,85.39840097011721,3.883727709216625,32.66819581150951,4.092934876861699,S3_gaming,游戏（高 CPU/GPU 负载）,1.0,5.0,1,cutoff
2040.0,0.5666666666666667,0.8536180747961896,85.36180747961896,3.883544136454372,32.670572293818495,4.092934876861699,S3_gaming,游戏（高 CPU/GPU 负载）,1.0,5.0,1,cutoff
2045.0,0.5680555555555555,0.8532521225914012,85.32521225914012,3.8833605238877307,32.67292994474524,4.092934876861699,S3_gaming,游戏（高 CPU/GPU 负载）,1.0,5.0,1,cutoff
2050.0,0.5694444444444444,0.852886153081431,85.28861530814311,3.883176871756687,32.67526891502892,4.092934876861699,S3_gaming,游戏（高 CPU/GPU 负载）,1.0,5.0,1,cutoff
2055.0,0.5708333333333333,0.8525201662609247,85.25201662609247,3.8829931802993025,32.677589354202446,4.092934876861699,S3_gaming,游戏（高 CPU/GPU 负载）,1.0,5.0,1,cutoff
2060.0,0.5722222222222222,0.8521541621245489,85.21541621245488,3.88280944975173,32.6798914106021,4.092934876861699,S3_gaming,游戏（高 CPU/GPU 负载）,1.0,5.0,1,cutoff
2065.0,0.5736111111111111,0.8517881406669908,85.17881406669908,3.8826256803482293,32.682175231377165,4.092934876861699,S3_gaming,游戏（高 CPU/GPU 负载）,1.0,5.0,1,cutoff
2070.0,0.575,0.8513792282435848,85.13792282435848,3.8734024308786097,32.69370973518895,4.561864228444583,S3_gaming,游戏（高 CPU/GPU 负载）,1.0,5.0,1,cutoff
2075.0,0.5763888888888888,0.850988856339957,85.0988856339957,3.87687330109605,32.701145307620415,4.358833113752089,S3_gaming,游戏（高 CPU/GPU 负载）,1.0,5.0,1,cutoff
2080.0,0.5777777777777777,0.8505994933728134,85.05994933728134,3.8767927229127035,32.70830195841559,4.3474638383754955,S3_gaming,游戏（高 CPU/GPU 负载）,1.0,5.0,1,cutoff
2085.0,0.5791666666666667,0.8502105988720887,85.02105988720888,3.8766187305052693,32.71529831248909,4.342028830939376,S3_gaming,游戏（高 CPU/GPU 负载）,1.0,5.0,1,cutoff
2090.0,0.5805555555555556,0.8498219150018993,84.98219150018993,3.876404973599246,32.7221910603907,4.339430661324142,S3_gaming,游戏（高 CPU/GPU 负载）,1.0,5.0,1,cutoff
2095.0,0.5819444444444445,0.8494333189572835,84.94333189572835,3.8761764466086728,32.729007319800665,4.338188623400761,S3_gaming,游戏（高 CPU/GPU 负载）,1.0,5.0,1,cutoff
2100.0,0.5833333333333334,0.8490447524236744,84.90447524236744,3.8759445345228087,32.73576009745819,4.337594875327475,S3_gaming,游戏（高 CPU/GPU 负载）,1.0,5.0,1,cutoff
2105.0,0.5847222222222223,0.8486784941418943,84.86784941418944,3.8804133108733945,32.7376359409283,4.093194834487238,S3_gaming,游戏（高 CPU/GPU 负载）,1.0,5.0,1,cutoff
2110.0,0.5861111111111111,0.8483122401921888,84.83122401921888,3.880323753496767,32.73948996336508,4.093059147897546,S3_gaming,游戏（高 CPU/GPU 负载）,1.0,5.0,1,cutoff
2115.0,0.5875,0.8479459828856111,84.7945982885611,3.8802207463157257,32.741324316784365,4.092994283814345,S3_gaming,游戏（高 CPU/GPU 负载）,1.0,5.0,1,cutoff
2120.0,0.5888888888888889,0.8475797180629466,84.75797180629466,3.8801065424643997,32.74314032843536,4.092963275965309,S3_gaming,游戏（高 CPU/GPU 负载）,1.0,5.0,1,cutoff
2125.0,0.5902777777777778,0.847213443315477,84.7213443315477,3.87998284242553,32.744938898262035,4.092948452866694,S3_gaming,游戏（高 CPU/GPU 负载）,1.0,5.0,1,cutoff
2130.0,0.5916666666666667,0.8468471571261449,84.68471571261449,3.8798510007244533,32.746720693482416,4.092941366781738,S3_gaming,游戏（高 CPU/GPU 负载）,1.0,5.0,1,cutoff
2135.0,0.5930555555555556,0.8464808584517959,84.6480858451796,3.8797121354598887,32.74848624550715,4.092937979325357,S3_gaming,游戏（高 CPU/GPU 负载）,1.0,5.0,1,cutoff
2140.0,0.5944444444444444,0.8461145465172192,84.61145465172191,3.879567189981976,32.7502359996048,4.092936359974078,S3_gaming,游戏（高 CPU/GPU 负载）,1.0,5.0,1,cutoff
2145.0,0.5958333333333333,0.8457482207112593,84.57482207112594,3.8794169704733004,32.75197034149909,4.092935585853833,S3_gaming,游戏（高 CPU/GPU 负载）,1.0,5.0,1,cutoff
2150.0,0.5972222222222222,0.8453818805324351,84.53818805324352,3.8792621709489277,32.75368961253297,4.092935215790733,S3_gaming,游戏（高 CPU/GPU 负载）,1.0,5.0,1,cutoff
2155.0,0.5986111111111111,0.8450155255588448,84.50155255588449,3.879103391319703,32.75539411902238,4.092935038884498,S3_gaming,游戏（高 CPU/GPU 负载）,1.0,5.0,1,cutoff
2160.0,0.6,0.8446491554302185,84.46491554302185,3.8789411513378784,32.75708413853879,4.092934954315634,S3_gaming,游戏（高 CPU/GPU 负载）,1.0,5.0,1,cutoff
2165.0,0.6013888888888889,0.844282769836245,84.4282769836245,3.87877590187783,32.758759924473004,4.092934913888044,S3_gaming,游戏（高 CPU/GPU 负载）,1.0,5.0,1,cutoff
2170.0,0.6027777777777777,0.8439163685083042,84.39163685083042,3.878608034337649,32.760421709562735,4.0929348945619,S3_gaming,游戏（高 CPU/GPU 负载）,1.0,5.0,1,cutoff
2175.0,0.6041666666666666,0.84354995121318,84.354995121318,3.8784378886166126,32.76206970874101,4.092934885323164,S3_gaming,游戏（高 CPU/GPU 负载）,1.0,5.0,1,cutoff
2180.0,0.6055555555555555,0.8431835177480254,84.31835177480254,3.878265759954983,32.763704121502116,4.092934880906647,S3_gaming,游戏（高 CPU/GPU 负载）,1.0,5.0,1,cutoff
2185.0,0.6069444444444444,0.8428170679361933,84.28170679361932,3.878091904833008,32.76532513390115,4.09293487879536,S3_gaming,游戏（高 CPU/GPU 负载）,1.0,5.0,1,cutoff
2190.0,0.6083333333333333,0.8424506016237122,84.24506016237122,3.877916546075275,32.766932920261624,4.092934877786073,S3_gaming,游戏（高 CPU/GPU 负载）,1.0,5.0,1,cutoff
2195.0,0.6097222222222223,0.8420841186762708,84.20841186762708,3.8777398772755247,32.768527644642774,4.092934877303589,S3_gaming,游戏（高 CPU/GPU 负载）,1.0,5.0,1,cutoff
2200.0,0.6111111111111112,0.8417176189766197,84.17176189766197,3.87756206663625,32.77010946210518,4.092934877072942,S3_gaming,游戏（高 CPU/GPU 负载）,1.0,5.0,1,cutoff
2205.0,0.6125,0.8413511024223262,84.13511024223263,3.877383260302327,32.77167851980494,4.0929348769626825,S3_gaming,游戏（高 CPU/GPU 负载）,1.0,5.0,1,cutoff
2210.0,0.6138888888888889,0.8409845689238272,84.09845689238273,3.877203585256223,32.77323495794096,4.092934876909974,S3_gaming,游戏（高 CPU/GPU 负载）,1.0,5.0,1,cutoff
2215.0,0.6152777777777778,0.8406180184027405,84.06180184027406,3.8770231518328586,32.774778910576146,4.092934876884776,S3_gaming,游戏（高 CPU/GPU 负载）,1.0,5.0,1,cutoff
2220.0,0.6166666666666667,0.840251450790399,84.0251450790399,3.876842055904276,32.7763105063496,4.0929348768727305,S3_gaming,游戏（高 CPU/GPU 负载）,1.0,5.0,1,cutoff
2225.0,0.6180555555555556,0.8398848660265769,83.98848660265769,3.8766603807775675,32.77782986909487,4.092934876866972,S3_gaming,游戏（高 CPU/GPU 负载）,1.0,5.0,1,cutoff
2230.0,0.6194444444444445,0.8395182640583843,83.95182640583843,3.876478198843724,32.77933711837679,4.09293487686422,S3_gaming,游戏（高 CPU/GPU 负载）,1.0,5.0,1,cutoff
2235.0,0.6208333333333333,0.839151644839306,83.91516448393061,3.876295573010119,32.78083236995792,4.092934876862904,S3_gaming,游戏（高 CPU/GPU 负载）,1.0,5.0,1,cutoff
2240.0,0.6222222222222222,0.8387850083283672,83.87850083283672,3.8761125579450177,32.782315736204076,4.092934876862275,S3_gaming,游戏（高 CPU/GPU 负载）,1.0,5.0,1,cutoff
2245.0,0.6236111111111111,0.8384183544894077,83.84183544894077,3.8759292011587805,32.783787326436865,4.092934876861975,S3_gaming,游戏（高 CPU/GPU 负载）,1.0,5.0,1,cutoff
2250.0,0.625,0.8380516832904523,83.80516832904523,3.8757455439431947,32.78524724724051,4.092934876861831,S3_gaming,游戏（高 CPU/GPU 负载）,1.0,5.0,1,cutoff
2255.0,0.6263888888888889,0.837684994703163,83.7684994703163,3.8755616221875298,32.786695602728905,4.0929348768617615,S3_gaming,游戏（高 CPU/GPU 负载）,1.0,5.0,1,cutoff
2260.0,0.6277777777777778,0.8373182887023637,83.73182887023637,3.875377467087517,32.78813249477813,4.092934876861729,S3_gaming,游戏（高 CPU/GPU 负载）,1.0,5.0,1,cutoff
2265.0,0.6291666666666667,0.8369515652656265,83.69515652656266,3.8751931057612765,32.789558023229176,4.0929348768617135,S3_gaming,游戏（高 CPU/GPU 负载）,1.0,5.0,1,cutoff
2270.0,0.6305555555555555,0.8365848243729134,83.65848243729134,3.8750085617844228,32.79097228606459,4.0929348768617055,S3_gaming,游戏（高 CPU/GPU 负载）,1.0,5.0,1,cutoff
2275.0,0.6319444444444444,0.8362180660062634,83.62180660062634,3.874823855654938,32.79237537956264,4.092934876861702,S3_gaming,游戏（高 CPU/GPU 负载）,1.0,5.0,1,cutoff
2280.0,0.6333333333333333,0.835851290149522,83.5851290149522,3.874639005197036,32.793767398431925,4.0929348768617,S3_gaming,游戏（高 CPU/GPU 负载）,1.0,5.0,1,cutoff
2285.0,0.6347222222222222,0.8354844967881057,83.54844967881057,3.8744540259120206,32.795148435928944,4.092934876861699,S3_gaming,游戏（高 CPU/GPU 负载）,1.0,5.0,1,cutoff
2290.0,0.6361111111111111,0.8351176859087972,83.51176859087973,3.8742689312830962,32.796518583960946,4.092934876861699,S3_gaming,游戏（高 CPU/GPU 负载）,1.0,5.0,1,cutoff
2295.0,0.6375,0.8347508574995679,83.47508574995679,3.8740837330401696,32.797877933175954,4.092934876861699,S3_gaming,游戏（高 CPU/GPU 负载）,1.0,5.0,1,cutoff
2300.0,0.6388888888888888,0.834384011549423,83.4384011549423,3.873898441389894,32.79922657304165,4.092934876861699,S3_gaming,游戏（高 CPU/GPU 负载）,1.0,5.0,1,cutoff
2305.0,0.6402777777777777,0.8340171480482674,83.40171480482674,3.873713065215521,32.80056459191458,4.092934876861699,S3_gaming,游戏（高 CPU/GPU 负载）,1.0,5.0,1,cutoff
2310.0,0.6416666666666667,0.8336502669867896,83.36502669867896,3.8735276122505162,32.80189207710095,4.092934876861699,S3_gaming,游戏（高 CPU/GPU 负载）,1.0,5.0,1,cutoff
2315.0,0.6430555555555556,0.8332833683563595,83.32833683563595,3.8733420892293893,32.803209114910146,4.092934876861699,S3_gaming,游戏（高 CPU/GPU 负载）,1.0,5.0,1,cutoff
2320.0,0.6444444444444445,0.8329164521489413,83.29164521489413,3.8731565020187215,32.80451579070183,4.092934876861699,S3_gaming,游戏（高 CPU/GPU 负载）,1.0,5.0,1,cutoff
2325.0,0.6458333333333334,0.8325495183570161,83.2549518357016,3.8729708557309963,32.8058121889276,4.092934876861699,S3_gaming,游戏（高 CPU/GPU 负载）,1.0,5.0,1,cutoff
2330.0,0.6472222222222223,0.832182566973516,83.2182566973516,3.872785154823483,32.80709839316778,4.092934876861699,S3_gaming,游戏（高 CPU/GPU 负载）,1.0,5.0,1,cutoff
2335.0,0.6486111111111111,0.8318155979917663,83.18155979917663,3.872599403184143,32.80837448616408,4.092934876861699,S3_gaming,游戏（高 CPU/GPU 负载）,1.0,5.0,1,cutoff
2340.0,0.65,0.8314486114054349,83.1448611405435,3.8724136042062622,32.80964054984859,4.092934876861699,S3_gaming,游戏（高 CPU/GPU 负载）,1.0,5.0,1,cutoff
2345.0,0.6513888888888889,0.8310816072084892,83.10816072084893,3.872227760853274,32.81089666536964,4.092934876861699,S3_gaming,游戏（高 CPU/GPU 负载）,1.0,5.0,1,cutoff
2350.0,0.6527777777777778,0.830714585395158,83.0714585395158,3.872041875715087,32.81214291311488,4.092934876861699,S3_gaming,游戏（高 CPU/GPU 负载）,1.0,5.0,1,cutoff
2355.0,0.6541666666666667,0.8303475459598981,83.03475459598981,3.8718559510570034,32.81337937273201,4.092934876861699,S3_gaming,游戏（高 CPU/GPU 负载）,1.0,5.0,1,cutoff
2360.0,0.6555555555555556,0.8299804888973665,82.99804888973665,3.871669988862231,32.81460612314735,4.092934876861699,S3_gaming,游戏（高 CPU/GPU 负载）,1.0,5.0,1,cutoff
2365.0,0.6569444444444444,0.829613414202395,82.96134142023949,3.8714839908688,32.815823242582695,4.092934876861699,S3_gaming,游戏（高 CPU/GPU 负载）,1.0,5.0,1,cutoff
2370.0,0.6583333333333333,0.8292463218699684,82.92463218699683,3.8712979586016396,32.81703080857051,4.092934876861699,S3_gaming,游戏（高 CPU/GPU 负载）,1.0,5.0,1,cutoff
2375.0,0.6597222222222222,0.8288792118952063,82.88792118952063,3.8711118934004465,32.81822889796774,4.092934876861699,S3_gaming,游戏（高 CPU/GPU 负载）,1.0,5.0,1,cutoff
2380.0,0.6611111111111111,0.8285120842733462,82.85120842733463,3.8709257964438892,32.81941758696851,4.092934876861699,S3_gaming,游戏（高 CPU/GPU 负载）,1.0,5.0,1,cutoff
2385.0,0.6625,0.8281449389997296,82.81449389997296,3.8707396687706366,32.82059695111565,4.092934876861699,S3_gaming,游戏（高 CPU/GPU 负载）,1.0,5.0,1,cutoff
2390.0,0.6638888888888889,0.8277777760697895,82.77777760697896,3.8705535112976275,32.82176706531137,4.092934876861699,S3_gaming,游戏（高 CPU/GPU 负载）,1.0,5.0,1,cutoff
2395.0,0.6652777777777777,0.8274105954790396,82.74105954790396,3.8703673248359407,32.82292800382717,4.092934876861699,S3_gaming,游戏（高 CPU/GPU 负载）,1.0,5.0,1,cutoff
2400.0,0.6666666666666666,0.8270433972230653,82.70433972230653,3.8701811101045815,32.82407984031296,4.092934876861699,S3_gaming,游戏（高 CPU/GPU 负载）,1.0,5.0,1,cutoff
2405.0,0.6680555555555555,0.8266761812975151,82.6676181297515,3.869994867742461,32.825222647805624,4.092934876861699,S3_gaming,游戏（高 CPU/GPU 负载）,1.0,5.0,1,cutoff
2410.0,0.6694444444444444,0.8263089476980937,82.63089476980937,3.8698085983187966,32.82635649873702,4.092934876861699,S3_gaming,游戏（高 CPU/GPU 负载）,1.0,5.0,1,cutoff
2415.0,0.6708333333333333,0.8259416964205561,82.59416964205562,3.869622302342158,32.82748146494154,4.092934876861699,S3_gaming,游戏（高 CPU/GPU 负载）,1.0,5.0,1,cutoff
2420.0,0.6722222222222223,0.8255744274607021,82.55744274607021,3.8694359802683143,32.82859761766323,4.092934876861699,S3_gaming,游戏（高 CPU/GPU 负载）,1.0,5.0,1,cutoff
2425.0,0.6736111111111112,0.8252071408143712,82.52071408143712,3.8692496325070618,32.829705027562525,4.092934876861699,S3_gaming,游戏（高 CPU/GPU 负载）,1.0,5.0,1,cutoff
2430.0,0.675,0.8248398364774392,82.48398364774391,3.8690632594281467,32.83080376472274,4.092934876861699,S3_gaming,游戏（高 CPU/GPU 负载）,1.0,5.0,1,cutoff
2435.0,0.6763888888888889,0.8244725144458144,82.44725144458144,3.8688768613664175,32.83189389865617,4.092934876861699,S3_gaming,游戏（高 CPU/GPU 负载）,1.0,5.0,1,cutoff
2440.0,0.6777777777777778,0.8241051747154342,82.41051747154341,3.8686904386263,32.83297549831003,4.092934876861699,S3_gaming,游戏（高 CPU/GPU 负载）,1.0,5.0,1,cutoff
2445.0,0.6791666666666667,0.823737817282263,82.3737817282263,3.8685039914856825,32.83404863207212,4.092934876861699,S3_gaming,游戏（高 CPU/GPU 负载）,1.0,5.0,1,cutoff
2450.0,0.6805555555555556,0.8233704421422895,82.33704421422895,3.8683175201992936,32.83511336777631,4.092934876861699,S3_gaming,游戏（高 CPU/GPU 负载）,1.0,5.0,1,cutoff
2455.0,0.6819444444444445,0.8230030492915245,82.30030492915245,3.86813102500164,32.83616977270785,4.092934876861699,S3_gaming,游戏（高 CPU/GPU 负载）,1.0,5.0,1,cutoff
2460.0,0.6833333333333333,0.8226356387259994,82.26356387259995,3.8679445061095508,32.83721791360853,4.092934876861699,S3_gaming,游戏（高 CPU/GPU 负载）,1.0,5.0,1,cutoff
2465.0,0.6847222222222222,0.8222682104417647,82.22682104417646,3.8677579637244004,32.83825785668166,4.092934876861699,S3_gaming,游戏（高 CPU/GPU 负载）,1.0,5.0,1,cutoff
2470.0,0.6861111111111111,0.8219007644348884,82.19007644348883,3.867571398034029,32.839289667596994,4.092934876861699,S3_gaming,游戏（高 CPU/GPU 负载）,1.0,5.0,1,cutoff
2475.0,0.6875,0.8215333007014547,82.15333007014547,3.8673848092144185,32.840313411495465,4.092934876861699,S3_gaming,游戏（高 CPU/GPU 负载）,1.0,5.0,1,cutoff
2480.0,0.6888888888888889,0.8211658192375634,82.11658192375634,3.867198197431145,32.84132915299386,4.092934876861699,S3_gaming,游戏（高 CPU/GPU 负载）,1.0,5.0,1,cutoff
2485.0,0.6902777777777778,0.8207983200393286,82.07983200393286,3.867011562840646,32.842336956189385,4.092934876861699,S3_gaming,游戏（高 CPU/GPU 负载）,1.0,5.0,1,cutoff
2490.0,0.6916666666666667,0.820430803102878,82.04308031028779,3.866824905591318,32.84333688466416,4.092934876861699,S3_gaming,游戏（高 CPU/GPU 负载）,1.0,5.0,1,cutoff
2495.0,0.6930555555555555,0.8200632684243522,82.00632684243521,3.8666382258244703,32.844329001489626,4.092934876861699,S3_gaming,游戏（高 CPU/GPU 负载）,1.0,5.0,1,cutoff
2500.0,0.6944444444444444,0.819695715999904,81.9695715999904,3.8664515236751593,32.84531336923086,4.092934876861699,S3_gaming,游戏（高 CPU/GPU 负载）,1.0,5.0,1,cutoff
2505.0,0.6958333333333333,0.819328145825698,81.9328145825698,3.8662647992729062,32.84629004995085,4.092934876861699,S3_gaming,游戏（高 CPU/GPU 负载）,1.0,5.0,1,cutoff
2510.0,0.6972222222222222,0.81896055789791,81.896055789791,3.86607805274233,32.84725910521472,4.092934876861699,S3_gaming,游戏（高 CPU/GPU 负载）,1.0,5.0,1,cutoff
2515.0,0.6986111111111111,0.8185929522127264,81.85929522127265,3.86589128420369,32.848220596093824,4.092934876861699,S3_gaming,游戏（高 CPU/GPU 负载）,1.0,5.0,1,cutoff
2520.0,0.7,0.8182253287663444,81.82253287663444,3.8657044937733636,32.8491745831699,4.092934876861699,S3_gaming,游戏（高 CPU/GPU 负载）,1.0,5.0,1,cutoff
2525.0,0.7013888888888888,0.8178576875549708,81.78576875549707,3.8655176815642585,32.85012112653905,4.092934876861699,S3_gaming,游戏（高 CPU/GPU 负载）,1.0,5.0,1,cutoff
2530.0,0.7027777777777777,0.8174900285748223,81.74900285748224,3.865330847686175,32.85106028581579,4.092934876861699,S3_gaming,游戏（高 CPU/GPU 负载）,1.0,5.0,1,cutoff
2535.0,0.7041666666666667,0.8171223518221252,81.71223518221252,3.865143992246118,32.851992120136956,4.092934876861699,S3_gaming,游戏（高 CPU/GPU 负载）,1.0,5.0,1,cutoff
2540.0,0.7055555555555556,0.8167546572931149,81.6754657293115,3.8649571153485693,32.85291668816561,4.092934876861699,S3_gaming,游戏（高 CPU/GPU 负载）,1.0,5.0,1,cutoff
2545.0,0.7069444444444445,0.8163869449840357,81.63869449840358,3.8647702170957268,32.8538340480949,4.092934876861699,S3_gaming,游戏（高 CPU/GPU 负载）,1.0,5.0,1,cutoff
2550.0,0.7083333333333334,0.8160192148911409,81.60192148911409,3.864583297587714,32.85474425765192,4.092934876861699,S3_gaming,游戏（高 CPU/GPU 负载）,1.0,5.0,1,cutoff
2555.0,0.7097222222222223,0.8156514670106922,81.56514670106922,3.8643963569227564,32.85564737410144,4.092934876861699,S3_gaming,游戏（高 CPU/GPU 负载）,1.0,5.0,1,cutoff
2560.0,0.7111111111111111,0.8152837013389599,81.52837013389599,3.864209395197342,32.85654345424966,4.092934876861699,S3_gaming,游戏（高 CPU/GPU 负载）,1.0,5.0,1,cutoff
2565.0,0.7125,0.8149159178722223,81.49159178722223,3.8640224125063605,32.85743255444795,4.092934876861699,S3_gaming,游戏（高 CPU/GPU 负载）,1.0,5.0,1,cutoff
2570.0,0.7138888888888889,0.8145481166067661,81.45481166067661,3.86383540894322,32.858314730596504,4.092934876861699,S3_gaming,游戏（高 CPU/GPU 负载）,1.0,5.0,1,cutoff
2575.0,0.7152777777777778,0.8141802975388859,81.41802975388859,3.8636483845999563,32.85919003814797,4.092934876861699,S3_gaming,游戏（高 CPU/GPU 负载）,1.0,5.0,1,cutoff
2580.0,0.7166666666666667,0.8138124606648842,81.38124606648842,3.8634613395673223,32.86005853211107,4.092934876861699,S3_gaming,游戏（高 CPU/GPU 负载）,1.0,5.0,1,cutoff
2585.0,0.7180555555555556,0.8134446059810713,81.34446059810713,3.8632742739348704,32.860920267054176,4.092934876861699,S3_gaming,游戏（高 CPU/GPU 负载）,1.0,5.0,1,cutoff
2590.0,0.7194444444444444,0.813076733483765,81.3076733483765,3.8630871877910224,32.86177529710885,4.092934876861699,S3_gaming,游戏（高 CPU/GPU 负载）,1.0,5.0,1,cutoff
2595.0,0.7208333333333333,0.8127088431692907,81.27088431692907,3.862900081223132,32.86262367597335,4.092934876861699,S3_gaming,游戏（高 CPU/GPU 负载）,1.0,5.0,1,cutoff
2600.0,0.7222222222222222,0.8123409350339814,81.23409350339814,3.8627129543175407,32.86346545691613,4.092934876861699,S3_gaming,游戏（高 CPU/GPU 负载）,1.0,5.0,1,cutoff
2605.0,0.7236111111111111,0.8119730090741772,81.19730090741773,3.8625258071596242,32.864300692779274,4.092934876861699,S3_gaming,游戏（高 CPU/GPU 负载）,1.0,5.0,1,cutoff
2610.0,0.725,0.8116050652862259,81.16050652862259,3.8623386398338364,32.86512943598192,4.092934876861699,S3_gaming,游戏（高 CPU/GPU 负载）,1.0,5.0,1,cutoff
2615.0,0.7263888888888889,0.8112371036664819,81.1237103666482,3.8621514524237446,32.86595173852367,4.092934876861699,S3_gaming,游戏（高 CPU/GPU 负载）,1.0,5.0,1,cutoff
2620.0,0.7277777777777777,0.8108691242113073,81.08691242113073,3.8619642450120684,32.86676765198794,4.092934876861699,S3_gaming,游戏（高 CPU/GPU 负载）,1.0,5.0,1,cutoff
2625.0,0.7291666666666666,0.8105011269170709,81.05011269170708,3.861777017680701,32.86757722754532,4.092934876861699,S3_gaming,游戏（高 CPU/GPU 负载）,1.0,5.0,1,cutoff
2630.0,0.7305555555555555,0.8101331117801485,81.01331117801485,3.8615897705107454,32.86838051595684,4.092934876861699,S3_gaming,游戏（高 CPU/GPU 负载）,1.0,5.0,1,cutoff
2635.0,0.7319444444444444,0.8097650787969228,80.97650787969228,3.861402503582528,32.86917756757729,4.092934876861699,S3_gaming,游戏（高 CPU/GPU 负载）,1.0,5.0,1,cutoff
2640.0,0.7333333333333333,0.8093970279637835,80.93970279637836,3.8612152169756286,32.86996843235847,4.092934876861699,S3_gaming,游戏（高 CPU/GPU 负载）,1.0,5.0,1,cutoff
2645.0,0.7347222222222223,0.8090289592771268,80.90289592771268,3.8610279107688927,32.87075315985242,4.092934876861699,S3_gaming,游戏（高 CPU/GPU 负载）,1.0,5.0,1,cutoff
2650.0,0.7361111111111112,0.8086608727333556,80.86608727333557,3.860840585040452,32.87153179921461,4.092934876861699,S3_gaming,游戏（高 CPU/GPU 负载）,1.0,5.0,1,cutoff
2655.0,0.7375,0.8082927683288796,80.82927683288797,3.8606532398677404,32.872304399207124,4.092934876861699,S3_gaming,游戏（高 CPU/GPU 负载）,1.0,5.0,1,cutoff
2660.0,0.7388888888888889,0.807924646060115,80.7924646060115,3.8604658753275056,32.87307100820181,4.092934876861699,S3_gaming,游戏（高 CPU/GPU 负载）,1.0,5.0,1,cutoff
2665.0,0.7402777777777778,0.8075565059234845,80.75565059234845,3.8602784914958232,32.873831674183414,4.092934876861699,S3_gaming,游戏（高 CPU/GPU 负载）,1.0,5.0,1,cutoff
2670.0,0.7416666666666667,0.8071452179533654,80.71452179533654,3.8510259771039537,32.883858605052296,4.561864228444583,S3_gaming,游戏（高 CPU/GPU 负载）,1.0,5.0,1,cutoff
2675.0,0.7430555555555556,0.806752580756424,80.6752580756424,3.8545028617618593,32.88979729384798,4.358833113752089,S3_gaming,游戏（高 CPU/GPU 负载）,1.0,5.0,1,cutoff
2680.0,0.7444444444444445,0.806360957921501,80.6360957921501,3.85441869092417,32.89546902031158,4.3474638383754955,S3_gaming,游戏（高 CPU/GPU 负载）,1.0,5.0,1,cutoff
2685.0,0.7458333333333333,0.805969805777273,80.5969805777273,3.854240946371894,32.90099234478168,4.342028830939376,S3_gaming,游戏（高 CPU/GPU 负载）,1.0,5.0,1,cutoff
2690.0,0.7472222222222222,0.8055788649676255,80.55788649676255,3.8540233990889843,32.90642387478051,4.339430661324142,S3_gaming,游戏（高 CPU/GPU 负载）,1.0,5.0,1,cutoff
2695.0,0.7486111111111111,0.8051880119695499,80.518801196955,3.8537910961764505,32.911790637013745,4.338188623400761,S3_gaming,游戏（高 CPU/GPU 负载）,1.0,5.0,1,cutoff
2700.0,0.75,0.8047971881327606,80.47971881327605,3.853555443230572,32.91710554422373,4.337594875327475,S3_gaming,游戏（高 CPU/GPU 负载）,1.0,5.0,1,cutoff
2705.0,0.7513888888888889,0.804428805509148,80.4428805509148,3.858034667736118,32.91755329522197,4.093194834487238,S3_gaming,游戏（高 CPU/GPU 负载）,1.0,5.0,1,cutoff
2710.0,0.7527777777777778,0.804060426937322,80.4060426937322,3.857942326439088,32.9179906015676,4.093059147897546,S3_gaming,游戏（高 CPU/GPU 负载）,1.0,5.0,1,cutoff
2715.0,0.7541666666666667,0.8036920446644042,80.36920446644042,3.857836427644221,32.91841953406113,4.092994283814345,S3_gaming,游戏（高 CPU/GPU 负载）,1.0,5.0,1,cutoff
2720.0,0.7555555555555555,0.8033236544913451,80.33236544913451,3.8577192471390376,32.9188413376028,4.092963275965309,S3_gaming,游戏（高 CPU/GPU 负载）,1.0,5.0,1,cutoff
2725.0,0.7569444444444444,0.8029552539826271,80.29552539826271,3.8575925037047676,32.919256829043576,4.092948452866694,S3_gaming,游戏（高 CPU/GPU 负载）,1.0,5.0,1,cutoff
2730.0,0.7583333333333333,0.8025868416019126,80.25868416019127,3.8574575668254996,32.91966659204356,4.092941366781738,S3_gaming,游戏（高 CPU/GPU 负载）,1.0,5.0,1,cutoff
2735.0,0.7597222222222222,0.8022184162914557,80.22184162914557,3.8573155669078556,32.92007107420056,4.092937979325357,S3_gaming,游戏（高 CPU/GPU 负载）,1.0,5.0,1,cutoff
2740.0,0.7611111111111111,0.801849977264625,80.1849977264625,3.8571674574592474,32.92047063687883,4.092936359974078,S3_gaming,游戏（高 CPU/GPU 负载）,1.0,5.0,1,cutoff
2745.0,0.7625,0.8014815239011495,80.14815239011494,3.857014053051676,32.92086558193668,4.092935585853833,S3_gaming,游戏（高 CPU/GPU 负载）,1.0,5.0,1,cutoff
2750.0,0.7638888888888888,0.8011130556922039,80.11130556922039,3.8568560546255726,32.92125616699573,4.092935215790733,S3_gaming,游戏（高 CPU/GPU 负载）,1.0,5.0,1,cutoff
2755.0,0.7652777777777777,0.8007445722099579,80.07445722099578,3.8566940677999435,32.921642614880554,4.092935038884498,S3_gaming,游戏（高 CPU/GPU 负载）,1.0,5.0,1,cutoff
2760.0,0.7666666666666667,0.8003760730893708,80.03760730893707,3.856528617021433,32.92202511997154,4.092934954315634,S3_gaming,游戏（高 CPU/GPU 负载）,1.0,5.0,1,cutoff
2765.0,0.7680555555555556,0.8000075580163228,80.00075580163228,3.856360157014074,32.922403852826356,4.092934913888044,S3_gaming,游戏（高 CPU/GPU 负载）,1.0,5.0,1,cutoff
2770.0,0.7694444444444445,0.7996390267191908,79.96390267191909,3.8561890823219676,32.92277896375476,4.0929348945619,S3_gaming,游戏（高 CPU/GPU 负载）,1.0,5.0,1,cutoff
2775.0,0.7708333333333334,0.7992704789624326,79.92704789624327,3.856015735404754,32.923150585705805,4.092934885323164,S3_gaming,游戏（高 CPU/GPU 负载）,1.0,5.0,1,cutoff
2780.0,0.7722222222222223,0.7989019145414463,79.89019145414463,3.855840413576224,32.923518836665345,4.092934880906647,S3_gaming,游戏（高 CPU/GPU 负载）,1.0,5.0,1,cutoff
2785.0,0.7736111111111111,0.7985333332783117,79.85333332783117,3.855663374986033,32.92388382168123,4.09293487879536,S3_gaming,游戏（高 CPU/GPU 负载）,1.0,5.0,1,cutoff
2790.0,0.775,0.7981647350181902,79.81647350181902,3.855484843793292,32.924245634591635,4.092934877786073,S3_gaming,游戏（高 CPU/GPU 负载）,1.0,5.0,1,cutoff
2795.0,0.7763888888888889,0.7977961196262456,79.77961196262456,3.8553050146492804,32.92460435950894,4.092934877303589,S3_gaming,游戏（高 CPU/GPU 负载）,1.0,5.0,1,cutoff
2800.0,0.7777777777777778,0.7974274869849928,79.74274869849928,3.855124056585421,32.9249600720984,4.092934877072942,S3_gaming,游戏（高 CPU/GPU 负载）,1.0,5.0,1,cutoff
2805.0,0.7791666666666667,0.7970588369920051,79.70588369920051,3.854942116387286,32.925312840682494,4.0929348769626825,S3_gaming,游戏（高 CPU/GPU 负载）,1.0,5.0,1,cutoff
2810.0,0.7805555555555556,0.7966901695579293,79.66901695579293,3.8547593215234595,32.925662727196006,4.092934876909974,S3_gaming,游戏（高 CPU/GPU 负载）,1.0,5.0,1,cutoff
2815.0,0.7819444444444444,0.7963214846047637,79.63214846047637,3.8545757826884075,32.92600978801285,4.092934876884776,S3_gaming,游戏（高 CPU/GPU 负载）,1.0,5.0,1,cutoff
2820.0,0.7833333333333333,0.7959527820643645,79.59527820643645,3.854391596010435,32.926354074662314,4.0929348768727305,S3_gaming,游戏（高 CPU/GPU 负载）,1.0,5.0,1,cutoff
2825.0,0.7847222222222222,0.795584061877148,79.55840618771481,3.8542068449689286,32.92669563444984,4.092934876866972,S3_gaming,游戏（高 CPU/GPU 负载）,1.0,5.0,1,cutoff
2830.0,0.7861111111111111,0.7952153239909656,79.52153239909656,3.8540216020592046,32.92703451099526,4.09293487686422,S3_gaming,游戏（高 CPU/GPU 负载）,1.0,5.0,1,cutoff
2835.0,0.7875,0.794846568360125,79.4846568360125,3.853835930238224,32.92737074469961,4.092934876862904,S3_gaming,游戏（高 CPU/GPU 负载）,1.0,5.0,1,cutoff
2840.0,0.7888888888888889,0.7944777949445417,79.44777949445417,3.8536498841800078,32.92770437315014,4.092934876862275,S3_gaming,游戏（高 CPU/GPU 负载）,1.0,5.0,1,cutoff
2845.0,0.7902777777777777,0.7941090037090013,79.41090037090012,3.853463511365823,32.9280354314718,4.092934876861975,S3_gaming,游戏（高 CPU/GPU 负载）,1.0,5.0,1,cutoff
2850.0,0.7916666666666666,0.793740194622519,79.3740194622519,3.853276853030874,32.928363952632246,4.092934876861831,S3_gaming,游戏（高 CPU/GPU 负载）,1.0,5.0,1,cutoff
2855.0,0.7930555555555555,0.793371367657784,79.33713676577841,3.8530899449863973,32.928689967706724,4.0929348768617615,S3_gaming,游戏（高 CPU/GPU 负载）,1.0,5.0,1,cutoff
2860.0,0.7944444444444444,0.7930025227906761,79.3002522790676,3.852902818333548,32.92901350610803,4.092934876861729,S3_gaming,游戏（高 CPU/GPU 负载）,1.0,5.0,1,cutoff
2865.0,0.7958333333333333,0.7926336599998459,79.26336599998459,3.8527155000833337,32.92933459578623,4.0929348768617135,S3_gaming,游戏（高 CPU/GPU 负载）,1.0,5.0,1,cutoff
2870.0,0.7972222222222223,0.7922647792663515,79.22647792663516,3.8525280136949456,32.929653263402194,4.0929348768617055,S3_gaming,游戏（高 CPU/GPU 负载）,1.0,5.0,1,cutoff
2875.0,0.7986111111111112,0.7918958805733413,79.18958805733412,3.8523403795432394,32.92996953447833,4.092934876861702,S3_gaming,游戏（高 CPU/GPU 负载）,1.0,5.0,1,cutoff
2880.0,0.8,0.7915269639057793,79.15269639057793,3.8521526153246857,32.930283433529624,4.0929348768617,S3_gaming,游戏（高 CPU/GPU 负载）,1.0,5.0,1,cutoff
2885.0,0.8013888888888889,0.791158029250207,79.11580292502069,3.851964736409886,32.93059498417749,4.092934876861699,S3_gaming,游戏（高 CPU/GPU 负载）,1.0,5.0,1,cutoff
2890.0,0.8027777777777778,0.7907890765945358,79.07890765945358,3.8517767561496936,32.93090420924881,4.092934876861699,S3_gaming,游戏（高 CPU/GPU 负载）,1.0,5.0,1,cutoff
2895.0,0.8041666666666667,0.790420105927867,79.04201059278671,3.85158868614104,32.93121113086204,4.092934876861699,S3_gaming,游戏（高 CPU/GPU 负载）,1.0,5.0,1,cutoff
2900.0,0.8055555555555556,0.7900511172403359,79.0051117240336,3.851400536457772,32.931515770502116,4.092934876861699,S3_gaming,游戏（高 CPU/GPU 负载）,1.0,5.0,1,cutoff
2905.0,0.8069444444444445,0.7896821105229755,78.96821105229755,3.85121231585111,32.93181814908564,4.092934876861699,S3_gaming,游戏（高 CPU/GPU 负载）,1.0,5.0,1,cutoff
2910.0,0.8083333333333333,0.7893130857675991,78.9313085767599,3.8510240319237115,32.932118287017644,4.092934876861699,S3_gaming,游戏（高 CPU/GPU 负载）,1.0,5.0,1,cutoff
2915.0,0.8097222222222222,0.7889440429666974,78.89440429666973,3.850835691280835,32.93241620424096,4.092934876861699,S3_gaming,游戏（高 CPU/GPU 负载）,1.0,5.0,1,cutoff
2920.0,0.8111111111111111,0.7885749821133502,78.85749821133501,3.8506472996615972,32.93271192027931,4.092934876861699,S3_gaming,游戏（高 CPU/GPU 负载）,1.0,5.0,1,cutoff
2925.0,0.8125,0.7882059032011488,78.82059032011487,3.850458862052961,32.933005454274806,4.092934876861699,S3_gaming,游戏（高 CPU/GPU 负载）,1.0,5.0,1,cutoff
2930.0,0.8138888888888889,0.787836806224129,78.7836806224129,3.8502703827887115,32.933296825020676,4.092934876861699,S3_gaming,游戏（高 CPU/GPU 负载）,1.0,5.0,1,cutoff
2935.0,0.8152777777777778,0.7874676911767129,78.74676911767129,3.8500818656354148,32.93358605098983,4.092934876861699,S3_gaming,游戏（高 CPU/GPU 负载）,1.0,5.0,1,cutoff
2940.0,0.8166666666666667,0.7870985580536581,78.70985580536582,3.84989331386705,32.93387315035977,4.092934876861699,S3_gaming,游戏（高 CPU/GPU 负载）,1.0,5.0,1,cutoff
2945.0,0.8180555555555555,0.7867294068500142,78.67294068500142,3.8497047303298277,32.934158141034395,4.092934876861699,S3_gaming,游戏（高 CPU/GPU 负载）,1.0,5.0,1,cutoff
2950.0,0.8194444444444444,0.7863602375610843,78.63602375610843,3.8495161174984727,32.934441040663046,4.092934876861699,S3_gaming,游戏（高 CPU/GPU 负载）,1.0,5.0,1,cutoff
2955.0,0.8208333333333333,0.7859910501823919,78.59910501823919,3.8493274775250947,32.934721866657206,4.092934876861699,S3_gaming,游戏（高 CPU/GPU 负载）,1.0,5.0,1,cutoff
2960.0,0.8222222222222222,0.7856218447096521,78.5621844709652,3.8491388122816343,32.93500063620511,4.092934876861699,S3_gaming,游戏（高 CPU/GPU 负载）,1.0,5.0,1,cutoff
2965.0,0.8236111111111111,0.7852526211387469,78.52526211387469,3.8489501233967145,32.93527736628458,4.092934876861699,S3_gaming,游戏（高 CPU/GPU 负载）,1.0,5.0,1,cutoff
2970.0,0.825,0.7848833794657032,78.48833794657033,3.8487614122876455,32.9355520736743,4.092934876861699,S3_gaming,游戏（高 CPU/GPU 负载）,1.0,5.0,1,cutoff
2975.0,0.8263888888888888,0.7845141196866737,78.45141196866737,3.8485726801882154,32.935824774963734,4.092934876861699,S3_gaming,游戏（高 CPU/GPU 负载）,1.0,5.0,1,cutoff
2980.0,0.8277777777777777,0.7841448417979213,78.41448417979213,3.848383928172823,32.936095486561875,4.092934876861699,S3_gaming,游戏（高 CPU/GPU 负载）,1.0,5.0,1,cutoff
2985.0,0.8291666666666667,0.783775545795804,78.3775545795804,3.848195157177434,32.936364224704974,4.092934876861699,S3_gaming,游戏（高 CPU/GPU 负载）,1.0,5.0,1,cutoff
2990.0,0.8305555555555556,0.783406231676763,78.3406231676763,3.84800636801778,32.936631005463376,4.092934876861699,S3_gaming,游戏（高 CPU/GPU 负载）,1.0,5.0,1,cutoff
2995.0,0.8319444444444445,0.7830368994373123,78.30368994373123,3.8478175614051593,32.93689584474757,4.092934876861699,S3_gaming,游戏（高 CPU/GPU 负载）,1.0,5.0,1,cutoff
3000.0,0.8333333333333334,0.7826675490740282,78.26675490740283,3.847628737960162,32.937158758313586,4.092934876861699,S3_gaming,游戏（高 CPU/GPU 负载）,1.0,5.0,1,cutoff
3005.0,0.8347222222222223,0.7822981805835428,78.22981805835428,3.8474398982245823,32.93741976176783,4.092934876861699,S3_gaming,游戏（高 CPU/GPU 负载）,1.0,5.0,1,cutoff
3010.0,0.8361111111111111,0.7819287939625357,78.19287939625357,3.8472510426717736,32.93767887057134,4.092934876861699,S3_gaming,游戏（高 CPU/GPU 负载）,1.0,5.0,1,cutoff
3015.0,0.8375,0.7815593892077283,78.15593892077283,3.8470621717156246,32.93793610004367,4.092934876861699,S3_gaming,游戏（高 CPU/GPU 负载）,1.0,5.0,1,cutoff
3020.0,0.8388888888888889,0.7811899663158787,78.11899663158786,3.8468732857183707,32.93819146536635,4.092934876861699,S3_gaming,游戏（高 CPU/GPU 负载）,1.0,5.0,1,cutoff
3025.0,0.8402777777777778,0.7808205252837768,78.08205252837767,3.8466843849973666,32.938444981586024,4.092934876861699,S3_gaming,游戏（高 CPU/GPU 负载）,1.0,5.0,1,cutoff
3030.0,0.8416666666666667,0.7804510661082403,78.04510661082404,3.8464954698309715,32.9386966636173,4.092934876861699,S3_gaming,游戏（高 CPU/GPU 负载）,1.0,5.0,1,cutoff
3035.0,0.8430555555555556,0.7800815887861116,78.00815887861116,3.846306540463657,32.938946526245324,4.092934876861699,S3_gaming,游戏（高 CPU/GPU 负载）,1.0,5.0,1,cutoff
3040.0,0.8444444444444444,0.7797120933142541,77.9712093314254,3.8461175971104478,32.93919458412816,4.092934876861699,S3_gaming,游戏（高 CPU/GPU 负载）,1.0,5.0,1,cutoff
3045.0,0.8458333333333333,0.7793425796895501,77.93425796895501,3.845928639960773,32.93944085179895,4.092934876861699,S3_gaming,游戏（高 CPU/GPU 负载）,1.0,5.0,1,cutoff
3050.0,0.8472222222222222,0.7789730479088985,77.89730479088985,3.8457396691818135,32.939685343667925,4.092934876861699,S3_gaming,游戏（高 CPU/GPU 负载）,1.0,5.0,1,cutoff
3055.0,0.8486111111111111,0.7786034979692126,77.86034979692126,3.8455506849214056,32.93992807402426,4.092934876861699,S3_gaming,游戏（高 CPU/GPU 负载）,1.0,5.0,1,cutoff
3060.0,0.85,0.7782339298674181,77.82339298674181,3.845361687310567,32.940169057037785,4.092934876861699,S3_gaming,游戏（高 CPU/GPU 负载）,1.0,5.0,1,cutoff
3065.0,0.8513888888888889,0.7778643436004525,77.78643436004525,3.8451726764656895,32.940408306760624,4.092934876861699,S3_gaming,游戏（高 CPU/GPU 负载）,1.0,5.0,1,cutoff
3070.0,0.8527777777777777,0.7774947391652629,77.74947391652628,3.8449836524904377,32.94064583712868,4.092934876861699,S3_gaming,游戏（高 CPU/GPU 负载）,1.0,5.0,1,cutoff
3075.0,0.8541666666666666,0.7771251165588051,77.71251165588052,3.844794615477407,32.940881661963076,4.092934876861699,S3_gaming,游戏（高 CPU/GPU 负载）,1.0,5.0,1,cutoff
3080.0,0.8555555555555555,0.7767554757780429,77.6755475778043,3.8446055655095552,32.941115794971495,4.092934876861699,S3_gaming,游戏（高 CPU/GPU 负载）,1.0,5.0,1,cutoff
3085.0,0.8569444444444444,0.776385816819947,77.6385816819947,3.84441650266145,32.94134824974947,4.092934876861699,S3_gaming,游戏（高 CPU/GPU 负载）,1.0,5.0,1,cutoff
3090.0,0.8583333333333333,0.7760161396814941,77.60161396814941,3.844227427000355,32.941579039781594,4.092934876861699,S3_gaming,游戏（高 CPU/GPU 负载）,1.0,5.0,1,cutoff
3095.0,0.8597222222222223,0.7756464443596667,77.56464443596667,3.844038338587164,32.941808178442706,4.092934876861699,S3_gaming,游戏（高 CPU/GPU 负载）,1.0,5.0,1,cutoff
3100.0,0.8611111111111112,0.775276730851452,77.5276730851452,3.8438492374772237,32.942035678999,4.092934876861699,S3_gaming,游戏（高 CPU/GPU 负载）,1.0,5.0,1,cutoff
3105.0,0.8625,0.7749069991538419,77.49069991538418,3.843660123721038,32.942261554609104,4.092934876861699,S3_gaming,游戏（高 CPU/GPU 负载）,1.0,5.0,1,cutoff
3110.0,0.8638888888888889,0.774537249263832,77.4537249263832,3.8434709973648893,32.94248581832514,4.092934876861699,S3_gaming,游戏（高 CPU/GPU 负载）,1.0,5.0,1,cutoff
3115.0,0.8652777777777778,0.7741674811784222,77.41674811784222,3.843281858451368,32.94270848309373,4.092934876861699,S3_gaming,游戏（高 CPU/GPU 负载）,1.0,5.0,1,cutoff
3120.0,0.8666666666666667,0.7737976948946148,77.37976948946148,3.843092707019842,32.94292956175698,4.092934876861699,S3_gaming,游戏（高 CPU/GPU 负载）,1.0,5.0,1,cutoff
3125.0,0.8680555555555556,0.773427890409416,77.3427890409416,3.842903543106859,32.94314906705343,4.092934876861699,S3_gaming,游戏（高 CPU/GPU 负载）,1.0,5.0,1,cutoff
3130.0,0.8694444444444445,0.7730580677198341,77.30580677198341,3.8427143667464954,32.943367011618996,4.092934876861699,S3_gaming,游戏（高 CPU/GPU 负载）,1.0,5.0,1,cutoff
3135.0,0.8708333333333333,0.7726882268228803,77.26882268228803,3.8425251779706664,32.94358340798787,4.092934876861699,S3_gaming,游戏（高 CPU/GPU 负载）,1.0,5.0,1,cutoff
3140.0,0.8722222222222222,0.7723183677155682,77.23183677155681,3.8423359768093834,32.94379826859345,4.092934876861699,S3_gaming,游戏（高 CPU/GPU 负载）,1.0,5.0,1,cutoff
3145.0,0.8736111111111111,0.7719484903949134,77.19484903949134,3.8421467632909905,32.94401160576915,4.092934876861699,S3_gaming,游戏（高 CPU/GPU 负载）,1.0,5.0,1,cutoff
3150.0,0.875,0.7715785948579337,77.15785948579337,3.841957537442361,32.94422343174932,4.092934876861699,S3_gaming,游戏（高 CPU/GPU 负载）,1.0,5.0,1,cutoff
3155.0,0.8763888888888889,0.7712086811016486,77.12086811016486,3.8417682992890745,32.94443375867007,4.092934876861699,S3_gaming,游戏（高 CPU/GPU 负载）,1.0,5.0,1,cutoff
3160.0,0.8777777777777778,0.7708387491230798,77.08387491230798,3.8415790488555626,32.9446425985701,4.092934876861699,S3_gaming,游戏（高 CPU/GPU 负载）,1.0,5.0,1,cutoff
3165.0,0.8791666666666667,0.7704687989192502,77.04687989192503,3.841389786165246,32.9448499633915,4.092934876861699,S3_gaming,游戏（高 CPU/GPU 负载）,1.0,5.0,1,cutoff
3170.0,0.8805555555555555,0.7700988304871846,77.00988304871846,3.841200511240646,32.945055864980596,4.092934876861699,S3_gaming,游戏（高 CPU/GPU 负载）,1.0,5.0,1,cutoff
3175.0,0.8819444444444444,0.7697288438239093,76.97288438239093,3.8410112241034815,32.94526031508872,4.092934876861699,S3_gaming,游戏（高 CPU/GPU 负载）,1.0,5.0,1,cutoff
3180.0,0.8833333333333333,0.7693588389264517,76.93588389264518,3.840821924774762,32.945463325372984,4.092934876861699,S3_gaming,游戏（高 CPU/GPU 负载）,1.0,5.0,1,cutoff
3185.0,0.8847222222222222,0.7689454585671928,76.89454585671928,3.831530378681989,32.95494071533354,4.561864228444583,S3_gaming,游戏（高 CPU/GPU 负载）,1.0,5.0,1,cutoff
3190.0,0.8861111111111111,0.7685508268993633,76.85508268993632,3.835020071059599,32.960332754419746,4.358833113752089,S3_gaming,游戏（高 CPU/GPU 负载）,1.0,5.0,1,cutoff
3195.0,0.8875,0.7681572145234794,76.81572145234794,3.834934290743094,32.96546217406834,4.3474638383754955,S3_gaming,游戏（高 CPU/GPU 负载）,1.0,5.0,1,cutoff
3200.0,0.8888888888888888,0.7677640749275699,76.77640749275699,3.834754595120872,32.97044753609523,4.342028830939376,S3_gaming,游戏（高 CPU/GPU 负载）,1.0,5.0,1,cutoff
3205.0,0.8902777777777777,0.7673711474062768,76.73711474062767,3.834534963174567,32.97534542812292,4.339430661324142,S3_gaming,游戏（高 CPU/GPU 负载）,1.0,5.0,1,cutoff
3210.0,0.8916666666666667,0.7669783077990284,76.69783077990284,3.8343005373804946,32.98018284728584,4.338188623400761,S3_gaming,游戏（高 CPU/GPU 负载）,1.0,5.0,1,cutoff
3215.0,0.8930555555555556,0.7665854971572027,76.65854971572027,3.8340627654304917,32.984972672591745,4.337594875327475,S3_gaming,游戏（高 CPU/GPU 负载）,1.0,5.0,1,cutoff
3220.0,0.8944444444444445,0.7662152455989407,76.62152455989407,3.838559472509921,32.984897705417616,4.093194834487238,S3_gaming,游戏（高 CPU/GPU 负载）,1.0,5.0,1,cutoff
3225.0,0.8958333333333334,0.7658449979496988,76.58449979496989,3.838465824294296,32.98481643244892,4.093059147897546,S3_gaming,游戏（高 CPU/GPU 负载）,1.0,5.0,1,cutoff
3230.0,0.8972222222222223,0.76547474640153,76.547474640153,3.8383585357181245,32.984730898984246,4.092994283814345,S3_gaming,游戏（高 CPU/GPU 负载）,1.0,5.0,1,cutoff
3235.0,0.8986111111111111,0.765104486721094,76.5104486721094,3.8382398981013344,32.98464232329141,4.092963275965309,S3_gaming,游戏（高 CPU/GPU 负载）,1.0,5.0,1,cutoff
3240.0,0.9,0.7647342164496714,76.47342164496715,3.8381116424237613,32.98455149476751,4.092948452866694,S3_gaming,游戏（高 CPU/GPU 负载）,1.0,5.0,1,cutoff
3245.0,0.9013888888888889,0.7643639340340189,76.4363934034019,3.837975148043633,32.98445896900843,4.092941366781738,S3_gaming,游戏（高 CPU/GPU 负载）,1.0,5.0,1,cutoff
3250.0,0.9027777777777778,0.7639936384033479,76.39936384033479,3.837831553510177,32.98436516509131,4.092937979325357,S3_gaming,游戏（高 CPU/GPU 负载）,1.0,5.0,1,cutoff
3255.0,0.9041666666666667,0.763623328760565,76.3623328760565,3.8376818191190085,32.984270415521316,4.092936359974078,S3_gaming,游戏（高 CPU/GPU 负载）,1.0,5.0,1,cutoff
3260.0,0.9055555555555556,0.7632530044768013,76.32530044768014,3.837526765135772,32.98417499305285,4.092935585853833,S3_gaming,游戏（高 CPU/GPU 负载）,1.0,5.0,1,cutoff
3265.0,0.9069444444444444,0.7628826650360662,76.28826650360662,3.837367097291814,32.98407912603502,4.092935215790733,S3_gaming,游戏（高 CPU/GPU 负载）,1.0,5.0,1,cutoff
3270.0,0.9083333333333333,0.7625123100045134,76.25123100045134,3.8372034252435085,32.98398300791404,4.092935038884498,S3_gaming,游戏（高 CPU/GPU 负载）,1.0,5.0,1,cutoff
3275.0,0.9097222222222222,0.762141939012036,76.2141939012036,3.8370362768414896,32.983886803638306,4.092934954315634,S3_gaming,游戏（高 CPU/GPU 负载）,1.0,5.0,1,cutoff
3280.0,0.9111111111111111,0.7617715517402447,76.17715517402446,3.8368661096793804,32.98379065432347,4.092934913888044,S3_gaming,游戏（高 CPU/GPU 负载）,1.0,5.0,1,cutoff
3285.0,0.9125,0.7614011479139222,76.14011479139222,3.8366933207190623,32.98369468086394,4.0929348945619,S3_gaming,游戏（高 CPU/GPU 负载）,1.0,5.0,1,cutoff
3290.0,0.9138888888888889,0.761030727294508,76.1030727294508,3.8365182544556182,32.983598986850744,4.092934885323164,S3_gaming,游戏（高 CPU/GPU 负载）,1.0,5.0,1,cutoff
3295.0,0.9152777777777777,0.7606602896748742,76.06602896748743,3.836341209914608,32.98350366099489,4.092934880906647,S3_gaming,游戏（高 CPU/GPU 负载）,1.0,5.0,1,cutoff
3300.0,0.9166666666666666,0.7602898348749961,76.02898348749962,3.836162446683449,32.98340877917424,4.09293487879536,S3_gaming,游戏（高 CPU/GPU 负载）,1.0,5.0,1,cutoff
3305.0,0.9180555555555555,0.7599193627382921,75.99193627382921,3.8359821901270967,32.98331440618,4.092934877786073,S3_gaming,游戏（高 CPU/GPU 负载）,1.0,5.0,1,cutoff
3310.0,0.9194444444444444,0.7595488731284926,75.95488731284927,3.835800635906448,32.983220597215784,4.092934877303589,S3_gaming,游戏（高 CPU/GPU 负载）,1.0,5.0,1,cutoff
3315.0,0.9208333333333333,0.7591783659269445,75.91783659269446,3.8356179538965893,32.98312739918903,4.092934877072942,S3_gaming,游戏（高 CPU/GPU 负载）,1.0,5.0,1,cutoff
3320.0,0.9222222222222223,0.7588078410302812,75.88078410302812,3.835434291586465,32.983034851825856,4.0929348769626825,S3_gaming,游戏（高 CPU/GPU 负载）,1.0,5.0,1,cutoff
3325.0,0.9236111111111112,0.7584372983484041,75.84372983484042,3.835249777029505,32.98294298863493,4.092934876909974,S3_gaming,游戏（高 CPU/GPU 负载）,1.0,5.0,1,cutoff
3330.0,0.925,0.7580667378027335,75.80667378027334,3.8350645214049384,32.98285183774148,4.092934876884776,S3_gaming,游戏（高 CPU/GPU 负载）,1.0,5.0,1,cutoff
3335.0,0.9263888888888889,0.7576961593246901,75.76961593246901,3.8348786212413786,32.98276142260942,4.0929348768727305,S3_gaming,游戏（高 CPU/GPU 负载）,1.0,5.0,1,cutoff
3340.0,0.9277777777777778,0.7573255628543778,75.73255628543778,3.8346921603472977,32.98267176266693,4.092934876866972,S3_gaming,游戏（高 CPU/GPU 负载）,1.0,5.0,1,cutoff
3345.0,0.9291666666666667,0.7569549483394393,75.69549483394394,3.8345052114870866,32.98258287384851,4.09293487686422,S3_gaming,游戏（高 CPU/GPU 负载）,1.0,5.0,1,cutoff
3350.0,0.9305555555555556,0.7565843157340634,75.65843157340633,3.8343178378362457,32.98249476906479,4.092934876862904,S3_gaming,游戏（高 CPU/GPU 负载）,1.0,5.0,1,cutoff
3355.0,0.9319444444444445,0.7562136649981226,75.62136649981225,3.8341300942448253,32.982407458609934,4.092934876862275,S3_gaming,游戏（高 CPU/GPU 负载）,1.0,5.0,1,cutoff
3360.0,0.9333333333333333,0.7558429960964247,75.58429960964247,3.833942028334389,32.98232095051477,4.092934876861975,S3_gaming,游戏（高 CPU/GPU 负载）,1.0,5.0,1,cutoff
3365.0,0.9347222222222222,0.7554723089980623,75.54723089980622,3.833753681450434,32.98223525085313,4.092934876861831,S3_gaming,游戏（高 CPU/GPU 负载）,1.0,5.0,1,cutoff
3370.0,0.9361111111111111,0.7551016036758487,75.51016036758486,3.833565089489326,32.98215036400751,4.0929348768617615,S3_gaming,游戏（高 CPU/GPU 负载）,1.0,5.0,1,cutoff
3375.0,0.9375,0.7547308801058276,75.47308801058276,3.8333762836162704,32.982066292899496,4.092934876861729,S3_gaming,游戏（高 CPU/GPU 负载）,1.0,5.0,1,cutoff
3380.0,0.9388888888888889,0.7543601382668476,75.43601382668476,3.8331872908886893,32.981983039189664,4.0929348768617135,S3_gaming,游戏（高 CPU/GPU 负载）,1.0,5.0,1,cutoff
3385.0,0.9402777777777778,0.7539893781401926,75.39893781401926,3.8329981347974567,32.981900603450974,4.0929348768617055,S3_gaming,游戏（高 CPU/GPU 负载）,1.0,5.0,1,cutoff
3390.0,0.9416666666666667,0.753618599709261,75.3618599709261,3.8328088357368264,32.98181898531921,4.092934876861702,S3_gaming,游戏（高 CPU/GPU 负载）,1.0,5.0,1,cutoff
3395.0,0.9430555555555555,0.753247802959287,75.32478029592869,3.8326194114124417,32.98173818362348,4.0929348768617,S3_gaming,游戏（高 CPU/GPU 负载）,1.0,5.0,1,cutoff
3400.0,0.9444444444444444,0.7528769878770983,75.28769878770983,3.8324298771955836,32.98165819649944,4.092934876861699,S3_gaming,游戏（高 CPU/GPU 负载）,1.0,5.0,1,cutoff
3405.0,0.9458333333333333,0.752506154450907,75.2506154450907,3.8322402464307475,32.981579021487505,4.092934876861699,S3_gaming,游戏（高 CPU/GPU 负载）,1.0,5.0,1,cutoff
3410.0,0.9472222222222222,0.7521353026701261,75.2135302670126,3.832050530702695,32.98150065561806,4.092934876861699,S3_gaming,游戏（高 CPU/GPU 负载）,1.0,5.0,1,cutoff
3415.0,0.9486111111111111,0.7517644325252116,75.17644325252117,3.8318607400683145,32.981423095485376,4.092934876861699,S3_gaming,游戏（高 CPU/GPU 负载）,1.0,5.0,1,cutoff
3420.0,0.95,0.7513935440075253,75.13935440075254,3.831670883257938,32.98134633731167,4.092934876861699,S3_gaming,游戏（高 CPU/GPU 负载）,1.0,5.0,1,cutoff
3425.0,0.9513888888888888,0.7510226371092146,75.10226371092146,3.83148096785013,32.981270377002765,4.092934876861699,S3_gaming,游戏（高 CPU/GPU 负载）,1.0,5.0,1,cutoff
3430.0,0.9527777777777777,0.7506517118231092,75.06517118231092,3.8312910004234486,32.98119521019626,4.092934876861699,S3_gaming,游戏（高 CPU/GPU 负载）,1.0,5.0,1,cutoff
3435.0,0.9541666666666667,0.7502807681426312,75.02807681426312,3.831100986688211,32.981120832303375,4.092934876861699,S3_gaming,游戏（高 CPU/GPU 负载）,1.0,5.0,1,cutoff
3440.0,0.9555555555555556,0.7499098060617166,74.99098060617166,3.830910931600894,32.98104723854515,4.092934876861699,S3_gaming,游戏（高 CPU/GPU 负载）,1.0,5.0,1,cutoff
3445.0,0.9569444444444445,0.7495388255747478,74.95388255747478,3.8307208394634693,32.980974423983895,4.092934876861699,S3_gaming,游戏（高 CPU/GPU 负载）,1.0,5.0,1,cutoff
3450.0,0.9583333333333334,0.7491678266764941,74.9167826676494,3.8305307140096443,32.98090238355041,4.092934876861699,S3_gaming,游戏（高 CPU/GPU 负载）,1.0,5.0,1,cutoff
3455.0,0.9597222222222223,0.7487968093620608,74.87968093620609,3.8303405584797403,32.98083111206755,4.092934876861699,S3_gaming,游戏（高 CPU/GPU 负载）,1.0,5.0,1,cutoff
3460.0,0.9611111111111111,0.748425773626845,74.84257736268451,3.8301503756857125,32.980760604270685,4.092934876861699,S3_gaming,游戏（高 CPU/GPU 负载）,1.0,5.0,1,cutoff
3465.0,0.9625,0.7480547194664967,74.80547194664967,3.829960168067594,32.98069085482536,4.092934876861699,S3_gaming,游戏（高 CPU/GPU 负载）,1.0,5.0,1,cutoff
3470.0,0.9638888888888889,0.7476401616412524,74.76401616412524,3.8206460766028276,32.98989975956527,4.561864228444583,S3_gaming,游戏（高 CPU/GPU 负载）,1.0,5.0,1,cutoff
3475.0,0.9652777777777778,0.7472444076772625,74.72444076772625,3.8241434362170215,32.995024593175245,4.358833113752089,S3_gaming,游戏（高 CPU/GPU 负载）,1.0,5.0,1,cutoff
3480.0,0.9666666666666667,0.7468496757933494,74.68496757933494,3.8240568975663463,32.99988892407564,4.3474638383754955,S3_gaming,游戏（高 CPU/GPU 负载）,1.0,5.0,1,cutoff
3485.0,0.9680555555555556,0.7464554178764852,74.64554178764851,3.8238762320657274,33.00461131841556,4.342028830939376,S3_gaming,游戏（高 CPU/GPU 负载）,1.0,5.0,1,cutoff
3490.0,0.9694444444444444,0.7460613724604759,74.60613724604758,3.8236555420684524,33.009248355781075,4.339430661324142,S3_gaming,游戏（高 CPU/GPU 负载）,1.0,5.0,1,cutoff
3495.0,0.9708333333333333,0.7456674150249001,74.56674150249,3.8234200272437913,33.01382701963391,4.338188623400761,S3_gaming,游戏（高 CPU/GPU 负载）,1.0,5.0,1,cutoff
3500.0,0.9722222222222222,0.7452734864524589,74.5273486452459,3.823181161090481,33.01836017284459,4.337594875327475,S3_gaming,游戏（高 CPU/GPU 负载）,1.0,5.0,1,cutoff
3505.0,0.9736111111111111,0.7449021833550895,74.49021833550896,3.8276881591996768,33.01802953224446,4.093194834487238,S3_gaming,游戏（高 CPU/GPU 负载）,1.0,5.0,1,cutoff
3510.0,0.975,0.7445308840937643,74.45308840937643,3.8275938627468977,33.01769460564887,4.093059147897546,S3_gaming,游戏（高 CPU/GPU 负载）,1.0,5.0,1,cutoff
3515.0,0.9763888888888889,0.7441595808291052,74.41595808291052,3.8274858759439083,33.01735742664954,4.092994283814345,S3_gaming,游戏（高 CPU/GPU 负载）,1.0,5.0,1,cutoff
3520.0,0.9777777777777777,0.7437882693080804,74.37882693080805,3.827366499153358,33.01701920112915,4.092963275965309,S3_gaming,游戏（高 CPU/GPU 负载）,1.0,5.0,1,cutoff
3525.0,0.9791666666666666,0.7434169470585602,74.34169470585601,3.827237470477429,33.016680705599114,4.092948452866694,S3_gaming,游戏（高 CPU/GPU 负载）,1.0,5.0,1,cutoff
3530.0,0.9805555555555555,0.7430456125174677,74.30456125174678,3.8271001750593916,33.01634248239071,4.092941366781738,S3_gaming,游戏（高 CPU/GPU 负载）,1.0,5.0,1,cutoff
3535.0,0.9819444444444444,0.742674264606386,74.2674264606386,3.826955756237205,33.016004937026345,4.092937979325357,S3_gaming,游戏（高 CPU/GPU 负载）,1.0,5.0,1,cutoff
3540.0,0.9833333333333333,0.7423029025220726,74.23029025220727,3.826805178314872,33.01566838823455,4.092936359974078,S3_gaming,游戏（高 CPU/GPU 负载）,1.0,5.0,1,cutoff
3545.0,0.9847222222222223,0.7419315256305831,74.1931525630583,3.8266492649344346,33.015333094825486,4.092935585853833,S3_gaming,游戏（高 CPU/GPU 负载）,1.0,5.0,1,cutoff
3550.0,0.9861111111111112,0.7415601334116791,74.15601334116792,3.8264887246809995,33.014999271080626,4.092935215790733,S3_gaming,游戏（高 CPU/GPU 负载）,1.0,5.0,1,cutoff
3555.0,0.9875,0.7411887254279339,74.11887254279338,3.8263241696270973,33.014667096291696,4.092935038884498,S3_gaming,游戏（高 CPU/GPU 负载）,1.0,5.0,1,cutoff
3560.0,0.9888888888888889,0.7408173013062116,74.08173013062115,3.8261561296704927,33.01433672119625,4.092934954315634,S3_gaming,游戏（高 CPU/GPU 负载）,1.0,5.0,1,cutoff
3565.0,0.9902777777777778,0.7404458607255581,74.0445860725558,3.825985064139496,33.014008272668285,4.092934913888044,S3_gaming,游戏（高 CPU/GPU 负载）,1.0,5.0,1,cutoff
3570.0,0.9916666666666667,0.7400744034085857,74.00744034085857,3.8258113714655617,33.01368185735124,4.0929348945619,S3_gaming,游戏（高 CPU/GPU 负载）,1.0,5.0,1,cutoff
3575.0,0.9930555555555556,0.7397029291149001,73.97029291149,3.8256353973881514,33.01335756459397,4.092934885323164,S3_gaming,游戏（高 CPU/GPU 负载）,1.0,5.0,1,cutoff
3580.0,0.9944444444444445,0.7393314376358283,73.93314376358283,3.825457441985808,33.01303546888938,4.092934880906647,S3_gaming,游戏（高 CPU/GPU 负载）,1.0,5.0,1,cutoff
3585.0,0.9958333333333333,0.7389599287900479,73.8959928790048,3.8252777657362467,33.01271563193415,4.09293487879536,S3_gaming,游戏（高 CPU/GPU 负载）,1.0,5.0,1,cutoff
3590.0,0.9972222222222222,0.7385884024198917,73.85884024198917,3.825096594756437,33.01239810438609,4.092934877786073,S3_gaming,游戏（高 CPU/GPU 负载）,1.0,5.0,1,cutoff
3595.0,0.9986111111111111,0.7382168583881873,73.82168583881872,3.8249141253417718,33.012082927372305,4.092934877303589,S3_gaming,游戏（高 CPU/GPU 负载）,1.0,5.0,1,cutoff
3600.0,1.0,0.7378452965755354,73.78452965755355,3.8247305279019774,33.01177013378829,4.092934877072942,S3_gaming,游戏（高 CPU/GPU 负载）,1.0,5.0,1,cutoff
3605.0,1.0013888888888889,0.7374737168779577,73.74737168779578,3.8245459503758283,33.0114597494192,4.0929348769626825,S3_gaming,游戏（高 CPU/GPU 负载）,1.0,5.0,1,cutoff
3610.0,1.0027777777777778,0.7371021192048595,73.71021192048595,3.8243605211945617,33.011151793909065,4.092934876909974,S3_gaming,游戏（高 CPU/GPU 负载）,1.0,5.0,1,cutoff
3615.0,1.0041666666666667,0.7367305034772641,73.67305034772642,3.8241743518540794,33.01084628159927,4.092934876884776,S3_gaming,游戏（高 CPU/GPU 负载）,1.0,5.0,1,cutoff
3620.0,1.0055555555555555,0.7363588696262805,73.63588696262805,3.8239875391477947,33.01054322225439,4.0929348768727305,S3_gaming,游戏（高 CPU/GPU 负载）,1.0,5.0,1,cutoff
3625.0,1.0069444444444444,0.7359872175917735,73.59872175917735,3.8238001671049826,33.01024262169078,4.092934876866972,S3_gaming,游戏（高 CPU/GPU 负载）,1.0,5.0,1,cutoff
3630.0,1.0083333333333333,0.7356155473212096,73.56155473212095,3.823612308673535,33.0099444823211,4.09293487686422,S3_gaming,游戏（高 CPU/GPU 负载）,1.0,5.0,1,cutoff
3635.0,1.0097222222222222,0.7352438587686545,73.52438587686545,3.8234240271808426,33.00964880362619,4.092934876862904,S3_gaming,游戏（高 CPU/GPU 负载）,1.0,5.0,1,cutoff
3640.0,1.011111111111111,0.7348721518939039,73.48721518939038,3.8232353776020744,33.009355582563956,4.092934876862275,S3_gaming,游戏（高 CPU/GPU 负载）,1.0,5.0,1,cutoff
3645.0,1.0125,0.7345004266617275,73.45004266617275,3.8230464076612476,33.009064813923835,4.092934876861975,S3_gaming,游戏（高 CPU/GPU 负载）,1.0,5.0,1,cutoff
3650.0,1.0138888888888888,0.7341286830412138,73.41286830412137,3.822857158787141,33.00877649063407,4.092934876861831,S3_gaming,游戏（高 CPU/GPU 负载）,1.0,5.0,1,cutoff
3655.0,1.0152777777777777,0.7337569210052,73.37569210052,3.82266766694319,33.008490604028026,4.0929348768617615,S3_gaming,游戏（高 CPU/GPU 负载）,1.0,5.0,1,cutoff
3660.0,1.0166666666666666,0.7333851405297782,73.33851405297781,3.822477963347974,33.008207144075136,4.092934876861729,S3_gaming,游戏（高 CPU/GPU 负载）,1.0,5.0,1,cutoff
3665.0,1.0180555555555555,0.7330133415938661,73.30133415938661,3.8222880751007224,33.00792609958108,4.0929348768617135,S3_gaming,游戏（高 CPU/GPU 负载）,1.0,5.0,1,cutoff
3670.0,1.0194444444444444,0.7326415241788341,73.26415241788341,3.822098025724369,33.00764745836131,4.0929348768617055,S3_gaming,游戏（高 CPU/GPU 负载）,1.0,5.0,1,cutoff
3675.0,1.0208333333333333,0.7322696882681818,73.22696882681818,3.821907835637003,33.00737120739154,4.092934876861702,S3_gaming,游戏（高 CPU/GPU 负载）,1.0,5.0,1,cutoff
3680.0,1.0222222222222221,0.7318978338472574,73.18978338472574,3.8217175225611855,33.00709733293811,4.0929348768617,S3_gaming,游戏（高 CPU/GPU 负载）,1.0,5.0,1,cutoff
3685.0,1.023611111111111,0.7315259609030129,73.15259609030129,3.8215271018792984,33.00682582067099,4.092934876861699,S3_gaming,游戏（高 CPU/GPU 负载）,1.0,5.0,1,cutoff
3690.0,1.025,0.7311540694237935,73.11540694237935,3.8213365869420506,33.006556655761756,4.092934876861699,S3_gaming,游戏（高 CPU/GPU 负载）,1.0,5.0,1,cutoff
3695.0,1.0263888888888888,0.7307821593991525,73.07821593991525,3.8211459893363204,33.006289822968405,4.092934876861699,S3_gaming,游戏（高 CPU/GPU 负载）,1.0,5.0,1,cutoff
3700.0,1.0277777777777777,0.7304102308196926,73.04102308196926,3.8209553191176875,33.006025306708885,4.092934876861699,S3_gaming,游戏（高 CPU/GPU 负载）,1.0,5.0,1,cutoff
3705.0,1.0291666666666666,0.7300382836769267,73.00382836769266,3.8207645850123084,33.00576309112471,4.092934876861699,S3_gaming,游戏（高 CPU/GPU 负载）,1.0,5.0,1,cutoff
3710.0,1.0305555555555554,0.7296663179631576,72.96663179631577,3.8205737945921863,33.005503160136094,4.092934876861699,S3_gaming,游戏（高 CPU/GPU 负载）,1.0,5.0,1,cutoff
3715.0,1.0319444444444446,0.729294333671374,72.92943336713739,3.8203829544273327,33.0052454974896,4.092934876861699,S3_gaming,游戏（高 CPU/GPU 负载）,1.0,5.0,1,cutoff
3720.0,1.0333333333333334,0.7289223307951588,72.89223307951588,3.820192070217874,33.00499008679941,4.092934876861699,S3_gaming,游戏（高 CPU/GPU 负载）,1.0,5.0,1,cutoff
3725.0,1.0347222222222223,0.7285503093286112,72.85503093286113,3.820001146908742,33.00473691158298,4.092934876861699,S3_gaming,游戏（高 CPU/GPU 负载）,1.0,5.0,1,cutoff
3730.0,1.0361111111111112,0.728178269266278,72.8178269266278,3.819810188789244,33.00448595529184,4.092934876861699,S3_gaming,游戏（高 CPU/GPU 负载）,1.0,5.0,1,cutoff
3735.0,1.0375,0.7278062106030941,72.78062106030941,3.8196191995795137,33.004237201338206,4.092934876861699,S3_gaming,游戏（高 CPU/GPU 负载）,1.0,5.0,1,cutoff
3740.0,1.038888888888889,0.727434133334331,72.74341333343311,3.8194281825055607,33.00399063311794,4.092934876861699,S3_gaming,游戏（高 CPU/GPU 负载）,1.0,5.0,1,cutoff
3745.0,1.0402777777777779,0.7270620374555521,72.70620374555521,3.8192371403644274,33.00374623403031,4.092934876861699,S3_gaming,游戏（高 CPU/GPU 负载）,1.0,5.0,1,cutoff
3750.0,1.0416666666666667,0.7266899229625736,72.66899229625736,3.819046075580761,33.00350398749506,4.092934876861699,S3_gaming,游戏（高 CPU/GPU 负载）,1.0,5.0,1,cutoff
3755.0,1.0430555555555556,0.7263177898514313,72.63177898514313,3.8188549902559257,33.00326387696704,4.092934876861699,S3_gaming,游戏（高 CPU/GPU 负载）,1.0,5.0,1,cutoff
3760.0,1.0444444444444445,0.7259456381183506,72.59456381183506,3.818663886210642,33.00302588594879,4.092934876861699,S3_gaming,游戏（高 CPU/GPU 负载）,1.0,5.0,1,cutoff
3765.0,1.0458333333333334,0.7255734677597214,72.55734677597215,3.818472765022002,33.00278999800132,4.092934876861699,S3_gaming,游戏（高 CPU/GPU 负载）,1.0,5.0,1,cutoff
3770.0,1.0472222222222223,0.7252012787720763,72.52012787720763,3.8182816280556118,33.00255619675335,4.092934876861699,S3_gaming,游戏（高 CPU/GPU 负载）,1.0,5.0,1,cutoff
3775.0,1.0486111111111112,0.7248290711520708,72.48290711520708,3.818090476493492,33.00232446590918,4.092934876861699,S3_gaming,游戏（高 CPU/GPU 负载）,1.0,5.0,1,cutoff
3780.0,1.05,0.7244568448964673,72.44568448964674,3.817899311358301,33.00209478925539,4.092934876861699,S3_gaming,游戏（高 CPU/GPU 负载）,1.0,5.0,1,cutoff
3785.0,1.051388888888889,0.7240846000021202,72.40846000021202,3.817708133534368,33.001867150666506,4.092934876861699,S3_gaming,游戏（高 CPU/GPU 负载）,1.0,5.0,1,cutoff
3790.0,1.0527777777777778,0.7237123364659632,72.37123364659632,3.81751694378595,33.00164153410986,4.092934876861699,S3_gaming,游戏（高 CPU/GPU 负载）,1.0,5.0,1,cutoff
3795.0,1.0541666666666667,0.7233400542849994,72.33400542849994,3.817325742773086,33.001417923649576,4.092934876861699,S3_gaming,游戏（高 CPU/GPU 负载）,1.0,5.0,1,cutoff
3800.0,1.0555555555555556,0.7229677534562905,72.29677534562904,3.817134531065356,33.00119630344997,4.092934876861699,S3_gaming,游戏（高 CPU/GPU 负载）,1.0,5.0,1,cutoff
3805.0,1.0569444444444445,0.7225954339769496,72.25954339769496,3.816943309153831,33.00097665777837,4.092934876861699,S3_gaming,游戏（高 CPU/GPU 负载）,1.0,5.0,1,cutoff
3810.0,1.0583333333333333,0.7222230958441336,72.22230958441335,3.816752077461449,33.00075897100737,4.092934876861699,S3_gaming,游戏（高 CPU/GPU 负载）,1.0,5.0,1,cutoff
3815.0,1.0597222222222222,0.7218507390550372,72.18507390550371,3.816560836352015,33.000543227616774,4.092934876861699,S3_gaming,游戏（高 CPU/GPU 负载）,1.0,5.0,1,cutoff
3820.0,1.0611111111111111,0.7214783636068874,72.14783636068874,3.8163695861380216,33.00032941219504,4.092934876861699,S3_gaming,游戏（高 CPU/GPU 负载）,1.0,5.0,1,cutoff
3825.0,1.0625,0.7211059694969393,72.11059694969393,3.8161783270874414,33.0001175094405,4.092934876861699,S3_gaming,游戏（高 CPU/GPU 负载）,1.0,5.0,1,cutoff
3830.0,1.0638888888888889,0.7207335567224711,72.0733556722471,3.8159870594296126,32.99990750416223,4.092934876861699,S3_gaming,游戏（高 CPU/GPU 负载）,1.0,5.0,1,cutoff
3835.0,1.0652777777777778,0.7203611252807814,72.03611252807815,3.8157957833603597,32.99969938128072,4.092934876861699,S3_gaming,游戏（高 CPU/GPU 负载）,1.0,5.0,1,cutoff
3840.0,1.0666666666666667,0.7199886751691862,71.99886751691862,3.815604499046434,32.99949312582833,4.092934876861699,S3_gaming,游戏（高 CPU/GPU 负载）,1.0,5.0,1,cutoff
3845.0,1.0680555555555555,0.7196162063850157,71.96162063850157,3.81541320662937,32.99928872294955,4.092934876861699,S3_gaming,游戏（高 CPU/GPU 负载）,1.0,5.0,1,cutoff
3850.0,1.0694444444444444,0.7192437189256123,71.92437189256124,3.815221906228831,32.99908615790112,4.092934876861699,S3_gaming,游戏（高 CPU/GPU 负载）,1.0,5.0,1,cutoff
3855.0,1.0708333333333333,0.718871212788329,71.8871212788329,3.8150305979455177,32.998885416052,4.092934876861699,S3_gaming,游戏（高 CPU/GPU 负载）,1.0,5.0,1,cutoff
3860.0,1.0722222222222222,0.7184986879705267,71.84986879705268,3.8148392818636903,32.99868648288324,4.092934876861699,S3_gaming,游戏（高 CPU/GPU 负载）,1.0,5.0,1,cutoff
3865.0,1.073611111111111,0.7181261444695739,71.81261444695738,3.8146479580533583,32.99848934398774,4.092934876861699,S3_gaming,游戏（高 CPU/GPU 负载）,1.0,5.0,1,cutoff
3870.0,1.075,0.7177535822828444,71.77535822828443,3.8144566265721815,32.99829398506996,4.092934876861699,S3_gaming,游戏（高 CPU/GPU 负载）,1.0,5.0,1,cutoff
3875.0,1.0763888888888888,0.7173810014077168,71.73810014077168,3.8142652874671223,32.99810039194546,4.092934876861699,S3_gaming,游戏（高 CPU/GPU 负载）,1.0,5.0,1,cutoff
3880.0,1.0777777777777777,0.7170084018415731,71.70084018415731,3.8140739407758777,32.99790855054051,4.092934876861699,S3_gaming,游戏（高 CPU/GPU 负载）,1.0,5.0,1,cutoff
3885.0,1.0791666666666666,0.7166357835817985,71.66357835817985,3.8138825865281207,32.99771844689155,4.092934876861699,S3_gaming,游戏（高 CPU/GPU 负载）,1.0,5.0,1,cutoff
3890.0,1.0805555555555555,0.7162631466257797,71.62631466257797,3.8136912247465853,32.99753006714463,4.092934876861699,S3_gaming,游戏（高 CPU/GPU 负载）,1.0,5.0,1,cutoff
3895.0,1.0819444444444444,0.7158904909709053,71.58904909709052,3.8134998554479993,32.997343397554836,4.092934876861699,S3_gaming,游戏（高 CPU/GPU 负载）,1.0,5.0,1,cutoff
3900.0,1.0833333333333333,0.7155178166145645,71.55178166145645,3.8133084786438975,32.99715842448564,4.092934876861699,S3_gaming,游戏（高 CPU/GPU 负载）,1.0,5.0,1,cutoff
3905.0,1.0847222222222221,0.7151451235541469,71.5145123554147,3.813117094341334,32.99697513440827,4.092934876861699,S3_gaming,游戏（高 CPU/GPU 负载）,1.0,5.0,1,cutoff
3910.0,1.086111111111111,0.7147724117870423,71.47724117870423,3.812925702543487,32.99679351390101,4.092934876861699,S3_gaming,游戏（高 CPU/GPU 负载）,1.0,5.0,1,cutoff
3915.0,1.0875,0.7143996813106399,71.43996813106399,3.812734303250195,32.99661354964853,4.092934876861699,S3_gaming,游戏（高 CPU/GPU 负载）,1.0,5.0,1,cutoff
3920.0,1.0888888888888888,0.7140269321223284,71.40269321223283,3.81254289645842,32.99643522844114,4.092934876861699,S3_gaming,游戏（高 CPU/GPU 负载）,1.0,5.0,1,cutoff
3925.0,1.0902777777777777,0.7136541642194955,71.36541642194955,3.8123514821626445,32.996258537174114,4.092934876861699,S3_gaming,游戏（高 CPU/GPU 负载）,1.0,5.0,1,cutoff
3930.0,1.0916666666666666,0.7132813775995276,71.32813775995275,3.8121600603552217,32.996083462846904,4.092934876861699,S3_gaming,游戏（高 CPU/GPU 负载）,1.0,5.0,1,cutoff
3935.0,1.0930555555555554,0.7129085722598102,71.29085722598101,3.811968631026675,32.99590999256244,4.092934876861699,S3_gaming,游戏（高 CPU/GPU 负载）,1.0,5.0,1,cutoff
3940.0,1.0944444444444446,0.7125357481977268,71.25357481977268,3.811777194165962,32.99573811352634,4.092934876861699,S3_gaming,游戏（高 CPU/GPU 负载）,1.0,5.0,1,cutoff
3945.0,1.0958333333333334,0.7121629054106596,71.21629054106596,3.8115857497607024,32.99556781304621,4.092934876861699,S3_gaming,游戏（高 CPU/GPU 负载）,1.0,5.0,1,cutoff
3950.0,1.0972222222222223,0.7117900438959889,71.17900438959889,3.81139429779737,32.99539907853082,4.092934876861699,S3_gaming,游戏（高 CPU/GPU 负载）,1.0,5.0,1,cutoff
3955.0,1.0986111111111112,0.711417163651093,71.1417163651093,3.8112028382614684,32.99523189748943,4.092934876861699,S3_gaming,游戏（高 CPU/GPU 负载）,1.0,5.0,1,cutoff
3960.0,1.1,0.7110442646733482,71.10442646733482,3.811011371137679,32.99506625753095,4.092934876861699,S3_gaming,游戏（高 CPU/GPU 负载）,1.0,5.0,1,cutoff
3965.0,1.101388888888889,0.7106713469601292,71.06713469601293,3.810819896409986,32.99490214636323,4.092934876861699,S3_gaming,游戏（高 CPU/GPU 负载）,1.0,5.0,1,cutoff
3970.0,1.1027777777777779,0.7102984105088083,71.02984105088083,3.810628414061793,32.99473955179229,4.092934876861699,S3_gaming,游戏（高 CPU/GPU 负载）,1.0,5.0,1,cutoff
3975.0,1.1041666666666667,0.7099254553167553,70.99254553167553,3.8104369240760128,32.99457846172156,4.092934876861699,S3_gaming,游戏（高 CPU/GPU 负载）,1.0,5.0,1,cutoff
3980.0,1.1055555555555556,0.7095524813813385,70.95524813813385,3.810245426435159,32.99441886415113,4.092934876861699,S3_gaming,游戏（高 CPU/GPU 负载）,1.0,5.0,1,cutoff
3985.0,1.1069444444444445,0.7091794886999234,70.91794886999234,3.81005392112141,32.994260747177,4.092934876861699,S3_gaming,游戏（高 CPU/GPU 负载）,1.0,5.0,1,cutoff
3990.0,1.1083333333333334,0.7088064772698736,70.88064772698736,3.8098624081166803,32.99410409899033,4.092934876861699,S3_gaming,游戏（高 CPU/GPU 负载）,1.0,5.0,1,cutoff
3995.0,1.1097222222222223,0.7084334470885499,70.843344708855,3.809670887402669,32.993948907876685,4.092934876861699,S3_gaming,游戏（高 CPU/GPU 负载）,1.0,5.0,1,cutoff
4000.0,1.1111111111111112,0.7080603981533115,70.80603981533115,3.809479358960908,32.99379516221532,4.092934876861699,S3_gaming,游戏（高 CPU/GPU 负载）,1.0,5.0,1,cutoff
4005.0,1.1125,0.7076873304615147,70.76873304615147,3.8092878227728044,32.99364285047842,4.092934876861699,S3_gaming,游戏（高 CPU/GPU 负载）,1.0,5.0,1,cutoff
4010.0,1.113888888888889,0.7073142440105137,70.73142440105137,3.8090962788196747,32.993491961230376,4.092934876861699,S3_gaming,游戏（高 CPU/GPU 负载）,1.0,5.0,1,cutoff
4015.0,1.1152777777777778,0.7069411387976603,70.69411387976604,3.808904727082774,32.993342483127044,4.092934876861699,S3_gaming,游戏（高 CPU/GPU 负载）,1.0,5.0,1,cutoff
4020.0,1.1166666666666667,0.7065680148203041,70.6568014820304,3.808713167543324,32.993194404915045,4.092934876861699,S3_gaming,游戏（高 CPU/GPU 负载）,1.0,5.0,1,cutoff
4025.0,1.1180555555555556,0.706194872075792,70.6194872075792,3.8085216001825364,32.99304771543103,4.092934876861699,S3_gaming,游戏（高 CPU/GPU 负载）,1.0,5.0,1,cutoff
4030.0,1.1194444444444445,0.7058217105614688,70.58217105614688,3.808330024981628,32.992902403600965,4.092934876861699,S3_gaming,游戏（高 CPU/GPU 负载）,1.0,5.0,1,cutoff
4035.0,1.1208333333333333,0.705448530274677,70.5448530274677,3.808138441921843,32.99275845843943,4.092934876861699,S3_gaming,游戏（高 CPU/GPU 负载）,1.0,5.0,1,cutoff
4040.0,1.1222222222222222,0.7050753312127566,70.50753312127566,3.807946850984466,32.992615869048905,4.092934876861699,S3_gaming,游戏（高 CPU/GPU 负载）,1.0,5.0,1,cutoff
4045.0,1.1236111111111111,0.7047021133730451,70.4702113373045,3.8077552521508284,32.99247462461908,4.092934876861699,S3_gaming,游戏（高 CPU/GPU 负载）,1.0,5.0,1,cutoff
4050.0,1.125,0.7043288767528781,70.43288767528782,3.80756364540233,32.99233471442615,4.092934876861699,S3_gaming,游戏（高 CPU/GPU 负载）,1.0,5.0,1,cutoff
4055.0,1.1263888888888889,0.7039556213495886,70.39556213495885,3.8073720307204364,32.99219612783214,4.092934876861699,S3_gaming,游戏（高 CPU/GPU 负载）,1.0,5.0,1,cutoff
4060.0,1.1277777777777778,0.703582347160507,70.3582347160507,3.807180408086698,32.9920588542842,4.092934876861699,S3_gaming,游戏（高 CPU/GPU 负载）,1.0,5.0,1,cutoff
4065.0,1.1291666666666667,0.7032090541829619,70.32090541829619,3.8069887774827476,32.99192288331397,4.092934876861699,S3_gaming,游戏（高 CPU/GPU 负载）,1.0,5.0,1,cutoff
4070.0,1.1305555555555555,0.7028357424142792,70.28357424142791,3.806797138890309,32.991788204536824,4.092934876861699,S3_gaming,游戏（高 CPU/GPU 负载）,1.0,5.0,1,cutoff
4075.0,1.1319444444444444,0.7024624118517826,70.24624118517826,3.8066054922912045,32.991654807651294,4.092934876861699,S3_gaming,游戏（高 CPU/GPU 负载）,1.0,5.0,1,cutoff
4080.0,1.1333333333333333,0.7020890624927937,70.20890624927937,3.806413837667355,32.99152268243835,4.092934876861699,S3_gaming,游戏（高 CPU/GPU 负载）,1.0,5.0,1,cutoff
4085.0,1.1347222222222222,0.7017156943346314,70.17156943346315,3.8062221750007854,32.99139181876075,4.092934876861699,S3_gaming,游戏（高 CPU/GPU 负载）,1.0,5.0,1,cutoff
4090.0,1.136111111111111,0.7013423073746128,70.13423073746128,3.8060305042736253,32.9912622065624,4.092934876861699,S3_gaming,游戏（高 CPU/GPU 负载）,1.0,5.0,1,cutoff
4095.0,1.1375,0.7009689016100522,70.09689016100522,3.805838825468115,32.9911338358677,4.092934876861699,S3_gaming,游戏（高 CPU/GPU 负载）,1.0,5.0,1,cutoff
4100.0,1.1388888888888888,0.7005954770382621,70.05954770382621,3.805647138566602,32.991006696780886,4.092934876861699,S3_gaming,游戏（高 CPU/GPU 负载）,1.0,5.0,1,cutoff
4105.0,1.1402777777777777,0.7002220336565524,70.02220336565524,3.8054554435515486,32.990880779485416,4.092934876861699,S3_gaming,游戏（高 CPU/GPU 负载）,1.0,5.0,1,cutoff
4110.0,1.1416666666666666,0.6998485714622311,69.9848571462231,3.805263740405528,32.990756074243315,4.092934876861699,S3_gaming,游戏（高 CPU/GPU 负载）,1.0,5.0,1,cutoff
4115.0,1.1430555555555555,0.6994750904526036,69.94750904526036,3.805072029111228,32.99063257139457,4.092934876861699,S3_gaming,游戏（高 CPU/GPU 负载）,1.0,5.0,1,cutoff
4120.0,1.1444444444444444,0.6991015906249733,69.91015906249733,3.80488030965145,32.990510261356484,4.092934876861699,S3_gaming,游戏（高 CPU/GPU 负载）,1.0,5.0,1,cutoff
4125.0,1.1458333333333333,0.6987280719766414,69.87280719766414,3.804688582009109,32.99038913462307,4.092934876861699,S3_gaming,游戏（高 CPU/GPU 负载）,1.0,5.0,1,cutoff
4130.0,1.1472222222222221,0.6983545345049068,69.83545345049068,3.8044968461672384,32.99026918176443,4.092934876861699,S3_gaming,游戏（高 CPU/GPU 负载）,1.0,5.0,1,cutoff
4135.0,1.148611111111111,0.6979809782070663,69.79809782070663,3.8043051021089833,32.99015039342616,4.092934876861699,S3_gaming,游戏（高 CPU/GPU 负载）,1.0,5.0,1,cutoff
4140.0,1.15,0.6976074030804145,69.76074030804145,3.8041133498176034,32.990032760328724,4.092934876861699,S3_gaming,游戏（高 CPU/GPU 负载）,1.0,5.0,1,cutoff
4145.0,1.1513888888888888,0.6972338091222436,69.72338091222437,3.8039215892764764,32.98991627326688,4.092934876861699,S3_gaming,游戏（高 CPU/GPU 负载）,1.0,5.0,1,cutoff
4150.0,1.1527777777777777,0.6968601963298442,69.68601963298443,3.803729820469092,32.98980092310906,4.092934876861699,S3_gaming,游戏（高 CPU/GPU 负载）,1.0,5.0,1,cutoff
4155.0,1.1541666666666666,0.6964865647005042,69.64865647005041,3.8035380433790547,32.98968670079681,4.092934876861699,S3_gaming,游戏（高 CPU/GPU 负载）,1.0,5.0,1,cutoff
4160.0,1.1555555555555554,0.6961129142315094,69.61129142315094,3.803346257990083,32.989573597344176,4.092934876861699,S3_gaming,游戏（高 CPU/GPU 负载）,1.0,5.0,1,cutoff
4165.0,1.1569444444444446,0.6957392449201439,69.5739244920144,3.803154464286008,32.98946160383715,4.092934876861699,S3_gaming,游戏（高 CPU/GPU 负载）,1.0,5.0,1,cutoff
4170.0,1.1583333333333334,0.6953655567636894,69.53655567636893,3.8029626622507746,32.98935071143306,4.092934876861699,S3_gaming,游戏（高 CPU/GPU 负载）,1.0,5.0,1,cutoff
4175.0,1.1597222222222223,0.6949918497594253,69.49918497594253,3.8027708518684387,32.98924091136005,4.092934876861699,S3_gaming,游戏（高 CPU/GPU 负载）,1.0,5.0,1,cutoff
4180.0,1.1611111111111112,0.6946181239046293,69.46181239046292,3.8025790331231684,32.98913219491645,4.092934876861699,S3_gaming,游戏（高 CPU/GPU 负载）,1.0,5.0,1,cutoff
4185.0,1.1625,0.6942443791965767,69.42443791965766,3.802387205999243,32.98902455347028,4.092934876861699,S3_gaming,游戏（高 CPU/GPU 负载）,1.0,5.0,1,cutoff
4190.0,1.163888888888889,0.6938706156325409,69.3870615632541,3.8021953704810514,32.98891797845864,4.092934876861699,S3_gaming,游戏（高 CPU/GPU 负载）,1.0,5.0,1,cutoff
4195.0,1.1652777777777779,0.6934968332097933,69.34968332097932,3.8020035265530923,32.988812461387184,4.092934876861699,S3_gaming,游戏（高 CPU/GPU 负载）,1.0,5.0,1,cutoff
4200.0,1.1666666666666667,0.6931230319256029,69.3123031925603,3.8018116741999726,32.988707993829564,4.092934876861699,S3_gaming,游戏（高 CPU/GPU 负载）,1.0,5.0,1,cutoff
4205.0,1.1680555555555556,0.6927492117772369,69.2749211777237,3.8016198134064085,32.98860456742689,4.092934876861699,S3_gaming,游戏（高 CPU/GPU 负载）,1.0,5.0,1,cutoff
4210.0,1.1694444444444445,0.6923753727619606,69.23753727619606,3.801427944157222,32.988502173887184,4.092934876861699,S3_gaming,游戏（高 CPU/GPU 负载）,1.0,5.0,1,cutoff
4215.0,1.1708333333333334,0.692001514877037,69.20015148770369,3.801236066437344,32.988400804984856,4.092934876861699,S3_gaming,游戏（高 CPU/GPU 负载）,1.0,5.0,1,cutoff
4220.0,1.1722222222222223,0.6916276381197273,69.16276381197272,3.801044180231808,32.988300452560146,4.092934876861699,S3_gaming,游戏（高 CPU/GPU 负载）,1.0,5.0,1,cutoff
4225.0,1.1736111111111112,0.6912537424872904,69.12537424872905,3.8008522855257554,32.98820110851863,4.092934876861699,S3_gaming,游戏（高 CPU/GPU 负载）,1.0,5.0,1,cutoff
4230.0,1.175,0.6908798279769837,69.08798279769837,3.8006603823044305,32.98810276483068,4.092934876861699,S3_gaming,游戏（高 CPU/GPU 负载）,1.0,5.0,1,cutoff
4235.0,1.176388888888889,0.6905058945860619,69.0505894586062,3.8004684705531813,32.98800541353094,4.092934876861699,S3_gaming,游戏（高 CPU/GPU 负载）,1.0,5.0,1,cutoff
4240.0,1.1777777777777778,0.6901319423117784,69.01319423117785,3.800276550257459,32.987909046717846,4.092934876861699,S3_gaming,游戏（高 CPU/GPU 负载）,1.0,5.0,1,cutoff
4245.0,1.1791666666666667,0.6897579711513843,68.97579711513842,3.8000846214028163,32.98781365655305,4.092934876861699,S3_gaming,游戏（高 CPU/GPU 负载）,1.0,5.0,1,cutoff
4250.0,1.1805555555555556,0.6893839811021286,68.93839811021286,3.7998926839749063,32.98771923526098,4.092934876861699,S3_gaming,游戏（高 CPU/GPU 负载）,1.0,5.0,1,cutoff
4255.0,1.1819444444444445,0.6890099721612588,68.90099721612589,3.7997007379594843,32.98762577512831,4.092934876861699,S3_gaming,游戏（高 CPU/GPU 负载）,1.0,5.0,1,cutoff
4260.0,1.1833333333333333,0.68863594432602,68.863594432602,3.799508783342404,32.98753326850345,4.092934876861699,S3_gaming,游戏（高 CPU/GPU 负载）,1.0,5.0,1,cutoff
4265.0,1.1847222222222222,0.6882618975936557,68.82618975936558,3.799316820109619,32.987441707796066,4.092934876861699,S3_gaming,游戏（高 CPU/GPU 负载）,1.0,5.0,1,cutoff
4270.0,1.1861111111111111,0.6878878319614073,68.78878319614074,3.799124848247179,32.987351085476604,4.092934876861699,S3_gaming,游戏（高 CPU/GPU 负载）,1.0,5.0,1,cutoff
4275.0,1.1875,0.6875137474265144,68.75137474265144,3.7989328677412337,32.98726139407577,4.092934876861699,S3_gaming,游戏（高 CPU/GPU 负载）,1.0,5.0,1,cutoff
4280.0,1.1888888888888889,0.6871396439862144,68.71396439862144,3.7987408785780263,32.98717262618408,4.092934876861699,S3_gaming,游戏（高 CPU/GPU 负载）,1.0,5.0,1,cutoff
4285.0,1.1902777777777778,0.6867655216377432,68.67655216377432,3.798548880743899,32.987084774451354,4.092934876861699,S3_gaming,游戏（高 CPU/GPU 负载）,1.0,5.0,1,cutoff
4290.0,1.1916666666666667,0.6863913803783345,68.63913803783345,3.7983568742252865,32.986997831586265,4.092934876861699,S3_gaming,游戏（高 CPU/GPU 负载）,1.0,5.0,1,cutoff
4295.0,1.1930555555555555,0.6860172202052203,68.60172202052203,3.7981648590087196,32.98691179035585,4.092934876861699,S3_gaming,游戏（高 CPU/GPU 负载）,1.0,5.0,1,cutoff
4300.0,1.1944444444444444,0.6856430411156307,68.56430411156308,3.7979728350808206,32.98682664358505,4.092934876861699,S3_gaming,游戏（高 CPU/GPU 负载）,1.0,5.0,1,cutoff
4305.0,1.1958333333333333,0.6852688431067938,68.52688431067938,3.797780802428308,32.98674238415625,4.092934876861699,S3_gaming,游戏（高 CPU/GPU 负载）,1.0,5.0,1,cutoff
4310.0,1.1972222222222222,0.6848946261759361,68.48946261759362,3.797588761037989,32.986659005008825,4.092934876861699,S3_gaming,游戏（高 CPU/GPU 负载）,1.0,5.0,1,cutoff
4315.0,1.198611111111111,0.684520390320282,68.4520390320282,3.7973967108967637,32.98657649913866,4.092934876861699,S3_gaming,游戏（高 CPU/GPU 负载）,1.0,5.0,1,cutoff
4320.0,1.2,0.6841461355370543,68.41461355370542,3.7972046519916227,32.98649485959771,4.092934876861699,S3_gaming,游戏（高 CPU/GPU 负载）,1.0,5.0,1,cutoff
4325.0,1.2013888888888888,0.6837718618234737,68.37718618234737,3.797012584309646,32.986414079493585,4.092934876861699,S3_gaming,游戏（高 CPU/GPU 负载）,1.0,5.0,1,cutoff
4330.0,1.2027777777777777,0.6833975691767593,68.33975691767593,3.796820507838004,32.986334151989034,4.092934876861699,S3_gaming,游戏（高 CPU/GPU 负载）,1.0,5.0,1,cutoff
4335.0,1.2041666666666666,0.6830232575941282,68.30232575941282,3.7966284225639546,32.98625507030156,4.092934876861699,S3_gaming,游戏（高 CPU/GPU 负载）,1.0,5.0,1,cutoff
4340.0,1.2055555555555555,0.6826489270727959,68.26489270727959,3.7964363284748432,32.98617682770297,4.092934876861699,S3_gaming,游戏（高 CPU/GPU 负载）,1.0,5.0,1,cutoff
4345.0,1.2069444444444444,0.682230690628441,68.2230690628441,3.787036845473983,32.99538461881521,4.561864228444583,S3_gaming,游戏（高 CPU/GPU 负载）,1.0,5.0,1,cutoff
4350.0,1.2083333333333333,0.6818314313349909,68.18314313349909,3.790566077776597,33.0005053083831,4.358833113752089,S3_gaming,游戏（高 CPU/GPU 负载）,1.0,5.0,1,cutoff
4355.0,1.2097222222222221,0.6814332029707612,68.14332029707612,3.7904785860979517,33.00536545647398,4.3474638383754955,S3_gaming,游戏（高 CPU/GPU 负载）,1.0,5.0,1,cutoff
4360.0,1.211111111111111,0.6810354523999094,68.10354523999094,3.7902961237197768,33.010083704511175,4.342028830939376,S3_gaming,游戏（高 CPU/GPU 负载）,1.0,5.0,1,cutoff
4365.0,1.2125,0.6806379157707659,68.0637915770766,3.7900732846585607,33.01471666304889,4.339430661324142,S3_gaming,游戏（高 CPU/GPU 负载）,1.0,5.0,1,cutoff
4370.0,1.2138888888888888,0.680240467435847,68.0240467435847,3.7898354967503582,33.01929132604914,4.338188623400761,S3_gaming,游戏（高 CPU/GPU 负载）,1.0,5.0,1,cutoff
4375.0,1.2152777777777777,0.6798430477505973,67.98430477505974,3.7895943366688747,33.02382055765042,4.337594875327475,S3_gaming,游戏（高 CPU/GPU 负载）,1.0,5.0,1,cutoff
4380.0,1.2166666666666666,0.6794684618721885,67.94684618721885,3.7941424425549215,33.02348237299695,4.093194834487238,S3_gaming,游戏（高 CPU/GPU 负载）,1.0,5.0,1,cutoff
4385.0,1.2180555555555554,0.6790938797064464,67.90938797064464,3.7940472539042966,33.0231398873126,4.093059147897546,S3_gaming,游戏（高 CPU/GPU 负载）,1.0,5.0,1,cutoff
4390.0,1.2194444444444446,0.6787192933187292,67.87192933187292,3.7939382482355235,33.02279514626563,4.092994283814345,S3_gaming,游戏（高 CPU/GPU 负载）,1.0,5.0,1,cutoff
4395.0,1.2208333333333334,0.6783446983967093,67.83446983967093,3.7938177471039536,33.022449365692296,4.092963275965309,S3_gaming,游戏（高 CPU/GPU 负载）,1.0,5.0,1,cutoff
4400.0,1.2222222222222223,0.6779700924279615,67.79700924279615,3.793687504657131,33.022103330431854,4.092948452866694,S3_gaming,游戏（高 CPU/GPU 负载）,1.0,5.0,1,cutoff
4405.0,1.2236111111111112,0.6775954738197637,67.75954738197638,3.7935489188429212,33.021757589841805,4.092941366781738,S3_gaming,游戏（高 CPU/GPU 负载）,1.0,5.0,1,cutoff
4410.0,1.225,0.677220841470506,67.7220841470506,3.793403143577466,33.02141255539781,4.092937979325357,S3_gaming,游戏（高 CPU/GPU 负载）,1.0,5.0,1,cutoff
4415.0,1.226388888888889,0.6768461945580188,67.68461945580188,3.7932511520907677,33.021068550880855,4.092936359974078,S3_gaming,游戏（高 CPU/GPU 负载）,1.0,5.0,1,cutoff
4420.0,1.2277777777777779,0.6764715324324947,67.64715324324946,3.79309377565074,33.020725839388874,4.092935585853833,S3_gaming,游戏（高 CPU/GPU 负载）,1.0,5.0,1,cutoff
4425.0,1.2291666666666667,0.6760968545601883,67.60968545601884,3.792931729403847,33.02038463883764,4.092935215790733,S3_gaming,游戏（高 CPU/GPU 负载）,1.0,5.0,1,cutoff
4430.0,1.2305555555555556,0.6757221604920642,67.57221604920642,3.792765631090519,33.02004513159244,4.092935038884498,S3_gaming,游戏（高 CPU/GPU 负载）,1.0,5.0,1,cutoff
4435.0,1.2319444444444445,0.6753474498449571,67.5347449844957,3.792596015515464,33.01970747098202,4.092934954315634,S3_gaming,游戏（高 CPU/GPU 负载）,1.0,5.0,1,cutoff
4440.0,1.2333333333333334,0.6749727222892206,67.49727222892206,3.7924233462603367,33.01937178605599,4.092934913888044,S3_gaming,游戏（高 CPU/GPU 负载）,1.0,5.0,1,cutoff
4445.0,1.2347222222222223,0.6745979775399198,67.45979775399198,3.7922480254458946,33.019038185274944,4.0929348945619,S3_gaming,游戏（高 CPU/GPU 负载）,1.0,5.0,1,cutoff
4450.0,1.2361111111111112,0.6742232153501002,67.42232153501003,3.7920704020128415,33.01870675949555,4.092934885323164,S3_gaming,游戏（高 CPU/GPU 负载）,1.0,5.0,1,cutoff
4455.0,1.2375,0.6738484355053813,67.38484355053814,3.7918907788180327,33.01837758445143,4.092934880906647,S3_gaming,游戏（高 CPU/GPU 负载）,1.0,5.0,1,cutoff
4460.0,1.238888888888889,0.6734736378194719,67.3473637819472,3.7917094187507043,33.01805072284931,4.09293487879536,S3_gaming,游戏（高 CPU/GPU 负载）,1.0,5.0,1,cutoff
4465.0,1.2402777777777778,0.673098822130377,67.3098822130377,3.7915265500210964,33.017726226157826,4.092934877786073,S3_gaming,游戏（高 CPU/GPU 负载）,1.0,5.0,1,cutoff
4470.0,1.2416666666666667,0.672723988297152,67.2723988297152,3.7913423707416727,33.01740413614286,4.092934877303589,S3_gaming,游戏（高 CPU/GPU 负载）,1.0,5.0,1,cutoff
4475.0,1.2430555555555556,0.6723491361971079,67.2349136197108,3.7911570528994925,33.01708448619008,4.092934877072942,S3_gaming,游戏（高 CPU/GPU 负载）,1.0,5.0,1,cutoff
4480.0,1.2444444444444445,0.6719742657233952,67.19742657233952,3.790970745802553,33.01676730244655,4.0929348769626825,S3_gaming,游戏（高 CPU/GPU 负载）,1.0,5.0,1,cutoff
4485.0,1.2458333333333333,0.6715993767829121,67.15993767829121,3.7907835790706534,33.01645260480752,4.092934876909974,S3_gaming,游戏（高 CPU/GPU 负载）,1.0,5.0,1,cutoff
4490.0,1.2472222222222222,0.67122446929449,67.122446929449,3.790595665231426,33.01614040777008,4.092934876884776,S3_gaming,游戏（高 CPU/GPU 负载）,1.0,5.0,1,cutoff
4495.0,1.2486111111111111,0.6708495431873199,67.08495431873199,3.790407101973857,33.015830721172215,4.0929348768727305,S3_gaming,游戏（高 CPU/GPU 负载）,1.0,5.0,1,cutoff
4500.0,1.25,0.6704745983995869,67.04745983995869,3.790217974104596,33.01552355083276,4.092934876866972,S3_gaming,游戏（高 CPU/GPU 负载）,1.0,5.0,1,cutoff
4505.0,1.2513888888888889,0.6700996348772839,67.00996348772838,3.7900283552462914,33.015218899105854,4.09293487686422,S3_gaming,游戏（高 CPU/GPU 负载）,1.0,5.0,1,cutoff
4510.0,1.2527777777777778,0.6697246525731827,66.97246525731828,3.789838309312006,33.01491676536133,4.092934876862904,S3_gaming,游戏（高 CPU/GPU 负载）,1.0,5.0,1,cutoff
4515.0,1.2541666666666667,0.6693496514459405,66.93496514459405,3.7896478917852363,33.01461714640107,4.092934876862275,S3_gaming,游戏（高 CPU/GPU 负载）,1.0,5.0,1,cutoff
4520.0,1.2555555555555555,0.6689746314593239,66.89746314593239,3.789457150831185,33.0143200368199,4.092934876861975,S3_gaming,游戏（高 CPU/GPU 负载）,1.0,5.0,1,cutoff
4525.0,1.2569444444444444,0.6685995925815352,66.85995925815352,3.789266128261524,33.014025429318394,4.092934876861831,S3_gaming,游戏（高 CPU/GPU 负载）,1.0,5.0,1,cutoff
4530.0,1.2583333333333333,0.6682245347846278,66.82245347846279,3.789074860371974,33.013733314974075,4.0929348768617615,S3_gaming,游戏（高 CPU/GPU 负载）,1.0,5.0,1,cutoff
4535.0,1.2597222222222222,0.6678494580439981,66.78494580439981,3.788883378669466,33.01344368347653,4.092934876861729,S3_gaming,游戏（高 CPU/GPU 负载）,1.0,5.0,1,cutoff
4540.0,1.261111111111111,0.6674743623379448,66.74743623379447,3.7886917105034357,33.013156523331226,4.0929348768617135,S3_gaming,游戏（高 CPU/GPU 负载）,1.0,5.0,1,cutoff
4545.0,1.2625,0.667099247647286,66.7099247647286,3.788499879613913,33.012871822036196,4.0929348768617055,S3_gaming,游戏（高 CPU/GPU 负载）,1.0,5.0,1,cutoff
4550.0,1.2638888888888888,0.6667241139550271,66.6724113955027,3.7883079066073324,33.012589566235214,4.092934876861702,S3_gaming,游戏（高 CPU/GPU 负载）,1.0,5.0,1,cutoff
4555.0,1.2652777777777777,0.6663489612460716,66.63489612460715,3.788115809369644,33.012309741850565,4.0929348768617,S3_gaming,游戏（高 CPU/GPU 负载）,1.0,5.0,1,cutoff
4560.0,1.2666666666666666,0.6659737895069712,66.59737895069712,3.7879236034249497,33.01203233419809,4.092934876861699,S3_gaming,游戏（高 CPU/GPU 负载）,1.0,5.0,1,cutoff
4565.0,1.2680555555555555,0.6655985987257078,66.55985987257078,3.7877313022468684,33.01175732808692,4.092934876861699,S3_gaming,游戏（高 CPU/GPU 负载）,1.0,5.0,1,cutoff
4570.0,1.2694444444444444,0.665223388891505,66.5223388891505,3.787538917528859,33.01148470790586,4.092934876861699,S3_gaming,游戏（高 CPU/GPU 负载）,1.0,5.0,1,cutoff
4575.0,1.2708333333333333,0.6648481599946635,66.48481599946635,3.787346459418902,33.011214457698195,4.092934876861699,S3_gaming,游戏（高 CPU/GPU 负载）,1.0,5.0,1,cutoff
4580.0,1.2722222222222221,0.6644729120264193,66.44729120264194,3.7871539367232483,33.01094656122652,4.092934876861699,S3_gaming,游戏（高 CPU/GPU 负载）,1.0,5.0,1,cutoff
4585.0,1.273611111111111,0.6640976449788198,66.40976449788198,3.7869613570833116,33.01068100202881,4.092934876861699,S3_gaming,游戏（高 CPU/GPU 负载）,1.0,5.0,1,cutoff
4590.0,1.275,0.6637223588446165,66.37223588446165,3.786768727129237,33.01041776346698,4.092934876861699,S3_gaming,游戏（高 CPU/GPU 负载）,1.0,5.0,1,cutoff
4595.0,1.2763888888888888,0.6633470536171715,66.33470536171716,3.786576052613233,33.010156828768885,4.092934876861699,S3_gaming,游戏（高 CPU/GPU 负载）,1.0,5.0,1,cutoff
4600.0,1.2777777777777777,0.662971729290377,66.2971729290377,3.7863833385253223,33.009898181064585,4.092934876861699,S3_gaming,游戏（高 CPU/GPU 负载）,1.0,5.0,1,cutoff
4605.0,1.2791666666666666,0.6625963858585848,66.25963858585848,3.7861905891938346,33.00964180341774,4.092934876861699,S3_gaming,游戏（高 CPU/GPU 负载）,1.0,5.0,1,cutoff
4610.0,1.2805555555555554,0.6622210233165456,66.22210233165457,3.7859978083726586,33.0093876788527,4.092934876861699,S3_gaming,游戏（高 CPU/GPU 负载）,1.0,5.0,1,cutoff
4615.0,1.2819444444444446,0.6618016284010716,66.18016284010716,3.7765746205265716,33.01842315362233,4.561864228444583,S3_gaming,游戏（高 CPU/GPU 负载）,1.0,5.0,1,cutoff
4620.0,1.2833333333333334,0.6613821797802508,66.13821797802508,3.7761106690489425,33.027398972162786,4.561864228444583,S3_gaming,游戏（高 CPU/GPU 负载）,1.0,5.0,1,cutoff
4625.0,1.2847222222222223,0.660981769179823,66.0981769179823,3.779683000782733,33.03228709484739,4.358833113752089,S3_gaming,游戏（高 CPU/GPU 负载）,1.0,5.0,1,cutoff
4630.0,1.2861111111111112,0.6605823958140389,66.05823958140388,3.7796251169473813,33.036915123700474,4.3474638383754955,S3_gaming,游戏（高 CPU/GPU 负载）,1.0,5.0,1,cutoff
4635.0,1.2875,0.6601835044410308,66.01835044410308,3.779468042552045,33.04140188820272,4.342028830939376,S3_gaming,游戏（高 CPU/GPU 负载）,1.0,5.0,1,cutoff
4640.0,1.288888888888889,0.6597848300338583,65.97848300338583,3.7792670290907004,33.04580415483978,4.339430661324142,S3_gaming,游戏（高 CPU/GPU 负载）,1.0,5.0,1,cutoff
4645.0,1.2902777777777779,0.6593862462354222,65.93862462354222,3.7790480218642273,33.050149049097804,4.338188623400761,S3_gaming,游戏（高 CPU/GPU 负载）,1.0,5.0,1,cutoff
4650.0,1.2916666666666667,0.6589876929330212,65.89876929330212,3.7788230214997407,33.05444954699144,4.337594875327475,S3_gaming,游戏（高 CPU/GPU 负载）,1.0,5.0,1,cutoff
4655.0,1.2930555555555556,0.6586120424620433,65.86120424620432,3.7833967658217094,33.053882637364715,4.093194834487238,S3_gaming,游戏（高 CPU/GPU 负载）,1.0,5.0,1,cutoff
4660.0,1.2944444444444445,0.6582363970143787,65.82363970143787,3.7833139279816383,33.05331258384656,4.093059147897546,S3_gaming,游戏（高 CPU/GPU 负载）,1.0,5.0,1,cutoff
4665.0,1.2958333333333334,0.6578607484408968,65.78607484408968,3.7832155124412186,33.05274151800854,4.092994283814345,S3_gaming,游戏（高 CPU/GPU 负载）,1.0,5.0,1,cutoff
4670.0,1.2972222222222223,0.6574850922508159,65.74850922508159,3.783104075396496,33.052170726851784,4.092963275965309,S3_gaming,游戏（高 CPU/GPU 负载）,1.0,5.0,1,cutoff
4675.0,1.2986111111111112,0.6571094257805418,65.71094257805417,3.7829815739393293,33.05160105400589,4.092948452866694,S3_gaming,游戏（高 CPU/GPU 负载）,1.0,5.0,1,cutoff
4680.0,1.3,0.6567337473079581,65.67337473079581,3.7828495817896957,33.051033097182966,4.092941366781738,S3_gaming,游戏（高 CPU/GPU 负载）,1.0,5.0,1,cutoff
4685.0,1.301388888888889,0.6563580556200443,65.63580556200444,3.7827094052181147,33.05046730738217,4.092937979325357,S3_gaming,游戏（高 CPU/GPU 负载）,1.0,5.0,1,cutoff
4690.0,1.3027777777777778,0.6559823497983904,65.59823497983905,3.7825621495670085,33.04990404041426,4.092936359974078,S3_gaming,游戏（高 CPU/GPU 负载）,1.0,5.0,1,cutoff
4695.0,1.3041666666666667,0.6556066291099023,65.56066291099023,3.782408760690964,33.049343585033796,4.092935585853833,S3_gaming,游戏（高 CPU/GPU 负载）,1.0,5.0,1,cutoff
4700.0,1.3055555555555556,0.6552308929486877,65.52308929486877,3.782250053135222,33.04878617938314,4.092935215790733,S3_gaming,游戏（高 CPU/GPU 负载）,1.0,5.0,1,cutoff
4705.0,1.3069444444444445,0.6548551408031821,65.48551408031821,3.7820867308703963,33.048232021420915,4.092935038884498,S3_gaming,游戏（高 CPU/GPU 负载）,1.0,5.0,1,cutoff
4710.0,1.3083333333333333,0.6544793722360124,65.44793722360124,3.7819194035103805,33.047681276111106,4.092934954315634,S3_gaming,游戏（高 CPU/GPU 负载）,1.0,5.0,1,cutoff
4715.0,1.3097222222222222,0.654103586870534,65.4103586870534,3.7817485995391174,33.04713408075428,4.092934913888044,S3_gaming,游戏（高 CPU/GPU 负载）,1.0,5.0,1,cutoff
4720.0,1.3111111111111111,0.6537277843810635,65.37277843810635,3.781574777385354,33.0465905491665,4.0929348945619,S3_gaming,游戏（高 CPU/GPU 负载）,1.0,5.0,1,cutoff
4725.0,1.3125,0.6533519644853176,65.33519644853176,3.7813983348417777,33.04605077508169,4.092934885323164,S3_gaming,游戏（高 CPU/GPU 负载）,1.0,5.0,1,cutoff
4730.0,1.3138888888888889,0.6529761269382885,65.29761269382885,3.781219617148556,33.045514834989405,4.092934880906647,S3_gaming,游戏（高 CPU/GPU 负载）,1.0,5.0,1,cutoff
4735.0,1.3152777777777778,0.6526002715271366,65.26002715271366,3.7810389239660367,33.04498279053679,4.09293487879536,S3_gaming,游戏（高 CPU/GPU 负载）,1.0,5.0,1,cutoff
4740.0,1.3166666666666667,0.6522243980668568,65.22243980668568,3.7808565154063865,33.04445469057969,4.092934877786073,S3_gaming,游戏（高 CPU/GPU 负载）,1.0,5.0,1,cutoff
4745.0,1.3180555555555555,0.6518485063965648,65.18485063965647,3.7806726172594063,33.04393057294335,4.092934877303589,S3_gaming,游戏（高 CPU/GPU 负载）,1.0,5.0,1,cutoff
4750.0,1.3194444444444444,0.6514725963762953,65.14725963762953,3.780487425524147,33.04341046593881,4.092934877072942,S3_gaming,游戏（高 CPU/GPU 负载）,1.0,5.0,1,cutoff
4755.0,1.3208333333333333,0.6510966678842339,65.1096667884234,3.780301110340436,33.04289438967134,4.0929348769626825,S3_gaming,游戏（高 CPU/GPU 负载）,1.0,5.0,1,cutoff
4760.0,1.3222222222222222,0.650720720814319,65.0720720814319,3.780113819400692,33.04238235717098,4.092934876909974,S3_gaming,游戏（高 CPU/GPU 负载）,1.0,5.0,1,cutoff
4765.0,1.323611111111111,0.650344755074162,65.0344755074162,3.779925680911169,33.04187437537018,4.092934876884776,S3_gaming,游戏（高 CPU/GPU 负载）,1.0,5.0,1,cutoff
4770.0,1.325,0.6499687705832436,64.99687705832436,3.7797368061623473,33.041370445949696,4.0929348768727305,S3_gaming,游戏（高 CPU/GPU 负载）,1.0,5.0,1,cutoff
4775.0,1.3263888888888888,0.6495927672713482,64.95927672713482,3.779547291760155,33.0408705660709,4.092934876866972,S3_gaming,游戏（高 CPU/GPU 负载）,1.0,5.0,1,cutoff
4780.0,1.3277777777777777,0.6492167450772041,64.92167450772041,3.7793572215628335,33.040374729009855,4.09293487686422,S3_gaming,游戏（高 CPU/GPU 负载）,1.0,5.0,1,cutoff
4785.0,1.3291666666666666,0.6488407039473045,64.88407039473046,3.7791666683623,33.03988292470654,4.092934876862904,S3_gaming,游戏（高 CPU/GPU 负载）,1.0,5.0,1,cutoff
4790.0,1.3305555555555555,0.6484646438348833,64.84646438348834,3.7789756953437292,33.039395140240636,4.092934876862275,S3_gaming,游戏（高 CPU/GPU 负载）,1.0,5.0,1,cutoff
4795.0,1.3319444444444444,0.6480885646990254,64.80885646990254,3.7787843573526088,33.03891136024378,4.092934876861975,S3_gaming,游戏（高 CPU/GPU 负载）,1.0,5.0,1,cutoff
4800.0,1.3333333333333333,0.6477124665038952,64.77124665038953,3.7785927019946812,33.03843156725674,4.092934876861831,S3_gaming,游戏（高 CPU/GPU 负载）,1.0,5.0,1,cutoff
4805.0,1.3347222222222221,0.6473363492180665,64.73363492180665,3.778400770590799,33.03795574203894,4.0929348768617615,S3_gaming,游戏（高 CPU/GPU 负载）,1.0,5.0,1,cutoff
4810.0,1.336111111111111,0.6469602128139403,64.69602128139404,3.7782085990058456,33.03748386383669,4.092934876861729,S3_gaming,游戏（高 CPU/GPU 负载）,1.0,5.0,1,cutoff
4815.0,1.3375,0.64658405726724,64.658405726724,3.778016218368327,33.03701591061559,4.0929348768617135,S3_gaming,游戏（高 CPU/GPU 负载）,1.0,5.0,1,cutoff
4820.0,1.3388888888888888,0.6462078825565727,64.62078825565727,3.777823655695057,33.036551859261884,4.0929348768617055,S3_gaming,游戏（高 CPU/GPU 负载）,1.0,5.0,1,cutoff
4825.0,1.3402777777777777,0.6458316886630483,64.58316886630483,3.777630934433449,33.03609168575699,4.092934876861702,S3_gaming,游戏（高 CPU/GPU 负载）,1.0,5.0,1,cutoff
4830.0,1.3416666666666666,0.6454554755699493,64.54554755699493,3.7774380749322938,33.0356353653286,4.0929348768617,S3_gaming,游戏（高 CPU/GPU 负载）,1.0,5.0,1,cutoff
4835.0,1.3430555555555554,0.6450792432624435,64.50792432624435,3.77724509485044,33.03518287258159,4.092934876861699,S3_gaming,游戏（高 CPU/GPU 负载）,1.0,5.0,1,cutoff
4840.0,1.3444444444444446,0.6447029917273349,64.47029917273349,3.777052009511582,33.03473418161138,4.092934876861699,S3_gaming,游戏（高 CPU/GPU 负载）,1.0,5.0,1,cutoff
4845.0,1.3458333333333334,0.6443267209528475,64.43267209528474,3.776858832212251,33.03428926610204,4.092934876861699,S3_gaming,游戏（高 CPU/GPU 负载）,1.0,5.0,1,cutoff
4850.0,1.3472222222222223,0.6439504309284372,64.39504309284372,3.7766655744891953,33.033848099411266,4.092934876861699,S3_gaming,游戏（高 CPU/GPU 负载）,1.0,5.0,1,cutoff
4855.0,1.3486111111111112,0.643574121644629,64.3574121644629,3.7764722463514904,33.03341065464377,4.092934876861699,S3_gaming,游戏（高 CPU/GPU 负载）,1.0,5.0,1,cutoff
4860.0,1.35,0.6431977930928755,64.31977930928755,3.776278856482041,33.03297690471484,4.092934876861699,S3_gaming,游戏（高 CPU/GPU 负载）,1.0,5.0,1,cutoff
4865.0,1.351388888888889,0.6428214452654337,64.28214452654338,3.7760854124125127,33.03254682240526,4.092934876861699,S3_gaming,游戏（高 CPU/GPU 负载）,1.0,5.0,1,cutoff
4870.0,1.3527777777777779,0.6424450781552585,64.24450781552585,3.7758919206751864,33.03212038040865,4.092934876861699,S3_gaming,游戏（高 CPU/GPU 负载）,1.0,5.0,1,cutoff
4875.0,1.3541666666666667,0.6420686917559101,64.20686917559101,3.775698386934795,33.03169755137246,4.092934876861699,S3_gaming,游戏（高 CPU/GPU 负载）,1.0,5.0,1,cutoff
4880.0,1.3555555555555556,0.6416922860614733,64.16922860614733,3.775504816102966,33.031278307933206,4.092934876861699,S3_gaming,游戏（高 CPU/GPU 负载）,1.0,5.0,1,cutoff
4885.0,1.3569444444444445,0.6413158610664881,64.13158610664881,3.7753112124375785,33.03086262274689,4.092934876861699,S3_gaming,游戏（高 CPU/GPU 负载）,1.0,5.0,1,cutoff
4890.0,1.3583333333333334,0.6409394167658886,64.09394167658886,3.7751175796290144,33.030450468515134,4.092934876861699,S3_gaming,游戏（高 CPU/GPU 负载）,1.0,5.0,1,cutoff
4895.0,1.3597222222222223,0.6405629531549508,64.05629531549508,3.774923920875032,33.030041818007696,4.092934876861699,S3_gaming,游戏（高 CPU/GPU 负载）,1.0,5.0,1,cutoff
4900.0,1.3611111111111112,0.6401864702292467,64.01864702292467,3.774730238945777,33.029636644081705,4.092934876861699,S3_gaming,游戏（高 CPU/GPU 负载）,1.0,5.0,1,cutoff
4905.0,1.3625,0.6398099679846047,63.98099679846047,3.774536536240203,33.029234919698204,4.092934876861699,S3_gaming,游戏（高 CPU/GPU 负载）,1.0,5.0,1,cutoff
4910.0,1.363888888888889,0.639433446417075,63.9433446417075,3.7743428148350695,33.028836617936264,4.092934876861699,S3_gaming,游戏（高 CPU/GPU 负载）,1.0,5.0,1,cutoff
4915.0,1.3652777777777778,0.6390569055229002,63.90569055229002,3.7741490765274652,33.028441712005,4.092934876861699,S3_gaming,游戏（高 CPU/GPU 负载）,1.0,5.0,1,cutoff
4920.0,1.3666666666666667,0.6386803452984886,63.86803452984886,3.773955322871732,33.028050175253796,4.092934876861699,S3_gaming,游戏（高 CPU/GPU 负载）,1.0,5.0,1,cutoff
4925.0,1.3680555555555556,0.6383037657403924,63.830376574039235,3.773761555211514,33.027661981180984,4.092934876861699,S3_gaming,游戏（高 CPU/GPU 负载）,1.0,5.0,1,cutoff
4930.0,1.3694444444444445,0.6379271668452875,63.79271668452875,3.7735677747075838,33.0272771034411,4.092934876861699,S3_gaming,游戏（高 CPU/GPU 负载）,1.0,5.0,1,cutoff
4935.0,1.3708333333333333,0.6375505486099572,63.75505486099572,3.7733739823619987,33.02689551585103,4.092934876861699,S3_gaming,游戏（高 CPU/GPU 负载）,1.0,5.0,1,cutoff
4940.0,1.3722222222222222,0.637173911031277,63.717391103127696,3.7731801790390675,33.02651719239512,4.092934876861699,S3_gaming,游戏（高 CPU/GPU 负载）,1.0,5.0,1,cutoff
4945.0,1.3736111111111111,0.6367972541062018,63.67972541062018,3.7729863654835607,33.026142107229354,4.092934876861699,S3_gaming,游戏（高 CPU/GPU 负载）,1.0,5.0,1,cutoff
4950.0,1.375,0.6364205778317552,63.642057783175524,3.7727925423365107,33.02577023468485,4.092934876861699,S3_gaming,游戏（高 CPU/GPU 负载）,1.0,5.0,1,cutoff
4955.0,1.3763888888888889,0.6360438822050195,63.60438822050195,3.7725987101489307,33.02540154927059,4.092934876861699,S3_gaming,游戏（高 CPU/GPU 负载）,1.0,5.0,1,cutoff
4960.0,1.3777777777777778,0.6356671672231273,63.566716722312734,3.7724048693937275,33.02503602567569,4.092934876861699,S3_gaming,游戏（高 CPU/GPU 负载）,1.0,5.0,1,cutoff
4965.0,1.3791666666666667,0.6352904328832547,63.52904328832547,3.7722110204760404,33.02467363877107,4.092934876861699,S3_gaming,游戏（高 CPU/GPU 负载）,1.0,5.0,1,cutoff
4970.0,1.3805555555555555,0.6349136791826144,63.491367918261446,3.7720171637422184,33.024314363610756,4.092934876861699,S3_gaming,游戏（高 CPU/GPU 负载）,1.0,5.0,1,cutoff
4975.0,1.3819444444444444,0.6345369061184508,63.45369061184508,3.7718232994876097,33.023958175432796,4.092934876861699,S3_gaming,游戏（高 CPU/GPU 负载）,1.0,5.0,1,cutoff
4980.0,1.3833333333333333,0.6341601136880348,63.41601136880348,3.771629427963327,33.02360504965985,4.092934876861699,S3_gaming,游戏（高 CPU/GPU 负载）,1.0,5.0,1,cutoff
4985.0,1.3847222222222222,0.6337833018886601,63.378330188866,3.7714355493821228,33.0232549618995,4.092934876861699,S3_gaming,游戏（高 CPU/GPU 负载）,1.0,5.0,1,cutoff
4990.0,1.386111111111111,0.6334064707176392,63.340647071763925,3.7712416639234827,33.02290788794432,4.092934876861699,S3_gaming,游戏（高 CPU/GPU 负载）,1.0,5.0,1,cutoff
4995.0,1.3875,0.6330296201723008,63.30296201723008,3.771047771738053,33.02256380377179,4.092934876861699,S3_gaming,游戏（高 CPU/GPU 负载）,1.0,5.0,1,cutoff
5000.0,1.3888888888888888,0.6326527502499867,63.265275024998665,3.770853872951482,33.02222268554392,4.092934876861699,S3_gaming,游戏（高 CPU/GPU 负载）,1.0,5.0,1,cutoff
5005.0,1.3902777777777777,0.6322758609480497,63.22758609480496,3.7706599676677546,33.021884509606856,4.092934876861699,S3_gaming,游戏（高 CPU/GPU 负载）,1.0,5.0,1,cutoff
5010.0,1.3916666666666666,0.6318989522638514,63.18989522638514,3.770466055972087,33.02154925249025,4.092934876861699,S3_gaming,游戏（高 CPU/GPU 负载）,1.0,5.0,1,cutoff
5015.0,1.3930555555555555,0.6315220241947609,63.15220241947609,3.7702721379334383,33.02121689090658,4.092934876861699,S3_gaming,游戏（高 CPU/GPU 负载）,1.0,5.0,1,cutoff
5020.0,1.3944444444444444,0.6311450767381527,63.11450767381527,3.7700782136066957,33.02088740175034,4.092934876861699,S3_gaming,游戏（高 CPU/GPU 负载）,1.0,5.0,1,cutoff
5025.0,1.3958333333333333,0.6307681098914056,63.07681098914056,3.7698842830345614,33.020560762097176,4.092934876861699,S3_gaming,游戏（高 CPU/GPU 负载）,1.0,5.0,1,cutoff
5030.0,1.3972222222222221,0.630391123651902,63.0391123651902,3.769690346249202,33.020236949202925,4.092934876861699,S3_gaming,游戏（高 CPU/GPU 负载）,1.0,5.0,1,cutoff
5035.0,1.398611111111111,0.6300141180170261,63.00141180170261,3.76949640327367,33.019915940502614,4.092934876861699,S3_gaming,游戏（高 CPU/GPU 负载）,1.0,5.0,1,cutoff
5040.0,1.4,0.6296370929841639,62.96370929841639,3.7693024541231477,33.019597713609414,4.092934876861699,S3_gaming,游戏（高 CPU/GPU 负载）,1.0,5.0,1,cutoff
5045.0,1.4013888888888888,0.629215831309116,62.92158313091159,3.7598368645010156,33.02857329671631,4.561864228444583,S3_gaming,游戏（高 CPU/GPU 负载）,1.0,5.0,1,cutoff
5050.0,1.4027777777777777,0.6288136891837353,62.881368918373525,3.7633900754116056,33.03346120526616,4.358833113752089,S3_gaming,游戏（高 CPU/GPU 负载）,1.0,5.0,1,cutoff
5055.0,1.4041666666666666,0.6284125852159518,62.84125852159518,3.7633013763808503,33.03809037823589,4.3474638383754955,S3_gaming,游戏（高 CPU/GPU 负载）,1.0,5.0,1,cutoff
5060.0,1.4055555555555554,0.6280119621416755,62.801196214167554,3.763117066665871,33.04257950232306,4.342028830939376,S3_gaming,游戏（高 CPU/GPU 负载）,1.0,5.0,1,cutoff
5065.0,1.4069444444444446,0.6276115541486017,62.76115541486017,3.7628921146307004,33.04698519816886,4.339430661324142,S3_gaming,游戏（高 CPU/GPU 负载）,1.0,5.0,1,cutoff
5070.0,1.4083333333333334,0.627211234662904,62.72112346629039,3.76265212162027,33.05133445364217,4.338188623400761,S3_gaming,游戏（高 CPU/GPU 负载）,1.0,5.0,1,cutoff
5075.0,1.4097222222222223,0.6268109436066667,62.68109436066667,3.762408742574759,33.05564011956401,4.337594875327475,S3_gaming,游戏（高 CPU/GPU 负载）,1.0,5.0,1,cutoff
5080.0,1.4111111111111112,0.6264336576098076,62.643365760980764,3.7669881501147384,33.055077224916005,4.093194834487238,S3_gaming,游戏（高 CPU/GPU 负载）,1.0,5.0,1,cutoff
5085.0,1.4125,0.6260563751885518,62.60563751885518,3.7668918986528848,33.05451176378049,4.093059147897546,S3_gaming,游戏（高 CPU/GPU 负载）,1.0,5.0,1,cutoff
5090.0,1.413888888888889,0.6256790883285215,62.56790883285215,3.766781718699168,33.053945778385774,4.092994283814345,S3_gaming,游戏（高 CPU/GPU 负载）,1.0,5.0,1,cutoff
5095.0,1.4152777777777779,0.62530179266753,62.530179266753,3.766659951096879,33.05338047936947,4.092963275965309,S3_gaming,游戏（高 CPU/GPU 负载）,1.0,5.0,1,cutoff
5100.0,1.4166666666666667,0.6249244856591677,62.49244856591677,3.7665283648235284,33.052816645042036,4.092948452866694,S3_gaming,游戏（高 CPU/GPU 负载）,1.0,5.0,1,cutoff
5105.0,1.4180555555555556,0.6245471656856946,62.45471656856946,3.7663883697417893,33.05225481718632,4.092941366781738,S3_gaming,游戏（高 CPU/GPU 负载）,1.0,5.0,1,cutoff
5110.0,1.4194444444444445,0.6241698316259605,62.416983162596054,3.7662411296145395,33.0516953988606,4.092937979325357,S3_gaming,游戏（高 CPU/GPU 负载）,1.0,5.0,1,cutoff
5115.0,1.4208333333333334,0.6237924826419053,62.37924826419054,3.7660876259495693,33.0511387047398,4.092936359974078,S3_gaming,游戏（高 CPU/GPU 负载）,1.0,5.0,1,cutoff
5120.0,1.4222222222222223,0.623415118070468,62.3415118070468,3.7659286970431927,33.050584988249234,4.092935585853833,S3_gaming,游戏（高 CPU/GPU 负载）,1.0,5.0,1,cutoff
5125.0,1.4236111111111112,0.6230377373666814,62.30377373666814,3.765765064043302,33.05003445716512,4.092935215790733,S3_gaming,游戏（高 CPU/GPU 负载）,1.0,5.0,1,cutoff
5130.0,1.425,0.6226603400719278,62.266034007192786,3.7655973498310304,33.049487283329,4.092935038884498,S3_gaming,游戏（高 CPU/GPU 负载）,1.0,5.0,1,cutoff
5135.0,1.426388888888889,0.6222829257948205,62.228292579482044,3.7654260936220965,33.04894360923133,4.092934954315634,S3_gaming,游戏（高 CPU/GPU 负载）,1.0,5.0,1,cutoff
5140.0,1.4277777777777778,0.6219054941986427,62.19054941986427,3.765251762786492,33.048403552827764,4.092934913888044,S3_gaming,游戏（高 CPU/GPU 负载）,1.0,5.0,1,cutoff
5145.0,1.4291666666666667,0.6215280449923716,62.152804499237156,3.7650747626999737,33.0478672112794,4.0929348945619,S3_gaming,游戏（高 CPU/GPU 负载）,1.0,5.0,1,cutoff
5150.0,1.4305555555555556,0.6211505779238083,62.11505779238083,3.764895445100481,33.0473346639806,4.092934885323164,S3_gaming,游戏（高 CPU/GPU 负载）,1.0,5.0,1,cutoff
5155.0,1.4319444444444445,0.6207730927740553,62.07730927740553,3.76471411524875,33.046805975076325,4.092934880906647,S3_gaming,游戏（高 CPU/GPU 负载）,1.0,5.0,1,cutoff
5160.0,1.4333333333333333,0.620395589352932,62.0395589352932,3.7645310380996695,33.04628119558955,4.09293487879536,S3_gaming,游戏（高 CPU/GPU 负载）,1.0,5.0,1,cutoff
5165.0,1.4347222222222222,0.6200180674950965,62.00180674950965,3.7643464436382077,33.04576036523671,4.092934877786073,S3_gaming,游戏（高 CPU/GPU 负载）,1.0,5.0,1,cutoff
5170.0,1.4361111111111111,0.6196405270567258,61.96405270567258,3.7641605315012625,33.045243513985916,4.092934877303589,S3_gaming,游戏（高 CPU/GPU 负载）,1.0,5.0,1,cutoff
5175.0,1.4375,0.6192629679126581,61.92629679126581,3.763973474984988,33.04473066339904,4.092934877072942,S3_gaming,游戏（高 CPU/GPU 负载）,1.0,5.0,1,cutoff
5180.0,1.4388888888888889,0.6188853899539217,61.888538995392175,3.763785424521176,33.044221827790054,4.0929348769626825,S3_gaming,游戏（高 CPU/GPU 负载）,1.0,5.0,1,cutoff
5185.0,1.4402777777777778,0.6185077930855957,61.85077930855957,3.763596510693992,33.04371701522612,4.092934876909974,S3_gaming,游戏（高 CPU/GPU 负载）,1.0,5.0,1,cutoff
5190.0,1.4416666666666667,0.6181301772249544,61.813017722495445,3.7634068468582456,33.04321622839352,4.092934876884776,S3_gaming,游戏（高 CPU/GPU 负载）,1.0,5.0,1,cutoff
5195.0,1.4430555555555555,0.6177525422998589,61.77525422998589,3.7632165314120667,33.04271946534707,4.0929348768727305,S3_gaming,游戏（高 CPU/GPU 负载）,1.0,5.0,1,cutoff
5200.0,1.4444444444444444,0.6173748882473595,61.737488824735955,3.763025649769682,33.04222672015904,4.092934876866972,S3_gaming,游戏（高 CPU/GPU 负载）,1.0,5.0,1,cutoff
5205.0,1.4458333333333333,0.6169972150124846,61.69972150124846,3.762834276073941,33.04173798348117,4.09293487686422,S3_gaming,游戏（高 CPU/GPU 负载）,1.0,5.0,1,cutoff
5210.0,1.4472222222222222,0.6166195225471874,61.66195225471874,3.762642474682924,33.04125324303148,4.092934876862904,S3_gaming,游戏（高 CPU/GPU 负载）,1.0,5.0,1,cutoff
5215.0,1.448611111111111,0.6162418108094332,61.624181080943316,3.7624503014604724,33.0407724840161,4.092934876862275,S3_gaming,游戏（高 CPU/GPU 负载）,1.0,5.0,1,cutoff
5220.0,1.45,0.6158640797624056,61.586407976240565,3.76225780489649,33.04029568949479,4.092934876861975,S3_gaming,游戏（高 CPU/GPU 负载）,1.0,5.0,1,cutoff
5225.0,1.4513888888888888,0.6154863293738188,61.548632937381875,3.7620650270794886,33.0398228406976,4.092934876861831,S3_gaming,游戏（高 CPU/GPU 负载）,1.0,5.0,1,cutoff
5230.0,1.4527777777777777,0.6151085596153187,61.510855961531874,3.7618720045408587,33.039353917299366,4.0929348768617615,S3_gaming,游戏（高 CPU/GPU 负载）,1.0,5.0,1,cutoff
5235.0,1.4541666666666666,0.6147307704619654,61.47307704619654,3.761678768987791,33.038888897657486,4.092934876861729,S3_gaming,游戏（高 CPU/GPU 负载）,1.0,5.0,1,cutoff
5240.0,1.4555555555555555,0.6143529618917812,61.435296189178125,3.761485347939535,33.03842775901805,4.0929348768617135,S3_gaming,游戏（高 CPU/GPU 负载）,1.0,5.0,1,cutoff
5245.0,1.4569444444444444,0.6139751338853604,61.39751338853604,3.7612917652797364,33.037970477694344,4.0929348768617055,S3_gaming,游戏（高 CPU/GPU 负载）,1.0,5.0,1,cutoff
5250.0,1.4583333333333333,0.6135972864255292,61.35972864255292,3.7610980417359374,33.03751702922153,4.092934876861702,S3_gaming,游戏（高 CPU/GPU 负载）,1.0,5.0,1,cutoff
5255.0,1.4597222222222221,0.613219419497051,61.321941949705106,3.7609041952958346,33.037067388490634,4.0929348768617,S3_gaming,游戏（高 CPU/GPU 负载）,1.0,5.0,1,cutoff
5260.0,1.461111111111111,0.6128415330863703,61.28415330863704,3.7607102415686393,33.03662152986454,4.092934876861699,S3_gaming,游戏（高 CPU/GPU 负载）,1.0,5.0,1,cutoff
5265.0,1.4625,0.6124636271813907,61.24636271813907,3.760516194098781,33.03617942727844,4.092934876861699,S3_gaming,游戏（高 CPU/GPU 负载）,1.0,5.0,1,cutoff
5270.0,1.4638888888888888,0.6120857017712816,61.208570177128166,3.760322064638241,33.03574105432678,4.092934876861699,S3_gaming,游戏（高 CPU/GPU 负载）,1.0,5.0,1,cutoff
5275.0,1.4652777777777777,0.611707756846311,61.170775684631096,3.7601278633829676,33.03530638433842,4.092934876861699,S3_gaming,游戏（高 CPU/GPU 负载）,1.0,5.0,1,cutoff
5280.0,1.4666666666666666,0.6113297923976996,61.13297923976996,3.7599335991781175,33.03487539044173,4.092934876861699,S3_gaming,游戏（高 CPU/GPU 负载）,1.0,5.0,1,cutoff
5285.0,1.4680555555555554,0.6109518084174951,61.09518084174951,3.759739279696228,33.034448045620735,4.092934876861699,S3_gaming,游戏（高 CPU/GPU 负载）,1.0,5.0,1,cutoff
5290.0,1.4694444444444446,0.6105738048984622,61.057380489846224,3.7595449115918913,33.03402432276374,4.092934876861699,S3_gaming,游戏（高 CPU/GPU 负载）,1.0,5.0,1,cutoff
5295.0,1.4708333333333334,0.6101957818339876,61.01957818339876,3.759350500636032,33.033604194705184,4.092934876861699,S3_gaming,游戏（高 CPU/GPU 负载）,1.0,5.0,1,cutoff
5300.0,1.4722222222222223,0.6098177392179971,60.98177392179971,3.759156051832481,33.033187634261814,4.092934876861699,S3_gaming,游戏（高 CPU/GPU 负载）,1.0,5.0,1,cutoff
5305.0,1.4736111111111112,0.6094396770448841,60.94396770448841,3.758961569519168,33.03277461426383,4.092934876861699,S3_gaming,游戏（高 CPU/GPU 负载）,1.0,5.0,1,cutoff
5310.0,1.475,0.6090615953094474,60.906159530944734,3.7587670574559784,33.032365107581704,4.092934876861699,S3_gaming,游戏（高 CPU/GPU 负载）,1.0,5.0,1,cutoff
5315.0,1.476388888888889,0.6086834940068367,60.86834940068368,3.7585725189010177,33.03195908714921,4.092934876861699,S3_gaming,游戏（高 CPU/GPU 负载）,1.0,5.0,1,cutoff
5320.0,1.4777777777777779,0.6083053731325064,60.830537313250645,3.7583779566768203,33.0315565259832,4.092934876861699,S3_gaming,游戏（高 CPU/GPU 负载）,1.0,5.0,1,cutoff
5325.0,1.4791666666666667,0.607927232682174,60.792723268217394,3.758183373227831,33.031157397200566,4.092934876861699,S3_gaming,游戏（高 CPU/GPU 负载）,1.0,5.0,1,cutoff
5330.0,1.4805555555555556,0.6075490726517851,60.75490726517852,3.7579887706703023,33.03076167403271,4.092934876861699,S3_gaming,游戏（高 CPU/GPU 负载）,1.0,5.0,1,cutoff
5335.0,1.4819444444444445,0.6071708930374832,60.71708930374832,3.7577941508356116,33.03036932983791,4.092934876861699,S3_gaming,游戏（高 CPU/GPU 负载）,1.0,5.0,1,cutoff
5340.0,1.4833333333333334,0.606792693835582,60.6792693835582,3.7575995153078705,33.02998033811183,4.092934876861699,S3_gaming,游戏（高 CPU/GPU 负载）,1.0,5.0,1,cutoff
5345.0,1.4847222222222223,0.6064144750425431,60.64144750425431,3.7574048654565684,33.029594672496394,4.092934876861699,S3_gaming,游戏（高 CPU/GPU 负载）,1.0,5.0,1,cutoff
5350.0,1.4861111111111112,0.6060362366549555,60.603623665495554,3.757210202464917,33.029212306787365,4.092934876861699,S3_gaming,游戏（高 CPU/GPU 负载）,1.0,5.0,1,cutoff
5355.0,1.4875,0.6056579786695185,60.565797866951854,3.757015527354454,33.028833214940576,4.092934876861699,S3_gaming,游戏（高 CPU/GPU 负载）,1.0,5.0,1,cutoff
5360.0,1.488888888888889,0.6052797010830261,60.52797010830261,3.7568208410064003,33.028457371077245,4.092934876861699,S3_gaming,游戏（高 CPU/GPU 负载）,1.0,5.0,1,cutoff
5365.0,1.4902777777777778,0.604901403892354,60.4901403892354,3.75662614418021,33.02808474948832,4.092934876861699,S3_gaming,游戏（高 CPU/GPU 负载）,1.0,5.0,1,cutoff
5370.0,1.4916666666666667,0.6045230870944488,60.45230870944488,3.7564314375296592,33.02771532463805,4.092934876861699,S3_gaming,游戏（高 CPU/GPU 负载）,1.0,5.0,1,cutoff
5375.0,1.4930555555555556,0.604144750686317,60.4144750686317,3.7562367216168275,33.027349071166896,4.092934876861699,S3_gaming,游戏（高 CPU/GPU 负载）,1.0,5.0,1,cutoff
5380.0,1.4944444444444445,0.6037663946650175,60.37663946650175,3.7560419969242274,33.026985963893814,4.092934876861699,S3_gaming,游戏（高 CPU/GPU 负载）,1.0,5.0,1,cutoff
5385.0,1.4958333333333333,0.6033880190276534,60.33880190276534,3.755847263865334,33.02662597781808,4.092934876861699,S3_gaming,游戏（高 CPU/GPU 负载）,1.0,5.0,1,cutoff
5390.0,1.4972222222222222,0.6030096237713659,60.30096237713659,3.7556525227937345,33.026269088120635,4.092934876861699,S3_gaming,游戏（高 CPU/GPU 负载）,1.0,5.0,1,cutoff
5395.0,1.4986111111111111,0.6026312088933286,60.26312088933285,3.7554577740110573,33.02591527016508,4.092934876861699,S3_gaming,游戏（高 CPU/GPU 负载）,1.0,5.0,1,cutoff
5400.0,1.5,0.6022527743907424,60.22527743907424,3.7552630177738693,33.0255644994983,4.092934876861699,S3_gaming,游戏（高 CPU/GPU 负载）,1.0,5.0,1,cutoff
5405.0,1.5013888888888889,0.6018743202608319,60.18743202608319,3.755068254299653,33.02521675185086,4.092934876861699,S3_gaming,游戏（高 CPU/GPU 负载）,1.0,5.0,1,cutoff
5410.0,1.5027777777777778,0.6014958465008409,60.14958465008409,3.754873483771999,33.02487200313711,4.092934876861699,S3_gaming,游戏（高 CPU/GPU 负载）,1.0,5.0,1,cutoff
5415.0,1.5041666666666667,0.6011173531080299,60.11173531080299,3.7546787063451172,33.0245302294551,4.092934876861699,S3_gaming,游戏（高 CPU/GPU 负载）,1.0,5.0,1,cutoff
5420.0,1.5055555555555555,0.6007388400796733,60.07388400796733,3.754483922147748,33.02419140708632,4.092934876861699,S3_gaming,游戏（高 CPU/GPU 负载）,1.0,5.0,1,cutoff
5425.0,1.5069444444444444,0.6003603074130562,60.03603074130562,3.7542891312865567,33.02385551249526,4.092934876861699,S3_gaming,游戏（高 CPU/GPU 负载）,1.0,5.0,1,cutoff
5430.0,1.5083333333333333,0.5999817551054736,59.998175510547355,3.754094333849086,33.023522522328854,4.092934876861699,S3_gaming,游戏（高 CPU/GPU 负载）,1.0,5.0,1,cutoff
5435.0,1.5097222222222222,0.5996031831542274,59.96031831542275,3.753899529906312,33.02319241341581,4.092934876861699,S3_gaming,游戏（高 CPU/GPU 负载）,1.0,5.0,1,cutoff
5440.0,1.511111111111111,0.599224591556626,59.9224591556626,3.7537047195148707,33.02286516276584,4.092934876861699,S3_gaming,游戏（高 CPU/GPU 负载）,1.0,5.0,1,cutoff
5445.0,1.5125,0.5988459803099818,59.884598030998184,3.75350990271898,33.02254074756879,4.092934876861699,S3_gaming,游戏（高 CPU/GPU 负载）,1.0,5.0,1,cutoff
5450.0,1.5138888888888888,0.5984673494116108,59.84673494116108,3.753315079552122,33.02221914519372,4.092934876861699,S3_gaming,游戏（高 CPU/GPU 负载）,1.0,5.0,1,cutoff
5455.0,1.5152777777777777,0.5980442843409934,59.80442843409934,3.743807623127216,33.0311950137833,4.561864228444583,S3_gaming,游戏（高 CPU/GPU 负载）,1.0,5.0,1,cutoff
5460.0,1.5166666666666666,0.5976404239089841,59.76404239089841,3.747376516083109,33.03608169263507,4.358833113752089,S3_gaming,游戏（高 CPU/GPU 负载）,1.0,5.0,1,cutoff
5465.0,1.5180555555555555,0.5972376059714125,59.72376059714125,3.747287381788481,33.040709608667576,4.3474638383754955,S3_gaming,游戏（高 CPU/GPU 负载）,1.0,5.0,1,cutoff
5470.0,1.5194444444444444,0.5968352707980689,59.683527079806886,3.747102218236129,33.04519748624863,4.342028830939376,S3_gaming,游戏（高 CPU/GPU 负载）,1.0,5.0,1,cutoff
5475.0,1.5208333333333333,0.5964331514054333,59.64331514054333,3.7468762356587737,33.04960196164092,4.339430661324142,S3_gaming,游戏（高 CPU/GPU 负载）,1.0,5.0,1,cutoff
5480.0,1.5222222222222221,0.5960311206663248,59.60311206663248,3.7466351478816224,33.053950028138615,4.338188623400761,S3_gaming,游戏（高 CPU/GPU 负载）,1.0,5.0,1,cutoff
5485.0,1.523611111111111,0.5956291182439658,59.56291182439658,3.746390660919266,33.05825453737948,4.337594875327475,S3_gaming,游戏（高 CPU/GPU 负载）,1.0,5.0,1,cutoff
5490.0,1.525,0.5952502231682826,59.525022316828256,3.7509902592763744,33.05768867781085,4.093194834487238,S3_gaming,游戏（高 CPU/GPU 负载）,1.0,5.0,1,cutoff
5495.0,1.5263888888888888,0.5948713316057497,59.48713316057497,3.750893584474062,33.05712023735646,4.093059147897546,S3_gaming,游戏（高 CPU/GPU 负载）,1.0,5.0,1,cutoff
5500.0,1.5277777777777777,0.5944924354945205,59.44924354945205,3.750782916927935,33.05655126441841,4.092994283814345,S3_gaming,游戏（高 CPU/GPU 负载）,1.0,5.0,1,cutoff
5505.0,1.5291666666666666,0.5941135304426902,59.41135304426902,3.7506606081575513,33.05598297473444,4.092963275965309,S3_gaming,游戏（高 CPU/GPU 负载）,1.0,5.0,1,cutoff
5510.0,1.5305555555555554,0.593734613883539,59.373461388353896,3.7505284352543433,33.0554161508914,4.092948452866694,S3_gaming,游戏（高 CPU/GPU 负载）,1.0,5.0,1,cutoff
5515.0,1.5319444444444446,0.5933556841843153,59.33556841843153,3.7503878145728966,33.05485133828832,4.092941366781738,S3_gaming,游戏（高 CPU/GPU 负载）,1.0,5.0,1,cutoff
5520.0,1.5333333333333334,0.5929767402120855,59.29767402120854,3.7502399152479087,33.054288943054964,4.092937979325357,S3_gaming,游戏（高 CPU/GPU 负载）,1.0,5.0,1,cutoff
5525.0,1.5347222222222223,0.5925977811191531,59.25977811191531,3.7500857233243168,33.053729282480305,4.092936359974078,S3_gaming,游戏（高 CPU/GPU 负载）,1.0,5.0,1,cutoff
5530.0,1.5361111111111112,0.5922188062343705,59.22188062343705,3.749926080976819,33.05317261221531,4.092935585853833,S3_gaming,游戏（高 CPU/GPU 负载）,1.0,5.0,1,cutoff
5535.0,1.5375,0.5918398150058805,59.18398150058805,3.749761712691299,33.052619141929874,4.092935215790733,S3_gaming,游戏（高 CPU/GPU 负载）,1.0,5.0,1,cutoff
5540.0,1.538888888888889,0.5914608069691409,59.1460806969141,3.7495932442328077,33.05206904507433,4.092935038884498,S3_gaming,游戏（高 CPU/GPU 负载）,1.0,5.0,1,cutoff
5545.0,1.5402777777777779,0.5910817817276465,59.108178172764646,3.7494212173139942,33.05152246550283,4.092934954315634,S3_gaming,游戏（高 CPU/GPU 负载）,1.0,5.0,1,cutoff
5550.0,1.5416666666666667,0.5907027389402435,59.07027389402435,3.7492461014692773,33.05097952232349,4.092934913888044,S3_gaming,游戏（高 CPU/GPU 负载）,1.0,5.0,1,cutoff
5555.0,1.5430555555555556,0.5903236783120571,59.03236783120571,3.749068303951839,33.0504403136677,4.0929348945619,S3_gaming,游戏（高 CPU/GPU 负载）,1.0,5.0,1,cutoff
5560.0,1.5444444444444445,0.5899445995875403,58.99445995875403,3.7488881781286763,33.049904919742836,4.092934885323164,S3_gaming,游戏（高 CPU/GPU 负载）,1.0,5.0,1,cutoff
5565.0,1.5458333333333334,0.5895655025448825,58.95655025448825,3.7487060306743523,33.04937340537105,4.092934880906647,S3_gaming,游戏（高 CPU/GPU 负载）,1.0,5.0,1,cutoff
5570.0,1.5472222222222223,0.5891863869913678,58.918638699136785,3.748522127770914,33.04884582213515,4.09293487879536,S3_gaming,游戏（高 CPU/GPU 负载）,1.0,5.0,1,cutoff
5575.0,1.5486111111111112,0.5888072527594459,58.88072527594459,3.748336700468526,33.048322210210024,4.092934877786073,S3_gaming,游戏（高 CPU/GPU 负载）,1.0,5.0,1,cutoff
5580.0,1.55,0.5884280997033694,58.84280997033694,3.7481499493287225,33.04780259993463,4.092934877303589,S3_gaming,游戏（高 CPU/GPU 负载）,1.0,5.0,1,cutoff
5585.0,1.551388888888889,0.5880489276962984,58.80489276962984,3.747962048450282,33.04728701316599,4.092934877072942,S3_gaming,游戏（高 CPU/GPU 负载）,1.0,5.0,1,cutoff
5590.0,1.5527777777777778,0.5876697366277968,58.76697366277968,3.747773148961718,33.04677546444785,4.0929348769626825,S3_gaming,游戏（高 CPU/GPU 负载）,1.0,5.0,1,cutoff
5595.0,1.5541666666666667,0.5872905264016649,58.72905264016649,3.747583382051977,33.046267962020636,4.092934876909974,S3_gaming,游戏（高 CPU/GPU 负载）,1.0,5.0,1,cutoff
5600.0,1.5555555555555556,0.5869112969340597,58.691129693405976,3.747392861600841,33.04576450869515,4.092934876884776,S3_gaming,游戏（高 CPU/GPU 负载）,1.0,5.0,1,cutoff
5605.0,1.5569444444444445,0.5865320481518644,58.65320481518644,3.7472016864621223,33.045265102608646,4.0929348768727305,S3_gaming,游戏（高 CPU/GPU 负载）,1.0,5.0,1,cutoff
5610.0,1.5583333333333333,0.5861527799912734,58.615277999127336,3.7470099424455845,33.04476973787954,4.092934876866972,S3_gaming,游戏（高 CPU/GPU 负载）,1.0,5.0,1,cutoff
5615.0,1.5597222222222222,0.5857734923965638,58.577349239656385,3.7468177040373907,33.04427840517442,4.09293487686422,S3_gaming,游戏（高 CPU/GPU 负载）,1.0,5.0,1,cutoff
5620.0,1.5611111111111111,0.5853941853190299,58.53941853190299,3.746625035893607,33.043791092199235,4.092934876862904,S3_gaming,游戏（高 CPU/GPU 负载）,1.0,5.0,1,cutoff
5625.0,1.5625,0.5850148587160569,58.50148587160569,3.746431994136701,33.0433077841249,4.092934876862275,S3_gaming,游戏（高 CPU/GPU 负载）,1.0,5.0,1,cutoff
5630.0,1.5638888888888889,0.5846355125503176,58.46355125503177,3.7462386274810378,33.04282846395599,4.092934876861975,S3_gaming,游戏（高 CPU/GPU 负载）,1.0,5.0,1,cutoff
5635.0,1.5652777777777778,0.5842561467890752,58.42561467890752,3.74604497820993,33.04235311285035,4.092934876861831,S3_gaming,游戏（高 CPU/GPU 负载）,1.0,5.0,1,cutoff
5640.0,1.5666666666666667,0.5838767614035768,58.387676140357684,3.74585108302382,33.04188171039594,4.0929348768617615,S3_gaming,游戏（高 CPU/GPU 负载）,1.0,5.0,1,cutoff
5645.0,1.5680555555555555,0.5834973563685283,58.34973563685283,3.7456569737765917,33.04141423485084,4.092934876861729,S3_gaming,游戏（高 CPU/GPU 负载）,1.0,5.0,1,cutoff
5650.0,1.5694444444444444,0.5831179316616374,58.31179316616374,3.745462678114781,33.040950663351126,4.0929348768617135,S3_gaming,游戏（高 CPU/GPU 负载）,1.0,5.0,1,cutoff
5655.0,1.5708333333333333,0.5827384872632175,58.27384872632175,3.745268220032474,33.04049097209102,4.0929348768617055,S3_gaming,游戏（高 CPU/GPU 负载）,1.0,5.0,1,cutoff
5660.0,1.5722222222222222,0.5823590231558436,58.23590231558436,3.7450736203530215,33.040035136478956,4.092934876861702,S3_gaming,游戏（高 CPU/GPU 负载）,1.0,5.0,1,cutoff
5665.0,1.573611111111111,0.5819795393240536,58.197953932405355,3.744878897147235,33.03958313127276,4.0929348768617,S3_gaming,游戏（高 CPU/GPU 负载）,1.0,5.0,1,cutoff
5670.0,1.575,0.5816000357540883,58.16000357540882,3.744684066096414,33.03913493069667,4.092934876861699,S3_gaming,游戏（高 CPU/GPU 负载）,1.0,5.0,1,cutoff
5675.0,1.5763888888888888,0.581220512433667,58.1220512433667,3.7444891408075045,33.03869050854273,4.092934876861699,S3_gaming,游戏（高 CPU/GPU 负载）,1.0,5.0,1,cutoff
5680.0,1.5777777777777777,0.5808409693517919,58.08409693517918,3.7442941330866986,33.038249838258466,4.092934876861699,S3_gaming,游戏（高 CPU/GPU 负载）,1.0,5.0,1,cutoff
5685.0,1.5791666666666666,0.5804614064985778,58.04614064985778,3.7440990531769405,33.03781289302276,4.092934876861699,S3_gaming,游戏（高 CPU/GPU 负载）,1.0,5.0,1,cutoff
5690.0,1.5805555555555555,0.5800818238651052,58.00818238651052,3.7439039099641227,33.037379645811505,4.092934876861699,S3_gaming,游戏（高 CPU/GPU 负载）,1.0,5.0,1,cutoff
5695.0,1.5819444444444444,0.5797022214432922,57.97022214432922,3.7437087111560796,33.03695006945429,4.092934876861699,S3_gaming,游戏（高 CPU/GPU 负载）,1.0,5.0,1,cutoff
5700.0,1.5833333333333333,0.5793225992257833,57.93225992257833,3.743513463437984,33.036524136683425,4.092934876861699,S3_gaming,游戏（高 CPU/GPU 负载）,1.0,5.0,1,cutoff
5705.0,1.5847222222222221,0.5789429572058535,57.894295720585355,3.743318172607244,33.0361018201762,4.092934876861699,S3_gaming,游戏（高 CPU/GPU 负载）,1.0,5.0,1,cutoff
5710.0,1.586111111111111,0.5785632953773239,57.856329537732385,3.743122843690616,33.03568309259138,4.092934876861699,S3_gaming,游戏（高 CPU/GPU 负载）,1.0,5.0,1,cutoff
5715.0,1.5875,0.5781836137344891,57.81836137344891,3.7429274810458724,33.03526792660064,4.092934876861699,S3_gaming,游戏（高 CPU/GPU 负载）,1.0,5.0,1,cutoff
5720.0,1.5888888888888888,0.5778039122720549,57.780391227205484,3.7427320884500563,33.034856294915606,4.092934876861699,S3_gaming,游戏（高 CPU/GPU 负载）,1.0,5.0,1,cutoff
5725.0,1.5902777777777777,0.5774241909850822,57.74241909850822,3.742536669176108,33.03444817031113,4.092934876861699,S3_gaming,游戏（高 CPU/GPU 负载）,1.0,5.0,1,cutoff
5730.0,1.5916666666666666,0.5770444498689408,57.704444986894075,3.7423412260593767,33.034043525645224,4.092934876861699,S3_gaming,游戏（高 CPU/GPU 负载）,1.0,5.0,1,cutoff
5735.0,1.5930555555555554,0.5766646889192668,57.666468891926684,3.742145761555371,33.03364233387618,4.092934876861699,S3_gaming,游戏（高 CPU/GPU 负载）,1.0,5.0,1,cutoff
5740.0,1.5944444444444446,0.576284908131928,57.6284908131928,3.7419502777898836,33.03324456807718,4.092934876861699,S3_gaming,游戏（高 CPU/GPU 负载）,1.0,5.0,1,cutoff
5745.0,1.5958333333333334,0.5759051075029918,57.59051075029918,3.741754776602512,33.03285020144878,4.092934876861699,S3_gaming,游戏（高 CPU/GPU 负载）,1.0,5.0,1,cutoff
5750.0,1.5972222222222223,0.5755252870286988,57.55252870286988,3.7415592595844447,33.03245920732951,4.092934876861699,S3_gaming,游戏（高 CPU/GPU 负载）,1.0,5.0,1,cutoff
5755.0,1.5986111111111112,0.5751454467054389,57.514544670543884,3.7413637281112497,33.03207155920486,4.092934876861699,S3_gaming,游戏（高 CPU/GPU 负载）,1.0,5.0,1,cutoff
5760.0,1.6,0.5747655865297314,57.47655865297314,3.7411681833713586,33.03168723071486,4.092934876861699,S3_gaming,游戏（高 CPU/GPU 负载）,1.0,5.0,1,cutoff
5765.0,1.601388888888889,0.5743857064982071,57.43857064982071,3.740972626390777,33.03130619566047,4.092934876861699,S3_gaming,游戏（高 CPU/GPU 负载）,1.0,5.0,1,cutoff
5770.0,1.6027777777777779,0.5740058066075928,57.40058066075928,3.7407770580545465,33.03092842800888,4.092934876861699,S3_gaming,游戏（高 CPU/GPU 负载）,1.0,5.0,1,cutoff
5775.0,1.6041666666666667,0.5736258868546983,57.36258868546983,3.740581479125375,33.03055390189791,4.092934876861699,S3_gaming,游戏（高 CPU/GPU 负载）,1.0,5.0,1,cutoff
5780.0,1.6055555555555556,0.5732459472364044,57.324594723640445,3.7403858902598075,33.03018259163964,4.092934876861699,S3_gaming,游戏（高 CPU/GPU 负载）,1.0,5.0,1,cutoff
5785.0,1.6069444444444445,0.5728659877496537,57.28659877496537,3.7401902920222656,33.02981447172331,4.092934876861699,S3_gaming,游戏（高 CPU/GPU 负载）,1.0,5.0,1,cutoff
5790.0,1.6083333333333334,0.5724860083914409,57.24860083914409,3.739994684897235,33.0294495168177,4.092934876861699,S3_gaming,游戏（高 CPU/GPU 负载）,1.0,5.0,1,cutoff
5795.0,1.6097222222222223,0.5721060091588059,57.21060091588059,3.73979906929985,33.02908770177288,4.092934876861699,S3_gaming,游戏（高 CPU/GPU 负载）,1.0,5.0,1,cutoff
5800.0,1.6111111111111112,0.5717259900488272,57.17259900488272,3.7396034455850753,33.028729001621656,4.092934876861699,S3_gaming,游戏（高 CPU/GPU 负载）,1.0,5.0,1,cutoff
5805.0,1.6125,0.5713459510586157,57.13459510586157,3.73940781405568,33.02837339158052,4.092934876861699,S3_gaming,游戏（高 CPU/GPU 负载）,1.0,5.0,1,cutoff
5810.0,1.613888888888889,0.5709658921853107,57.096589218531065,3.739212174969163,33.02802084705035,4.092934876861699,S3_gaming,游戏（高 CPU/GPU 负载）,1.0,5.0,1,cutoff
5815.0,1.6152777777777778,0.5705858134260745,57.058581342607454,3.7390165285437593,33.027671343616724,4.092934876861699,S3_gaming,游戏（高 CPU/GPU 负载）,1.0,5.0,1,cutoff
5820.0,1.6166666666666667,0.5702057147780896,57.02057147780896,3.7388208749636562,33.02732485705011,4.092934876861699,S3_gaming,游戏（高 CPU/GPU 负载）,1.0,5.0,1,cutoff
5825.0,1.6180555555555556,0.569825596238555,56.9825596238555,3.7386252143835264,33.02698136330575,4.092934876861699,S3_gaming,游戏（高 CPU/GPU 负载）,1.0,5.0,1,cutoff
5830.0,1.6194444444444445,0.5694454578046836,56.94454578046836,3.738429546932454,33.02664083852339,4.092934876861699,S3_gaming,游戏（高 CPU/GPU 负载）,1.0,5.0,1,cutoff
5835.0,1.6208333333333333,0.5690652994736998,56.906529947369975,3.7382338727173487,33.02630325902688,4.092934876861699,S3_gaming,游戏（高 CPU/GPU 负载）,1.0,5.0,1,cutoff
5840.0,1.6222222222222222,0.5686851212428371,56.86851212428371,3.7380381918259102,33.02596860132359,4.092934876861699,S3_gaming,游戏（高 CPU/GPU 负载）,1.0,5.0,1,cutoff
5845.0,1.6236111111111111,0.5683049231093369,56.83049231093369,3.737842504329197,33.02563684210373,4.092934876861699,S3_gaming,游戏（高 CPU/GPU 负载）,1.0,5.0,1,cutoff
5850.0,1.625,0.5678800979240173,56.78800979240173,3.728294291137165,33.03460619159177,4.561864228444583,S3_gaming,游戏（高 CPU/GPU 负载）,1.0,5.0,1,cutoff
5855.0,1.6263888888888889,0.5674745604574715,56.74745604574715,3.7318784275824153,33.03948492308848,4.358833113752089,S3_gaming,游戏（高 CPU/GPU 负载）,1.0,5.0,1,cutoff
5860.0,1.6277777777777778,0.5670700697152158,56.70700697152158,3.7317888540968047,33.04410491920145,4.3474638383754955,S3_gaming,游戏（高 CPU/GPU 负载）,1.0,5.0,1,cutoff
5865.0,1.6291666666666667,0.566666063559288,56.66660635592879,3.7316028444756357,33.04858494071328,4.342028830939376,S3_gaming,游戏（高 CPU/GPU 负载）,1.0,5.0,1,cutoff
5870.0,1.6305555555555555,0.5662622738627372,56.62622738627372,3.7313758441803273,33.05298163873366,4.339430661324142,S3_gaming,游戏（高 CPU/GPU 负载）,1.0,5.0,1,cutoff
5875.0,1.6319444444444444,0.5658585729582096,56.585857295820965,3.731133676412894,33.05732201143279,4.338188623400761,S3_gaming,游戏（高 CPU/GPU 负载）,1.0,5.0,1,cutoff
5880.0,1.6333333333333333,0.5654549002562809,56.545490025628084,3.730888096839436,33.061618910820194,4.337594875327475,S3_gaming,游戏（高 CPU/GPU 负载）,1.0,5.0,1,cutoff
5885.0,1.6347222222222222,0.5650744347743354,56.50744347743354,3.735507333270899,33.061043723480665,4.093194834487238,S3_gaming,游戏（高 CPU/GPU 负载）,1.0,5.0,1,cutoff
5890.0,1.636111111111111,0.5646939727425828,56.469397274258284,3.735410234901996,33.060465992533814,4.093059147897546,S3_gaming,游戏（高 CPU/GPU 负载）,1.0,5.0,1,cutoff
5895.0,1.6375,0.5643135060526581,56.431350605265806,3.735299080875694,33.05988777203707,4.092994283814345,S3_gaming,游戏（高 CPU/GPU 负载）,1.0,5.0,1,cutoff
5900.0,1.6388888888888888,0.5639330302834948,56.393303028349486,3.7351762331855407,33.05931028233121,4.092963275965309,S3_gaming,游戏（高 CPU/GPU 负载）,1.0,5.0,1,cutoff
5905.0,1.6402777777777777,0.5635525428484197,56.35525428484197,3.7350434768892735,33.05873430979928,4.092948452866694,S3_gaming,游戏（高 CPU/GPU 负载）,1.0,5.0,1,cutoff
5910.0,1.6416666666666666,0.5631720420999202,56.31720420999202,3.734902234717312,33.058160402990346,4.092941366781738,S3_gaming,游戏（高 CPU/GPU 负载）,1.0,5.0,1,cutoff
5915.0,1.6430555555555555,0.56279152689347,56.279152689347,3.7347536810800515,33.05758897065177,4.092937979325357,S3_gaming,游戏（高 CPU/GPU 负载）,1.0,5.0,1,cutoff
5920.0,1.6444444444444444,0.5624109963718896,56.24109963718896,3.7345988064773694,33.05702033224349,4.092936359974078,S3_gaming,游戏（高 CPU/GPU 负载）,1.0,5.0,1,cutoff
5925.0,1.6458333333333333,0.5620304498560742,56.20304498560742,3.734438456890747,33.05645474520872,4.092935585853833,S3_gaming,游戏（高 CPU/GPU 负载）,1.0,5.0,1,cutoff
5930.0,1.6472222222222221,0.5616498867873866,56.16498867873866,3.7342733600810423,33.05589242068643,4.092935215790733,S3_gaming,游戏（高 CPU/GPU 负载）,1.0,5.0,1,cutoff
5935.0,1.648611111111111,0.5612693066954578,56.126930669545786,3.7341041446414827,33.05533353331921,4.092935038884498,S3_gaming,游戏（高 CPU/GPU 负载）,1.0,5.0,1,cutoff
5940.0,1.65,0.560888709178748,56.0888709178748,3.733931354732213,33.05477822791569,4.092934954315634,S3_gaming,游戏（高 CPU/GPU 负载）,1.0,5.0,1,cutoff
5945.0,1.6513888888888888,0.560508093891742,56.050809389174205,3.733755462008177,33.05422662433414,4.092934913888044,S3_gaming,游戏（高 CPU/GPU 负载）,1.0,5.0,1,cutoff
5950.0,1.6527777777777777,0.5601274605357796,56.012746053577956,3.733576875560985,33.05367882128021,4.0929348945619,S3_gaming,游戏（高 CPU/GPU 负载）,1.0,5.0,1,cutoff
5955.0,1.6541666666666666,0.5597468088520243,55.97468088520243,3.7333959503520475,33.05313489938411,4.092934885323164,S3_gaming,游戏（高 CPU/GPU 负载）,1.0,5.0,1,cutoff
5960.0,1.6555555555555554,0.5593661386158061,55.93661386158061,3.73321299443898,33.05259492376054,4.092934880906647,S3_gaming,游戏（高 CPU/GPU 负载）,1.0,5.0,1,cutoff
5965.0,1.6569444444444446,0.5589854496319204,55.898544963192045,3.7330282752036603,33.05205894617265,4.09293487879536,S3_gaming,游戏（高 CPU/GPU 负载）,1.0,5.0,1,cutoff
5970.0,1.6583333333333334,0.558604741730651,55.8604741730651,3.732842024737184,33.051527006879155,4.092934877786073,S3_gaming,游戏（高 CPU/GPU 负载）,1.0,5.0,1,cutoff
5975.0,1.6597222222222223,0.5582240147643641,55.82240147643641,3.732654444504176,33.05099913621983,4.092934877303589,S3_gaming,游戏（高 CPU/GPU 负载）,1.0,5.0,1,cutoff
5980.0,1.6611111111111112,0.5578432686045757,55.78432686045757,3.7324657093869233,33.050475355981185,4.092934877072942,S3_gaming,游戏（高 CPU/GPU 负载）,1.0,5.0,1,cutoff
5985.0,1.6625,0.5574625031394163,55.74625031394162,3.7322759711936877,33.04995568057521,4.0929348769626825,S3_gaming,游戏（高 CPU/GPU 负载）,1.0,5.0,1,cutoff
5990.0,1.663888888888889,0.5570817182714352,55.70817182714352,3.732085361703134,33.04944011805809,4.092934876909974,S3_gaming,游戏（高 CPU/GPU 负载）,1.0,5.0,1,cutoff
5995.0,1.6652777777777779,0.5567009139156972,55.67009139156972,3.7318939953066472,33.04892867101139,4.092934876884776,S3_gaming,游戏（高 CPU/GPU 负载）,1.0,5.0,1,cutoff
6000.0,1.6666666666666667,0.556320089998131,55.632008999813095,3.731701971301854,33.048421337304745,4.0929348768727305,S3_gaming,游戏（高 CPU/GPU 负载）,1.0,5.0,1,cutoff
6005.0,1.6680555555555556,0.5559392464540955,55.59392464540955,3.731509375883516,33.047918110756164,4.092934876866972,S3_gaming,游戏（高 CPU/GPU 负载）,1.0,5.0,1,cutoff
6010.0,1.6694444444444445,0.5555583832271367,55.55583832271367,3.73131628387175,33.04741898170397,4.09293487686422,S3_gaming,游戏（高 CPU/GPU 负载）,1.0,5.0,1,cutoff
6015.0,1.6708333333333334,0.5551775002679071,55.517750026790715,3.73112276021229,33.046923937502214,4.092934876862904,S3_gaming,游戏（高 CPU/GPU 负载）,1.0,5.0,1,cutoff
6020.0,1.6722222222222223,0.5547965975332286,55.47965975332286,3.730928861278836,33.04643296294993,4.092934876862275,S3_gaming,游戏（高 CPU/GPU 负载）,1.0,5.0,1,cutoff
6025.0,1.6736111111111112,0.5544156749852784,55.441567498527846,3.7307346360036386,33.04594604066307,4.092934876861975,S3_gaming,游戏（高 CPU/GPU 负载）,1.0,5.0,1,cutoff
6030.0,1.675,0.5540347325908828,55.40347325908827,3.7305401268589535,33.04546315139678,4.092934876861831,S3_gaming,游戏（高 CPU/GPU 负载）,1.0,5.0,1,cutoff
6035.0,1.676388888888889,0.553653770320903,55.3653770320903,3.730345370709055,33.04498427432472,4.0929348768617615,S3_gaming,游戏（高 CPU/GPU 负载）,1.0,5.0,1,cutoff
6040.0,1.6777777777777778,0.5532727881497036,55.32727881497036,3.7301503995498666,33.04450938728104,4.092934876861729,S3_gaming,游戏（高 CPU/GPU 负载）,1.0,5.0,1,cutoff
6045.0,1.6791666666666667,0.5528917860546891,55.28917860546891,3.729955241151056,33.04403846697009,4.0929348768617135,S3_gaming,游戏（高 CPU/GPU 负载）,1.0,5.0,1,cutoff
6050.0,1.6805555555555556,0.5525107640159035,55.251076401590346,3.72975991961343,33.04357148914812,4.0929348768617055,S3_gaming,游戏（高 CPU/GPU 负载）,1.0,5.0,1,cutoff
6055.0,1.6819444444444445,0.5521297220156808,55.21297220156808,3.729564455852821,33.04310842878066,4.092934876861702,S3_gaming,游戏（高 CPU/GPU 负载）,1.0,5.0,1,cutoff
6060.0,1.6833333333333333,0.551748660038343,55.174866003834296,3.729368868020169,33.042649260178855,4.0929348768617,S3_gaming,游戏（高 CPU/GPU 负载）,1.0,5.0,1,cutoff
6065.0,1.6847222222222222,0.5513675780699373,55.13675780699373,3.729173171866176,33.042193957117505,4.092934876861699,S3_gaming,游戏（高 CPU/GPU 负载）,1.0,5.0,1,cutoff
6070.0,1.6861111111111111,0.550986476098008,55.0986476098008,3.72897738105789,33.04174249293728,4.092934876861699,S3_gaming,游戏（高 CPU/GPU 负载）,1.0,5.0,1,cutoff
6075.0,1.6875,0.5506053541113984,55.060535411139846,3.728781507453531,33.04129484063318,4.092934876861699,S3_gaming,游戏（高 CPU/GPU 负载）,1.0,5.0,1,cutoff
6080.0,1.6888888888888889,0.550224212100079,55.0224212100079,3.728585561341065,33.04085097293103,4.092934876861699,S3_gaming,游戏（高 CPU/GPU 负载）,1.0,5.0,1,cutoff
6085.0,1.6902777777777778,0.549843050054998,54.9843050054998,3.728389551645329,33.04041086235371,4.092934876861699,S3_gaming,游戏（高 CPU/GPU 负载）,1.0,5.0,1,cutoff
6090.0,1.6916666666666667,0.549461867967952,54.9461867967952,3.728193486107826,33.03997448127828,4.092934876861699,S3_gaming,游戏（高 CPU/GPU 负载）,1.0,5.0,1,cutoff
6095.0,1.6930555555555555,0.5490806658314734,54.90806658314734,3.727997371442823,33.03954180198542,4.092934876861699,S3_gaming,游戏（高 CPU/GPU 负载）,1.0,5.0,1,cutoff
6100.0,1.6944444444444444,0.5486994436387327,54.869944363873266,3.7278012134728495,33.03911279670209,4.092934876861699,S3_gaming,游戏（高 CPU/GPU 负载）,1.0,5.0,1,cutoff
6105.0,1.6958333333333333,0.5483182013834536,54.83182013834536,3.7276050172463413,33.03868743763828,4.092934876861699,S3_gaming,游戏（高 CPU/GPU 负载）,1.0,5.0,1,cutoff
6110.0,1.6972222222222222,0.5479369390598394,54.79369390598394,3.7274087871397574,33.038265697018694,4.092934876861699,S3_gaming,游戏（高 CPU/GPU 负载）,1.0,5.0,1,cutoff
6115.0,1.698611111111111,0.5475556566625096,54.75556566625096,3.7272125269462366,33.037847547110054,4.092934876861699,S3_gaming,游戏（高 CPU/GPU 负载）,1.0,5.0,1,cutoff
6120.0,1.7,0.5471743541864436,54.71743541864436,3.7270162399525653,33.037432960244516,4.092934876861699,S3_gaming,游戏（高 CPU/GPU 负载）,1.0,5.0,1,cutoff
6125.0,1.7013888888888888,0.5467930316269329,54.679303162693294,3.7268199290059862,33.037021908839804,4.092934876861699,S3_gaming,游戏（高 CPU/GPU 负载）,1.0,5.0,1,cutoff
6130.0,1.7027777777777777,0.5464116889795397,54.641168897953975,3.7266235965722085,33.03661436541643,4.092934876861699,S3_gaming,游戏（高 CPU/GPU 负载）,1.0,5.0,1,cutoff
6135.0,1.7041666666666666,0.5460303262400598,54.60303262400598,3.726427244785758,33.03621030261245,4.092934876861699,S3_gaming,游戏（高 CPU/GPU 负载）,1.0,5.0,1,cutoff
6140.0,1.7055555555555555,0.5456489434044913,54.56489434044913,3.726230875493695,33.035809693196015,4.092934876861699,S3_gaming,游戏（高 CPU/GPU 负载）,1.0,5.0,1,cutoff
6145.0,1.7069444444444444,0.545267540469008,54.526754046900805,3.7260344902935585,33.03541251007605,4.092934876861699,S3_gaming,游戏（高 CPU/GPU 负载）,1.0,5.0,1,cutoff
6150.0,1.7083333333333333,0.5448861174299348,54.48861174299348,3.7258380905663193,33.03501872631133,4.092934876861699,S3_gaming,游戏（高 CPU/GPU 负载）,1.0,5.0,1,cutoff
6155.0,1.7097222222222221,0.544504674283727,54.4504674283727,3.725641677504972,33.03462831511809,4.092934876861699,S3_gaming,游戏（高 CPU/GPU 负载）,1.0,5.0,1,cutoff
6160.0,1.711111111111111,0.5441232110269532,54.412321102695316,3.725445252139372,33.03424124987647,4.092934876861699,S3_gaming,游戏（高 CPU/GPU 负载）,1.0,5.0,1,cutoff
6165.0,1.7125,0.5437417276562792,54.37417276562792,3.725248815357787,33.03385750413583,4.092934876861699,S3_gaming,游戏（高 CPU/GPU 负载）,1.0,5.0,1,cutoff
6170.0,1.7138888888888888,0.5433602241684545,54.33602241684545,3.7250523679256062,33.0334770516192,4.092934876861699,S3_gaming,游戏（高 CPU/GPU 负载）,1.0,5.0,1,cutoff
6175.0,1.7152777777777777,0.5429787005603011,54.297870056030106,3.724855910501591,33.033099866226905,4.092934876861699,S3_gaming,游戏（高 CPU/GPU 负载）,1.0,5.0,1,cutoff
6180.0,1.7166666666666666,0.5425971568287024,54.25971568287024,3.7246594436519715,33.0327259220395,4.092934876861699,S3_gaming,游戏（高 CPU/GPU 负载）,1.0,5.0,1,cutoff
6185.0,1.7180555555555554,0.5422155929705954,54.22155929705954,3.7244629678626953,33.032355193320136,4.092934876861699,S3_gaming,游戏（高 CPU/GPU 负载）,1.0,5.0,1,cutoff
6190.0,1.7194444444444446,0.5418340089829625,54.183400898296256,3.72426648355005,33.031987654516335,4.092934876861699,S3_gaming,游戏（高 CPU/GPU 负载）,1.0,5.0,1,cutoff
6195.0,1.7208333333333334,0.541452404862825,54.145240486282496,3.7240699910698916,33.03162328026142,4.092934876861699,S3_gaming,游戏（高 CPU/GPU 负载）,1.0,5.0,1,cutoff
6200.0,1.7222222222222223,0.5410707806072372,54.10707806072372,3.7238734907256545,33.03126204537547,4.092934876861699,S3_gaming,游戏（高 CPU/GPU 负载）,1.0,5.0,1,cutoff
6205.0,1.7236111111111112,0.5406891362132817,54.06891362132817,3.723676982775306,33.03090392486599,4.092934876861699,S3_gaming,游戏（高 CPU/GPU 负载）,1.0,5.0,1,cutoff
6210.0,1.725,0.5403074716780649,54.030747167806496,3.7234804674373767,33.03054889392827,4.092934876861699,S3_gaming,游戏（高 CPU/GPU 负载）,1.0,5.0,1,cutoff
6215.0,1.726388888888889,0.539925786998713,53.992578699871295,3.7232839448962083,33.03019692794551,4.092934876861699,S3_gaming,游戏（高 CPU/GPU 负载）,1.0,5.0,1,cutoff
6220.0,1.7277777777777779,0.5395440821723692,53.95440821723692,3.723087415306498,33.02984800248872,4.092934876861699,S3_gaming,游戏（高 CPU/GPU 负载）,1.0,5.0,1,cutoff
6225.0,1.7291666666666667,0.5391623571961904,53.916235719619046,3.722890878797245,33.02950209331644,4.092934876861699,S3_gaming,游戏（高 CPU/GPU 负载）,1.0,5.0,1,cutoff
6230.0,1.7305555555555556,0.5387806120673455,53.87806120673455,3.722694335475184,33.02915917637428,4.092934876861699,S3_gaming,游戏（高 CPU/GPU 负载）,1.0,5.0,1,cutoff
6235.0,1.7319444444444445,0.5383988467830123,53.83988467830123,3.722497785427753,33.02881922779438,4.092934876861699,S3_gaming,游戏（高 CPU/GPU 负载）,1.0,5.0,1,cutoff
6240.0,1.7333333333333334,0.5380170613403762,53.801706134037616,3.7223012287256863,33.02848222389469,4.092934876861699,S3_gaming,游戏（高 CPU/GPU 负载）,1.0,5.0,1,cutoff
6245.0,1.7347222222222223,0.5376352557366287,53.763525573662875,3.7221046654252476,33.028148141178185,4.092934876861699,S3_gaming,游戏（高 CPU/GPU 负载）,1.0,5.0,1,cutoff
6250.0,1.7361111111111112,0.5372534299689659,53.725342996896586,3.7219080955701807,33.02781695633198,4.092934876861699,S3_gaming,游戏（高 CPU/GPU 负载）,1.0,5.0,1,cutoff
6255.0,1.7375,0.536871584034587,53.6871584034587,3.7217115191933963,33.027488646226395,4.092934876861699,S3_gaming,游戏（高 CPU/GPU 负载）,1.0,5.0,1,cutoff
6260.0,1.738888888888889,0.5364897179306938,53.64897179306938,3.7215149363184397,33.02716318791392,4.092934876861699,S3_gaming,游戏（高 CPU/GPU 负载）,1.0,5.0,1,cutoff
6265.0,1.7402777777777778,0.5361078316544894,53.610783165448936,3.721318346960766,33.02684055862817,4.092934876861699,S3_gaming,游戏（高 CPU/GPU 负载）,1.0,5.0,1,cutoff
6270.0,1.7416666666666667,0.5357259252031777,53.57259252031778,3.721121751128838,33.026520735782775,4.092934876861699,S3_gaming,游戏（高 CPU/GPU 负载）,1.0,5.0,1,cutoff
6275.0,1.7430555555555556,0.5353439985739625,53.53439985739625,3.720925148825091,33.02620369697022,4.092934876861699,S3_gaming,游戏（高 CPU/GPU 负载）,1.0,5.0,1,cutoff
6280.0,1.7444444444444445,0.5349620517640471,53.49620517640471,3.720728540046762,33.02588941996069,4.092934876861699,S3_gaming,游戏（高 CPU/GPU 负载）,1.0,5.0,1,cutoff
6285.0,1.7458333333333333,0.5345800847706336,53.45800847706336,3.720531924786612,33.02557788270088,4.092934876861699,S3_gaming,游戏（高 CPU/GPU 负载）,1.0,5.0,1,cutoff
6290.0,1.7472222222222222,0.5341980975909226,53.41980975909226,3.7203353030335538,33.025269063312734,4.092934876861699,S3_gaming,游戏（高 CPU/GPU 负载）,1.0,5.0,1,cutoff
6295.0,1.7486111111111111,0.5338160902221132,53.38160902221132,3.720138674773192,33.024962940092266,4.092934876861699,S3_gaming,游戏（高 CPU/GPU 负载）,1.0,5.0,1,cutoff
6300.0,1.75,0.5334340626614018,53.34340626614018,3.7199420399883008,33.02465949150827,4.092934876861699,S3_gaming,游戏（高 CPU/GPU 负载）,1.0,5.0,1,cutoff
6305.0,1.7513888888888889,0.5330520149059828,53.30520149059828,3.7197453986592257,33.024358696201084,4.092934876861699,S3_gaming,游戏（高 CPU/GPU 负载）,1.0,5.0,1,cutoff
6310.0,1.7527777777777778,0.5326699469530475,53.266994695304746,3.7195487507642455,33.02406053298133,4.092934876861699,S3_gaming,游戏（高 CPU/GPU 负载）,1.0,5.0,1,cutoff
6315.0,1.7541666666666667,0.5322878587997848,53.22878587997848,3.7193520962798754,33.02376498082864,4.092934876861699,S3_gaming,游戏（高 CPU/GPU 负载）,1.0,5.0,1,cutoff
6320.0,1.7555555555555555,0.5319057504433802,53.19057504433802,3.7191554351811362,33.02347201889038,4.092934876861699,S3_gaming,游戏（高 CPU/GPU 负载）,1.0,5.0,1,cutoff
6325.0,1.7569444444444444,0.5315236218810161,53.15236218810161,3.718958767441786,33.0231816264804,4.092934876861699,S3_gaming,游戏（高 CPU/GPU 负载）,1.0,5.0,1,cutoff
6330.0,1.7583333333333333,0.5311414731098716,53.11414731098716,3.7187620930345187,33.02289378307774,4.092934876861699,S3_gaming,游戏（高 CPU/GPU 负载）,1.0,5.0,1,cutoff
6335.0,1.7597222222222222,0.5307593041271225,53.075930412712246,3.718565411931142,33.02260846832537,4.092934876861699,S3_gaming,游戏（高 CPU/GPU 负载）,1.0,5.0,1,cutoff
6340.0,1.761111111111111,0.5303771149299409,53.03771149299409,3.7183687241027235,33.02232566202895,4.092934876861699,S3_gaming,游戏（高 CPU/GPU 负载）,1.0,5.0,1,cutoff
6345.0,1.7625,0.5299949055154956,52.999490551549556,3.718172029519725,33.02204534415552,4.092934876861699,S3_gaming,游戏（高 CPU/GPU 负载）,1.0,5.0,1,cutoff
6350.0,1.7638888888888888,0.5296126758809514,52.96126758809514,3.717975328152114,33.0217674948323,4.092934876861699,S3_gaming,游戏（高 CPU/GPU 负载）,1.0,5.0,1,cutoff
6355.0,1.7652777777777777,0.5292304260234698,52.92304260234698,3.7177786199694633,33.02149209434538,4.092934876861699,S3_gaming,游戏（高 CPU/GPU 负载）,1.0,5.0,1,cutoff
6360.0,1.7666666666666666,0.5288481559402085,52.88481559402085,3.7175819049410324,33.02121912313854,4.092934876861699,S3_gaming,游戏（高 CPU/GPU 负载）,1.0,5.0,1,cutoff
6365.0,1.7680555555555555,0.5284658656283213,52.84658656283213,3.7173851830358444,33.02094856181195,4.092934876861699,S3_gaming,游戏（高 CPU/GPU 负载）,1.0,5.0,1,cutoff
6370.0,1.7694444444444444,0.5280835550849584,52.80835550849584,3.717188454222748,33.02068039112097,4.092934876861699,S3_gaming,游戏（高 CPU/GPU 负载）,1.0,5.0,1,cutoff
6375.0,1.7708333333333333,0.5277012243072662,52.770122430726616,3.716991718470472,33.02041459197493,4.092934876861699,S3_gaming,游戏（高 CPU/GPU 负载）,1.0,5.0,1,cutoff
6380.0,1.7722222222222221,0.5273188732923872,52.731887329238724,3.7167949757476744,33.02015114543589,4.092934876861699,S3_gaming,游戏（高 CPU/GPU 负载）,1.0,5.0,1,cutoff
6385.0,1.773611111111111,0.5269365020374603,52.69365020374603,3.7165982260229793,33.019890032717456,4.092934876861699,S3_gaming,游戏（高 CPU/GPU 负载）,1.0,5.0,1,cutoff
6390.0,1.775,0.5265541105396205,52.655411053962055,3.7164014692650182,33.01963123518355,4.092934876861699,S3_gaming,游戏（高 CPU/GPU 负载）,1.0,5.0,1,cutoff
6395.0,1.7763888888888888,0.526171698795999,52.6171698795999,3.7162047054424527,33.01937473434726,4.092934876861699,S3_gaming,游戏（高 CPU/GPU 负载）,1.0,5.0,1,cutoff
6400.0,1.7777777777777777,0.5257892668037232,52.57892668037232,3.7160079345240087,33.0191205118696,4.092934876861699,S3_gaming,游戏（高 CPU/GPU 负载）,1.0,5.0,1,cutoff
6405.0,1.7791666666666666,0.5253619324505221,52.53619324505221,3.706399943834083,33.0281719581609,4.561864228444583,S3_gaming,游戏（高 CPU/GPU 负载）,1.0,5.0,1,cutoff
6410.0,1.7805555555555554,0.5249540044246469,52.49540044246469,3.710006745153845,33.03312997045466,4.358833113752089,S3_gaming,游戏（高 CPU/GPU 负载）,1.0,5.0,1,cutoff
6415.0,1.7819444444444446,0.5245471291709483,52.454712917094824,3.709916731959174,33.03782855920254,4.3474638383754955,S3_gaming,游戏（高 CPU/GPU 负载）,1.0,5.0,1,cutoff
6420.0,1.7833333333333334,0.5241407411147164,52.41407411147164,3.7097296781371503,33.04238654428654,4.342028830939376,S3_gaming,游戏（高 CPU/GPU 负载）,1.0,5.0,1,cutoff
6425.0,1.7847222222222223,0.5237345704969957,52.37345704969957,3.70950137707367,33.04686060436457,4.339430661324142,S3_gaming,游戏（高 CPU/GPU 负载）,1.0,5.0,1,cutoff
6430.0,1.7861111111111112,0.5233284888795215,52.33284888795215,3.7092578139494865,33.05127775053354,4.338188623400761,S3_gaming,游戏（高 CPU/GPU 负载）,1.0,5.0,1,cutoff
6435.0,1.7875,0.5229224353123658,52.29224353123658,3.70901081814071,33.055650841090475,4.337594875327475,S3_gaming,游戏（高 CPU/GPU 负载）,1.0,5.0,1,cutoff
6440.0,1.788888888888889,0.5225397315179393,52.25397315179393,3.7136590847590645,33.05514864609845,4.093194834487238,S3_gaming,游戏（高 CPU/GPU 负载）,1.0,5.0,1,cutoff
6445.0,1.7902777777777779,0.5221570310965165,52.21570310965164,3.713561522036506,33.054643269857614,4.093059147897546,S3_gaming,游戏（高 CPU/GPU 负载）,1.0,5.0,1,cutoff
6450.0,1.7916666666666667,0.5217743258733614,52.177432587336135,3.713449815655495,33.05413677991109,4.092994283814345,S3_gaming,游戏（高 CPU/GPU 负载）,1.0,5.0,1,cutoff
6455.0,1.7930555555555556,0.5213916113857551,52.13916113857551,3.7133263419607774,33.053630408568026,4.092963275965309,S3_gaming,游戏（高 CPU/GPU 负载）,1.0,5.0,1,cutoff
6460.0,1.7944444444444445,0.5210088850184725,52.10088850184725,3.7131928968538226,33.05312495300921,4.092948452866694,S3_gaming,游戏（高 CPU/GPU 负载）,1.0,5.0,1,cutoff
6465.0,1.7958333333333334,0.520626145102829,52.0626145102829,3.713050911722459,33.05262097163602,4.092941366781738,S3_gaming,游戏（高 CPU/GPU 负载）,1.0,5.0,1,cutoff
6470.0,1.7972222222222223,0.5202433904776249,52.02433904776249,3.7129015681447664,33.05211888226114,4.092937979325357,S3_gaming,游戏（高 CPU/GPU 负载）,1.0,5.0,1,cutoff
6475.0,1.7986111111111112,0.519860620272002,51.9860620272002,3.7127458626883794,33.05161901274216,4.092936359974078,S3_gaming,游戏（高 CPU/GPU 负载）,1.0,5.0,1,cutoff
6480.0,1.8,0.5194778337953421,51.94778337953421,3.712584646538516,33.051121628346586,4.092935585853833,S3_gaming,游戏（高 CPU/GPU 负载）,1.0,5.0,1,cutoff
6485.0,1.801388888888889,0.5190950304791679,51.90950304791679,3.712418651951797,33.05062694754152,4.092935215790733,S3_gaming,游戏（高 CPU/GPU 负载）,1.0,5.0,1,cutoff
6490.0,1.8027777777777778,0.5187122098446252,51.87122098446252,3.7122485114215578,33.050135151866,4.092935038884498,S3_gaming,游戏（高 CPU/GPU 负载）,1.0,5.0,1,cutoff
6495.0,1.8041666666666667,0.5183293714828185,51.83293714828186,3.7120747724990277,33.04964639264818,4.092934954315634,S3_gaming,游戏（高 CPU/GPU 负载）,1.0,5.0,1,cutoff
6500.0,1.8055555555555556,0.5179465150418369,51.79465150418368,3.711897909791341,33.04916079593548,4.092934913888044,S3_gaming,游戏（高 CPU/GPU 负载）,1.0,5.0,1,cutoff
6505.0,1.8069444444444445,0.5175636402174473,51.75636402174473,3.7117183349619713,33.0486784663325,4.0929348945619,S3_gaming,游戏（高 CPU/GPU 负载）,1.0,5.0,1,cutoff
6510.0,1.8083333333333333,0.5171807467459516,51.71807467459516,3.711536405213725,33.04819949011275,4.092934885323164,S3_gaming,游戏（高 CPU/GPU 负载）,1.0,5.0,1,cutoff
6515.0,1.8097222222222222,0.5167978343984332,51.67978343984332,3.711352430558022,33.04772393780834,4.092934880906647,S3_gaming,游戏（高 CPU/GPU 负载）,1.0,5.0,1,cutoff
6520.0,1.8111111111111111,0.5164149029759753,51.64149029759753,3.711166680080077,33.04725186639981,4.09293487879536,S3_gaming,游戏（高 CPU/GPU 负载）,1.0,5.0,1,cutoff
6525.0,1.8125,0.5160319523056127,51.60319523056127,3.710979387356083,33.04678332118556,4.092934877786073,S3_gaming,游戏（高 CPU/GPU 负载）,1.0,5.0,1,cutoff
6530.0,1.8138888888888889,0.5156489822368662,51.56489822368662,3.7107907551455774,33.04631833738674,4.092934877303589,S3_gaming,游戏（高 CPU/GPU 负载）,1.0,5.0,1,cutoff
6535.0,1.8152777777777778,0.5152659926387559,51.526599263875596,3.7106009594599914,33.04585694152974,4.092934877072942,S3_gaming,游戏（高 CPU/GPU 负载）,1.0,5.0,1,cutoff
6540.0,1.8166666666666667,0.5148829833972216,51.488298339722164,3.7104101530922495,33.045399152639575,4.0929348769626825,S3_gaming,游戏（高 CPU/GPU 负载）,1.0,5.0,1,cutoff
6545.0,1.8180555555555555,0.5144999544128865,51.44999544128866,3.710218468679748,33.044944983271265,4.092934876909974,S3_gaming,游戏（高 CPU/GPU 负载）,1.0,5.0,1,cutoff
6550.0,1.8194444444444444,0.5141169055991194,51.41169055991194,3.7100260213628404,33.04449444040213,4.092934876884776,S3_gaming,游戏（高 CPU/GPU 负载）,1.0,5.0,1,cutoff
6555.0,1.8208333333333333,0.5137338368803531,51.37338368803531,3.7098329110924544,33.044047526204054,4.0929348768727305,S3_gaming,游戏（高 CPU/GPU 负载）,1.0,5.0,1,cutoff
6560.0,1.8222222222222222,0.5133507481906253,51.335074819062534,3.7096392246332717,33.043604238712206,4.092934876866972,S3_gaming,游戏（高 CPU/GPU 负载）,1.0,5.0,1,cutoff
6565.0,1.823611111111111,0.5129676394723116,51.29676394723116,3.709445037302667,33.043164572404294,4.09293487686422,S3_gaming,游戏（高 CPU/GPU 负载）,1.0,5.0,1,cutoff
6570.0,1.825,0.5125845106750263,51.258451067502634,3.7092504144802962,33.04272851870237,4.092934876862904,S3_gaming,游戏（高 CPU/GPU 负载）,1.0,5.0,1,cutoff
6575.0,1.8263888888888888,0.5122013617546674,51.220136175466735,3.709055412918592,33.04229606640763,4.092934876862275,S3_gaming,游戏（高 CPU/GPU 负载）,1.0,5.0,1,cutoff
6580.0,1.8277777777777777,0.511818192672588,51.1818192672588,3.7088600818804416,33.04186720207725,4.092934876861975,S3_gaming,游戏（高 CPU/GPU 负载）,1.0,5.0,1,cutoff
6585.0,1.8291666666666666,0.511435003394877,51.1435003394877,3.708664464126821,33.04144191035093,4.092934876861831,S3_gaming,游戏（高 CPU/GPU 负载）,1.0,5.0,1,cutoff
6590.0,1.8305555555555555,0.5110517938917338,51.10517938917339,3.7084685967742006,33.04102017423394,4.0929348768617615,S3_gaming,游戏（高 CPU/GPU 负载）,1.0,5.0,1,cutoff
6595.0,1.8319444444444444,0.5106685641369265,51.066856413692655,3.7082725120388735,33.040601975342376,4.092934876861729,S3_gaming,游戏（高 CPU/GPU 负载）,1.0,5.0,1,cutoff
6600.0,1.8333333333333333,0.5102853141073205,51.02853141073205,3.7080762378831382,33.04018729411576,4.0929348768617135,S3_gaming,游戏（高 CPU/GPU 负载）,1.0,5.0,1,cutoff
6605.0,1.8347222222222221,0.5099020437824701,50.99020437824701,3.7078797985762644,33.03977611000124,4.0929348768617055,S3_gaming,游戏（高 CPU/GPU 负载）,1.0,5.0,1,cutoff
6610.0,1.836111111111111,0.5095187531442631,50.95187531442631,3.707683215181493,33.03936840161324,4.092934876861702,S3_gaming,游戏（高 CPU/GPU 负载）,1.0,5.0,1,cutoff
6615.0,1.8375,0.5091354421766131,50.91354421766131,3.707486505978811,33.03896414687172,4.0929348768617,S3_gaming,游戏（高 CPU/GPU 负载）,1.0,5.0,1,cutoff
6620.0,1.8388888888888888,0.5087521108651916,50.87521108651916,3.707289686831985,33.038563323122,4.092934876861699,S3_gaming,游戏（高 CPU/GPU 负载）,1.0,5.0,1,cutoff
6625.0,1.8402777777777777,0.5083687591971956,50.83687591971956,3.707092771507188,33.038165907238465,4.092934876861699,S3_gaming,游戏（高 CPU/GPU 负载）,1.0,5.0,1,cutoff
6630.0,1.8416666666666666,0.5079853871611462,50.798538716114614,3.7068957719496223,33.03777187571443,4.092934876861699,S3_gaming,游戏（高 CPU/GPU 负载）,1.0,5.0,1,cutoff
6635.0,1.8430555555555554,0.5076019947467131,50.76019947467131,3.7066986985236556,33.03738120473983,4.092934876861699,S3_gaming,游戏（高 CPU/GPU 负载）,1.0,5.0,1,cutoff
6640.0,1.8444444444444446,0.507218581944563,50.7218581944563,3.706501560221301,33.03699387026852,4.092934876861699,S3_gaming,游戏（高 CPU/GPU 负载）,1.0,5.0,1,cutoff
6645.0,1.8458333333333334,0.5068351487462275,50.683514874622745,3.706304364843205,33.03660984807641,4.092934876861699,S3_gaming,游戏（高 CPU/GPU 负载）,1.0,5.0,1,cutoff
6650.0,1.8472222222222223,0.506451695143988,50.6451695143988,3.706107119155768,33.03622911381175,4.092934876861699,S3_gaming,游戏（高 CPU/GPU 负载）,1.0,5.0,1,cutoff
6655.0,1.8486111111111112,0.5060682211307768,50.606822113077676,3.7059098290275525,33.035851643038555,4.092934876861699,S3_gaming,游戏（高 CPU/GPU 负载）,1.0,5.0,1,cutoff
6660.0,1.85,0.5056847267000903,50.56847267000904,3.7057124995476993,33.035477411274094,4.092934876861699,S3_gaming,游戏（高 CPU/GPU 负载）,1.0,5.0,1,cutoff
6665.0,1.851388888888889,0.5053012118459146,50.53012118459146,3.705515135128736,33.03510639402121,4.092934876861699,S3_gaming,游戏（高 CPU/GPU 负载）,1.0,5.0,1,cutoff
6670.0,1.8527777777777779,0.5049176765626594,50.49176765626594,3.7053177395958237,33.034738566796186,4.092934876861699,S3_gaming,游戏（高 CPU/GPU 负载）,1.0,5.0,1,cutoff
6675.0,1.8541666666666667,0.5045341208451024,50.45341208451024,3.705120316264241,33.03437390515271,4.092934876861699,S3_gaming,游戏（高 CPU/GPU 负载）,1.0,5.0,1,cutoff
6680.0,1.8555555555555556,0.5041505446883398,50.41505446883397,3.70492286800665,33.03401238470251,4.092934876861699,S3_gaming,游戏（高 CPU/GPU 负载）,1.0,5.0,1,cutoff
6685.0,1.8569444444444445,0.5037669480877435,50.376694808774346,3.704725397311491,33.03365398113299,4.092934876861699,S3_gaming,游戏（高 CPU/GPU 负载）,1.0,5.0,1,cutoff
6690.0,1.8583333333333334,0.5033833310389245,50.33833310389245,3.7045279063336816,33.03329867022245,4.092934876861699,S3_gaming,游戏（高 CPU/GPU 负载）,1.0,5.0,1,cutoff
6695.0,1.8597222222222223,0.5029996935377009,50.29996935377009,3.704330396938627,33.03294642785297,4.092934876861699,S3_gaming,游戏（高 CPU/GPU 负载）,1.0,5.0,1,cutoff
6700.0,1.8611111111111112,0.5026160355800693,50.261603558006925,3.7041328707404317,33.0325972300215,4.092934876861699,S3_gaming,游戏（高 CPU/GPU 负载）,1.0,5.0,1,cutoff
6705.0,1.8625,0.5022323571621813,50.22323571621813,3.7039353291350685,33.03225105284924,4.092934876861699,S3_gaming,游戏（高 CPU/GPU 负载）,1.0,5.0,1,cutoff
6710.0,1.863888888888889,0.5018486582803221,50.18486582803221,3.7037377733291756,33.0319078725896,4.092934876861699,S3_gaming,游戏（高 CPU/GPU 负载）,1.0,5.0,1,cutoff
6715.0,1.8652777777777778,0.5014649389308925,50.14649389308925,3.7035402043650625,33.03156766563491,4.092934876861699,S3_gaming,游戏（高 CPU/GPU 负载）,1.0,5.0,1,cutoff
6720.0,1.8666666666666667,0.501081199110393,50.108119911039296,3.7033426231424054,33.031230408522056,4.092934876861699,S3_gaming,游戏（高 CPU/GPU 负载）,1.0,5.0,1,cutoff
6725.0,1.8680555555555556,0.5006974388154098,50.06974388154099,3.7031450304371,33.03089607793718,4.092934876861699,S3_gaming,游戏（高 CPU/GPU 负载）,1.0,5.0,1,cutoff
6730.0,1.8694444444444445,0.5003136580426035,50.03136580426035,3.7029474269176084,33.03056465071958,4.092934876861699,S3_gaming,游戏（高 CPU/GPU 负载）,1.0,5.0,1,cutoff
6735.0,1.8708333333333333,0.49992985678869795,49.99298567886979,3.7027498131591705,33.030236103864894,4.092934876861699,S3_gaming,游戏（高 CPU/GPU 负载）,1.0,5.0,1,cutoff
6740.0,1.8722222222222222,0.49954603505047174,49.954603505047174,3.702552189656125,33.02991041452768,4.092934876861699,S3_gaming,游戏（高 CPU/GPU 负载）,1.0,5.0,1,cutoff
6745.0,1.8736111111111111,0.4991621928247504,49.91621928247504,3.7023545568326153,33.02958756002347,4.092934876861699,S3_gaming,游戏（高 CPU/GPU 负载）,1.0,5.0,1,cutoff
6750.0,1.875,0.49877833010839956,49.87783301083996,3.702156915051882,33.02926751783039,4.092934876861699,S3_gaming,游戏（高 CPU/GPU 负载）,1.0,5.0,1,cutoff
6755.0,1.8763888888888889,0.498394446898319,49.8394446898319,3.7019592646243273,33.02895026559034,4.092934876861699,S3_gaming,游戏（高 CPU/GPU 负载）,1.0,5.0,1,cutoff
6760.0,1.8777777777777778,0.4980105431914377,49.80105431914377,3.7017616058145197,33.02863578110988,4.092934876861699,S3_gaming,游戏（高 CPU/GPU 负载）,1.0,5.0,1,cutoff
6765.0,1.8791666666666667,0.4976266189847093,49.76266189847093,3.7015639388472703,33.028324042360794,4.092934876861699,S3_gaming,游戏（高 CPU/GPU 负载）,1.0,5.0,1,cutoff
6770.0,1.8805555555555555,0.4972426742751082,49.724267427510824,3.7013662639129135,33.02801502748042,4.092934876861699,S3_gaming,游戏（高 CPU/GPU 负载）,1.0,5.0,1,cutoff
6775.0,1.8819444444444444,0.4968587090596266,49.68587090596266,3.7011685811718853,33.02770871477175,4.092934876861699,S3_gaming,游戏（高 CPU/GPU 负载）,1.0,5.0,1,cutoff
6780.0,1.8833333333333333,0.49647472333527115,49.64747233352711,3.700970890758703,33.027405082703325,4.092934876861699,S3_gaming,游戏（高 CPU/GPU 负载）,1.0,5.0,1,cutoff
6785.0,1.8847222222222222,0.4960907170990608,49.609071709906075,3.7007731927854186,33.027104109909,4.092934876861699,S3_gaming,游戏（高 CPU/GPU 负载）,1.0,5.0,1,cutoff
6790.0,1.886111111111111,0.4957066903480243,49.57066903480243,3.7005754873446115,33.02680577518755,4.092934876861699,S3_gaming,游戏（高 CPU/GPU 负载）,1.0,5.0,1,cutoff
6795.0,1.8875,0.4953226430791987,49.532264307919874,3.7003777745119937,33.02651005750216,4.092934876861699,S3_gaming,游戏（高 CPU/GPU 负载）,1.0,5.0,1,cutoff
6800.0,1.8888888888888888,0.4949385752896275,49.49385752896275,3.7001800543486705,33.026216935979804,4.092934876861699,S3_gaming,游戏（高 CPU/GPU 负载）,1.0,5.0,1,cutoff
6805.0,1.8902777777777777,0.4945544869763592,49.455448697635916,3.6999823269030943,33.025926389910566,4.092934876861699,S3_gaming,游戏（高 CPU/GPU 负载）,1.0,5.0,1,cutoff
6810.0,1.8916666666666666,0.4941703781364462,49.41703781364462,3.699784592212773,33.025638398746835,4.092934876861699,S3_gaming,游戏（高 CPU/GPU 负载）,1.0,5.0,1,cutoff
6815.0,1.8930555555555555,0.4937862487669438,49.37862487669438,3.6995868503057427,33.025352942102494,4.092934876861699,S3_gaming,游戏（高 CPU/GPU 负载）,1.0,5.0,1,cutoff
6820.0,1.8944444444444444,0.49340209886490904,49.340209886490904,3.6993891012018554,33.025069999752006,4.092934876861699,S3_gaming,游戏（高 CPU/GPU 负载）,1.0,5.0,1,cutoff
6825.0,1.8958333333333333,0.49301792842740005,49.30179284274001,3.6991913449138845,33.024789551629496,4.092934876861699,S3_gaming,游戏（高 CPU/GPU 负载）,1.0,5.0,1,cutoff
6830.0,1.8972222222222221,0.4926337374514755,49.26337374514755,3.6989935814484958,33.024511577827745,4.092934876861699,S3_gaming,游戏（高 CPU/GPU 负载）,1.0,5.0,1,cutoff
6835.0,1.898611111111111,0.49224952593419374,49.224952593419374,3.6987958108070846,33.02423605859722,4.092934876861699,S3_gaming,游戏（高 CPU/GPU 负载）,1.0,5.0,1,cutoff
6840.0,1.9,0.4918652938726126,49.18652938726126,3.6985980329865047,33.02396297434499,4.092934876861699,S3_gaming,游戏（高 CPU/GPU 负载）,1.0,5.0,1,cutoff
6845.0,1.9013888888888888,0.49148104126378855,49.148104126378854,3.6984002479796945,33.02369230563372,4.092934876861699,S3_gaming,游戏（高 CPU/GPU 负载）,1.0,5.0,1,cutoff
6850.0,1.9027777777777777,0.4910967681047768,49.10967681047768,3.698202455776233,33.023424033180575,4.092934876861699,S3_gaming,游戏（高 CPU/GPU 负载）,1.0,5.0,1,cutoff
6855.0,1.9041666666666666,0.4907124743926306,49.07124743926306,3.69800465636281,33.023158137856115,4.092934876861699,S3_gaming,游戏（高 CPU/GPU 负载）,1.0,5.0,1,cutoff
6860.0,1.9055555555555554,0.4903281601244011,49.03281601244011,3.6978068497236376,33.022894600683216,4.092934876861699,S3_gaming,游戏（高 CPU/GPU 负载）,1.0,5.0,1,cutoff
6865.0,1.9069444444444446,0.48994382529713715,48.99438252971372,3.697609035840812,33.02263340283597,4.092934876861699,S3_gaming,游戏（高 CPU/GPU 负载）,1.0,5.0,1,cutoff
6870.0,1.9083333333333334,0.48955946990788496,48.9559469907885,3.6974112146946214,33.02237452563855,4.092934876861699,S3_gaming,游戏（高 CPU/GPU 负载）,1.0,5.0,1,cutoff
6875.0,1.9097222222222223,0.48917509395368813,48.91750939536881,3.697213386263817,33.0221179505641,4.092934876861699,S3_gaming,游戏（高 CPU/GPU 负载）,1.0,5.0,1,cutoff
6880.0,1.9111111111111112,0.4887906974315873,48.87906974315873,3.697015550525843,33.02186365923363,4.092934876861699,S3_gaming,游戏（高 CPU/GPU 负载）,1.0,5.0,1,cutoff
6885.0,1.9125,0.48840628033862016,48.84062803386202,3.6968177074570447,33.02161163341488,4.092934876861699,S3_gaming,游戏（高 CPU/GPU 负载）,1.0,5.0,1,cutoff
6890.0,1.913888888888889,0.4880218426718212,48.80218426718212,3.696619857032839,33.021361855021205,4.092934876861699,S3_gaming,游戏（高 CPU/GPU 负载）,1.0,5.0,1,cutoff
6895.0,1.9152777777777779,0.4876373844282218,48.76373844282218,3.6964219992278693,33.021114306110455,4.092934876861699,S3_gaming,游戏（高 CPU/GPU 负载）,1.0,5.0,1,cutoff
6900.0,1.9166666666666667,0.4872529056048501,48.72529056048501,3.696224134016137,33.020868968883875,4.092934876861699,S3_gaming,游戏（高 CPU/GPU 负载）,1.0,5.0,1,cutoff
6905.0,1.9180555555555556,0.4868684061987308,48.68684061987308,3.696026261371113,33.02062582568497,4.092934876861699,S3_gaming,游戏（高 CPU/GPU 负载）,1.0,5.0,1,cutoff
6910.0,1.9194444444444445,0.4864838862068853,48.64838862068853,3.6958283812658443,33.02038485899841,4.092934876861699,S3_gaming,游戏（高 CPU/GPU 负载）,1.0,5.0,1,cutoff
6915.0,1.9208333333333334,0.4860993456263316,48.609934562633164,3.6956304936730286,33.02014605144893,4.092934876861699,S3_gaming,游戏（高 CPU/GPU 负载）,1.0,5.0,1,cutoff
6920.0,1.9222222222222223,0.4857147844540841,48.57147844540841,3.6954325985650986,33.01990938580023,4.092934876861699,S3_gaming,游戏（高 CPU/GPU 负载）,1.0,5.0,1,cutoff
6925.0,1.9236111111111112,0.4853302026871538,48.53302026871538,3.6952346959142806,33.01967484495388,4.092934876861699,S3_gaming,游戏（高 CPU/GPU 负载）,1.0,5.0,1,cutoff
6930.0,1.925,0.4849456003225483,48.49456003225483,3.6950367856926505,33.01944241194823,4.092934876861699,S3_gaming,游戏（高 CPU/GPU 负载）,1.0,5.0,1,cutoff
6935.0,1.926388888888889,0.48456097735727144,48.45609773572714,3.6948388678721833,33.01921206995735,4.092934876861699,S3_gaming,游戏（高 CPU/GPU 负载）,1.0,5.0,1,cutoff
6940.0,1.9277777777777778,0.48417633378832375,48.41763337883238,3.6946409424247943,33.018983802289924,4.092934876861699,S3_gaming,游戏（高 CPU/GPU 负载）,1.0,5.0,1,cutoff
6945.0,1.9291666666666667,0.48379166961270215,48.379166961270215,3.6944430093223746,33.018757592388226,4.092934876861699,S3_gaming,游戏（高 CPU/GPU 负载）,1.0,5.0,1,cutoff
6950.0,1.9305555555555556,0.48340698482739997,48.340698482739995,3.6942450685368184,33.018533423827016,4.092934876861699,S3_gaming,游戏（高 CPU/GPU 负载）,1.0,5.0,1,cutoff
6955.0,1.9319444444444445,0.48302227942940706,48.3022279429407,3.6940471200400573,33.01831128031253,4.092934876861699,S3_gaming,游戏（高 CPU/GPU 负载）,1.0,5.0,1,cutoff
6960.0,1.9333333333333333,0.48263755341570974,48.26375534157098,3.693849163804075,33.0180911456814,4.092934876861699,S3_gaming,游戏（高 CPU/GPU 负载）,1.0,5.0,1,cutoff
6965.0,1.9347222222222222,0.48225280678329074,48.22528067832907,3.693651199800932,33.01787300389965,4.092934876861699,S3_gaming,游戏（高 CPU/GPU 负载）,1.0,5.0,1,cutoff
6970.0,1.9361111111111111,0.4818680395291294,48.18680395291294,3.6934532280027796,33.01765683906163,4.092934876861699,S3_gaming,游戏（高 CPU/GPU 负载）,1.0,5.0,1,cutoff
6975.0,1.9375,0.48148325165020134,48.14832516502013,3.6932552483818766,33.01744263538902,4.092934876861699,S3_gaming,游戏（高 CPU/GPU 负载）,1.0,5.0,1,cutoff
6980.0,1.9388888888888889,0.48109844314347894,48.109844314347896,3.6930572609106007,33.0172303772298,4.092934876861699,S3_gaming,游戏（高 CPU/GPU 负载）,1.0,5.0,1,cutoff
6985.0,1.9402777777777778,0.4807136140059309,48.07136140059309,3.692859265561456,33.01702004905727,4.092934876861699,S3_gaming,游戏（高 CPU/GPU 负载）,1.0,5.0,1,cutoff
6990.0,1.9416666666666667,0.4803287642345224,48.032876423452244,3.692661262307086,33.01681163546901,4.092934876861699,S3_gaming,游戏（高 CPU/GPU 负载）,1.0,5.0,1,cutoff
6995.0,1.9430555555555555,0.4799438938262154,47.99438938262154,3.692463251120281,33.01660512118592,4.092934876861699,S3_gaming,游戏（高 CPU/GPU 负载）,1.0,5.0,1,cutoff
7000.0,1.9444444444444444,0.47955900277796815,47.955900277796815,3.692265231973981,33.01640049105121,4.092934876861699,S3_gaming,游戏（高 CPU/GPU 负载）,1.0,5.0,1,cutoff
7005.0,1.9458333333333333,0.4791740910867356,47.91740910867356,3.692067204841283,33.01619773002945,4.092934876861699,S3_gaming,游戏（高 CPU/GPU 负载）,1.0,5.0,1,cutoff
7010.0,1.9472222222222222,0.47878915874946926,47.87891587494693,3.6918691696954458,33.01599682320557,4.092934876861699,S3_gaming,游戏（高 CPU/GPU 负载）,1.0,5.0,1,cutoff
7015.0,1.948611111111111,0.47840420576311726,47.84042057631173,3.6916711265098923,33.01579775578393,4.092934876861699,S3_gaming,游戏（高 CPU/GPU 负载）,1.0,5.0,1,cutoff
7020.0,1.95,0.47801923212462427,47.80192321246243,3.6914730752582137,33.01560051308734,4.092934876861699,S3_gaming,游戏（高 CPU/GPU 负载）,1.0,5.0,1,cutoff
7025.0,1.9513888888888888,0.4776342378309316,47.76342378309316,3.691275015914171,33.01540508055614,4.092934876861699,S3_gaming,游戏（高 CPU/GPU 负载）,1.0,5.0,1,cutoff
7030.0,1.9527777777777777,0.4772492228789773,47.72492228789773,3.691076948451697,33.01521144374722,4.092934876861699,S3_gaming,游戏（高 CPU/GPU 负载）,1.0,5.0,1,cutoff
7035.0,1.9541666666666666,0.476864187265696,47.6864187265696,3.690878872844898,33.015019588333125,4.092934876861699,S3_gaming,游戏（高 CPU/GPU 负载）,1.0,5.0,1,cutoff
7040.0,1.9555555555555555,0.47647913098801903,47.6479130988019,3.6906807890680544,33.01482950010111,4.092934876861699,S3_gaming,游戏（高 CPU/GPU 负载）,1.0,5.0,1,cutoff
7045.0,1.9569444444444444,0.47609405404287436,47.609405404287436,3.690482697095621,33.014641164952224,4.092934876861699,S3_gaming,游戏（高 CPU/GPU 负载）,1.0,5.0,1,cutoff
7050.0,1.9583333333333333,0.47570895642718675,47.570895642718675,3.690284596902229,33.01445456890042,4.092934876861699,S3_gaming,游戏（高 CPU/GPU 负载）,1.0,5.0,1,cutoff
7055.0,1.9597222222222221,0.4753238381378776,47.53238381378776,3.690086488462686,33.014269698071615,4.092934876861699,S3_gaming,游戏（高 CPU/GPU 负载）,1.0,5.0,1,cutoff
7060.0,1.961111111111111,0.47493869917186515,47.493869917186515,3.6898883717519717,33.014086538702834,4.092934876861699,S3_gaming,游戏（高 CPU/GPU 负载）,1.0,5.0,1,cutoff
7065.0,1.9625,0.4745535395260644,47.45535395260644,3.6896902467452453,33.01390507714129,4.092934876861699,S3_gaming,游戏（高 CPU/GPU 负载）,1.0,5.0,1,cutoff
7070.0,1.9638888888888888,0.474168359197387,47.416835919738695,3.689492113417837,33.01372529984351,4.092934876861699,S3_gaming,游戏（高 CPU/GPU 负载）,1.0,5.0,1,cutoff
7075.0,1.9652777777777777,0.4737831581827415,47.37831581827415,3.6892939717452546,33.01354719337448,4.092934876861699,S3_gaming,游戏（高 CPU/GPU 负载）,1.0,5.0,1,cutoff
7080.0,1.9666666666666666,0.4733979364790334,47.33979364790334,3.689095821703179,33.01337074440674,4.092934876861699,S3_gaming,游戏（高 CPU/GPU 负载）,1.0,5.0,1,cutoff
7085.0,1.9680555555555554,0.4730126940831647,47.30126940831647,3.688897663267463,33.01319593971957,4.092934876861699,S3_gaming,游戏（高 CPU/GPU 负载）,1.0,5.0,1,cutoff
7090.0,1.9694444444444446,0.4726274309920345,47.262743099203455,3.6886994964141326,33.01302276619809,4.092934876861699,S3_gaming,游戏（高 CPU/GPU 负载）,1.0,5.0,1,cutoff
7095.0,1.9708333333333334,0.4722421472025387,47.22421472025387,3.688501321119385,33.01285121083244,4.092934876861699,S3_gaming,游戏（高 CPU/GPU 负载）,1.0,5.0,1,cutoff
7100.0,1.9722222222222223,0.4718568427115701,47.18568427115701,3.6883031373595885,33.012681260716924,4.092934876861699,S3_gaming,游戏（高 CPU/GPU 负载）,1.0,5.0,1,cutoff
7105.0,1.9736111111111112,0.4714715175160183,47.14715175160183,3.688104945111281,33.0125129030492,4.092934876861699,S3_gaming,游戏（高 CPU/GPU 负载）,1.0,5.0,1,cutoff
7110.0,1.975,0.4710861716127699,47.10861716127699,3.6879067443511673,33.012346125129426,4.092934876861699,S3_gaming,游戏（高 CPU/GPU 负载）,1.0,5.0,1,cutoff
7115.0,1.976388888888889,0.4707008049987084,47.07008049987084,3.687708535056122,33.012180914359455,4.092934876861699,S3_gaming,游戏（高 CPU/GPU 负载）,1.0,5.0,1,cutoff
7120.0,1.9777777777777779,0.47031541767071433,47.03154176707143,3.6875103172031842,33.01201725824201,4.092934876861699,S3_gaming,游戏（高 CPU/GPU 负载）,1.0,5.0,1,cutoff
7125.0,1.9791666666666667,0.46993000962566506,46.993000962566505,3.6873120907695585,33.01185514437989,4.092934876861699,S3_gaming,游戏（高 CPU/GPU 负载）,1.0,5.0,1,cutoff
7130.0,1.9805555555555556,0.46954458086043493,46.954458086043495,3.6871138557326155,33.01169456047517,4.092934876861699,S3_gaming,游戏（高 CPU/GPU 负载）,1.0,5.0,1,cutoff
7135.0,1.9819444444444445,0.4691591313718954,46.91591313718954,3.686915612069887,33.01153549432838,4.092934876861699,S3_gaming,游戏（高 CPU/GPU 负载）,1.0,5.0,1,cutoff
7140.0,1.9833333333333334,0.4687736611569149,46.87736611569149,3.6867173597590677,33.01137793383774,4.092934876861699,S3_gaming,游戏（高 CPU/GPU 负载）,1.0,5.0,1,cutoff
7145.0,1.9847222222222223,0.46838817021235873,46.838817021235876,3.686519098778011,33.01122186699839,4.092934876861699,S3_gaming,游戏（高 CPU/GPU 负载）,1.0,5.0,1,cutoff
7150.0,1.9861111111111112,0.46800265853508943,46.80026585350895,3.6863208291047322,33.01106728190158,4.092934876861699,S3_gaming,游戏（高 CPU/GPU 负载）,1.0,5.0,1,cutoff
7155.0,1.9875,0.46761712612196654,46.76171261219665,3.686122550717404,33.010914166733926,4.092934876861699,S3_gaming,游戏（高 CPU/GPU 负载）,1.0,5.0,1,cutoff
7160.0,1.988888888888889,0.46723157296984663,46.72315729698467,3.685924263594356,33.01076250977664,4.092934876861699,S3_gaming,游戏（高 CPU/GPU 负载）,1.0,5.0,1,cutoff
7165.0,1.9902777777777778,0.4668459990755834,46.684599907558336,3.685725967714074,33.01061229940476,4.092934876861699,S3_gaming,游戏（高 CPU/GPU 负载）,1.0,5.0,1,cutoff
7170.0,1.9916666666666667,0.4664604044360276,46.64604044360276,3.685527663055198,33.010463524086425,4.092934876861699,S3_gaming,游戏（高 CPU/GPU 负载）,1.0,5.0,1,cutoff
7175.0,1.9930555555555556,0.4660747890480271,46.60747890480271,3.685329349596523,33.010316172382105,4.092934876861699,S3_gaming,游戏（高 CPU/GPU 负载）,1.0,5.0,1,cutoff
7180.0,1.9944444444444445,0.46568915290842705,46.5689152908427,3.685131027316994,33.01017023294388,4.092934876861699,S3_gaming,游戏（高 CPU/GPU 负载）,1.0,5.0,1,cutoff
7185.0,1.9958333333333333,0.4653034960140695,46.530349601406954,3.684932696195711,33.01002569451469,4.092934876861699,S3_gaming,游戏（高 CPU/GPU 负载）,1.0,5.0,1,cutoff
7190.0,1.9972222222222222,0.46491781836179386,46.491781836179385,3.684734356211921,33.009882545927624,4.092934876861699,S3_gaming,游戏（高 CPU/GPU 负载）,1.0,5.0,1,cutoff
7195.0,1.9986111111111111,0.4645321199484366,46.453211994843656,3.6845360073450197,33.00974077610519,4.092934876861699,S3_gaming,游戏（高 CPU/GPU 负载）,1.0,5.0,1,cutoff
7200.0,2.0,0.46414640077083136,46.414640077083135,3.684337649574553,33.009600374058586,4.092934876861699,S3_gaming,游戏（高 CPU/GPU 负载）,1.0,5.0,1,cutoff
7205.0,2.001388888888889,0.4637606608258092,46.37606608258092,3.6841392828802118,33.00946132888702,4.092934876861699,S3_gaming,游戏（高 CPU/GPU 负载）,1.0,5.0,1,cutoff
7210.0,2.0027777777777778,0.4633749001101981,46.33749001101981,3.683940907241831,33.009323629776986,4.092934876861699,S3_gaming,游戏（高 CPU/GPU 负载）,1.0,5.0,1,cutoff
7215.0,2.004166666666667,0.46298911862082354,46.298911862082356,3.6837425226393923,33.00918726600157,4.092934876861699,S3_gaming,游戏（高 CPU/GPU 负载）,1.0,5.0,1,cutoff
7220.0,2.0055555555555555,0.462603316354508,46.260331635450804,3.6835441290530206,33.00905222691974,4.092934876861699,S3_gaming,游戏（高 CPU/GPU 负载）,1.0,5.0,1,cutoff
7225.0,2.0069444444444446,0.4622174933080715,46.22174933080715,3.6833457264629805,33.0089185019757,4.092934876861699,S3_gaming,游戏（高 CPU/GPU 负载）,1.0,5.0,1,cutoff
7230.0,2.0083333333333333,0.46183164947833105,46.183164947833106,3.683147314849679,33.00878608069816,4.092934876861699,S3_gaming,游戏（高 CPU/GPU 负载）,1.0,5.0,1,cutoff
7235.0,2.0097222222222224,0.4614457848621011,46.14457848621011,3.6829488941936632,33.00865495269968,4.092934876861699,S3_gaming,游戏（高 CPU/GPU 负载）,1.0,5.0,1,cutoff
7240.0,2.011111111111111,0.46105989945619336,46.105989945619335,3.6827504644756184,33.008525107676014,4.092934876861699,S3_gaming,游戏（高 CPU/GPU 负载）,1.0,5.0,1,cutoff
7245.0,2.0125,0.4606739932574169,46.06739932574169,3.682552025676367,33.008396535405424,4.092934876861699,S3_gaming,游戏（高 CPU/GPU 负载）,1.0,5.0,1,cutoff
7250.0,2.013888888888889,0.4602880662625781,46.02880662625781,3.682353577776868,33.008269225748016,4.092934876861699,S3_gaming,游戏（高 CPU/GPU 负载）,1.0,5.0,1,cutoff
7255.0,2.015277777777778,0.45990211846848067,45.99021184684807,3.682155120758217,33.008143168645105,4.092934876861699,S3_gaming,游戏（高 CPU/GPU 负载）,1.0,5.0,1,cutoff
7260.0,2.0166666666666666,0.4595161498719256,45.95161498719256,3.6819566546016422,33.008018354118555,4.092934876861699,S3_gaming,游戏（高 CPU/GPU 负载）,1.0,5.0,1,cutoff
7265.0,2.0180555555555557,0.45913016046971145,45.913016046971144,3.6817581792885066,33.00789477227012,4.092934876861699,S3_gaming,游戏（高 CPU/GPU 负载）,1.0,5.0,1,cutoff
7270.0,2.0194444444444444,0.45874415025863396,45.8744150258634,3.6815596948003035,33.00777241328083,4.092934876861699,S3_gaming,游戏（高 CPU/GPU 负载）,1.0,5.0,1,cutoff
7275.0,2.0208333333333335,0.4583581192354863,45.83581192354863,3.6813612011186603,33.00765126741034,4.092934876861699,S3_gaming,游戏（高 CPU/GPU 负载）,1.0,5.0,1,cutoff
7280.0,2.022222222222222,0.45797206739705915,45.79720673970591,3.681162698225331,33.00753132499629,4.092934876861699,S3_gaming,游戏（高 CPU/GPU 负载）,1.0,5.0,1,cutoff
7285.0,2.0236111111111112,0.4575859947401405,45.75859947401405,3.6809641861022007,33.00741257645373,4.092934876861699,S3_gaming,游戏（高 CPU/GPU 负载）,1.0,5.0,1,cutoff
7290.0,2.025,0.45719990126151583,45.719990126151586,3.6807656647312834,33.00729501227443,4.092934876861699,S3_gaming,游戏（高 CPU/GPU 负载）,1.0,5.0,1,cutoff
7295.0,2.026388888888889,0.456813786957968,45.681378695796795,3.680567134094717,33.00717862302632,4.092934876861699,S3_gaming,游戏（高 CPU/GPU 负载）,1.0,5.0,1,cutoff
7300.0,2.0277777777777777,0.4563823159260495,45.63823159260495,3.6708603020218415,33.01637542289877,4.561864228444583,S3_gaming,游戏（高 CPU/GPU 负载）,1.0,5.0,1,cutoff
7305.0,2.029166666666667,0.4559704469630711,45.59704469630711,3.674504627204497,33.02147403087394,4.358833113752089,S3_gaming,游戏（高 CPU/GPU 负载）,1.0,5.0,1,cutoff
7310.0,2.0305555555555554,0.45555964074100763,45.555964074100764,3.6744139169105376,33.02631200042509,4.3474638383754955,S3_gaming,游戏（高 CPU/GPU 负载）,1.0,5.0,1,cutoff
7315.0,2.0319444444444446,0.45514932601421004,45.514932601421,3.674225164861028,33.03100825042081,4.342028830939376,S3_gaming,游戏（高 CPU/GPU 负载）,1.0,5.0,1,cutoff
7320.0,2.033333333333333,0.45473923033101415,45.473923033101414,3.6739947401873745,33.03561950596755,4.339430661324142,S3_gaming,游戏（高 CPU/GPU 负载）,1.0,5.0,1,cutoff
7325.0,2.0347222222222223,0.4543292239814079,45.43292239814079,3.673748896169681,33.040172800258475,4.338188623400761,S3_gaming,游戏（高 CPU/GPU 负载）,1.0,5.0,1,cutoff
7330.0,2.036111111111111,0.4539192454209327,45.39192454209327,3.6734995842372165,33.04468100262427,4.337594875327475,S3_gaming,游戏（高 CPU/GPU 负载）,1.0,5.0,1,cutoff
7335.0,2.0375,0.45353285187874076,45.35328518787408,3.67819588434358,33.04430852857957,4.093194834487238,S3_gaming,游戏（高 CPU/GPU 负载）,1.0,5.0,1,cutoff
7340.0,2.0388888888888888,0.4531464615808807,45.31464615808807,3.6780975767234088,33.043931746028804,4.093059147897546,S3_gaming,游戏（高 CPU/GPU 负载）,1.0,5.0,1,cutoff
7345.0,2.040277777777778,0.4527600662424458,45.27600662424458,3.677984980017654,33.043552745476404,4.092994283814345,S3_gaming,游戏（高 CPU/GPU 负载）,1.0,5.0,1,cutoff
7350.0,2.0416666666666665,0.45237366133140977,45.23736613314098,3.6778604942308273,33.043172779667515,4.092963275965309,S3_gaming,游戏（高 CPU/GPU 负载）,1.0,5.0,1,cutoff
7355.0,2.0430555555555556,0.451987244184925,45.198724418492496,3.677725933138916,33.04279266426968,4.092948452866694,S3_gaming,游戏（高 CPU/GPU 负载）,1.0,5.0,1,cutoff
7360.0,2.0444444444444443,0.4516008130989205,45.16008130989205,3.6775827424012713,33.042412974595855,4.092941366781738,S3_gaming,游戏（高 CPU/GPU 负载）,1.0,5.0,1,cutoff
7365.0,2.0458333333333334,0.45121436688428557,45.12143668842856,3.6774321154142195,33.04203414405829,4.092937979325357,S3_gaming,游戏（高 CPU/GPU 负载）,1.0,5.0,1,cutoff
7370.0,2.047222222222222,0.45082790464723843,45.08279046472384,3.677275058753073,33.041656515000206,4.092936359974078,S3_gaming,游戏（高 CPU/GPU 负载）,1.0,5.0,1,cutoff
7375.0,2.048611111111111,0.4504414256778508,45.04414256778508,3.677112432188699,33.04128036621747,4.092935585853833,S3_gaming,游戏（高 CPU/GPU 负载）,1.0,5.0,1,cutoff
7380.0,2.05,0.4500549293911317,45.00549293911317,3.6769449753980403,33.040905928876434,4.092935215790733,S3_gaming,游戏（高 CPU/GPU 负载）,1.0,5.0,1,cutoff
7385.0,2.051388888888889,0.4496684152939794,44.96684152939794,3.6767733273141014,33.0405333964935,4.092935038884498,S3_gaming,游戏（高 CPU/GPU 负载）,1.0,5.0,1,cutoff
7390.0,2.0527777777777776,0.44928188296514326,44.92818829651433,3.676598041089474,33.04016293174306,4.092934954315634,S3_gaming,游戏（高 CPU/GPU 负载）,1.0,5.0,1,cutoff
7395.0,2.0541666666666667,0.44889533204196436,44.88953320419643,3.6764195962095836,33.03979467146528,4.092934913888044,S3_gaming,游戏（高 CPU/GPU 负载）,1.0,5.0,1,cutoff
7400.0,2.0555555555555554,0.44850876221084146,44.85087622108415,3.676238408589389,33.039428730570634,4.0929348945619,S3_gaming,游戏（高 CPU/GPU 负载）,1.0,5.0,1,cutoff
7405.0,2.0569444444444445,0.4481221731998997,44.81221731998997,3.676054839138318,33.03906520520908,4.092934885323164,S3_gaming,游戏（高 CPU/GPU 负载）,1.0,5.0,1,cutoff
7410.0,2.058333333333333,0.44773556477307735,44.773556477307736,3.675869201100079,33.03870417540934,4.092934880906647,S3_gaming,游戏（高 CPU/GPU 负载）,1.0,5.0,1,cutoff
7415.0,2.0597222222222222,0.44734893672520815,44.73489367252081,3.6756817663788888,33.03834570731171,4.09293487879536,S3_gaming,游戏（高 CPU/GPU 负载）,1.0,5.0,1,cutoff
7420.0,2.061111111111111,0.44696228887785516,44.696228887785516,3.675492771009723,33.03798985507464,4.092934877786073,S3_gaming,游戏（高 CPU/GPU 负载）,1.0,5.0,1,cutoff
7425.0,2.0625,0.4465756210757431,44.657562107574314,3.675302419896851,33.03763666251192,4.092934877303589,S3_gaming,游戏（高 CPU/GPU 负载）,1.0,5.0,1,cutoff
7430.0,2.063888888888889,0.44618893318368436,44.618893318368436,3.675110890922609,33.03728616450321,4.092934877072942,S3_gaming,游戏（高 CPU/GPU 负载）,1.0,5.0,1,cutoff
7435.0,2.0652777777777778,0.4458022250839214,44.58022250839214,3.674918338512084,33.0369383882117,4.0929348769626825,S3_gaming,游戏（高 CPU/GPU 负载）,1.0,5.0,1,cutoff
7440.0,2.066666666666667,0.4454154966738249,44.54154966738249,3.6747248967266537,33.03659335413677,4.092934876909974,S3_gaming,游戏（高 CPU/GPU 负载）,1.0,5.0,1,cutoff
7445.0,2.0680555555555555,0.4450287478638975,44.502874786389754,3.6745306819491454,33.03625107702464,4.092934876884776,S3_gaming,游戏（高 CPU/GPU 负载）,1.0,5.0,1,cutoff
7450.0,2.0694444444444446,0.44464197857604215,44.46419785760421,3.674335795214709,33.03591156665671,4.0929348768727305,S3_gaming,游戏（高 CPU/GPU 负载）,1.0,5.0,1,cutoff
7455.0,2.0708333333333333,0.444255188742059,44.4255188742059,3.6741403242342705,33.0355748285323,4.092934876866972,S3_gaming,游戏（高 CPU/GPU 负载）,1.0,5.0,1,cutoff
7460.0,2.0722222222222224,0.44386837830234066,44.386837830234064,3.673944345151156,33.03524086446009,4.09293487686422,S3_gaming,游戏（高 CPU/GPU 负载）,1.0,5.0,1,cutoff
7465.0,2.073611111111111,0.44348154720473965,44.348154720473964,3.6737479240661033,33.0349096730706,4.092934876862904,S3_gaming,游戏（高 CPU/GPU 负载）,1.0,5.0,1,cutoff
7470.0,2.075,0.4430946954035847,44.30946954035847,3.673551118361205,33.03458125026032,4.092934876862275,S3_gaming,游戏（高 CPU/GPU 负载）,1.0,5.0,1,cutoff
7475.0,2.076388888888889,0.4427078228588273,44.27078228588273,3.6733539778493056,33.03425558957665,4.092934876861975,S3_gaming,游戏（高 CPU/GPU 负载）,1.0,5.0,1,cutoff
7480.0,2.077777777777778,0.4423209295353002,44.23209295353002,3.673156545771866,33.033932682551665,4.092934876861831,S3_gaming,游戏（高 CPU/GPU 负载）,1.0,5.0,1,cutoff
7485.0,2.0791666666666666,0.4419340154020738,44.193401540207375,3.6729588596652762,33.03361251899132,4.0929348768617615,S3_gaming,游戏（高 CPU/GPU 负载）,1.0,5.0,1,cutoff
7490.0,2.0805555555555557,0.4415470804318973,44.15470804318973,3.672760952112958,33.033295087226264,4.092934876861729,S3_gaming,游戏（高 CPU/GPU 负载）,1.0,5.0,1,cutoff
7495.0,2.0819444444444444,0.4411601246007136,44.11601246007136,3.6725628513983204,33.03298037432926,4.0929348768617135,S3_gaming,游戏（高 CPU/GPU 负载）,1.0,5.0,1,cutoff
7500.0,2.0833333333333335,0.440773147887238,44.0773147887238,3.6723645820716313,33.032668366303625,4.0929348768617055,S3_gaming,游戏（高 CPU/GPU 负载）,1.0,5.0,1,cutoff
7505.0,2.084722222222222,0.44038615027259226,44.038615027259226,3.6721661654421625,33.0323590482466,4.092934876861702,S3_gaming,游戏（高 CPU/GPU 负载）,1.0,5.0,1,cutoff
7510.0,2.0861111111111112,0.43999913173998717,43.99991317399872,3.67196762000546,33.03205240449095,4.0929348768617,S3_gaming,游戏（高 CPU/GPU 负载）,1.0,5.0,1,cutoff
7515.0,2.0875,0.43961209227444675,43.96120922744468,3.671768961814276,33.03174841872769,4.092934876861699,S3_gaming,游戏（高 CPU/GPU 负载）,1.0,5.0,1,cutoff
7520.0,2.088888888888889,0.4392250318625688,43.922503186256876,3.671570204800618,33.03144707411241,4.092934876861699,S3_gaming,游戏（高 CPU/GPU 负载）,1.0,5.0,1,cutoff
7525.0,2.0902777777777777,0.438837950492317,43.8837950492317,3.6713713610553316,33.03114835335741,4.092934876861699,S3_gaming,游戏（高 CPU/GPU 负载）,1.0,5.0,1,cutoff
7530.0,2.091666666666667,0.4384508481528405,43.84508481528405,3.6711724410708335,33.03085223881148,4.092934876861699,S3_gaming,游戏（高 CPU/GPU 负载）,1.0,5.0,1,cutoff
7535.0,2.0930555555555554,0.43806372483431716,43.806372483431716,3.6709734539518455,33.030558712528986,4.092934876861699,S3_gaming,游戏（高 CPU/GPU 负载）,1.0,5.0,1,cutoff
7540.0,2.0944444444444446,0.4376765805278173,43.767658052781734,3.6707744075983486,33.03026775632971,4.092934876861699,S3_gaming,游戏（高 CPU/GPU 负载）,1.0,5.0,1,cutoff
7545.0,2.095833333333333,0.43728941522518594,43.728941522518596,3.6705753088644175,33.02997935185056,4.092934876861699,S3_gaming,游戏（高 CPU/GPU 负载）,1.0,5.0,1,cutoff
7550.0,2.0972222222222223,0.43690222891893987,43.69022289189399,3.670376163696124,33.02969348059034,4.092934876861699,S3_gaming,游戏（高 CPU/GPU 负载）,1.0,5.0,1,cutoff
7555.0,2.098611111111111,0.43651502160217875,43.65150216021787,3.6701769772512507,33.02941012394846,4.092934876861699,S3_gaming,游戏（高 CPU/GPU 负载）,1.0,5.0,1,cutoff
7560.0,2.1,0.43608232303255173,43.60823230325517,3.660444742516146,33.038443667456306,4.561864228444583,S3_gaming,游戏（高 CPU/GPU 负载）,1.0,5.0,1,cutoff
7565.0,2.1013888888888888,0.43566928444184316,43.56692844418431,3.664098254781802,33.04337933130964,4.358833113752089,S3_gaming,游戏（高 CPU/GPU 负载）,1.0,5.0,1,cutoff
7570.0,2.102777777777778,0.4352573115175419,43.52573115175419,3.6640070452267404,33.04805563229144,4.3474638383754955,S3_gaming,游戏（高 CPU/GPU 负载）,1.0,5.0,1,cutoff
7575.0,2.1041666666666665,0.43484583133398713,43.484583133398715,3.663817534116706,33.05259150396076,4.342028830939376,S3_gaming,游戏（高 CPU/GPU 负载）,1.0,5.0,1,cutoff
7580.0,2.1055555555555556,0.4344345706410732,43.44345706410732,3.663586235446032,33.057043671821,4.339430661324142,S3_gaming,游戏（高 CPU/GPU 负载）,1.0,5.0,1,cutoff
7585.0,2.1069444444444443,0.4340233993510588,43.402339935105886,3.663339470456847,33.061439162872276,4.338188623400761,S3_gaming,游戏（高 CPU/GPU 负载）,1.0,5.0,1,cutoff
7590.0,2.1083333333333334,0.43361225574234374,43.361225574234375,3.6630892219686286,33.065790837295694,4.337594875327475,S3_gaming,游戏（高 CPU/GPU 负载）,1.0,5.0,1,cutoff
7595.0,2.109722222222222,0.4332247667934509,43.32247667934509,3.667797514134683,33.06526188968612,4.093194834487238,S3_gaming,游戏（高 CPU/GPU 负载）,1.0,5.0,1,cutoff
7600.0,2.111111111111111,0.4328372810231007,43.28372810231007,3.667698724692542,33.064729856281694,4.093059147897546,S3_gaming,游戏（高 CPU/GPU 负载）,1.0,5.0,1,cutoff
7605.0,2.1125,0.4324497901120836,43.244979011208365,3.667585591144979,33.06419682273995,4.092994283814345,S3_gaming,游戏（高 CPU/GPU 负载）,1.0,5.0,1,cutoff
7610.0,2.113888888888889,0.4320622895065081,43.20622895065081,3.667460522901849,33.063664036157896,4.092963275965309,S3_gaming,游戏（高 CPU/GPU 负载）,1.0,5.0,1,cutoff
7615.0,2.1152777777777776,0.43167477652836383,43.16747765283638,3.66732534113251,33.06313230594776,4.092948452866694,S3_gaming,游戏（高 CPU/GPU 负载）,1.0,5.0,1,cutoff
7620.0,2.1166666666666667,0.43128724946227426,43.12872494622743,3.667181497513689,33.06260220069197,4.092941366781738,S3_gaming,游戏（高 CPU/GPU 负载）,1.0,5.0,1,cutoff
7625.0,2.1180555555555554,0.43089970711023085,43.089970711023085,3.667030190446225,33.06207414669307,4.092937979325357,S3_gaming,游戏（高 CPU/GPU 负载）,1.0,5.0,1,cutoff
7630.0,2.1194444444444445,0.43051214857119174,43.05121485711918,3.666872430721269,33.0615484788791,4.092936359974078,S3_gaming,游戏（高 CPU/GPU 负载）,1.0,5.0,1,cutoff
7635.0,2.120833333333333,0.43012457312917185,43.012457312917185,3.666709081687387,33.0610254683841,4.092935585853833,S3_gaming,游戏（高 CPU/GPU 负载）,1.0,5.0,1,cutoff
7640.0,2.1222222222222222,0.42973698019406137,42.973698019406136,3.6665408860702344,33.060505338514055,4.092935215790733,S3_gaming,游戏（高 CPU/GPU 负载）,1.0,5.0,1,cutoff
7645.0,2.123611111111111,0.4293493692684014,42.93493692684014,3.666368485406609,33.05998827476632,4.092935038884498,S3_gaming,游戏（高 CPU/GPU 负载）,1.0,5.0,1,cutoff
7650.0,2.125,0.4289617399272187,42.89617399272187,3.666192435075516,33.05947443167111,4.092934954315634,S3_gaming,游戏（高 CPU/GPU 负载）,1.0,5.0,1,cutoff
7655.0,2.126388888888889,0.4285740918046685,42.857409180466846,3.6660132164671686,33.05896393782755,4.092934913888044,S3_gaming,游戏（高 CPU/GPU 负载）,1.0,5.0,1,cutoff
7660.0,2.1277777777777778,0.4281864245844219,42.81864245844219,3.6658312471264587,33.05845689983211,4.0929348945619,S3_gaming,游戏（高 CPU/GPU 负载）,1.0,5.0,1,cutoff
7665.0,2.129166666666667,0.4277987379922695,42.77987379922695,3.6656468893575234,33.05795340546814,4.092934885323164,S3_gaming,游戏（高 CPU/GPU 负载）,1.0,5.0,1,cutoff
7670.0,2.1305555555555555,0.42741103179015283,42.74110317901528,3.665460457597303,33.057453526362444,4.092934880906647,S3_gaming,游戏（高 CPU/GPU 负载）,1.0,5.0,1,cutoff
7675.0,2.1319444444444446,0.4270233057712005,42.70233057712005,3.6652722247706127,33.056957320232776,4.09293487879536,S3_gaming,游戏（高 CPU/GPU 负载）,1.0,5.0,1,cutoff
7680.0,2.1333333333333333,0.42663555975552137,42.663555975552136,3.6650824277850584,33.05646483280695,4.092934877786073,S3_gaming,游戏（高 CPU/GPU 负载）,1.0,5.0,1,cutoff
7685.0,2.1347222222222224,0.4262477935866024,42.62477935866024,3.6648912722907205,33.05597609947069,4.092934877303589,S3_gaming,游戏（高 CPU/GPU 负载）,1.0,5.0,1,cutoff
7690.0,2.136111111111111,0.4258600071282053,42.586000712820535,3.6646989368070426,33.0554911466872,4.092934877072942,S3_gaming,游戏（高 CPU/GPU 负载）,1.0,5.0,1,cutoff
7695.0,2.1375,0.4254722002616828,42.54722002616828,3.664505576303045,33.05500999322258,4.0929348769626825,S3_gaming,游戏（高 CPU/GPU 负载）,1.0,5.0,1,cutoff
7700.0,2.138888888888889,0.4250843728836549,42.50843728836549,3.6643113253041886,33.05453265120497,4.092934876909974,S3_gaming,游戏（高 CPU/GPU 负载）,1.0,5.0,1,cutoff
7705.0,2.140277777777778,0.42469652490399357,42.469652490399355,3.6641163005889466,33.054059127040794,4.092934876884776,S3_gaming,游戏（高 CPU/GPU 负载）,1.0,5.0,1,cutoff
7710.0,2.1416666666666666,0.4243086562440744,42.43086562440744,3.6639206035294727,33.053589422207786,4.0929348768727305,S3_gaming,游戏（高 CPU/GPU 负载）,1.0,5.0,1,cutoff
7715.0,2.1430555555555557,0.42392076683525926,42.39207668352593,3.663724322123445,33.05312353394171,4.092934876866972,S3_gaming,游戏（高 CPU/GPU 负载）,1.0,5.0,1,cutoff
7720.0,2.1444444444444444,0.42353285661757933,42.35328566175794,3.6635275327578913,33.05266145583111,4.09293487686422,S3_gaming,游戏（高 CPU/GPU 负载）,1.0,5.0,1,cutoff
7725.0,2.1458333333333335,0.4231449255385918,42.31449255385918,3.663330301740371,33.05220317833262,4.092934876862904,S3_gaming,游戏（高 CPU/GPU 负载）,1.0,5.0,1,cutoff
7730.0,2.147222222222222,0.4227569735523871,42.27569735523871,3.6631326866282063,33.051748689217426,4.092934876862275,S3_gaming,游戏（高 CPU/GPU 负载）,1.0,5.0,1,cutoff
7735.0,2.1486111111111112,0.42236900061872745,42.236900061872745,3.6629347373824164,33.051297973958185,4.092934876861975,S3_gaming,游戏（高 CPU/GPU 负载）,1.0,5.0,1,cutoff
7740.0,2.15,0.42198100670229843,42.19810067022984,3.66273649736947,33.05085101606433,4.092934876861831,S3_gaming,游戏（高 CPU/GPU 负载）,1.0,5.0,1,cutoff
7745.0,2.151388888888889,0.42159299177205967,42.159299177205966,3.662538004230929,33.05040779737265,4.0929348768617615,S3_gaming,游戏（高 CPU/GPU 负载）,1.0,5.0,1,cutoff
7750.0,2.1527777777777777,0.42120495580068074,42.120495580068074,3.6623392906384065,33.049968298299156,4.092934876861729,S3_gaming,游戏（高 CPU/GPU 负载）,1.0,5.0,1,cutoff
7755.0,2.154166666666667,0.42081689876405154,42.08168987640516,3.6621403849489713,33.04953249805731,4.0929348768617135,S3_gaming,游戏（高 CPU/GPU 负载）,1.0,5.0,1,cutoff
7760.0,2.1555555555555554,0.42042882064085735,42.04288206408574,3.661941311774119,33.049100374847164,4.0929348768617055,S3_gaming,游戏（高 CPU/GPU 负载）,1.0,5.0,1,cutoff
7765.0,2.1569444444444446,0.4200407214122095,42.00407214122095,3.661742092473715,33.048671906019244,4.092934876861702,S3_gaming,游戏（高 CPU/GPU 负载）,1.0,5.0,1,cutoff
7770.0,2.158333333333333,0.4196526010613251,41.96526010613251,3.6615427455847955,33.04824706821649,4.0929348768617,S3_gaming,游戏（高 CPU/GPU 负载）,1.0,5.0,1,cutoff
7775.0,2.1597222222222223,0.419264459573249,41.9264459573249,3.6613432871938345,33.04782583749725,4.092934876861699,S3_gaming,游戏（高 CPU/GPU 负载）,1.0,5.0,1,cutoff
7780.0,2.161111111111111,0.4188762969346117,41.88762969346117,3.6611437312599144,33.047408189441754,4.092934876861699,S3_gaming,游戏（高 CPU/GPU 负载）,1.0,5.0,1,cutoff
7785.0,2.1625,0.41848811313342027,41.848811313342026,3.660944089895276,33.04699409924431,4.092934876861699,S3_gaming,游戏（高 CPU/GPU 负载）,1.0,5.0,1,cutoff
7790.0,2.1638888888888888,0.4180999081588758,41.80999081588758,3.66074437360889,33.0465835417931,4.092934876861699,S3_gaming,游戏（高 CPU/GPU 负载）,1.0,5.0,1,cutoff
7795.0,2.165277777777778,0.4177116820012156,41.77116820012156,3.6605445915178905,33.04617649173917,4.092934876861699,S3_gaming,游戏（高 CPU/GPU 负载）,1.0,5.0,1,cutoff
7800.0,2.1666666666666665,0.4173234346515758,41.73234346515758,3.6603447515311496,33.04577292355615,4.092934876861699,S3_gaming,游戏（高 CPU/GPU 负载）,1.0,5.0,1,cutoff
7805.0,2.1680555555555556,0.41693516610187226,41.693516610187224,3.660144860508623,33.04537281159183,4.092934876861699,S3_gaming,游戏（高 CPU/GPU 负载）,1.0,5.0,1,cutoff
7810.0,2.1694444444444443,0.41654687634469706,41.6546876344697,3.6599449243997046,33.044976130112694,4.092934876861699,S3_gaming,游戏（高 CPU/GPU 负载）,1.0,5.0,1,cutoff
7815.0,2.1708333333333334,0.4161585653732287,41.61585653732287,3.6597449483633246,33.04458285334237,4.092934876861699,S3_gaming,游戏（高 CPU/GPU 负载）,1.0,5.0,1,cutoff
7820.0,2.172222222222222,0.41577023318115425,41.57702331811542,3.659544936872217,33.044192955494815,4.092934876861699,S3_gaming,游戏（高 CPU/GPU 负载）,1.0,5.0,1,cutoff
7825.0,2.173611111111111,0.4153818797626013,41.53818797626013,3.659344893803439,33.04380641080285,4.092934876861699,S3_gaming,游戏（高 CPU/GPU 负载）,1.0,5.0,1,cutoff
7830.0,2.175,0.4149935051120797,41.49935051120797,3.65914482251695,33.04342319354276,4.092934876861699,S3_gaming,游戏（高 CPU/GPU 负载）,1.0,5.0,1,cutoff
7835.0,2.176388888888889,0.41460510922443,41.460510922443,3.658944725923836,33.0430432780554,4.092934876861699,S3_gaming,游戏（高 CPU/GPU 负载）,1.0,5.0,1,cutoff
7840.0,2.1777777777777776,0.41421669209477946,41.42166920947795,3.6587446065455342,33.042666638764324,4.092934876861699,S3_gaming,游戏（高 CPU/GPU 负载）,1.0,5.0,1,cutoff
7845.0,2.1791666666666667,0.41382825371850357,41.38282537185036,3.6585444665652456,33.0422932501913,4.092934876861699,S3_gaming,游戏（高 CPU/GPU 负载）,1.0,5.0,1,cutoff
7850.0,2.1805555555555554,0.4134397940911926,41.34397940911926,3.658344307872582,33.04192308696958,4.092934876861699,S3_gaming,游戏（高 CPU/GPU 负载）,1.0,5.0,1,cutoff
7855.0,2.1819444444444445,0.41305131320862254,41.30513132086225,3.658144132102303,33.041556123855194,4.092934876861699,S3_gaming,游戏（高 CPU/GPU 负载）,1.0,5.0,1,cutoff
7860.0,2.183333333333333,0.4126628110667301,41.266281106673006,3.657943940667969,33.04119233573656,4.092934876861699,S3_gaming,游戏（高 CPU/GPU 负载）,1.0,5.0,1,cutoff
7865.0,2.1847222222222222,0.4122742876615907,41.22742876615907,3.6577437347911412,33.04083169764261,4.092934876861699,S3_gaming,游戏（高 CPU/GPU 负载）,1.0,5.0,1,cutoff
7870.0,2.186111111111111,0.4118857429893997,41.18857429893997,3.6575435155267417,33.04047418474966,4.092934876861699,S3_gaming,游戏（高 CPU/GPU 负载）,1.0,5.0,1,cutoff
7875.0,2.1875,0.4114971770464558,41.149717704645575,3.6573432837850572,33.04011977238716,4.092934876861699,S3_gaming,游戏（高 CPU/GPU 负载）,1.0,5.0,1,cutoff
7880.0,2.188888888888889,0.4111085898291467,41.11085898291467,3.6571430403508565,33.03976843604244,4.092934876861699,S3_gaming,游戏（高 CPU/GPU 负载）,1.0,5.0,1,cutoff
7885.0,2.1902777777777778,0.41071998133393695,41.07199813339369,3.6569427858999743,33.039420151364745,4.092934876861699,S3_gaming,游戏（高 CPU/GPU 负载）,1.0,5.0,1,cutoff
7890.0,2.191666666666667,0.41033135155735684,41.033135155735685,3.656742521013718,33.0390748941684,4.092934876861699,S3_gaming,游戏（高 CPU/GPU 负载）,1.0,5.0,1,cutoff
7895.0,2.1930555555555555,0.4099427004959934,40.99427004959934,3.6565422461913633,33.03873264043548,4.092934876861699,S3_gaming,游戏（高 CPU/GPU 负载）,1.0,5.0,1,cutoff
7900.0,2.1944444444444446,0.40955402814648206,40.95540281464821,3.656341961861019,33.03839336631784,4.092934876861699,S3_gaming,游戏（高 CPU/GPU 负载）,1.0,5.0,1,cutoff
7905.0,2.1958333333333333,0.4091653345054997,40.91653345054997,3.656141668389041,33.03805704813876,4.092934876861699,S3_gaming,游戏（高 CPU/GPU 负载）,1.0,5.0,1,cutoff
7910.0,2.1972222222222224,0.40877661956975847,40.87766195697585,3.655941366088217,33.037723662394136,4.092934876861699,S3_gaming,游戏（高 CPU/GPU 负载）,1.0,5.0,1,cutoff
7915.0,2.198611111111111,0.40838788333600073,40.83878833360007,3.6557410552248664,33.037393185753324,4.092934876861699,S3_gaming,游戏（高 CPU/GPU 负载）,1.0,5.0,1,cutoff
7920.0,2.2,0.4079991258009941,40.79991258009941,3.655540736025007,33.0370655950597,4.092934876861699,S3_gaming,游戏（高 CPU/GPU 负载）,1.0,5.0,1,cutoff
7925.0,2.201388888888889,0.40761034696152787,40.761034696152784,3.655340408679706,33.03674086733096,4.092934876861699,S3_gaming,游戏（高 CPU/GPU 负载）,1.0,5.0,1,cutoff
7930.0,2.202777777777778,0.40722154681440914,40.72215468144091,3.6551400733497257,33.0364189797592,4.092934876861699,S3_gaming,游戏（高 CPU/GPU 负载）,1.0,5.0,1,cutoff
7935.0,2.2041666666666666,0.40683272535646015,40.68327253564601,3.6549397301695574,33.036099909710735,4.092934876861699,S3_gaming,游戏（高 CPU/GPU 负载）,1.0,5.0,1,cutoff
7940.0,2.2055555555555557,0.4064438825845155,40.64438825845155,3.654739379250923,33.03578363472589,4.092934876861699,S3_gaming,游戏（高 CPU/GPU 负载）,1.0,5.0,1,cutoff
7945.0,2.2069444444444444,0.40605501849542003,40.605501849542,3.6545390206858146,33.03547013251849,4.092934876861699,S3_gaming,游戏（高 CPU/GPU 负载）,1.0,5.0,1,cutoff
7950.0,2.2083333333333335,0.4056661330860266,40.56661330860266,3.65433865454913,33.03515938097536,4.092934876861699,S3_gaming,游戏（高 CPU/GPU 负载）,1.0,5.0,1,cutoff
7955.0,2.209722222222222,0.4052772263531948,40.52772263531948,3.6541382809009693,33.03485135815561,4.092934876861699,S3_gaming,游戏（高 CPU/GPU 负载）,1.0,5.0,1,cutoff
7960.0,2.2111111111111112,0.4048882982937891,40.48882982937891,3.6539378997886143,33.034546042289946,4.092934876861699,S3_gaming,游戏（高 CPU/GPU 负载）,1.0,5.0,1,cutoff
7965.0,2.2125,0.4044993489046778,40.44993489046778,3.6537375112482637,33.03424341177977,4.092934876861699,S3_gaming,游戏（高 CPU/GPU 负载）,1.0,5.0,1,cutoff
7970.0,2.213888888888889,0.40411037818273204,40.41103781827321,3.6535371153065235,33.033943445196336,4.092934876861699,S3_gaming,游戏（高 CPU/GPU 负载）,1.0,5.0,1,cutoff
7975.0,2.2152777777777777,0.4037213861248245,40.37213861248245,3.653336711981711,33.03364612127979,4.092934876861699,S3_gaming,游戏（高 CPU/GPU 负载）,1.0,5.0,1,cutoff
7980.0,2.216666666666667,0.4033323727278289,40.33323727278289,3.6531363012849845,33.03335141893815,4.092934876861699,S3_gaming,游戏（高 CPU/GPU 负载）,1.0,5.0,1,cutoff
7985.0,2.2180555555555554,0.4029433379886191,40.294333798861906,3.6529358832213155,33.03305931724632,4.092934876861699,S3_gaming,游戏（高 CPU/GPU 负载）,1.0,5.0,1,cutoff
7990.0,2.2194444444444446,0.40255428190406856,40.25542819040685,3.6527354577903486,33.03276979544497,4.092934876861699,S3_gaming,游戏（高 CPU/GPU 负载）,1.0,5.0,1,cutoff
7995.0,2.220833333333333,0.40216520447104986,40.21652044710498,3.6525350249871327,33.03248283293947,4.092934876861699,S3_gaming,游戏（高 CPU/GPU 负载）,1.0,5.0,1,cutoff
8000.0,2.2222222222222223,0.4017761056864342,40.177610568643416,3.6523345848027646,33.03219840929878,4.092934876861699,S3_gaming,游戏（高 CPU/GPU 负载）,1.0,5.0,1,cutoff
8005.0,2.223611111111111,0.40138698554709085,40.13869855470909,3.652134137224941,33.03191650425429,4.092934876861699,S3_gaming,游戏（高 CPU/GPU 负载）,1.0,5.0,1,cutoff
8010.0,2.225,0.40099784404988714,40.09978440498871,3.6519336822384427,33.0316370976987,4.092934876861699,S3_gaming,游戏（高 CPU/GPU 负载）,1.0,5.0,1,cutoff
8015.0,2.2263888888888888,0.40060868119168797,40.060868119168795,3.651733219825556,33.031360169684845,4.092934876861699,S3_gaming,游戏（高 CPU/GPU 负载）,1.0,5.0,1,cutoff
8020.0,2.227777777777778,0.4002194969693555,40.02194969693555,3.651532749966429,33.031085700424526,4.092934876861699,S3_gaming,游戏（高 CPU/GPU 负载）,1.0,5.0,1,cutoff
8025.0,2.2291666666666665,0.3998302913797491,39.98302913797491,3.6513322726393884,33.03081367028735,4.092934876861699,S3_gaming,游戏（高 CPU/GPU 负载）,1.0,5.0,1,cutoff
8030.0,2.2305555555555556,0.39944106441972516,39.944106441972515,3.651131787821217,33.030544059799546,4.092934876861699,S3_gaming,游戏（高 CPU/GPU 负载）,1.0,5.0,1,cutoff
8035.0,2.2319444444444443,0.39905181608613666,39.90518160861367,3.6509312954873874,33.03027684964278,4.092934876861699,S3_gaming,游戏（高 CPU/GPU 负载）,1.0,5.0,1,cutoff
8040.0,2.2333333333333334,0.3986625463758335,39.866254637583346,3.650730795612262,33.030012020653,4.092934876861699,S3_gaming,游戏（高 CPU/GPU 负载）,1.0,5.0,1,cutoff
8045.0,2.234722222222222,0.39827325528566193,39.82732552856619,3.6505302881692825,33.02974955381921,4.092934876861699,S3_gaming,游戏（高 CPU/GPU 负载）,1.0,5.0,1,cutoff
8050.0,2.236111111111111,0.3978839428124648,39.78839428124648,3.650329773131112,33.02948943028235,4.092934876861699,S3_gaming,游戏（高 CPU/GPU 负载）,1.0,5.0,1,cutoff
8055.0,2.2375,0.3974946089530814,39.74946089530814,3.650129250469777,33.02923163133408,4.092934876861699,S3_gaming,游戏（高 CPU/GPU 负载）,1.0,5.0,1,cutoff
8060.0,2.238888888888889,0.39710525370434724,39.71052537043472,3.649928720156782,33.028976138415636,4.092934876861699,S3_gaming,游戏（高 CPU/GPU 负载）,1.0,5.0,1,cutoff
8065.0,2.2402777777777776,0.39671587706309414,39.67158770630942,3.649728182163203,33.028722933116654,4.092934876861699,S3_gaming,游戏（高 CPU/GPU 负载）,1.0,5.0,1,cutoff
8070.0,2.2416666666666667,0.3963264790261502,39.63264790261502,3.649527636459785,33.028471997174016,4.092934876861699,S3_gaming,游戏（高 CPU/GPU 负载）,1.0,5.0,1,cutoff
8075.0,2.2430555555555554,0.39593705959033965,39.59370595903396,3.649327083017007,33.02822331247068,4.092934876861699,S3_gaming,游戏（高 CPU/GPU 负载）,1.0,5.0,1,cutoff
8080.0,2.2444444444444445,0.395547618752483,39.5547618752483,3.649126521805155,33.027976861034546,4.092934876861699,S3_gaming,游戏（高 CPU/GPU 负载）,1.0,5.0,1,cutoff
8085.0,2.245833333333333,0.39515815650939684,39.515815650939686,3.648925952794375,33.027732625037316,4.092934876861699,S3_gaming,游戏（高 CPU/GPU 负载）,1.0,5.0,1,cutoff
8090.0,2.2472222222222222,0.39476867285789397,39.476867285789396,3.648725375954718,33.027490586793355,4.092934876861699,S3_gaming,游戏（高 CPU/GPU 负载）,1.0,5.0,1,cutoff
8095.0,2.248611111111111,0.3943791677947832,39.43791677947832,3.648524791256187,33.027250728758546,4.092934876861699,S3_gaming,游戏（高 CPU/GPU 负载）,1.0,5.0,1,cutoff
8100.0,2.25,0.39398964131686964,39.39896413168697,3.648324198668772,33.0270130335292,4.092934876861699,S3_gaming,游戏（高 CPU/GPU 负载）,1.0,5.0,1,cutoff
8105.0,2.251388888888889,0.3936000934209545,39.360009342095445,3.6481235981624787,33.02677748384092,4.092934876861699,S3_gaming,游戏（高 CPU/GPU 负载）,1.0,5.0,1,cutoff
8110.0,2.2527777777777778,0.39321052410383495,39.321052410383494,3.647922989707359,33.02654406256748,4.092934876861699,S3_gaming,游戏（高 CPU/GPU 负载）,1.0,5.0,1,cutoff
8115.0,2.254166666666667,0.3928209333623045,39.28209333623045,3.647722373273531,33.02631275271979,4.092934876861699,S3_gaming,游戏（高 CPU/GPU 负载）,1.0,5.0,1,cutoff
8120.0,2.2555555555555555,0.3924313211931527,39.24313211931527,3.6475217488312,33.02608353744473,4.092934876861699,S3_gaming,游戏（高 CPU/GPU 负载）,1.0,5.0,1,cutoff
8125.0,2.2569444444444446,0.3920416875931653,39.20416875931653,3.647321116350674,33.025856400024104,4.092934876861699,S3_gaming,游戏（高 CPU/GPU 负载）,1.0,5.0,1,cutoff
8130.0,2.2583333333333333,0.3916520325591242,39.16520325591242,3.6471204758023807,33.02563132387357,4.092934876861699,S3_gaming,游戏（高 CPU/GPU 负载）,1.0,5.0,1,cutoff
8135.0,2.2597222222222224,0.39126235608780735,39.12623560878073,3.6469198271568786,33.02540829254155,4.092934876861699,S3_gaming,游戏（高 CPU/GPU 负载）,1.0,5.0,1,cutoff
8140.0,2.261111111111111,0.39087265817598915,39.08726581759892,3.646719170384868,33.02518728970819,4.092934876861699,S3_gaming,游戏（高 CPU/GPU 负载）,1.0,5.0,1,cutoff
8145.0,2.2625,0.39048293882043994,39.04829388204399,3.6465185054571965,33.024968299184316,4.092934876861699,S3_gaming,游戏（高 CPU/GPU 负载）,1.0,5.0,1,cutoff
8150.0,2.263888888888889,0.39009319801792647,39.00931980179265,3.6463178323448737,33.02475130491035,4.092934876861699,S3_gaming,游戏（高 CPU/GPU 负载）,1.0,5.0,1,cutoff
8155.0,2.265277777777778,0.3897034357652116,38.97034357652116,3.6461171510190695,33.02453629095533,4.092934876861699,S3_gaming,游戏（高 CPU/GPU 负载）,1.0,5.0,1,cutoff
8160.0,2.2666666666666666,0.3893136520590545,38.93136520590545,3.645916461451124,33.02432324151584,4.092934876861699,S3_gaming,游戏（高 CPU/GPU 负载）,1.0,5.0,1,cutoff
8165.0,2.2680555555555557,0.3889238468962105,38.89238468962105,3.6457157636125515,33.024112140915,4.092934876861699,S3_gaming,游戏（高 CPU/GPU 负载）,1.0,5.0,1,cutoff
8170.0,2.2694444444444444,0.3885340202734314,38.853402027343144,3.6455150574750435,33.02390297360148,4.092934876861699,S3_gaming,游戏（高 CPU/GPU 负载）,1.0,5.0,1,cutoff
8175.0,2.2708333333333335,0.38814417218746516,38.81441721874651,3.6453143430104693,33.02369572414846,4.092934876861699,S3_gaming,游戏（高 CPU/GPU 负载）,1.0,5.0,1,cutoff
8180.0,2.272222222222222,0.38775430263505606,38.775430263505605,3.645113620190883,33.02349037725265,4.092934876861699,S3_gaming,游戏（高 CPU/GPU 负载）,1.0,5.0,1,cutoff
8185.0,2.2736111111111112,0.38736441161294477,38.73644116129448,3.644912888988522,33.023286917733316,4.092934876861699,S3_gaming,游戏（高 CPU/GPU 负载）,1.0,5.0,1,cutoff
8190.0,2.275,0.38697449911786824,38.697449911786826,3.644712149375808,33.02308533053127,4.092934876861699,S3_gaming,游戏（高 CPU/GPU 负载）,1.0,5.0,1,cutoff
8195.0,2.276388888888889,0.3865845651465599,38.658456514655995,3.6445114013253503,33.02288560070794,4.092934876861699,S3_gaming,游戏（高 CPU/GPU 负载）,1.0,5.0,1,cutoff
8200.0,2.2777777777777777,0.38619460969574954,38.61946096957495,3.644310644809943,33.02268771344434,4.092934876861699,S3_gaming,游戏（高 CPU/GPU 负载）,1.0,5.0,1,cutoff
8205.0,2.279166666666667,0.38580463276216326,38.58046327621633,3.6441098798025724,33.022491654040195,4.092934876861699,S3_gaming,游戏（高 CPU/GPU 负载）,1.0,5.0,1,cutoff
8210.0,2.2805555555555554,0.38541463434252365,38.541463434252364,3.643909106276405,33.02229740791292,4.092934876861699,S3_gaming,游戏（高 CPU/GPU 负载）,1.0,5.0,1,cutoff
8215.0,2.2819444444444446,0.3850246144335498,38.50246144335498,3.6437083242048027,33.02210496059672,4.092934876861699,S3_gaming,游戏（高 CPU/GPU 负载）,1.0,5.0,1,cutoff
8220.0,2.283333333333333,0.3846345730319572,38.46345730319572,3.6435075335613063,33.02191429774163,4.092934876861699,S3_gaming,游戏（高 CPU/GPU 负载）,1.0,5.0,1,cutoff
8225.0,2.2847222222222223,0.3842445101344578,38.42445101344578,3.64330673431965,33.02172540511261,4.092934876861699,S3_gaming,游戏（高 CPU/GPU 负载）,1.0,5.0,1,cutoff
8230.0,2.286111111111111,0.3838544257377602,38.38544257377602,3.6431059264537478,33.02153826858862,4.092934876861699,S3_gaming,游戏（高 CPU/GPU 负载）,1.0,5.0,1,cutoff
8235.0,2.2875,0.38346431983856927,38.346431983856924,3.6429051099377046,33.02135287416169,4.092934876861699,S3_gaming,游戏（高 CPU/GPU 负载）,1.0,5.0,1,cutoff
8240.0,2.2888888888888888,0.38307419243358665,38.307419243358666,3.6427042847458067,33.02116920793604,4.092934876861699,S3_gaming,游戏（高 CPU/GPU 负载）,1.0,5.0,1,cutoff
8245.0,2.290277777777778,0.38268404351951046,38.26840435195105,3.6425034508525242,33.02098725612716,4.092934876861699,S3_gaming,游戏（高 CPU/GPU 负载）,1.0,5.0,1,cutoff
8250.0,2.2916666666666665,0.38229387309303536,38.22938730930353,3.6423026082325105,33.020807005060924,4.092934876861699,S3_gaming,游戏（高 CPU/GPU 负载）,1.0,5.0,1,cutoff
8255.0,2.2930555555555556,0.3819036811508526,38.19036811508526,3.6421017568606,33.02062844117273,4.092934876861699,S3_gaming,游戏（高 CPU/GPU 负载）,1.0,5.0,1,cutoff
8260.0,2.2944444444444443,0.3815134676896501,38.15134676896501,3.6419008967118085,33.020451551006595,4.092934876861699,S3_gaming,游戏（高 CPU/GPU 负载）,1.0,5.0,1,cutoff
8265.0,2.2958333333333334,0.38112323270611237,38.112323270611235,3.6417000277613307,33.02027632121429,4.092934876861699,S3_gaming,游戏（高 CPU/GPU 负载）,1.0,5.0,1,cutoff
8270.0,2.297222222222222,0.38073297619692054,38.073297619692056,3.6414991499845395,33.02010273855449,4.092934876861699,S3_gaming,游戏（高 CPU/GPU 负载）,1.0,5.0,1,cutoff
8275.0,2.298611111111111,0.3803426981587525,38.03426981587525,3.6412982633569837,33.019930789891916,4.092934876861699,S3_gaming,游戏（高 CPU/GPU 负载）,1.0,5.0,1,cutoff
8280.0,2.3,0.3799523985882827,37.99523985882827,3.641097367854392,33.01976046219646,4.092934876861699,S3_gaming,游戏（高 CPU/GPU 负载）,1.0,5.0,1,cutoff
8285.0,2.301388888888889,0.3795620774821824,37.95620774821824,3.640896463452665,33.01959174254238,4.092934876861699,S3_gaming,游戏（高 CPU/GPU 负载）,1.0,5.0,1,cutoff
8290.0,2.3027777777777776,0.37917173483711947,37.91717348371195,3.640695550127876,33.01942461810745,4.092934876861699,S3_gaming,游戏（高 CPU/GPU 负载）,1.0,5.0,1,cutoff
8295.0,2.3041666666666667,0.37878137064975864,37.87813706497587,3.640494627856272,33.019259076172126,4.092934876861699,S3_gaming,游戏（高 CPU/GPU 负载）,1.0,5.0,1,cutoff
8300.0,2.3055555555555554,0.37839098491676126,37.839098491676125,3.640293696614272,33.01909510411872,4.092934876861699,S3_gaming,游戏（高 CPU/GPU 负载）,1.0,5.0,1,cutoff
8305.0,2.3069444444444445,0.37800057763478556,37.800057763478556,3.6400927563784617,33.0189326894306,4.092934876861699,S3_gaming,游戏（高 CPU/GPU 负载）,1.0,5.0,1,cutoff
8310.0,2.308333333333333,0.37761014880048643,37.76101488004864,3.6398918071255983,33.01877181969137,4.092934876861699,S3_gaming,游戏（高 CPU/GPU 负载）,1.0,5.0,1,cutoff
8315.0,2.3097222222222222,0.3772196984105157,37.721969841051575,3.639690848832605,33.01861248258408,4.092934876861699,S3_gaming,游戏（高 CPU/GPU 负载）,1.0,5.0,1,cutoff
8320.0,2.311111111111111,0.37682922646152195,37.68292264615219,3.6394898814765715,33.0184546658904,4.092934876861699,S3_gaming,游戏（高 CPU/GPU 负载）,1.0,5.0,1,cutoff
8325.0,2.3125,0.37643873295015057,37.643873295015055,3.639288905034752,33.018298357489876,4.092934876861699,S3_gaming,游戏（高 CPU/GPU 负载）,1.0,5.0,1,cutoff
8330.0,2.313888888888889,0.3760482178730438,37.60482178730438,3.639087919484563,33.018143545359095,4.092934876861699,S3_gaming,游戏（高 CPU/GPU 负载）,1.0,5.0,1,cutoff
8335.0,2.3152777777777778,0.3756576812268409,37.56576812268409,3.638886924803585,33.01799021757095,4.092934876861699,S3_gaming,游戏（高 CPU/GPU 负载）,1.0,5.0,1,cutoff
8340.0,2.316666666666667,0.37526712300817777,37.52671230081778,3.6386859209695595,33.017838362293844,4.092934876861699,S3_gaming,游戏（高 CPU/GPU 负载）,1.0,5.0,1,cutoff
8345.0,2.3180555555555555,0.37487654321368735,37.48765432136874,3.638484907960384,33.01768796779095,4.092934876861699,S3_gaming,游戏（高 CPU/GPU 负载）,1.0,5.0,1,cutoff
8350.0,2.3194444444444446,0.3744859418399995,37.44859418399995,3.63828388575412,33.01753902241942,4.092934876861699,S3_gaming,游戏（高 CPU/GPU 负载）,1.0,5.0,1,cutoff
8355.0,2.3208333333333333,0.374095318883741,37.4095318883741,3.638082854328984,33.017391514629665,4.092934876861699,S3_gaming,游戏（高 CPU/GPU 负载）,1.0,5.0,1,cutoff
8360.0,2.3222222222222224,0.3737046743415355,37.37046743415355,3.637881813663346,33.01724543296458,4.092934876861699,S3_gaming,游戏（高 CPU/GPU 负载）,1.0,5.0,1,cutoff
8365.0,2.323611111111111,0.3733140082100037,37.33140082100037,3.637680763735734,33.01710076605881,4.092934876861699,S3_gaming,游戏（高 CPU/GPU 负载）,1.0,5.0,1,cutoff
8370.0,2.325,0.37292332048576327,37.29233204857633,3.637479704524828,33.01695750263804,4.092934876861699,S3_gaming,游戏（高 CPU/GPU 负载）,1.0,5.0,1,cutoff
8375.0,2.326388888888889,0.37253261116542885,37.25326111654289,3.6372786360094613,33.01681563151824,4.092934876861699,S3_gaming,游戏（高 CPU/GPU 负载）,1.0,5.0,1,cutoff
8380.0,2.327777777777778,0.37214188024561207,37.21418802456121,3.637077558168617,33.01667514160494,4.092934876861699,S3_gaming,游戏（高 CPU/GPU 负载）,1.0,5.0,1,cutoff
8385.0,2.3291666666666666,0.37175112772292157,37.17511277229216,3.63687647098143,33.01653602189254,4.092934876861699,S3_gaming,游戏（高 CPU/GPU 负载）,1.0,5.0,1,cutoff
8390.0,2.3305555555555557,0.37136035359396313,37.13603535939632,3.636675374427181,33.01639826146357,4.092934876861699,S3_gaming,游戏（高 CPU/GPU 负载）,1.0,5.0,1,cutoff
8395.0,2.3319444444444444,0.37096955785533947,37.09695578553395,3.636474268485302,33.016261849488,4.092934876861699,S3_gaming,游戏（高 CPU/GPU 负载）,1.0,5.0,1,cutoff
8400.0,2.3333333333333335,0.3705787405036504,37.057874050365044,3.636273153135368,33.016126775222524,4.092934876861699,S3_gaming,游戏（高 CPU/GPU 负载）,1.0,5.0,1,cutoff
8405.0,2.334722222222222,0.37018790153549286,37.01879015354928,3.6360720283571015,33.015993028009895,4.092934876861699,S3_gaming,游戏（高 CPU/GPU 负载）,1.0,5.0,1,cutoff
8410.0,2.3361111111111112,0.3697970409474608,36.97970409474608,3.635870894130368,33.015860597278206,4.092934876861699,S3_gaming,游戏（高 CPU/GPU 负载）,1.0,5.0,1,cutoff
8415.0,2.3375,0.3694061587361454,36.94061587361454,3.635669750435177,33.01572947254022,4.092934876861699,S3_gaming,游戏（高 CPU/GPU 负载）,1.0,5.0,1,cutoff
8420.0,2.338888888888889,0.36901525489813486,36.90152548981349,3.635468597251679,33.015599643392704,4.092934876861699,S3_gaming,游戏（高 CPU/GPU 负载）,1.0,5.0,1,cutoff
8425.0,2.3402777777777777,0.36862432943001455,36.86243294300146,3.635267434560165,33.01547109951572,4.092934876861699,S3_gaming,游戏（高 CPU/GPU 负载）,1.0,5.0,1,cutoff
8430.0,2.341666666666667,0.368233382328367,36.8233382328367,3.6350662623410637,33.015343830672,4.092934876861699,S3_gaming,游戏（高 CPU/GPU 负载）,1.0,5.0,1,cutoff
8435.0,2.3430555555555554,0.3678424135897719,36.78424135897719,3.634865080574947,33.01521782670626,4.092934876861699,S3_gaming,游戏（高 CPU/GPU 负载）,1.0,5.0,1,cutoff
8440.0,2.3444444444444446,0.36745142321080604,36.74514232108061,3.6346638892425203,33.01509307754455,4.092934876861699,S3_gaming,游戏（高 CPU/GPU 负载）,1.0,5.0,1,cutoff
8445.0,2.345833333333333,0.36706041118804356,36.70604111880436,3.6344626883246267,33.014969573193596,4.092934876861699,S3_gaming,游戏（高 CPU/GPU 负载）,1.0,5.0,1,cutoff
8450.0,2.3472222222222223,0.36666937751805573,36.66693775180557,3.634261477802244,33.01484730374017,4.092934876861699,S3_gaming,游戏（高 CPU/GPU 负载）,1.0,5.0,1,cutoff
8455.0,2.348611111111111,0.366278322197411,36.6278322197411,3.634060257656483,33.01472625935043,4.092934876861699,S3_gaming,游戏（高 CPU/GPU 负载）,1.0,5.0,1,cutoff
8460.0,2.35,0.3658872452226752,36.58872452226752,3.633859027868592,33.0146064302693,4.092934876861699,S3_gaming,游戏（高 CPU/GPU 负载）,1.0,5.0,1,cutoff
8465.0,2.3513888888888888,0.36549614659041113,36.54961465904111,3.6336577884199452,33.01448780681984,4.092934876861699,S3_gaming,游戏（高 CPU/GPU 负载）,1.0,5.0,1,cutoff
8470.0,2.352777777777778,0.3651050262971791,36.51050262971791,3.6334565392920504,33.014370379402585,4.092934876861699,S3_gaming,游戏（高 CPU/GPU 负载）,1.0,5.0,1,cutoff
8475.0,2.3541666666666665,0.3647138843395366,36.47138843395366,3.6332552804665452,33.014254138494984,4.092934876861699,S3_gaming,游戏（高 CPU/GPU 负载）,1.0,5.0,1,cutoff
8480.0,2.3555555555555556,0.36432272071403843,36.432272071403844,3.633054011925198,33.014139074650735,4.092934876861699,S3_gaming,游戏（高 CPU/GPU 负载）,1.0,5.0,1,cutoff
8485.0,2.3569444444444443,0.3639315354172366,36.39315354172366,3.6328527336499015,33.0140251784992,4.092934876861699,S3_gaming,游戏（高 CPU/GPU 负载）,1.0,5.0,1,cutoff
8490.0,2.3583333333333334,0.3635403284456805,36.35403284456805,3.6326514456226775,33.013912440744804,4.092934876861699,S3_gaming,游戏（高 CPU/GPU 负载）,1.0,5.0,1,cutoff
8495.0,2.359722222222222,0.3631490997959169,36.31490997959169,3.632450147825671,33.01380085216639,4.092934876861699,S3_gaming,游戏（高 CPU/GPU 负载）,1.0,5.0,1,cutoff
8500.0,2.361111111111111,0.36275784946448986,36.27578494644899,3.6322488402411564,33.01369040361668,4.092934876861699,S3_gaming,游戏（高 CPU/GPU 负载）,1.0,5.0,1,cutoff
8505.0,2.3625,0.3623665774479407,36.23665774479407,3.6320475228515265,33.01358108602165,4.092934876861699,S3_gaming,游戏（高 CPU/GPU 负载）,1.0,5.0,1,cutoff
8510.0,2.363888888888889,0.3619752837428082,36.19752837428082,3.6318461956393,33.013472890379965,4.092934876861699,S3_gaming,游戏（高 CPU/GPU 负载）,1.0,5.0,1,cutoff
8515.0,2.3652777777777776,0.36158396834562845,36.15839683456284,3.6316448585871166,33.01336580776236,4.092934876861699,S3_gaming,游戏（高 CPU/GPU 负载）,1.0,5.0,1,cutoff
8520.0,2.3666666666666667,0.361192631252935,36.1192631252935,3.631443511677738,33.01325982931111,4.092934876861699,S3_gaming,游戏（高 CPU/GPU 负载）,1.0,5.0,1,cutoff
8525.0,2.3680555555555554,0.3608012724612587,36.08012724612587,3.631242154894042,33.01315494623942,4.092934876861699,S3_gaming,游戏（高 CPU/GPU 负载）,1.0,5.0,1,cutoff
8530.0,2.3694444444444445,0.3604098919671279,36.04098919671279,3.6310407882190296,33.01305114983087,4.092934876861699,S3_gaming,游戏（高 CPU/GPU 负载）,1.0,5.0,1,cutoff
8535.0,2.370833333333333,0.36001848976706835,36.00184897670683,3.6308394116358196,33.01294843143887,4.092934876861699,S3_gaming,游戏（高 CPU/GPU 负载）,1.0,5.0,1,cutoff
8540.0,2.3722222222222222,0.3596270658576032,35.962706585760316,3.6306380251276438,33.01284678248607,4.092934876861699,S3_gaming,游戏（高 CPU/GPU 负载）,1.0,5.0,1,cutoff
8545.0,2.373611111111111,0.35923562023525296,35.9235620235253,3.6304366286778524,33.01274619446382,4.092934876861699,S3_gaming,游戏（高 CPU/GPU 负载）,1.0,5.0,1,cutoff
8550.0,2.375,0.35884415289653576,35.884415289653575,3.6302352222699126,33.01264665893163,4.092934876861699,S3_gaming,游戏（高 CPU/GPU 负载）,1.0,5.0,1,cutoff
8555.0,2.376388888888889,0.35845266383796714,35.84526638379671,3.6300338058874018,33.01254816751659,4.092934876861699,S3_gaming,游戏（高 CPU/GPU 负载）,1.0,5.0,1,cutoff
8560.0,2.3777777777777778,0.35806115305606007,35.806115305606006,3.6298323795140153,33.01245071191288,4.092934876861699,S3_gaming,游戏（高 CPU/GPU 负载）,1.0,5.0,1,cutoff
8565.0,2.379166666666667,0.357669620547325,35.766962054732495,3.6296309431335554,33.01235428388118,4.092934876861699,S3_gaming,游戏（高 CPU/GPU 负载）,1.0,5.0,1,cutoff
8570.0,2.3805555555555555,0.3572780663082699,35.72780663082699,3.6294294967299408,33.012258875248186,4.092934876861699,S3_gaming,游戏（高 CPU/GPU 负载）,1.0,5.0,1,cutoff
8575.0,2.3819444444444446,0.3568864903354003,35.68864903354003,3.6292280402871984,33.01216447790605,4.092934876861699,S3_gaming,游戏（高 CPU/GPU 负载）,1.0,5.0,1,cutoff
8580.0,2.3833333333333333,0.3564948926252192,35.649489262521925,3.6290265737894645,33.012071083811854,4.092934876861699,S3_gaming,游戏（高 CPU/GPU 负载）,1.0,5.0,1,cutoff
8585.0,2.3847222222222224,0.3561032731742272,35.610327317422716,3.628825097220987,33.01197868498712,4.092934876861699,S3_gaming,游戏（高 CPU/GPU 负载）,1.0,5.0,1,cutoff
8590.0,2.386111111111111,0.35571163197892225,35.571163197892226,3.628623610566118,33.01188727351726,4.092934876861699,S3_gaming,游戏（高 CPU/GPU 负载）,1.0,5.0,1,cutoff
8595.0,2.3875,0.3553199690358001,35.53199690358001,3.6284221138093176,33.01179684155108,4.092934876861699,S3_gaming,游戏（高 CPU/GPU 负载）,1.0,5.0,1,cutoff
8600.0,2.388888888888889,0.3549282843413539,35.49282843413539,3.628220606935155,33.011707381300276,4.092934876861699,S3_gaming,游戏（高 CPU/GPU 负载）,1.0,5.0,1,cutoff
8605.0,2.390277777777778,0.3545365778920744,35.45365778920744,3.6280190899283005,33.01161888503892,4.092934876861699,S3_gaming,游戏（高 CPU/GPU 负载）,1.0,5.0,1,cutoff
8610.0,2.3916666666666666,0.35414484968445,35.414484968444995,3.627817562773533,33.01153134510298,4.092934876861699,S3_gaming,游戏（高 CPU/GPU 负载）,1.0,5.0,1,cutoff
8615.0,2.3930555555555557,0.3537530997149666,35.37530997149666,3.627616025455733,33.01144475388979,4.092934876861699,S3_gaming,游戏（高 CPU/GPU 负载）,1.0,5.0,1,cutoff
8620.0,2.3944444444444444,0.3533152967411664,35.33152967411664,3.6177609254319654,33.020684319614475,4.561864228444583,S3_gaming,游戏（高 CPU/GPU 负载）,1.0,5.0,1,cutoff
8625.0,2.3958333333333335,0.3528973956972087,35.289739569720865,3.6214609331570347,33.025819852247324,4.358833113752089,S3_gaming,游戏（高 CPU/GPU 负载）,1.0,5.0,1,cutoff
8630.0,2.397222222222222,0.3524805725969286,35.248057259692864,3.6213687716401246,33.030694316702984,4.3474638383754955,S3_gaming,游戏（高 CPU/GPU 负载）,1.0,5.0,1,cutoff
8635.0,2.3986111111111112,0.3520642475085774,35.20642475085774,3.621177083402146,33.035426771441315,4.342028830939376,S3_gaming,游戏（高 CPU/GPU 负载）,1.0,5.0,1,cutoff
8640.0,2.4,0.3516481438568894,35.16481438568894,3.620943095227424,33.04007400098722,4.339430661324142,S3_gaming,游戏（高 CPU/GPU 负载）,1.0,5.0,1,cutoff
8645.0,2.401388888888889,0.35123212998498743,35.123212998498744,3.620693459296254,33.04466306086394,4.338188623400761,S3_gaming,游戏（高 CPU/GPU 负载）,1.0,5.0,1,cutoff
8650.0,2.4027777777777777,0.35081614343887174,35.081614343887175,3.6204403082205627,33.04920682595451,4.337594875327475,S3_gaming,游戏（高 CPU/GPU 负载）,1.0,5.0,1,cutoff
8655.0,2.404166666666667,0.35042410233144927,35.04241023314493,3.625208207460119,33.04886302767814,4.093194834487238,S3_gaming,游戏（高 CPU/GPU 负载）,1.0,5.0,1,cutoff
8660.0,2.4055555555555554,0.3500320642329372,35.00320642329372,3.6251084807146357,33.04851455348865,4.093059147897546,S3_gaming,游戏（高 CPU/GPU 负载）,1.0,5.0,1,cutoff
8665.0,2.4069444444444446,0.3496400206875438,34.96400206875438,3.624994238672587,33.048163518743536,4.092994283814345,S3_gaming,游戏（高 CPU/GPU 负载）,1.0,5.0,1,cutoff
8670.0,2.408333333333333,0.34924796705533195,34.9247967055332,3.62486791873703,33.04781119714472,4.092963275965309,S3_gaming,游戏（高 CPU/GPU 负载）,1.0,5.0,1,cutoff
8675.0,2.4097222222222223,0.34885590059907784,34.885590059907784,3.624731363084175,33.04745842232336,4.092948452866694,S3_gaming,游戏（高 CPU/GPU 负载）,1.0,5.0,1,cutoff
8680.0,2.411111111111111,0.34846381955934363,34.84638195593436,3.6245860400929804,33.04710578515283,4.092941366781738,S3_gaming,游戏（高 CPU/GPU 负载）,1.0,5.0,1,cutoff
8685.0,2.4125,0.34807172270332565,34.807172270332565,3.6244331619654835,33.046753732619486,4.092937979325357,S3_gaming,游戏（高 CPU/GPU 负载）,1.0,5.0,1,cutoff
8690.0,2.4138888888888888,0.3476796091013755,34.76796091013755,3.624273751170418,33.0464026189687,4.092936359974078,S3_gaming,游戏（高 CPU/GPU 负载）,1.0,5.0,1,cutoff
8695.0,2.415277777777778,0.3472874780133904,34.72874780133904,3.62410868107506,33.046052733475456,4.092935585853833,S3_gaming,游戏（高 CPU/GPU 负载）,1.0,5.0,1,cutoff
8700.0,2.4166666666666665,0.3468953288286197,34.68953288286197,3.623938703068477,33.045704316565704,4.092935215790733,S3_gaming,游戏（高 CPU/GPU 负载）,1.0,5.0,1,cutoff
8705.0,2.4180555555555556,0.3465031610317836,34.650316103178355,3.6237644662118655,33.04535756996574,4.092935038884498,S3_gaming,游戏（高 CPU/GPU 负载）,1.0,5.0,1,cutoff
8710.0,2.4194444444444443,0.3461109741824433,34.61109741824433,3.6235865324351852,33.045012663653814,4.092934954315634,S3_gaming,游戏（高 CPU/GPU 负载）,1.0,5.0,1,cutoff
8715.0,2.4208333333333334,0.3457187679012905,34.57187679012905,3.6234053888396636,33.044669740990365,4.092934913888044,S3_gaming,游戏（高 CPU/GPU 负载）,1.0,5.0,1,cutoff
8720.0,2.422222222222222,0.34532654186025236,34.53265418602523,3.623221457952568,33.04432892272741,4.0929348945619,S3_gaming,游戏（高 CPU/GPU 负载）,1.0,5.0,1,cutoff
8725.0,2.423611111111111,0.34493429577486,34.493429577486,3.623035106426461,33.043990310267844,4.092934885323164,S3_gaming,游戏（高 CPU/GPU 负载）,1.0,5.0,1,cutoff
8730.0,2.425,0.34454202939808276,34.454202939808276,3.622846652494267,33.04365398838242,4.092934880906647,S3_gaming,游戏（高 CPU/GPU 负载）,1.0,5.0,1,cutoff
8735.0,2.426388888888889,0.3441497425151935,34.41497425151935,3.622656372394966,33.043320027509445,4.09293487879536,S3_gaming,游戏（高 CPU/GPU 负载）,1.0,5.0,1,cutoff
8740.0,2.4277777777777776,0.3437574349394159,34.37574349394159,3.6224645059299276,33.0429884857193,4.092934877786073,S3_gaming,游戏（高 CPU/GPU 负载）,1.0,5.0,1,cutoff
8745.0,2.4291666666666667,0.34336510650819585,34.336510650819584,3.622271261276089,33.0426594104016,4.092934877303589,S3_gaming,游戏（高 CPU/GPU 负载）,1.0,5.0,1,cutoff
8750.0,2.4305555555555554,0.3429727570799873,34.29727570799873,3.6220768191595294,33.042332839718966,4.092934877072942,S3_gaming,游戏（高 CPU/GPU 负载）,1.0,5.0,1,cutoff
8755.0,2.4319444444444445,0.3425803865314739,34.25803865314739,3.6218813364764,33.04200880386222,4.0929348769626825,S3_gaming,游戏（高 CPU/GPU 负载）,1.0,5.0,1,cutoff
8760.0,2.433333333333333,0.34218799475516154,34.21879947551616,3.621684949435341,33.0416873261354,4.092934876909974,S3_gaming,游戏（高 CPU/GPU 负载）,1.0,5.0,1,cutoff
8765.0,2.4347222222222222,0.34179558165729135,34.179558165729134,3.6214877762850977,33.0413684238946,4.092934876884776,S3_gaming,游戏（高 CPU/GPU 负载）,1.0,5.0,1,cutoff
8770.0,2.436111111111111,0.3414031471560283,34.140314715602834,3.6212899196822694,33.041052109360656,4.0929348768727305,S3_gaming,游戏（高 CPU/GPU 负载）,1.0,5.0,1,cutoff
8775.0,2.4375,0.3410106911798896,34.101069117988956,3.6210914687468216,33.04073839032302,4.092934876866972,S3_gaming,游戏（高 CPU/GPU 负载）,1.0,5.0,1,cutoff
8780.0,2.438888888888889,0.3406182136663798,34.06182136663798,3.6208925008465567,33.040427270749575,4.09293487686422,S3_gaming,游戏（高 CPU/GPU 负载）,1.0,5.0,1,cutoff
8785.0,2.4402777777777778,0.3402257145608065,34.022571456080655,3.620693083146316,33.040118751314985,4.092934876862904,S3_gaming,游戏（高 CPU/GPU 负载）,1.0,5.0,1,cutoff
8790.0,2.441666666666667,0.33983319381525184,33.983319381525185,3.620493273952955,33.03981282985869,4.092934876862275,S3_gaming,游戏（高 CPU/GPU 负载）,1.0,5.0,1,cutoff
8795.0,2.4430555555555555,0.33944065138767926,33.944065138767925,3.620293123883001,33.03950950178186,4.092934876861975,S3_gaming,游戏（高 CPU/GPU 负载）,1.0,5.0,1,cutoff
8800.0,2.4444444444444446,0.3390480872411584,33.904808724115846,3.620092676876399,33.039208760391496,4.092934876861831,S3_gaming,游戏（高 CPU/GPU 负载）,1.0,5.0,1,cutoff
8805.0,2.4458333333333333,0.33865550134319194,33.86555013431919,3.6198919710766098,33.03891059719881,4.0929348768617615,S3_gaming,游戏（高 CPU/GPU 负载）,1.0,5.0,1,cutoff
8810.0,2.4472222222222224,0.3382628936651309,33.82628936651309,3.619691039594701,33.03861500217783,4.092934876861729,S3_gaming,游戏（高 CPU/GPU 负载）,1.0,5.0,1,cutoff
8815.0,2.448611111111111,0.3378702641816673,33.78702641816673,3.6194899111727166,33.03832196398968,4.0929348768617135,S3_gaming,游戏（高 CPU/GPU 负载）,1.0,5.0,1,cutoff
8820.0,2.45,0.3374776128703935,33.74776128703935,3.61928861075959,33.038031470177,4.0929348768617055,S3_gaming,游戏（高 CPU/GPU 负载）,1.0,5.0,1,cutoff
8825.0,2.451388888888889,0.3370849397114195,33.70849397114195,3.619087160011162,33.03774350733247,4.092934876861702,S3_gaming,游戏（高 CPU/GPU 负载）,1.0,5.0,1,cutoff
8830.0,2.452777777777778,0.3366922446870408,33.66922446870408,3.618885577724266,33.03745806124492,4.0929348768617,S3_gaming,游戏（高 CPU/GPU 负载）,1.0,5.0,1,cutoff
8835.0,2.4541666666666666,0.33629952778144995,33.629952778145,3.618683880213614,33.037175117025974,4.092934876861699,S3_gaming,游戏（高 CPU/GPU 负载）,1.0,5.0,1,cutoff
8840.0,2.4555555555555557,0.3359067889804861,33.59067889804861,3.6184820816389833,33.03689465921981,4.092934876861699,S3_gaming,游戏（高 CPU/GPU 负载）,1.0,5.0,1,cutoff
8845.0,2.4569444444444444,0.3355140282714175,33.55140282714175,3.6182801942892993,33.03661667189824,4.092934876861699,S3_gaming,游戏（高 CPU/GPU 负载）,1.0,5.0,1,cutoff
8850.0,2.4583333333333335,0.3351212456427529,33.51212456427529,3.618078228829247,33.036341138743104,4.092934876861699,S3_gaming,游戏（高 CPU/GPU 负载）,1.0,5.0,1,cutoff
8855.0,2.459722222222222,0.33472844108407723,33.47284410840772,3.6178761945133933,33.036068043117645,4.092934876861699,S3_gaming,游戏（高 CPU/GPU 负载）,1.0,5.0,1,cutoff
8860.0,2.4611111111111112,0.3343356145859095,33.43356145859095,3.6176740993720826,33.03579736812825,4.092934876861699,S3_gaming,游戏（高 CPU/GPU 负载）,1.0,5.0,1,cutoff
8865.0,2.4625,0.33394276613957924,33.39427661395792,3.6174719503728228,33.03552909667797,4.092934876861699,S3_gaming,游戏（高 CPU/GPU 负载）,1.0,5.0,1,cutoff
8870.0,2.463888888888889,0.3335498957371191,33.354989573711904,3.6172697535604037,33.035263211512756,4.092934876861699,S3_gaming,游戏（高 CPU/GPU 负载）,1.0,5.0,1,cutoff
8875.0,2.4652777777777777,0.3331570033711716,33.31570033711716,3.617067514178549,33.03499969526147,4.092934876861699,S3_gaming,游戏（高 CPU/GPU 负载）,1.0,5.0,1,cutoff
8880.0,2.466666666666667,0.3327640890349085,33.276408903490854,3.6168652367755274,33.03473853047048,4.092934876861699,S3_gaming,游戏（高 CPU/GPU 负载）,1.0,5.0,1,cutoff
8885.0,2.4680555555555554,0.3323711527219602,33.23711527219602,3.6166629252958447,33.0344796996335,4.092934876861699,S3_gaming,游戏（高 CPU/GPU 负载）,1.0,5.0,1,cutoff
8890.0,2.4694444444444446,0.3319781944263551,33.19781944263551,3.616460583159857,33.034223185217414,4.092934876861699,S3_gaming,游戏（高 CPU/GPU 负载）,1.0,5.0,1,cutoff
8895.0,2.470833333333333,0.33158521414246633,33.158521414246636,3.6162582133328796,33.03396896968445,4.092934876861699,S3_gaming,游戏（高 CPU/GPU 负载）,1.0,5.0,1,cutoff
8900.0,2.4722222222222223,0.331192211864966,33.1192211864966,3.616055818385192,33.03371703551137,4.092934876861699,S3_gaming,游戏（高 CPU/GPU 负载）,1.0,5.0,1,cutoff
8905.0,2.473611111111111,0.3307991875887852,33.07991875887852,3.6158534005441374,33.03346736520593,4.092934876861699,S3_gaming,游戏（高 CPU/GPU 负载）,1.0,5.0,1,cutoff
8910.0,2.475,0.33040614130907936,33.04061413090793,3.6156509617393504,33.03321994132104,4.092934876861699,S3_gaming,游戏（高 CPU/GPU 负载）,1.0,5.0,1,cutoff
8915.0,2.4763888888888888,0.33001307302119814,33.00130730211981,3.6154485036420225,33.03297474646693,4.092934876861699,S3_gaming,游戏（高 CPU/GPU 负载）,1.0,5.0,1,cutoff
8920.0,2.477777777777778,0.3295737890128989,32.95737890128989,3.605561796482464,33.04205993523718,4.561864228444583,S3_gaming,游戏（高 CPU/GPU 负载）,1.0,5.0,1,cutoff
8925.0,2.4791666666666665,0.32915447695562355,32.91544769556236,3.609273173270668,33.04704109732007,4.358833113752089,S3_gaming,游戏（高 CPU/GPU 负载）,1.0,5.0,1,cutoff
8930.0,2.4805555555555556,0.328736246360213,32.8736246360213,3.609180363418157,33.051762397201294,4.3474638383754955,S3_gaming,游戏（高 CPU/GPU 负载）,1.0,5.0,1,cutoff
8935.0,2.4819444444444443,0.32831851526576616,32.831851526576614,3.6089877189981294,33.05634291397357,4.342028830939376,S3_gaming,游戏（高 CPU/GPU 负载）,1.0,5.0,1,cutoff
8940.0,2.4833333333333334,0.3279010061336131,32.79010061336131,3.6087526451802177,33.060839435058824,4.339430661324142,S3_gaming,游戏（高 CPU/GPU 负载）,1.0,5.0,1,cutoff
8945.0,2.484722222222222,0.3274835868519528,32.74835868519528,3.6085018770117574,33.0652790107243,4.338188623400761,S3_gaming,游戏（高 CPU/GPU 负载）,1.0,5.0,1,cutoff
8950.0,2.486111111111111,0.3270661947541873,32.706619475418734,3.6082475846527076,33.069674506959856,4.337594875327475,S3_gaming,游戏（高 CPU/GPU 负载）,1.0,5.0,1,cutoff
8955.0,2.4875,0.326626634411667,32.6626634411667,3.6033512534370726,33.078505737431435,4.561864228444583,S3_gaming,游戏（高 CPU/GPU 负载）,1.0,5.0,1,cutoff
8960.0,2.488888888888889,0.32620707130800203,32.620707130800206,3.6071623002205766,33.083230127633,4.358833113752089,S3_gaming,游戏（高 CPU/GPU 负载）,1.0,5.0,1,cutoff
8965.0,2.4902777777777776,0.32578860108520946,32.57886010852095,3.607155932900697,33.087692441895534,4.3474638383754955,S3_gaming,游戏（高 CPU/GPU 负载）,1.0,5.0,1,cutoff
8970.0,2.4916666666666667,0.32537063997553917,32.537063997553915,3.607038269659034,33.092012309390086,4.342028830939376,S3_gaming,游戏（高 CPU/GPU 负载）,1.0,5.0,1,cutoff
8975.0,2.4930555555555554,0.3249529090314113,32.495290903141125,3.6068682255511892,33.09624700356984,4.339430661324142,S3_gaming,游戏（高 CPU/GPU 负载）,1.0,5.0,1,cutoff
8980.0,2.4944444444444445,0.3245352749897556,32.45352749897556,3.6066738457753478,33.10042400070851,4.338188623400761,S3_gaming,游戏（高 CPU/GPU 负载）,1.0,5.0,1,cutoff
8985.0,2.495833333333333,0.3241176742169414,32.41176742169414,3.6064684381492405,33.10455653841433,4.337594875327475,S3_gaming,游戏（高 CPU/GPU 负载）,1.0,5.0,1,cutoff
8990.0,2.4972222222222222,0.3237241202798996,32.37241202798996,3.611293179327143,33.10380101235522,4.093194834487238,S3_gaming,游戏（高 CPU/GPU 负载）,1.0,5.0,1,cutoff
8995.0,2.498611111111111,0.32333057357187045,32.333057357187045,3.611229611568176,33.103042107623196,4.093059147897546,S3_gaming,游戏（高 CPU/GPU 负载）,1.0,5.0,1,cutoff
9000.0,2.5,0.32289078263978804,32.2890782639788,3.60146341194917,33.111610022991236,4.561864228444583,S3_gaming,游戏（高 CPU/GPU 负载）,1.0,5.0,1,cutoff
9005.0,2.501388888888889,0.32247099999924156,32.24709999992415,3.6052771374161843,33.11607294839823,4.358833113752089,S3_gaming,游戏（高 CPU/GPU 负载）,1.0,5.0,1,cutoff
9010.0,2.5027777777777778,0.32205231110897203,32.2052311108972,3.6052731246366276,33.12027573930018,4.3474638383754955,S3_gaming,游戏（高 CPU/GPU 负载）,1.0,5.0,1,cutoff
9015.0,2.504166666666667,0.3216341318414112,32.16341318414112,3.605157436919984,33.12433803080542,4.342028830939376,S3_gaming,游戏（高 CPU/GPU 负载）,1.0,5.0,1,cutoff
9020.0,2.5055555555555555,0.32121618305861793,32.121618305861794,3.6049890364928636,33.12831709878225,4.339430661324142,S3_gaming,游戏（高 CPU/GPU 负载）,1.0,5.0,1,cutoff
9025.0,2.5069444444444446,0.32079833139047265,32.07983313904727,3.6047960112186743,33.13224041922024,4.338188623400761,S3_gaming,游戏（高 CPU/GPU 负载）,1.0,5.0,1,cutoff
9030.0,2.5083333333333333,0.32038051313820715,32.038051313820716,3.604591706743965,33.13612122728387,4.337594875327475,S3_gaming,游戏（高 CPU/GPU 负载）,1.0,5.0,1,cutoff
9035.0,2.5097222222222224,0.31998675462444043,31.998675462444044,3.6094174041820093,33.13511579199779,4.093194834487238,S3_gaming,游戏（高 CPU/GPU 负载）,1.0,5.0,1,cutoff
9040.0,2.511111111111111,0.3195930034367991,31.959300343679907,3.6093546165813133,33.134108905640275,4.093059147897546,S3_gaming,游戏（高 CPU/GPU 负载）,1.0,5.0,1,cutoff
9045.0,2.5125,0.3191992504696536,31.919925046965357,3.609272148394285,33.133102952191926,4.092994283814345,S3_gaming,游戏（高 CPU/GPU 负载）,1.0,5.0,1,cutoff
9050.0,2.513888888888889,0.31880549053184437,31.88054905318444,3.609173124203759,33.13209942801572,4.092963275965309,S3_gaming,游戏（高 CPU/GPU 负载）,1.0,5.0,1,cutoff
9055.0,2.515277777777778,0.31841172041398924,31.841172041398924,3.609059981452354,33.13109935083683,4.092948452866694,S3_gaming,游戏（高 CPU/GPU 负载）,1.0,5.0,1,cutoff
9060.0,2.5166666666666666,0.31801793794998584,31.801793794998584,3.608934704485336,33.13010346314082,4.092941366781738,S3_gaming,游戏（高 CPU/GPU 负载）,1.0,5.0,1,cutoff
9065.0,2.5180555555555557,0.3176241415557027,31.76241415557027,3.608798952888571,33.12911233608375,4.092937979325357,S3_gaming,游戏（高 CPU/GPU 负载）,1.0,5.0,1,cutoff
9070.0,2.5194444444444444,0.31723032999745976,31.723032999745975,3.608654137122166,33.1281264248337,4.092936359974078,S3_gaming,游戏（高 CPU/GPU 负载）,1.0,5.0,1,cutoff
9075.0,2.5208333333333335,0.31683650227181187,31.683650227181186,3.608501467072872,33.12714609985061,4.092935585853833,S3_gaming,游戏（高 CPU/GPU 负载）,1.0,5.0,1,cutoff
9080.0,2.522222222222222,0.31644265753980017,31.644265753980015,3.608341986023282,33.12617166595463,4.092935215790733,S3_gaming,游戏（高 CPU/GPU 负载）,1.0,5.0,1,cutoff
9085.0,2.5236111111111112,0.31604879508833617,31.604879508833616,3.6081765962286787,33.12520337495946,4.092935038884498,S3_gaming,游戏（高 CPU/GPU 负载）,1.0,5.0,1,cutoff
9090.0,2.525,0.3156549143055056,31.56549143055056,3.60800607924876,33.12424143472416,4.092934954315634,S3_gaming,游戏（高 CPU/GPU 负载）,1.0,5.0,1,cutoff
9095.0,2.526388888888889,0.31526101466335,31.526101466335,3.6078311127016565,33.12328601606436,4.092934913888044,S3_gaming,游戏（高 CPU/GPU 负载）,1.0,5.0,1,cutoff
9100.0,2.5277777777777777,0.31486709570493826,31.486709570493826,3.6076522843787022,33.122337258275735,4.0929348945619,S3_gaming,游戏（高 CPU/GPU 负载）,1.0,5.0,1,cutoff
9105.0,2.529166666666667,0.31447315703410866,31.447315703410865,3.6074701042912922,33.12139527368352,4.092934885323164,S3_gaming,游戏（高 CPU/GPU 负载）,1.0,5.0,1,cutoff
9110.0,2.5305555555555554,0.3140791983070261,31.407919830702607,3.6072850150294276,33.120460151461145,4.092934880906647,S3_gaming,游戏（高 CPU/GPU 负载）,1.0,5.0,1,cutoff
9115.0,2.5319444444444446,0.3136852192250742,31.36852192250742,3.6070974007058325,33.119531960872344,4.09293487879536,S3_gaming,游戏（高 CPU/GPU 负载）,1.0,5.0,1,cutoff
9120.0,2.533333333333333,0.3132912195287911,31.329121952879106,3.6069075946967573,33.11861075404308,4.092934877786073,S3_gaming,游戏（高 CPU/GPU 负载）,1.0,5.0,1,cutoff
9125.0,2.5347222222222223,0.3128971989926556,31.28971989926556,3.60671588635005,33.11769656834154,4.092934877303589,S3_gaming,游戏（高 CPU/GPU 负载）,1.0,5.0,1,cutoff
9130.0,2.536111111111111,0.31250315742058626,31.250315742058625,3.606522526802411,33.11678942842707,4.092934877072942,S3_gaming,游戏（高 CPU/GPU 负载）,1.0,5.0,1,cutoff
9135.0,2.5375,0.31210909464204517,31.210909464204516,3.60632773402613,33.115889348017184,4.0929348769626825,S3_gaming,游戏（高 CPU/GPU 负载）,1.0,5.0,1,cutoff
9140.0,2.5388888888888888,0.31171501050866196,31.171501050866198,3.6061316972083515,33.11499633141328,4.092934876909974,S3_gaming,游戏（高 CPU/GPU 负载）,1.0,5.0,1,cutoff
9145.0,2.540277777777778,0.3113209048913056,31.132090489130558,3.6059345805515735,33.11411037481897,4.092934876884776,S3_gaming,游戏（高 CPU/GPU 负载）,1.0,5.0,1,cutoff
9150.0,2.5416666666666665,0.310926777677544,31.092677767754402,3.6057365265721355,33.11323146748006,4.0929348768727305,S3_gaming,游戏（高 CPU/GPU 负载）,1.0,5.0,1,cutoff
9155.0,2.5430555555555556,0.3105326287694395,31.05326287694395,3.60553765896309,33.11235959267068,4.092934876866972,S3_gaming,游戏（高 CPU/GPU 负载）,1.0,5.0,1,cutoff
9160.0,2.5444444444444443,0.3101384580816349,31.01384580816349,3.60533808507906,33.1114947285466,4.09293487686422,S3_gaming,游戏（高 CPU/GPU 负载）,1.0,5.0,1,cutoff
9165.0,2.5458333333333334,0.30974426553969314,30.974426553969316,3.605137898093024,33.11063684888397,4.092934876862904,S3_gaming,游戏（高 CPU/GPU 负载）,1.0,5.0,1,cutoff
9170.0,2.547222222222222,0.309350051078655,30.9350051078655,3.6049371788683584,33.10978592371877,4.092934876862275,S3_gaming,游戏（高 CPU/GPU 负载）,1.0,5.0,1,cutoff
9175.0,2.548611111111111,0.3089558146417879,30.89558146417879,3.604735997583735,33.10894191990061,4.092934876861975,S3_gaming,游戏（高 CPU/GPU 负载）,1.0,5.0,1,cutoff
9180.0,2.55,0.3085615561794995,30.85615561794995,3.6045344151435166,33.108104801572274,4.092934876861831,S3_gaming,游戏（高 CPU/GPU 负载）,1.0,5.0,1,cutoff
9185.0,2.551388888888889,0.30816727564839447,30.816727564839447,3.6043324844019646,33.10727453058504,4.0929348768617615,S3_gaming,游戏（高 CPU/GPU 负载）,1.0,5.0,1,cutoff
9190.0,2.5527777777777776,0.307772973010456,30.777297301045596,3.6041302512258513,33.10645106685834,4.092934876861729,S3_gaming,游戏（高 CPU/GPU 负载）,1.0,5.0,1,cutoff
9195.0,2.5541666666666667,0.30737864823233485,30.737864823233487,3.6039277554167897,33.10563436869128,4.0929348768617135,S3_gaming,游戏（高 CPU/GPU 负载）,1.0,5.0,1,cutoff
9200.0,2.5555555555555554,0.3069843012847327,30.69843012847327,3.603725031511832,33.10482439303229,4.0929348768617055,S3_gaming,游戏（高 CPU/GPU 负载）,1.0,5.0,1,cutoff
9205.0,2.5569444444444445,0.30658993214186636,30.658993214186637,3.6035221094783756,33.104021095712724,4.092934876861702,S3_gaming,游戏（高 CPU/GPU 负载）,1.0,5.0,1,cutoff
9210.0,2.558333333333333,0.30619554078100303,30.619554078100304,3.603319015317352,33.10322443164897,4.0929348768617,S3_gaming,游戏（高 CPU/GPU 负载）,1.0,5.0,1,cutoff
9215.0,2.5597222222222222,0.30580112718205665,30.580112718205665,3.6031157715867974,33.10243435501742,4.092934876861699,S3_gaming,游戏（高 CPU/GPU 负载）,1.0,5.0,1,cutoff
9220.0,2.561111111111111,0.30540669132723747,30.540669132723746,3.602912397856317,33.10165081940585,4.092934876861699,S3_gaming,游戏（高 CPU/GPU 负载）,1.0,5.0,1,cutoff
9225.0,2.5625,0.305012233200748,30.5012233200748,3.602708911101558,33.1008737779443,4.092934876861699,S3_gaming,游戏（高 CPU/GPU 负载）,1.0,5.0,1,cutoff
9230.0,2.563888888888889,0.30461775278851894,30.461775278851892,3.60250532604663,33.100103183418334,4.092934876861699,S3_gaming,游戏（高 CPU/GPU 负载）,1.0,5.0,1,cutoff
9235.0,2.5652777777777778,0.30422325007798,30.422325007798,3.602301655461313,33.09933898836676,4.092934876861699,S3_gaming,游戏（高 CPU/GPU 负载）,1.0,5.0,1,cutoff
9240.0,2.566666666666667,0.30382872505786096,30.382872505786096,3.6020979104190607,33.098581145166136,4.092934876861699,S3_gaming,游戏（高 CPU/GPU 负载）,1.0,5.0,1,cutoff
9245.0,2.5680555555555555,0.3034341777180189,30.34341777180189,3.6018941005209304,33.097829606103645,4.092934876861699,S3_gaming,游戏（高 CPU/GPU 负载）,1.0,5.0,1,cutoff
9250.0,2.5694444444444446,0.30303960804928826,30.303960804928824,3.6016902340899764,33.09708432343994,4.092934876861699,S3_gaming,游戏（高 CPU/GPU 负载）,1.0,5.0,1,cutoff
9255.0,2.5708333333333333,0.3026450160433508,30.26450160433508,3.6014863183399735,33.09634524946327,4.092934876861699,S3_gaming,游戏（高 CPU/GPU 负载）,1.0,5.0,1,cutoff
9260.0,2.5722222222222224,0.3022504016926225,30.22504016926225,3.6012823595218855,33.095612336536085,4.092934876861699,S3_gaming,游戏（高 CPU/GPU 负载）,1.0,5.0,1,cutoff
9265.0,2.573611111111111,0.3018557649901555,30.18557649901555,3.601078363050993,33.09488553713505,4.092934876861699,S3_gaming,游戏（高 CPU/GPU 负载）,1.0,5.0,1,cutoff
9270.0,2.575,0.301461105929553,30.1461105929553,3.60087433361725,33.09416480388539,4.092934876861699,S3_gaming,游戏（高 CPU/GPU 负载）,1.0,5.0,1,cutoff
9275.0,2.576388888888889,0.3010664245048954,30.10664245048954,3.600670275281076,33.093450089590334,4.092934876861699,S3_gaming,游戏（高 CPU/GPU 负载）,1.0,5.0,1,cutoff
9280.0,2.577777777777778,0.30067172071067605,30.067172071067606,3.600466191556506,33.092741347256236,4.092934876861699,S3_gaming,游戏（高 CPU/GPU 负载）,1.0,5.0,1,cutoff
9285.0,2.5791666666666666,0.30027699454174556,30.027699454174556,3.6002620854833607,33.09203853011402,4.092934876861699,S3_gaming,游戏（高 CPU/GPU 负载）,1.0,5.0,1,cutoff
9290.0,2.5805555555555557,0.29988224599326363,29.98822459932636,3.600057959689905,33.091341591637395,4.092934876861699,S3_gaming,游戏（高 CPU/GPU 负载）,1.0,5.0,1,cutoff
9295.0,2.5819444444444444,0.2994874750606569,29.948747506065693,3.599853816447228,33.0906504855583,4.092934876861699,S3_gaming,游戏（高 CPU/GPU 负载）,1.0,5.0,1,cutoff
9300.0,2.5833333333333335,0.2990926817395828,29.90926817395828,3.5996496577164505,33.08996516587991,4.092934876861699,S3_gaming,游戏（高 CPU/GPU 负载）,1.0,5.0,1,cutoff
9305.0,2.584722222222222,0.29869786602589754,29.869786602589755,3.5994454851896984,33.08928558688757,4.092934876861699,S3_gaming,游戏（高 CPU/GPU 负载）,1.0,5.0,1,cutoff
9310.0,2.5861111111111112,0.29830302791562907,29.830302791562907,3.599241300325679,33.088611703157895,4.092934876861699,S3_gaming,游戏（高 CPU/GPU 负载）,1.0,5.0,1,cutoff
9315.0,2.5875,0.2979081674049531,29.79081674049531,3.599037104380548,33.08794346956631,4.092934876861699,S3_gaming,游戏（高 CPU/GPU 负载）,1.0,5.0,1,cutoff
9320.0,2.588888888888889,0.29751328449017245,29.751328449017244,3.598832898434715,33.08728084129323,4.092934876861699,S3_gaming,游戏（高 CPU/GPU 负载）,1.0,5.0,1,cutoff
9325.0,2.5902777777777777,0.2971183791676992,29.711837916769916,3.598628683416108,33.08662377382903,4.092934876861699,S3_gaming,游戏（高 CPU/GPU 负载）,1.0,5.0,1,cutoff
9330.0,2.591666666666667,0.29672345143403894,29.672345143403895,3.598424460120364,33.085972222978064,4.092934876861699,S3_gaming,游戏（高 CPU/GPU 负载）,1.0,5.0,1,cutoff
9335.0,2.5930555555555554,0.29632850128577753,29.632850128577754,3.5982202292283603,33.0853261448617,4.092934876861699,S3_gaming,游戏（高 CPU/GPU 负载）,1.0,5.0,1,cutoff
9340.0,2.5944444444444446,0.2959335287195693,29.59335287195693,3.598015991321429,33.0846854959207,4.092934876861699,S3_gaming,游戏（高 CPU/GPU 负载）,1.0,5.0,1,cutoff
9345.0,2.595833333333333,0.29553853373212674,29.553853373212675,3.5978117468945623,33.084050232916844,4.092934876861699,S3_gaming,游戏（高 CPU/GPU 负载）,1.0,5.0,1,cutoff
9350.0,2.5972222222222223,0.2951435163202119,29.514351632021192,3.5976074963678824,33.083420312934045,4.092934876861699,S3_gaming,游戏（高 CPU/GPU 负载）,1.0,5.0,1,cutoff
9355.0,2.598611111111111,0.29474847648062863,29.474847648062863,3.597403240096585,33.08279569337895,4.092934876861699,S3_gaming,游戏（高 CPU/GPU 负载）,1.0,5.0,1,cutoff
9360.0,2.6,0.294353414210216,29.435341421021597,3.5971989783795855,33.08217633198112,4.092934876861699,S3_gaming,游戏（高 CPU/GPU 负载）,1.0,5.0,1,cutoff
9365.0,2.6013888888888888,0.2939583295058425,29.39583295058425,3.5969947114670053,33.08156218679283,4.092934876861699,S3_gaming,游戏（高 CPU/GPU 负载）,1.0,5.0,1,cutoff
9370.0,2.602777777777778,0.29356322236440113,29.356322236440114,3.596790439566693,33.080953216188604,4.092934876861699,S3_gaming,游戏（高 CPU/GPU 负载）,1.0,5.0,1,cutoff
9375.0,2.6041666666666665,0.29316809278280503,29.316809278280502,3.5965861628498614,33.0803493788644,4.092934876861699,S3_gaming,游戏（高 CPU/GPU 负载）,1.0,5.0,1,cutoff
9380.0,2.6055555555555556,0.29277294075798377,29.277294075798377,3.5963818814559994,33.079750633836625,4.092934876861699,S3_gaming,游戏（高 CPU/GPU 负载）,1.0,5.0,1,cutoff
9385.0,2.6069444444444443,0.29237776628688006,29.237776628688007,3.596177595497118,33.07915694044094,4.092934876861699,S3_gaming,游戏（高 CPU/GPU 负载）,1.0,5.0,1,cutoff
9390.0,2.6083333333333334,0.29198256936644706,29.198256936644707,3.5959733050614533,33.078568258330854,4.092934876861699,S3_gaming,游戏（高 CPU/GPU 负载）,1.0,5.0,1,cutoff
9395.0,2.609722222222222,0.2915873499936458,29.158734999364576,3.5957690102166686,33.077984547476255,4.092934876861699,S3_gaming,游戏（高 CPU/GPU 负载）,1.0,5.0,1,cutoff
9400.0,2.611111111111111,0.29119210816544305,29.119210816544307,3.595564711012633,33.07740576816172,4.092934876861699,S3_gaming,游戏（高 CPU/GPU 负载）,1.0,5.0,1,cutoff
9405.0,2.6125,0.29079684387880983,29.079684387880985,3.595360407483843,33.0768318809848,4.092934876861699,S3_gaming,游戏（高 CPU/GPU 负载）,1.0,5.0,1,cutoff
9410.0,2.613888888888889,0.29040155713071947,29.040155713071947,3.595156099651512,33.07626284685417,4.092934876861699,S3_gaming,游戏（高 CPU/GPU 负载）,1.0,5.0,1,cutoff
9415.0,2.6152777777777776,0.29000624791814644,29.000624791814644,3.594951787525394,33.07569862698774,4.092934876861699,S3_gaming,游戏（高 CPU/GPU 负载）,1.0,5.0,1,cutoff
9420.0,2.6166666666666667,0.28961091623806506,28.961091623806507,3.5947474711053564,33.075139182910654,4.092934876861699,S3_gaming,游戏（高 CPU/GPU 负载）,1.0,5.0,1,cutoff
9425.0,2.6180555555555554,0.28921556208744864,28.921556208744864,3.594543150382756,33.0745844764533,4.092934876861699,S3_gaming,游戏（高 CPU/GPU 负载）,1.0,5.0,1,cutoff
9430.0,2.6194444444444445,0.28882018546326854,28.882018546326854,3.5943388253416226,33.07403446974924,4.092934876861699,S3_gaming,游戏（高 CPU/GPU 负载）,1.0,5.0,1,cutoff
9435.0,2.620833333333333,0.2884247863624933,28.84247863624933,3.5941344959596906,33.073489125233095,4.092934876861699,S3_gaming,游戏（高 CPU/GPU 负载）,1.0,5.0,1,cutoff
9440.0,2.6222222222222222,0.28802936478208824,28.802936478208824,3.5939301622092956,33.07294840563844,4.092934876861699,S3_gaming,游戏（高 CPU/GPU 负载）,1.0,5.0,1,cutoff
9445.0,2.623611111111111,0.2876339207190147,28.76339207190147,3.5937258240581493,33.07241227399566,4.092934876861699,S3_gaming,游戏（高 CPU/GPU 负载）,1.0,5.0,1,cutoff
9450.0,2.625,0.2872384541702297,28.723845417022968,3.5935214814700123,33.07188069362977,4.092934876861699,S3_gaming,游戏（高 CPU/GPU 负载）,1.0,5.0,1,cutoff
9455.0,2.626388888888889,0.28684296513268537,28.684296513268535,3.5933171344052783,33.07135362815829,4.092934876861699,S3_gaming,游戏（高 CPU/GPU 负载）,1.0,5.0,1,cutoff
9460.0,2.6277777777777778,0.28644745360332885,28.644745360332884,3.5931127828214815,33.07083104148901,4.092934876861699,S3_gaming,游戏（高 CPU/GPU 负载）,1.0,5.0,1,cutoff
9465.0,2.629166666666667,0.28605191957910175,28.605191957910176,3.5929084266737323,33.070312897817836,4.092934876861699,S3_gaming,游戏（高 CPU/GPU 负载）,1.0,5.0,1,cutoff
9470.0,2.6305555555555555,0.28565636305694014,28.565636305694014,3.5927040659151035,33.06979916162662,4.092934876861699,S3_gaming,游戏（高 CPU/GPU 负载）,1.0,5.0,1,cutoff
9475.0,2.6319444444444446,0.2852607840337741,28.526078403377408,3.5924997004969557,33.069289797680945,4.092934876861699,S3_gaming,游戏（高 CPU/GPU 负载）,1.0,5.0,1,cutoff
9480.0,2.6333333333333333,0.2848651825065277,28.48651825065277,3.5922953303692253,33.06878477102797,4.092934876861699,S3_gaming,游戏（高 CPU/GPU 负载）,1.0,5.0,1,cutoff
9485.0,2.6347222222222224,0.28446955847211886,28.446955847211886,3.592090955480671,33.06828404699424,4.092934876861699,S3_gaming,游戏（高 CPU/GPU 负载）,1.0,5.0,1,cutoff
9490.0,2.636111111111111,0.2840739119274591,28.407391192745912,3.591886575779089,33.06778759118354,4.092934876861699,S3_gaming,游戏（高 CPU/GPU 负载）,1.0,5.0,1,cutoff
9495.0,2.6375,0.28367824286945365,28.367824286945364,3.5916821912115013,33.0672953694747,4.092934876861699,S3_gaming,游戏（高 CPU/GPU 负载）,1.0,5.0,1,cutoff
9500.0,2.638888888888889,0.28328255129500113,28.328255129500114,3.5914778017243125,33.06680734801949,4.092934876861699,S3_gaming,游戏（高 CPU/GPU 负载）,1.0,5.0,1,cutoff
9505.0,2.640277777777778,0.28288683720099367,28.288683720099367,3.5912734072634502,33.06632349324044,4.092934876861699,S3_gaming,游戏（高 CPU/GPU 负载）,1.0,5.0,1,cutoff
9510.0,2.6416666666666666,0.28249110058431676,28.249110058431675,3.591069007774488,33.065843771828746,4.092934876861699,S3_gaming,游戏（高 CPU/GPU 负载）,1.0,5.0,1,cutoff
9515.0,2.6430555555555557,0.2820953414418493,28.20953414418493,3.5908646032027463,33.065368150742124,4.092934876861699,S3_gaming,游戏（高 CPU/GPU 负载）,1.0,5.0,1,cutoff
9520.0,2.6444444444444444,0.28169955977046346,28.169955977046346,3.5906601934933833,33.06489659720272,4.092934876861699,S3_gaming,游戏（高 CPU/GPU 负载）,1.0,5.0,1,cutoff
9525.0,2.6458333333333335,0.2813037555670248,28.130375556702482,3.590455778591473,33.06442907869502,4.092934876861699,S3_gaming,游戏（高 CPU/GPU 负载）,1.0,5.0,1,cutoff
9530.0,2.647222222222222,0.28090792882839216,28.090792882839217,3.5902513584420714,33.06396556296377,4.092934876861699,S3_gaming,游戏（高 CPU/GPU 负载）,1.0,5.0,1,cutoff
9535.0,2.6486111111111112,0.28051207955141766,28.051207955141766,3.590046932990275,33.063506018011914,4.092934876861699,S3_gaming,游戏（高 CPU/GPU 负载）,1.0,5.0,1,cutoff
9540.0,2.65,0.2801162077329468,28.01162077329468,3.5898425021812703,33.063050412098534,4.092934876861699,S3_gaming,游戏（高 CPU/GPU 负载）,1.0,5.0,1,cutoff
9545.0,2.651388888888889,0.27972031336981834,27.972031336981836,3.5896380659603744,33.06259871373681,4.092934876861699,S3_gaming,游戏（高 CPU/GPU 负载）,1.0,5.0,1,cutoff
9550.0,2.6527777777777777,0.2793243964588644,27.932439645886443,3.589433624273073,33.062150891692035,4.092934876861699,S3_gaming,游戏（高 CPU/GPU 负载）,1.0,5.0,1,cutoff
9555.0,2.654166666666667,0.2789284569969105,27.892845699691048,3.5892291770650537,33.06170691497955,4.092934876861699,S3_gaming,游戏（高 CPU/GPU 负载）,1.0,5.0,1,cutoff
9560.0,2.6555555555555554,0.27853249498077537,27.85324949807754,3.58902472428223,33.0612667528628,4.092934876861699,S3_gaming,游戏（高 CPU/GPU 负载）,1.0,5.0,1,cutoff
9565.0,2.6569444444444446,0.27813651040727133,27.813651040727134,3.588820265870765,33.06083037485133,4.092934876861699,S3_gaming,游戏（高 CPU/GPU 负载）,1.0,5.0,1,cutoff
9570.0,2.658333333333333,0.27774050327320404,27.774050327320403,3.58861580177709,33.06039775069883,4.092934876861699,S3_gaming,游戏（高 CPU/GPU 负载）,1.0,5.0,1,cutoff
9575.0,2.6597222222222223,0.2773444735753726,27.734447357537263,3.588411331947922,33.0599688504012,4.092934876861699,S3_gaming,游戏（高 CPU/GPU 负载）,1.0,5.0,1,cutoff
9580.0,2.661111111111111,0.2769484213105697,27.69484213105697,3.588206856330277,33.05954364419458,4.092934876861699,S3_gaming,游戏（高 CPU/GPU 负载）,1.0,5.0,1,cutoff
9585.0,2.6625,0.2765523464755813,27.65523464755813,3.588002374871482,33.05912210255345,4.092934876861699,S3_gaming,游戏（高 CPU/GPU 负载）,1.0,5.0,1,cutoff
9590.0,2.6638888888888888,0.27615624906718717,27.615624906718715,3.5877978875191863,33.058704196188756,4.092934876861699,S3_gaming,游戏（高 CPU/GPU 负载）,1.0,5.0,1,cutoff
9595.0,2.665277777777778,0.27576012908216047,27.576012908216047,3.5875933942213645,33.05828989604597,4.092934876861699,S3_gaming,游戏（高 CPU/GPU 负载）,1.0,5.0,1,cutoff
9600.0,2.6666666666666665,0.27536398651726807,27.536398651726806,3.5873888949263257,33.057879173303235,4.092934876861699,S3_gaming,游戏（高 CPU/GPU 负载）,1.0,5.0,1,cutoff
9605.0,2.6680555555555556,0.27496782136927045,27.496782136927045,3.5871843895827236,33.05747199936952,4.092934876861699,S3_gaming,游戏（高 CPU/GPU 负载）,1.0,5.0,1,cutoff
9610.0,2.6694444444444443,0.2745716336349218,27.45716336349218,3.5869798781395517,33.057068345882755,4.092934876861699,S3_gaming,游戏（高 CPU/GPU 负载）,1.0,5.0,1,cutoff
9615.0,2.6708333333333334,0.27417542331097,27.417542331097,3.586775360546154,33.056668184708,4.092934876861699,S3_gaming,游戏（高 CPU/GPU 负载）,1.0,5.0,1,cutoff
9620.0,2.672222222222222,0.27377919039415666,27.377919039415666,3.586570836752222,33.056271487935646,4.092934876861699,S3_gaming,游戏（高 CPU/GPU 负载）,1.0,5.0,1,cutoff
9625.0,2.673611111111111,0.2733829348812172,27.338293488121717,3.586366306707802,33.05587822787959,4.092934876861699,S3_gaming,游戏（高 CPU/GPU 负载）,1.0,5.0,1,cutoff
9630.0,2.675,0.2729866567688808,27.298665676888078,3.586161770363291,33.055488377075456,4.092934876861699,S3_gaming,游戏（高 CPU/GPU 负载）,1.0,5.0,1,cutoff
9635.0,2.676388888888889,0.27259035605387066,27.259035605387066,3.58595722766944,33.05510190827883,4.092934876861699,S3_gaming,游戏（高 CPU/GPU 负载）,1.0,5.0,1,cutoff
9640.0,2.6777777777777776,0.2721940327329037,27.21940327329037,3.5857526785773532,33.054718794463476,4.092934876861699,S3_gaming,游戏（高 CPU/GPU 负载）,1.0,5.0,1,cutoff
9645.0,2.6791666666666667,0.27179768680269095,27.179768680269095,3.5855481230384894,33.05433900881962,4.092934876861699,S3_gaming,游戏（高 CPU/GPU 负载）,1.0,5.0,1,cutoff
9650.0,2.6805555555555554,0.27140131825993724,27.140131825993723,3.585343561004659,33.05396252475219,4.092934876861699,S3_gaming,游戏（高 CPU/GPU 负载）,1.0,5.0,1,cutoff
9655.0,2.6819444444444445,0.27100492710134144,27.100492710134144,3.5851389924280244,33.05358931587911,4.092934876861699,S3_gaming,游戏（高 CPU/GPU 负载）,1.0,5.0,1,cutoff
9660.0,2.683333333333333,0.27060851332359653,27.060851332359654,3.584934417261099,33.05321935602961,4.092934876861699,S3_gaming,游戏（高 CPU/GPU 负载）,1.0,5.0,1,cutoff
9665.0,2.6847222222222222,0.27021207692338955,27.021207692338955,3.5847298354567467,33.05285261924249,4.092934876861699,S3_gaming,游戏（高 CPU/GPU 负载）,1.0,5.0,1,cutoff
9670.0,2.686111111111111,0.26981561789740166,26.981561789740166,3.5845252469681763,33.05248907976451,4.092934876861699,S3_gaming,游戏（高 CPU/GPU 负载）,1.0,5.0,1,cutoff
9675.0,2.6875,0.26941913624230807,26.941913624230807,3.584320651748946,33.05212871204865,4.092934876861699,S3_gaming,游戏（高 CPU/GPU 负载）,1.0,5.0,1,cutoff
9680.0,2.688888888888889,0.26902263195477827,26.902263195477826,3.5841160497529567,33.05177149075251,4.092934876861699,S3_gaming,游戏（高 CPU/GPU 负载）,1.0,5.0,1,cutoff
9685.0,2.6902777777777778,0.268626105031476,26.8626105031476,3.5839114409344535,33.05141739073665,4.092934876861699,S3_gaming,游戏（高 CPU/GPU 负载）,1.0,5.0,1,cutoff
9690.0,2.691666666666667,0.26822955546905913,26.822955546905913,3.5837068252480186,33.051066387062995,4.092934876861699,S3_gaming,游戏（高 CPU/GPU 负载）,1.0,5.0,1,cutoff
9695.0,2.6930555555555555,0.26783298326418,26.783298326418,3.5835022026485763,33.050718454993174,4.092934876861699,S3_gaming,游戏（高 CPU/GPU 负载）,1.0,5.0,1,cutoff
9700.0,2.6944444444444446,0.26743638841348505,26.743638841348506,3.5832975730913845,33.05037356998695,4.092934876861699,S3_gaming,游戏（高 CPU/GPU 负载）,1.0,5.0,1,cutoff
9705.0,2.6958333333333333,0.2670397709136153,26.70397709136153,3.583092936532037,33.05003170770064,4.092934876861699,S3_gaming,游戏（高 CPU/GPU 负载）,1.0,5.0,1,cutoff
9710.0,2.6972222222222224,0.26664313076120605,26.664313076120607,3.5828882929264574,33.049692843985525,4.092934876861699,S3_gaming,游戏（高 CPU/GPU 负载）,1.0,5.0,1,cutoff
9715.0,2.698611111111111,0.26624646795288703,26.624646795288704,3.5826836422309016,33.0493569548863,4.092934876861699,S3_gaming,游戏（高 CPU/GPU 负载）,1.0,5.0,1,cutoff
9720.0,2.7,0.2658497824852824,26.58497824852824,3.5824789844019493,33.049024016639514,4.092934876861699,S3_gaming,游戏（高 CPU/GPU 负载）,1.0,5.0,1,cutoff
9725.0,2.701388888888889,0.2654530743550109,26.54530743550109,3.5822743193965083,33.048694005672054,4.092934876861699,S3_gaming,游戏（高 CPU/GPU 负载）,1.0,5.0,1,cutoff
9730.0,2.702777777777778,0.26505634355868585,26.505634355868583,3.582069647171807,33.04836689859959,4.092934876861699,S3_gaming,游戏（高 CPU/GPU 负载）,1.0,5.0,1,cutoff
9735.0,2.7041666666666666,0.26465959009291495,26.465959009291495,3.581864967685394,33.04804267222509,4.092934876861699,S3_gaming,游戏（高 CPU/GPU 负载）,1.0,5.0,1,cutoff
9740.0,2.7055555555555557,0.2642628139543006,26.426281395430063,3.5816602808951354,33.04772130353731,4.092934876861699,S3_gaming,游戏（高 CPU/GPU 负载）,1.0,5.0,1,cutoff
9745.0,2.7069444444444444,0.26386601513943986,26.386601513943987,3.581455586759214,33.04740276970931,4.092934876861699,S3_gaming,游戏（高 CPU/GPU 负载）,1.0,5.0,1,cutoff
9750.0,2.7083333333333335,0.2634691936449244,26.34691936449244,3.5812508852361247,33.04708704809697,4.092934876861699,S3_gaming,游戏（高 CPU/GPU 负载）,1.0,5.0,1,cutoff
9755.0,2.709722222222222,0.26307234946734054,26.307234946734052,3.581046176284672,33.046774116237536,4.092934876861699,S3_gaming,游戏（高 CPU/GPU 负载）,1.0,5.0,1,cutoff
9760.0,2.7111111111111112,0.26267548260326945,26.267548260326944,3.5808414598639713,33.04646395184817,4.092934876861699,S3_gaming,游戏（高 CPU/GPU 负载）,1.0,5.0,1,cutoff
9765.0,2.7125,0.26227859304928697,26.227859304928696,3.580636735933441,33.046156532824476,4.092934876861699,S3_gaming,游戏（高 CPU/GPU 负载）,1.0,5.0,1,cutoff
9770.0,2.713888888888889,0.2618816808019637,26.188168080196373,3.580432004452805,33.045851837239134,4.092934876861699,S3_gaming,游戏（高 CPU/GPU 负载）,1.0,5.0,1,cutoff
9775.0,2.7152777777777777,0.26148474585786524,26.148474585786524,3.580227265382087,33.04554984334042,4.092934876861699,S3_gaming,游戏（高 CPU/GPU 负载）,1.0,5.0,1,cutoff
9780.0,2.716666666666667,0.2610877882135518,26.108778821355177,3.58002251868161,33.045250529550835,4.092934876861699,S3_gaming,游戏（高 CPU/GPU 负载）,1.0,5.0,1,cutoff
9785.0,2.7180555555555554,0.2606908078655786,26.06908078655786,3.5798177643119935,33.044953874465705,4.092934876861699,S3_gaming,游戏（高 CPU/GPU 负载）,1.0,5.0,1,cutoff
9790.0,2.7194444444444446,0.26029380481049574,26.029380481049575,3.579613002234152,33.04465985685178,4.092934876861699,S3_gaming,游戏（高 CPU/GPU 负载）,1.0,5.0,1,cutoff
9795.0,2.720833333333333,0.2598967790448483,25.989677904484832,3.57940823240929,33.04436845564589,4.092934876861699,S3_gaming,游戏（高 CPU/GPU 负载）,1.0,5.0,1,cutoff
9800.0,2.7222222222222223,0.25949973056517633,25.949973056517635,3.579203454798903,33.04407964995355,4.092934876861699,S3_gaming,游戏（高 CPU/GPU 负载）,1.0,5.0,1,cutoff
9805.0,2.723611111111111,0.25910265936801485,25.910265936801487,3.578998669364773,33.043793419047645,4.092934876861699,S3_gaming,游戏（高 CPU/GPU 负载）,1.0,5.0,1,cutoff
9810.0,2.725,0.25870556544989387,25.870556544989388,3.578793876068968,33.04350974236706,4.092934876861699,S3_gaming,游戏（高 CPU/GPU 负载）,1.0,5.0,1,cutoff
9815.0,2.7263888888888888,0.25830844880733855,25.830844880733856,3.5785890748738374,33.04322859951535,4.092934876861699,S3_gaming,游戏（高 CPU/GPU 负载）,1.0,5.0,1,cutoff
9820.0,2.727777777777778,0.25791130943686913,25.791130943686913,3.5783842657420113,33.042949970259464,4.092934876861699,S3_gaming,游戏（高 CPU/GPU 负载）,1.0,5.0,1,cutoff
9825.0,2.7291666666666665,0.2575141473350009,25.751414733500088,3.5781794486364,33.04267383452837,4.092934876861699,S3_gaming,游戏（高 CPU/GPU 负载）,1.0,5.0,1,cutoff
9830.0,2.7305555555555556,0.25711696249824434,25.711696249824435,3.577974623520187,33.04240017241183,4.092934876861699,S3_gaming,游戏（高 CPU/GPU 负载）,1.0,5.0,1,cutoff
9835.0,2.7319444444444443,0.25671975492310517,25.671975492310516,3.5777697903568324,33.04212896415905,4.092934876861699,S3_gaming,游戏（高 CPU/GPU 负载）,1.0,5.0,1,cutoff
9840.0,2.7333333333333334,0.2563225246060842,25.632252460608417,3.5775649491100654,33.04186019017743,4.092934876861699,S3_gaming,游戏（高 CPU/GPU 负载）,1.0,5.0,1,cutoff
9845.0,2.734722222222222,0.2559252715436775,25.59252715436775,3.5773600997438875,33.04159383103131,4.092934876861699,S3_gaming,游戏（高 CPU/GPU 负载）,1.0,5.0,1,cutoff
9850.0,2.736111111111111,0.2555279957323765,25.55279957323765,3.577155242222566,33.04132986744069,4.092934876861699,S3_gaming,游戏（高 CPU/GPU 负载）,1.0,5.0,1,cutoff
9855.0,2.7375,0.2551306971686678,25.51306971686678,3.576950376510632,33.041068280279994,4.092934876861699,S3_gaming,游戏（高 CPU/GPU 负载）,1.0,5.0,1,cutoff
9860.0,2.738888888888889,0.2547333758490334,25.473337584903337,3.576745502572884,33.04080905057683,4.092934876861699,S3_gaming,游戏（高 CPU/GPU 负载）,1.0,5.0,1,cutoff
9865.0,2.7402777777777776,0.25433603176995057,25.433603176995057,3.576540620374379,33.04055215951078,4.092934876861699,S3_gaming,游戏（高 CPU/GPU 负载）,1.0,5.0,1,cutoff
9870.0,2.7416666666666667,0.25393866492789197,25.393866492789197,3.5763357298804315,33.04029758841216,4.092934876861699,S3_gaming,游戏（高 CPU/GPU 负载）,1.0,5.0,1,cutoff
9875.0,2.7430555555555554,0.2535412753193257,25.35412753193257,3.576130831056615,33.040045318760804,4.092934876861699,S3_gaming,游戏（高 CPU/GPU 负载）,1.0,5.0,1,cutoff
9880.0,2.7444444444444445,0.25314386294071517,25.314386294071518,3.5759259238687595,33.039795332184916,4.092934876861699,S3_gaming,游戏（高 CPU/GPU 负载）,1.0,5.0,1,cutoff
9885.0,2.745833333333333,0.2527464277885194,25.27464277885194,3.5757210082829443,33.03954761045983,4.092934876861699,S3_gaming,游戏（高 CPU/GPU 负载）,1.0,5.0,1,cutoff
9890.0,2.7472222222222222,0.2523489698591928,25.23489698591928,3.575516084265501,33.03930213550685,4.092934876861699,S3_gaming,游戏（高 CPU/GPU 负载）,1.0,5.0,1,cutoff
9895.0,2.748611111111111,0.25195148914918525,25.195148914918526,3.575311151783012,33.0390588893921,4.092934876861699,S3_gaming,游戏（高 CPU/GPU 负载）,1.0,5.0,1,cutoff
9900.0,2.75,0.2515539856549422,25.15539856549422,3.5751062108023035,33.03881785432534,4.092934876861699,S3_gaming,游戏（高 CPU/GPU 负载）,1.0,5.0,1,cutoff
9905.0,2.751388888888889,0.25115645937290465,25.115645937290466,3.574901261290449,33.038579012658815,4.092934876861699,S3_gaming,游戏（高 CPU/GPU 负载）,1.0,5.0,1,cutoff
9910.0,2.7527777777777778,0.25075891029950914,25.075891029950913,3.574696303214763,33.03834234688613,4.092934876861699,S3_gaming,游戏（高 CPU/GPU 负载）,1.0,5.0,1,cutoff
9915.0,2.754166666666667,0.25036133843118785,25.036133843118787,3.5744913365428035,33.038107839641114,4.092934876861699,S3_gaming,游戏（高 CPU/GPU 负载）,1.0,5.0,1,cutoff
9920.0,2.7555555555555555,0.2499637437643686,24.99637437643686,3.5742863612423643,33.03787547369669,4.092934876861699,S3_gaming,游戏（高 CPU/GPU 负载）,1.0,5.0,1,cutoff
9925.0,2.7569444444444446,0.24956612629547484,24.956612629547482,3.5740813772814812,33.03764523196375,4.092934876861699,S3_gaming,游戏（高 CPU/GPU 负载）,1.0,5.0,1,cutoff
9930.0,2.7583333333333333,0.24916848602092564,24.916848602092564,3.573876384628419,33.03741709749009,4.092934876861699,S3_gaming,游戏（高 CPU/GPU 负载）,1.0,5.0,1,cutoff
9935.0,2.7597222222222224,0.24877082293713587,24.87708229371359,3.5736713832516824,33.03719105345928,4.092934876861699,S3_gaming,游戏（高 CPU/GPU 负载）,1.0,5.0,1,cutoff
9940.0,2.761111111111111,0.24837313704051606,24.837313704051606,3.5734663731200036,33.03696708318958,4.092934876861699,S3_gaming,游戏（高 CPU/GPU 负载）,1.0,5.0,1,cutoff
9945.0,2.7625,0.2479754283274725,24.79754283274725,3.5732613542023457,33.03674517013287,4.092934876861699,S3_gaming,游戏（高 CPU/GPU 负载）,1.0,5.0,1,cutoff
9950.0,2.763888888888889,0.24757769679440725,24.757769679440724,3.5730563264678983,33.03652529787357,4.092934876861699,S3_gaming,游戏（高 CPU/GPU 负载）,1.0,5.0,1,cutoff
9955.0,2.765277777777778,0.24717994243771818,24.71799424377182,3.5728512898860814,33.03630745012759,4.092934876861699,S3_gaming,游戏（高 CPU/GPU 负载）,1.0,5.0,1,cutoff
9960.0,2.7666666666666666,0.24678216525379898,24.6782165253799,3.572646244426533,33.03609161074128,4.092934876861699,S3_gaming,游戏（高 CPU/GPU 负载）,1.0,5.0,1,cutoff
9965.0,2.7680555555555557,0.24638436523903917,24.638436523903916,3.57244119005912,33.03587776369037,4.092934876861699,S3_gaming,游戏（高 CPU/GPU 负载）,1.0,5.0,1,cutoff
9970.0,2.7694444444444444,0.24598654238982412,24.598654238982412,3.5722361267539253,33.035665893078956,4.092934876861699,S3_gaming,游戏（高 CPU/GPU 负载）,1.0,5.0,1,cutoff
9975.0,2.7708333333333335,0.2455886967025351,24.55886967025351,3.5720310544812532,33.035455983138434,4.092934876861699,S3_gaming,游戏（高 CPU/GPU 负载）,1.0,5.0,1,cutoff
9980.0,2.772222222222222,0.24519082817354929,24.519082817354928,3.5718259732116233,33.03524801822651,4.092934876861699,S3_gaming,游戏（高 CPU/GPU 负载）,1.0,5.0,1,cutoff
9985.0,2.7736111111111112,0.2447929367992398,24.47929367992398,3.571620882915773,33.0350419828262,4.092934876861699,S3_gaming,游戏（高 CPU/GPU 负载）,1.0,5.0,1,cutoff
9990.0,2.775,0.2443950225759757,24.43950225759757,3.571415783564652,33.034837861544794,4.092934876861699,S3_gaming,游戏（高 CPU/GPU 负载）,1.0,5.0,1,cutoff
9995.0,2.776388888888889,0.24399708550012203,24.399708550012203,3.571210675129422,33.034635639112885,4.092934876861699,S3_gaming,游戏（高 CPU/GPU 负载）,1.0,5.0,1,cutoff
10000.0,2.7777777777777777,0.24359912556803984,24.359912556803984,3.571005557581457,33.03443530038337,4.092934876861699,S3_gaming,游戏（高 CPU/GPU 负载）,1.0,5.0,1,cutoff
10005.0,2.779166666666667,0.24320114277608618,24.320114277608617,3.5708004308923362,33.03423683033047,4.092934876861699,S3_gaming,游戏（高 CPU/GPU 负载）,1.0,5.0,1,cutoff
10010.0,2.7805555555555554,0.24280313712061413,24.280313712061414,3.570595295033849,33.034040214048765,4.092934876861699,S3_gaming,游戏（高 CPU/GPU 负载）,1.0,5.0,1,cutoff
10015.0,2.7819444444444446,0.24240510859797287,24.240510859797286,3.5703901499779884,33.03384543675223,4.092934876861699,S3_gaming,游戏（高 CPU/GPU 负载）,1.0,5.0,1,cutoff
10020.0,2.783333333333333,0.24200705720450763,24.200705720450763,3.570184995696952,33.033652483773274,4.092934876861699,S3_gaming,游戏（高 CPU/GPU 负载）,1.0,5.0,1,cutoff
10025.0,2.7847222222222223,0.24160898293655977,24.16089829365598,3.5699798321631393,33.03346134056179,4.092934876861699,S3_gaming,游戏（高 CPU/GPU 负载）,1.0,5.0,1,cutoff
10030.0,2.786111111111111,0.24121088579046676,24.121088579046678,3.56977465934915,33.03327199268423,4.092934876861699,S3_gaming,游戏（高 CPU/GPU 负载）,1.0,5.0,1,cutoff
10035.0,2.7875,0.24081276576256222,24.081276576256222,3.569569477227784,33.033084425822636,4.092934876861699,S3_gaming,游戏（高 CPU/GPU 负载）,1.0,5.0,1,cutoff
10040.0,2.7888888888888888,0.24041462284917595,24.041462284917596,3.5693642857720356,33.03289862577376,4.092934876861699,S3_gaming,游戏（高 CPU/GPU 负载）,1.0,5.0,1,cutoff
10045.0,2.790277777777778,0.24001645704663388,24.00164570466339,3.5691590849550976,33.03271457844812,4.092934876861699,S3_gaming,游戏（高 CPU/GPU 负载）,1.0,5.0,1,cutoff
10050.0,2.7916666666666665,0.2396182683512582,23.96182683512582,3.568953874750356,33.03253226986909,4.092934876861699,S3_gaming,游戏（高 CPU/GPU 负载）,1.0,5.0,1,cutoff
10055.0,2.7930555555555556,0.23922005675936736,23.922005675936735,3.5687486551313907,33.032351686171985,4.092934876861699,S3_gaming,游戏（高 CPU/GPU 负载）,1.0,5.0,1,cutoff
10060.0,2.7944444444444443,0.23882182226727597,23.882182226727597,3.56854342607197,33.032172813603204,4.092934876861699,S3_gaming,游戏（高 CPU/GPU 负载）,1.0,5.0,1,cutoff
10065.0,2.7958333333333334,0.23842356487129493,23.842356487129493,3.568338187546054,33.0319956385193,4.092934876861699,S3_gaming,游戏（高 CPU/GPU 负载）,1.0,5.0,1,cutoff
10070.0,2.797222222222222,0.23802528456773148,23.802528456773146,3.56813293952779,33.0318201473861,4.092934876861699,S3_gaming,游戏（高 CPU/GPU 负载）,1.0,5.0,1,cutoff
10075.0,2.798611111111111,0.2376269813528891,23.76269813528891,3.567927681991511,33.03164632677787,4.092934876861699,S3_gaming,游戏（高 CPU/GPU 负载）,1.0,5.0,1,cutoff
10080.0,2.8,0.2372286552230676,23.722865522306762,3.5677224149117372,33.031474163376394,4.092934876861699,S3_gaming,游戏（高 CPU/GPU 负载）,1.0,5.0,1,cutoff
10085.0,2.801388888888889,0.2368303061745632,23.683030617456318,3.567517138263171,33.03130364397016,4.092934876861699,S3_gaming,游戏（高 CPU/GPU 负载）,1.0,5.0,1,cutoff
10090.0,2.8027777777777776,0.2364319342036684,23.64319342036684,3.5673118520206972,33.03113475545347,4.092934876861699,S3_gaming,游戏（高 CPU/GPU 负载）,1.0,5.0,1,cutoff
10095.0,2.8041666666666667,0.23603353930667212,23.60335393066721,3.5671065561593815,33.03096748482561,4.092934876861699,S3_gaming,游戏（高 CPU/GPU 负载）,1.0,5.0,1,cutoff
10100.0,2.8055555555555554,0.23563512147985968,23.563512147985968,3.5669012506544675,33.03080181919,4.092934876861699,S3_gaming,游戏（高 CPU/GPU 负载）,1.0,5.0,1,cutoff
10105.0,2.8069444444444445,0.23523668071951281,23.52366807195128,3.566695935481379,33.030637745753374,4.092934876861699,S3_gaming,游戏（高 CPU/GPU 负载）,1.0,5.0,1,cutoff
10110.0,2.808333333333333,0.23483821702190968,23.48382170219097,3.5664906106157135,33.03047525182494,4.092934876861699,S3_gaming,游戏（高 CPU/GPU 负载）,1.0,5.0,1,cutoff
10115.0,2.8097222222222222,0.2344397303833249,23.44397303833249,3.566285276033246,33.03031432481556,4.092934876861699,S3_gaming,游戏（高 CPU/GPU 负载）,1.0,5.0,1,cutoff
10120.0,2.811111111111111,0.2340412208000296,23.40412208000296,3.5660799317099228,33.030154952236956,4.092934876861699,S3_gaming,游戏（高 CPU/GPU 负载）,1.0,5.0,1,cutoff
10125.0,2.8125,0.2336426882682913,23.36426882682913,3.5658745776218637,33.02999712170086,4.092934876861699,S3_gaming,游戏（高 CPU/GPU 负载）,1.0,5.0,1,cutoff
10130.0,2.813888888888889,0.23324413278437411,23.32441327843741,3.5656692137453594,33.02984082091826,4.092934876861699,S3_gaming,游戏（高 CPU/GPU 负载）,1.0,5.0,1,cutoff
10135.0,2.8152777777777778,0.23284555434453866,23.284555434453864,3.5654638400568697,33.029686037698575,4.092934876861699,S3_gaming,游戏（高 CPU/GPU 负载）,1.0,5.0,1,cutoff
10140.0,2.816666666666667,0.23244695294504208,23.244695294504208,3.5652584565330216,33.029532759948886,4.092934876861699,S3_gaming,游戏（高 CPU/GPU 负载）,1.0,5.0,1,cutoff
10145.0,2.8180555555555555,0.2320483285821381,23.204832858213813,3.5650530631506117,33.02938097567313,4.092934876861699,S3_gaming,游戏（高 CPU/GPU 负载）,1.0,5.0,1,cutoff
10150.0,2.8194444444444446,0.23164968125207705,23.164968125207704,3.564847659886598,33.029230672971345,4.092934876861699,S3_gaming,游戏（高 CPU/GPU 负载）,1.0,5.0,1,cutoff
10155.0,2.8208333333333333,0.23125101095110576,23.125101095110576,3.5646422467181056,33.02908184003889,4.092934876861699,S3_gaming,游戏（高 CPU/GPU 负载）,1.0,5.0,1,cutoff
10160.0,2.8222222222222224,0.23085231767546774,23.085231767546773,3.564436823622421,33.0289344651657,4.092934876861699,S3_gaming,游戏（高 CPU/GPU 负载）,1.0,5.0,1,cutoff
10165.0,2.823611111111111,0.23045360142140311,23.04536014214031,3.564231390576994,33.02878853673549,4.092934876861699,S3_gaming,游戏（高 CPU/GPU 负载）,1.0,5.0,1,cutoff
10170.0,2.825,0.23005486218514865,23.005486218514864,3.564025947559431,33.02864404322506,4.092934876861699,S3_gaming,游戏（高 CPU/GPU 负载）,1.0,5.0,1,cutoff
10175.0,2.826388888888889,0.22965609996293776,22.965609996293775,3.5638204945475014,33.02850097320348,4.092934876861699,S3_gaming,游戏（高 CPU/GPU 负载）,1.0,5.0,1,cutoff
10180.0,2.827777777777778,0.22925731475100056,22.925731475100054,3.5636150315191295,33.028359315331414,4.092934876861699,S3_gaming,游戏（高 CPU/GPU 负载）,1.0,5.0,1,cutoff
10185.0,2.8291666666666666,0.22885850654556383,22.885850654556382,3.5634095584523973,33.02821905836036,4.092934876861699,S3_gaming,游戏（高 CPU/GPU 负载）,1.0,5.0,1,cutoff
10190.0,2.8305555555555557,0.2284596753428511,22.845967534285112,3.5632040753255403,33.02808019113191,4.092934876861699,S3_gaming,游戏（高 CPU/GPU 负载）,1.0,5.0,1,cutoff
10195.0,2.8319444444444444,0.2280608211390826,22.80608211390826,3.5629985821169514,33.027942702577064,4.092934876861699,S3_gaming,游戏（高 CPU/GPU 负载）,1.0,5.0,1,cutoff
10200.0,2.8333333333333335,0.22766194393047526,22.766194393047527,3.562793078805172,33.027806581715474,4.092934876861699,S3_gaming,游戏（高 CPU/GPU 负载）,1.0,5.0,1,cutoff
10205.0,2.834722222222222,0.22726304371324282,22.726304371324282,3.5625875653688968,33.027671817654756,4.092934876861699,S3_gaming,游戏（高 CPU/GPU 负载）,1.0,5.0,1,cutoff
10210.0,2.8361111111111112,0.2268641204835958,22.686412048359582,3.562382041786972,33.02753839958979,4.092934876861699,S3_gaming,游戏（高 CPU/GPU 负载）,1.0,5.0,1,cutoff
10215.0,2.8375,0.22646517423774146,22.646517423774146,3.562176508038392,33.027406316801994,4.092934876861699,S3_gaming,游戏（高 CPU/GPU 负载）,1.0,5.0,1,cutoff
10220.0,2.838888888888889,0.2260662049718839,22.60662049718839,3.561970964102296,33.02727555865868,4.092934876861699,S3_gaming,游戏（高 CPU/GPU 负载）,1.0,5.0,1,cutoff
10225.0,2.8402777777777777,0.225667212682224,22.566721268222402,3.561765409957975,33.027146114612314,4.092934876861699,S3_gaming,游戏（高 CPU/GPU 负载）,1.0,5.0,1,cutoff
10230.0,2.841666666666667,0.2252681973649595,22.526819736495952,3.5615598455848616,33.027017974199865,4.092934876861699,S3_gaming,游戏（高 CPU/GPU 负载）,1.0,5.0,1,cutoff
10235.0,2.8430555555555554,0.22486915901628501,22.4869159016285,3.5613542709625357,33.02689112704211,4.092934876861699,S3_gaming,游戏（高 CPU/GPU 负载）,1.0,5.0,1,cutoff
10240.0,2.8444444444444446,0.22447009763239195,22.447009763239194,3.561148686070717,33.02676556284299,4.092934876861699,S3_gaming,游戏（高 CPU/GPU 负载）,1.0,5.0,1,cutoff
10245.0,2.845833333333333,0.22407101320946865,22.407101320946865,3.5609430908892707,33.02664127138891,4.092934876861699,S3_gaming,游戏（高 CPU/GPU 负载）,1.0,5.0,1,cutoff
10250.0,2.8472222222222223,0.2236719057437003,22.36719057437003,3.5607374853982003,33.02651824254811,4.092934876861699,S3_gaming,游戏（高 CPU/GPU 负载）,1.0,5.0,1,cutoff
10255.0,2.848611111111111,0.22327277523126904,22.327277523126902,3.560531869577651,33.02639646626998,4.092934876861699,S3_gaming,游戏（高 CPU/GPU 负载）,1.0,5.0,1,cutoff
10260.0,2.85,0.2228736216683539,22.28736216683539,3.560326243407905,33.02627593258444,4.092934876861699,S3_gaming,游戏（高 CPU/GPU 负载）,1.0,5.0,1,cutoff
10265.0,2.8513888888888888,0.22247444505113084,22.247444505113084,3.560120606869382,33.02615663160127,4.092934876861699,S3_gaming,游戏（高 CPU/GPU 负载）,1.0,5.0,1,cutoff
10270.0,2.852777777777778,0.2220752453757728,22.20752453757728,3.55991495994264,33.02603855350948,4.092934876861699,S3_gaming,游戏（高 CPU/GPU 负载）,1.0,5.0,1,cutoff
10275.0,2.8541666666666665,0.22167602263844965,22.167602263844966,3.5597093026083706,33.02592168857669,4.092934876861699,S3_gaming,游戏（高 CPU/GPU 负载）,1.0,5.0,1,cutoff
10280.0,2.8555555555555556,0.22127677683532826,22.127677683532827,3.559503634847401,33.02580602714846,4.092934876861699,S3_gaming,游戏（高 CPU/GPU 负载）,1.0,5.0,1,cutoff
10285.0,2.8569444444444443,0.22087750796257244,22.087750796257243,3.5592979566406906,33.025691559647726,4.092934876861699,S3_gaming,游戏（高 CPU/GPU 负载）,1.0,5.0,1,cutoff
10290.0,2.8583333333333334,0.22047821601634307,22.047821601634308,3.5590922679693318,33.02557827657412,4.092934876861699,S3_gaming,游戏（高 CPU/GPU 负载）,1.0,5.0,1,cutoff
10295.0,2.859722222222222,0.22007890099279803,22.007890099279802,3.5588865688145463,33.0254661685034,4.092934876861699,S3_gaming,游戏（高 CPU/GPU 负载）,1.0,5.0,1,cutoff
10300.0,2.861111111111111,0.2196795628880922,21.96795628880922,3.558680859157688,33.02535522608681,4.092934876861699,S3_gaming,游戏（高 CPU/GPU 负载）,1.0,5.0,1,cutoff
10305.0,2.8625,0.21928020169837753,21.928020169837755,3.558475138980239,33.0252454400505,4.092934876861699,S3_gaming,游戏（高 CPU/GPU 负载）,1.0,5.0,1,cutoff
10310.0,2.863888888888889,0.218880817419803,21.8880817419803,3.558269408263808,33.0251368011949,4.092934876861699,S3_gaming,游戏（高 CPU/GPU 负载）,1.0,5.0,1,cutoff
10315.0,2.8652777777777776,0.2184814100485147,21.84814100485147,3.558063666990134,33.02502930039415,4.092934876861699,S3_gaming,游戏（高 CPU/GPU 负载）,1.0,5.0,1,cutoff
10320.0,2.8666666666666667,0.21808197958065578,21.808197958065577,3.557857915141078,33.024922928595515,4.092934876861699,S3_gaming,游戏（高 CPU/GPU 负载）,1.0,5.0,1,cutoff
10325.0,2.8680555555555554,0.21768252601236648,21.768252601236647,3.557652152698628,33.024817676818756,4.092934876861699,S3_gaming,游戏（高 CPU/GPU 负载）,1.0,5.0,1,cutoff
10330.0,2.8694444444444445,0.21728304933978415,21.728304933978414,3.5574463796448956,33.02471353615559,4.092934876861699,S3_gaming,游戏（高 CPU/GPU 负载）,1.0,5.0,1,cutoff
10335.0,2.870833333333333,0.21688354955904326,21.688354955904327,3.557240595962116,33.024610497769096,4.092934876861699,S3_gaming,游戏（高 CPU/GPU 负载）,1.0,5.0,1,cutoff
10340.0,2.8722222222222222,0.21648402666627545,21.648402666627543,3.557034801632645,33.02450855289317,4.092934876861699,S3_gaming,游戏（高 CPU/GPU 负载）,1.0,5.0,1,cutoff
10345.0,2.873611111111111,0.21608448065760946,21.608448065760946,3.556828996638961,33.0244076928319,4.092934876861699,S3_gaming,游戏（高 CPU/GPU 负载）,1.0,5.0,1,cutoff
10350.0,2.875,0.2156849115291712,21.568491152917122,3.55662318096366,33.024307908959074,4.092934876861699,S3_gaming,游戏（高 CPU/GPU 负载）,1.0,5.0,1,cutoff
10355.0,2.876388888888889,0.21528531927708378,21.52853192770838,3.5564173545894593,33.02420919271757,4.092934876861699,S3_gaming,游戏（高 CPU/GPU 负载）,1.0,5.0,1,cutoff
10360.0,2.8777777777777778,0.21488570389746742,21.48857038974674,3.556211517499194,33.02411153561883,4.092934876861699,S3_gaming,游戏（高 CPU/GPU 负载）,1.0,5.0,1,cutoff
10365.0,2.879166666666667,0.21448606538643963,21.448606538643965,3.5560056696758147,33.0240149292423,4.092934876861699,S3_gaming,游戏（高 CPU/GPU 负载）,1.0,5.0,1,cutoff
10370.0,2.8805555555555555,0.21408640374011506,21.408640374011505,3.5557998111023896,33.02391936523488,4.092934876861699,S3_gaming,游戏（高 CPU/GPU 负载）,1.0,5.0,1,cutoff
10375.0,2.8819444444444446,0.21368671895460561,21.36867189546056,3.555593941762102,33.0238248353104,4.092934876861699,S3_gaming,游戏（高 CPU/GPU 负载）,1.0,5.0,1,cutoff
10380.0,2.8833333333333333,0.21328701102602038,21.32870110260204,3.5553880616382503,33.023731331249074,4.092934876861699,S3_gaming,游戏（高 CPU/GPU 负载）,1.0,5.0,1,cutoff
10385.0,2.8847222222222224,0.21288727995046575,21.288727995046575,3.5551821707142435,33.023638844896965,4.092934876861699,S3_gaming,游戏（高 CPU/GPU 负载）,1.0,5.0,1,cutoff
10390.0,2.886111111111111,0.21248752572404533,21.248752572404534,3.5549762689736064,33.02354736816547,4.092934876861699,S3_gaming,游戏（高 CPU/GPU 负载）,1.0,5.0,1,cutoff
10395.0,2.8875,0.21208774834286,21.208774834286,3.554770356399974,33.023456893030776,4.092934876861699,S3_gaming,游戏（高 CPU/GPU 负载）,1.0,5.0,1,cutoff
10400.0,2.888888888888889,0.21168794780300793,21.168794780300793,3.5545644329770925,33.02336741153337,4.092934876861699,S3_gaming,游戏（高 CPU/GPU 负载）,1.0,5.0,1,cutoff
10405.0,2.890277777777778,0.21128812410058453,21.128812410058455,3.554358498688816,33.02327891577751,4.092934876861699,S3_gaming,游戏（高 CPU/GPU 负载）,1.0,5.0,1,cutoff
10410.0,2.8916666666666666,0.21088827723168257,21.088827723168258,3.5541525535191103,33.023191397930695,4.092934876861699,S3_gaming,游戏（高 CPU/GPU 负载）,1.0,5.0,1,cutoff
10415.0,2.8930555555555557,0.2104884071923921,21.04884071923921,3.553946597452049,33.023104850223184,4.092934876861699,S3_gaming,游戏（高 CPU/GPU 负载）,1.0,5.0,1,cutoff
10420.0,2.8944444444444444,0.2100885139788005,21.00885139788005,3.55374063047181,33.023019264947486,4.092934876861699,S3_gaming,游戏（高 CPU/GPU 负载）,1.0,5.0,1,cutoff
10425.0,2.8958333333333335,0.20968859758699246,20.968859758699246,3.5535346525626816,33.02293463445787,4.092934876861699,S3_gaming,游戏（高 CPU/GPU 负载）,1.0,5.0,1,cutoff
10430.0,2.897222222222222,0.20928865801305005,20.928865801305005,3.553328663709054,33.02285095116984,4.092934876861699,S3_gaming,游戏（高 CPU/GPU 负载）,1.0,5.0,1,cutoff
10435.0,2.8986111111111112,0.20888869525305265,20.888869525305264,3.553122663895425,33.0227682075597,4.092934876861699,S3_gaming,游戏（高 CPU/GPU 负载）,1.0,5.0,1,cutoff
10440.0,2.9,0.20848870930307706,20.848870930307704,3.5529166531063936,33.022686396164,4.092934876861699,S3_gaming,游戏（高 CPU/GPU 负载）,1.0,5.0,1,cutoff
10445.0,2.901388888888889,0.2080887001591974,20.80887001591974,3.5527106313266654,33.0226055095791,4.092934876861699,S3_gaming,游戏（高 CPU/GPU 负载）,1.0,5.0,1,cutoff
10450.0,2.9027777777777777,0.20768866781748518,20.768866781748518,3.5525045985410424,33.022525540460684,4.092934876861699,S3_gaming,游戏（高 CPU/GPU 负载）,1.0,5.0,1,cutoff
10455.0,2.904166666666667,0.20728861227400935,20.728861227400934,3.5522985547344352,33.02244648152327,4.092934876861699,S3_gaming,游戏（高 CPU/GPU 负载）,1.0,5.0,1,cutoff
10460.0,2.9055555555555554,0.20688853352483624,20.688853352483623,3.5520924998918493,33.02236832553975,4.092934876861699,S3_gaming,游戏（高 CPU/GPU 负载）,1.0,5.0,1,cutoff
10465.0,2.9069444444444446,0.20648843156602958,20.648843156602958,3.5518864339983915,33.02229106534092,4.092934876861699,S3_gaming,游戏（高 CPU/GPU 负载）,1.0,5.0,1,cutoff
10470.0,2.908333333333333,0.20608830639365056,20.608830639365056,3.5516803570392685,33.02221469381502,4.092934876861699,S3_gaming,游戏（高 CPU/GPU 负载）,1.0,5.0,1,cutoff
10475.0,2.9097222222222223,0.20568815800375778,20.568815800375777,3.551474268999786,33.02213920390727,4.092934876861699,S3_gaming,游戏（高 CPU/GPU 负载）,1.0,5.0,1,cutoff
10480.0,2.911111111111111,0.2052879863924073,20.52879863924073,3.5512681698653417,33.02206458861941,4.092934876861699,S3_gaming,游戏（高 CPU/GPU 负载）,1.0,5.0,1,cutoff
10485.0,2.9125,0.20488779155565262,20.48877915556526,3.5510620596214384,33.02199084100924,4.092934876861699,S3_gaming,游戏（高 CPU/GPU 负载）,1.0,5.0,1,cutoff
10490.0,2.9138888888888888,0.20448757348954472,20.448757348954473,3.550855938253667,33.021917954190215,4.092934876861699,S3_gaming,游戏（高 CPU/GPU 负载）,1.0,5.0,1,cutoff
10495.0,2.915277777777778,0.20408733219013203,20.408733219013204,3.550649805747718,33.021845921330936,4.092934876861699,S3_gaming,游戏（高 CPU/GPU 负载）,1.0,5.0,1,cutoff
10500.0,2.9166666666666665,0.20368706765346054,20.368706765346055,3.550443662089374,33.02177473565475,4.092934876861699,S3_gaming,游戏（高 CPU/GPU 负载）,1.0,5.0,1,cutoff
10505.0,2.9180555555555556,0.20328677987557361,20.328677987557363,3.5502375072645114,33.02170439043931,4.092934876861699,S3_gaming,游戏（高 CPU/GPU 负载）,1.0,5.0,1,cutoff
10510.0,2.9194444444444443,0.20288646885251224,20.288646885251225,3.5500313412591007,33.02163487901612,4.092934876861699,S3_gaming,游戏（高 CPU/GPU 负载）,1.0,5.0,1,cutoff
10515.0,2.9208333333333334,0.20248613458031486,20.248613458031485,3.5498251640592033,33.02156619477011,4.092934876861699,S3_gaming,游戏（高 CPU/GPU 负载）,1.0,5.0,1,cutoff
10520.0,2.922222222222222,0.20208577705501743,20.208577705501742,3.5496189756509726,33.02149833113923,4.092934876861699,S3_gaming,游戏（高 CPU/GPU 负载）,1.0,5.0,1,cutoff
10525.0,2.923611111111111,0.20168539627265347,20.168539627265346,3.549412776020652,33.02143128161399,4.092934876861699,S3_gaming,游戏（高 CPU/GPU 负载）,1.0,5.0,1,cutoff
10530.0,2.925,0.201284992229254,20.1284992229254,3.549206565154573,33.02136503973708,4.092934876861699,S3_gaming,游戏（高 CPU/GPU 负载）,1.0,5.0,1,cutoff
10535.0,2.926388888888889,0.20088456492084764,20.088456492084763,3.54900034303916,33.021299599102896,4.092934876861699,S3_gaming,游戏（高 CPU/GPU 负载）,1.0,5.0,1,cutoff
10540.0,2.9277777777777776,0.20048411434346053,20.048411434346054,3.5487941096609235,33.02123495335719,4.092934876861699,S3_gaming,游戏（高 CPU/GPU 负载）,1.0,5.0,1,cutoff
10545.0,2.9291666666666667,0.20008364049311642,20.00836404931164,3.5485878650064615,33.02117109619661,4.092934876861699,S3_gaming,游戏（高 CPU/GPU 负载）,1.0,5.0,1,cutoff
10550.0,2.9305555555555554,0.1996831433658366,19.96831433658366,3.5483816090624605,33.02110802136832,4.092934876861699,S3_gaming,游戏（高 CPU/GPU 负载）,1.0,5.0,1,cutoff
10555.0,2.9319444444444445,0.19928262295763996,19.928262295763997,3.5481753418156905,33.021045722669584,4.092934876861699,S3_gaming,游戏（高 CPU/GPU 负载）,1.0,5.0,1,cutoff
10560.0,2.933333333333333,0.198882079264543,19.8882079264543,3.5479690632530105,33.02098419394736,4.092934876861699,S3_gaming,游戏（高 CPU/GPU 负载）,1.0,5.0,1,cutoff
10565.0,2.9347222222222222,0.19848151228255975,19.848151228255976,3.5477627733613617,33.02092342909793,4.092934876861699,S3_gaming,游戏（高 CPU/GPU 负载）,1.0,5.0,1,cutoff
10570.0,2.936111111111111,0.19808092200770197,19.808092200770197,3.5475564721277717,33.02086342206645,4.092934876861699,S3_gaming,游戏（高 CPU/GPU 负载）,1.0,5.0,1,cutoff
10575.0,2.9375,0.19768030843597895,19.768030843597895,3.547350159539349,33.02080416684662,4.092934876861699,S3_gaming,游戏（高 CPU/GPU 负载）,1.0,5.0,1,cutoff
10580.0,2.938888888888889,0.19727967156339762,19.727967156339762,3.547143835583288,33.020745657480255,4.092934876861699,S3_gaming,游戏（高 CPU/GPU 负载）,1.0,5.0,1,cutoff
10585.0,2.9402777777777778,0.19687901138596262,19.68790113859626,3.546937500246863,33.02068788805692,4.092934876861699,S3_gaming,游戏（高 CPU/GPU 负载）,1.0,5.0,1,cutoff
10590.0,2.941666666666667,0.19647832789967612,19.647832789967612,3.5467311535174315,33.02063085271353,4.092934876861699,S3_gaming,游戏（高 CPU/GPU 负载）,1.0,5.0,1,cutoff
10595.0,2.9430555555555555,0.19607762110053806,19.607762110053805,3.54652479538243,33.02057454563399,4.092934876861699,S3_gaming,游戏（高 CPU/GPU 负载）,1.0,5.0,1,cutoff
10600.0,2.9444444444444446,0.19567689098454594,19.567689098454593,3.5463184258293774,33.02051896104881,4.092934876861699,S3_gaming,游戏（高 CPU/GPU 负载）,1.0,5.0,1,cutoff
10605.0,2.9458333333333333,0.19527613754769502,19.5276137547695,3.5461120448458705,33.020464093234715,4.092934876861699,S3_gaming,游戏（高 CPU/GPU 负载）,1.0,5.0,1,cutoff
10610.0,2.9472222222222224,0.19487536078597817,19.487536078597817,3.5459056524195853,33.02040993651431,4.092934876861699,S3_gaming,游戏（高 CPU/GPU 负载）,1.0,5.0,1,cutoff
10615.0,2.948611111111111,0.19447456069538596,19.447456069538596,3.545699248538278,33.0203564852557,4.092934876861699,S3_gaming,游戏（高 CPU/GPU 负载）,1.0,5.0,1,cutoff
10620.0,2.95,0.1940737372719067,19.40737372719067,3.5454928331897793,33.02030373387208,4.092934876861699,S3_gaming,游戏（高 CPU/GPU 负载）,1.0,5.0,1,cutoff
10625.0,2.951388888888889,0.1936728905115263,19.367289051152632,3.545286406362,33.02025167682146,4.092934876861699,S3_gaming,游戏（高 CPU/GPU 负载）,1.0,5.0,1,cutoff
10630.0,2.952777777777778,0.19327202041022853,19.327202041022854,3.5450799680429257,33.02020030860623,4.092934876861699,S3_gaming,游戏（高 CPU/GPU 负载）,1.0,5.0,1,cutoff
10635.0,2.9541666666666666,0.19287112696399475,19.287112696399475,3.544873518220619,33.02014962377284,4.092934876861699,S3_gaming,游戏（高 CPU/GPU 负载）,1.0,5.0,1,cutoff
10640.0,2.9555555555555557,0.19247021016880408,19.24702101688041,3.544667056883215,33.020099616911445,4.092934876861699,S3_gaming,游戏（高 CPU/GPU 负载）,1.0,5.0,1,cutoff
10645.0,2.9569444444444444,0.19206927002063343,19.206927002063342,3.544460584018927,33.02005028265555,4.092934876861699,S3_gaming,游戏（高 CPU/GPU 负载）,1.0,5.0,1,cutoff
10650.0,2.9583333333333335,0.19166830651545733,19.166830651545734,3.54425409961604,33.02000161568167,4.092934876861699,S3_gaming,游戏（高 CPU/GPU 负载）,1.0,5.0,1,cutoff
10655.0,2.959722222222222,0.19126731964924817,19.12673196492482,3.544047603662914,33.01995361070897,4.092934876861699,S3_gaming,游戏（高 CPU/GPU 负载）,1.0,5.0,1,cutoff
10660.0,2.9611111111111112,0.19086630941797605,19.086630941797605,3.54384109614798,33.01990626249892,4.092934876861699,S3_gaming,游戏（高 CPU/GPU 负载）,1.0,5.0,1,cutoff
10665.0,2.9625,0.19046527581760883,19.046527581760884,3.543634577059743,33.01985956585501,4.092934876861699,S3_gaming,游戏（高 CPU/GPU 负载）,1.0,5.0,1,cutoff
10670.0,2.963888888888889,0.19006421884411215,19.006421884411214,3.543428046386779,33.019813515622324,4.092934876861699,S3_gaming,游戏（高 CPU/GPU 负载）,1.0,5.0,1,cutoff
10675.0,2.9652777777777777,0.1896631384934494,18.96631384934494,3.5432215041177346,33.019768106687295,4.092934876861699,S3_gaming,游戏（高 CPU/GPU 负载）,1.0,5.0,1,cutoff
10680.0,2.966666666666667,0.1892620347615818,18.92620347615818,3.5430149502413273,33.01972333397732,4.092934876861699,S3_gaming,游戏（高 CPU/GPU 负载）,1.0,5.0,1,cutoff
10685.0,2.9680555555555554,0.1888609076444683,18.88609076444683,3.542808384746345,33.01967919246043,4.092934876861699,S3_gaming,游戏（高 CPU/GPU 负载）,1.0,5.0,1,cutoff
10690.0,2.9694444444444446,0.1884597571380657,18.84597571380657,3.542601807621645,33.01963567714501,4.092934876861699,S3_gaming,游戏（高 CPU/GPU 负载）,1.0,5.0,1,cutoff
10695.0,2.970833333333333,0.18805858323832858,18.805858323832858,3.5423952188561527,33.019592783079425,4.092934876861699,S3_gaming,游戏（高 CPU/GPU 负载）,1.0,5.0,1,cutoff
10700.0,2.9722222222222223,0.18765738594120934,18.765738594120933,3.542188618438862,33.01955050535173,4.092934876861699,S3_gaming,游戏（高 CPU/GPU 负载）,1.0,5.0,1,cutoff
10705.0,2.973611111111111,0.1872561652426582,18.72561652426582,3.5419820063588343,33.01950883908935,4.092934876861699,S3_gaming,游戏（高 CPU/GPU 负载）,1.0,5.0,1,cutoff
10710.0,2.975,0.1868549211386232,18.68549211386232,3.5417753826052,33.019467779458736,4.092934876861699,S3_gaming,游戏（高 CPU/GPU 负载）,1.0,5.0,1,cutoff
10715.0,2.9763888888888888,0.1864536536250502,18.64536536250502,3.541568747167154,33.0194273216651,4.092934876861699,S3_gaming,游戏（高 CPU/GPU 负载）,1.0,5.0,1,cutoff
10720.0,2.977777777777778,0.18605236269788292,18.605236269788293,3.5413621000339583,33.01938746095207,4.092934876861699,S3_gaming,游戏（高 CPU/GPU 负载）,1.0,5.0,1,cutoff
10725.0,2.9791666666666665,0.1856510483530629,18.56510483530629,3.54115544119494,33.019348192601385,4.092934876861699,S3_gaming,游戏（高 CPU/GPU 负载）,1.0,5.0,1,cutoff
10730.0,2.9805555555555556,0.18524971058652956,18.524971058652955,3.5409487706394915,33.019309511932605,4.092934876861699,S3_gaming,游戏（高 CPU/GPU 负载）,1.0,5.0,1,cutoff
10735.0,2.9819444444444443,0.18484834939422018,18.48483493942202,3.54074208835707,33.0192714143028,4.092934876861699,S3_gaming,游戏（高 CPU/GPU 负载）,1.0,5.0,1,cutoff
10740.0,2.9833333333333334,0.18444696477206987,18.444696477206985,3.540535394337197,33.01923389510625,4.092934876861699,S3_gaming,游戏（高 CPU/GPU 负载）,1.0,5.0,1,cutoff
10745.0,2.984722222222222,0.1840455567160116,18.404555671601162,3.540328688569456,33.019196949774134,4.092934876861699,S3_gaming,游戏（高 CPU/GPU 负载）,1.0,5.0,1,cutoff
10750.0,2.986111111111111,0.1836441252219763,18.36441252219763,3.540121971043496,33.019160573774265,4.092934876861699,S3_gaming,游戏（高 CPU/GPU 负载）,1.0,5.0,1,cutoff
10755.0,2.9875,0.1832426702858927,18.32426702858927,3.539915241749025,33.019124762610765,4.092934876861699,S3_gaming,游戏（高 CPU/GPU 负载）,1.0,5.0,1,cutoff
10760.0,2.988888888888889,0.18284119190368744,18.284119190368745,3.539708500675817,33.01908951182379,4.092934876861699,S3_gaming,游戏（高 CPU/GPU 负载）,1.0,5.0,1,cutoff
10765.0,2.9902777777777776,0.18243969007128508,18.24396900712851,3.539501747813703,33.019054816989254,4.092934876861699,S3_gaming,游戏（高 CPU/GPU 负载）,1.0,5.0,1,cutoff
10770.0,2.9916666666666667,0.18203816478460805,18.203816478460805,3.5392949831525793,33.0190206737185,4.092934876861699,S3_gaming,游戏（高 CPU/GPU 负载）,1.0,5.0,1,cutoff
10775.0,2.9930555555555554,0.18163661603957673,18.163661603957674,3.539088206682401,33.01898707765807,4.092934876861699,S3_gaming,游戏（高 CPU/GPU 负载）,1.0,5.0,1,cutoff
10780.0,2.9944444444444445,0.18123504383210937,18.123504383210935,3.5388814183931823,33.018954024489375,4.092934876861699,S3_gaming,游戏（高 CPU/GPU 负载）,1.0,5.0,1,cutoff
10785.0,2.995833333333333,0.18083344815812216,18.083344815812215,3.5386746182749973,33.01892150992846,4.092934876861699,S3_gaming,游戏（高 CPU/GPU 负载）,1.0,5.0,1,cutoff
10790.0,2.9972222222222222,0.18043182901352922,18.04318290135292,3.5384678063179797,33.01888952972569,4.092934876861699,S3_gaming,游戏（高 CPU/GPU 负载）,1.0,5.0,1,cutoff
10795.0,2.998611111111111,0.18003018639424256,18.003018639424255,3.538260982512323,33.01885807966549,4.092934876861699,S3_gaming,游戏（高 CPU/GPU 负载）,1.0,5.0,1,cutoff
10800.0,3.0,0.1796285202961722,17.96285202961722,3.5380541468482756,33.018827155566086,4.092934876861699,S3_gaming,游戏（高 CPU/GPU 负载）,1.0,5.0,1,cutoff
10805.0,3.001388888888889,0.17922683071522608,17.92268307152261,3.5378472993161454,33.0187967532792,4.092934876861699,S3_gaming,游戏（高 CPU/GPU 负载）,1.0,5.0,1,cutoff
10810.0,3.0027777777777778,0.17882511764731002,17.882511764731003,3.537640439906298,33.01876686868981,4.092934876861699,S3_gaming,游戏（高 CPU/GPU 负载）,1.0,5.0,1,cutoff
10815.0,3.004166666666667,0.17842338108832786,17.842338108832788,3.537433568609155,33.01873749771588,4.092934876861699,S3_gaming,游戏（高 CPU/GPU 负载）,1.0,5.0,1,cutoff
10820.0,3.0055555555555555,0.17802162103418143,17.802162103418144,3.5372266854151944,33.0187086363081,4.092934876861699,S3_gaming,游戏（高 CPU/GPU 负载）,1.0,5.0,1,cutoff
10825.0,3.0069444444444446,0.17761983748077043,17.761983748077043,3.537019790314949,33.01868028044959,4.092934876861699,S3_gaming,游戏（高 CPU/GPU 负载）,1.0,5.0,1,cutoff
10830.0,3.0083333333333333,0.17721803042399262,17.721803042399262,3.5368128832990084,33.01865242615568,4.092934876861699,S3_gaming,游戏（高 CPU/GPU 负载）,1.0,5.0,1,cutoff
10835.0,3.0097222222222224,0.17681619985974367,17.68161998597437,3.536605964358017,33.01862506947365,4.092934876861699,S3_gaming,游戏（高 CPU/GPU 负载）,1.0,5.0,1,cutoff
10840.0,3.011111111111111,0.1764143457839173,17.641434578391728,3.536399033482673,33.018598206482444,4.092934876861699,S3_gaming,游戏（高 CPU/GPU 负载）,1.0,5.0,1,cutoff
10845.0,3.0125,0.17601246819240515,17.601246819240515,3.536192090663728,33.018571833292434,4.092934876861699,S3_gaming,游戏（高 CPU/GPU 负载）,1.0,5.0,1,cutoff
10850.0,3.013888888888889,0.1756105670810969,17.56105670810969,3.535985135891988,33.01854594604518,4.092934876861699,S3_gaming,游戏（高 CPU/GPU 负载）,1.0,5.0,1,cutoff
10855.0,3.015277777777778,0.1752086424458802,17.52086424458802,3.5357781691583137,33.018520540913165,4.092934876861699,S3_gaming,游戏（高 CPU/GPU 负载）,1.0,5.0,1,cutoff
10860.0,3.0166666666666666,0.1748066942826407,17.48066942826407,3.535571190453615,33.01849561409955,4.092934876861699,S3_gaming,游戏（高 CPU/GPU 负载）,1.0,5.0,1,cutoff
10865.0,3.0180555555555557,0.17435742919492586,17.435742919492586,3.525446903707832,33.02782079140818,4.561864228444583,S3_gaming,游戏（高 CPU/GPU 负载）,1.0,5.0,1,cutoff
10870.0,3.0194444444444444,0.17392861025247464,17.392861025247463,3.529248031858537,33.03303107427992,4.358833113752089,S3_gaming,游戏（高 CPU/GPU 负载）,1.0,5.0,1,cutoff
10875.0,3.0208333333333335,0.17350089672921962,17.35008967292196,3.5291532439488,33.03797944381803,4.3474638383754955,S3_gaming,游戏（高 CPU/GPU 负载）,1.0,5.0,1,cutoff
10880.0,3.022222222222222,0.1730736929351543,17.30736929351543,3.5289562340637257,33.042785217137684,4.342028830939376,S3_gaming,游戏（高 CPU/GPU 负载）,1.0,5.0,1,cutoff
10885.0,3.0236111111111112,0.1726467148161676,17.264671481616762,3.528715785948303,33.04750528906474,4.339430661324142,S3_gaming,游戏（高 CPU/GPU 负载）,1.0,5.0,1,cutoff
10890.0,3.025,0.17221982718626264,17.221982718626265,3.528459275893412,33.052166756795074,4.338188623400761,S3_gaming,游戏（高 CPU/GPU 负载）,1.0,5.0,1,cutoff
10895.0,3.026388888888889,0.17179296594431934,17.179296594431932,3.528199165376393,33.056782505839145,4.337594875327475,S3_gaming,游戏（高 CPU/GPU 负载）,1.0,5.0,1,cutoff
10900.0,3.0277777777777777,0.171390704216575,17.1390704216575,3.5330970580718914,33.05649789927834,4.093194834487238,S3_gaming,游戏（高 CPU/GPU 负载）,1.0,5.0,1,cutoff
10905.0,3.029166666666667,0.17098844504196065,17.098844504196066,3.532994776063473,33.05620788833374,4.093059147897546,S3_gaming,游戏（高 CPU/GPU 负载）,1.0,5.0,1,cutoff
10910.0,3.0305555555555554,0.17058617964959288,17.05861796495929,3.532877567488856,33.055914634777295,4.092994283814345,S3_gaming,游戏（高 CPU/GPU 负载）,1.0,5.0,1,cutoff
10915.0,3.0319444444444446,0.17018390319934745,17.018390319934745,3.5327479376558695,33.055619451510445,4.092963275965309,S3_gaming,游戏（高 CPU/GPU 负载）,1.0,5.0,1,cutoff
10920.0,3.033333333333333,0.1697816128152207,16.97816128152207,3.5326077803167935,33.05532320581986,4.092948452866694,S3_gaming,游戏（高 CPU/GPU 负载）,1.0,5.0,1,cutoff
10925.0,3.0347222222222223,0.16937930663397593,16.937930663397594,3.5324586051180002,33.05502651778199,4.092941366781738,S3_gaming,游戏（高 CPU/GPU 负载）,1.0,5.0,1,cutoff
10930.0,3.036111111111111,0.1689769833406184,16.89769833406184,3.532301658425734,33.0547298599052,4.092937979325357,S3_gaming,游戏（高 CPU/GPU 负载）,1.0,5.0,1,cutoff
10935.0,3.0375,0.16857464193788071,16.857464193788072,3.532137991586893,33.054433608857764,4.092936359974078,S3_gaming,游戏（高 CPU/GPU 负载）,1.0,5.0,1,cutoff
10940.0,3.0388888888888888,0.16817228162869183,16.81722816286918,3.5319685026770853,33.05413807369909,4.092935585853833,S3_gaming,游戏（高 CPU/GPU 负载）,1.0,5.0,1,cutoff
10945.0,3.040277777777778,0.16776990175362463,16.776990175362464,3.531793964372595,33.053843512377796,4.092935215790733,S3_gaming,游戏（高 CPU/GPU 负载）,1.0,5.0,1,cutoff
10950.0,3.0416666666666665,0.1673201560222814,16.732015602228138,3.5216925597271764,33.06290059306149,4.561864228444583,S3_gaming,游戏（高 CPU/GPU 负载）,1.0,5.0,1,cutoff
10955.0,3.0430555555555556,0.1668908822039431,16.68908822039431,3.5255199490755578,33.06784344772217,4.358833113752089,S3_gaming,游戏（高 CPU/GPU 负载）,1.0,5.0,1,cutoff
10960.0,3.0444444444444443,0.16646271770989815,16.646271770989816,3.5254461782522077,33.07252546246997,4.3474638383754955,S3_gaming,游戏（高 CPU/GPU 负载）,1.0,5.0,1,cutoff
10965.0,3.0458333333333334,0.16603506582292757,16.603506582292756,3.525267289519184,33.07706608164218,4.342028830939376,S3_gaming,游戏（高 CPU/GPU 负载）,1.0,5.0,1,cutoff
10970.0,3.047222222222222,0.16560764185761248,16.560764185761247,3.5250424687301485,33.08152230879843,4.339430661324142,S3_gaming,游戏（高 CPU/GPU 负载）,1.0,5.0,1,cutoff
10975.0,3.048611111111111,0.1651803102031893,16.51803102031893,3.5247994302085375,33.08592133412098,4.338188623400761,S3_gaming,游戏（高 CPU/GPU 负载）,1.0,5.0,1,cutoff
10980.0,3.05,0.16475300644820168,16.475300644820166,3.5245509237693238,33.09027612248685,4.337594875327475,S3_gaming,游戏（高 CPU/GPU 负载）,1.0,5.0,1,cutoff
10985.0,3.051388888888889,0.16435032980122516,16.435032980122514,3.5294614781155915,33.08973171887324,4.093194834487238,S3_gaming,游戏（高 CPU/GPU 负载）,1.0,5.0,1,cutoff
10990.0,3.0527777777777776,0.1639476567762504,16.39476567762504,3.5293679341539237,33.089183484621266,4.093059147897546,S3_gaming,游戏（高 CPU/GPU 负载）,1.0,5.0,1,cutoff
10995.0,3.0541666666666667,0.16354497843850468,16.354497843850467,3.5292582158181447,33.088633640493114,4.092994283814345,S3_gaming,游戏（高 CPU/GPU 负载）,1.0,5.0,1,cutoff
11000.0,3.0555555555555554,0.1631422898087529,16.31422898087529,3.5291349947024093,33.08808354737064,4.092963275965309,S3_gaming,游戏（高 CPU/GPU 负载）,1.0,5.0,1,cutoff
11005.0,3.0569444444444445,0.16273958789180867,16.273958789180867,3.5290003086390516,33.08753411126144,4.092948452866694,S3_gaming,游戏（高 CPU/GPU 负载）,1.0,5.0,1,cutoff
11010.0,3.058333333333333,0.1623368707217912,16.23368707217912,3.5288557921643022,33.08698598315054,4.092941366781738,S3_gaming,游戏（高 CPU/GPU 负载）,1.0,5.0,1,cutoff
11015.0,3.0597222222222222,0.16193413689504943,16.193413689504943,3.52870279992444,33.08643965984574,4.092937979325357,S3_gaming,游戏（高 CPU/GPU 负载）,1.0,5.0,1,cutoff
11020.0,3.061111111111111,0.16153138533762107,16.153138533762107,3.5285424771574165,33.08589553671104,4.092936359974078,S3_gaming,游戏（高 CPU/GPU 负载）,1.0,5.0,1,cutoff
11025.0,3.0625,0.16112861518603247,16.112861518603246,3.528375803358778,33.08535393674167,4.092935585853833,S3_gaming,游戏（高 CPU/GPU 负载）,1.0,5.0,1,cutoff
11030.0,3.063888888888889,0.16072582572334126,16.072582572334127,3.5282036218129167,33.08481512777272,4.092935215790733,S3_gaming,游戏（高 CPU/GPU 负载）,1.0,5.0,1,cutoff
11035.0,3.0652777777777778,0.16032301634250812,16.03230163425081,3.5280266612253484,33.08427933354369,4.092935038884498,S3_gaming,游戏（高 CPU/GPU 负载）,1.0,5.0,1,cutoff
11040.0,3.066666666666667,0.1599201865236319,15.99201865236319,3.5278455525876495,33.08374674142497,4.092934954315634,S3_gaming,游戏（高 CPU/GPU 负载）,1.0,5.0,1,cutoff
11045.0,3.0680555555555555,0.15951733581850536,15.951733581850537,3.5276608429028777,33.08321750820729,4.092934913888044,S3_gaming,游戏（高 CPU/GPU 负载）,1.0,5.0,1,cutoff
11050.0,3.0694444444444446,0.15911446383927186,15.911446383927185,3.5274730066631967,33.08269176467376,4.0929348945619,S3_gaming,游戏（高 CPU/GPU 负载）,1.0,5.0,1,cutoff
11055.0,3.0708333333333333,0.15871157024956514,15.871157024956513,3.527282455604512,33.08216961934048,4.092934885323164,S3_gaming,游戏（高 CPU/GPU 负载）,1.0,5.0,1,cutoff
11060.0,3.0722222222222224,0.15830865475728906,15.830865475728906,3.527089547074548,33.081651161586144,4.092934880906647,S3_gaming,游戏（高 CPU/GPU 负载）,1.0,5.0,1,cutoff
11065.0,3.073611111111111,0.15790571710857498,15.790571710857499,3.5268945912494343,33.08113646430604,4.09293487879536,S3_gaming,游戏（高 CPU/GPU 负载）,1.0,5.0,1,cutoff
11070.0,3.075,0.15750275708264377,15.750275708264377,3.5266978573756522,33.080625586181164,4.092934877786073,S3_gaming,游戏（高 CPU/GPU 负载）,1.0,5.0,1,cutoff
11075.0,3.076388888888889,0.15709977448739657,15.709977448739657,3.5264995791777847,33.080118573627566,4.092934877303589,S3_gaming,游戏（高 CPU/GPU 负载）,1.0,5.0,1,cutoff
11080.0,3.077777777777778,0.15669676915561145,15.669676915561146,3.526299959547858,33.07961546247604,4.092934877072942,S3_gaming,游戏（高 CPU/GPU 负载）,1.0,5.0,1,cutoff
11085.0,3.0791666666666666,0.1562937409416534,15.62937409416534,3.5260991746137056,33.079116279422074,4.0929348769626825,S3_gaming,游戏（高 CPU/GPU 负载）,1.0,5.0,1,cutoff
11090.0,3.0805555555555557,0.1558906897186234,15.589068971862341,3.5258973772695947,33.078621043278964,4.092934876909974,S3_gaming,游戏（高 CPU/GPU 负载）,1.0,5.0,1,cutoff
11095.0,3.0819444444444444,0.15548761537588604,15.548761537588604,3.5256947002406513,33.07812976606176,4.092934876884776,S3_gaming,游戏（高 CPU/GPU 负载）,1.0,5.0,1,cutoff
11100.0,3.0833333333333335,0.15508451781692428,15.508451781692429,3.5254912587428753,33.0776424539253,4.0929348768727305,S3_gaming,游戏（高 CPU/GPU 负载）,1.0,5.0,1,cutoff
11105.0,3.084722222222222,0.15468139695747754,15.468139695747753,3.5252871527922176,33.07715910797644,4.092934876866972,S3_gaming,游戏（高 CPU/GPU 负载）,1.0,5.0,1,cutoff
11110.0,3.0861111111111112,0.15427825272392548,15.427825272392548,3.5250824692090816,33.07667972497746,4.09293487686422,S3_gaming,游戏（高 CPU/GPU 负载）,1.0,5.0,1,cutoff
11115.0,3.0875,0.15387508505188494,15.387508505188494,3.524877283358451,33.076204297955435,4.092934876862904,S3_gaming,游戏（高 CPU/GPU 负载）,1.0,5.0,1,cutoff
11120.0,3.088888888888889,0.15347189388499177,15.347189388499178,3.524671660660518,33.0757328167302,4.092934876862275,S3_gaming,游戏（高 CPU/GPU 负载）,1.0,5.0,1,cutoff
11125.0,3.0902777777777777,0.15306867917384331,15.30686791738433,3.524465657902093,33.0752652683719,4.092934876861975,S3_gaming,游戏（高 CPU/GPU 负载）,1.0,5.0,1,cutoff
11130.0,3.091666666666667,0.15266544087508016,15.266544087508017,3.5242593243750817,33.074801637597474,4.092934876861831,S3_gaming,游戏（高 CPU/GPU 负载）,1.0,5.0,1,cutoff
11135.0,3.0930555555555554,0.15226217895058905,15.226217895058905,3.5240527028648154,33.07434190711431,4.0929348768617615,S3_gaming,游戏（高 CPU/GPU 负载）,1.0,5.0,1,cutoff
11140.0,3.0944444444444446,0.15185889336681072,15.185889336681072,3.5238458305080584,33.073886057918074,4.092934876861729,S3_gaming,游戏（高 CPU/GPU 负载）,1.0,5.0,1,cutoff
11145.0,3.095833333333333,0.1514555840941389,15.145558409413889,3.5236387395378714,33.07343406955084,4.0929348768617135,S3_gaming,游戏（高 CPU/GPU 负载）,1.0,5.0,1,cutoff
11150.0,3.0972222222222223,0.15105225110639864,15.105225110639864,3.5234314579302475,33.07298592032482,4.0929348768617055,S3_gaming,游戏（高 CPU/GPU 负载）,1.0,5.0,1,cutoff
11155.0,3.098611111111111,0.15064889438039336,15.064889438039335,3.5232240099654835,33.07254158751618,4.092934876861702,S3_gaming,游戏（高 CPU/GPU 负载）,1.0,5.0,1,cutoff
11160.0,3.1,0.1502455138955115,15.02455138955115,3.5230164167155227,33.07210104753307,4.0929348768617,S3_gaming,游戏（高 CPU/GPU 负载）,1.0,5.0,1,cutoff
11165.0,3.1013888888888888,0.14984210963338498,14.984210963338498,3.522808696467041,33.071664276061114,4.092934876861699,S3_gaming,游戏（高 CPU/GPU 负载）,1.0,5.0,1,cutoff
11170.0,3.102777777777778,0.14943868157759288,14.943868157759288,3.522600865088735,33.07123124818948,4.092934876861699,S3_gaming,游戏（高 CPU/GPU 负载）,1.0,5.0,1,cutoff
11175.0,3.1041666666666665,0.14903522971340386,14.903522971340385,3.5223929363501916,33.07080193852001,4.092934876861699,S3_gaming,游戏（高 CPU/GPU 负载）,1.0,5.0,1,cutoff
11180.0,3.1055555555555556,0.1486317540275528,14.86317540275528,3.5221849221986967,33.07037632126177,4.092934876861699,S3_gaming,游戏（高 CPU/GPU 负载）,1.0,5.0,1,cutoff
11185.0,3.1069444444444443,0.14822825450804666,14.822825450804666,3.5219768329995618,33.06995437031278,4.092934876861699,S3_gaming,游戏（高 CPU/GPU 负载）,1.0,5.0,1,cutoff
11190.0,3.1083333333333334,0.14782473114399614,14.782473114399613,3.5217686777447446,33.0695360593308,4.092934876861699,S3_gaming,游戏（高 CPU/GPU 负载）,1.0,5.0,1,cutoff
11195.0,3.109722222222222,0.1474211839254692,14.74211839254692,3.5215604642339744,33.06912136179451,4.092934876861699,S3_gaming,游戏（高 CPU/GPU 负载）,1.0,5.0,1,cutoff
11200.0,3.111111111111111,0.14701761284336431,14.701761284336431,3.521352199231991,33.06871025105634,4.092934876861699,S3_gaming,游戏（高 CPU/GPU 负载）,1.0,5.0,1,cutoff
11205.0,3.1125,0.1466140178893,14.66140178893,3.521143888605048,33.06830270038817,4.092934876861699,S3_gaming,游戏（高 CPU/GPU 负载）,1.0,5.0,1,cutoff
11210.0,3.113888888888889,0.14621039905551922,14.621039905551921,3.520935537439421,33.06789868302074,4.092934876861699,S3_gaming,游戏（高 CPU/GPU 负载）,1.0,5.0,1,cutoff
11215.0,3.1152777777777776,0.14580675633480616,14.580675633480617,3.5207271501442925,33.0674981721776,4.092934876861699,S3_gaming,游戏（高 CPU/GPU 负载）,1.0,5.0,1,cutoff
11220.0,3.1166666666666667,0.14540308972041424,14.540308972041425,3.5205187305410646,33.06710114110439,4.092934876861699,S3_gaming,游戏（高 CPU/GPU 负载）,1.0,5.0,1,cutoff
11225.0,3.1180555555555554,0.14499939920600327,14.499939920600328,3.5203102819409025,33.066707563094035,4.092934876861699,S3_gaming,游戏（高 CPU/GPU 负载）,1.0,5.0,1,cutoff
11230.0,3.1194444444444445,0.1445956847855852,14.459568478558522,3.5201018072120487,33.06631741150837,4.092934876861699,S3_gaming,游戏（高 CPU/GPU 负载）,1.0,5.0,1,cutoff
11235.0,3.120833333333333,0.14419194645347688,14.419194645347687,3.5198933088382662,33.06593065979672,4.092934876861699,S3_gaming,游戏（高 CPU/GPU 负载）,1.0,5.0,1,cutoff
11240.0,3.1222222222222222,0.1437406697234575,14.37406697234575,3.5097288424403743,33.074900886763,4.561864228444583,S3_gaming,游戏（高 CPU/GPU 负载）,1.0,5.0,1,cutoff
11245.0,3.123611111111111,0.14330993435769124,14.330993435769123,3.5135438383754787,33.07975741317151,4.358833113752089,S3_gaming,游戏（高 CPU/GPU 负载）,1.0,5.0,1,cutoff
11250.0,3.125,0.14288030913589556,14.288030913589555,3.5134478344320286,33.08435482136464,4.3474638383754955,S3_gaming,游戏（高 CPU/GPU 负载）,1.0,5.0,1,cutoff
11255.0,3.126388888888889,0.14245119560936145,14.245119560936145,3.5132492322033846,33.08881244633214,4.342028830939376,S3_gaming,游戏（高 CPU/GPU 负载）,1.0,5.0,1,cutoff
11260.0,3.1277777777777778,0.1420223084147355,14.20223084147355,3.5130070365310817,33.093187177176134,4.339430661324142,S3_gaming,游戏（高 CPU/GPU 负载）,1.0,5.0,1,cutoff
11265.0,3.129166666666667,0.141593511748265,14.1593511748265,3.5127487260185424,33.097506094582904,4.338188623400761,S3_gaming,游戏（高 CPU/GPU 负载）,1.0,5.0,1,cutoff
11270.0,3.1305555555555555,0.14116474122055253,14.116474122055253,3.512486808149356,33.10178206280172,4.337594875327475,S3_gaming,游戏（高 CPU/GPU 负载）,1.0,5.0,1,cutoff
11275.0,3.1319444444444446,0.14076068476909354,14.076068476909354,3.517403188746499,33.10115839679363,4.093194834487238,S3_gaming,游戏（高 CPU/GPU 负载）,1.0,5.0,1,cutoff
11280.0,3.1333333333333333,0.14035663072113158,14.035663072113158,3.517299881006422,33.10053199461621,4.093059147897546,S3_gaming,游戏（高 CPU/GPU 负载）,1.0,5.0,1,cutoff
11285.0,3.1347222222222224,0.1399525702482056,13.995257024820559,3.517181563685595,33.099905004783395,4.092994283814345,S3_gaming,游戏（高 CPU/GPU 负载）,1.0,5.0,1,cutoff
11290.0,3.136111111111111,0.139548498473295,13.9548498473295,3.517050756978609,33.09927872564348,4.092963275965309,S3_gaming,游戏（高 CPU/GPU 负载）,1.0,5.0,1,cutoff
11295.0,3.1375,0.13914441249471177,13.914441249471176,3.516909366302128,33.098654008960736,4.092948452866694,S3_gaming,游戏（高 CPU/GPU 负载）,1.0,5.0,1,cutoff
11300.0,3.138888888888889,0.1387403104300359,13.87403104300359,3.516758910753796,33.09803145854144,4.092941366781738,S3_gaming,游戏（高 CPU/GPU 负载）,1.0,5.0,1,cutoff
11305.0,3.140277777777778,0.13833619094918026,13.833619094918026,3.516600644519364,33.097411530037064,4.092937979325357,S3_gaming,游戏（高 CPU/GPU 负载）,1.0,5.0,1,cutoff
11310.0,3.1416666666666666,0.1379320530425875,13.793205304258748,3.5164356254956126,33.09679458279569,4.092936359974078,S3_gaming,游戏（高 CPU/GPU 负载）,1.0,5.0,1,cutoff
11315.0,3.1430555555555557,0.13752789590296555,13.752789590296555,3.516264757283396,33.096180908191485,4.092935585853833,S3_gaming,游戏（高 CPU/GPU 负载）,1.0,5.0,1,cutoff
11320.0,3.1444444444444444,0.13712371886228367,13.712371886228366,3.51608881723805,33.0955707462028,4.092935215790733,S3_gaming,游戏（高 CPU/GPU 负载）,1.0,5.0,1,cutoff
11325.0,3.1458333333333335,0.1367195213560394,13.67195213560394,3.515908476802269,33.094964295942354,4.092935038884498,S3_gaming,游戏（高 CPU/GPU 负载）,1.0,5.0,1,cutoff
11330.0,3.147222222222222,0.13631530290130325,13.631530290130325,3.5157243172362067,33.094361722930195,4.092934954315634,S3_gaming,游戏（高 CPU/GPU 负载）,1.0,5.0,1,cutoff
11335.0,3.1486111111111112,0.13591106308199266,13.591106308199267,3.51553684235437,33.09376316449724,4.092934913888044,S3_gaming,游戏（高 CPU/GPU 负载）,1.0,5.0,1,cutoff
11340.0,3.15,0.1355068015381599,13.55068015381599,3.515346489143339,33.09316873402823,4.0929348945619,S3_gaming,游戏（高 CPU/GPU 负载）,1.0,5.0,1,cutoff
11345.0,3.151388888888889,0.13510251795768327,13.510251795768328,3.5151536367689915,33.092578524421214,4.092934885323164,S3_gaming,游戏（高 CPU/GPU 负载）,1.0,5.0,1,cutoff
11350.0,3.1527777777777777,0.13469821206952748,13.469821206952748,3.5149586142952103,33.09199261097646,4.092934880906647,S3_gaming,游戏（高 CPU/GPU 负载）,1.0,5.0,1,cutoff
11355.0,3.154166666666667,0.1342938836381191,13.429388363811908,3.5147617073364135,33.09141105384412,4.09293487879536,S3_gaming,游戏（高 CPU/GPU 负载）,1.0,5.0,1,cutoff
11360.0,3.1555555555555554,0.13388953245857194,13.388953245857193,3.5145631638096075,33.09083390011604,4.092934877786073,S3_gaming,游戏（高 CPU/GPU 负载）,1.0,5.0,1,cutoff
11365.0,3.1569444444444446,0.13348515835259367,13.348515835259366,3.5143631989167146,33.09026118562272,4.092934877303589,S3_gaming,游戏（高 CPU/GPU 负载）,1.0,5.0,1,cutoff
11370.0,3.158333333333333,0.13308076116495693,13.308076116495693,3.5141619994644437,33.08969293648171,4.092934877072942,S3_gaming,游戏（高 CPU/GPU 负载）,1.0,5.0,1,cutoff
11375.0,3.1597222222222223,0.13267634076044732,13.267634076044732,3.513959727611834,33.08912917043437,4.0929348769626825,S3_gaming,游戏（高 CPU/GPU 负载）,1.0,5.0,1,cutoff
11380.0,3.161111111111111,0.13227189702121953,13.227189702121953,3.5137565241222783,33.08856989800135,4.092934876909974,S3_gaming,游戏（高 CPU/GPU 负载）,1.0,5.0,1,cutoff
11385.0,3.1625,0.1318674298445047,13.18674298445047,3.513552511186013,33.08801512348218,4.092934876884776,S3_gaming,游戏（高 CPU/GPU 负载）,1.0,5.0,1,cutoff
11390.0,3.1638888888888888,0.13146293914062118,13.146293914062118,3.513347794870051,33.087464845820364,4.0929348768727305,S3_gaming,游戏（高 CPU/GPU 负载）,1.0,5.0,1,cutoff
11395.0,3.165277777777778,0.1310584248312482,13.10584248312482,3.513142467244827,33.08691905935255,4.092934876866972,S3_gaming,游戏（高 CPU/GPU 负载）,1.0,5.0,1,cutoff
11400.0,3.1666666666666665,0.13065388684792728,13.065388684792728,3.512936608230279,33.08637775445733,4.09293487686422,S3_gaming,游戏（高 CPU/GPU 负载）,1.0,5.0,1,cutoff
11405.0,3.1680555555555556,0.13024932513076148,13.024932513076148,3.5127302871984165,33.085840918117306,4.092934876862904,S3_gaming,游戏（高 CPU/GPU 负载）,1.0,5.0,1,cutoff
11410.0,3.1694444444444443,0.129844739627286,12.984473962728599,3.51252356436449,33.08530853440611,4.092934876862275,S3_gaming,游戏（高 CPU/GPU 负载）,1.0,5.0,1,cutoff
11415.0,3.1708333333333334,0.1294401302914876,12.94401302914876,3.512316491994674,33.08478058491038,4.092934876861975,S3_gaming,游戏（高 CPU/GPU 负载）,1.0,5.0,1,cutoff
11420.0,3.172222222222222,0.1290354970829536,12.903549708295358,3.5121091154544617,33.08425704909548,4.092934876861831,S3_gaming,游戏（高 CPU/GPU 负载）,1.0,5.0,1,cutoff
11425.0,3.173611111111111,0.12863083996613264,12.863083996613264,3.5119014741187824,33.08373790462234,4.0929348768617615,S3_gaming,游戏（高 CPU/GPU 负载）,1.0,5.0,1,cutoff
11430.0,3.175,0.1282261589096932,12.822615890969319,3.511693602162085,33.08322312762213,4.092934876861729,S3_gaming,游戏（高 CPU/GPU 负载）,1.0,5.0,1,cutoff
11435.0,3.176388888888889,0.12782145388596636,12.782145388596636,3.5114855292442186,33.082712692934194,4.0929348768617135,S3_gaming,游戏（高 CPU/GPU 负载）,1.0,5.0,1,cutoff
11440.0,3.1777777777777776,0.12741672487046238,12.741672487046237,3.511277281105856,33.08220657431227,4.0929348768617055,S3_gaming,游戏（高 CPU/GPU 负载）,1.0,5.0,1,cutoff
11445.0,3.1791666666666667,0.12701197184145055,12.701197184145055,3.5110688800853866,33.08170474460309,4.092934876861702,S3_gaming,游戏（高 CPU/GPU 负载）,1.0,5.0,1,cutoff
11450.0,3.1805555555555554,0.12660719477959478,12.660719477959478,3.5108603455676426,33.0812071759011,4.0929348768617,S3_gaming,游戏（高 CPU/GPU 负载）,1.0,5.0,1,cutoff
11455.0,3.1819444444444445,0.12620239366763703,12.620239366763702,3.5106516943734447,33.08071383968253,4.092934876861699,S3_gaming,游戏（高 CPU/GPU 负载）,1.0,5.0,1,cutoff
11460.0,3.183333333333333,0.12579756849012247,12.579756849012247,3.510442941097775,33.08022470692136,4.092934876861699,S3_gaming,游戏（高 CPU/GPU 负载）,1.0,5.0,1,cutoff
11465.0,3.1847222222222222,0.12539271923316095,12.539271923316095,3.510234098403352,33.079739748189766,4.092934876861699,S3_gaming,游戏（高 CPU/GPU 负载）,1.0,5.0,1,cutoff
11470.0,3.186111111111111,0.12498784588421977,12.498784588421977,3.5100251772754896,33.079258933744995,4.092934876861699,S3_gaming,游戏（高 CPU/GPU 负载）,1.0,5.0,1,cutoff
11475.0,3.1875,0.12458294843194391,12.458294843194391,3.509816187243342,33.07878223360455,4.092934876861699,S3_gaming,游戏（高 CPU/GPU 负载）,1.0,5.0,1,cutoff
11480.0,3.188888888888889,0.12417802686599985,12.417802686599986,3.509607136571984,33.07830961761111,4.092934876861699,S3_gaming,游戏（高 CPU/GPU 负载）,1.0,5.0,1,cutoff
11485.0,3.1902777777777778,0.12377308117694003,12.377308117694003,3.5093980324291416,33.077841055488705,4.092934876861699,S3_gaming,游戏（高 CPU/GPU 负载）,1.0,5.0,1,cutoff
11490.0,3.191666666666667,0.1233681113560851,12.33681113560851,3.5091888810299556,33.07737651689111,4.092934876861699,S3_gaming,游戏（高 CPU/GPU 负载）,1.0,5.0,1,cutoff
11495.0,3.1930555555555555,0.12296311739542182,12.296311739542181,3.50897968776264,33.07691597144368,4.092934876861699,S3_gaming,游戏（高 CPU/GPU 负载）,1.0,5.0,1,cutoff
11500.0,3.1944444444444446,0.12255809928751428,12.255809928751429,3.508770457297575,33.07645938877939,4.092934876861699,S3_gaming,游戏（高 CPU/GPU 负载）,1.0,5.0,1,cutoff
11505.0,3.1958333333333333,0.12215305702542692,12.215305702542691,3.5085611936820182,33.076006738569816,4.092934876861699,S3_gaming,游戏（高 CPU/GPU 负载）,1.0,5.0,1,cutoff
11510.0,3.1972222222222224,0.12174799060265765,12.174799060265764,3.5083519004223183,33.07555799055182,4.092934876861699,S3_gaming,游戏（高 CPU/GPU 负载）,1.0,5.0,1,cutoff
11515.0,3.198611111111111,0.12134290001307978,12.134290001307978,3.5081425805552904,33.07511311455046,4.092934876861699,S3_gaming,游戏（高 CPU/GPU 负载）,1.0,5.0,1,cutoff
11520.0,3.2,0.12093778525089167,12.093778525089167,3.5079332367101825,33.07467208049859,4.092934876861699,S3_gaming,游戏（高 CPU/GPU 负载）,1.0,5.0,1,cutoff
11525.0,3.201388888888889,0.12053264631057296,12.053264631057296,3.507723871162468,33.07423485845366,4.092934876861699,S3_gaming,游戏（高 CPU/GPU 负载）,1.0,5.0,1,cutoff
11530.0,3.202777777777778,0.12012748318684659,12.01274831868466,3.5075144858805425,33.07380141861205,4.092934876861699,S3_gaming,游戏（高 CPU/GPU 负载）,1.0,5.0,1,cutoff
11535.0,3.2041666666666666,0.11972229587464578,11.972229587464579,3.507305082566266,33.07337173132127,4.092934876861699,S3_gaming,游戏（高 CPU/GPU 负载）,1.0,5.0,1,cutoff
11540.0,3.2055555555555557,0.11931708436908552,11.931708436908552,3.5070956626901584,33.07294576709027,4.092934876861699,S3_gaming,游戏（高 CPU/GPU 负载）,1.0,5.0,1,cutoff
11545.0,3.2069444444444444,0.1189118486654376,11.89118486654376,3.5068862275219534,33.072523496598194,4.092934876861699,S3_gaming,游戏（高 CPU/GPU 负载）,1.0,5.0,1,cutoff
11550.0,3.2083333333333335,0.11850658875910915,11.850658875910915,3.506676778157123,33.07210489070173,4.092934876861699,S3_gaming,游戏（高 CPU/GPU 负载）,1.0,5.0,1,cutoff
11555.0,3.209722222222222,0.11810130464562384,11.810130464562384,3.5064673155399038,33.07168992044122,4.092934876861699,S3_gaming,游戏（高 CPU/GPU 负载）,1.0,5.0,1,cutoff
11560.0,3.2111111111111112,0.11769599632060569,11.769599632060569,3.5062578404832885,33.071278557045794,4.092934876861699,S3_gaming,游戏（高 CPU/GPU 负载）,1.0,5.0,1,cutoff
11565.0,3.2125,0.11729066377976494,11.729066377976494,3.5060483536863813,33.07087077193751,4.092934876861699,S3_gaming,游戏（高 CPU/GPU 负载）,1.0,5.0,1,cutoff
11570.0,3.213888888888889,0.1168853070188858,11.688530701888581,3.5058388557494617,33.07046653673477,4.092934876861699,S3_gaming,游戏（高 CPU/GPU 负载）,1.0,5.0,1,cutoff
11575.0,3.2152777777777777,0.11647992603381588,11.647992603381589,3.505629347187064,33.070065823255064,4.092934876861699,S3_gaming,游戏（高 CPU/GPU 负载）,1.0,5.0,1,cutoff
11580.0,3.216666666666667,0.1160745208204569,11.60745208204569,3.505419828439331,33.06966860351708,4.092934876861699,S3_gaming,游戏（高 CPU/GPU 负载）,1.0,5.0,1,cutoff
11585.0,3.2180555555555554,0.11566909137475674,11.566909137475674,3.505210299881873,33.069274849742335,4.092934876861699,S3_gaming,游戏（高 CPU/GPU 负载）,1.0,5.0,1,cutoff
11590.0,3.2194444444444446,0.11526363769270251,11.526363769270251,3.505000761834322,33.068884534356364,4.092934876861699,S3_gaming,游戏（高 CPU/GPU 负载）,1.0,5.0,1,cutoff
11595.0,3.220833333333333,0.11485815977031451,11.48581597703145,3.504791214567763,33.06849762998952,4.092934876861699,S3_gaming,游戏（高 CPU/GPU 负载）,1.0,5.0,1,cutoff
11600.0,3.2222222222222223,0.114452657603641,11.4452657603641,3.5045816583111775,33.06811410947746,4.092934876861699,S3_gaming,游戏（高 CPU/GPU 负载）,1.0,5.0,1,cutoff
11605.0,3.223611111111111,0.1140471311887537,11.404713118875371,3.5043720932570475,33.067733945861335,4.092934876861699,S3_gaming,游戏（高 CPU/GPU 负载）,1.0,5.0,1,cutoff
11610.0,3.225,0.11364158052174385,11.364158052174385,3.504162519566211,33.06735711238774,4.092934876861699,S3_gaming,游戏（高 CPU/GPU 负载）,1.0,5.0,1,cutoff
11615.0,3.2263888888888888,0.1132360055987188,11.32360055987188,3.5039529373720817,33.06698358250846,4.092934876861699,S3_gaming,游戏（高 CPU/GPU 负载）,1.0,5.0,1,cutoff
11620.0,3.227777777777778,0.11283040641579906,11.283040641579905,3.5037433467843115,33.066613329880035,4.092934876861699,S3_gaming,游戏（高 CPU/GPU 负载）,1.0,5.0,1,cutoff
11625.0,3.2291666666666665,0.11242478296911575,11.242478296911575,3.5035337478919684,33.06624632836314,4.092934876861699,S3_gaming,游戏（高 CPU/GPU 负载）,1.0,5.0,1,cutoff
11630.0,3.2305555555555556,0.11201913525480839,11.201913525480839,3.503324140766298,33.06588255202189,4.092934876861699,S3_gaming,游戏（高 CPU/GPU 负载）,1.0,5.0,1,cutoff
11635.0,3.2319444444444443,0.11161346326902297,11.161346326902297,3.5031145254631135,33.06552197512298,4.092934876861699,S3_gaming,游戏（高 CPU/GPU 负载）,1.0,5.0,1,cutoff
11640.0,3.2333333333333334,0.11120776700791028,11.120776700791028,3.502904902024882,33.06516457213474,4.092934876861699,S3_gaming,游戏（高 CPU/GPU 负载）,1.0,5.0,1,cutoff
11645.0,3.234722222222222,0.11080204646762451,11.080204646762452,3.5026952704825236,33.06481031772614,4.092934876861699,S3_gaming,游戏（高 CPU/GPU 负载）,1.0,5.0,1,cutoff
11650.0,3.236111111111111,0.11039630164432197,11.039630164432197,3.50248563085698,33.064459186765674,4.092934876861699,S3_gaming,游戏（高 CPU/GPU 负载）,1.0,5.0,1,cutoff
11655.0,3.2375,0.10999053253416004,10.999053253416005,3.502275983160575,33.064111154320216,4.092934876861699,S3_gaming,游戏（高 CPU/GPU 负载）,1.0,5.0,1,cutoff
11660.0,3.238888888888889,0.10958473913329621,10.958473913329621,3.502066327398192,33.06376619565383,4.092934876861699,S3_gaming,游戏（高 CPU/GPU 负载）,1.0,5.0,1,cutoff
11665.0,3.2402777777777776,0.10917892143788731,10.91789214378873,3.5018566635682995,33.0634242862265,4.092934876861699,S3_gaming,游戏（高 CPU/GPU 负载）,1.0,5.0,1,cutoff
11670.0,3.2416666666666667,0.1087730794440888,10.87730794440888,3.50164699166384,33.06308540169291,4.092934876861699,S3_gaming,游戏（高 CPU/GPU 负载）,1.0,5.0,1,cutoff
11675.0,3.2430555555555554,0.1083672131480542,10.83672131480542,3.501437311673,33.06274951790107,4.092934876861699,S3_gaming,游戏（高 CPU/GPU 负载）,1.0,5.0,1,cutoff
11680.0,3.2444444444444445,0.10796132254593453,10.796132254593454,3.501227623579881,33.06241661089103,4.092934876861699,S3_gaming,游戏（高 CPU/GPU 负载）,1.0,5.0,1,cutoff
11685.0,3.245833333333333,0.10755540763387794,10.755540763387794,3.5010179273650794,33.062086656893534,4.092934876861699,S3_gaming,游戏（高 CPU/GPU 负载）,1.0,5.0,1,cutoff
11690.0,3.2472222222222222,0.10714946840802926,10.714946840802925,3.500808223006189,33.061759632328645,4.092934876861699,S3_gaming,游戏（高 CPU/GPU 负载）,1.0,5.0,1,cutoff
11695.0,3.248611111111111,0.1067435048645297,10.67435048645297,3.50059851047824,33.06143551380437,4.092934876861699,S3_gaming,游戏（高 CPU/GPU 负载）,1.0,5.0,1,cutoff
11700.0,3.25,0.10633751699951662,10.633751699951661,3.5003887897540777,33.0611142781153,4.092934876861699,S3_gaming,游戏（高 CPU/GPU 负载）,1.0,5.0,1,cutoff
11705.0,3.251388888888889,0.10593150480912321,10.593150480912321,3.50017906080469,33.0607959022412,4.092934876861699,S3_gaming,游戏（高 CPU/GPU 负载）,1.0,5.0,1,cutoff
11710.0,3.2527777777777778,0.10552546828947837,10.552546828947836,3.4999693235994918,33.06048036334566,4.092934876861699,S3_gaming,游戏（高 CPU/GPU 负载）,1.0,5.0,1,cutoff
11715.0,3.254166666666667,0.10511940743670649,10.51194074367065,3.4997595781065787,33.06016763877465,4.092934876861699,S3_gaming,游戏（高 CPU/GPU 负载）,1.0,5.0,1,cutoff
11720.0,3.2555555555555555,0.10471332224692731,10.47133222469273,3.4995498242929313,33.05985770605516,4.092934876861699,S3_gaming,游戏（高 CPU/GPU 负载）,1.0,5.0,1,cutoff
11725.0,3.2569444444444446,0.10430721271625584,10.430721271625584,3.4993400621246074,33.05955054289383,4.092934876861699,S3_gaming,游戏（高 CPU/GPU 负载）,1.0,5.0,1,cutoff
11730.0,3.2583333333333333,0.10390107884080221,10.390107884080221,3.4991302915669054,33.059246127175534,4.092934876861699,S3_gaming,游戏（高 CPU/GPU 负载）,1.0,5.0,1,cutoff
11735.0,3.2597222222222224,0.10349492061667163,10.349492061667164,3.4989205125844944,33.05894443696201,4.092934876861699,S3_gaming,游戏（高 CPU/GPU 负载）,1.0,5.0,1,cutoff
11740.0,3.261111111111111,0.1030887380399643,10.308873803996429,3.4987107251415437,33.05864545049049,4.092934876861699,S3_gaming,游戏（高 CPU/GPU 负载）,1.0,5.0,1,cutoff
11745.0,3.2625,0.10268253110677532,10.268253110677533,3.4985009292018234,33.05834914617232,4.092934876861699,S3_gaming,游戏（高 CPU/GPU 负载）,1.0,5.0,1,cutoff
11750.0,3.263888888888889,0.10227629981319472,10.227629981319472,3.4982911247287958,33.0580555025916,4.092934876861699,S3_gaming,游戏（高 CPU/GPU 负载）,1.0,5.0,1,cutoff
11755.0,3.265277777777778,0.1018700441553074,10.18700441553074,3.4980813116856937,33.05776449850383,4.092934876861699,S3_gaming,游戏（高 CPU/GPU 负载）,1.0,5.0,1,cutoff
11760.0,3.2666666666666666,0.10146376412919308,10.146376412919308,3.497871490035586,33.05747611283456,4.092934876861699,S3_gaming,游戏（高 CPU/GPU 负载）,1.0,5.0,1,cutoff
11765.0,3.2680555555555557,0.1010574597309263,10.10574597309263,3.4976616597414387,33.05719032467803,4.092934876861699,S3_gaming,游戏（高 CPU/GPU 负载）,1.0,5.0,1,cutoff
11770.0,3.2694444444444444,0.10065113095657639,10.065113095657638,3.4974518207661665,33.05690711329588,4.092934876861699,S3_gaming,游戏（高 CPU/GPU 负载）,1.0,5.0,1,cutoff
11775.0,3.2708333333333335,0.10024477780220753,10.024477780220753,3.497241973072671,33.056626458115765,4.092934876861699,S3_gaming,游戏（高 CPU/GPU 负载）,1.0,5.0,1,cutoff
11780.0,3.272222222222222,0.09983838262966327,9.983838262966326,3.496121886445363,33.05634850597607,4.092934876861699,S3_gaming,游戏（高 CPU/GPU 负载）,1.0,5.0,1,cutoff
11785.0,3.2736111111111112,0.09943174156764069,9.94317415676407,3.493619523489216,33.05607519883619,4.092934876861699,S3_gaming,游戏（高 CPU/GPU 负载）,1.0,5.0,1,cutoff
11790.0,3.275,0.0990248089574681,9.902480895746809,3.491113883862717,33.05580700755329,4.092934876861699,S3_gaming,游戏（高 CPU/GPU 负载）,1.0,5.0,1,cutoff
11795.0,3.276388888888889,0.09861758398588201,9.8617583985882,3.4886049596428044,33.05554396971428,4.092934876861699,S3_gaming,游戏（高 CPU/GPU 负载）,1.0,5.0,1,cutoff
11800.0,3.2777777777777777,0.09821006585915326,9.821006585915326,3.486092926847792,33.05528611361383,4.092934876861699,S3_gaming,游戏（高 CPU/GPU 负载）,1.0,5.0,1,cutoff
11805.0,3.279166666666667,0.09780225380020874,9.780225380020873,3.483577937683683,33.05503345952779,4.092934876861699,S3_gaming,游戏（高 CPU/GPU 负载）,1.0,5.0,1,cutoff
11810.0,3.2805555555555554,0.09739414704612734,9.739414704612734,3.4810601236802974,33.0547860208158,4.092934876861699,S3_gaming,游戏（高 CPU/GPU 负载）,1.0,5.0,1,cutoff
11815.0,3.2819444444444446,0.09698574484596133,9.698574484596133,3.478539598414016,33.054543804876346,4.092934876861699,S3_gaming,游戏（高 CPU/GPU 负载）,1.0,5.0,1,cutoff
11820.0,3.283333333333333,0.09657704645884048,9.657704645884047,3.4760164598716004,33.054306813974364,4.092934876861699,S3_gaming,游戏（高 CPU/GPU 负载）,1.0,5.0,1,cutoff
11825.0,3.2847222222222223,0.09616805115232205,9.616805115232205,3.4734907925024294,33.054075045958434,4.092934876861699,S3_gaming,游戏（高 CPU/GPU 负载）,1.0,5.0,1,cutoff
11830.0,3.286111111111111,0.09575875820095452,9.575875820095451,3.4709626690002158,33.05384849488257,4.092934876861699,S3_gaming,游戏（高 CPU/GPU 负载）,1.0,5.0,1,cutoff
11835.0,3.2875,0.09534916688502704,9.534916688502705,3.4684321518498673,33.0536271515453,4.092934876861699,S3_gaming,游戏（高 CPU/GPU 负载）,1.0,5.0,1,cutoff
11840.0,3.2888888888888888,0.09493927648948046,9.493927648948047,3.4658992946704488,33.0534110039571,4.092934876861699,S3_gaming,游戏（高 CPU/GPU 负载）,1.0,5.0,1,cutoff
11845.0,3.290277777777778,0.09452908630295866,9.452908630295866,3.463364143381121,33.05320003774585,4.092934876861699,S3_gaming,游戏（高 CPU/GPU 负载）,1.0,5.0,1,cutoff
11850.0,3.2916666666666665,0.09411859561698196,9.411859561698197,3.460826737213399,33.05299423650839,4.092934876861699,S3_gaming,游戏（高 CPU/GPU 负载）,1.0,5.0,1,cutoff
11855.0,3.2930555555555556,0.09370780372522668,9.370780372522667,3.458287109589976,33.05279358211547,4.092934876861699,S3_gaming,游戏（高 CPU/GPU 负载）,1.0,5.0,1,cutoff
11860.0,3.2944444444444443,0.09329670992289676,9.329670992289676,3.45574528888771,33.05259805497624,4.092934876861699,S3_gaming,游戏（高 CPU/GPU 负载）,1.0,5.0,1,cutoff
11865.0,3.2958333333333334,0.09288531350617571,9.288531350617571,3.4532012991000327,33.052407634267595,4.092934876861699,S3_gaming,游戏（高 CPU/GPU 负载）,1.0,5.0,1,cutoff
11870.0,3.297222222222222,0.0924736137717481,9.24736137717481,3.4506551604120497,33.05222229813314,4.092934876861699,S3_gaming,游戏（高 CPU/GPU 负载）,1.0,5.0,1,cutoff
11875.0,3.298611111111111,0.09206161001638173,9.206161001638174,3.448106889699828,33.052042023855606,4.092934876861699,S3_gaming,游戏（高 CPU/GPU 负载）,1.0,5.0,1,cutoff
11880.0,3.3,0.09164930153656234,9.164930153656234,3.4455565009638676,33.05186678800644,4.092934876861699,S3_gaming,游戏（高 CPU/GPU 负载）,1.0,5.0,1,cutoff
11885.0,3.301388888888889,0.09123668762817413,9.123668762817413,3.4430040057054336,33.05169656657543,4.092934876861699,S3_gaming,游戏（高 CPU/GPU 负载）,1.0,5.0,1,cutoff
11890.0,3.3027777777777776,0.09082376758622007,9.082376758622008,3.440449413253278,33.051531335083,4.092934876861699,S3_gaming,游戏（高 CPU/GPU 负载）,1.0,5.0,1,cutoff
11895.0,3.3041666666666667,0.09041054070457669,9.041054070457669,3.437892731047285,33.0513710686776,4.092934876861699,S3_gaming,游戏（高 CPU/GPU 负载）,1.0,5.0,1,cutoff
11900.0,3.3055555555555554,0.08999700627577899,8.999700627577898,3.43533396488473,33.05121574221997,4.092934876861699,S3_gaming,游戏（高 CPU/GPU 负载）,1.0,5.0,1,cutoff
11905.0,3.3069444444444445,0.08958316359083139,8.958316359083138,3.4327731191340627,33.051065330356174,4.092934876861699,S3_gaming,游戏（高 CPU/GPU 负载）,1.0,5.0,1,cutoff
11910.0,3.308333333333333,0.08916901193904138,8.916901193904138,3.4302101969205077,33.0509198075807,4.092934876861699,S3_gaming,游戏（高 CPU/GPU 负载）,1.0,5.0,1,cutoff
11915.0,3.3097222222222222,0.08875455060787289,8.875455060787289,3.4276452002871873,33.050779148291156,4.092934876861699,S3_gaming,游戏（高 CPU/GPU 负载）,1.0,5.0,1,cutoff
11920.0,3.311111111111111,0.08833977888281673,8.833977888281673,3.4250781303350015,33.05064332683547,4.092934876861699,S3_gaming,游戏（高 CPU/GPU 负载）,1.0,5.0,1,cutoff
11925.0,3.3125,0.08792469604727592,8.792469604727591,3.4225089873440533,33.05051231755271,4.092934876861699,S3_gaming,游戏（高 CPU/GPU 负载）,1.0,5.0,1,cutoff
11930.0,3.313888888888889,0.08750930138246396,8.750930138246396,3.419937770879064,33.05038609480828,4.092934876861699,S3_gaming,游戏（高 CPU/GPU 负载）,1.0,5.0,1,cutoff
11935.0,3.3152777777777778,0.08709359416731428,8.709359416731429,3.4173644798808773,33.050264633024305,4.092934876861699,S3_gaming,游戏（高 CPU/GPU 负载）,1.0,5.0,1,cutoff
11940.0,3.316666666666667,0.08667757367839941,8.667757367839942,3.414789112745889,33.050147906705774,4.092934876861699,S3_gaming,游戏（高 CPU/GPU 负载）,1.0,5.0,1,cutoff
11945.0,3.3180555555555555,0.08626123918985862,8.626123918985861,3.4122116673949976,33.05003589046304,4.092934876861699,S3_gaming,游戏（高 CPU/GPU 负载）,1.0,5.0,1,cutoff
11950.0,3.3194444444444446,0.08584458997333287,8.584458997333288,3.4096321413334505,33.04992855903118,4.092934876861699,S3_gaming,游戏（高 CPU/GPU 负载）,1.0,5.0,1,cutoff
11955.0,3.3208333333333333,0.08542762529790619,8.54276252979062,3.407050531702788,33.04982588728652,4.092934876861699,S3_gaming,游戏（高 CPU/GPU 负载）,1.0,5.0,1,cutoff
11960.0,3.3222222222222224,0.08501034443005245,8.501034443005246,3.4044668353259246,33.04972785026085,4.092934876861699,S3_gaming,游戏（高 CPU/GPU 负载）,1.0,5.0,1,cutoff
11965.0,3.323611111111111,0.08459274663358701,8.459274663358702,3.4018810487462794,33.04963442315354,4.092934876861699,S3_gaming,游戏（高 CPU/GPU 负载）,1.0,5.0,1,cutoff
11970.0,3.325,0.08417483116962246,8.417483116962247,3.399293168261726,33.049545581341825,4.092934876861699,S3_gaming,游戏（高 CPU/GPU 负载）,1.0,5.0,1,cutoff
11975.0,3.326388888888889,0.08375659729652793,8.375659729652792,3.396703189954054,33.04946130038955,4.092934876861699,S3_gaming,游戏（高 CPU/GPU 负载）,1.0,5.0,1,cutoff
11980.0,3.327777777777778,0.08333804426989157,8.333804426989158,3.3941111097145353,33.049381556054584,4.092934876861699,S3_gaming,游戏（高 CPU/GPU 负载）,1.0,5.0,1,cutoff
11985.0,3.3291666666666666,0.08291917134248561,8.29191713424856,3.391516923266099,33.049306324294996,4.092934876861699,S3_gaming,游戏（高 CPU/GPU 负载）,1.0,5.0,1,cutoff
11990.0,3.3305555555555557,0.08249997776423382,8.249997776423381,3.38892062618257,33.04923558127429,4.092934876861699,S3_gaming,游戏（高 CPU/GPU 负载）,1.0,5.0,1,cutoff
11995.0,3.3319444444444444,0.08208046278218091,8.208046278218092,3.386322213905355,33.04916930336569,4.092934876861699,S3_gaming,游戏（高 CPU/GPU 负载）,1.0,5.0,1,cutoff
12000.0,3.3333333333333335,0.08166062564046365,8.166062564046365,3.3837216817579088,33.04910746715568,4.092934876861699,S3_gaming,游戏（高 CPU/GPU 负载）,1.0,5.0,1,cutoff
12005.0,3.334722222222222,0.08124046558028353,8.124046558028352,3.3811190249582816,33.04905004944691,4.092934876861699,S3_gaming,游戏（高 CPU/GPU 负载）,1.0,5.0,1,cutoff
12010.0,3.3361111111111112,0.08081998183988055,8.081998183988055,3.378514238629992,33.048997027260484,4.092934876861699,S3_gaming,游戏（高 CPU/GPU 负载）,1.0,5.0,1,cutoff
12015.0,3.3375,0.0803991736545083,8.03991736545083,3.375907317811444,33.04894837783776,4.092934876861699,S3_gaming,游戏（高 CPU/GPU 负载）,1.0,5.0,1,cutoff
12020.0,3.338888888888889,0.07997804025640973,7.997804025640972,3.3732982574640995,33.04890407864177,4.092934876861699,S3_gaming,游戏（高 CPU/GPU 负载）,1.0,5.0,1,cutoff
12025.0,3.3402777777777777,0.0795565808747939,7.9556580874793905,3.3706870524795383,33.04886410735818,4.092934876861699,S3_gaming,游戏（高 CPU/GPU 负载）,1.0,5.0,1,cutoff
12030.0,3.341666666666667,0.07913479473581334,7.913479473581334,3.3680736976855763,33.048828441896,4.092934876861699,S3_gaming,游戏（高 CPU/GPU 负载）,1.0,5.0,1,cutoff
12035.0,3.3430555555555554,0.07871268106254185,7.871268106254186,3.3654581878515653,33.048797060388004,4.092934876861699,S3_gaming,游戏（高 CPU/GPU 负载）,1.0,5.0,1,cutoff
12040.0,3.3444444444444446,0.07829023907495303,7.829023907495303,3.362840517692963,33.04876994119089,4.092934876861699,S3_gaming,游戏（高 CPU/GPU 负载）,1.0,5.0,1,cutoff
12045.0,3.345833333333333,0.07786746798989892,7.786746798989892,3.360220681875288,33.04874706288525,4.092934876861699,S3_gaming,游戏（高 CPU/GPU 负载）,1.0,5.0,1,cutoff
12050.0,3.3472222222222223,0.07744436702108917,7.744436702108917,3.357598675017541,33.04872840427533,4.092934876861699,S3_gaming,游戏（高 CPU/GPU 负载）,1.0,5.0,1,cutoff
12055.0,3.348611111111111,0.07702093537907038,7.7020935379070385,3.354974491695136,33.04871394438872,4.092934876861699,S3_gaming,游戏（高 CPU/GPU 负载）,1.0,5.0,1,cutoff
12060.0,3.35,0.07659717227120565,7.659717227120565,3.3523481264424495,33.04870366247584,4.092934876861699,S3_gaming,游戏（高 CPU/GPU 负载）,1.0,5.0,1,cutoff
12065.0,3.3513888888888888,0.07617307690165431,7.617307690165431,3.3497195737549963,33.0486975380093,4.092934876861699,S3_gaming,游戏（高 CPU/GPU 负载）,1.0,5.0,1,cutoff
12070.0,3.352777777777778,0.07574864847135182,7.574864847135182,3.347088828091308,33.04869555068326,4.092934876861699,S3_gaming,游戏（高 CPU/GPU 负载）,1.0,5.0,1,cutoff
12075.0,3.3541666666666665,0.07532388617798963,7.532388617798963,3.344455883874535,33.04869768041262,4.092934876861699,S3_gaming,游戏（高 CPU/GPU 负载）,1.0,5.0,1,cutoff
12080.0,3.3555555555555556,0.07489878921599527,7.489878921599527,3.341820735493828,33.04870390733218,4.092934876861699,S3_gaming,游戏（高 CPU/GPU 负载）,1.0,5.0,1,cutoff
12085.0,3.3569444444444443,0.07447335677651232,7.447335677651232,3.339183377305511,33.048714211795726,4.092934876861699,S3_gaming,游戏（高 CPU/GPU 负载）,1.0,5.0,1,cutoff
12090.0,3.3583333333333334,0.07404758804738047,7.404758804738047,3.3365438036340747,33.0487285743751,4.092934876861699,S3_gaming,游戏（高 CPU/GPU 负载）,1.0,5.0,1,cutoff
12095.0,3.359722222222222,0.07362148221311555,7.362148221311555,3.333902008773029,33.04874697585918,4.092934876861699,S3_gaming,游戏（高 CPU/GPU 负载）,1.0,5.0,1,cutoff
12100.0,3.361111111111111,0.0731950384548895,7.319503845488951,3.3312579869856083,33.0487693972529,4.092934876861699,S3_gaming,游戏（高 CPU/GPU 负载）,1.0,5.0,1,cutoff
12105.0,3.3625,0.07276825595051037,7.2768255950510365,3.3286117325053795,33.04879581977614,4.092934876861699,S3_gaming,游戏（高 CPU/GPU 负载）,1.0,5.0,1,cutoff
12110.0,3.363888888888889,0.07234113387440212,7.234113387440212,3.3259632395367293,33.04882622486271,4.092934876861699,S3_gaming,游戏（高 CPU/GPU 负载）,1.0,5.0,1,cutoff
12115.0,3.3652777777777776,0.07191367139758452,7.1913671397584515,3.3233125022552836,33.04886059415922,4.092934876861699,S3_gaming,游戏（高 CPU/GPU 负载）,1.0,5.0,1,cutoff
12120.0,3.3666666666666667,0.0714353342712396,7.143533427123961,3.3097814089229445,33.05831356483316,4.561864228444583,S3_gaming,游戏（高 CPU/GPU 负载）,1.0,5.0,1,cutoff
12125.0,3.3680555555555554,0.0709784650230816,7.09784650230816,3.311239661572655,33.06362820498918,4.358833113752089,S3_gaming,游戏（高 CPU/GPU 负载）,1.0,5.0,1,cutoff
12130.0,3.3694444444444445,0.07052241365429769,7.0522413654297695,3.3085407296764786,33.068684008012525,4.3474638383754955,S3_gaming,游戏（高 CPU/GPU 负载）,1.0,5.0,1,cutoff
12135.0,3.370833333333333,0.07006654434288079,7.0066544342880785,3.305733256756487,33.0736009596117,4.342028830939376,S3_gaming,游戏（高 CPU/GPU 负载）,1.0,5.0,1,cutoff
12140.0,3.3722222222222222,0.06961055319194505,6.961055319194505,3.302878221096626,33.07843623822918,4.339430661324142,S3_gaming,游戏（高 CPU/GPU 负载）,1.0,5.0,1,cutoff
12145.0,3.373611111111111,0.06915429498290121,6.915429498290121,3.3000040313321564,33.08321704302011,4.338188623400761,S3_gaming,游戏（高 CPU/GPU 负载）,1.0,5.0,1,cutoff
12150.0,3.375,0.06869770031888218,6.869770031888218,3.2971236182993433,33.08795627713498,4.337594875327475,S3_gaming,游戏（高 CPU/GPU 负载）,1.0,5.0,1,cutoff
