t_s,t_h,soc,v_term_V,p_W,p_max_W,v1_V,status,scenario_id,seed
0.0,0.0,1.0,4.1205358719535425,4.092934876861699,55.125,0.0,cutoff,S3_gaming,1
2.0,0.0005555555555555556,0.9998620200517058,4.119266179955951,4.092934876861699,55.09232387871267,0.0009690292474491347,cutoff,S3_gaming,1
4.0,0.0011111111111111111,0.9997239983815619,4.118044503246238,4.092934876861699,55.0608874193649,0.0018910913481692375,cutoff,S3_gaming,1
6.0,0.0016666666666666668,0.9995859365276107,4.116868297486756,4.092934876861699,55.030629855498105,0.002768466117396142,cutoff,S3_gaming,1
8.0,0.0022222222222222222,0.9994478359546751,4.115735355315662,4.092934876861699,55.00149342300985,0.0036033226965867995,cutoff,S3_gaming,1
10.0,0.002777777777777778,0.9993096980577781,4.114643576455488,4.092934876861699,54.97342320958589,0.00439772492702844,cutoff,S3_gaming,1
12.0,0.0033333333333333335,0.9991715241654096,4.113590962520274,4.092934876861699,54.94636701189048,0.005153636462455064,cutoff,S3_gaming,1
14.0,0.0038888888888888888,0.9990333155426441,4.112575612074319,4.092934876861699,54.92027520009627,0.005872925633355155,cutoff,S3_gaming,1
16.0,0.0044444444444444444,0.9988950733941183,4.111595715930406,4.092934876861699,54.8951005893595,0.006557370075037439,cutoff,S3_gaming,1
18.0,0.005,0.9987567988668726,4.110649552675866,4.092934876861699,54.870798317868385,0.007208661130934469,cutoff,S3_gaming,1
20.0,0.005555555555555556,0.9986184930530626,4.109735484415489,4.092934876861699,54.84732573111478,0.007828408042065395,cutoff,S3_gaming,1
22.0,0.006111111111111111,0.998480156992547,4.1088519527207765,4.092934876861699,54.82464227205771,0.00841814193304806,cutoff,S3_gaming,1
24.0,0.006666666666666667,0.9983417916753566,4.1079974747755506,4.092934876861699,54.80270937686824,0.00897931960454527,cutoff,S3_gaming,1
26.0,0.007222222222222222,0.9982033980440495,4.107170639708374,4.092934876861699,54.78149037596022,0.0095133271415494,cutoff,S3_gaming,1
28.0,0.0077777777777777776,0.998064976995957,4.106370105102815,4.092934876861699,54.76095040003028,0.010021483346452156,cutoff,S3_gaming,1
30.0,0.008333333333333333,0.9979265293853271,4.10559459367686,4.092934876861699,54.74105629084395,0.01050504300541137,cutoff,S3_gaming,1
32.0,0.008888888888888889,0.9977880560253671,4.104842890123327,4.092934876861699,54.721776516520656,0.010965199996112828,cutoff,S3_gaming,1
34.0,0.009444444444444445,0.9976495576901921,4.104113838103485,4.092934876861699,54.703081091083604,0.011403090244631493,cutoff,S3_gaming,1
36.0,0.01,0.9975110351166824,4.103406337386439,4.092934876861699,54.684941498052616,0.01181979453872192,cutoff,S3_gaming,1
38.0,0.010555555555555556,0.9973724890062542,4.102719341127218,4.092934876861699,54.667330617871755,0.01221634120451142,cutoff,S3_gaming,1
40.0,0.011111111111111112,0.9972339200265483,4.102051853276863,4.092934876861699,54.65022265897309,0.012593708653230602,cutoff,S3_gaming,1
42.0,0.011666666666666667,0.9970953288130388,4.101402926118118,4.092934876861699,54.63359309228996,0.012952827804293385,cutoff,S3_gaming,1
44.0,0.012222222222222223,0.9969567159705662,4.100771657920606,4.092934876861699,54.61741858904264,0.013294584390731926,cutoff,S3_gaming,1
46.0,0.012777777777777779,0.9968180820748002,4.100157190709745,4.092934876861699,54.601676961628684,0.013619821152699997,cutoff,S3_gaming,1
48.0,0.013333333333333334,0.9966794276736309,4.099558708143861,4.092934876861699,54.58634710745971,0.013929339924480737,cutoff,S3_gaming,1
50.0,0.013888888888888888,0.9965407532884976,4.0989754334942665,4.092934876861699,54.57140895559391,0.014223903620170572,cutoff,S3_gaming,1
52.0,0.014444444444444444,0.9964020594156519,4.098406627723306,4.092934876861699,54.55684341602299,0.014504238122959805,cutoff,S3_gaming,1
54.0,0.015,0.9962633465273635,4.09785158765563,4.092934876861699,54.54263233147773,0.01477103408269131,cutoff,S3_gaming,1
56.0,0.015555555555555555,0.9961246150730677,4.09730964423816,4.092934876861699,54.528758431625455,0.015024948626151354,cutoff,S3_gaming,1
58.0,0.01611111111111111,0.9959858654804591,4.09678016088448,4.092934876861699,54.51520528953839,0.015266606984330147,cutoff,S3_gaming,1
60.0,0.016666666666666666,0.995847098156533,4.096262531899509,4.092934876861699,54.50195728031763,0.015496604040683877,cutoff,S3_gaming,1
62.0,0.017222222222222222,0.9957083134885779,4.095756180980621,4.092934876861699,54.48899954176498,0.01571550580423416,cutoff,S3_gaming,1
64.0,0.017777777777777778,0.9955695118451205,4.095260559791448,4.092934876861699,54.476317936999195,0.0159238508111545,cutoff,S3_gaming,1
66.0,0.018333333333333333,0.9954306935768259,4.094775146604899,4.092934876861699,54.463899018918994,0.01612215145831602,cutoff,S3_gaming,1
68.0,0.01888888888888889,0.9952918590173551,4.09429944501198,4.092934876861699,54.4517299964205,0.016310895272096154,cutoff,S3_gaming,1
70.0,0.019444444444444445,0.9951530084841813,4.09383298269328,4.092934876861699,54.439798702280996,0.016490546115593512,cutoff,S3_gaming,1
72.0,0.02,0.9950141422793679,4.093375310250041,4.092934876861699,54.428093562625826,0.01666154533723939,cutoff,S3_gaming,1
74.0,0.020555555555555556,0.9948752606903086,4.092926000091949,4.092934876861699,54.416603567899315,0.01682431286365127,cutoff,S3_gaming,1
76.0,0.021111111111111112,0.9947363639904331,4.0924846453788755,4.092934876861699,54.40531824526485,0.016979248239435443,cutoff,S3_gaming,1
78.0,0.021666666666666667,0.994597452439878,4.092050859013973,4.092934876861699,54.39422763236274,0.017126731616514276,cutoff,S3_gaming,1
80.0,0.022222222222222223,0.9944585262861266,4.091624272685622,4.092934876861699,54.38332225235849,0.017267124695428848,cutoff,S3_gaming,1
82.0,0.02277777777777778,0.994319585764618,4.091204535955847,4.092934876861699,54.372593090217016,0.017400771620948382,cutoff,S3_gaming,1
84.0,0.023333333333333334,0.9941806310993262,4.09079131539299,4.092934876861699,54.36203157014269,0.017527999834204857,cutoff,S3_gaming,1
86.0,0.02388888888888889,0.9940416625033124,4.090384293746436,4.092934876861699,54.3516295341262,0.017649120883463428,cutoff,S3_gaming,1
88.0,0.024444444444444446,0.9939026801792505,4.089983169161403,4.092934876861699,54.34137922154475,0.01776443119553673,cutoff,S3_gaming,1
90.0,0.025,0.9937636843199275,4.089587654431825,4.092934876861699,54.331273249762255,0.01787421280975374,cutoff,S3_gaming,1
92.0,0.025555555555555557,0.9936246751087193,4.089197476289483,4.092934876861699,54.32130459568093,0.017978734076300986,cutoff,S3_gaming,1
94.0,0.026111111111111113,0.9934856527200453,4.088812374727632,4.092934876861699,54.3114665781968,0.018078250320665724,cutoff,S3_gaming,1
96.0,0.02666666666666667,0.9933466173197988,4.088432102357456,4.092934876861699,54.30175284151443,0.018173004475826638,cutoff,S3_gaming,1
98.0,0.02722222222222222,0.9932075690657589,4.088056423795727,4.092934876861699,54.292157339279086,0.01826322768375779,cutoff,S3_gaming,1
100.0,0.027777777777777776,0.9930685081079815,4.087685115082209,4.092934876861699,54.28267431948521,0.01834913986773549,cutoff,S3_gaming,1
102.0,0.028333333333333332,0.9929294345891717,4.0873179631253,4.092934876861699,54.27329831012344,0.01843095027686544,cutoff,S3_gaming,1
104.0,0.028888888888888888,0.9927903486450382,4.086954765174602,4.092934876861699,54.26402410552985,0.018508858004178643,cutoff,S3_gaming,1
106.0,0.029444444444444443,0.9926512504046313,4.086595328319066,4.092934876861699,54.25484675340256,0.018583052479579247,cutoff,S3_gaming,1
108.0,0.03,0.9925121399906636,4.086239469009495,4.092934876861699,54.24576154245308,0.018653713938864953,cutoff,S3_gaming,1
110.0,0.030555555555555555,0.992373017519816,4.0858870126042275,4.092934876861699,54.23676399066121,0.018721013869981613,cutoff,S3_gaming,1
112.0,0.03111111111111111,0.9922338831030291,4.0855377929368455,4.092934876861699,54.227849834103715,0.01878511543761704,cutoff,S3_gaming,1
114.0,0.03166666666666667,0.9920947368457799,4.085191651904883,4.092934876861699,54.21901501632873,0.01884617388718557,cutoff,S3_gaming,1
116.0,0.03222222222222222,0.9919555788483456,4.08484843907849,4.092934876861699,54.210255678249055,0.0189043369292037,cutoff,S3_gaming,1
118.0,0.03277777777777778,0.991816409206055,4.0845080113280625,4.092934876861699,54.2015681485288,0.018959745105008752,cutoff,S3_gaming,1
120.0,0.03333333333333333,0.9916772280095267,4.084170232469982,4.092934876861699,54.19294893443942,0.019012532134726097,cutoff,S3_gaming,1
122.0,0.03388888888888889,0.9915380353448974,4.083834972929506,4.092934876861699,54.18439471316194,0.019062825248346713,cutoff,S3_gaming,1
124.0,0.034444444444444444,0.9913988312940376,4.083502109420055,4.092934876861699,54.175902323513405,0.019110745500734813,cutoff,S3_gaming,1
126.0,0.035,0.9912596159347582,4.0831715246380345,4.092934876861699,54.16746875807713,0.019156408071345696,cutoff,S3_gaming,1
128.0,0.035555555555555556,0.9911203893410062,4.082843106972482,4.092934876861699,54.15909115571685,0.01919992254939589,cutoff,S3_gaming,1
130.0,0.03611111111111111,0.9909811515830517,4.082516750228801,4.092934876861699,54.15076679445562,0.019241393205191835,cutoff,S3_gaming,1
132.0,0.03666666666666667,0.990841902727665,4.082192353365898,4.092934876861699,54.14249308470222,0.019280919248288873,cutoff,S3_gaming,1
134.0,0.03722222222222222,0.9907026428382865,4.081869820246084,4.092934876861699,54.134267562807516,0.019318595073119883,cutoff,S3_gaming,1
136.0,0.03777777777777778,0.9905633719751866,4.081549059397105,4.092934876861699,54.12608788493518,0.019354510492701735,cutoff,S3_gaming,1
138.0,0.03833333333333333,0.9904240901956198,4.081229983785728,4.092934876861699,54.11795182123085,0.019388750960998256,cutoff,S3_gaming,1
140.0,0.03888888888888889,0.9902847975539698,4.080912510602305,4.092934876861699,54.10985725027562,0.01942139778449035,cutoff,S3_gaming,1
142.0,0.03944444444444444,0.9901454941018885,4.080596561055808,4.092934876861699,54.10180215380959,0.0194525283234771,cutoff,S3_gaming,1
144.0,0.04,0.9900061798884278,4.08028206017879,4.092934876861699,54.09378461171269,0.019482216183606328,cutoff,S3_gaming,1
146.0,0.04055555555555555,0.9898668549601656,4.079968936641835,4.092934876861699,54.08580279722982,0.01951053139810887,cutoff,S3_gaming,1
148.0,0.04111111111111111,0.9897275193613251,4.079657122576991,4.092934876861699,54.07785497242854,0.019537540601187776,cutoff,S3_gaming,1
150.0,0.041666666666666664,0.9895881731338886,4.079346553409782,4.092934876861699,54.06993948387804,0.019563307192991753,cutoff,S3_gaming,1
152.0,0.042222222222222223,0.989448816317706,4.0790371676993775,4.092934876861699,54.06205475853864,0.01958789149658138,cutoff,S3_gaming,1
154.0,0.042777777777777776,0.9893094489505977,4.07872890698651,4.092934876861699,54.054199299851156,0.0196113509072767,cutoff,S3_gaming,1
156.0,0.043333333333333335,0.9891700710684529,4.078421715648771,4.092934876861699,54.04637168401689,0.019633740034756042,cutoff,S3_gaming,1
158.0,0.04388888888888889,0.9890306827053226,4.078115540762944,4.092934876861699,54.038570556458595,0.01965511083825782,cutoff,S3_gaming,1
160.0,0.044444444444444446,0.9888912838935088,4.077810331974002,4.092934876861699,54.03079462845378,0.019675512755220215,cutoff,S3_gaming,1
162.0,0.045,0.988751874663649,4.077506041370473,4.092934876861699,54.023042673931855,0.019694992823677097,cutoff,S3_gaming,1
164.0,0.04555555555555556,0.9886124550447963,4.077202623365851,4.092934876861699,54.0153135264271,0.01971359579871336,cutoff,S3_gaming,1
166.0,0.04611111111111111,0.9884730250644966,4.076900034585763,4.092934876861699,54.0076060761802,0.01973136426326796,cutoff,S3_gaming,1
168.0,0.04666666666666667,0.988333584748861,4.076598233760605,4.092934876861699,53.999919267380314,0.019748338733559013,cutoff,S3_gaming,1
170.0,0.04722222222222222,0.9881941341226352,4.0762971816234055,4.092934876861699,53.99225209554186,0.019764557759391975,cutoff,S3_gaming,1
172.0,0.04777777777777778,0.9880546732092657,4.0759968408126275,4.092934876861699,53.984603605008665,0.01978005801959929,cutoff,S3_gaming,1
174.0,0.04833333333333333,0.9879152020309624,4.075697175779693,4.092934876861699,53.97697288657963,0.019794874412847788,cutoff,S3_gaming,1
176.0,0.04888888888888889,0.9877757206087586,4.0753981527010055,4.092934876861699,53.969359075249876,0.019809040144038656,cutoff,S3_gaming,1
178.0,0.049444444444444444,0.9876362289625678,4.075099739394233,4.092934876861699,53.96176134806178,0.019822586806513973,cutoff,S3_gaming,1
180.0,0.05,0.9874967271112376,4.074801905238642,4.092934876861699,53.95417892206061,0.019835544460273243,cutoff,S3_gaming,1
182.0,0.050555555555555555,0.9873572150726017,4.074504621099329,4.092934876861699,53.94661105234951,0.01984794170639367,cutoff,S3_gaming,1
184.0,0.051111111111111114,0.9872176928635283,4.074207859255106,4.092934876861699,53.939057030239255,0.019859805757838415,cutoff,S3_gaming,1
186.0,0.051666666666666666,0.9870781604999674,4.073911593329879,4.092934876861699,53.931516181487815,0.0198711625068281,cutoff,S3_gaming,1
188.0,0.052222222222222225,0.9869386179969948,4.073615798227386,4.092934876861699,53.92398786462555,0.019882036588942456,cutoff,S3_gaming,1
190.0,0.05277777777777778,0.9867990653688543,4.0733204500690725,4.092934876861699,53.91647146936215,0.019892451444110733,cutoff,S3_gaming,1
192.0,0.05333333333333334,0.9866595026289984,4.073025526134999,4.092934876861699,53.908966415070665,0.019902429374641938,cutoff,S3_gaming,1
194.0,0.05388888888888889,0.9865199297901258,4.072731004807615,4.092934876861699,53.90147214934545,0.01991199160043857,cutoff,S3_gaming,1
196.0,0.05444444444444444,0.9863803468642185,4.072436865518251,4.092934876861699,53.893988146630335,0.019921158311530518,cutoff,S3_gaming,1
198.0,0.055,0.986240753862576,4.072143088696221,4.092934876861699,53.886513906913244,0.01992994871805923,cutoff,S3_gaming,1
200.0,0.05555555555555555,0.9861011507958488,4.0718496557203885,4.092934876861699,53.87904895448455,0.01993838109783591,cutoff,S3_gaming,1
202.0,0.05611111111111111,0.9859615376740691,4.0715565488730805,4.092934876861699,53.87159283675563,0.019946472841591446,cutoff,S3_gaming,1
204.0,0.056666666666666664,0.9858219145066811,4.071263751296243,4.092934876861699,53.86414512313504,0.019954240496030146,cutoff,S3_gaming,1
206.0,0.05722222222222222,0.9856822813025693,4.070971246949722,4.092934876861699,53.85670540395903,0.019961699804793863,cutoff,S3_gaming,1
208.0,0.057777777777777775,0.9855426380700857,4.0706790205715695,4.092934876861699,53.84927328947455,0.019968865747437923,cutoff,S3_gaming,1
210.0,0.058333333333333334,0.9854029848170752,4.07038705764028,4.092934876861699,53.84184840887104,0.01997575257651537,cutoff,S3_gaming,1
212.0,0.058888888888888886,0.9852633215509006,4.07009534433885,4.092934876861699,53.83443040936007,0.019982373852861314,cutoff,S3_gaming,1
214.0,0.059444444444444446,0.9851236482784651,4.0698038675205925,4.092934876861699,53.827018955298946,0.019988742479164785,cutoff,S3_gaming,1
216.0,0.06,0.9849629692521993,4.057226933693711,4.69404159768895,53.81470016319444,0.020142323395988634,cutoff,S3_gaming,1
218.0,0.06055555555555556,0.9848135729943372,4.063361761948641,4.370968125196539,53.80521716913719,0.02020917546270023,cutoff,S3_gaming,1
220.0,0.06111111111111111,0.9846644658843186,4.063168607598169,4.362297799468604,53.795887213351136,0.020270736434139385,cutoff,S3_gaming,1
222.0,0.06166666666666667,0.9845155707557965,4.06293590781013,4.355843897622352,53.786685511296696,0.020327806297692312,cutoff,S3_gaming,1
224.0,0.06222222222222222,0.984366830189642,4.062674302869018,4.351039827931306,53.777592918665086,0.02038100734063182,cutoff,S3_gaming,1
226.0,0.06277777777777778,0.9842182014631866,4.0623916859994935,4.3474638383754955,53.76859452259686,0.020430828288002464,cutoff,S3_gaming,1
228.0,0.06333333333333334,0.9840696527916991,4.062093907473101,4.344801990790916,53.75967859176966,0.020477657212561624,cutoff,S3_gaming,1
230.0,0.06388888888888888,0.983921160531217,4.061785298353234,4.342820600058937,53.75083579352193,0.020521806088094466,cutoff,S3_gaming,1
232.0,0.06444444444444444,0.9837727070967017,4.06146906013477,4.341345718756374,53.74205860973134,0.02056352912155897,cutoff,S3_gaming,1
234.0,0.065,0.9836242794125115,4.061147554641878,4.340247866211925,53.73334090065772,0.020603036452695508,cutoff,S3_gaming,1
236.0,0.06555555555555556,0.9834758677590467,4.060822519725725,4.339430661324142,53.724677578967196,0.020640504403200078,cutoff,S3_gaming,1
238.0,0.0661111111111111,0.9833274649142578,4.060495229754392,4.33882236120953,53.7160643658202,0.020676083155215536,cutoff,S3_gaming,1
240.0,0.06666666666666667,0.9831790655146281,4.060166615021379,4.338369562853856,53.70749760809953,0.02070990251397886,cutoff,S3_gaming,1
242.0,0.06722222222222222,0.9830306655795207,4.059837350582098,4.338032514831052,53.69897414120326,0.020742076242112634,cutoff,S3_gaming,1
244.0,0.06777777777777778,0.9828822621571295,4.0595079223381765,4.337781627502835,53.69049118580865,0.02077270532851249,cutoff,S3_gaming,1
246.0,0.06833333333333333,0.9827338530609491,4.059178676188799,4.337594875327475,53.68204626997579,0.020801880462095676,cutoff,S3_gaming,1
248.0,0.06888888888888889,0.9825939602319678,4.0638373266914325,4.093339659752194,53.67562926590009,0.020769823180792183,cutoff,S3_gaming,1
250.0,0.06944444444444445,0.9824540622820748,4.063585022256175,4.093236183770605,53.66917095349718,0.020739365317116027,cutoff,S3_gaming,1
252.0,0.07,0.9823141582328894,4.063330614477709,4.093159159694513,53.662673131933104,0.020710435737615076,cutoff,S3_gaming,1
254.0,0.07055555555555555,0.9821742473440571,4.063074308305099,4.0931018255363165,53.6561375657614,0.020682965106408383,cutoff,S3_gaming,1
256.0,0.07111111111111111,0.9820343290529688,4.06281627218217,4.093059147897546,53.64956597311178,0.02065688622086866,cutoff,S3_gaming,1
258.0,0.07166666666666667,0.9818944029298601,4.06255664660735,4.093027380083937,53.64296001790173,0.020632134222917032,cutoff,S3_gaming,1
260.0,0.07222222222222222,0.9817544686443613,4.062295550543071,4.0930037331810025,53.636321304993,0.020608646719596033,cutoff,S3_gaming,1
262.0,0.07277777777777777,0.981614525940573,4.062033086222531,4.092986131213637,53.62965137749451,0.020586363837890753,cutoff,S3_gaming,1
264.0,0.07333333333333333,0.981474574618488,4.06176934276173,4.092973028895081,53.622951715618996,0.020565228232299327,cutoff,S3_gaming,1
266.0,0.07388888888888889,0.9813346145201403,4.061504398880536,4.092963275965309,53.616223736653566,0.02054518505884283,cutoff,S3_gaming,1
268.0,0.07444444444444444,0.9811946455192726,4.061238324958895,4.092956016209051,53.60946879572042,0.020526181925627236,cutoff,S3_gaming,1
270.0,0.075,0.981054667513625,4.0609711845966805,4.0929506122881625,53.60268818708707,0.020508168827410852,cutoff,S3_gaming,1
272.0,0.07555555555555556,0.9809146804191755,4.060703035802597,4.092946589789343,53.595883145850145,0.020491098069654812,cutoff,S3_gaming,1
274.0,0.07611111111111112,0.9807746841658344,4.060433931905622,4.092943595575127,53.589054849861895,0.020474924186066647,cutoff,S3_gaming,1
276.0,0.07666666666666666,0.9806346786942216,4.060163922258604,4.092941366781738,53.58220442180599,0.020459603852557975,cutoff,S3_gaming,1
278.0,0.07722222222222222,0.980494663953252,4.059893052785946,4.092939707742134,53.575332931352136,0.020445095799729637,cutoff,S3_gaming,1
280.0,0.07777777777777778,0.9803546398983217,4.059621366414029,4.09293847280828,53.56844139734035,0.02043136072539942,cutoff,S3_gaming,1
282.0,0.07833333333333334,0.9802146064899432,4.059348903413282,4.092937553564629,53.561530789959235,0.02041836120824497,cutoff,S3_gaming,1
284.0,0.07888888888888888,0.9800745636927148,4.059075701673389,4.092936869310256,53.55460203289242,0.020406061623307794,cutoff,S3_gaming,1
286.0,0.07944444444444444,0.9799345114745414,4.058801796927764,4.092936359974078,53.547656005416464,0.020394428059863523,cutoff,S3_gaming,1
288.0,0.08,0.9797944498060394,4.058527222939278,4.092935980841182,53.54069354443782,0.020383428241986943,cutoff,S3_gaming,1
290.0,0.08055555555555556,0.9796543786600838,4.058252011656253,4.092935698627277,53.53371544646177,0.02037303145201104,cutoff,S3_gaming,1
292.0,0.0811111111111111,0.979514298011458,4.0579761933454535,4.092935488556639,53.526722469488284,0.02036320845698522,cutoff,S3_gaming,1
294.0,0.08166666666666667,0.9793742078365825,4.057699796707151,4.09293533218705,53.519715334833194,0.020353931438170093,cutoff,S3_gaming,1
296.0,0.08222222222222222,0.9792341081133027,4.057422848976038,4.092935215790733,53.51269472887324,0.020345173923557506,cutoff,S3_gaming,1
298.0,0.08277777777777778,0.9790939988207205,4.057145376010895,4.092935129149189,53.5056613047158,0.020336910723370436,cutoff,S3_gaming,1
300.0,0.08333333333333333,0.9789538799390598,4.056867402375162,4.092935064656109,53.49861568379496,0.020329117868473478,cutoff,S3_gaming,1
302.0,0.08388888888888889,0.9788137514495572,4.0565889514100775,4.092935016649606,53.4915584573947,0.020321772551608875,cutoff,S3_gaming,1
304.0,0.08444444444444445,0.978673613334372,4.056310045301627,4.092934980915164,53.48449018810244,0.020314853071362764,cutoff,S3_gaming,1
306.0,0.085,0.9785334655765111,4.056030705142314,4.092934954315634,53.477411411194616,0.02030833877876023,cutoff,S3_gaming,1
308.0,0.08555555555555555,0.9783933081597652,4.055750950988456,4.09293493451583,53.47032263595738,0.020302210026384767,cutoff,S3_gaming,1
310.0,0.08611111111111111,0.9782531410686541,4.055470801913628,4.092934919777515,53.463224346944294,0.020296448119916884,cutoff,S3_gaming,1
312.0,0.08666666666666667,0.9781129642883786,4.055190276058701,4.092934908806804,53.45611700517482,0.02029103527198726,cutoff,S3_gaming,1
314.0,0.08722222222222223,0.9779727778047782,4.054909390678858,4.0929349006405715,53.449001049274756,0.020285954558241705,cutoff,S3_gaming,1
316.0,0.08777777777777777,0.9778325816042935,4.054628162187874,4.0929348945619,53.44187689656251,0.020281189875517656,cutoff,S3_gaming,1
318.0,0.08833333333333333,0.9776923756739314,4.054346606199919,4.09293489003714,53.43474494408278,0.02027672590203507,cutoff,S3_gaming,1
320.0,0.08888888888888889,0.9775521600012341,4.054064737569088,4.092934886669058,53.427605569590504,0.020272548059507862,cutoff,S3_gaming,1
322.0,0.08944444444444444,0.9774119345742501,4.053782570426814,4.092934884161971,53.42045913248723,0.020268642477085614,cutoff,S3_gaming,1
324.0,0.09,0.9772716993815078,4.05350011821735,4.092934882295778,53.41330597471232,0.020264995957038935,cutoff,S3_gaming,1
326.0,0.09055555555555556,0.9771314544119902,4.053217393731408,4.092934880906647,53.40614642159085,0.020261595942105443,cutoff,S3_gaming,1
328.0,0.09111111111111111,0.9769911996551123,4.0529344091380946,4.092934879872623,53.39898078264059,0.020258430484416994,cutoff,S3_gaming,1
330.0,0.09166666666666666,0.9768509351006984,4.052651176015254,4.0929348791029305,53.39180935233978,0.02025548821593235,cutoff,S3_gaming,1
332.0,0.09222222222222222,0.9767106607389626,4.052367705378266,4.092934878529998,53.384632410857634,0.020252758320302836,cutoff,S3_gaming,1
334.0,0.09277777777777778,0.9765703765604886,4.05208400770745,4.092934878103525,53.37745022474955,0.02025023050610198,cutoff,S3_gaming,1
336.0,0.09333333333333334,0.9764300825562117,4.051800092974089,4.092934877786073,53.37026304761837,0.020247894981353307,cutoff,S3_gaming,1
338.0,0.09388888888888888,0.9762897787174015,4.051515970665191,4.092934877549772,53.36307112074373,0.020245742429293525,cutoff,S3_gaming,1
340.0,0.09444444444444444,0.9761494650356457,4.051231649807021,4.092934877373878,53.35587467368074,0.020243763985311414,cutoff,S3_gaming,1
342.0,0.095,0.9760091415028339,4.050947138987492,4.092934877242948,53.34867392482968,0.02024195121500545,cutoff,S3_gaming,1
344.0,0.09555555555555556,0.9758688081111434,4.050662446377457,4.092934877145487,53.34146908197796,0.020240296093306017,cutoff,S3_gaming,1
346.0,0.0961111111111111,0.975728464853025,4.050377579750969,4.092934877072942,53.33426034281575,0.02023879098461061,cutoff,S3_gaming,1
348.0,0.09666666666666666,0.9755881117211895,4.050092546504542,4.0929348770189415,53.327047895426524,0.02023742862388296,cutoff,S3_gaming,1
350.0,0.09722222222222222,0.9754477487085953,4.0498073536754875,4.092934876978745,53.31983191875407,0.020236202098669283,cutoff,S3_gaming,1
352.0,0.09777777777777778,0.9753073758084361,4.049522007959346,4.092934876948824,53.312612583046366,0.02023510483198724,cutoff,S3_gaming,1
354.0,0.09833333333333333,0.9751669930141295,4.049236515726488,4.092934876926552,53.30539005027811,0.020234130566045255,cutoff,S3_gaming,1
356.0,0.09888888888888889,0.9750266003193062,4.0489508830378815,4.092934876909974,53.29816447455299,0.020233273346751915,cutoff,S3_gaming,1
358.0,0.09944444444444445,0.9748861977177997,4.048665115660126,4.092934876897633,53.29093600248571,0.020232527508977097,cutoff,S3_gaming,1
360.0,0.1,0.9747457852036363,4.048379219079728,4.092934876888447,53.28370477356634,0.020231887662528397,cutoff,S3_gaming,1
362.0,0.10055555555555555,0.9746053627710255,4.048093198516706,4.09293487688161,53.27647092050617,0.020231348678808103,cutoff,S3_gaming,1
364.0,0.10111111111111111,0.9744649304143516,4.0478070589375115,4.0929348768765195,53.26923456956729,0.02023090567811774,cutoff,S3_gaming,1
366.0,0.10166666666666667,0.9743244881281647,4.047520805067344,4.0929348768727305,53.26199584087592,0.020230554017578704,cutoff,S3_gaming,1
368.0,0.10222222222222223,0.9741840359071733,4.047234441401855,4.0929348768699105,53.254754848720516,0.02023028927963915,cutoff,S3_gaming,1
370.0,0.10277777777777777,0.974022455360103,4.034590512185163,4.69404159768895,53.24259577799866,0.02037842116953287,cutoff,S3_gaming,1
372.0,0.10333333333333333,0.9738722237042712,4.040767423006185,4.370968125196539,53.233265913368434,0.020439625581361164,cutoff,S3_gaming,1
374.0,0.10388888888888889,0.9737222829529344,4.0405789956219085,4.362297799468604,53.22408156218521,0.020495802000595576,cutoff,S3_gaming,1
376.0,0.10444444444444445,0.973572555480557,4.040350507387546,4.355843897622352,53.21501829798767,0.020547740807823255,cutoff,S3_gaming,1
378.0,0.105,0.9734229835244534,4.04009267448672,4.351039827931306,53.20605731915815,0.020596054339958432,cutoff,S3_gaming,1
380.0,0.10555555555555556,0.9732735241044992,4.039813449314346,4.3474638383754955,53.19718404036024,0.020641221252295335,cutoff,S3_gaming,1
382.0,0.10611111111111111,0.973124145242646,4.039518728744233,4.344801990790916,53.18838704297437,0.020683619588495534,cutoff,S3_gaming,1
384.0,0.10666666666666667,0.9729748231494202,4.039212880970645,4.342820600058937,53.17965729265489,0.02072355144663649,cutoff,S3_gaming,1
386.0,0.10722222222222222,0.9728255401299233,4.038899137455139,4.341345718756374,53.17098755569518,0.020761261389231594,cutoff,S3_gaming,1
388.0,0.10777777777777778,0.9726762830252602,4.038579884545317,4.340247866211925,53.162371963389354,0.020796950195087798,cutoff,S3_gaming,1
390.0,0.10833333333333334,0.9725270420524497,4.038256880457827,4.339430661324142,53.15380568659024,0.02083078514194436,cutoff,S3_gaming,1
392.0,0.10888888888888888,0.9723778099409185,4.037931416729521,4.33882236120953,53.145284692336034,0.020862907704720653,cutoff,S3_gaming,1
394.0,0.10944444444444444,0.9722285812897491,4.037604438346051,4.338369562853856,53.13680556161251,0.020893439327970786,cutoff,S3_gaming,1
396.0,0.11,0.972079352089244,4.037276633118899,4.338032514831052,53.128365352671125,0.0209224857628172,cutoff,S3_gaming,1
398.0,0.11055555555555556,0.9719301193648027,4.03694849817641,4.337781627502835,53.11996149830506,0.020950140333374414,cutoff,S3_gaming,1
400.0,0.1111111111111111,0.9717808809118447,4.03662038942211,4.337594875327475,53.11159172844854,0.0209764864044492,cutoff,S3_gaming,1
402.0,0.11166666666666666,0.9716402082501854,4.041309058988309,4.093339659752194,53.10524702351744,0.02094139022832224,cutoff,S3_gaming,1
404.0,0.11222222222222222,0.9714995304388468,4.0410580670191525,4.093236183770605,53.09885740279972,0.020908041880670525,cutoff,S3_gaming,1
406.0,0.11277777777777778,0.9713588464883149,4.040804824044324,4.093159159694513,53.092424840443044,0.020876363068142494,cutoff,S3_gaming,1
408.0,0.11333333333333333,0.9712181556487417,4.0405495427573,4.0931018255363165,53.085951267517004,0.020846277632631447,cutoff,S3_gaming,1
410.0,0.11388888888888889,0.971077457349303,4.040292398816858,4.093059147897546,53.079438560606704,0.020817711873029773,cutoff,S3_gaming,1
412.0,0.11444444444444445,0.970936751153026,4.040033539471956,4.093027380083937,53.0728885344102,0.020790594742644844,cutoff,S3_gaming,1
414.0,0.115,0.9707960367231342,4.039773090022921,4.0930037331810025,53.06630293726392,0.020764857956100266,cutoff,S3_gaming,1
416.0,0.11555555555555555,0.9706553137979669,4.039511158670007,4.092986131213637,53.0596834487972,0.02074043603080153,cutoff,S3_gaming,1
418.0,0.11611111111111111,0.9705145821722843,4.039247840159657,4.092973028895081,53.05303167912424,0.020717266281540532,cutoff,S3_gaming,1
420.0,0.11666666666666667,0.9703738416833255,4.038983218533942,4.092963275965309,53.04634916913412,0.020695288781976226,cutoff,S3_gaming,1
422.0,0.11722222222222223,0.9702330922004075,4.038717369210729,4.092956016209051,53.03963739155601,0.020674446303131918,cutoff,S3_gaming,1
424.0,0.11777777777777777,0.9700923336171599,4.038450360563989,4.0929506122881625,53.03289775255949,0.02065468423637675,cutoff,S3_gaming,1
426.0,0.11833333333333333,0.9699515658457231,4.038182255130488,4.092946589789343,53.0261315937138,0.020635950506372864,cutoff,S3_gaming,1
428.0,0.11888888888888889,0.9698107888124107,4.037913110536858,4.092943595575127,53.019340194178085,0.020618195477995187,cutoff,S3_gaming,1
430.0,0.11944444444444445,0.9696700024544599,4.037642980217135,4.092941366781738,53.012524773026755,0.02060137186013666,cutoff,S3_gaming,1
432.0,0.12,0.9695292067175952,4.037371913972993,4.092939707742134,53.00568649164246,0.020585434608500628,cutoff,S3_gaming,1
434.0,0.12055555555555555,0.9693884015541977,4.037099958415583,4.09293847280828,52.99882645612735,0.02057034082888157,cutoff,S3_gaming,1
436.0,0.12111111111111111,0.969247586921925,4.036827157318079,4.092937553564629,52.99194571969669,0.0205560496819914,cutoff,S3_gaming,1
438.0,0.12166666666666667,0.9691067627826695,4.0365535519005675,4.092936869310256,52.98504528503099,0.020542522290560958,cutoff,S3_gaming,1
440.0,0.12222222222222222,0.968965929101767,4.036279181063495,4.092936359974078,52.97812610656922,0.020529721649205256,cutoff,S3_gaming,1
442.0,0.12277777777777778,0.9688250858473945,4.0360040815818055,4.092935980841182,52.97118909273175,0.02051761253736429,cutoff,S3_gaming,1
444.0,0.12333333333333334,0.968684232990107,4.0357282882687855,4.092935698627277,52.96423510806623,0.02050616143550201,cutoff,S3_gaming,1
446.0,0.1238888888888889,0.9685433705024815,4.035451834116463,4.092935488556639,52.95726497531196,0.02049533644465254,cutoff,S3_gaming,1
448.0,0.12444444444444444,0.9684024983588391,4.035174750417625,4.09293533218705,52.95027947738121,0.020485107209335,cutoff,S3_gaming,1
450.0,0.125,0.9682616165350261,4.034897066873331,4.092935215790733,52.94327935925668,0.020475444843810503,cutoff,S3_gaming,1
452.0,0.12555555555555556,0.968120725008241,4.034618811688795,4.092935129149189,52.936265329806766,0.020466321861621013,cutoff,S3_gaming,1
454.0,0.12611111111111112,0.9679798237568943,4.034340011659855,4.092935064656109,52.929238063519065,0.02045771210832665,cutoff,S3_gaming,1
456.0,0.12666666666666668,0.9678389127604949,4.034060692251697,4.092935016649606,52.922198202155464,0.020449590697342743,cutoff,S3_gaming,1
458.0,0.1272222222222222,0.9676979919995558,4.033780877671126,4.092934980915164,52.91514635633039,0.02044193394876824,cutoff,S3_gaming,1
460.0,0.12777777777777777,0.9675570614555143,4.033500590933347,4.092934954315634,52.90808310701546,0.020434719331091592,cutoff,S3_gaming,1
462.0,0.12833333333333333,0.9674161211106652,4.033219853924062,4.09293493451583,52.901009006973254,0.02042792540565778,cutoff,S3_gaming,1
464.0,0.1288888888888889,0.9672751709481016,4.032938687457449,4.092934919777515,52.89392458212296,0.02042153177377984,cutoff,S3_gaming,1
466.0,0.12944444444444445,0.9671342109516639,4.032657111330521,4.092934908806804,52.88683033284093,0.020415519026379416,cutoff,S3_gaming,1
468.0,0.13,0.9669932411058944,4.032375144374253,4.0929349006405715,52.87972673519897,0.020409868696043304,cutoff,S3_gaming,1
470.0,0.13055555555555556,0.9668522613959957,4.032092804501758,4.0929348945619,52.87261424214314,0.020404563211385795,cutoff,S3_gaming,1
472.0,0.13111111111111112,0.9667112718077941,4.031810108753811,4.09293489003714,52.8654932846159,0.020399585853610323,cutoff,S3_gaming,1
474.0,0.13166666666666665,0.9665702723277052,4.0315270733419055,4.092934886669058,52.8583642726238,0.0203949207151676,cutoff,S3_gaming,1
476.0,0.1322222222222222,0.9664292629427024,4.031243713689032,4.092934884161971,52.85122759625402,0.02039055266041147,cutoff,S3_gaming,1
478.0,0.13277777777777777,0.9662882436402876,4.030960044468346,4.092934882295778,52.84408362664137,0.02038646728815774,cutoff,S3_gaming,1
480.0,0.13333333333333333,0.9661472144084646,4.030676079639857,4.092934880906647,52.836932716888775,0.020382650896055222,cutoff,S3_gaming,1
482.0,0.1338888888888889,0.9660061752357129,4.030391832485253,4.092934879872623,52.829775202942805,0.02037909044668233,cutoff,S3_gaming,1
484.0,0.13444444444444445,0.9658651261109638,4.030107315640983,4.0929348791029305,52.82261140442721,0.02037577353528634,cutoff,S3_gaming,1
486.0,0.135,0.9657240670235783,4.029822541129701,4.092934878529998,52.81544162543551,0.020372688359086278,cutoff,S3_gaming,1
488.0,0.13555555555555557,0.9655829979633255,4.029537520390132,4.092934878103525,52.80826615528568,0.02036982368806409,cutoff,S3_gaming,1
490.0,0.1361111111111111,0.9654419189203624,4.02925226430548,4.092934877786073,52.80108526923769,0.0203671688371722,cutoff,S3_gaming,1
492.0,0.13666666666666666,0.9653008298852146,4.028966783230442,4.092934877549772,52.793899229176574,0.02036471363988901,cutoff,S3_gaming,1
494.0,0.13722222222222222,0.9651597308487588,4.028681087016882,4.092934877373878,52.786708284262254,0.02036244842305715,cutoff,S3_gaming,1
496.0,0.13777777777777778,0.9650186218022052,4.028395185038273,4.092934877242948,52.77951267154766,0.02036036398294236,cutoff,S3_gaming,1
498.0,0.13833333333333334,0.9648775027370812,4.02810908621292,4.092934877145487,52.772312616566964,0.020358451562453885,cutoff,S3_gaming,1
500.0,0.1388888888888889,0.964736373645216,4.027822799026071,4.092934877072942,52.76510833389533,0.02035670282947011,cutoff,S3_gaming,1
502.0,0.13944444444444445,0.9645952345187262,4.027536331550942,4.0929348770189415,52.75790002768124,0.020355109856215862,cutoff,S3_gaming,1
504.0,0.14,0.9644540853500011,4.027249691468715,4.092934876978745,52.75068789215324,0.020353665099640345,cutoff,S3_gaming,1
506.0,0.14055555555555554,0.9643129261316901,4.026962886087579,4.092934876948824,52.743472112101685,0.020352361382747278,cutoff,S3_gaming,1
508.0,0.1411111111111111,0.9641717568566897,4.026675922360823,4.092934876926552,52.73625286333762,0.020351191876830953,cutoff,S3_gaming,1
510.0,0.14166666666666666,0.9640305775181315,4.02638880690407,4.092934876909974,52.729030313128796,0.020350150084574307,cutoff,S3_gaming,1
512.0,0.14222222222222222,0.9638893881093711,4.026101546011658,4.092934876897633,52.72180462061494,0.020349229823967217,cutoff,S3_gaming,1
514.0,0.14277777777777778,0.9637481886239767,4.025814145672242,4.092934876888447,52.71457593720271,0.020348425213005172,cutoff,S3_gaming,1
516.0,0.14333333333333334,0.9636069790557191,4.025526611583618,4.09293487688161,52.70734440694128,0.020347730655130503,cutoff,S3_gaming,1
518.0,0.1438888888888889,0.9634657593985617,4.025238949166851,4.0929348768765195,52.70011016687991,0.020347140825380104,cutoff,S3_gaming,1
520.0,0.14444444444444443,0.9633245296466513,4.024951163579688,4.0929348768727305,52.692873347408174,0.020346650657205395,cutoff,S3_gaming,1
522.0,0.145,0.9631832897943089,4.024663259729354,4.0929348768699105,52.685634072579376,0.020346255329931884,cutoff,S3_gaming,1
524.0,0.14555555555555555,0.9630420398360215,4.024375242284694,4.092934876867812,52.67839246041861,0.020345950256827297,cutoff,S3_gaming,1
526.0,0.1461111111111111,0.9629007797664342,4.024087115687755,4.092934876866249,52.6711486232155,0.02034573107374875,cutoff,S3_gaming,1
528.0,0.14666666666666667,0.9627595095803416,4.023798884164778,4.092934876865086,52.66390266780295,0.020345593628340857,cutoff,S3_gaming,1
530.0,0.14722222222222223,0.9626182292726818,4.023510551736683,4.09293487686422,52.656654695822404,0.02034553396975805,cutoff,S3_gaming,1
532.0,0.14777777777777779,0.9624769388385284,4.023222122229017,4.092934876863575,52.649404803975926,0.020345548338885643,cutoff,S3_gaming,1
534.0,0.14833333333333334,0.9623356382730843,4.022933599281452,4.0929348768630955,52.64215308426626,0.020345633159035464,cutoff,S3_gaming,1
536.0,0.14888888888888888,0.9621943275716756,4.022644986356794,4.0929348768627385,52.634899624225284,0.020345785027093038,cutoff,S3_gaming,1
538.0,0.14944444444444444,0.962053006729745,4.022356286749567,4.092934876862473,52.62764450713113,0.02034600070509435,cutoff,S3_gaming,1
540.0,0.15,0.961911675742847,4.022067503594181,4.092934876862275,52.62038781221485,0.020346277112211406,cutoff,S3_gaming,1
542.0,0.15055555555555555,0.9617703346066413,4.021778639872701,4.092934876862127,52.61312961485724,0.020346611317126718,cutoff,S3_gaming,1
544.0,0.1511111111111111,0.9616289833168888,4.021489698422236,4.092934876862018,52.60586998677579,0.020347000530777835,cutoff,S3_gaming,1
546.0,0.15166666666666667,0.9614876218694461,4.021200681941979,4.0929348768619365,52.59860899620266,0.02034744209945399,cutoff,S3_gaming,1
548.0,0.15222222222222223,0.9613462502602608,4.020911592999897,4.092934876861876,52.591346708054154,0.020347933498227742,cutoff,S3_gaming,1
550.0,0.1527777777777778,0.961204868485367,4.0206224340390975,4.092934876861831,52.5840831840918,0.020348472324705387,cutoff,S3_gaming,1
552.0,0.15333333333333332,0.9610634765408816,4.020333207383886,4.092934876861797,52.57681848307559,0.020349056293080637,cutoff,S3_gaming,1
554.0,0.15388888888888888,0.9609220744229996,4.020043915245536,4.092934876861772,52.5695526609099,0.020349683228476884,cutoff,S3_gaming,1
556.0,0.15444444444444444,0.9607806621279905,4.019754559727768,4.0929348768617535,52.56228577078217,0.020350351061564003,cutoff,S3_gaming,1
558.0,0.155,0.960639239652195,4.019465142831971,4.092934876861739,52.55501786329507,0.02035105782343643,cutoff,S3_gaming,1
560.0,0.15555555555555556,0.960497806992021,4.019175666462171,4.092934876861729,52.54774898659193,0.020351801640739745,cutoff,S3_gaming,1
562.0,0.15611111111111112,0.9603563641439407,4.018886132429752,4.0929348768617215,52.540479186476276,0.020352580731033822,cutoff,S3_gaming,1
564.0,0.15666666666666668,0.9602149111044871,4.018596542457948,4.092934876861715,52.53320850652572,0.020353393398380937,cutoff,S3_gaming,1
566.0,0.15722222222222224,0.9600734478702513,4.01830689818613,4.092934876861712,52.52593698819978,0.02035423802914801,cutoff,S3_gaming,1
568.0,0.15777777777777777,0.9599319744378795,4.018017201173865,4.092934876861708,52.518664670943146,0.020355113088012564,cutoff,S3_gaming,1
570.0,0.15833333333333333,0.9597904908040704,4.017727452904797,4.0929348768617055,52.51139159228333,0.02035601711416248,cutoff,S3_gaming,1
572.0,0.15888888888888889,0.9596489969655726,4.017437654790325,4.092934876861704,52.50411778792391,0.0203569487176802,cutoff,S3_gaming,1
574.0,0.15944444444444444,0.9595074929191819,4.017147808173113,4.092934876861703,52.49684329183327,0.02035790657610238,cutoff,S3_gaming,1
576.0,0.16,0.9593659786617393,4.016857914330419,4.092934876861702,52.489568136328764,0.02035888943114651,cutoff,S3_gaming,1
578.0,0.16055555555555556,0.9592244541901288,4.016567974477278,4.092934876861701,52.482292352156975,0.020359896085596366,cutoff,S3_gaming,1
580.0,0.16111111111111112,0.9590829195012749,4.016277989769511,4.0929348768617,52.47501596857009,0.020360925400338636,cutoff,S3_gaming,1
582.0,0.16166666666666665,0.9589413745921409,4.0159879613066085,4.0929348768617,52.46773901339847,0.020361976291543325,cutoff,S3_gaming,1
584.0,0.1622222222222222,0.9587998194597269,4.015697890134455,4.0929348768617,52.46046151311976,0.020363047727981,cutoff,S3_gaming,1
586.0,0.16277777777777777,0.9586582541010681,4.015407777247937,4.092934876861699,52.45318349292464,0.020364138728470232,cutoff,S3_gaming,1
588.0,0.16333333333333333,0.9585166785132327,4.015117623593412,4.092934876861699,52.44590497677935,0.020365248359448893,cutoff,S3_gaming,1
590.0,0.1638888888888889,0.9583750926933209,4.014827430071065,4.092934876861699,52.43862598748512,0.02036637573266333,cutoff,S3_gaming,1
592.0,0.16444444444444445,0.9582334966384625,4.014537197537151,4.092934876861699,52.4313465467349,0.02036752000296966,cutoff,S3_gaming,1
594.0,0.165,0.958091890345816,4.014246926806126,4.092934876861699,52.42406667516713,0.020368680366241784,cutoff,S3_gaming,1
596.0,0.16555555555555557,0.9579502738125671,4.013956618652674,4.092934876861699,52.416786392417,0.020369856057380904,cutoff,S3_gaming,1
598.0,0.1661111111111111,0.9578086470359273,4.013666273813636,4.092934876861699,52.40950571716518,0.02037104634842165,cutoff,S3_gaming,1
600.0,0.16666666666666666,0.9576670100131323,4.013375892989847,4.092934876861699,52.402224667184235,0.02037225054673009,cutoff,S3_gaming,1
602.0,0.16722222222222222,0.9575253627414413,4.013085476847888,4.092934876861699,52.3949432593828,0.02037346799328921,cutoff,S3_gaming,1
604.0,0.16777777777777778,0.9573837052181355,4.012795026021736,4.092934876861699,52.38766150984741,0.020374698061067585,cutoff,S3_gaming,1
606.0,0.16833333333333333,0.9572420374405172,4.01250454111436,4.092934876861699,52.380379433882595,0.020375940153467213,cutoff,S3_gaming,1
608.0,0.1688888888888889,0.9571003594059083,4.012214022699217,4.092934876861699,52.373097046048855,0.020377193702846675,cutoff,S3_gaming,1
610.0,0.16944444444444445,0.95695867111165,4.011923471321683,4.092934876861699,52.36581436019867,0.020378458169115966,cutoff,S3_gaming,1
612.0,0.17,0.9568169725551011,4.011632887500427,4.092934876861699,52.358531389511086,0.020379733038399513,cutoff,S3_gaming,1
614.0,0.17055555555555554,0.9566752637336378,4.0113422717286875,4.092934876861699,52.35124814652444,0.020381017821764068,cutoff,S3_gaming,1
616.0,0.1711111111111111,0.956533544644652,4.011051624475525,4.092934876861699,52.34396464316726,0.02038231205400834,cutoff,S3_gaming,1
618.0,0.17166666666666666,0.9563918152855515,4.010760946186985,4.092934876861699,52.33668089078819,0.020383615292511356,cutoff,S3_gaming,1
620.0,0.17222222222222222,0.9562500756537583,4.010470237287216,4.092934876861699,52.32939690018395,0.020384927116136733,cutoff,S3_gaming,1
622.0,0.17277777777777778,0.9561083257467083,4.010179498179536,4.092934876861699,52.32211268162634,0.020386247124190075,cutoff,S3_gaming,1
624.0,0.17333333333333334,0.9559665655618507,4.009888729247438,4.092934876861699,52.31482824488754,0.020387574935427016,cutoff,S3_gaming,1
626.0,0.1738888888888889,0.9558247950966468,4.009597930855553,4.092934876861699,52.30754359926457,0.02038891018710937,cutoff,S3_gaming,1
628.0,0.17444444444444446,0.9556830143485698,4.009307103350569,4.092934876861699,52.30025875360226,0.020390252534107083,cutoff,S3_gaming,1
630.0,0.175,0.9555412233151045,4.009016247062097,4.092934876861699,52.29297371631532,0.02039160164804379,cutoff,S3_gaming,1
632.0,0.17555555555555555,0.9553994219937457,4.008725362303503,4.092934876861699,52.2856884954091,0.020392957216483803,cutoff,S3_gaming,1
634.0,0.1761111111111111,0.9552576103819986,4.008434449372693,4.092934876861699,52.278403098499645,0.02039431894215858,cutoff,S3_gaming,1
636.0,0.17666666666666667,0.9551157884773778,4.008143508552866,4.092934876861699,52.271117532832534,0.0203956865422307,cutoff,S3_gaming,1
638.0,0.17722222222222223,0.9549739562774069,4.007852540113223,4.092934876861699,52.26383180530082,0.020397059747593607,cutoff,S3_gaming,1
640.0,0.17777777777777778,0.9548321137796181,4.007561544309656,4.092934876861699,52.25654592246226,0.02039843830220527,cutoff,S3_gaming,1
642.0,0.17833333333333334,0.9546902609815516,4.007270521385379,4.092934876861699,52.249259890555635,0.02039982196245423,cutoff,S3_gaming,1
644.0,0.17888888888888888,0.9545483978807554,4.006979471571558,4.092934876861699,52.24197371551602,0.020401210496556393,cutoff,S3_gaming,1
646.0,0.17944444444444443,0.9544065244747846,4.006688395087884,4.092934876861699,52.2346874029899,0.020402603683981082,cutoff,S3_gaming,1
648.0,0.18,0.9542646407612012,4.0063972921431334,4.092934876861699,52.22740095834886,0.020404001314904968,cutoff,S3_gaming,1
650.0,0.18055555555555555,0.9541227467375737,4.006106162935706,4.092934876861699,52.22011438670311,0.020405403189692473,cutoff,S3_gaming,1
652.0,0.1811111111111111,0.9539808424014766,4.005815007654112,4.092934876861699,52.21282769291424,0.02040680911840141,cutoff,S3_gaming,1
654.0,0.18166666666666667,0.9538389277504903,4.005523826477466,4.092934876861699,52.20554088160708,0.0204082189203126,cutoff,S3_gaming,1
656.0,0.18222222222222223,0.9536970027822006,4.005232619575937,4.092934876861699,52.19825395718147,0.02040963242348231,cutoff,S3_gaming,1
658.0,0.1827777777777778,0.9535550674941985,4.004941387111178,4.092934876861699,52.19096692382299,0.02041104946431643,cutoff,S3_gaming,1
660.0,0.18333333333333332,0.9534131218840798,4.004650129236751,4.092934876861699,52.18367978551347,0.02041246988716529,cutoff,S3_gaming,1
662.0,0.18388888888888888,0.9532711659494448,4.004358846098509,4.092934876861699,52.17639254604087,0.020413893543938168,cutoff,S3_gaming,1
664.0,0.18444444444444444,0.9531291996878984,4.004067537834972,4.092934876861699,52.16910520900867,0.02041532029373646,cutoff,S3_gaming,1
666.0,0.185,0.9529872230970494,4.0037762045776875,4.092934876861699,52.16181777784489,0.02041675000250471,cutoff,S3_gaming,1
668.0,0.18555555555555556,0.9528452361745104,4.003484846451563,4.092934876861699,52.154530255810606,0.020418182542698515,cutoff,S3_gaming,1
670.0,0.18611111111111112,0.9527032389178977,4.0031934635751885,4.092934876861699,52.14724264600798,0.0204196177929686,cutoff,S3_gaming,1
672.0,0.18666666666666668,0.9525612313248307,4.002902056061152,4.092934876861699,52.13995495138809,0.02042105563786017,cutoff,S3_gaming,1
674.0,0.18722222222222223,0.9524192133929325,4.002610624016315,4.092934876861699,52.13266717475822,0.0204224959675269,cutoff,S3_gaming,1
676.0,0.18777777777777777,0.9522771851198286,4.002319167542105,4.092934876861699,52.125379318788866,0.020423938677458772,cutoff,S3_gaming,1
678.0,0.18833333333333332,0.9521351465031479,4.00202768673477,4.092934876861699,52.1180913860203,0.02042538366822313,cutoff,S3_gaming,1
680.0,0.18888888888888888,0.9519930975405214,4.001736181685634,4.092934876861699,52.11080337886904,0.02042683084521831,cutoff,S3_gaming,1
682.0,0.18944444444444444,0.9518510382295828,4.001444652481331,4.092934876861699,52.103515299633784,0.020428280118439196,cutoff,S3_gaming,1
684.0,0.19,0.9517089685679682,4.0011530992040445,4.092934876861699,52.09622715050109,0.0204297314022542,cutoff,S3_gaming,1
686.0,0.19055555555555556,0.9515668885533155,4.000861521931704,4.092934876861699,52.08893893355098,0.020431184615193013,cutoff,S3_gaming,1
688.0,0.19111111111111112,0.9514247981832649,4.000569920738208,4.092934876861699,52.08165065076188,0.020432639679744694,cutoff,S3_gaming,1
690.0,0.19166666666666668,0.9512826974554582,4.0002782956936125,4.092934876861699,52.07436230401573,0.020434096522165532,cutoff,S3_gaming,1
692.0,0.1922222222222222,0.9511405863675393,3.9999866468643206,4.092934876861699,52.0670738951027,0.020435555072296253,cutoff,S3_gaming,1
694.0,0.19277777777777777,0.9509984649171532,3.999694974313254,4.092934876861699,52.05978542572552,0.02043701526338808,cutoff,S3_gaming,1
696.0,0.19333333333333333,0.9508563331019468,3.9994032781000257,4.092934876861699,52.052496897503794,0.020438477031937245,cutoff,S3_gaming,1
698.0,0.1938888888888889,0.9507141909195682,3.999111558281102,4.092934876861699,52.045208311978044,0.02043994031752752,cutoff,S3_gaming,1
700.0,0.19444444444444445,0.9505720383676667,3.9988198149099516,4.092934876861699,52.037919670613526,0.0204414050626804,cutoff,S3_gaming,1
702.0,0.195,0.9504298754438928,3.9985280480371954,4.092934876861699,52.03063097480393,0.020442871212712554,cutoff,S3_gaming,1
704.0,0.19555555555555557,0.9502877021458981,3.9982362577107367,4.092934876861699,52.02334222587482,0.020444338715600193,cutoff,S3_gaming,1
706.0,0.19611111111111112,0.950145518471335,3.9979444439759013,4.092934876861699,52.01605342508694,0.02044580752185001,cutoff,S3_gaming,1
708.0,0.19666666666666666,0.9500033244178571,3.997652606875559,4.092934876861699,52.00876457363941,0.0204472775843764,cutoff,S3_gaming,1
710.0,0.19722222222222222,0.9498611199831184,3.9973607464502416,4.092934876861699,52.00147567267265,0.020448748858384623,cutoff,S3_gaming,1
712.0,0.19777777777777777,0.9497189051647739,3.997068862738258,4.092934876861699,51.99418672327127,0.020450221301259643,cutoff,S3_gaming,1
714.0,0.19833333333333333,0.949576679960479,3.9967769557758013,4.092934876861699,51.98689772646684,0.020451694872460364,cutoff,S3_gaming,1
716.0,0.1988888888888889,0.9494344443678899,3.99648502559705,4.092934876861699,51.97960868324033,0.020453169533418997,cutoff,S3_gaming,1
718.0,0.19944444444444445,0.949292198384663,3.9961930722342722,4.092934876861699,51.97231959452472,0.020454645247445297,cutoff,S3_gaming,1
720.0,0.2,0.9491499420084555,3.9959010957179055,4.092934876861699,51.96503046120725,0.020456121979635474,cutoff,S3_gaming,1
722.0,0.20055555555555554,0.9490076752369245,3.9956090960766595,4.092934876861699,51.95774128413159,0.0204575996967855,cutoff,S3_gaming,1
724.0,0.2011111111111111,0.9488653980677278,3.995317073337589,4.092934876861699,51.95045206410005,0.020459078367308633,cutoff,S3_gaming,1
726.0,0.20166666666666666,0.9487231104985233,3.995025027526183,4.092934876861699,51.94316280187559,0.020460557961156933,cutoff,S3_gaming,1
728.0,0.20222222222222222,0.948580812526969,3.9947329586664324,4.092934876861699,51.9358734981837,0.020462038449746613,cutoff,S3_gaming,1
730.0,0.20277777777777778,0.9484385041507232,3.994440866780908,4.092934876861699,51.928584153714176,0.020463519805886978,cutoff,S3_gaming,1
732.0,0.20333333333333334,0.948296185367444,3.994148751890826,4.092934876861699,51.921294769122916,0.02046500200371284,cutoff,S3_gaming,1
734.0,0.2038888888888889,0.9481538561747898,3.993856614016118,4.092934876861699,51.91400534503357,0.02046648501862019,cutoff,S3_gaming,1
736.0,0.20444444444444446,0.9480115165704189,3.9935644531754884,4.092934876861699,51.906715882039066,0.02046796882720502,cutoff,S3_gaming,1
738.0,0.205,0.9478691665519897,3.9932722693864746,4.092934876861699,51.899426380703105,0.02046945340720507,cutoff,S3_gaming,1
740.0,0.20555555555555555,0.9477268061171603,3.9929800626655094,4.092934876861699,51.89213684156172,0.02047093873744446,cutoff,S3_gaming,1
742.0,0.2061111111111111,0.9475844352635888,3.9926878330279654,4.092934876861699,51.884847265124314,0.020472424797780955,cutoff,S3_gaming,1
744.0,0.20666666666666667,0.9474420539889331,3.9923955804882123,4.092934876861699,51.87755765187525,0.020473911569055817,cutoff,S3_gaming,1
746.0,0.20722222222222222,0.9472996622908508,3.9921033050596657,4.092934876861699,51.87026800227496,0.02047539903304608,cutoff,S3_gaming,1
748.0,0.20777777777777778,0.9471572601669994,3.9918110067548285,4.092934876861699,51.86297831676105,0.02047688717241916,cutoff,S3_gaming,1
750.0,0.20833333333333334,0.9470148476150362,3.99151868558534,4.092934876861699,51.85568859574955,0.02047837597068964,cutoff,S3_gaming,1
752.0,0.2088888888888889,0.946872424632618,3.9912263415620175,4.092934876861699,51.84839883963578,0.020479865412178163,cutoff,S3_gaming,1
754.0,0.20944444444444443,0.9467299912174014,3.9909339746948915,4.092934876861699,51.84110904879553,0.020481355481972333,cutoff,S3_gaming,1
756.0,0.21,0.9465875473670426,3.990641584993248,4.092934876861699,51.83381922358582,0.020482846165889492,cutoff,S3_gaming,1
758.0,0.21055555555555555,0.9464450930791977,3.9903491724656632,4.092934876861699,51.82652936434609,0.02048433745044132,cutoff,S3_gaming,1
760.0,0.2111111111111111,0.9463026283515218,3.9900567371200393,4.092934876861699,51.819239471398745,0.020485829322800145,cutoff,S3_gaming,1
762.0,0.21166666666666667,0.9461601531816701,3.9897642789636314,4.092934876861699,51.8119495450502,0.020487321770766877,cutoff,S3_gaming,1
764.0,0.21222222222222223,0.9460176675672973,3.9894717980030903,4.092934876861699,51.80465958559155,0.02048881478274053,cutoff,S3_gaming,1
766.0,0.2127777777777778,0.9458751715060575,3.989179294244477,4.092934876861699,51.797369593299315,0.02049030834768919,cutoff,S3_gaming,1
768.0,0.21333333333333335,0.9457326649956042,3.9888867676933026,4.092934876861699,51.79007956843624,0.0204918024551224,cutoff,S3_gaming,1
770.0,0.21388888888888888,0.9455901480335905,3.988594218354552,4.092934876861699,51.78278951125191,0.020493297095064908,cutoff,S3_gaming,1
772.0,0.21444444444444444,0.9454476206176692,3.988301646232707,4.092934876861699,51.77549942198329,0.020494792258031653,cutoff,S3_gaming,1
774.0,0.215,0.9453050827454922,3.988009051331769,4.092934876861699,51.768209300855546,0.020496287935003986,cutoff,S3_gaming,1
776.0,0.21555555555555556,0.9451625344147111,3.9877164336552897,4.092934876861699,51.760919148082415,0.020497784117407047,cutoff,S3_gaming,1
778.0,0.21611111111111111,0.9450199756229767,3.9874237932063883,4.092934876861699,51.75362896386687,0.02049928079708823,cutoff,S3_gaming,1
780.0,0.21666666666666667,0.9448774063679394,3.9871311299877674,4.092934876861699,51.746338748401634,0.020500777966296693,cutoff,S3_gaming,1
782.0,0.21722222222222223,0.9447348266472488,3.986838444001743,4.092934876861699,51.73904850186965,0.020502275617663875,cutoff,S3_gaming,1
784.0,0.21777777777777776,0.9445922364585543,3.986545735250257,4.092934876861699,51.73175822444459,0.020503773744184942,cutoff,S3_gaming,1
786.0,0.21833333333333332,0.944449635799504,3.986253003734896,4.092934876861699,51.72446791629126,0.020505272339201148,cutoff,S3_gaming,1
788.0,0.21888888888888888,0.944307024667746,3.985960249456907,4.092934876861699,51.717177577566076,0.020506771396383034,cutoff,S3_gaming,1
790.0,0.21944444444444444,0.9441644030609272,3.9856674724172203,4.092934876861699,51.709887208417435,0.020508270909714466,cutoff,S3_gaming,1
792.0,0.22,0.9440217709766943,3.9853746726164556,4.092934876861699,51.70259680898614,0.020509770873477422,cutoff,S3_gaming,1
794.0,0.22055555555555556,0.943879128412693,3.9850818500549443,4.092934876861699,51.695306379405714,0.02051127128223754,cutoff,S3_gaming,1
796.0,0.22111111111111112,0.9437364753665684,3.984789004732738,4.092934876861699,51.68801591980282,0.020512772130830352,cutoff,S3_gaming,1
798.0,0.22166666666666668,0.9435938118359649,3.984496136649628,4.092934876861699,51.68072543029758,0.020514273414348194,cutoff,S3_gaming,1
800.0,0.2222222222222222,0.9434511378185263,3.984203245805152,4.092934876861699,51.673434911003824,0.02051577512812774,cutoff,S3_gaming,1
802.0,0.22277777777777777,0.9433084533118956,3.9839103321986116,4.092934876861699,51.66614436202948,0.020517277267738165,cutoff,S3_gaming,1
804.0,0.22333333333333333,0.943165758313715,3.9836173958290737,4.092934876861699,51.65885378347684,0.02051877982896985,cutoff,S3_gaming,1
806.0,0.2238888888888889,0.9430230528216259,3.983324436695398,4.092934876861699,51.65156317544277,0.020520282807823656,cutoff,S3_gaming,1
808.0,0.22444444444444445,0.9428803368332692,3.9830314547962318,4.092934876861699,51.644272538019074,0.020521786200500724,cutoff,S3_gaming,1
810.0,0.225,0.9427376103462849,3.982738450130028,4.092934876861699,51.636981871292704,0.02052329000339275,cutoff,S3_gaming,1
812.0,0.22555555555555556,0.9425948733583123,3.982445422695052,4.092934876861699,51.629691175345926,0.02052479421307275,cutoff,S3_gaming,1
814.0,0.22611111111111112,0.9424521258669897,3.9821523724893924,4.092934876861699,51.62240045025664,0.02052629882628625,cutoff,S3_gaming,1
816.0,0.22666666666666666,0.942309367869955,3.9818592995109663,4.092934876861699,51.61510969609857,0.020527803839942935,cutoff,S3_gaming,1
818.0,0.22722222222222221,0.9421665993648451,3.9815662037575335,4.092934876861699,51.60781891294139,0.02052930925110868,cutoff,S3_gaming,1
820.0,0.22777777777777777,0.9420238203492962,3.9812730852266958,4.092934876861699,51.60052810085107,0.020530815056997973,cutoff,S3_gaming,1
822.0,0.22833333333333333,0.9418810308209435,3.9809799439159117,4.092934876861699,51.593237259889875,0.02053232125496671,cutoff,S3_gaming,1
824.0,0.2288888888888889,0.9417382307774218,3.980686779822499,4.092934876861699,51.58594639011672,0.020533827842505334,cutoff,S3_gaming,1
826.0,0.22944444444444445,0.9415954202163647,3.9803935929436434,4.092934876861699,51.57865549158722,0.020535334817232315,cutoff,S3_gaming,1
828.0,0.23,0.9414525991354051,3.980100383276406,4.092934876861699,51.57136456435385,0.020536842176887934,cutoff,S3_gaming,1
830.0,0.23055555555555557,0.9413097675321753,3.979807150817722,4.092934876861699,51.56407360846621,0.02053834991932838,cutoff,S3_gaming,1
832.0,0.2311111111111111,0.9411669254043066,3.979513895564421,4.092934876861699,51.556782623970996,0.020539858042520134,cutoff,S3_gaming,1
834.0,0.23166666666666666,0.9410240727494293,3.979220617513216,4.092934876861699,51.54949161091227,0.020541366544534603,cutoff,S3_gaming,1
836.0,0.23222222222222222,0.9408812095651734,3.9789273166607204,4.092934876861699,51.542200569331555,0.020542875423543053,cutoff,S3_gaming,1
838.0,0.23277777777777778,0.9407383358491676,3.9786339930034456,4.092934876861699,51.53490949926792,0.02054438467781176,cutoff,S3_gaming,1
840.0,0.23333333333333334,0.9405954515990398,3.978340646537812,4.092934876861699,51.527618400758165,0.020545894305697393,cutoff,S3_gaming,1
842.0,0.2338888888888889,0.9404525568124174,3.9780472772601456,4.092934876861699,51.52032727383685,0.020547404305642645,cutoff,S3_gaming,1
844.0,0.23444444444444446,0.9403096514869266,3.9777538851666945,4.092934876861699,51.513036118536505,0.020548914676172057,cutoff,S3_gaming,1
846.0,0.235,0.940166735620193,3.977460470253617,4.092934876861699,51.50574493488761,0.020550425415888047,cutoff,S3_gaming,1
848.0,0.23555555555555555,0.9400238092098413,3.9771670325170008,4.092934876861699,51.4984537229188,0.020551936523467138,cutoff,S3_gaming,1
850.0,0.2361111111111111,0.9398808722534951,3.9768735719528534,4.092934876861699,51.49116248265692,0.020553447997656366,cutoff,S3_gaming,1
852.0,0.23666666666666666,0.9397379247487776,3.976580088557115,4.092934876861699,51.48387121412701,0.02055495983726986,cutoff,S3_gaming,1
854.0,0.23722222222222222,0.9395949666933108,3.976286582325661,4.092934876861699,51.4765799173526,0.020556472041185585,cutoff,S3_gaming,1
856.0,0.23777777777777778,0.9394519980847159,3.9759930532542977,4.092934876861699,51.46928859235562,0.02055798460834226,cutoff,S3_gaming,1
858.0,0.23833333333333334,0.9393090189206134,3.975699501338774,4.092934876861699,51.46199723915653,0.020559497537736407,cutoff,S3_gaming,1
860.0,0.2388888888888889,0.9391660291986226,3.9754059265747803,4.092934876861699,51.45470585777437,0.020561010828419546,cutoff,S3_gaming,1
862.0,0.23944444444444443,0.9390230289163624,3.9751123289579486,4.092934876861699,51.4474144482269,0.020562524479495536,cutoff,S3_gaming,1
864.0,0.24,0.9388800180714504,3.974818708483862,4.092934876861699,51.44012301053049,0.02056403849011803,cutoff,S3_gaming,1
866.0,0.24055555555555555,0.9387369966615037,3.9745250651480517,4.092934876861699,51.43283154470044,0.020565552859488075,cutoff,S3_gaming,1
868.0,0.2411111111111111,0.9385939646841381,3.974231398946001,4.092934876861699,51.42554005075084,0.020567067586851808,cutoff,S3_gaming,1
870.0,0.24166666666666667,0.938450922136969,3.973937709873145,4.092934876861699,51.41824852869464,0.020568582671498265,cutoff,S3_gaming,1
872.0,0.24222222222222223,0.9383078690176107,3.9736439979248788,4.092934876861699,51.41095697854383,0.020570098112757323,cutoff,S3_gaming,1
874.0,0.2427777777777778,0.9381648053236764,3.973350263096554,4.092934876861699,51.40366540030937,0.020571613909997698,cutoff,S3_gaming,1
876.0,0.24333333333333335,0.9380217310527788,3.9730565053834805,4.092934876861699,51.39637379400129,0.020573130062625077,cutoff,S3_gaming,1
878.0,0.24388888888888888,0.9378786462025294,3.9727627247809347,4.092934876861699,51.389082159628686,0.020574646570080332,cutoff,S3_gaming,1
880.0,0.24444444444444444,0.937735550770539,3.972468921284155,4.092934876861699,51.38179049719981,0.0205761634318378,cutoff,S3_gaming,1
882.0,0.245,0.9375924447544177,3.9721750948883403,4.092934876861699,51.37449880672216,0.020577680647403677,cutoff,S3_gaming,1
884.0,0.24555555555555555,0.9374493281517744,3.971881245588666,4.092934876861699,51.36720708820241,0.020579198216314473,cutoff,S3_gaming,1
886.0,0.2461111111111111,0.9373062009602171,3.9715873733802676,4.092934876861699,51.35991534164648,0.020580716138135537,cutoff,S3_gaming,1
888.0,0.24666666666666667,0.9371630631773531,3.971293478258254,4.092934876861699,51.35262356705962,0.02058223441245967,cutoff,S3_gaming,1
890.0,0.24722222222222223,0.9370199148007887,3.9709995602177077,4.092934876861699,51.345331764446385,0.020583753038905785,cutoff,S3_gaming,1
892.0,0.2477777777777778,0.9368767558281293,3.970705619253677,4.092934876861699,51.338039933810784,0.020585272017117663,cutoff,S3_gaming,1
894.0,0.24833333333333332,0.9367335862569796,3.9704116553611906,4.092934876861699,51.33074807515613,0.02058679134676273,cutoff,S3_gaming,1
896.0,0.24888888888888888,0.936590406084943,3.97011766853525,4.092934876861699,51.323456188485146,0.020588311027530923,cutoff,S3_gaming,1
898.0,0.24944444444444444,0.9364472153096225,3.969823658770831,4.092934876861699,51.3161642738001,0.0205898310591336,cutoff,S3_gaming,1
900.0,0.25,0.9363040139286198,3.9695296260628883,4.092934876861699,51.30887233110269,0.0205913514413025,cutoff,S3_gaming,1
902.0,0.25055555555555553,0.936160801939536,3.969235570406356,4.092934876861699,51.30158036039406,0.020592872173788756,cutoff,S3_gaming,1
904.0,0.2511111111111111,0.936017579339971,3.968941491796144,4.092934876861699,51.29428836167501,0.020594393256361976,cutoff,S3_gaming,1
906.0,0.25166666666666665,0.935874346127524,3.9686473902271433,4.092934876861699,51.28699633494579,0.020595914688809325,cutoff,S3_gaming,1
908.0,0.25222222222222224,0.9357311022997932,3.9683532656942275,4.092934876861699,51.27970428020624,0.020597436470934694,cutoff,S3_gaming,1
910.0,0.25277777777777777,0.9355878478543759,3.9680591181922504,4.092934876861699,51.272412197455814,0.02059895860255788,cutoff,S3_gaming,1
912.0,0.25333333333333335,0.9354445827888687,3.9677649477160486,4.092934876861699,51.26512008669361,0.02060048108351382,cutoff,S3_gaming,1
914.0,0.2538888888888889,0.935301307100867,3.967470754260441,4.092934876861699,51.257827947918244,0.020602003913651874,cutoff,S3_gaming,1
916.0,0.2544444444444444,0.9351580207879655,3.9671765378202304,4.092934876861699,51.250535781128114,0.02060352709283511,cutoff,S3_gaming,1
918.0,0.255,0.9350147238477579,3.9668822983902077,4.092934876861699,51.24324358632123,0.02060505062093965,cutoff,S3_gaming,1
920.0,0.25555555555555554,0.9348714162778369,3.966588035965145,4.092934876861699,51.23595136349527,0.020606574497854042,cutoff,S3_gaming,1
922.0,0.2561111111111111,0.9347280980757945,3.9662937505397995,4.092934876861699,51.22865911264759,0.020608098723478657,cutoff,S3_gaming,1
924.0,0.25666666666666665,0.9345847692392217,3.965999442108919,4.092934876861699,51.221366833775335,0.020609623297725123,cutoff,S3_gaming,1
926.0,0.25722222222222224,0.9344414297657087,3.965705110667236,4.092934876861699,51.214074526875294,0.020611148220515775,cutoff,S3_gaming,1
928.0,0.2577777777777778,0.9342980796528444,3.965410756209469,4.092934876861699,51.206782191944065,0.020612673491783143,cutoff,S3_gaming,1
930.0,0.25833333333333336,0.9341547188982172,3.965116378730328,4.092934876861699,51.199489828977924,0.02061419911146947,cutoff,S3_gaming,1
932.0,0.2588888888888889,0.9340113474994145,3.9648219782245087,4.092934876861699,51.19219743797297,0.02061572507952622,cutoff,S3_gaming,1
934.0,0.2594444444444444,0.9338679654540226,3.9645275546866947,4.092934876861699,51.18490501892507,0.020617251395913666,cutoff,S3_gaming,1
936.0,0.26,0.9337245727596271,3.9642331081115634,4.092934876861699,51.17761257182982,0.020618778060600435,cutoff,S3_gaming,1
938.0,0.26055555555555554,0.9335811694138124,3.963938638493778,4.092934876861699,51.170320096682694,0.02062030507356313,cutoff,S3_gaming,1
940.0,0.2611111111111111,0.9334377554141624,3.9636441458279936,4.092934876861699,51.16302759347888,0.020621832434785936,cutoff,S3_gaming,1
942.0,0.26166666666666666,0.9332943307582597,3.9633496301088535,4.092934876861699,51.155735062213466,0.020623360144260253,cutoff,S3_gaming,1
944.0,0.26222222222222225,0.9331508954436862,3.963055091330996,4.092934876861699,51.148442502881366,0.020624888201984354,cutoff,S3_gaming,1
946.0,0.2627777777777778,0.9330074494680229,3.9627605294890462,4.092934876861699,51.14114991547722,0.020626416607963056,cutoff,S3_gaming,1
948.0,0.2633333333333333,0.9328639928288497,3.9624659445776254,4.092934876861699,51.1338572999956,0.020627945362207405,cutoff,S3_gaming,1
950.0,0.2638888888888889,0.9327205255237456,3.962171336591342,4.092934876861699,51.126564656430894,0.02062947446473437,cutoff,S3_gaming,1
952.0,0.2644444444444444,0.9325770475502889,3.9618767055247988,4.092934876861699,51.11927198477737,0.020631003915566572,cutoff,S3_gaming,1
954.0,0.265,0.9324335589060568,3.9615820513725915,4.092934876861699,51.11197928502913,0.020632533714732,cutoff,S3_gaming,1
956.0,0.26555555555555554,0.9322900595886257,3.9612873741293066,4.092934876861699,51.104686557180145,0.02063406386226377,cutoff,S3_gaming,1
958.0,0.26611111111111113,0.9321465495955708,3.960992673789528,4.092934876861699,51.0973938012243,0.02063559435819986,cutoff,S3_gaming,1
960.0,0.26666666666666666,0.9320030289244665,3.960697950347824,4.092934876861699,51.09010101715528,0.020637125202582894,cutoff,S3_gaming,1
962.0,0.26722222222222225,0.9318594975728866,3.960403203798765,4.092934876861699,51.082808204966724,0.020638656395459913,cutoff,S3_gaming,1
964.0,0.2677777777777778,0.9317159555384035,3.960108434136911,4.092934876861699,51.075515364652134,0.020640187936882166,cutoff,S3_gaming,1
966.0,0.2683333333333333,0.931572402818589,3.959813641356817,4.092934876861699,51.068222496204925,0.020641719826904905,cutoff,S3_gaming,1
968.0,0.2688888888888889,0.9314288394110138,3.9595188254530296,4.092934876861699,51.060929599618454,0.0206432520655872,cutoff,S3_gaming,1
970.0,0.26944444444444443,0.9312852653132478,3.9592239864200933,4.092934876861699,51.05363667488584,0.020644784652991754,cutoff,S3_gaming,1
972.0,0.27,0.9311416805228598,3.958929124252543,4.092934876861699,51.04634372200027,0.020646317589184737,cutoff,S3_gaming,1
974.0,0.27055555555555555,0.9309980850374179,3.9586342389449105,4.092934876861699,51.039050740954735,0.020647850874235606,cutoff,S3_gaming,1
976.0,0.27111111111111114,0.9308544788544889,3.958339330491722,4.092934876861699,51.031757731742246,0.020649384508216965,cutoff,S3_gaming,1
978.0,0.27166666666666667,0.9307108619716391,3.9580443988874983,4.092934876861699,51.02446469435561,0.020650918491204408,cutoff,S3_gaming,1
980.0,0.2722222222222222,0.9305672343864337,3.9577494441267542,4.092934876861699,51.017171628787715,0.02065245282327638,cutoff,S3_gaming,1
982.0,0.2727777777777778,0.9304235960964369,3.9574544662040023,4.092934876861699,51.00987853503125,0.020653987504514037,cutoff,S3_gaming,1
984.0,0.2733333333333333,0.930279947099212,3.9571594651137456,4.092934876861699,51.00258541307888,0.02065552253500113,cutoff,S3_gaming,1
986.0,0.2738888888888889,0.9301362873923215,3.9568644408504885,4.092934876861699,50.99529226292317,0.020657057914823862,cutoff,S3_gaming,1
988.0,0.27444444444444444,0.9299926169733266,3.9565693934087256,4.092934876861699,50.98799908455671,0.0206585936440708,cutoff,S3_gaming,1
990.0,0.275,0.929848935839788,3.956274322782949,4.092934876861699,50.980705877971964,0.020660129722832737,cutoff,S3_gaming,1
992.0,0.27555555555555555,0.9297052439892652,3.955979228967648,4.092934876861699,50.97341264316134,0.020661666151202608,cutoff,S3_gaming,1
994.0,0.2761111111111111,0.929561541419317,3.955684111957305,4.092934876861699,50.966119380117235,0.020663202929275374,cutoff,S3_gaming,1
996.0,0.27666666666666667,0.9294178281275011,3.9553889717464012,4.092934876861699,50.958826088831934,0.02066474005714794,cutoff,S3_gaming,1
998.0,0.2772222222222222,0.9292741041113741,3.9550938083294103,4.092934876861699,50.95153276929772,0.020666277534919057,cutoff,S3_gaming,1
1000.0,0.2777777777777778,0.9291303693684919,3.954798621700805,4.092934876861699,50.94423942150684,0.020667815362689235,cutoff,S3_gaming,1
1002.0,0.2783333333333333,0.9289866238964095,3.954503411855052,4.092934876861699,50.936946045451414,0.02066935354056067,cutoff,S3_gaming,1
1004.0,0.2788888888888889,0.9288428676926808,3.9542081787866157,4.092934876861699,50.92965264112361,0.020670892068637155,cutoff,S3_gaming,1
1006.0,0.27944444444444444,0.9286991007548588,3.9539129224899563,4.092934876861699,50.92235920851555,0.02067243094702401,cutoff,S3_gaming,1
1008.0,0.28,0.9285553230804957,3.95361764295953,4.092934876861699,50.915065747619224,0.02067397017582801,cutoff,S3_gaming,1
1010.0,0.28055555555555556,0.9284115346671425,3.9533223401897897,4.092934876861699,50.90777225842673,0.02067550975515733,cutoff,S3_gaming,1
1012.0,0.2811111111111111,0.9282677355123495,3.9530270141751847,4.092934876861699,50.90047874092996,0.020677049685121462,cutoff,S3_gaming,1
1014.0,0.2816666666666667,0.928123925613666,3.9527316649101603,4.092934876861699,50.89318519512093,0.020678589965831166,cutoff,S3_gaming,1
1016.0,0.2822222222222222,0.9279801049686403,3.9524362923891614,4.092934876861699,50.885891620991515,0.020680130597398406,cutoff,S3_gaming,1
1018.0,0.2827777777777778,0.9278362735748197,3.952140896606623,4.092934876861699,50.87859801853362,0.020681671579936306,cutoff,S3_gaming,1
1020.0,0.2833333333333333,0.9276924314297507,3.951845477556985,4.092934876861699,50.87130438773909,0.020683212913559085,cutoff,S3_gaming,1
1022.0,0.2838888888888889,0.9275485785309788,3.9515500352346775,4.092934876861699,50.86401072859976,0.020684754598382014,cutoff,S3_gaming,1
1024.0,0.28444444444444444,0.9274047148760486,3.95125456963413,4.092934876861699,50.85671704110741,0.02068629663452136,cutoff,S3_gaming,1
1026.0,0.285,0.9272608404625037,3.95095908074977,4.092934876861699,50.8494233252538,0.020687839022094357,cutoff,S3_gaming,1
1028.0,0.28555555555555556,0.9271169552878867,3.9506635685760196,4.092934876861699,50.84212958103071,0.020689381761219153,cutoff,S3_gaming,1
1030.0,0.2861111111111111,0.9269730593497394,3.950368033107299,4.092934876861699,50.83483580842982,0.020690924852014764,cutoff,S3_gaming,1
1032.0,0.2866666666666667,0.9268291526456025,3.9500724743380253,4.092934876861699,50.82754200744288,0.020692468294601047,cutoff,S3_gaming,1
1034.0,0.2872222222222222,0.9266852351730159,3.9497768922626113,4.092934876861699,50.82024817806151,0.020694012089098653,cutoff,S3_gaming,1
1036.0,0.2877777777777778,0.9265413069295185,3.949481286875469,4.092934876861699,50.812954320277406,0.020695556235629003,cutoff,S3_gaming,1
1038.0,0.28833333333333333,0.9263973679126483,3.949185658171008,4.092934876861699,50.80566043408216,0.020697100734314237,cutoff,S3_gaming,1
1040.0,0.28888888888888886,0.9262534181199421,3.948890006143631,4.092934876861699,50.79836651946744,0.020698645585277207,cutoff,S3_gaming,1
1042.0,0.28944444444444445,0.9261094575489361,3.948594330787741,4.092934876861699,50.79107257642479,0.02070019078864142,cutoff,S3_gaming,1
1044.0,0.29,0.9259654861971653,3.9482986320977385,4.092934876861699,50.783778604945795,0.020701736344531027,cutoff,S3_gaming,1
1046.0,0.29055555555555557,0.925821504062164,3.948002910068019,4.092934876861699,50.77648460502202,0.02070328225307079,cutoff,S3_gaming,1
1048.0,0.2911111111111111,0.9256775111414652,3.9477071646929756,4.092934876861699,50.76919057664501,0.02070482851438606,cutoff,S3_gaming,1
1050.0,0.2916666666666667,0.9255335074326013,3.947411395967001,4.092934876861699,50.761896519806314,0.02070637512860274,cutoff,S3_gaming,1
1052.0,0.2922222222222222,0.9253894929331035,3.947115603884483,4.092934876861699,50.75460243449737,0.020707922095847278,cutoff,S3_gaming,1
1054.0,0.2927777777777778,0.9252454676405021,3.9468197884398077,4.092934876861699,50.74730832070975,0.020709469416246636,cutoff,S3_gaming,1
1056.0,0.29333333333333333,0.9251014315523266,3.946523949627356,4.092934876861699,50.74001417843487,0.020711017089928264,cutoff,S3_gaming,1
1058.0,0.29388888888888887,0.9249573846661054,3.94622808744151,4.092934876861699,50.732720007664234,0.02071256511702009,cutoff,S3_gaming,1
1060.0,0.29444444444444445,0.924813326979366,3.945932201876647,4.092934876861699,50.725425808389275,0.020714113497650496,cutoff,S3_gaming,1
1062.0,0.295,0.924669258489635,3.9456362929271407,4.092934876861699,50.718131580601444,0.020715662231948293,cutoff,S3_gaming,1
1064.0,0.29555555555555557,0.9245251791944379,3.9453403605873647,4.092934876861699,50.710837324292164,0.020717211320042717,cutoff,S3_gaming,1
1066.0,0.2961111111111111,0.9243810890912992,3.945044404851688,4.092934876861699,50.70354303945281,0.0207187607620634,cutoff,S3_gaming,1
1068.0,0.2966666666666667,0.9242369881777428,3.9447484257144776,4.092934876861699,50.69624872607486,0.020720310558140363,cutoff,S3_gaming,1
1070.0,0.2972222222222222,0.9240928764512913,3.9444524231700986,4.092934876861699,50.68895438414964,0.020721860708403993,cutoff,S3_gaming,1
1072.0,0.29777777777777775,0.9239487539094665,3.9441563972129123,4.092934876861699,50.68166001366856,0.020723411212985036,cutoff,S3_gaming,1
1074.0,0.29833333333333334,0.9238046205497892,3.9438603478372785,4.092934876861699,50.674365614622964,0.02072496207201458,cutoff,S3_gaming,1
1076.0,0.29888888888888887,0.9236604763697791,3.943564275037552,4.092934876861699,50.66707118700418,0.02072651328562404,cutoff,S3_gaming,1
1078.0,0.29944444444444446,0.9235163213669553,3.9432681788080903,4.092934876861699,50.65977673080363,0.020728064853945155,cutoff,S3_gaming,1
1080.0,0.3,0.9233721555388356,3.9429720591432424,4.092934876861699,50.65248224601264,0.02072961677710996,cutoff,S3_gaming,1
1082.0,0.3005555555555556,0.923227978882937,3.9426759160373592,4.092934876861699,50.64518773262245,0.020731169055250787,cutoff,S3_gaming,1
1084.0,0.3011111111111111,0.9230837913967754,3.9423797494847865,4.092934876861699,50.6378931906245,0.020732721688500256,cutoff,S3_gaming,1
1086.0,0.3016666666666667,0.9229395930778661,3.942083559479868,4.092934876861699,50.63059862000999,0.02073427467699125,cutoff,S3_gaming,1
1088.0,0.3022222222222222,0.922795383923723,3.9417873460169464,4.092934876861699,50.623304020770306,0.020735828020856932,cutoff,S3_gaming,1
1090.0,0.30277777777777776,0.9226511639318592,3.94149110909036,4.092934876861699,50.61600939289668,0.020737381720230704,cutoff,S3_gaming,1
1092.0,0.30333333333333334,0.9225069330997869,3.941194848694446,4.092934876861699,50.6087147363804,0.020738935775246225,cutoff,S3_gaming,1
1094.0,0.3038888888888889,0.9223626914250175,3.9408985648235393,4.092934876861699,50.60142005121275,0.020740490186037384,cutoff,S3_gaming,1
1096.0,0.30444444444444446,0.9222184389050609,3.9406022574719706,4.092934876861699,50.59412533738503,0.020742044952738303,cutoff,S3_gaming,1
1098.0,0.305,0.9220741755374268,3.9403059266340703,4.092934876861699,50.586830594888454,0.020743600075483325,cutoff,S3_gaming,1
1100.0,0.3055555555555556,0.9219299013196232,3.9400095723041644,4.092934876861699,50.579535823714295,0.020745155554407008,cutoff,S3_gaming,1
1102.0,0.3061111111111111,0.9217856162491574,3.9397131944765773,4.092934876861699,50.57224102385377,0.020746711389644124,cutoff,S3_gaming,1
1104.0,0.30666666666666664,0.9216413203235361,3.9394167931456314,4.092934876861699,50.564946195298155,0.020748267581329638,cutoff,S3_gaming,1
1106.0,0.30722222222222223,0.9214970135402644,3.939120368305646,4.092934876861699,50.557651338038646,0.02074982412959872,cutoff,S3_gaming,1
1108.0,0.30777777777777776,0.9213526958968469,3.938823919950939,4.092934876861699,50.55035645206647,0.020751381034586725,cutoff,S3_gaming,1
1110.0,0.30833333333333335,0.9212083673907872,3.938527448075824,4.092934876861699,50.54306153737286,0.02075293829642919,cutoff,S3_gaming,1
1112.0,0.3088888888888889,0.9210640280195876,3.938230952674615,4.092934876861699,50.535766593948985,0.020754495915261833,cutoff,S3_gaming,1
1114.0,0.30944444444444447,0.9209196777807498,3.9379344337416198,4.092934876861699,50.528471621786096,0.020756053891220552,cutoff,S3_gaming,1
1116.0,0.31,0.9207753166717744,3.9376378912711467,4.092934876861699,50.52117662087537,0.020757612224441408,cutoff,S3_gaming,1
1118.0,0.31055555555555553,0.9206309446901609,3.9373413252575027,4.092934876861699,50.51388159120798,0.020759170915060632,cutoff,S3_gaming,1
1120.0,0.3111111111111111,0.920486561833408,3.9370447356949874,4.092934876861699,50.506586532775145,0.020760729963214607,cutoff,S3_gaming,1
1122.0,0.31166666666666665,0.9203421680990135,3.936748122577902,4.092934876861699,50.499291445567984,0.02076228936903988,cutoff,S3_gaming,1
1124.0,0.31222222222222223,0.9201977634844739,3.936451485900546,4.092934876861699,50.4919963295777,0.020763849132673155,cutoff,S3_gaming,1
1126.0,0.31277777777777777,0.9200533479872851,3.9361548256572134,4.092934876861699,50.484701184795476,0.02076540925425127,cutoff,S3_gaming,1
1128.0,0.31333333333333335,0.9199089216049419,3.935858141842197,4.092934876861699,50.47740601121243,0.020766969733911223,cutoff,S3_gaming,1
1130.0,0.3138888888888889,0.919764484334938,3.9355614344497885,4.092934876861699,50.47011080881973,0.020768530571790147,cutoff,S3_gaming,1
1132.0,0.31444444444444447,0.9196200361747662,3.9352647034742754,4.092934876861699,50.46281557760855,0.020770091768025314,cutoff,S3_gaming,1
1134.0,0.315,0.9194755771219184,3.934967948909944,4.092934876861699,50.45552031757001,0.020771653322754137,cutoff,S3_gaming,1
1136.0,0.31555555555555553,0.9193311071738856,3.9346711707510784,4.092934876861699,50.44822502869521,0.020773215236114154,cutoff,S3_gaming,1
1138.0,0.3161111111111111,0.9191866263281574,3.9343743689919584,4.092934876861699,50.44092971097537,0.02077477750824304,cutoff,S3_gaming,1
1140.0,0.31666666666666665,0.9190421345822231,3.9340775436268633,4.092934876861699,50.43363436440153,0.020776340139278593,cutoff,S3_gaming,1
1142.0,0.31722222222222224,0.9188976319335703,3.93378069465007,4.092934876861699,50.4263389889648,0.020777903129358743,cutoff,S3_gaming,1
1144.0,0.31777777777777777,0.9187531183796863,3.933483822055852,4.092934876861699,50.419043584656364,0.020779466478621535,cutoff,S3_gaming,1
1146.0,0.31833333333333336,0.9186085939180569,3.933186925838481,4.092934876861699,50.411748151467286,0.02078103018720514,cutoff,S3_gaming,1
1148.0,0.3188888888888889,0.9184640585461673,3.9328900059922263,4.092934876861699,50.40445268938867,0.020782594255247845,cutoff,S3_gaming,1
1150.0,0.3194444444444444,0.9183195122615013,3.9325930625113545,4.092934876861699,50.397157198411634,0.020784158682888056,cutoff,S3_gaming,1
1152.0,0.32,0.9181749550615422,3.9322960953901296,4.092934876861699,50.38986167852728,0.02078572347026429,cutoff,S3_gaming,1
1154.0,0.32055555555555554,0.918030386943772,3.9319991046228155,4.092934876861699,50.38256612972665,0.020787288617515175,cutoff,S3_gaming,1
1156.0,0.3211111111111111,0.9178858079056719,3.93170209020367,4.092934876861699,50.37527055200085,0.020788854124779457,cutoff,S3_gaming,1
1158.0,0.32166666666666666,0.917741217944722,3.9314050521269506,4.092934876861699,50.36797494534096,0.02079041999219599,cutoff,S3_gaming,1
1160.0,0.32222222222222224,0.9175966170584013,3.931107990386913,4.092934876861699,50.36067930973805,0.020791986219903733,cutoff,S3_gaming,1
1162.0,0.3227777777777778,0.9174520052441882,3.9308109049778106,4.092934876861699,50.353383645183214,0.020793552808041748,cutoff,S3_gaming,1
1164.0,0.3233333333333333,0.9173073824995599,3.9305137958938916,4.092934876861699,50.346087951667464,0.020795119756749213,cutoff,S3_gaming,1
1166.0,0.3238888888888889,0.9171627488219924,3.930216663129405,4.092934876861699,50.338792229181884,0.020796687066165397,cutoff,S3_gaming,1
1168.0,0.3244444444444444,0.9170181042089612,3.9299195066785964,4.092934876861699,50.33149647771755,0.020798254736429683,cutoff,S3_gaming,1
1170.0,0.325,0.9168734486579404,3.929622326535708,4.092934876861699,50.32420069726546,0.020799822767681546,cutoff,S3_gaming,1
1172.0,0.32555555555555554,0.9167287821664033,3.929325122694981,4.092934876861699,50.31690488781671,0.020801391160060564,cutoff,S3_gaming,1
1174.0,0.32611111111111113,0.9165841047318222,3.9290278951506528,4.092934876861699,50.3096090493623,0.020802959913706415,cutoff,S3_gaming,1
1176.0,0.32666666666666666,0.9164394163516684,3.928730643896962,4.092934876861699,50.30231318189329,0.020804529028758876,cutoff,S3_gaming,1
1178.0,0.32722222222222225,0.9162947170234121,3.928433368928139,4.092934876861699,50.295017285400654,0.02080609850535782,cutoff,S3_gaming,1
1180.0,0.3277777777777778,0.9161500067445228,3.928136070238417,4.092934876861699,50.287721359875505,0.020807668343643216,cutoff,S3_gaming,1
1182.0,0.3283333333333333,0.9160052855124688,3.927838747822024,4.092934876861699,50.280425405308804,0.020809238543755125,cutoff,S3_gaming,1
1184.0,0.3288888888888889,0.9158605533247175,3.9275414016731864,4.092934876861699,50.273129421691564,0.020810809105833702,cutoff,S3_gaming,1
1186.0,0.32944444444444443,0.9157158101787353,3.927244031786128,4.092934876861699,50.265833409014824,0.020812380030019204,cutoff,S3_gaming,1
1188.0,0.33,0.9155710560719874,3.9269466381550715,4.092934876861699,50.258537367269575,0.020813951316451973,cutoff,S3_gaming,1
1190.0,0.33055555555555555,0.9154262910019384,3.9266492207742356,4.092934876861699,50.2512412964468,0.02081552296527245,cutoff,S3_gaming,1
1192.0,0.33111111111111113,0.9152815149660516,3.9263517796378373,4.092934876861699,50.24394519653753,0.020817094976621153,cutoff,S3_gaming,1
1194.0,0.33166666666666667,0.9151367279617895,3.9260543147400906,4.092934876861699,50.236649067532746,0.020818667350638708,cutoff,S3_gaming,1
1196.0,0.3322222222222222,0.9149919299866134,3.925756826075208,4.092934876861699,50.22935290942342,0.020820240087465823,cutoff,S3_gaming,1
1198.0,0.3327777777777778,0.9148471210379839,3.9254593136373996,4.092934876861699,50.22205672220057,0.020821813187243292,cutoff,S3_gaming,1
1200.0,0.3333333333333333,0.9147023011133605,3.9251617774208722,4.092934876861699,50.214760505855146,0.02082338665011201,cutoff,S3_gaming,1
1202.0,0.3338888888888889,0.9145574702102015,3.924864217419832,4.092934876861699,50.20746426037812,0.020824960476212944,cutoff,S3_gaming,1
1204.0,0.33444444444444443,0.9144126283259644,3.9245666336284795,4.092934876861699,50.200167985760444,0.020826534665687162,cutoff,S3_gaming,1
1206.0,0.335,0.9142677754581057,3.924269026041016,4.092934876861699,50.19287168199313,0.020828109218675814,cutoff,S3_gaming,1
1208.0,0.33555555555555555,0.9141229116040809,3.9239713946516397,4.092934876861699,50.18557534906714,0.02082968413532014,cutoff,S3_gaming,1
1210.0,0.33611111111111114,0.9139780367613445,3.923673739454546,4.092934876861699,50.178278986973375,0.020831259415761468,cutoff,S3_gaming,1
1212.0,0.33666666666666667,0.91383315092735,3.9233760604439265,4.092934876861699,50.17098259570282,0.020832835060141205,cutoff,S3_gaming,1
1214.0,0.3372222222222222,0.9136882540995499,3.9230783576139743,4.092934876861699,50.163686175246426,0.02083441106860085,cutoff,S3_gaming,1
1216.0,0.3377777777777778,0.9135433462753957,3.9227806309588766,4.092934876861699,50.15638972559514,0.020835987441281987,cutoff,S3_gaming,1
1218.0,0.3383333333333333,0.9133984274523379,3.9224828804728182,4.092934876861699,50.14909324673986,0.020837564178326284,cutoff,S3_gaming,1
1220.0,0.3388888888888889,0.9132534976278261,3.922185106149983,4.092934876861699,50.14179673867158,0.020839141279875496,cutoff,S3_gaming,1
1222.0,0.33944444444444444,0.9131085567993088,3.9218873079845538,4.092934876861699,50.134500201381194,0.02084071874607146,cutoff,S3_gaming,1
1224.0,0.34,0.9129636049642335,3.9215894859707072,4.092934876861699,50.127203634859605,0.020842296577056097,cutoff,S3_gaming,1
1226.0,0.34055555555555556,0.9128186421200467,3.921291640102621,4.092934876861699,50.11990703909779,0.020843874772971414,cutoff,S3_gaming,1
1228.0,0.3411111111111111,0.9126736682641939,3.9209937703744675,4.092934876861699,50.11261041408665,0.020845453333959506,cutoff,S3_gaming,1
1230.0,0.3416666666666667,0.9125286833941199,3.92069587678042,4.092934876861699,50.10531375981706,0.020847032260162542,cutoff,S3_gaming,1
1232.0,0.3422222222222222,0.9123836875072678,3.9203979593146467,4.092934876861699,50.09801707627993,0.02084861155172279,cutoff,S3_gaming,1
1234.0,0.3427777777777778,0.9122386806010805,3.9201000179713135,4.092934876861699,50.09072036346621,0.02085019120878258,cutoff,S3_gaming,1
1236.0,0.3433333333333333,0.9120936626729993,3.9198020527445863,4.092934876861699,50.08342362136676,0.02085177123148434,cutoff,S3_gaming,1
1238.0,0.3438888888888889,0.9119486337204649,3.9195040636286267,4.092934876861699,50.0761268499725,0.02085335161997058,cutoff,S3_gaming,1
1240.0,0.34444444444444444,0.9118035937409167,3.9192060506175923,4.092934876861699,50.068830049274304,0.02085493237438389,cutoff,S3_gaming,1
1242.0,0.345,0.9116585427317933,3.918908013705642,4.092934876861699,50.06153321926303,0.020856513494866943,cutoff,S3_gaming,1
1244.0,0.34555555555555556,0.9115134806905322,3.918609952886931,4.092934876861699,50.054236359929604,0.02085809498156249,cutoff,S3_gaming,1
1246.0,0.3461111111111111,0.9113684076145699,3.91831186815561,4.092934876861699,50.046939471264906,0.020859676834613376,cutoff,S3_gaming,1
1248.0,0.3466666666666667,0.911223323501342,3.91801375950583,4.092934876861699,50.03964255325975,0.02086125905416252,cutoff,S3_gaming,1
1250.0,0.3472222222222222,0.911078228348283,3.9177156269317375,4.092934876861699,50.03234560590505,0.020862841640352917,cutoff,S3_gaming,1
1252.0,0.3477777777777778,0.9109331221528264,3.9174174704274782,4.092934876861699,50.02504862919168,0.020864424593327657,cutoff,S3_gaming,1
1254.0,0.34833333333333333,0.9107880049124046,3.917119289987195,4.092934876861699,50.01775162311046,0.020866007913229904,cutoff,S3_gaming,1
1256.0,0.3488888888888889,0.9106428766244492,3.9168210856050276,4.092934876861699,50.01045458765228,0.020867591600202906,cutoff,S3_gaming,1
1258.0,0.34944444444444445,0.9104977372863907,3.916522857275113,4.092934876861699,50.00315752280796,0.020869175654389994,cutoff,S3_gaming,1
1260.0,0.35,0.9103525868956586,3.9162246049915885,4.092934876861699,49.99586042856836,0.020870760075934577,cutoff,S3_gaming,1
1262.0,0.35055555555555556,0.9102074254496813,3.915926328748586,4.092934876861699,49.98856330492432,0.020872344864980148,cutoff,S3_gaming,1
1264.0,0.3511111111111111,0.9100622529458863,3.915628028540235,4.092934876861699,49.981266151866706,0.020873930021670282,cutoff,S3_gaming,1
1266.0,0.3516666666666667,0.9099170693817,3.9153297043606665,4.092934876861699,49.9739689693863,0.020875515546148637,cutoff,S3_gaming,1
1268.0,0.3522222222222222,0.909771874754548,3.915031356204003,4.092934876861699,49.966671757473954,0.020877101438558948,cutoff,S3_gaming,1
1270.0,0.3527777777777778,0.9096266690618547,3.91473298406437,4.092934876861699,49.95937451612049,0.020878687699045034,cutoff,S3_gaming,1
1272.0,0.35333333333333333,0.9094814523010435,3.914434587935887,4.092934876861699,49.95207724531673,0.020880274327750793,cutoff,S3_gaming,1
1274.0,0.35388888888888886,0.9093362244695368,3.9141361678126727,4.092934876861699,49.944779945053504,0.020881861324820207,cutoff,S3_gaming,1
1276.0,0.35444444444444445,0.909190985564756,3.913837723688845,4.092934876861699,49.93748261532157,0.02088344869039734,cutoff,S3_gaming,1
1278.0,0.355,0.9090238612457424,3.900739245252771,4.69404159768895,49.92525453291266,0.021038659387918116,cutoff,S3_gaming,1
1280.0,0.35555555555555557,0.908868491929131,3.9071360994041098,4.370968125196539,49.915866387386956,0.02110374524806571,cutoff,S3_gaming,1
1282.0,0.3561111111111111,0.9087134228718731,3.90693918576437,4.362297799468604,49.90662607490845,0.021163548115485518,cutoff,S3_gaming,1
1284.0,0.3566666666666667,0.9085585736906635,3.9067008577497067,4.355843897622352,49.897509006073605,0.021218890175126764,cutoff,S3_gaming,1
1286.0,0.3572222222222222,0.9084038845726312,3.906432210066015,4.351039827931306,49.888496237296195,0.02127040904777706,cutoff,S3_gaming,1
1288.0,0.35777777777777775,0.9082493110138562,3.906141475157931,4.3474638383754955,49.87957305782567,0.021318603742652348,cutoff,S3_gaming,1
1290.0,0.35833333333333334,0.908094819904131,3.905834756793218,4.344801990790916,49.87072793687298,0.021363868914198107,cutoff,S3_gaming,1
1292.0,0.35888888888888887,0.9079403866132137,3.9055165757112844,4.342820600058937,49.86195173867405,0.021406520414714424,cutoff,S3_gaming,1
1294.0,0.35944444444444446,0.9077859928222404,3.905190275547929,4.341345718756374,49.853237136962896,0.02144681436753071,cutoff,S3_gaming,1
1296.0,0.36,0.9076316249096453,3.9048583248464084,4.340247866211925,49.844578177888124,0.02148496141566405,cutoff,S3_gaming,1
1298.0,0.3605555555555556,0.907477272749761,3.904522541768575,4.339430661324142,49.8359699534576,0.02152113737732941,cutoff,S3_gaming,1
1300.0,0.3611111111111111,0.907322928818565,3.9041842612936115,4.33882236120953,49.82740835729961,0.021555491224684857,cutoff,S3_gaming,1
1302.0,0.3616666666666667,0.9071685875280423,3.9038444596213098,4.338369562853856,49.818889901745884,0.021588151067889527,cutoff,S3_gaming,1
1304.0,0.3622222222222222,0.9070142447307161,3.9035038467281047,4.338032514831052,49.81041158060978,0.021619228652223762,cutoff,S3_gaming,1
1306.0,0.36277777777777775,0.9068598973508467,3.903162935221945,4.337781627502835,49.80197076602787,0.02164882274629562,cutoff,S3_gaming,1
1308.0,0.36333333333333334,0.9067055431099197,3.9028220915578538,4.337594875327475,49.7935651307051,0.021677021702811765,cutoff,S3_gaming,1
1310.0,0.3638888888888889,0.9065600601812942,3.9076776164995537,4.093339659752194,49.787191370497126,0.021641542371835725,cutoff,S3_gaming,1
1312.0,0.36444444444444446,0.9064145712564253,3.9074168715896196,4.093236183770605,49.7807735048151,0.0216078355015703,cutoff,S3_gaming,1
1314.0,0.365,0.906269075307203,3.9071538280320253,4.093159159694513,49.774313467093315,0.021575821868385733,cutoff,S3_gaming,1
1316.0,0.3655555555555556,0.9061235715538467,3.906888704395733,4.0931018255363165,49.76781314983916,0.021545424368427355,cutoff,S3_gaming,1
1318.0,0.3661111111111111,0.9059780594021017,3.906621680982231,4.093059147897546,49.761274393083895,0.021516568355300005,cutoff,S3_gaming,1
1320.0,0.36666666666666664,0.9058325383964556,3.90635290875265,4.093027380083937,49.7546989768538,0.021489181848777576,cutoff,S3_gaming,1
1322.0,0.3672222222222222,0.9056870081852807,3.9060825160145694,4.0930037331810025,49.74808861658261,0.02146319564957277,cutoff,S3_gaming,1
1324.0,0.36777777777777776,0.9055414684948573,3.905810613439129,4.092986131213637,49.741444960663685,0.021438543386146793,cutoff,S3_gaming,1
1326.0,0.36833333333333335,0.9053959191100077,3.905537297833312,4.092973028895081,49.734769589548385,0.021415161512802726,cutoff,S3_gaming,1
1328.0,0.3688888888888889,0.905250359859654,3.905262654983746,4.092963275965309,49.72806401595038,0.02139298927329702,cutoff,S3_gaming,1
1330.0,0.36944444444444446,0.905104790606041,3.9049867618076055,4.092956016209051,49.721329685831016,0.021371968640478606,cutoff,S3_gaming,1
1332.0,0.37,0.9049592112366909,3.9047096879860685,4.0929506122881625,49.71456797992553,0.021352044239696864,cutoff,S3_gaming,1
1334.0,0.3705555555555556,0.9048136216583904,3.9044314972110157,4.092946589789343,49.70778021563344,0.021333163261662774,cutoff,S3_gaming,1
1336.0,0.3711111111111111,0.9046680217926933,3.9041522481423288,4.092943595575127,49.70096764914331,0.021315275368920153,cutoff,S3_gaming,1
1338.0,0.37166666666666665,0.9045224115725521,3.9038719951483403,4.092941366781738,49.6941314776974,0.02129833259895062,cutoff,S3_gaming,1
1340.0,0.37222222222222223,0.9043767909397903,3.9035907888835006,4.092939707742134,49.68727284192705,0.021282289266095628,cutoff,S3_gaming,1
1342.0,0.37277777777777776,0.9042311598432026,3.903308676743599,4.09293847280828,49.68039282820937,0.021267101863856698,cutoff,S3_gaming,1
1344.0,0.37333333333333335,0.9040855182371225,3.90302570322859,4.092937553564629,49.673492471009624,0.021252728968674948,cutoff,S3_gaming,1
1346.0,0.3738888888888889,0.9039398660803395,3.902741910235501,4.092936869310256,49.666572755184575,0.02123913114595143,cutoff,S3_gaming,1
1348.0,0.37444444444444447,0.9037942033352765,3.9024573372981597,4.092936359974078,49.65963461822964,0.021226270858819927,cutoff,S3_gaming,1
1350.0,0.375,0.9036485299673621,3.902172021786309,4.092935980841182,49.652678952457975,0.02121411238000044,cutoff,S3_gaming,1
1352.0,0.37555555555555553,0.9035028459445492,3.9018859990734596,4.092935698627277,49.64570660710505,0.021202621706927688,cutoff,S3_gaming,1
1354.0,0.3761111111111111,0.9033571512369425,3.9015993026805402,4.092935488556639,49.638718390353496,0.021191766480251634,cutoff,S3_gaming,1
1356.0,0.37666666666666665,0.9032114458165076,3.901311964400612,4.09293533218705,49.63171507127702,0.021181515905736956,cutoff,S3_gaming,1
1358.0,0.37722222222222224,0.9030657296568426,3.9010240144086232,4.092935215790733,49.62469738170253,0.021171840679538347,cutoff,S3_gaming,1
1360.0,0.37777777777777777,0.9029200027329958,3.9007354813592188,4.092935129149189,49.61766601799127,0.021162712916793495,cutoff,S3_gaming,1
1362.0,0.37833333333333335,0.9027742650213184,3.9004463924748634,4.092935064656109,49.61062164274077,0.02115410608345132,cutoff,S3_gaming,1
1364.0,0.3788888888888889,0.9026285164993443,3.900156773626018,4.092935016649606,49.60356488640908,0.021145994931237047,cutoff,S3_gaming,1
1366.0,0.3794444444444444,0.9024827571456902,3.8998666494046885,4.092934980915164,49.59649634886424,0.02113835543564547,cutoff,S3_gaming,1
1368.0,0.38,0.9023369869399714,3.899576043192383,4.092934954315634,49.589416600861455,0.021131164736847938,cutoff,S3_gaming,1
1370.0,0.38055555555555554,0.9021912058627303,3.899284977223236,4.09293493451583,49.58232618545056,0.02112440108339582,cutoff,S3_gaming,1
1372.0,0.3811111111111111,0.902045413895373,3.8989934726429607,4.092934919777515,49.575225619317,0.021118043778602758,cutoff,S3_gaming,1
1374.0,0.38166666666666665,0.9018996110201151,3.898701549564093,4.092934908806804,49.56811539405865,0.02111207312948913,cutoff,S3_gaming,1
1376.0,0.38222222222222224,0.9017537972199325,3.8984092271179316,4.0929349006405715,49.56099597740164,0.021106470398174357,cutoff,S3_gaming,1
1378.0,0.3827777777777778,0.9016079724785176,3.898116523503495,4.0929348945619,49.55386781435786,0.021101217755605736,cutoff,S3_gaming,1
1380.0,0.38333333333333336,0.9014621367802388,3.8978234560337537,4.09293489003714,49.54673132832673,0.021096298237515958,cutoff,S3_gaming,1
1382.0,0.3838888888888889,0.9013162901101038,3.8975300411793623,4.092934886669058,49.53958692214378,0.02109169570250527,cutoff,S3_gaming,1
1384.0,0.3844444444444444,0.9011704324537259,3.8972362946100816,4.092934884161971,49.53243497907857,0.02108739479214831,cutoff,S3_gaming,1
1386.0,0.385,0.9010245637972919,3.8969422312340454,4.092934882295778,49.525275863784586,0.02108338089302964,cutoff,S3_gaming,1
1388.0,0.38555555555555554,0.9008786841275335,3.8966478652350167,4.092934880906647,49.51810992320275,0.021079640100616078,cutoff,S3_gaming,1
1390.0,0.3861111111111111,0.9007327934316987,3.896353210107755,4.092934879872623,49.510937487421664,0.02107615918487807,cutoff,S3_gaming,1
1392.0,0.38666666666666666,0.9005868916975265,3.8960582786916156,4.0929348791029305,49.503758870495695,0.021072925557576058,cutoff,S3_gaming,1
1394.0,0.38722222222222225,0.9004409789132223,3.8957630832024654,4.092934878529998,49.49657437122371,0.0210699272411319,cutoff,S3_gaming,1
1396.0,0.3877777777777778,0.9002950550674345,3.8954676352630293,4.092934878103525,49.48938427388996,0.02106715283900888,cutoff,S3_gaming,1
1398.0,0.3883333333333333,0.9001491201492329,3.895171945931726,4.092934877786073,49.48218884896888,0.021064591507527514,cutoff,S3_gaming,1
1400.0,0.3888888888888889,0.900003174148088,3.894876025730104,4.092934877549772,49.47498835379593,0.02106223292904786,cutoff,S3_gaming,1
1402.0,0.3894444444444444,0.8998572210950431,3.894798815161664,4.092934877373878,49.473109725979484,0.021060038665128244,cutoff,S3_gaming,1
1404.0,0.39,0.8997112652981158,3.8947263410520634,4.092934877242948,49.47134635898907,0.021057970681751956,cutoff,S3_gaming,1
1406.0,0.39055555555555554,0.8995653067828314,3.8946537426727277,4.092934877145487,49.46958000687943,0.02105602264616937,cutoff,S3_gaming,1
1408.0,0.39111111111111113,0.8994193455445512,3.8945810261943037,4.092934877072942,49.467810814412225,0.02105418874102889,cutoff,S3_gaming,1
1410.0,0.39166666666666666,0.8992733815788533,3.8945081972715996,4.0929348770189415,49.46603891932465,0.021052463431170752,cutoff,S3_gaming,1
1412.0,0.39222222222222225,0.8991274148815225,3.8944352612850865,4.092934876978745,49.46426445267035,0.021050841449938573,cutoff,S3_gaming,1
1414.0,0.3927777777777778,0.89898144544854,3.894362223354217,4.092934876948824,49.46248753914363,0.021049317786154806,cutoff,S3_gaming,1
1416.0,0.3933333333333333,0.8988354732760737,3.894289088350087,4.092934876926552,49.460708297388166,0.021047887671727942,cutoff,S3_gaming,1
1418.0,0.3938888888888889,0.8986894983604694,3.8942158609074897,4.092934876909974,49.45892684029041,0.021046546569860793,cutoff,S3_gaming,1
1420.0,0.39444444444444443,0.8985435206982421,3.8941425454363805,4.092934876897633,49.4571432752591,0.021045290163830766,cutoff,S3_gaming,1
1422.0,0.395,0.8983975402860674,3.8940691461327854,4.092934876888447,49.45535770449098,0.02104411434631434,cutoff,S3_gaming,1
1424.0,0.39555555555555555,0.8982515571207744,3.8939956669891806,4.09293487688161,49.45357022522369,0.021043015209229403,cutoff,S3_gaming,1
1426.0,0.39611111111111114,0.8981055711993376,3.8939221118043656,4.0929348768765195,49.451780929976465,0.021041989034070285,cutoff,S3_gaming,1
1428.0,0.39666666666666667,0.8979595825188704,3.8938484841928607,4.0929348768727305,49.44998990677899,0.021041032282711647,cutoff,S3_gaming,1
1430.0,0.3972222222222222,0.897813591076618,3.893774787593848,4.0929348768699105,49.44819723938934,0.021040141588658426,cutoff,S3_gaming,1
1432.0,0.3977777777777778,0.8976675968699508,3.8937010252796735,4.092934876867812,49.44640300750122,0.021039313748720246,cutoff,S3_gaming,1
1434.0,0.3983333333333333,0.897521599896359,3.893627200363943,4.092934876866249,49.444607286941164,0.021038545715089698,cutoff,S3_gaming,1
1436.0,0.3988888888888889,0.8973756001534463,3.8935533158092213,4.092934876865086,49.44281014985622,0.021037834587804873,cutoff,S3_gaming,1
1438.0,0.39944444444444444,0.8972295976389245,3.8934793744343623,4.09293487686422,49.44101166489247,0.021037177607577538,cutoff,S3_gaming,1
1440.0,0.4,0.8970835923506082,3.893405378921475,4.092934876863575,49.439211897364956,0.021036572148969222,cutoff,S3_gaming,1
1442.0,0.40055555555555555,0.89693758428641,3.8933313318225617,4.0929348768630955,49.43741090941921,0.021036015713898296,cutoff,S3_gaming,1
1444.0,0.4011111111111111,0.8967915734443357,3.8932572355658257,4.0929348768627385,49.43560876018516,0.021035505925462036,cutoff,S3_gaming,1
1446.0,0.40166666666666667,0.8966455598224794,3.89318309246168,4.092934876862473,49.433805505923445,0.02103504052205836,cutoff,S3_gaming,1
1448.0,0.4022222222222222,0.8964995434190199,3.893108904708459,4.092934876862275,49.432001200164635,0.02103461735179273,cutoff,S3_gaming,1
1450.0,0.4027777777777778,0.896353524232216,3.893034674397854,4.092934876862127,49.43019589384162,0.021034234367156353,cutoff,S3_gaming,1
1452.0,0.4033333333333333,0.896207502260403,3.8929604035200907,4.092934876862018,49.42838963541585,0.021033889619962547,cutoff,S3_gaming,1
1454.0,0.4038888888888889,0.8960614775019887,3.892886093968846,4.0929348768619365,49.42658247099706,0.02103358125652873,cutoff,S3_gaming,1
1456.0,0.40444444444444444,0.8959154499554501,3.8928117475459345,4.092934876861876,49.42477444445753,0.021033307513092143,cutoff,S3_gaming,1
1458.0,0.405,0.8957694196193301,3.8927373659657647,4.092934876861831,49.422965597540596,0.021033066711447924,cutoff,S3_gaming,1
1460.0,0.40555555555555556,0.8956233864922338,3.8926629508595774,4.092934876861797,49.421155969963955,0.02103285725479881,cutoff,S3_gaming,1
1462.0,0.4061111111111111,0.8954773505728263,3.892588503779481,4.092934876861772,49.41934559951796,0.021032677623806135,cutoff,S3_gaming,1
1464.0,0.4066666666666667,0.8953313118598291,3.892514026202291,4.0929348768617535,49.41753452215923,0.02103252637283241,cutoff,S3_gaming,1
1466.0,0.4072222222222222,0.8951852703520176,3.892439519533178,4.092934876861739,49.41572277209946,0.021032402126366152,cutoff,S3_gaming,1
1468.0,0.4077777777777778,0.8950392260482185,3.892364985109148,4.092934876861729,49.41391038189026,0.021032303575620175,cutoff,S3_gaming,1
1470.0,0.4083333333333333,0.8948931789473076,3.8922904242023484,4.0929348768617215,49.412097382503624,0.021032229475294855,cutoff,S3_gaming,1
1472.0,0.4088888888888889,0.8947471290482067,3.892215838023211,4.092934876861715,49.410283803408596,0.02103217864049843,cutoff,S3_gaming,1
1474.0,0.40944444444444444,0.8946010763498823,3.8921412277234477,4.092934876861712,49.408469672644195,0.021032149943816688,cutoff,S3_gaming,1
1476.0,0.41,0.8944550208513424,3.8920665943988992,4.092934876861708,49.40665501688887,0.021032142312524794,cutoff,S3_gaming,1
1478.0,0.41055555555555556,0.8943089625516354,3.8919919390922466,4.0929348768617055,49.404839861526426,0.02103215472593439,cutoff,S3_gaming,1
1480.0,0.4111111111111111,0.8941629014498476,3.8919172627955843,4.092934876861704,49.403024230708894,0.021032186212869352,cutoff,S3_gaming,1
1482.0,0.4116666666666667,0.8940168375451015,3.8918425664528806,4.092934876861703,49.40120814741635,0.021032235849264027,cutoff,S3_gaming,1
1484.0,0.4122222222222222,0.8938707708365543,3.8917678509623093,4.092934876861702,49.399391633513645,0.02103230275587795,cutoff,S3_gaming,1
1486.0,0.4127777777777778,0.8937247013233958,3.8916931171784697,4.092934876861701,49.397574709804736,0.021032386096121444,cutoff,S3_gaming,1
1488.0,0.41333333333333333,0.893578629004847,3.8916183659145034,4.0929348768617,49.39575739608392,0.021032485073986674,cutoff,S3_gaming,1
1490.0,0.41388888888888886,0.8934325538801586,3.8915435979441027,4.0929348768617,49.39393971118507,0.021032598932079073,cutoff,S3_gaming,1
1492.0,0.41444444444444445,0.8932864759486097,3.8914688140034253,4.0929348768617,49.39212167302802,0.021032726949744278,cutoff,S3_gaming,1
1494.0,0.415,0.893140395209506,3.891394014792916,4.092934876861699,49.390303298663106,0.021032868441285886,cutoff,S3_gaming,1
1496.0,0.41555555555555557,0.8929943116621791,3.8913192009790363,4.092934876861699,49.38848460431322,0.02103302275426971,cutoff,S3_gaming,1
1498.0,0.4161111111111111,0.8928482253059848,3.8912443731959168,4.092934876861699,49.386665605414045,0.021033189267910264,cutoff,S3_gaming,1
1500.0,0.4166666666666667,0.892702136140302,3.891169532046921,4.092934876861699,49.38484631665224,0.021033367391535523,cutoff,S3_gaming,1
1502.0,0.4172222222222222,0.8925560441645316,3.8910946781061413,4.092934876861699,49.38302675200172,0.021033556563126166,cutoff,S3_gaming,1
1504.0,0.4177777777777778,0.8924099493780956,3.8910198119198167,4.092934876861699,49.38120692475836,0.02103375624792567,cutoff,S3_gaming,1
1506.0,0.41833333333333333,0.8922638517804359,3.8909449340076874,4.092934876861699,49.3793868475728,0.021033965937117826,cutoff,S3_gaming,1
1508.0,0.41888888888888887,0.8921177513710133,3.8908700448642732,4.092934876861699,49.37756653248182,0.02103418514656841,cutoff,S3_gaming,1
1510.0,0.41944444444444445,0.891971648149307,3.890795144960106,4.092934876861699,49.37574599093806,0.021034413415627902,cutoff,S3_gaming,1
1512.0,0.42,0.8918255421148127,3.890720234742885,4.092934876861699,49.37392523383841,0.021034650305992265,cutoff,S3_gaming,1
1514.0,0.42055555555555557,0.8916794332670431,3.89064531463859,4.092934876861699,49.37210427155102,0.021034895400619,cutoff,S3_gaming,1
1516.0,0.4211111111111111,0.8915333216055262,3.8905703850525315,4.092934876861699,49.37028311394086,0.02103514830269579,cutoff,S3_gaming,1
1518.0,0.4216666666666667,0.8913872071298049,3.890495446370357,4.092934876861699,49.36846177039419,0.021035408634659136,cutoff,S3_gaming,1
1520.0,0.4222222222222222,0.891241089839436,3.8904204989590006,4.092934876861699,49.36664024984181,0.021035676037260656,cutoff,S3_gaming,1
1522.0,0.42277777777777775,0.8910949697339897,3.890345543167593,4.092934876861699,49.36481856078113,0.021035950168678624,cutoff,S3_gaming,1
1524.0,0.42333333333333334,0.8909488468130493,3.8902705793283245,4.092934876861699,49.36299671129723,0.021036230703672634,cutoff,S3_gaming,1
1526.0,0.42388888888888887,0.8908027210762098,3.89019560775727,4.092934876861699,49.36117470908279,0.02103651733277926,cutoff,S3_gaming,1
1528.0,0.42444444444444446,0.890656592523078,3.890120628755163,4.092934876861699,49.35935256145725,0.021036809761546753,cutoff,S3_gaming,1
1530.0,0.425,0.8905104611532717,3.8900456426081473,4.092934876861699,49.357530275384825,0.021037107709806824,cutoff,S3_gaming,1
1532.0,0.4255555555555556,0.8903643269664189,3.889970649588482,4.092934876861699,49.35570785749179,0.021037410910981796,cutoff,S3_gaming,1
1534.0,0.4261111111111111,0.8902181899621577,3.8898956499552146,4.092934876861699,49.35388531408288,0.021037719111425334,cutoff,S3_gaming,1
1536.0,0.4266666666666667,0.8900720501401358,3.889820643954822,4.092934876861699,49.352062651156864,0.02103803206979516,cutoff,S3_gaming,1
1538.0,0.4272222222222222,0.8899259075000097,3.889745631821821,4.092934876861699,49.35023987442141,0.021038349556456216,cutoff,S3_gaming,1
1540.0,0.42777777777777776,0.8897797620414444,3.8896706137793475,4.092934876861699,49.34841698930723,0.021038671352912746,cutoff,S3_gaming,1
1542.0,0.42833333333333334,0.8896336137641133,3.889595590039709,4.092934876861699,49.346594000981455,0.021038997251267965,cutoff,S3_gaming,1
1544.0,0.4288888888888889,0.8894874626676974,3.8895205608049106,4.092934876861699,49.34477091436054,0.0210393270537099,cutoff,S3_gaming,1
1546.0,0.42944444444444446,0.8893413087518851,3.8894455262671523,4.092934876861699,49.34294773412229,0.02103966057202222,cutoff,S3_gaming,1
1548.0,0.43,0.8891951520163718,3.8893704866093075,4.092934876861699,49.34112446471753,0.021039997627118726,cutoff,S3_gaming,1
1550.0,0.4305555555555556,0.8890489924608594,3.889295442005376,4.092934876861699,49.33930111038113,0.021040338048600504,cutoff,S3_gaming,1
1552.0,0.4311111111111111,0.8889028300850567,3.88922039262091,4.092934876861699,49.337477675142395,0.021040681674334486,cutoff,S3_gaming,1
1554.0,0.43166666666666664,0.8887566648886778,3.8891453386134267,4.092934876861699,49.33565416283516,0.02104102835005251,cutoff,S3_gaming,1
1556.0,0.43222222222222223,0.8886104968714431,3.8890702801328,4.092934876861699,49.333830577107165,0.021041377928969793,cutoff,S3_gaming,1
1558.0,0.43277777777777776,0.8884643260330783,3.888995217321627,4.092934876861699,49.33200692142916,0.021041730271421928,cutoff,S3_gaming,1
1560.0,0.43333333333333335,0.8883181523733144,3.8889201503155846,4.092934876861699,49.33018319910346,0.021042085244519487,cutoff,S3_gaming,1
1562.0,0.4338888888888889,0.888171975891887,3.888845079243763,4.092934876861699,49.32835941327212,0.021042442721819377,cutoff,S3_gaming,1
1564.0,0.43444444444444447,0.8880257965885369,3.888770004228986,4.092934876861699,49.32653556692472,0.02104280258301214,cutoff,S3_gaming,1
1566.0,0.435,0.887879614463009,3.888694925388117,4.092934876861699,49.32471166290577,0.021043164713624427,cutoff,S3_gaming,1
1568.0,0.43555555555555553,0.8877334295150526,3.8886198428323406,4.092934876861699,49.32288770392172,0.021043529004735877,cutoff,S3_gaming,1
1570.0,0.4361111111111111,0.8875872417444212,3.8885447566674505,4.092934876861699,49.32106369254772,0.02104389535270977,cutoff,S3_gaming,1
1572.0,0.43666666666666665,0.8874410511508718,3.8884696669940984,4.092934876861699,49.3192396312339,0.021044263658936732,cutoff,S3_gaming,1
1574.0,0.43722222222222223,0.8872948577341654,3.888394573908052,4.092934876861699,49.31741552231153,0.021044633829590844,cutoff,S3_gaming,1
1576.0,0.43777777777777777,0.8871486614940663,3.8883194775004277,4.092934876861699,49.31559136799874,0.021045005775397623,cutoff,S3_gaming,1
1578.0,0.43833333333333335,0.8870024624303423,3.8882443778579185,4.092934876861699,49.313767170405995,0.021045379411413233,cutoff,S3_gaming,1
1580.0,0.4388888888888889,0.8868562605427642,3.888169275063006,4.092934876861699,49.31194293154136,0.021045754656814412,cutoff,S3_gaming,1
1582.0,0.43944444444444447,0.8867100558311058,3.8880941691941677,4.092934876861699,49.310118653315435,0.021046131434698596,cutoff,S3_gaming,1
1584.0,0.44,0.886563848295144,3.888019060326069,4.092934876861699,49.30829433754613,0.021046509671893726,cutoff,S3_gaming,1
1586.0,0.44055555555555553,0.886417637934658,3.8879439485297493,4.092934876861699,49.306469985963105,0.021046889298777294,cutoff,S3_gaming,1
1588.0,0.4411111111111111,0.88627142474943,3.887868833872796,4.092934876861699,49.30464560021206,0.02104727024910415,cutoff,S3_gaming,1
1590.0,0.44166666666666665,0.8861252087392444,3.887793716419516,4.092934876861699,49.30282118185889,0.02104765245984269,cutoff,S3_gaming,1
1592.0,0.44222222222222224,0.885978989903888,3.88771859623109,4.092934876861699,49.30099673239346,0.021048035871018958,cutoff,S3_gaming,1
1594.0,0.44277777777777777,0.8858327682431499,3.8876434733657272,4.092934876861699,49.299172253233316,0.021048420425568325,cutoff,S3_gaming,1
1596.0,0.44333333333333336,0.8856865437568213,3.8875683478788083,4.092934876861699,49.29734774572724,0.021048806069194372,cutoff,S3_gaming,1
1598.0,0.4438888888888889,0.8855403164446954,3.887493219823023,4.092934876861699,49.295523211158546,0.021049192750234605,cutoff,S3_gaming,1
1600.0,0.4444444444444444,0.8853940863065672,3.8874180892485013,4.092934876861699,49.29369865074826,0.021049580419532688,cutoff,S3_gaming,1
1602.0,0.445,0.8852478533422338,3.8873429562029367,4.092934876861699,49.29187406565814,0.02104996903031687,cutoff,S3_gaming,1
1604.0,0.44555555555555554,0.8851016175514936,3.887267820731703,4.092934876861699,49.290049456993614,0.02105035853808432,cutoff,S3_gaming,1
1606.0,0.4461111111111111,0.8849553789341471,3.88719268287797,4.092934876861699,49.28822482580639,0.02105074890049106,cutoff,S3_gaming,1
1608.0,0.44666666666666666,0.8848091374899961,3.887117542682809,4.092934876861699,49.2864001730972,0.021051140077247253,cutoff,S3_gaming,1
1610.0,0.44722222222222224,0.8846628932188441,3.887042400185293,4.092934876861699,49.284575499818125,0.021051532030017542,cutoff,S3_gaming,1
1612.0,0.4477777777777778,0.8845166461204956,3.8869672554225967,4.092934876861699,49.28275080687515,0.02105192472232626,cutoff,S3_gaming,1
1614.0,0.4483333333333333,0.884370396194757,3.886892108430086,4.092934876861699,49.28092609513019,0.021052318119467218,cutoff,S3_gaming,1
1616.0,0.4488888888888889,0.8842241434414355,3.886816959241406,4.092934876861699,49.279101365403385,0.021052712188417855,cutoff,S3_gaming,1
1618.0,0.4494444444444444,0.8840778878603399,3.8867418078885665,4.092934876861699,49.27727661847503,0.021053106897757592,cutoff,S3_gaming,1
1620.0,0.45,0.8839316294512799,3.886666654402019,4.092934876861699,49.27545185508759,0.0210535022175901,cutoff,S3_gaming,1
1622.0,0.45055555555555554,0.8837853682140664,3.886591498810735,4.092934876861699,49.27362707594747,0.02105389811946938,cutoff,S3_gaming,1
1624.0,0.45111111111111113,0.8836391041485113,3.886516341142272,4.092934876861699,49.27180228172679,0.0210542945763294,cutoff,S3_gaming,1
1626.0,0.45166666666666666,0.8834928372544276,3.8864411814228514,4.092934876861699,49.269977473065055,0.021054691562417155,cutoff,S3_gaming,1
1628.0,0.45222222222222225,0.8833465675316292,3.8863660196774137,4.092934876861699,49.26815265057072,0.021055089053228986,cutoff,S3_gaming,1
1630.0,0.4527777777777778,0.8832002949799308,3.886290855929687,4.092934876861699,49.26632781482273,0.021055487025449963,cutoff,S3_gaming,1
1632.0,0.4533333333333333,0.8830540195991481,3.8862156902022433,4.092934876861699,49.2645029663719,0.02105588545689623,cutoff,S3_gaming,1
1634.0,0.4538888888888889,0.8829077413890974,3.886140522516556,4.092934876861699,49.26267810574232,0.02105628432646013,cutoff,S3_gaming,1
1636.0,0.45444444444444443,0.8827614603495961,3.8860653528930507,4.092934876861699,49.26085323343265,0.021056683614058023,cutoff,S3_gaming,1
1638.0,0.455,0.8826151764804622,3.8859901813511586,4.092934876861699,49.259028349917344,0.021057083300580582,cutoff,S3_gaming,1
1640.0,0.45555555555555555,0.8824688897815142,3.8859150079093627,4.092934876861699,49.257203455647804,0.021057483367845554,cutoff,S3_gaming,1
1642.0,0.45611111111111113,0.8823226002525715,3.885839832585246,4.092934876861699,49.255378551053546,0.021057883798552782,cutoff,S3_gaming,1
1644.0,0.45666666666666667,0.882176307893454,3.885764655395534,4.092934876861699,49.25355363654323,0.021058284576241416,cutoff,S3_gaming,1
1646.0,0.4572222222222222,0.8820300127039824,3.8856894763561347,4.092934876861699,49.25172871250568,0.0210586856852492,cutoff,S3_gaming,1
1648.0,0.4577777777777778,0.8818837146839776,3.8856142954821813,4.092934876861699,49.24990377931081,0.021059087110673738,cutoff,S3_gaming,1
1650.0,0.4583333333333333,0.8817374138332615,3.885539112788068,4.092934876861699,49.248078837310636,0.02105948883833562,cutoff,S3_gaming,1
1652.0,0.4588888888888889,0.8815911101516561,3.885463928287485,4.092934876861699,49.24625388684005,0.021059890854743378,cutoff,S3_gaming,1
1654.0,0.45944444444444443,0.8814448036389843,3.8853887419934554,4.092934876861699,49.24442892821769,0.02106029314706009,cutoff,S3_gaming,1
1656.0,0.46,0.8812984942950689,3.885313553918365,4.092934876861699,49.24260396174672,0.021060695703071647,cutoff,S3_gaming,1
1658.0,0.46055555555555555,0.8811521821197337,3.885238364073995,4.092934876861699,49.24077898771558,0.021061098511156524,cutoff,S3_gaming,1
1660.0,0.46111111111111114,0.8810058671128026,3.885163172471549,4.092934876861699,49.23895400639876,0.021061501560257056,cutoff,S3_gaming,1
1662.0,0.46166666666666667,0.8808595492741,3.8850879791216837,4.092934876861699,49.23712901805733,0.021061904839852066,cutoff,S3_gaming,1
1664.0,0.4622222222222222,0.8807132286034508,3.885012784034534,4.092934876861699,49.23530402293976,0.02106230833993086,cutoff,S3_gaming,1
1666.0,0.4627777777777778,0.8805669051006799,3.884937587219737,4.092934876861699,49.233479021282434,0.02106271205096845,cutoff,S3_gaming,1
1668.0,0.4633333333333333,0.880420578765613,3.8848623886864613,4.092934876861699,49.23165401331025,0.021063115963902,cutoff,S3_gaming,1
1670.0,0.4638888888888889,0.8802742495980757,3.884787188443423,4.092934876861699,49.22982899923717,0.021063520070108407,cutoff,S3_gaming,1
1672.0,0.46444444444444444,0.8801279175978941,3.8847119864989113,4.092934876861699,49.22800397926683,0.02106392436138297,cutoff,S3_gaming,1
1674.0,0.465,0.8799815827648947,3.884636782860809,4.092934876861699,49.226178953592886,0.021064328829919095,cutoff,S3_gaming,1
1676.0,0.46555555555555556,0.8798352450989041,3.8845615775366116,4.092934876861699,49.224353922399665,0.021064733468288986,cutoff,S3_gaming,1
1678.0,0.4661111111111111,0.8796889045997492,3.8844863705334483,4.092934876861699,49.22252888586251,0.021065138269425264,cutoff,S3_gaming,1
1680.0,0.4666666666666667,0.8795425612672573,3.884411161858094,4.092934876861699,49.22070384414825,0.02106554322660349,cutoff,S3_gaming,1
1682.0,0.4672222222222222,0.8793962151012557,3.8843359515169933,4.092934876861699,49.2188787974156,0.021065948333425524,cutoff,S3_gaming,1
1684.0,0.4677777777777778,0.879249866101572,3.8842607395162734,4.092934876861699,49.2170537458156,0.021066353583803706,cutoff,S3_gaming,1
1686.0,0.4683333333333333,0.879103514268034,3.884185525861758,4.092934876861699,49.215228689491916,0.02106675897194579,cutoff,S3_gaming,1
1688.0,0.4688888888888889,0.8789571596004698,3.8841103105589854,4.092934876861699,49.21340362858127,0.021067164492340605,cutoff,S3_gaming,1
1690.0,0.46944444444444444,0.8788108020987078,3.884035093613219,4.092934876861699,49.211578563213706,0.021067570139744442,cutoff,S3_gaming,1
1692.0,0.47,0.8786644417625761,3.883959875029463,4.092934876861699,49.20975349351296,0.021067975909168063,cutoff,S3_gaming,1
1694.0,0.47055555555555556,0.8785180785919035,3.8838846548124746,4.092934876861699,49.207928419596804,0.02106838179586436,cutoff,S3_gaming,1
1696.0,0.4711111111111111,0.8783717125865186,3.883809432966775,4.092934876861699,49.20610334157721,0.021068787795316613,cutoff,S3_gaming,1
1698.0,0.4716666666666667,0.8782253437462504,3.8837342094966623,4.092934876861699,49.20427825956076,0.021069193903227316,cutoff,S3_gaming,1
1700.0,0.4722222222222222,0.8780789720709279,3.8836589844062197,4.092934876861699,49.20245317364884,0.02106960011550754,cutoff,S3_gaming,1
1702.0,0.4727777777777778,0.8779325975603803,3.8835837576993297,4.092934876861699,49.20062808393794,0.021070006428266806,cutoff,S3_gaming,1
1704.0,0.47333333333333333,0.877786220214437,3.88350852937968,4.092934876861699,49.1988029905198,0.021070412837803486,cutoff,S3_gaming,1
1706.0,0.4738888888888889,0.8776398400329272,3.883433299450776,4.092934876861699,49.19697789348174,0.02107081934059562,cutoff,S3_gaming,1
1708.0,0.47444444444444445,0.8774934570156805,3.8833580679159483,4.092934876861699,49.195152792906846,0.021071225933292196,cutoff,S3_gaming,1
1710.0,0.475,0.8773470711625266,3.88328283477836,4.092934876861699,49.193327688874135,0.02107163261270488,cutoff,S3_gaming,1
1712.0,0.47555555555555556,0.8772006824732954,3.8832076000410187,4.092934876861699,49.19150258145882,0.021072039375800107,cutoff,S3_gaming,1
1714.0,0.4761111111111111,0.8770542909478165,3.8831323637067783,4.092934876861699,49.1896774707324,0.02107244621969158,cutoff,S3_gaming,1
1716.0,0.4766666666666667,0.8769078965859199,3.883057125778352,4.092934876861699,49.187852356762946,0.021072853141633124,cutoff,S3_gaming,1
1718.0,0.4772222222222222,0.8767614993874359,3.882981886258316,4.092934876861699,49.1860272396152,0.021073260139011896,cutoff,S3_gaming,1
1720.0,0.4777777777777778,0.8766150993521942,3.8829066451491157,4.092934876861699,49.18420211935076,0.021073667209341906,cutoff,S3_gaming,1
1722.0,0.47833333333333333,0.8764686964800252,3.882831402453075,4.092934876861699,49.182376996028225,0.021074074350257873,cutoff,S3_gaming,1
1724.0,0.47888888888888886,0.8763222907707592,3.8827561581723997,4.092934876861699,49.18055186970336,0.021074481559509365,cutoff,S3_gaming,1
1726.0,0.47944444444444445,0.8761758822242264,3.882680912309184,4.092934876861699,49.17872674042917,0.02107488883495523,cutoff,S3_gaming,1
1728.0,0.48,0.8760294708402573,3.8826056648654146,4.092934876861699,49.17690160825612,0.0210752961745583,cutoff,S3_gaming,1
1730.0,0.48055555555555557,0.8758830566186823,3.882530415842979,4.092934876861699,49.17507647323223,0.021075703576380327,cutoff,S3_gaming,1
1732.0,0.4811111111111111,0.8757366395593319,3.8824551652436696,4.092934876861699,49.17325133540314,0.021076111038577216,cutoff,S3_gaming,1
1734.0,0.4816666666666667,0.8755902196620367,3.8823799130691823,4.092934876861699,49.1714261948123,0.021076518559394433,cutoff,S3_gaming,1
1736.0,0.4822222222222222,0.8754437969266272,3.8823046593211306,4.092934876861699,49.169601051501026,0.021076926137162666,cutoff,S3_gaming,1
1738.0,0.48277777777777775,0.8752973713529342,3.882229404001043,4.092934876861699,49.167775905508655,0.0210773337702937,cutoff,S3_gaming,1
1740.0,0.48333333333333334,0.8751509429407882,3.8821541471103713,4.092934876861699,49.16595075687255,0.021077741457276474,cutoff,S3_gaming,1
1742.0,0.48388888888888887,0.8750045116900201,3.882078888650489,4.092934876861699,49.1641256056283,0.02107814919667334,cutoff,S3_gaming,1
1744.0,0.48444444444444446,0.8748360164645483,3.8691281665820045,4.69404159768895,49.15818630875946,0.02123349174756776,cutoff,S3_gaming,1
1746.0,0.485,0.8746793870907392,3.8758215408334493,4.370968125196539,49.15464785364206,0.021297924581575232,cutoff,S3_gaming,1
1748.0,0.4855555555555556,0.8745230700190388,3.8758642406373927,4.362297799468604,49.15124565224276,0.021357021696360803,cutoff,S3_gaming,1
1750.0,0.4861111111111111,0.8743669841434608,3.875864833328759,4.355843897622352,49.14795811700969,0.02141161292347288,cutoff,S3_gaming,1
1752.0,0.4866666666666667,0.8742110691186652,3.8758346060116646,4.351039827931306,49.144768537835084,0.021462341821586163,cutoff,S3_gaming,1
1754.0,0.4872222222222222,0.8740552800487286,3.8757819334342183,4.3474638383754955,49.14166386560223,0.021509712061774582,cutoff,S3_gaming,1
1756.0,0.48777777777777775,0.8738995835351816,3.875713024561604,4.344801990790916,49.138633805550896,0.021554122004447396,cutoff,S3_gaming,1
1758.0,0.48833333333333334,0.8737439547361409,3.875632477842545,4.342820600058937,49.13567014117056,0.021595890489052083,cutoff,S3_gaming,1
1760.0,0.4888888888888889,0.873588375177688,3.8755436942587473,4.341345718756374,49.132766229669635,0.021635276082990568,cutoff,S3_gaming,1
1762.0,0.48944444444444446,0.8734328311249905,3.8754491846151624,4.340247866211925,49.12991662517681,0.0216724914606976,cutoff,S3_gaming,1
1764.0,0.49,0.8732773123699669,3.875350798163572,4.339430661324142,49.127116797057234,0.02170771415606662,cutoff,S3_gaming,1
1766.0,0.4905555555555556,0.873121811328954,3.8752498927011816,4.33882236120953,49.124362919073896,0.021741094613331086,cutoff,S3_gaming,1
1768.0,0.4911111111111111,0.8729663223711001,3.875147461123349,4.338369562853856,49.12165171133291,0.021772762224923706,cutoff,S3_gaming,1
1770.0,0.49166666666666664,0.8728108413184854,3.875044225572864,4.338032514831052,49.11898032156904,0.021802829868824928,cutoff,S3_gaming,1
1772.0,0.4922222222222222,0.8726553650740632,3.8749407074757256,4.337781627502835,49.11634623576431,0.021831397326944606,cutoff,S3_gaming,1
1774.0,0.49277777777777776,0.8724998913447406,3.8748372796319086,4.337594875327475,49.113747210649066,0.02185855386861683,cutoff,S3_gaming,1
1776.0,0.49333333333333335,0.8723533647487156,3.879955414242219,4.093339659752194,49.112848786223694,0.021821550503402124,cutoff,S3_gaming,1
1778.0,0.4938888888888889,0.8722068405045604,3.8799187019062646,4.093236183770605,49.11190609392796,0.021786335298435412,cutoff,S3_gaming,1
1780.0,0.49444444444444446,0.8720603175769255,3.879879686535577,4.093159159694513,49.11092110282449,0.021752828315248218,cutoff,S3_gaming,1
1782.0,0.495,0.8719137951809034,3.8798385897687533,4.0931018255363165,49.10989573203913,0.021720951755173572,cutoff,S3_gaming,1
1784.0,0.4955555555555556,0.8717672727186957,3.879795594373561,4.093059147897546,49.10883184153638,0.021690630299773746,cutoff,S3_gaming,1
1786.0,0.4961111111111111,0.8716207497324365,3.8797508533208633,4.093027380083937,49.10773122631876,0.02166179132119642,cutoff,S3_gaming,1
1788.0,0.49666666666666665,0.8714742258690441,3.879704496580743,4.0930037331810025,49.106595613123375,0.021634364997798652,cutoff,S3_gaming,1
1790.0,0.49722222222222223,0.8713277008540276,3.8796566362211142,4.092986131213637,49.1054266589282,0.021608284361242378,cutoff,S3_gaming,1
1792.0,0.49777777777777776,0.8711811744719602,3.8796073702408354,4.092973028895081,49.104225950758526,0.02158348529447003,cutoff,S3_gaming,1
1794.0,0.49833333333333335,0.8710346465519176,3.879556785459011,4.092963275965309,49.102995006417004,0.021559906494915643,cutoff,S3_gaming,1
1796.0,0.4988888888888889,0.8708881169566121,3.8795049596999935,4.092956016209051,49.10173527585852,0.02153748941354973,cutoff,S3_gaming,1
1798.0,0.49944444444444447,0.8707415855742792,3.8794519634524733,4.0929506122881625,49.10044814300509,0.02151617817756398,cutoff,S3_gaming,1
1800.0,0.5,0.8705950523126157,3.87939786113551,4.092946589789343,49.09913492784964,0.02149591950242734,cutoff,S3_gaming,1
1802.0,0.5005555555555555,0.8704485170942444,3.8793427120704798,4.092943595575127,49.09779688873866,0.02147666259750468,cutoff,S3_gaming,1
1804.0,0.5011111111111111,0.8703019798533168,3.8792865712326803,4.092941366781738,49.09643522475301,0.02145835906828637,cutoff,S3_gaming,1
1806.0,0.5016666666666667,0.8701554405329638,3.8792294898375546,4.092939707742134,49.09505107812886,0.02144096281742981,cutoff,S3_gaming,1
1808.0,0.5022222222222222,0.8700088990833792,3.879171515802521,4.09293847280828,49.09364553667715,0.02142442994618655,cutoff,S3_gaming,1
1810.0,0.5027777777777778,0.8698623554603747,3.8791126941149554,4.092937553564629,49.09221963617185,0.021408718657324757,cutoff,S3_gaming,1
1812.0,0.5033333333333333,0.8697158096242863,3.8790530671291616,4.092936869310256,49.09077436268666,0.021393789160314508,cutoff,S3_gaming,1
1814.0,0.5038888888888889,0.8695692615391442,3.878992674809351,4.092936359974078,49.08931065486621,0.021379603579291456,cutoff,S3_gaming,1
1816.0,0.5044444444444445,0.8694227111720386,3.8789315549313717,4.092935980841182,49.08782940612269,0.021366125864129497,cutoff,S3_gaming,1
1818.0,0.505,0.8692761584926332,3.8788697432527255,4.092935698627277,49.08633146675241,0.021353321704818115,cutoff,S3_gaming,1
1820.0,0.5055555555555555,0.8691296034727879,3.878807273658009,4.092935488556639,49.084817645969636,0.02134115844924201,cutoff,S3_gaming,1
1822.0,0.5061111111111111,0.8689830460862651,3.878744178285148,4.09293533218705,49.08328871385625,0.02132960502438994,cutoff,S3_gaming,1
1824.0,0.5066666666666667,0.8688364863084975,3.8786804876364664,4.092935215790733,49.081745403227934,0.021318631860969314,cutoff,S3_gaming,1
1826.0,0.5072222222222222,0.8686899241164034,3.8786162306776295,4.092935129149189,49.08018841141812,0.021308210821367763,cutoff,S3_gaming,1
1828.0,0.5077777777777778,0.8685433594882374,3.8785514349267785,4.092935064656109,49.078618401981196,0.02129831513087846,cutoff,S3_gaming,1
1830.0,0.5083333333333333,0.8683967924034675,3.8784861265356096,4.092935016649606,49.077036006317975,0.02128891931208985,cutoff,S3_gaming,1
1832.0,0.5088888888888888,0.8682502228426738,3.8784203303637432,4.092934980915164,49.0754418252254,0.02127999912233016,cutoff,S3_gaming,1
1834.0,0.5094444444444445,0.8681036507874628,3.87835407004742,4.092934954315634,49.07383643037386,0.02127153149405116,cutoff,S3_gaming,1
1836.0,0.51,0.8679570762203933,3.878287368063321,4.09293493451583,49.07222036571457,0.021263494478032927,cutoff,S3_gaming,1
1838.0,0.5105555555555555,0.8678104991249133,3.8782202457881505,4.092934919777515,49.07059414882009,0.021255867189290865,cutoff,S3_gaming,1
1840.0,0.5111111111111111,0.867663919485303,3.878152723554477,4.092934908806804,49.06895827216103,0.02124862975556737,cutoff,S3_gaming,1
1842.0,0.5116666666666667,0.8675173372866251,3.8780848207032284,4.0929349006405715,49.06731320432132,0.021241763268292805,cutoff,S3_gaming,1
1844.0,0.5122222222222222,0.8673707525146793,3.8780165556331663,4.0929348945619,49.06565939115545,0.021235249735903454,cutoff,S3_gaming,1
1846.0,0.5127777777777778,0.8672241651559616,3.877947945847616,4.09293489003714,49.06399725688977,0.021229072039407704,cutoff,S3_gaming,1
1848.0,0.5133333333333333,0.8670775751976256,3.877879007998658,4.092934886669058,49.06232720517075,0.02122321389009551,cutoff,S3_gaming,1
1850.0,0.5138888888888888,0.8669309826274488,3.877809757928991,4.092934884161971,49.060649620062755,0.021217659789290275,cutoff,S3_gaming,1
1852.0,0.5144444444444445,0.8667843874337993,3.8777402107116115,4.092934882295778,49.0589648669974,0.02121239499004639,cutoff,S3_gaming,1
1854.0,0.515,0.8666377896056053,3.877670380687466,4.092934880906647,49.05727329367718,0.021207405460699685,cutoff,S3_gaming,1
1856.0,0.5155555555555555,0.8664691016290144,3.864709434437826,4.69404159768895,49.051460644292035,0.021357797787799067,cutoff,S3_gaming,1
1858.0,0.5161111111111111,0.8663122939156896,3.871415827675196,4.370968125196539,49.04804292447839,0.021417420611408333,cutoff,S3_gaming,1
1860.0,0.5166666666666667,0.8661557990609858,3.8714633357445005,4.362297799468604,49.04475559783407,0.021471938394668322,cutoff,S3_gaming,1
1862.0,0.5172222222222222,0.8659995358525007,3.871468455591842,4.355843897622352,49.04157735993256,0.021522170466128338,cutoff,S3_gaming,1
1864.0,0.5177777777777778,0.8658434438639163,3.8714424990936807,4.351039827931306,49.03849177040741,0.021568750215050742,cutoff,S3_gaming,1
1866.0,0.5183333333333333,0.8656874781373171,3.8713938617018635,4.3474638383754955,49.035486037053246,0.021612171505731845,cutoff,S3_gaming,1
1868.0,0.5188888888888888,0.8655316052264331,3.8713287699537355,4.344801990790916,49.032550109743745,0.02165282327041605,cutoff,S3_gaming,1
1870.0,0.5194444444444445,0.8653758002522098,3.871251837438646,4.342820600058937,49.02967600486901,0.021691015305557473,cutoff,S3_gaming,1
1872.0,0.52,0.8652200447115358,3.8711664783718245,4.341345718756374,49.02685730133647,0.021726997520564617,cutoff,S3_gaming,1
1874.0,0.5205555555555555,0.8650643248463912,3.8710752152787777,4.340247866211925,49.02408876428786,0.021760974311956675,cutoff,S3_gaming,1
1876.0,0.5211111111111111,0.8649086304300434,3.8709799079161575,4.339430661324142,49.021366063913476,0.021793115307572837,cutoff,S3_gaming,1
1878.0,0.5216666666666666,0.8647529538636192,3.8708819235955954,4.33882236120953,49.018685565093016,0.021823563407011602,cutoff,S3_gaming,1
1880.0,0.5222222222222223,0.8645972895036795,3.8707822639079694,4.338369562853856,49.01604416980093,0.02185244080760511,cutoff,S3_gaming,1
1882.0,0.5227777777777778,0.8644416331617298,3.8706816590041644,4.338032514831052,49.01343919883278,0.021879853529010854,cutoff,S3_gaming,1
1884.0,0.5233333333333333,0.8642859817317033,3.870580637732372,4.337781627502835,49.010868302845374,0.021905894818378936,cutoff,S3_gaming,1
1886.0,0.5238888888888888,0.8641303329127001,3.8704795798079514,4.337594875327475,49.00832939526072,0.021930647720473432,cutoff,S3_gaming,1
1888.0,0.5244444444444445,0.8639836418376864,3.8756061047324772,4.093339659752194,49.007488334582156,0.021891283424082635,cutoff,S3_gaming,1
1890.0,0.525,0.8638369532016238,3.8755716054225693,4.093236183770605,49.00660021887669,0.021853821820470902,cutoff,S3_gaming,1
1892.0,0.5255555555555556,0.8636902659635513,3.8755346909650363,4.093159159694513,49.00566715230688,0.0218181774247554,cutoff,S3_gaming,1
1894.0,0.5261111111111111,0.8635435793334578,3.8754955885647644,4.0931018255363165,49.004691182558005,0.021784267158790657,cutoff,S3_gaming,1
1896.0,0.5266666666666666,0.8633968927088641,3.875454486252698,4.093059147897546,49.003674291928675,0.02175201067917467,cutoff,S3_gaming,1
1898.0,0.5272222222222223,0.8632502056275807,3.8754115419829596,4.093027380083937,49.00261839183076,0.02172133057565161,cutoff,S3_gaming,1
1900.0,0.5277777777777778,0.863103517732509,3.8753668904488734,4.0930037331810025,49.00152531977194,0.021692152475262256,cutoff,S3_gaming,1
1902.0,0.5283333333333333,0.8629568287454081,3.8753206481988838,4.092986131213637,49.000396838134535,0.021664405078448128,cutoff,S3_gaming,1
1904.0,0.5288888888888889,0.8628101384473371,3.8752729174849394,4.092973028895081,48.99923463424125,0.021638020146513615,cutoff,S3_gaming,1
1906.0,0.5294444444444445,0.8626634466640675,3.87522378916542,4.092963275965309,48.998040321332255,0.021612932454792365,cutoff,S3_gaming,1
1908.0,0.53,0.862516753255197,3.875173344902447,4.092956016209051,48.99681544017516,0.021589079722104054,cutoff,S3_gaming,1
1910.0,0.5305555555555556,0.8623700581060206,3.875121658832179,4.0929506122881625,48.995561461103634,0.021566402524293267,cutoff,S3_gaming,1
1912.0,0.5311111111111111,0.8622233611214529,3.8750687988411454,4.092946589789343,48.99427978633425,0.021544844197566367,cutoff,S3_gaming,1
1914.0,0.5316666666666666,0.8620766622214817,3.8750148275477168,4.092943595575127,48.992971752451865,0.021524350735801247,cutoff,S3_gaming,1
1916.0,0.5322222222222223,0.8619299613377603,3.8749598030625716,4.092941366781738,48.991638632983296,0.021504870684861607,cutoff,S3_gaming,1
1918.0,0.5327777777777778,0.8617832584110496,3.8749037795831964,4.092939707742134,48.99028164100205,0.021486355036100063,cutoff,S3_gaming,1
1920.0,0.5333333333333333,0.8616365533892932,3.87484680786348,4.09293847280828,48.988901931722424,0.021468757120607255,cutoff,S3_gaming,1
1922.0,0.5338888888888889,0.8614898462261652,3.874788935589002,4.092937553564629,48.98750060505414,0.02145203250530057,cutoff,S3_gaming,1
1924.0,0.5344444444444445,0.8613431368799706,3.874730207680887,4.092936869310256,48.98607870809735,0.021436138891604242,cutoff,S3_gaming,1
1926.0,0.535,0.8611964253128089,3.8746706665452915,4.092936359974078,48.98463723756442,0.02142103601722114,cutoff,S3_gaming,1
1928.0,0.5355555555555556,0.8610497114899351,3.8746103522812927,4.092935980841182,48.98317714211992,0.02140668556131227,cutoff,S3_gaming,1
1930.0,0.5361111111111111,0.8609029953792675,3.8745493028567317,4.092935698627277,48.98169932463367,0.021393051053265583,cutoff,S3_gaming,1
1932.0,0.5366666666666666,0.860756276951006,3.8744875542591912,4.092935488556639,48.98020464434421,0.021380097785138157,cutoff,S3_gaming,1
1934.0,0.5372222222222223,0.8606095561773341,3.874425140627475,4.09293533218705,48.978693918932194,0.021367792727785776,cutoff,S3_gaming,1
1936.0,0.5377777777777778,0.8604628330321828,3.8743620943676573,4.092935215790733,48.97716792650404,0.021356104450644148,cutoff,S3_gaming,1
1938.0,0.5383333333333333,0.8603161074910417,3.8742984462567636,4.092935129149189,48.975627407487636,0.021345003045091075,cutoff,S3_gaming,1
1940.0,0.5388888888888889,0.8601693795308059,3.8742342255364015,4.092935064656109,48.97407306644219,0.0213344600512952,cutoff,S3_gaming,1
1942.0,0.5394444444444444,0.8600226491296502,3.8741694599981127,4.092935016649606,48.972505573784794,0.021324448388441195,cutoff,S3_gaming,1
1944.0,0.54,0.8598759162669245,3.874104176061811,4.092934980915164,48.97092556743671,0.021314942288211538,cutoff,S3_gaming,1
1946.0,0.5405555555555556,0.8597291809230644,3.874038398848339,4.092934954315634,48.96933365439221,0.021305917231399615,cutoff,S3_gaming,1
1948.0,0.5411111111111111,0.8595824430795149,3.873972152246968,4.09293493451583,48.967730412213335,0.021297349887526615,cutoff,S3_gaming,1
1950.0,0.5416666666666666,0.859435702718664,3.8739054589784776,4.092934919777515,48.966116390453486,0.021289218057334594,cutoff,S3_gaming,1
1952.0,0.5422222222222223,0.8592889598237833,3.873838340654316,4.092934908806804,48.964492112013055,0.02128150061802973,cutoff,S3_gaming,1
1954.0,0.5427777777777778,0.8591422143789759,3.873770817832268,4.0929349006405715,48.96285807443,0.021274177471152355,cutoff,S3_gaming,1
1956.0,0.5433333333333333,0.8589954663691283,3.8737029100689324,4.0929348945619,48.96121475110856,0.021267229492953874,cutoff,S3_gaming,1
1958.0,0.5438888888888889,0.8588487157798674,3.8736346359693163,4.09293489003714,48.95956259248864,0.021260638487164505,cutoff,S3_gaming,1
1960.0,0.5444444444444444,0.8587019625975204,3.8735660132337557,4.092934886669058,48.95790202715894,0.021254387140039997,cutoff,S3_gaming,1
1962.0,0.545,0.8585552068090776,3.8734970587023634,4.092934884161971,48.956233462916266,0.021248458977579914,cutoff,S3_gaming,1
1964.0,0.5455555555555556,0.8584084484021584,3.873427788397179,4.092934882295778,48.95455728777363,0.021242838324814394,cutoff,S3_gaming,1
1966.0,0.5461111111111111,0.8582616873649787,3.8733582175621653,4.092934880906647,48.95287387091966,0.02123751026706078,cutoff,S3_gaming,1
1968.0,0.5466666666666666,0.8581149236863211,3.8732883607011845,4.092934879872623,48.951183563631496,0.021232460613055844,cutoff,S3_gaming,1
1970.0,0.5472222222222223,0.8579681573555067,3.8732182316140684,4.0929348791029305,48.94948670014351,0.021227675859873573,cutoff,S3_gaming,1
1972.0,0.5477777777777778,0.8578213883623674,3.8731478434309037,4.092934878529998,48.94778359847399,0.021223143159542598,cutoff,S3_gaming,1
1974.0,0.5483333333333333,0.8576746166972218,3.873077208644609,4.092934878103525,48.94607456121168,0.021218850287281366,cutoff,S3_gaming,1
1976.0,0.5488888888888889,0.8575278423508501,3.873006339141916,4.092934877786073,48.94435987626427,0.021214785611272966,cutoff,S3_gaming,1
1978.0,0.5494444444444444,0.8573810653144722,3.8729352462328275,4.092934877549772,48.9426398175706,0.021210938063905203,cutoff,S3_gaming,1
1980.0,0.55,0.8572342855797261,3.872863940678629,4.092934877373878,48.940914645778285,0.021207297114405093,cutoff,S3_gaming,1
1982.0,0.5505555555555556,0.8570875031386471,3.8727924327185375,4.092934877242948,48.93918460888848,0.02120385274280027,cutoff,S3_gaming,1
1984.0,0.5511111111111111,0.8569407179836487,3.872720732095044,4.092934877145487,48.937449942869506,0.02120059541514309,cutoff,S3_gaming,1
1986.0,0.5516666666666666,0.8567939301075039,3.872648848078026,4.092934877072942,48.935710872240506,0.021197516059936243,cutoff,S3_gaming,1
1988.0,0.5522222222222222,0.8566471395033285,3.8725767894876824,4.0929348770189415,48.93396761062695,0.0211946060457017,cutoff,S3_gaming,1
1990.0,0.5527777777777778,0.8565003461645632,3.872504564716356,4.092934876978745,48.932220361289225,0.021191857159637527,cutoff,S3_gaming,1
1992.0,0.5533333333333333,0.8563535500849588,3.8724321817492937,4.092934876948824,48.930469317625395,0.021189261587309896,cutoff,S3_gaming,1
1994.0,0.5538888888888889,0.8562067512585609,3.872359648184395,4.092934876926552,48.92871466364976,0.02118681189333006,cutoff,S3_gaming,1
1996.0,0.5544444444444444,0.8560599496796953,3.872286971251009,4.092934876909974,48.92695657444811,0.02118450100296857,cutoff,S3_gaming,1
1998.0,0.555,0.8559131453429548,3.872214157827809,4.092934876897633,48.92519521661095,0.021182322184661265,cutoff,S3_gaming,1
2000.0,0.5555555555555556,0.8557663382431858,3.872141214459809,4.092934876888447,48.923430748645636,0.021180269033363782,cutoff,S3_gaming,1
2002.0,0.5561111111111111,0.8556195283754764,3.8720681473745464,4.09293487688161,48.92166332136855,0.02117833545471347,cutoff,S3_gaming,1
2004.0,0.5566666666666666,0.8554727157351444,3.871994962497481,4.0929348768765195,48.91989307827831,0.02117651564995953,cutoff,S3_gaming,1
2006.0,0.5572222222222222,0.8553259003177265,3.8719216654666546,4.0929348768727305,48.91812015591078,0.0211748041016241,cutoff,S3_gaming,1
2008.0,0.5577777777777778,0.8551790821189673,3.871848261646625,4.0929348768699105,48.916344684176885,0.021173195559858877,cutoff,S3_gaming,1
2010.0,0.5583333333333333,0.8550322611348095,3.871774756141739,4.092934876867812,48.91456678668411,0.021171685029463518,cutoff,S3_gaming,1
2012.0,0.5588888888888889,0.8548854373613839,3.8717011538087482,4.092934876866249,48.91278658104229,0.021170267757533705,cutoff,S3_gaming,1
2014.0,0.5594444444444444,0.854738610795001,3.871627459268823,4.092934876865086,48.9110041791546,0.021168939221708365,cutoff,S3_gaming,1
2016.0,0.56,0.8545917814321415,3.87155367691898,4.09293487686422,48.9092196874945,0.021167695118986966,cutoff,S3_gaming,1
2018.0,0.5605555555555556,0.8544449492694486,3.871479810942952,4.092934876863575,48.90743320736913,0.021166531355089238,cutoff,S3_gaming,1
2020.0,0.5611111111111111,0.8542981143037198,3.8714058653215333,4.0929348768630955,48.90564483517006,0.021165444034331012,cutoff,S3_gaming,1
2022.0,0.5616666666666666,0.8541512765318996,3.871331843842429,4.0929348768627385,48.90385466261167,0.021164429449991137,cutoff,S3_gaming,1
2024.0,0.5622222222222222,0.8540044359510723,3.8712577501096126,4.092934876862473,48.90206277695825,0.021163484075145667,cutoff,S3_gaming,1
2026.0,0.5627777777777778,0.8538354665502879,3.858270253540782,4.69404159768895,48.89615403169303,0.021317994911596017,cutoff,S3_gaming,1
2028.0,0.5633333333333334,0.853678397999418,3.8649846142572124,4.370968125196539,48.892645226353,0.021381390801907187,cutoff,S3_gaming,1
2030.0,0.5638888888888889,0.8535216426849381,3.8650286258667945,4.362297799468604,48.889271233583436,0.021439494983926655,cutoff,S3_gaming,1
2032.0,0.5644444444444444,0.8533651192612093,3.865030349068736,4.355843897622352,48.886010532083354,0.02149313682584176,cutoff,S3_gaming,1
2034.0,0.565,0.853208767204269,3.86500110691926,4.351039827931306,48.88284647575557,0.02154295901695074,cutoff,S3_gaming,1
2036.0,0.5655555555555556,0.8530525414849802,3.8649493014149936,4.3474638383754955,48.8797660771074,0.02158946408244338,cutoff,S3_gaming,1
2038.0,0.5661111111111111,0.8528964086054561,3.864881162275105,4.344801990790916,48.87675910054404,0.02163304905538142,cutoff,S3_gaming,1
2040.0,0.5666666666666667,0.8527403436495552,3.864801303849447,4.342820600058937,48.873817386242436,0.02167403133590595,cutoff,S3_gaming,1
2042.0,0.5672222222222222,0.8525843280878357,3.8647131393889875,4.341345718756374,48.87093434563829,0.02171266799073416,cutoff,S3_gaming,1
2044.0,0.5677777777777778,0.8524283481438963,3.8646191892448294,4.340247866211925,48.868104584670945,0.021749170168802803,cutoff,S3_gaming,1
2046.0,0.5683333333333334,0.8522723935784838,3.8645213101685867,4.339430661324142,48.86532362216056,0.021783713879887492,cutoff,S3_gaming,1
2048.0,0.5688888888888889,0.8521164567845131,3.864420865915378,4.33882236120953,48.86258767904214,0.021816448064011604,cutoff,S3_gaming,1
2050.0,0.5694444444444444,0.8519605321134885,3.8643188541727294,4.338369562853856,48.85989352039081,0.021847500642176484,cutoff,S3_gaming,1
2052.0,0.57,0.8518046153741581,3.8642160009906377,4.338032514831052,48.85723833679115,0.02187698306241659,cutoff,S3_gaming,1
2054.0,0.5705555555555556,0.8516487034593608,3.8641128310271267,4.337781627502835,48.85461965504182,0.02190499372383118,cutoff,S3_gaming,1
2056.0,0.5711111111111111,0.8514927940682951,3.8640097197959395,4.337594875327475,48.852035270742746,0.02193162056349483,cutoff,S3_gaming,1
2058.0,0.5716666666666667,0.8513458580094296,3.869143434609483,4.093339659752194,48.85115118195235,0.021893929335569037,cutoff,S3_gaming,1
2060.0,0.5722222222222222,0.8511989243233832,3.86910718359137,4.093236183770605,48.8502221180957,0.02185805966827294,cutoff,S3_gaming,1
2062.0,0.5727777777777778,0.8510519919703298,3.869068595188453,4.093159159694513,48.84925008241493,0.021823930025618964,cutoff,S3_gaming,1
2064.0,0.5733333333333334,0.8509050601616857,3.8690278930227633,4.0931018255363165,48.84823702657354,0.02179146108371224,cutoff,S3_gaming,1
2066.0,0.5738888888888889,0.8507581282965886,3.868985261667448,4.093059147897546,48.84718484150818,0.021760576068972897,cutoff,S3_gaming,1
2068.0,0.5744444444444444,0.8506111959145803,3.868940855750284,4.093027380083937,48.84609535170171,0.02173120096606246,cutoff,S3_gaming,1
2070.0,0.575,0.850464262660353,3.8688948067725986,4.0930037331810025,48.84497031195024,0.021703264630949206,cutoff,S3_gaming,1
2072.0,0.5755555555555556,0.8503173282574764,3.8688472282255852,4.092986131213637,48.84381140593685,0.02167669883538551,cutoff,S3_gaming,1
2074.0,0.5761111111111111,0.8501703924888118,3.8687982194372914,4.092973028895081,48.84262024610271,0.021651438262255535,cutoff,S3_gaming,1
2076.0,0.5766666666666667,0.8500234551819046,3.86874786847291,4.092963275965309,48.84139837443869,0.021627420466184048,cutoff,S3_gaming,1
2078.0,0.5772222222222222,0.8498765161980848,3.8686962543285963,4.092956016209051,48.84014726391917,0.02160458581002934,cutoff,S3_gaming,1
2080.0,0.5777777777777777,0.8497295754243277,3.868643448597719,4.0929506122881625,48.83886832037291,0.021582877385083302,cutoff,S3_gaming,1
2082.0,0.5783333333333334,0.8495826327671716,3.8685895167427997,4.092946589789343,48.83756288464055,0.02156224092072121,cutoff,S3_gaming,1
2084.0,0.5788888888888889,0.8494356881481672,3.8685345190723948,4.092943595575127,48.836232234908074,0.02154262468769948,cutoff,S3_gaming,1
2086.0,0.5794444444444444,0.8492887415004682,3.868478511496898,4.092941366781738,48.83487758913634,0.021523979398153474,cutoff,S3_gaming,1
2088.0,0.58,0.8491417927662731,3.868421546118383,4.092939707742134,48.833500107528195,0.021506258104498053,cutoff,S3_gaming,1
2090.0,0.5805555555555556,0.8489948418949009,3.8683636716955903,4.09293847280828,48.8321008949921,0.021489416098804517,cutoff,S3_gaming,1
2092.0,0.5811111111111111,0.84884788884134,3.8683049340147133,4.092937553564629,48.830681003572295,0.0214734108137626,cutoff,S3_gaming,1
2094.0,0.5816666666666667,0.8487009335651498,3.868245376188879,4.092936869310256,48.82924143482547,0.02145820172599311,cutoff,S3_gaming,1
2096.0,0.5822222222222222,0.8485539760296263,3.868185038903395,4.092936359974078,48.827783142130045,0.021443750262224278,cutoff,S3_gaming,1
2098.0,0.5827777777777777,0.8484070162011655,3.8681239606195623,4.092935980841182,48.82630703291891,0.02143001970865974,cutoff,S3_gaming,1
2100.0,0.5833333333333334,0.8482600540487727,3.8680621777466,4.092935698627277,48.824813970830604,0.021416975123730784,cutoff,S3_gaming,1
2102.0,0.5838888888888889,0.8481130895436834,3.8679997247888602,4.092935488556639,48.823304777775796,0.021404583254327387,cutoff,S3_gaming,1
2104.0,0.5844444444444444,0.8479661226590672,3.8679366344737125,4.09293533218705,48.821780235918254,0.021392812455531825,cutoff,S3_gaming,1
2106.0,0.585,0.8478191533697942,3.8678729378641576,4.092935215790733,48.82024108957084,0.02138163261382826,cutoff,S3_gaming,1
2108.0,0.5855555555555556,0.8476721816522478,3.8678086644592224,4.092935129149189,48.81868804700751,0.021371015073726435,cutoff,S3_gaming,1
2110.0,0.5861111111111111,0.8475252074841739,3.8677438422844577,4.092935064656109,48.81712178219369,0.02136093256771322,cutoff,S3_gaming,1
2112.0,0.5866666666666667,0.8473782308445573,3.8676784979743073,4.092935016649606,48.815542936437176,0.021351359149429757,cutoff,S3_gaming,1
2114.0,0.5872222222222222,0.8472312517135183,3.867612656847692,4.092934980915164,48.81395211996237,0.021342270129961736,cutoff,S3_gaming,1
2116.0,0.5877777777777777,0.8470842700722259,3.8675463429778643,4.092934954315634,48.8123499134107,0.021333642017124517,cutoff,S3_gaming,1
2118.0,0.5883333333333334,0.8469372859028228,3.8674795792573127,4.09293493451583,48.81073686927008,0.021325452457622265,cutoff,S3_gaming,1
2120.0,0.5888888888888889,0.846790299188361,3.86741238745839,4.092934919777515,48.80911351323657,0.02131768018195981,cutoff,S3_gaming,1
2122.0,0.5894444444444444,0.8466433099127441,3.867344788290132,4.092934908806804,48.807480345510875,0.021310304951987238,cutoff,S3_gaming,1
2124.0,0.59,0.8464963180606759,3.8672768014516867,4.0929349006405715,48.805837842032886,0.021303307510959543,cutoff,S3_gaming,1
2126.0,0.5905555555555555,0.8463493236176152,3.8672084456826816,4.0929348945619,48.80418645565682,0.021296669535996876,cutoff,S3_gaming,1
2128.0,0.5911111111111111,0.8462023265697328,3.8671397388107898,4.09293489003714,48.802526617269876,0.021290373592834463,cutoff,S3_gaming,1
2130.0,0.5916666666666667,0.8460553269038735,3.8670706977967284,4.092934886669058,48.80085873685691,0.021284403092755342,cutoff,S3_gaming,1
2132.0,0.5922222222222222,0.8459083246075203,3.867001338776883,4.092934884161971,48.79918320451373,0.021278742251603065,cutoff,S3_gaming,1
2134.0,0.5927777777777777,0.8457613196687609,3.8669316771037128,4.092934882295778,48.79750039141137,0.02127337605077585,cutoff,S3_gaming,1
2136.0,0.5933333333333334,0.8456143120762571,3.8668617273840886,4.092934880906647,48.795810650713854,0.02126829020010769,cutoff,S3_gaming,1
2138.0,0.5938888888888889,0.8454673018192158,3.866791503515697,4.092934879872623,48.79411431845141,0.02126347110254626,cutoff,S3_gaming,1
2140.0,0.5944444444444444,0.845320288887361,3.8667210187216097,4.0929348791029305,48.792411714351495,0.02125890582054133,cutoff,S3_gaming,1
2142.0,0.595,0.8451732732709089,3.866650285583138,4.092934878529998,48.79070314262949,0.021254582044061512,cutoff,S3_gaming,1
2144.0,0.5955555555555555,0.8450262549605427,3.8665793160710566,4.092934878103525,48.78898889274118,0.02125048806016078,cutoff,S3_gaming,1
2146.0,0.5961111111111111,0.8448792339473904,3.8665081215752912,4.092934877786073,48.78726924009867,0.02124661272402007,cutoff,S3_gaming,1
2148.0,0.5966666666666667,0.8447322102230022,3.8664367129331447,4.092934877549772,48.78554444675163,0.021242945431392664,cutoff,S3_gaming,1
2150.0,0.5972222222222222,0.8445851837793301,3.866365100456143,4.092934877373878,48.7838147620356,0.021239476092385464,cutoff,S3_gaming,1
2152.0,0.5977777777777777,0.8444381546087087,3.8662932939555654,4.092934877242948,48.782080423188674,0.021236195106511584,cutoff,S3_gaming,1
2154.0,0.5983333333333334,0.8442911227038359,3.8662213027667347,4.092934877145487,48.78034165593844,0.02123309333895263,cutoff,S3_gaming,1
2156.0,0.5988888888888889,0.8441440880577553,3.866149135772115,4.092934877072942,48.778598675060444,0.02123016209797216,cutoff,S3_gaming,1
2158.0,0.5994444444444444,0.8439970506638398,3.866076801423295,4.0929348770189415,48.77685168490941,0.021227393113424475,cutoff,S3_gaming,1
2160.0,0.6,0.8438500105157752,3.866004307761892,4.092934876978745,48.775100879924956,0.021224778516305758,cutoff,S3_gaming,1
2162.0,0.6005555555555555,0.8437029676075453,3.865931662439447,4.092934876948824,48.77334644511251,0.02122231081929693,cutoff,S3_gaming,1
2164.0,0.6011111111111112,0.8435559219334168,3.8658588727363483,4.092934876926552,48.77158855650107,0.02121998289825023,cutoff,S3_gaming,1
2166.0,0.6016666666666667,0.8434088734879264,3.865785945579839,4.092934876909974,48.76982738157876,0.021217787974573726,cutoff,S3_gaming,1
2168.0,0.6022222222222222,0.8432618222658671,3.86571288756115,4.092934876897633,48.7680630797071,0.021215719598470226,cutoff,S3_gaming,1
2170.0,0.6027777777777777,0.843114768262276,3.865639704951798,4.092934876888447,48.7662958025154,0.021213771632989157,cutoff,S3_gaming,1
2172.0,0.6033333333333334,0.8429677114724227,3.8655664037190953,4.09293487688161,48.764525694275825,0.021211938238851976,cutoff,S3_gaming,1
2174.0,0.6038888888888889,0.8428206518917972,3.8654929895409076,4.0929348768765195,48.76275289226042,0.021210213860013632,cutoff,S3_gaming,1
2176.0,0.6044444444444445,0.8426735895161003,3.865419467819691,4.0929348768727305,48.76097752708072,0.021208593209924343,cutoff,S3_gaming,1
2178.0,0.605,0.8425265243412324,3.8653458436958568,4.0929348768699105,48.759199723010845,0.02120707125845774,cutoff,S3_gaming,1
2180.0,0.6055555555555555,0.8423794563632847,3.8652721220604755,4.092934876867812,48.75741959829509,0.021205643219473057,cutoff,S3_gaming,1
2182.0,0.6061111111111112,0.8422323855785291,3.8651983075673777,4.092934876866249,48.755637265440384,0.021204304538980624,cutoff,S3_gaming,1
2184.0,0.6066666666666667,0.8420853119834101,3.8651244046446567,4.092934876865086,48.753852831494775,0.02120305088388137,cutoff,S3_gaming,1
2186.0,0.6072222222222222,0.8419382355745361,3.86505041750562,4.09293487686422,48.75206639831219,0.021201878131252534,cutoff,S3_gaming,1
2188.0,0.6077777777777778,0.8417911563486714,3.864976350159208,4.092934876863575,48.75027806280448,0.021200782358153078,cutoff,S3_gaming,1
2190.0,0.6083333333333333,0.8416219104564546,3.8519667816742422,4.69404159768895,48.744372052882525,0.021355415926334012,cutoff,S3_gaming,1
2192.0,0.6088888888888889,0.8414645858033646,3.858692791829997,4.370968125196539,48.7408661899302,0.021418785369307993,cutoff,S3_gaming,1
2194.0,0.6094444444444445,0.8413075749082767,3.85873700518128,4.362297799468604,48.73749499551858,0.021476860730552567,cutoff,S3_gaming,1
2196.0,0.61,0.841150796286957,3.8587388517169137,4.355843897622352,48.7342369531509,0.021530472467361297,cutoff,S3_gaming,1
2198.0,0.6105555555555555,0.8409941893123615,3.858709674123843,4.351039827931306,48.73107542187637,0.02158026405561215,cutoff,S3_gaming,1
2200.0,0.6111111111111112,0.8408377088786875,3.8586578890228505,4.3474638383754955,48.727997419524,0.02162673858319481,cutoff,S3_gaming,1
2202.0,0.6116666666666667,0.8406813214310339,3.858589737034037,4.344801990790916,48.724992715876915,0.021670293480412568,cutoff,S3_gaming,1
2204.0,0.6122222222222222,0.840525002010867,3.858509840638191,4.342820600058937,48.72205315646176,0.021711246422587826,cutoff,S3_gaming,1
2206.0,0.6127777777777778,0.8403687320572318,3.858421619155674,4.341345718756374,48.719172157976764,0.021749854661792533,cutoff,S3_gaming,1
2208.0,0.6133333333333333,0.8402124977703093,3.8583275974722246,4.340247866211925,48.71634433149599,0.021786329466425947,cutoff,S3_gaming,1
2210.0,0.6138888888888889,0.8400562888934514,3.8582296357311554,4.339430661324142,48.71356520081957,0.021820846917597454,cutoff,S3_gaming,1
2212.0,0.6144444444444445,0.8399000978066603,3.858129100227879,4.33882236120953,48.71083099169072,0.02185355599171045,cutoff,S3_gaming,1
2214.0,0.615,0.839743918851862,3.858026990555762,4.338369562853856,48.70813847381088,0.021884584620955456,cutoff,S3_gaming,1
2216.0,0.6155555555555555,0.8395877478307059,3.8579240341976684,4.338032514831052,48.70548484220454,0.02191404424659105,cutoff,S3_gaming,1
2218.0,0.6161111111111112,0.8394315816307777,3.857820756891734,4.337781627502835,48.702867627922664,0.021942033248315215,cutoff,S3_gaming,1
2220.0,0.6166666666666667,0.8392754179473941,3.8577175349685633,4.337594875327475,48.700284630631536,0.02196863953511351,cutoff,S3_gaming,1
2222.0,0.6172222222222222,0.8391282428818612,3.862860065891458,4.093339659752194,48.69940209858395,0.021930821405722892,cutoff,S3_gaming,1
2224.0,0.6177777777777778,0.8389810701910255,3.862823817041158,4.093236183770605,48.69847450903737,0.02189483101284174,cutoff,S3_gaming,1
2226.0,0.6183333333333333,0.8388338988329465,3.862785223704528,4.093159159694513,48.69750386916517,0.02186058653413241,cutoff,S3_gaming,1
2228.0,0.6188888888888889,0.8386867280173685,3.862744510033183,4.0931018255363165,48.69649213437997,0.02182800837020484,cutoff,S3_gaming,1
2230.0,0.6194444444444445,0.8385395571420919,3.8627018610564043,4.093059147897546,48.69544119919259,0.021797019483071615,cutoff,S3_gaming,1
2232.0,0.62,0.8383923857455744,3.862657431800449,4.093027380083937,48.69435289149212,0.021767545604102496,cutoff,S3_gaming,1
2234.0,0.6205555555555555,0.838245213471617,3.8626113541193625,4.0930037331810025,48.693228969320245,0.021739515346972636,cutoff,S3_gaming,1
2236.0,0.6211111111111111,0.8380980400430458,3.8625637418202854,4.092986131213637,48.69207111945195,0.02171286025192129,cutoff,S3_gaming,1
2238.0,0.6216666666666667,0.8379508652420923,3.8625146945172664,4.092973028895081,48.690880957273414,0.021687514780811705,cutoff,S3_gaming,1
2240.0,0.6222222222222222,0.8378036888957606,3.8624643005367565,4.092963275965309,48.68966002758035,0.02166341627740662,cutoff,S3_gaming,1
2242.0,0.6227777777777778,0.8376565108649086,3.862412639115418,4.092956016209051,48.6884098060182,0.02164050490349981,cutoff,S3_gaming,1
2244.0,0.6233333333333333,0.837509331036094,3.862359782069459,4.0929506122881625,48.68713170095935,0.02161872355873929,cutoff,S3_gaming,1
2246.0,0.6238888888888889,0.837362149315482,3.8623057950689743,4.092946589789343,48.68582705566634,0.021598017789893946,cutoff,S3_gaming,1
2248.0,0.6244444444444445,0.8372149656242858,3.8622507386167175,4.092943595575127,48.68449715063125,0.021578335693768387,cutoff,S3_gaming,1
2250.0,0.625,0.837067779895351,3.862194668805413,4.092941366781738,48.683143206010584,0.02155962781682277,cutoff,S3_gaming,1
2252.0,0.6255555555555555,0.8369205920705928,3.862137637908801,4.092939707742134,48.681766384097685,0.021541847053703496,cutoff,S3_gaming,1
2254.0,0.6261111111111111,0.8367734020990678,3.862079694847624,4.09293847280828,48.68036779179128,0.0215249485462606,cutoff,S3_gaming,1
2256.0,0.6266666666666667,0.8366262099355202,3.862020885561228,4.092937553564629,48.678948483030425,0.021508889584161996,cutoff,S3_gaming,1
2258.0,0.6272222222222222,0.8364790155392807,3.8619612533077365,4.092936869310256,48.67750946117583,0.021493629507870905,cutoff,S3_gaming,1
2260.0,0.6277777777777778,0.8363318188734312,3.861900838909885,4.092936359974078,48.67605168132327,0.021479129614500138,cutoff,S3_gaming,1
2262.0,0.6283333333333333,0.8361846199041655,3.861839680959347,4.092935980841182,48.674576052540694,0.021465353066871175,cutoff,S3_gaming,1
2264.0,0.6288888888888889,0.8360374186002982,3.8617778159891074,4.092935698627277,48.673083440023184,0.021452264805970744,cutoff,S3_gaming,1
2266.0,0.6294444444444445,0.835890214932885,3.8617152786210767,4.092935488556639,48.67157466716321,0.021439831466899137,cutoff,S3_gaming,1
2268.0,0.63,0.8357430088749247,3.861652101694336,4.09293533218705,48.670050517535294,0.0214280212983338,cutoff,S3_gaming,1
2270.0,0.6305555555555555,0.8355958004011257,3.861588316378076,4.092935215790733,48.66851173679523,0.021416804085481227,cutoff,S3_gaming,1
2272.0,0.6311111111111111,0.8354485894877179,3.861523952272294,4.092935129149189,48.66695903449546,0.021406151076454834,cutoff,S3_gaming,1
2274.0,0.6316666666666667,0.8353013761123016,3.8614590374985664,4.092935064656109,48.66539308581851,0.021396034911992184,cutoff,S3_gaming,1
2276.0,0.6322222222222222,0.835154160253723,3.8613935987826773,4.092935016649606,48.66381453323083,0.02138642955840881,cutoff,S3_gaming,1
2278.0,0.6327777777777778,0.8350069418919708,3.8613276615304404,4.092934980915164,48.66222398805985,0.021377310243675708,cutoff,S3_gaming,1
2280.0,0.6333333333333333,0.8348597210080888,3.861261249897775,4.092934954315634,48.66062203199699,0.021368653396501805,cutoff,S3_gaming,1
2282.0,0.6338888888888888,0.8347124975841007,3.861194386855832,4.09293493451583,48.65900921852978,0.021360436588300075,cutoff,S3_gaming,1
2284.0,0.6344444444444445,0.8345652716029451,3.8611270942518114,4.092934919777515,48.6573860743059,0.02135263847791562,cutoff,S3_gaming,1
2286.0,0.635,0.8344180430484177,3.861059392865972,4.092934908806804,48.655753100431866,0.021345238758995258,cutoff,S3_gaming,1
2288.0,0.6355555555555555,0.8342708119051199,3.860991302465242,4.0929349006405715,48.65411077370999,0.021338218109880583,cutoff,S3_gaming,1
2290.0,0.6361111111111111,0.8341235781584124,3.8609228418537485,4.0929348945619,48.6524595478154,0.021331558145909604,cutoff,S3_gaming,1
2292.0,0.6366666666666667,0.8339763417943733,3.86085402892055,4.09293489003714,48.65079985441678,0.021325241374015706,cutoff,S3_gaming,1
2294.0,0.6372222222222222,0.8338291027997585,3.860784880684784,4.092934886669058,48.64913210424296,0.02131925114951665,cutoff,S3_gaming,1
2296.0,0.6377777777777778,0.8336818611619667,3.860715413338432,4.092934884161971,48.64745668809794,0.021313571634990508,cutoff,S3_gaming,1
2298.0,0.6383333333333333,0.8335346168690055,3.8606456422868667,4.092934882295778,48.64577397782696,0.021308187761139574,cutoff,S3_gaming,1
2300.0,0.6388888888888888,0.83338736990946,3.8605755821873187,4.092934880906647,48.64408432723584,0.021303085189547568,cutoff,S3_gaming,1
2302.0,0.6394444444444445,0.8332401202724641,3.8605052469854018,4.092934879872623,48.64238807296573,0.02129825027723955,cutoff,S3_gaming,1
2304.0,0.64,0.8330928679476726,3.8604346499498012,4.0929348791029305,48.64068553532573,0.02129367004295809,cutoff,S3_gaming,1
2306.0,0.6405555555555555,0.8329456129252352,3.8603638037052437,4.092934878529998,48.638977019084855,0.021289332135073107,cutoff,S3_gaming,1
2308.0,0.6411111111111111,0.8327983551957724,3.8602927202638204,4.092934878103525,48.63726281422594,0.02128522480104672,cutoff,S3_gaming,1
2310.0,0.6416666666666667,0.8326510947503519,3.8602214110547814,4.092934877786073,48.63554319666282,0.02128133685837802,cutoff,S3_gaming,1
2312.0,0.6422222222222222,0.8325038315804669,3.860149886952857,4.092934877549772,48.633818428922815,0.021277657666956305,cutoff,S3_gaming,1
2314.0,0.6427777777777778,0.832356565678015,3.8600781583051926,4.092934877373878,48.63208876079607,0.021274177102754695,cutoff,S3_gaming,1
2316.0,0.6433333333333333,0.8322092970352785,3.8600062349569706,4.092934877242948,48.630354429953535,0.021270885532799218,cutoff,S3_gaming,1
2318.0,0.6438888888888888,0.8320620256449058,3.859934126275779,4.092934877145487,48.62861566253482,0.021267773791351672,cutoff,S3_gaming,1
2320.0,0.6444444444444445,0.8319147514998937,3.8598618411747934,4.092934877072942,48.626872673707666,0.021264833157247472,cutoff,S3_gaming,1
2322.0,0.645,0.8317674745935699,3.8597893881348266,4.0929348770189415,48.6251256682002,0.0212620553323325,cutoff,S3_gaming,1
2324.0,0.6455555555555555,0.8316201949195773,3.8597167752253156,4.092934876978745,48.62337484080742,0.021259432420945714,cutoff,S3_gaming,1
2326.0,0.6461111111111111,0.8314729124718587,3.8596440101242755,4.092934876948824,48.62162037687313,0.021256956910396852,cutoff,S3_gaming,1
2328.0,0.6466666666666666,0.8313256272446421,3.859571100137293,4.092934876926552,48.61986245274842,0.02125462165239097,cutoff,S3_gaming,1
2330.0,0.6472222222222223,0.8311783392324269,3.859498052215593,4.092934876909974,48.61810123622796,0.021252419845353882,cutoff,S3_gaming,1
2332.0,0.6477777777777778,0.8310310484299708,3.8594248729732317,4.092934876897633,48.61633688696521,0.021250345017614896,cutoff,S3_gaming,1
2334.0,0.6483333333333333,0.830883754832277,3.859351568703448,4.092934876888447,48.61456955686727,0.021248391011405188,cutoff,S3_gaming,1
2336.0,0.6488888888888888,0.8307364584345828,3.859278145394231,4.09293487688161,48.61279939047082,0.021246551967632313,cutoff,S3_gaming,1
2338.0,0.6494444444444445,0.8305891592323477,3.8592046087431235,4.0929348768765195,48.611026525299685,0.021244822311393217,cutoff,S3_gaming,1
2340.0,0.65,0.8304418572212429,3.8591309641713103,4.0929348768727305,48.60925109220502,0.021243196738189887,cutoff,S3_gaming,1
2342.0,0.6505555555555556,0.830294552397141,3.8590572168370274,4.0929348768699105,48.60747321568917,0.02124167020081362,cutoff,S3_gaming,1
2344.0,0.6511111111111111,0.8301472447561065,3.8589833716483106,4.092934876867812,48.60569301421357,0.021240237896865428,cutoff,S3_gaming,1
2346.0,0.6516666666666666,0.8299999342943857,3.8589094332751355,4.092934876866249,48.603910600491915,0.021238895256881777,cutoff,S3_gaming,1
2348.0,0.6522222222222223,0.8298526210083988,3.858835406160963,4.092934876865086,48.60212608176907,0.02123763793303626,cutoff,S3_gaming,1
2350.0,0.6527777777777778,0.8297053048947312,3.858761294533728,4.09293487686422,48.60033956008629,0.02123646178838928,cutoff,S3_gaming,1
2352.0,0.6533333333333333,0.829557985950125,3.858687102416288,4.092934876863575,48.598551132533814,0.021235362886659184,cutoff,S3_gaming,1
2354.0,0.6538888888888889,0.8294106641714719,3.8586128336363785,4.0929348768630955,48.596760891490995,0.02123433748248953,cutoff,S3_gaming,1
2356.0,0.6544444444444445,0.829263339555806,3.85853849183607,4.0929348768627385,48.5949689248549,0.021233382012188426,cutoff,S3_gaming,1
2358.0,0.655,0.8291160121002965,3.8584640804807773,4.092934876862473,48.59317531625782,0.021232493084917065,cutoff,S3_gaming,1
2360.0,0.6555555555555556,0.8289686818022416,3.8583896028678257,4.092934876862275,48.59138014527414,0.021231667474305632,cutoff,S3_gaming,1
2362.0,0.6561111111111111,0.8288213486590618,3.8583150621346065,4.092934876862127,48.58958348761725,0.0212309021104759,cutoff,S3_gaming,1
2364.0,0.6566666666666666,0.8286740126682942,3.85824046126633,4.092934876862018,48.58778541532686,0.02123019407245074,cutoff,S3_gaming,1
2366.0,0.6572222222222223,0.828526673827587,3.8581658031034136,4.0929348768619365,48.58598599694731,0.02122954058093183,cutoff,S3_gaming,1
2368.0,0.6577777777777778,0.8283793321346941,3.858091090348498,4.092934876861876,48.584185297697076,0.02122893899142763,cutoff,S3_gaming,1
2370.0,0.6583333333333333,0.8282319875874693,3.8580163255731335,4.092934876861831,48.58238337963018,0.02122838678771474,cutoff,S3_gaming,1
2372.0,0.6588888888888889,0.8280846401838624,3.8579415112241375,4.092934876861797,48.580580301789766,0.02122788157561635,cutoff,S3_gaming,1
2374.0,0.6594444444444445,0.8279372899219141,3.857866649629645,4.092934876861772,48.5787761203541,0.021227421077082503,cutoff,S3_gaming,1
2376.0,0.66,0.8277899367997513,3.8577917430048636,4.0929348768617535,48.576970888775676,0.021227003124557477,cutoff,S3_gaming,1
2378.0,0.6605555555555556,0.8276425808155838,3.8577167934575525,4.092934876861739,48.575164657913405,0.021226625655620356,cutoff,S3_gaming,1
2380.0,0.6611111111111111,0.8274952219676993,3.857641802993233,4.092934876861729,48.57335747615845,0.021226286707885594,cutoff,S3_gaming,1
2382.0,0.6616666666666666,0.8273478602544602,3.857566773520147,4.0929348768617215,48.571549389553994,0.021225984414150884,cutoff,S3_gaming,1
2384.0,0.6622222222222223,0.8272004956742998,3.8574917068539785,4.092934876861715,48.56974044190918,0.021225716997780395,cutoff,S3_gaming,1
2386.0,0.6627777777777778,0.8270531282257189,3.8574166047223386,4.092934876861712,48.567930674907466,0.021225482768311942,cutoff,S3_gaming,1
2388.0,0.6633333333333333,0.8269057579072825,3.857341468769039,4.092934876861708,48.56612012820976,0.02122528011727722,cutoff,S3_gaming,1
2390.0,0.6638888888888889,0.8267583847176169,3.857266300558159,4.0929348768617055,48.564308839552616,0.02122510751422477,cutoff,S3_gaming,1
2392.0,0.6644444444444444,0.8266110086554062,3.857191101577908,4.092934876861704,48.56249684484153,0.021224963502935873,cutoff,S3_gaming,1
2394.0,0.665,0.82646362971939,3.8571158732443105,4.092934876861703,48.560684178239825,0.02122484669782395,cutoff,S3_gaming,1
2396.0,0.6655555555555556,0.8263162479083607,3.857040616904703,4.092934876861702,48.55887087225321,0.021224755780508635,cutoff,S3_gaming,1
2398.0,0.6661111111111111,0.8261688632211605,3.8569653338410688,4.092934876861701,48.55705695781013,0.021224689496556013,cutoff,S3_gaming,1
2400.0,0.6666666666666666,0.8260214756566795,3.8568900252732052,4.0929348768617,48.55524246433836,0.02122464665237696,cutoff,S3_gaming,1
2402.0,0.6672222222222223,0.825874085213853,3.856814692361741,4.0929348768617,48.55342741983781,0.021224626112275945,cutoff,S3_gaming,1
2404.0,0.6677777777777778,0.8257266918916595,3.8567393362110076,4.0929348768617,48.55161185094977,0.021224626795642954,cutoff,S3_gaming,1
2406.0,0.6683333333333333,0.8255792956891187,3.856663957871768,4.092934876861699,48.54979578302288,0.021224647674281637,cutoff,S3_gaming,1
2408.0,0.6688888888888889,0.8254318966052892,3.856588558343815,4.092934876861699,48.54797924017583,0.021224687769867037,cutoff,S3_gaming,1
2410.0,0.6694444444444444,0.8252844946392667,3.856513138578443,4.092934876861699,48.54616224535702,0.02122474615152664,cutoff,S3_gaming,1
2412.0,0.67,0.8251370897901824,3.856437699480802,4.092934876861699,48.54434482040135,0.021224821933538755,cutoff,S3_gaming,1
2414.0,0.6705555555555556,0.8249896820572012,3.8563622419121355,4.092934876861699,48.54252698608429,0.021224914273142506,cutoff,S3_gaming,1
2416.0,0.6711111111111111,0.82484227143952,3.8562867666919076,4.092934876861699,48.540708762173246,0.02122502236845409,cutoff,S3_gaming,1
2418.0,0.6716666666666666,0.8246948579363661,3.856211274599833,4.092934876861699,48.53889016747647,0.02122514545648407,cutoff,S3_gaming,1
2420.0,0.6722222222222223,0.8245474415469959,3.856135766377803,4.092934876861699,48.53707121988959,0.02122528281125086,cutoff,S3_gaming,1
2422.0,0.6727777777777778,0.8244000222706932,3.856060242731718,4.092934876861699,48.535251936439934,0.02122543374198569,cutoff,S3_gaming,1
2424.0,0.6733333333333333,0.8242526001067683,3.8559847043332387,4.092934876861699,48.53343233332864,0.02122559759142467,cutoff,S3_gaming,1
2426.0,0.6738888888888889,0.8241051750545563,3.8559091518214426,4.092934876861699,48.531612425970735,0.021225773734183655,cutoff,S3_gaming,1
2428.0,0.6744444444444444,0.8239577471134161,3.8558335858044033,4.092934876861699,48.52979222903325,0.021225961575211984,cutoff,S3_gaming,1
2430.0,0.675,0.8238103162827293,3.8557580068606985,4.092934876861699,48.5279717564716,0.021226160548321167,cutoff,S3_gaming,1
2432.0,0.6755555555555556,0.8236628825618989,3.8556824155408385,4.092934876861699,48.52615102156404,0.021226370114784975,cutoff,S3_gaming,1
2434.0,0.6761111111111111,0.8235154459503484,3.8556068123686256,4.092934876861699,48.52433003694453,0.021226589762007416,cutoff,S3_gaming,1
2436.0,0.6766666666666666,0.823368006447521,3.855531197842454,4.092934876861699,48.52250881463397,0.021226819002255322,cutoff,S3_gaming,1
2438.0,0.6772222222222222,0.8232205640528779,3.855455572436538,4.092934876861699,48.52068736607009,0.021227057371452408,cutoff,S3_gaming,1
2440.0,0.6777777777777778,0.8230731187658986,3.8553799366020858,4.092934876861699,48.51886570213556,0.021227304428031824,cutoff,S3_gaming,1
2442.0,0.6783333333333333,0.8229256705860789,3.855304290768418,4.092934876861699,48.51704383318498,0.02122755975184437,cutoff,S3_gaming,1
2444.0,0.6788888888888889,0.8227782195129307,3.8552286353440257,4.092934876861699,48.51522176907063,0.021227822943119663,cutoff,S3_gaming,1
2446.0,0.6794444444444444,0.8226307655459811,3.8551529707175813,4.092934876861699,48.51339951916662,0.02122809362147767,cutoff,S3_gaming,1
2448.0,0.68,0.8224833086847718,3.8550772972589042,4.092934876861699,48.51157709239228,0.02122837142498824,cutoff,S3_gaming,1
2450.0,0.6805555555555556,0.822335848928858,3.855001615319867,4.092934876861699,48.50975449723415,0.021228656009276176,cutoff,S3_gaming,1
2452.0,0.6811111111111111,0.8221883862778082,3.854925925235276,4.092934876861699,48.507931741766946,0.021228947046669795,cutoff,S3_gaming,1
2454.0,0.6816666666666666,0.8220409207312032,3.854850227323689,4.092934876861699,48.506108833673636,0.02122924422539072,cutoff,S3_gaming,1
2456.0,0.6822222222222222,0.8218934522886356,3.8547745218882103,4.092934876861699,48.50428578026435,0.021229547248783013,cutoff,S3_gaming,1
2458.0,0.6827777777777778,0.8217459809497095,3.854698809217238,4.092934876861699,48.502462588494545,0.021229855834579668,cutoff,S3_gaming,1
2460.0,0.6833333333333333,0.8215985067140396,3.854623089585177,4.092934876861699,48.500639264982155,0.021230169714204713,cutoff,S3_gaming,1
2462.0,0.6838888888888889,0.8214510295812507,3.8545473632531175,4.092934876861699,48.49881581602403,0.02123048863210913,cutoff,S3_gaming,1
2464.0,0.6844444444444444,0.8213035495509775,3.854471630469482,4.092934876861699,48.496992247611445,0.021230812345139016,cutoff,S3_gaming,1
2466.0,0.685,0.8211560666228638,3.8543958914706393,4.092934876861699,48.49516856544499,0.021231140621934357,cutoff,S3_gaming,1
2468.0,0.6855555555555556,0.8210085807965622,3.8543201464814882,4.092934876861699,48.49334477494866,0.021231473242357003,cutoff,S3_gaming,1
2470.0,0.6861111111111111,0.8208610920717339,3.854244395716014,4.092934876861699,48.491520881283215,0.021231809996946353,cutoff,S3_gaming,1
2472.0,0.6866666666666666,0.8207136004480475,3.85416863937782,4.092934876861699,48.48969688935905,0.021232150686401465,cutoff,S3_gaming,1
2474.0,0.6872222222222222,0.8205661059251798,3.8540928776606274,4.092934876861699,48.487872803848255,0.021232495121088272,cutoff,S3_gaming,1
2476.0,0.6877777777777778,0.8204186085028143,3.854017110748758,4.092934876861699,48.486048629196276,0.021232843120570707,cutoff,S3_gaming,1
2478.0,0.6883333333333334,0.8202711081806418,3.853941338817588,4.092934876861699,48.48422436963278,0.021233194513164567,cutoff,S3_gaming,1
2480.0,0.6888888888888889,0.8201236049583592,3.853865562033984,4.092934876861699,48.482400029182244,0.021233549135513015,cutoff,S3_gaming,1
2482.0,0.6894444444444444,0.8199760988356699,3.8537897805567116,4.092934876861699,48.480575611673856,0.021233906832182677,cutoff,S3_gaming,1
2484.0,0.69,0.8198285898122831,3.853713994536833,4.092934876861699,48.478751120751014,0.02123426745527933,cutoff,S3_gaming,1
2486.0,0.6905555555555556,0.8196810778879136,3.8536382041180777,4.092934876861699,48.4769265598803,0.021234630864082213,cutoff,S3_gaming,1
2488.0,0.6911111111111111,0.8195335630622814,3.8535624094372003,4.092934876861699,48.475101932360076,0.021234996924696107,cutoff,S3_gaming,1
2490.0,0.6916666666666667,0.8193860453351118,3.853486610624317,4.092934876861699,48.47327724132872,0.021235365509720265,cutoff,S3_gaming,1
2492.0,0.6922222222222222,0.819238524706135,3.8534108078032276,4.092934876861699,48.47145248977224,0.021235736497933404,cutoff,S3_gaming,1
2494.0,0.6927777777777778,0.8190910011750855,3.8533350010917227,4.092934876861699,48.469627680531836,0.021236109773993986,cutoff,S3_gaming,1
2496.0,0.6933333333333334,0.8189434747417024,3.853259190601876,4.092934876861699,48.467802816310765,0.02123648522815503,cutoff,S3_gaming,1
2498.0,0.6938888888888889,0.8187959454057288,3.853183376440319,4.092934876861699,48.46597789968117,0.021236862755992746,cutoff,S3_gaming,1
2500.0,0.6944444444444444,0.818648413166912,3.8531075587085075,4.092934876861699,48.46415293309036,0.021237242258148364,cutoff,S3_gaming,1
2502.0,0.695,0.8185008780250027,3.853031737502971,4.092934876861699,48.46232791886689,0.021237623640082443,cutoff,S3_gaming,1
2504.0,0.6955555555555556,0.8183533399797557,3.8529559129155517,4.092934876861699,48.460502859226324,0.021238006811841126,cutoff,S3_gaming,1
2506.0,0.6961111111111111,0.8182057990309287,3.852880085033634,4.092934876861699,48.45867775627672,0.021238391687833726,cutoff,S3_gaming,1
2508.0,0.6966666666666667,0.8180582551782829,3.852804253940359,4.092934876861699,48.45685261202382,0.021238778186621097,cutoff,S3_gaming,1
2510.0,0.6972222222222222,0.8179107084215825,3.852728419714827,4.092934876861699,48.4550274283761,0.02123916623071426,cutoff,S3_gaming,1
2512.0,0.6977777777777778,0.8177631587605948,3.852652582432302,4.092934876861699,48.453202207149346,0.021239555746382824,cutoff,S3_gaming,1
2514.0,0.6983333333333334,0.8176156061950897,3.852576742164388,4.092934876861699,48.45137695007129,0.02123994666347266,cutoff,S3_gaming,1
2516.0,0.6988888888888889,0.8174680507248397,3.8525008989792155,4.092934876861699,48.449551658785815,0.021240338915232474,cutoff,S3_gaming,1
2518.0,0.6994444444444444,0.8173204923496201,3.8524250529416015,4.092934876861699,48.44772633485702,0.02124073243814872,cutoff,S3_gaming,1
2520.0,0.7,0.8171729310692084,3.8523492041132177,4.092934876861699,48.44590097977311,0.02124112717178859,cutoff,S3_gaming,1
2522.0,0.7005555555555556,0.8170253668833845,3.852273352552737,4.092934876861699,48.44407559495008,0.021241523058650562,cutoff,S3_gaming,1
2524.0,0.7011111111111111,0.8168777997919302,3.8521974983159843,4.092934876861699,48.44225018173518,0.021241920044022245,cutoff,S3_gaming,1
2526.0,0.7016666666666667,0.8167302297946297,3.8521216414560704,4.092934876861699,48.44042474141035,0.021242318075845087,cutoff,S3_gaming,1
2528.0,0.7022222222222222,0.8165826568912691,3.8520457820235245,4.092934876861699,48.43859927519526,0.021242717104585654,cutoff,S3_gaming,1
2530.0,0.7027777777777777,0.8164350810816362,3.851969920066422,4.092934876861699,48.436773784250406,0.021243117083113158,cutoff,S3_gaming,1
2532.0,0.7033333333333334,0.8162875023655207,3.851894055630501,4.092934876861699,48.434948269679964,0.021243517966582918,cutoff,S3_gaming,1
2534.0,0.7038888888888889,0.8161399207427141,3.851818188759275,4.092934876861699,48.433122732534585,0.02124391971232548,cutoff,S3_gaming,1
2536.0,0.7044444444444444,0.8159923362130093,3.8517423194941447,4.092934876861699,48.43129717381385,0.021244322279741105,cutoff,S3_gaming,1
2538.0,0.705,0.8158447487762007,3.8516664478744955,4.092934876861699,48.429471594468865,0.021244725630199388,cutoff,S3_gaming,1
2540.0,0.7055555555555556,0.8156971584320845,3.851590573937799,4.092934876861699,48.42764599540458,0.021245129726943736,cutoff,S3_gaming,1
2542.0,0.7061111111111111,0.8155495651804578,3.8515146977197037,4.092934876861699,48.42582037748206,0.021245534535000485,cutoff,S3_gaming,1
2544.0,0.7066666666666667,0.8154019690211196,3.8514388192541253,4.092934876861699,48.423994741520545,0.021245940021092414,cutoff,S3_gaming,1
2546.0,0.7072222222222222,0.8152543699538696,3.8513629385733283,4.092934876861699,48.422169088299505,0.021246346153556476,cutoff,S3_gaming,1
2548.0,0.7077777777777777,0.8151067679785089,3.851287055708008,4.092934876861699,48.42034341856063,0.021246752902265492,cutoff,S3_gaming,1
2550.0,0.7083333333333334,0.8149591630948397,3.851211170687367,4.092934876861699,48.41851773300955,0.021247160238553667,cutoff,S3_gaming,1
2552.0,0.7088888888888889,0.8148115553026655,3.8511352835391848,4.092934876861699,48.416692032317734,0.021247568135145698,cutoff,S3_gaming,1
2554.0,0.7094444444444444,0.8146639446017905,3.8510593942898894,4.092934876861699,48.414866317123995,0.02124797656608934,cutoff,S3_gaming,1
2556.0,0.71,0.81451633099202,3.8509835029646236,4.092934876861699,48.41304058803614,0.021248385506691232,cutoff,S3_gaming,1
2558.0,0.7105555555555556,0.8143687144731604,3.8509076095873027,4.092934876861699,48.41121484563253,0.02124879493345584,cutoff,S3_gaming,1
2560.0,0.7111111111111111,0.8142210950450186,3.8508317141806803,4.092934876861699,48.409389090463435,0.021249204824027337,cutoff,S3_gaming,1
2562.0,0.7116666666666667,0.8140734727074027,3.8507558167663998,4.092934876861699,48.40756332305238,0.02124961515713436,cutoff,S3_gaming,1
2564.0,0.7122222222222222,0.8139258474601214,3.8506799173650506,4.092934876861699,48.40573754389752,0.02125002591253738,cutoff,S3_gaming,1
2566.0,0.7127777777777777,0.8137782193029841,3.8506040159962183,4.092934876861699,48.40391175347283,0.021250437070978675,cutoff,S3_gaming,1
2568.0,0.7133333333333334,0.8136305882358011,3.850528112678534,4.092934876861699,48.40208595222926,0.021250848614134694,cutoff,S3_gaming,1
2570.0,0.7138888888888889,0.8134829542583834,3.850452207429719,4.092934876861699,48.4002601405959,0.021251260524570752,cutoff,S3_gaming,1
2572.0,0.7144444444444444,0.8133353173705423,3.8503763002666322,4.092934876861699,48.39843431898097,0.02125167278569793,cutoff,S3_gaming,1
2574.0,0.715,0.8131876775720901,3.8503003912053084,4.092934876861699,48.39660848777291,0.021252085381732025,cutoff,S3_gaming,1
2576.0,0.7155555555555555,0.8130400348628395,3.850224480261001,4.092934876861699,48.3947826473413,0.021252498297654552,cutoff,S3_gaming,1
2578.0,0.7161111111111111,0.8128923892426038,3.850148567448217,4.092934876861699,48.39295679803778,0.021252911519175577,cutoff,S3_gaming,1
2580.0,0.7166666666666667,0.8127447407111968,3.850072652780757,4.092934876861699,48.391130940196916,0.021253325032698396,cutoff,S3_gaming,1
2582.0,0.7172222222222222,0.8125970892684329,3.849996736271746,4.092934876861699,48.389305074137006,0.02125373882528591,cutoff,S3_gaming,1
2584.0,0.7177777777777777,0.8124494349141268,3.8499208179336675,4.092934876861699,48.387479200160946,0.021254152884628622,cutoff,S3_gaming,1
2586.0,0.7183333333333334,0.8123017776480939,3.8498448977783952,4.092934876861699,48.385653318556905,0.021254567199014206,cutoff,S3_gaming,1
2588.0,0.7188888888888889,0.8121541174701497,3.849768975817222,4.092934876861699,48.383827429599066,0.02125498175729854,cutoff,S3_gaming,1
2590.0,0.7194444444444444,0.8120064543801103,3.849693052060887,4.092934876861699,48.38200153354828,0.021255396548878144,cutoff,S3_gaming,1
2592.0,0.72,0.8118587883777924,3.8496171265196053,4.092934876861699,48.38017563065275,0.021255811563663966,cutoff,S3_gaming,1
2594.0,0.7205555555555555,0.8117111194630126,3.8495411992030903,4.092934876861699,48.37834972114863,0.021256226792056417,cutoff,S3_gaming,1
2596.0,0.7211111111111111,0.8115634476355881,3.8494652701205805,4.092934876861699,48.37652380526062,0.021256642224921643,cutoff,S3_gaming,1
2598.0,0.7216666666666667,0.8114157728953365,3.849389339280861,4.092934876861699,48.37469788320249,0.02125705785356893,cutoff,S3_gaming,1
2600.0,0.7222222222222222,0.8112680952420757,3.849313406692285,4.092934876861699,48.372871955177615,0.02125747366972921,cutoff,S3_gaming,1
2602.0,0.7227777777777777,0.8111204146756237,3.8492374723627965,4.092934876861699,48.37104602137955,0.021257889665534612,cutoff,S3_gaming,1
2604.0,0.7233333333333334,0.8109727311957989,3.8491615362999503,4.092934876861699,48.369220081992374,0.021258305833499,cutoff,S3_gaming,1
2606.0,0.7238888888888889,0.8108250448024202,3.8490855985109276,4.092934876861699,48.3673941371913,0.02125872216649946,cutoff,S3_gaming,1
2608.0,0.7244444444444444,0.8106773554953064,3.849009659002558,4.092934876861699,48.36556818714299,0.021259138657758685,cutoff,S3_gaming,1
2610.0,0.725,0.8105296632742766,3.848933717781335,4.092934876861699,48.363742232006025,0.021259555300828206,cutoff,S3_gaming,1
2612.0,0.7255555555555555,0.8103819681391502,3.848857774853432,4.092934876861699,48.36191627193127,0.02125997208957245,cutoff,S3_gaming,1
2614.0,0.7261111111111112,0.810234270089747,3.848781830224717,4.092934876861699,48.36009030706229,0.021260389018153553,cutoff,S3_gaming,1
2616.0,0.7266666666666667,0.8100865691258867,3.8487058839007697,4.092934876861699,48.35826433753565,0.021260806081016936,cutoff,S3_gaming,1
2618.0,0.7272222222222222,0.8099388652473893,3.848629935886894,4.092934876861699,48.35643836348129,0.02126122327287755,cutoff,S3_gaming,1
2620.0,0.7277777777777777,0.8097911584540751,3.848553986188133,4.092934876861699,48.354612385022826,0.02126164058870681,cutoff,S3_gaming,1
2622.0,0.7283333333333334,0.8096434487457644,3.848478034809277,4.092934876861699,48.3527864022779,0.021262058023720158,cutoff,S3_gaming,1
2624.0,0.7288888888888889,0.8094957361222779,3.8484020817548816,4.092934876861699,48.350960415358415,0.02126247557336522,cutoff,S3_gaming,1
2626.0,0.7294444444444445,0.809348020583436,3.8483261270292766,4.092934876861699,48.34913442437084,0.021262893233310546,cutoff,S3_gaming,1
2628.0,0.73,0.8092003021290598,3.8482501706365757,4.092934876861699,48.34730842941646,0.021263310999434903,cutoff,S3_gaming,1
2630.0,0.7305555555555555,0.8090525807589702,3.848174212580689,4.092934876861699,48.34548243059166,0.02126372886781707,cutoff,S3_gaming,1
2632.0,0.7311111111111112,0.8089048564729884,3.8480982528653316,4.092934876861699,48.3436564279881,0.021264146834726144,cutoff,S3_gaming,1
2634.0,0.7316666666666667,0.8087571292709355,3.8480222914940336,4.092934876861699,48.34183042169306,0.021264564896612295,cutoff,S3_gaming,1
2636.0,0.7322222222222222,0.8086093991526329,3.8479463284701496,4.092934876861699,48.34000441178949,0.021264983050098,cutoff,S3_gaming,1
2638.0,0.7327777777777778,0.808461666117902,3.847870363796866,4.092934876861699,48.338178398356376,0.02126540129196968,cutoff,S3_gaming,1
2640.0,0.7333333333333333,0.8083139301665647,3.8477943974772093,4.092934876861699,48.33635238146881,0.02126581961916975,cutoff,S3_gaming,1
2642.0,0.7338888888888889,0.8081661912984424,3.847718429514055,4.092934876861699,48.334526361198286,0.021266238028789037,cutoff,S3_gaming,1
2644.0,0.7344444444444445,0.8080184495133569,3.8476424599101335,4.092934876861699,48.33270033761276,0.02126665651805961,cutoff,S3_gaming,1
2646.0,0.735,0.8078707048111301,3.8475664886680403,4.092934876861699,48.33087431077696,0.021267075084347907,cutoff,S3_gaming,1
2648.0,0.7355555555555555,0.8077229571915839,3.8474905157902364,4.092934876861699,48.3290482807524,0.021267493725148225,cutoff,S3_gaming,1
2650.0,0.7361111111111112,0.8075752066545404,3.8474145412790612,4.092934876861699,48.32722224759762,0.02126791243807652,cutoff,S3_gaming,1
2652.0,0.7366666666666667,0.8074274531998217,3.847338565136735,4.092934876861699,48.32539621136833,0.021268331220864505,cutoff,S3_gaming,1
2654.0,0.7372222222222222,0.8072796968272499,3.8472625873653645,4.092934876861699,48.3235701721175,0.021268750071354037,cutoff,S3_gaming,1
2656.0,0.7377777777777778,0.8071319375366471,3.847186607966951,4.092934876861699,48.321744129895535,0.021269168987491767,cutoff,S3_gaming,1
2658.0,0.7383333333333333,0.8069841753278358,3.847110626943393,4.092934876861699,48.3199180847504,0.02126958796732407,cutoff,S3_gaming,1
2660.0,0.7388888888888889,0.8068364102006383,3.8470346442964924,4.092934876861699,48.31809203672771,0.0212700070089922,cutoff,S3_gaming,1
2662.0,0.7394444444444445,0.806688642154877,3.8469586600279575,4.092934876861699,48.31626598587088,0.021270426110727686,cutoff,S3_gaming,1
2664.0,0.74,0.8065408711903743,3.846882674139411,4.092934876861699,48.31443993222116,0.02127084527084796,cutoff,S3_gaming,1
2666.0,0.7405555555555555,0.8063930973069526,3.846806686632389,4.092934876861699,48.31261387581784,0.021271264487752187,cutoff,S3_gaming,1
2668.0,0.7411111111111112,0.8062453205044346,3.8467306975083515,4.092934876861699,48.310787816698294,0.021271683759917306,cutoff,S3_gaming,1
2670.0,0.7416666666666667,0.8060975407826428,3.846654706768681,4.092934876861699,48.308961754898036,0.021272103085894244,cutoff,S3_gaming,1
2672.0,0.7422222222222222,0.8059497581413999,3.846578714414688,4.092934876861699,48.307135690450885,0.021272522464304344,cutoff,S3_gaming,1
2674.0,0.7427777777777778,0.8058019725805284,3.8465027204476145,4.092934876861699,48.30530962338901,0.02127294189383594,cutoff,S3_gaming,1
2676.0,0.7433333333333333,0.8056541840998511,3.846426724868638,4.092934876861699,48.303483553742986,0.021273361373241106,cutoff,S3_gaming,1
2678.0,0.7438888888888889,0.8055063926991907,3.8463507276788738,4.092934876861699,48.30165748154192,0.021273780901332577,cutoff,S3_gaming,1
2680.0,0.7444444444444445,0.8053585983783698,3.846274728879378,4.092934876861699,48.29983140681348,0.02127420047698079,cutoff,S3_gaming,1
2682.0,0.745,0.8052108011372113,3.84619872847115,4.092934876861699,48.29800532958401,0.021274620099111102,cutoff,S3_gaming,1
2684.0,0.7455555555555555,0.805063000975538,3.846122726455137,4.092934876861699,48.29617924987855,0.021275039766701108,cutoff,S3_gaming,1
2686.0,0.7461111111111111,0.8049151978931726,3.8460467228322344,4.092934876861699,48.294353167720914,0.021275459478778125,cutoff,S3_gaming,1
2688.0,0.7466666666666667,0.804767391889938,3.8459707176032896,4.092934876861699,48.292527083133756,0.021275879234416768,cutoff,S3_gaming,1
2690.0,0.7472222222222222,0.804619582965657,3.8458947107691044,4.092934876861699,48.290700996138646,0.021276299032736666,cutoff,S3_gaming,1
2692.0,0.7477777777777778,0.8044717711201527,3.845818702330436,4.092934876861699,48.28887490675606,0.02127671887290027,cutoff,S3_gaming,1
2694.0,0.7483333333333333,0.8043239563532476,3.8457426922880007,4.092934876861699,48.28704881500549,0.021277138754110775,cutoff,S3_gaming,1
2696.0,0.7488888888888889,0.8041761386647648,3.845666680642474,4.092934876861699,48.28522272090548,0.021277558675610157,cutoff,S3_gaming,1
2698.0,0.7494444444444445,0.8040283180545271,3.845590667394495,4.092934876861699,48.28339662447367,0.02127797863667728,cutoff,S3_gaming,1
2700.0,0.75,0.8038804945223575,3.8455146525446664,4.092934876861699,48.28157052572683,0.021278398636626106,cutoff,S3_gaming,1
2702.0,0.7505555555555555,0.803732668068079,3.8454386360935566,4.092934876861699,48.2797444246809,0.021278818674804006,cutoff,S3_gaming,1
2704.0,0.7511111111111111,0.8035848386915143,3.8453626180417015,4.092934876861699,48.277918321351045,0.021279238750590117,cutoff,S3_gaming,1
2706.0,0.7516666666666667,0.8034370063924865,3.8452865983896065,4.092934876861699,48.2760922157517,0.02127965886339383,cutoff,S3_gaming,1
2708.0,0.7522222222222222,0.8032891711708184,3.8452105771377476,4.092934876861699,48.27426610789658,0.021280079012653292,cutoff,S3_gaming,1
2710.0,0.7527777777777778,0.8031413330263332,3.8451345542865716,4.092934876861699,48.2724399977987,0.02128049919783404,cutoff,S3_gaming,1
2712.0,0.7533333333333333,0.8029934919588535,3.8450585298365,4.092934876861699,48.27061388547049,0.02128091941842765,cutoff,S3_gaming,1
2714.0,0.7538888888888889,0.8028456479682025,3.8449825037879286,4.092934876861699,48.26878777092374,0.021281339673950486,cutoff,S3_gaming,1
2716.0,0.7544444444444445,0.802697801054203,3.844906476141229,4.092934876861699,48.26696165416964,0.0212817599639425,cutoff,S3_gaming,1
2718.0,0.755,0.8025499512166779,3.8448304468967494,4.092934876861699,48.26513553521886,0.021282180287966076,cutoff,S3_gaming,1
2720.0,0.7555555555555555,0.8024020984554503,3.8447544160548177,4.092934876861699,48.263309414081554,0.021282600645604954,cutoff,S3_gaming,1
2722.0,0.7561111111111111,0.8022542427703431,3.844678383615739,4.092934876861699,48.261483290767345,0.021283021036463186,cutoff,S3_gaming,1
2724.0,0.7566666666666667,0.8021063841611791,3.8446023495797994,4.092934876861699,48.259657165285375,0.021283441460164157,cutoff,S3_gaming,1
2726.0,0.7572222222222222,0.8019585226277813,3.844526313947267,4.092934876861699,48.25783103764437,0.02128386191634964,cutoff,S3_gaming,1
2728.0,0.7577777777777778,0.8018106581699728,3.8444502767183915,4.092934876861699,48.25600490785261,0.02128428240467891,cutoff,S3_gaming,1
2730.0,0.7583333333333333,0.8016627907875763,3.8443742378934043,4.092934876861699,48.25417877591795,0.021284702924827897,cutoff,S3_gaming,1
2732.0,0.7588888888888888,0.8015149204804148,3.844298197472524,4.092934876861699,48.25235264184789,0.021285123476488373,cutoff,S3_gaming,1
2734.0,0.7594444444444445,0.8013670472483113,3.844222155455949,4.092934876861699,48.25052650564951,0.02128554405936718,cutoff,S3_gaming,1
2736.0,0.76,0.8012191710910885,3.844146111843866,4.092934876861699,48.24870036732957,0.021285964673185515,cutoff,S3_gaming,1
2738.0,0.7605555555555555,0.8010712920085695,3.844070066636448,4.092934876861699,48.246874226894505,0.021286385317678215,cutoff,S3_gaming,1
2740.0,0.7611111111111111,0.8009234100005771,3.8439940198338545,4.092934876861699,48.24504808435042,0.021286805992593107,cutoff,S3_gaming,1
2742.0,0.7616666666666667,0.8007755250669342,3.843917971436231,4.092934876861699,48.24322193970308,0.021287226697690377,cutoff,S3_gaming,1
2744.0,0.7622222222222222,0.8006276372074637,3.8438419214437114,4.092934876861699,48.24139579295802,0.021287647432741964,cutoff,S3_gaming,1
2746.0,0.7627777777777778,0.8004797464219884,3.843765869856419,4.092934876861699,48.239569644120465,0.021288068197530995,cutoff,S3_gaming,1
2748.0,0.7633333333333333,0.8003318527103311,3.843689816674467,4.092934876861699,48.23774349319539,0.021288488991851245,cutoff,S3_gaming,1
2750.0,0.7638888888888888,0.8001839560723149,3.8436137618979553,4.092934876861699,48.23591734018749,0.021288909815506615,cutoff,S3_gaming,1
2752.0,0.7644444444444445,0.8000360565077623,3.843537705526976,4.092934876861699,48.234091185101285,0.02128933066831064,cutoff,S3_gaming,1
2754.0,0.765,0.7998881540164964,3.8434616475616123,4.092934876861699,48.23226502794102,0.021289751550086035,cutoff,S3_gaming,1
2756.0,0.7655555555555555,0.7997402485983398,3.843385588001937,4.092934876861699,48.23043886871073,0.02129017246066423,cutoff,S3_gaming,1
2758.0,0.7661111111111111,0.7995923402531154,3.843309526848015,4.092934876861699,48.22861270741428,0.02129059339988496,cutoff,S3_gaming,1
2760.0,0.7666666666666667,0.799444428980646,3.843233464099903,4.092934876861699,48.22678654405528,0.021291014367595857,cutoff,S3_gaming,1
2762.0,0.7672222222222222,0.7992965147807545,3.843157399757651,4.092934876861699,48.22496037863723,0.021291435363652075,cutoff,S3_gaming,1
2764.0,0.7677777777777778,0.7991485976532634,3.8430813338213,4.092934876861699,48.223134211163384,0.021291856387915916,cutoff,S3_gaming,1
2766.0,0.7683333333333333,0.7990006775979956,3.8430052662908856,4.092934876861699,48.22130804163688,0.021292277440256486,cutoff,S3_gaming,1
2768.0,0.7688888888888888,0.7988527546147739,3.842929197166435,4.092934876861699,48.21948187006067,0.021292698520549366,cutoff,S3_gaming,1
2770.0,0.7694444444444445,0.7987048287034209,3.842853126447971,4.092934876861699,48.21765569643757,0.0212931196286763,cutoff,S3_gaming,1
2772.0,0.77,0.7985568998637593,3.8427770541355097,4.092934876861699,48.21582952077023,0.02129354076452489,cutoff,S3_gaming,1
2774.0,0.7705555555555555,0.7984089680956119,3.8427009802290604,4.092934876861699,48.21400334306118,0.021293961927988322,cutoff,S3_gaming,1
2776.0,0.7711111111111111,0.7982610333988013,3.8426249047286296,4.092934876861699,48.21217716331283,0.02129438311896508,cutoff,S3_gaming,1
2778.0,0.7716666666666666,0.7981130957731503,3.842548827634214,4.092934876861699,48.210350981527434,0.021294804337358707,cutoff,S3_gaming,1
2780.0,0.7722222222222223,0.7979651552184813,3.8424727489458115,4.092934876861699,48.20852479770716,0.021295225583077542,cutoff,S3_gaming,1
2782.0,0.7727777777777778,0.7978172117346173,3.84239666866341,4.092934876861699,48.20669861185405,0.021295646856034505,cutoff,S3_gaming,1
2784.0,0.7733333333333333,0.7976692653213806,3.842320586786996,4.092934876861699,48.20487242397002,0.021296068156146857,cutoff,S3_gaming,1
2786.0,0.7738888888888888,0.797521315978594,3.84224450331655,4.092934876861699,48.203046234056934,0.021296489483336005,cutoff,S3_gaming,1
2788.0,0.7744444444444445,0.79737336370608,3.842168418252051,4.092934876861699,48.20122004211651,0.021296910837527293,cutoff,S3_gaming,1
2790.0,0.775,0.7972254085036613,3.8420923315934705,4.092934876861699,48.199393848150386,0.02129733221864981,cutoff,S3_gaming,1
2792.0,0.7755555555555556,0.7970774503711604,3.8420162433407787,4.092934876861699,48.19756765216012,0.021297753626636207,cutoff,S3_gaming,1
2794.0,0.7761111111111111,0.7969294893083998,3.841940153493943,4.092934876861699,48.195741454147196,0.02129817506142254,cutoff,S3_gaming,1
2796.0,0.7766666666666666,0.7967815253152021,3.841864062052925,4.092934876861699,48.193915254112994,0.02129859652294808,cutoff,S3_gaming,1
2798.0,0.7772222222222223,0.7966335583913897,3.8417879690176857,4.092934876861699,48.192089052058854,0.02129901801115518,cutoff,S3_gaming,1
2800.0,0.7777777777777778,0.7964855885367853,3.8417118743881815,4.092934876861699,48.19026284798602,0.02129943952598911,cutoff,S3_gaming,1
2802.0,0.7783333333333333,0.7963376157512113,3.841635778164366,4.092934876861699,48.188436641895635,0.021299861067397917,cutoff,S3_gaming,1
2804.0,0.7788888888888889,0.7961896400344902,3.8415596803461916,4.092934876861699,48.18661043378884,0.021300282635332304,cutoff,S3_gaming,1
2806.0,0.7794444444444445,0.7960416613864444,3.841483580933606,4.092934876861699,48.1847842236667,0.021300704229745487,cutoff,S3_gaming,1
2808.0,0.78,0.7958936798068963,3.841407479926555,4.092934876861699,48.18295801153017,0.021301125850593076,cutoff,S3_gaming,1
2810.0,0.7805555555555556,0.7957456952956684,3.8413313773249835,4.092934876861699,48.18113179738021,0.02130154749783296,cutoff,S3_gaming,1
2812.0,0.7811111111111111,0.7955977078525831,3.8412552731288327,4.092934876861699,48.179305581217726,0.0213019691714252,cutoff,S3_gaming,1
2814.0,0.7816666666666666,0.7954497174774628,3.841179167338042,4.092934876861699,48.17747936304349,0.021302390871331924,cutoff,S3_gaming,1
2816.0,0.7822222222222223,0.7953017241701299,3.8411030599525504,4.092934876861699,48.17565314285835,0.021302812597517214,cutoff,S3_gaming,1
2818.0,0.7827777777777778,0.7951537279304067,3.8410269509722905,4.092934876861699,48.17382692066299,0.021303234349947027,cutoff,S3_gaming,1
2820.0,0.7833333333333333,0.7950057287581156,3.8409508403971993,4.092934876861699,48.17200069645814,0.0213036561285891,cutoff,S3_gaming,1
2822.0,0.7838888888888889,0.7948577266530789,3.8408747282272073,4.092934876861699,48.170174470244454,0.02130407793341285,cutoff,S3_gaming,1
2824.0,0.7844444444444445,0.7947097216151188,3.8407986144622446,4.092934876861699,48.16834824202252,0.02130449976438932,cutoff,S3_gaming,1
2826.0,0.785,0.7945617136440577,3.840722499102241,4.092934876861699,48.166522011792935,0.021304921621491075,cutoff,S3_gaming,1
2828.0,0.7855555555555556,0.7944137027397179,3.8406463821471224,4.092934876861699,48.16469577955622,0.021305343504692136,cutoff,S3_gaming,1
2830.0,0.7861111111111111,0.7942656889019215,3.8405702635968155,4.092934876861699,48.16286954531289,0.021305765413967913,cutoff,S3_gaming,1
2832.0,0.7866666666666666,0.7941176721304909,3.8404941434512456,4.092934876861699,48.16104330906344,0.021306187349295135,cutoff,S3_gaming,1
2834.0,0.7872222222222223,0.7939696524252483,3.8404180217103345,4.092934876861699,48.15921707080828,0.02130660931065179,cutoff,S3_gaming,1
2836.0,0.7877777777777778,0.7938216297860159,3.840341898374005,4.092934876861699,48.15739083054783,0.021307031298017056,cutoff,S3_gaming,1
2838.0,0.7883333333333333,0.7936736042126158,3.840265773442178,4.092934876861699,48.155564588282495,0.021307453311371252,cutoff,S3_gaming,1
2840.0,0.7888888888888889,0.7935255757048703,3.840189646914772,4.092934876861699,48.153738344012616,0.021307875350695775,cutoff,S3_gaming,1
2842.0,0.7894444444444444,0.7933775442626014,3.8401135187917084,4.092934876861699,48.15191209773853,0.021308297415973048,cutoff,S3_gaming,1
2844.0,0.79,0.7932295098856313,3.840037389072902,4.092934876861699,48.15008584946055,0.02130871950718648,cutoff,S3_gaming,1
2846.0,0.7905555555555556,0.7930814725737823,3.8399612577582705,4.092934876861699,48.148259599178964,0.021309141624320408,cutoff,S3_gaming,1
2848.0,0.7911111111111111,0.7929334323268762,3.8398851248477297,4.092934876861699,48.14643334689402,0.021309563767360058,cutoff,S3_gaming,1
2850.0,0.7916666666666666,0.7927853891447353,3.839808990341194,4.092934876861699,48.14460709260599,0.021309985936291496,cutoff,S3_gaming,1
2852.0,0.7922222222222223,0.7926373430271815,3.839732854238579,4.092934876861699,48.142780836315076,0.02131040813110159,cutoff,S3_gaming,1
2854.0,0.7927777777777778,0.7924892939740369,3.839656716539796,4.092934876861699,48.14095457802148,0.02131083035177798,cutoff,S3_gaming,1
2856.0,0.7933333333333333,0.7923412419851237,3.8395805772447584,4.092934876861699,48.13912831772541,0.021311252598309023,cutoff,S3_gaming,1
2858.0,0.7938888888888889,0.7921931870602636,3.8395044363533786,4.092934876861699,48.137302055427035,0.021311674870683774,cutoff,S3_gaming,1
2860.0,0.7944444444444444,0.7920451291992789,3.839428293865567,4.092934876861699,48.13547579112649,0.021312097168891944,cutoff,S3_gaming,1
2862.0,0.795,0.7918970684019915,3.839352149781233,4.092934876861699,48.13364952482394,0.021312519492923867,cutoff,S3_gaming,1
2864.0,0.7955555555555556,0.7917490046682232,3.8392760041002885,4.092934876861699,48.13182325651947,0.021312941842770477,cutoff,S3_gaming,1
2866.0,0.7961111111111111,0.7916009379977961,3.8391998568226415,4.092934876861699,48.129996986213236,0.02131336421842327,cutoff,S3_gaming,1
2868.0,0.7966666666666666,0.7914528683905321,3.8391237079482012,4.092934876861699,48.1281707139053,0.021313786619874292,cutoff,S3_gaming,1
2870.0,0.7972222222222223,0.791304795846253,3.839047557476875,4.092934876861699,48.12634443959577,0.02131420904711609,cutoff,S3_gaming,1
2872.0,0.7977777777777778,0.7911567203647808,3.8389714054085715,4.092934876861699,48.1245181632847,0.021314631500141703,cutoff,S3_gaming,1
2874.0,0.7983333333333333,0.7910086419459373,3.838895251743197,4.092934876861699,48.12269188497217,0.021315053978944638,cutoff,S3_gaming,1
2876.0,0.7988888888888889,0.7908605605895445,3.838819096480659,4.092934876861699,48.12086560465822,0.02131547648351884,cutoff,S3_gaming,1
2878.0,0.7994444444444444,0.7907124762954241,3.838742939620863,4.092934876861699,48.11903932234289,0.021315899013858677,cutoff,S3_gaming,1
2880.0,0.8,0.7905643890633979,3.838666781163715,4.092934876861699,48.11721303802622,0.02131632156995892,cutoff,S3_gaming,1
2882.0,0.8005555555555556,0.7904162988932878,3.8385906211091214,4.092934876861699,48.11538675170822,0.021316744151814716,cutoff,S3_gaming,1
2884.0,0.8011111111111111,0.7902682057849155,3.8385144594569858,4.092934876861699,48.11356046338889,0.02131716675942158,cutoff,S3_gaming,1
2886.0,0.8016666666666666,0.7901201097381029,3.8384382962072134,4.092934876861699,48.111734173068264,0.021317589392775366,cutoff,S3_gaming,1
2888.0,0.8022222222222222,0.7899720107526715,3.8383621313597094,4.092934876861699,48.10990788074632,0.021318012051872257,cutoff,S3_gaming,1
2890.0,0.8027777777777778,0.7898239088284432,3.8382859649143763,4.092934876861699,48.10808158642305,0.021318434736708754,cutoff,S3_gaming,1
2892.0,0.8033333333333333,0.7896758039652397,3.8382097968711184,4.092934876861699,48.10625529009842,0.02131885744728165,cutoff,S3_gaming,1
2894.0,0.8038888888888889,0.7895276961628827,3.83813362722984,4.092934876861699,48.104428991772416,0.02131928018358802,cutoff,S3_gaming,1
2896.0,0.8044444444444444,0.7893795854211937,3.8380574559904432,4.092934876861699,48.10260269144501,0.02131970294562521,cutoff,S3_gaming,1
2898.0,0.805,0.7892314717399945,3.8379812831528306,4.092934876861699,48.10077638911614,0.021320125733390826,cutoff,S3_gaming,1
2900.0,0.8055555555555556,0.7890833551191068,3.837905108716906,4.092934876861699,48.09895008478579,0.02132054854688271,cutoff,S3_gaming,1
2902.0,0.8061111111111111,0.7889352355583521,3.8378289326825703,4.092934876861699,48.097123778453906,0.021320971386098946,cutoff,S3_gaming,1
2904.0,0.8066666666666666,0.7887871130575521,3.837752755049727,4.092934876861699,48.0952974701204,0.021321394251037826,cutoff,S3_gaming,1
2906.0,0.8072222222222222,0.7886389876165283,3.837676575818276,4.092934876861699,48.093471159785246,0.021321817141697865,cutoff,S3_gaming,1
2908.0,0.8077777777777778,0.7884908592351023,3.8376003949881214,4.092934876861699,48.09164484744835,0.021322240058077764,cutoff,S3_gaming,1
2910.0,0.8083333333333333,0.7883427279130957,3.837524212559163,4.092934876861699,48.08981853310966,0.021322663000176427,cutoff,S3_gaming,1
2912.0,0.8088888888888889,0.78819459365033,3.837448028531302,4.092934876861699,48.087992216769095,0.02132308596799293,cutoff,S3_gaming,1
2914.0,0.8094444444444444,0.7880464564466265,3.83737184290444,4.092934876861699,48.086165898426565,0.02132350896152653,cutoff,S3_gaming,1
2916.0,0.81,0.787898316301807,3.8372956556784787,4.092934876861699,48.08433957808199,0.021323931980776638,cutoff,S3_gaming,1
2918.0,0.8105555555555556,0.7877501732156927,3.837219466853317,4.092934876861699,48.0825132557353,0.021324355025742824,cutoff,S3_gaming,1
2920.0,0.8111111111111111,0.7876020271881053,3.8371432764288573,4.092934876861699,48.08068693138638,0.021324778096424808,cutoff,S3_gaming,1
2922.0,0.8116666666666666,0.7874538782188663,3.8370670844049983,4.092934876861699,48.07886060503515,0.021325201192822454,cutoff,S3_gaming,1
2924.0,0.8122222222222222,0.7873057263077968,3.8369908907816415,4.092934876861699,48.077034276681495,0.021325624314935752,cutoff,S3_gaming,1
2926.0,0.8127777777777778,0.7871575714547184,3.836914695558687,4.092934876861699,48.075207946325335,0.02132604746276483,cutoff,S3_gaming,1
2928.0,0.8133333333333334,0.7870094136594525,3.8368384987360336,4.092934876861699,48.07338161396655,0.021326470636309932,cutoff,S3_gaming,1
2930.0,0.8138888888888889,0.7868612529218204,3.8367623003135813,4.092934876861699,48.071555279605036,0.021326893835571417,cutoff,S3_gaming,1
2932.0,0.8144444444444444,0.7866907537844278,3.8236504810230914,4.69404159768895,48.06561018878963,0.02148417837782951,cutoff,S3_gaming,1
2934.0,0.815,0.7865322682753955,3.8304272887632544,4.370968125196539,48.062068690012566,0.021549420655702346,cutoff,S3_gaming,1
2936.0,0.8155555555555556,0.7863740988072906,3.8304704747647547,4.362297799468604,48.05866358356334,0.021609261479469757,cutoff,S3_gaming,1
2938.0,0.8161111111111111,0.786216163271503,3.8304710325729188,4.355843897622352,48.055373259244476,0.021664540928039884,cutoff,S3_gaming,1
2940.0,0.8166666666666667,0.7860584005773807,3.830440389289957,4.351039827931306,48.05218098959022,0.021715910500577907,cutoff,S3_gaming,1
2942.0,0.8172222222222222,0.7859007652750689,3.8303870234869692,4.3474638383754955,48.04907371206379,0.021763880077319477,cutoff,S3_gaming,1
2944.0,0.8177777777777778,0.7857432235545281,3.830317221072075,4.344801990790916,48.046041121426626,0.021808852925205333,cutoff,S3_gaming,1
2946.0,0.8183333333333334,0.7855857502682102,3.8302356374600786,4.342820600058937,48.043074992894255,0.02185115180714886,cutoff,S3_gaming,1
2948.0,0.8188888888888889,0.7854283267153173,3.8301457157515926,4.341345718756374,48.040168677058894,0.021891038469359258,cutoff,S3_gaming,1
2950.0,0.8194444444444444,0.785270938992745,3.8300499978366433,4.340247866211925,48.03731672268445,0.021928728198443662,cutoff,S3_gaming,1
2952.0,0.82,0.7851135767677339,3.8299503558538035,4.339430661324142,48.03451459472029,0.021964400706911028,cutoff,S3_gaming,1
2954.0,0.8205555555555556,0.784956232364364,3.829848164397659,4.33882236120953,48.03175846323743,0.02199820828366328,cutoff,S3_gaming,1
2956.0,0.8211111111111111,0.7847989000836338,3.8297444286401086,4.338369562853856,48.02904504520544,0.02203028190653292,cutoff,S3_gaming,1
2958.0,0.8216666666666667,0.7846415756973936,3.829639879646374,4.338032514831052,48.02637148565223,0.022060735835730066,cutoff,S3_gaming,1
2960.0,0.8222222222222222,0.7844842560716812,3.8295350452785857,4.337781627502835,48.02373526818836,0.022089671074469654,cutoff,S3_gaming,1
2962.0,0.8227777777777778,0.7843269388863777,3.8294303029319594,4.337594875327475,48.02113414743744,0.022117177984377484,cutoff,S3_gaming,1
2964.0,0.8233333333333334,0.784178679659384,3.8346118825564575,4.093339659752194,48.020235451487636,0.022079729576670624,cutoff,S3_gaming,1
2966.0,0.8238888888888889,0.7840304227790645,3.834574723480747,4.093236183770605,48.01929245041649,0.02204409107075128,cutoff,S3_gaming,1
2968.0,0.8244444444444444,0.7838821671956244,3.834535232289423,4.093159159694513,48.018307114620185,0.022010181569249755,cutoff,S3_gaming,1
2970.0,0.825,0.7837339121128792,3.8344936333739703,4.0931018255363165,48.01728136455423,0.021977922339113394,cutoff,S3_gaming,1
2972.0,0.8255555555555556,0.783585656924137,3.834450111775258,4.093059147897546,48.0162170614965,0.02194723715634965,cutoff,S3_gaming,1
2974.0,0.8261111111111111,0.7834374011644363,3.834404822369371,4.093027380083937,48.01511600173796,0.02191805251908684,cutoff,S3_gaming,1
2976.0,0.8266666666666667,0.7832891444749618,3.834357896747543,4.0930037331810025,48.013979913273175,0.02189029776472815,cutoff,S3_gaming,1
2978.0,0.8272222222222222,0.7831408865765236,3.8343094483776468,4.092986131213637,48.012810454302645,0.021863905117725974,cutoff,S3_gaming,1
2980.0,0.8277777777777777,0.7829926272497877,3.8342595764845737,4.092973028895081,48.0116092130367,0.021838809687624926,cutoff,S3_gaming,1
2982.0,0.8283333333333334,0.7828443663205306,3.8342083689751676,4.092963275965309,48.01037770842401,0.021814949431906108,cutoff,S3_gaming,1
2984.0,0.8288888888888889,0.7826961036486372,3.8341559046501765,4.092956016209051,48.0091173915259,0.021792265094361992,cutoff,S3_gaming,1
2986.0,0.8294444444444444,0.7825478391198851,3.8341022548838013,4.0929506122881625,48.00782964733109,0.021770700126904467,cutoff,S3_gaming,1
2988.0,0.83,0.7823995726398045,3.8340474849053416,4.092946589789343,48.00651579685982,0.02175020060060855,cutoff,S3_gaming,1
2990.0,0.8305555555555556,0.7822513041290847,3.833991654783133,4.092943595575127,48.00517709944706,0.021730715110234933,cutoff,S3_gaming,1
2992.0,0.8311111111111111,0.7821030335201327,3.8339348201854264,4.092941366781738,48.00381475512418,0.021712194675317528,cutoff,S3_gaming,1
2994.0,0.8316666666666667,0.7819547607544902,3.8338770329738443,4.092939707742134,48.002429907040884,0.021694592640044405,cutoff,S3_gaming,1
2996.0,0.8322222222222222,0.7818064857808916,3.833818341670906,4.09293847280828,48.001023643885645,0.02167786457352541,cutoff,S3_gaming,1
2998.0,0.8327777777777777,0.7816582085537982,3.83375879183256,4.092937553564629,47.999597002275145,0.02166196817157012,cutoff,S3_gaming,1
3000.0,0.8333333333333334,0.7815099290322902,3.83369842634882,4.092936869310256,47.99815096909209,0.021646863160753288,cutoff,S3_gaming,1
3002.0,0.8338888888888889,0.7813616471792241,3.8336372856897447,4.092936359974078,47.99668648375751,0.02163251120528982,cutoff,S3_gaming,1
3004.0,0.8344444444444444,0.7812133629605886,3.8335754081096622,4.092935980841182,47.99520444042868,0.021618875817054243,cutoff,S3_gaming,1
3006.0,0.835,0.7810650763450111,3.833512829819291,4.092935698627277,47.99370569011671,0.02160592226894288,cutoff,S3_gaming,1
3008.0,0.8355555555555556,0.7809167873033737,3.83344958513298,4.092935488556639,47.992191042721515,0.021593617511677706,cutoff,S3_gaming,1
3010.0,0.8361111111111111,0.7807684958085142,3.8333857065965065,4.09293533218705,47.990661268982564,0.021581930094079296,cutoff,S3_gaming,1
3012.0,0.8366666666666667,0.7806202018349901,3.8333212250995246,4.092935215790733,47.98911710234626,0.021570830086785297,cutoff,S3_gaming,1
3014.0,0.8372222222222222,0.7804719053588902,3.8332561699757313,4.092935129149189,47.987559240750684,0.021560289009355003,cutoff,S3_gaming,1
3016.0,0.8377777777777777,0.7803236063576814,3.833190569093111,4.092935064656109,47.98598834833009,0.021550279760675927,cutoff,S3_gaming,1
3018.0,0.8383333333333334,0.7801753048100839,3.8331244489360228,4.092935016649606,47.98440505704111,0.021540776552571948,cutoff,S3_gaming,1
3020.0,0.8388888888888889,0.7800270006959672,3.8330578346804907,4.092934980915164,47.982809968213544,0.021531754846502126,cutoff,S3_gaming,1
3022.0,0.8394444444444444,0.7798786939962618,3.832990750263755,4.092934954315634,47.98120365402858,0.021523191293233372,cutoff,S3_gaming,1
3024.0,0.84,0.7797303846928838,3.8329232184488897,4.09293493451583,47.97958665892696,0.021515063675367353,cutoff,S3_gaming,1
3026.0,0.8405555555555555,0.7795820727686695,3.8328552608851267,4.092934919777515,47.97795950095045,0.021507350852601494,cutoff,S3_gaming,1
3028.0,0.8411111111111111,0.7794337582073171,3.8327868981643927,4.092934908806804,47.97632267301925,0.021500032709605158,cutoff,S3_gaming,1
3030.0,0.8416666666666667,0.7792854409933349,3.832718149874456,4.0929349006405715,47.974676644148225,0.021493090106394257,cutoff,S3_gaming,1
3032.0,0.8422222222222222,0.779137121111995,3.8326490346490245,4.0929348945619,47.97302186060473,0.021486504831090734,cutoff,S3_gaming,1
3034.0,0.8427777777777777,0.7789887985492907,3.8325795702150547,4.09293489003714,47.97135874701065,0.021480259554956836,cutoff,S3_gaming,1
3036.0,0.8433333333333334,0.7788404732918973,3.832509773437499,4.092934886669058,47.96968770739156,0.02147433778959804,cutoff,S3_gaming,1
3038.0,0.8438888888888889,0.7786921453271362,3.832439660361687,4.092934884161971,47.96800912617485,0.021468723846232603,cutoff,S3_gaming,1
3040.0,0.8444444444444444,0.7785438146429408,3.8323692462535095,4.092934882295778,47.96632336914004,0.02146340279692977,cutoff,S3_gaming,1
3042.0,0.845,0.7783954812278259,3.832298545637533,4.092934880906647,47.96463078432287,0.021458360437722937,cutoff,S3_gaming,1
3044.0,0.8455555555555555,0.7782471450708577,3.832227572333197,4.092934879872623,47.96293170287564,0.02145358325350806,cutoff,S3_gaming,1
3046.0,0.8461111111111111,0.7780988061616264,3.8321563394891824,4.0929348791029305,47.961226439886126,0.021449058384641777,cutoff,S3_gaming,1
3048.0,0.8466666666666667,0.7779504644902201,3.832084859616083,4.092934878529998,47.959515295156585,0.021444773595157392,cutoff,S3_gaming,1
3050.0,0.8472222222222222,0.7778021200472,3.8320131446174415,4.092934878103525,47.957798553945146,0.021440717242520915,cutoff,S3_gaming,1
3052.0,0.8477777777777777,0.777653772823577,3.831941205819272,4.092934877786073,47.95607648767127,0.021436878248852737,cutoff,S3_gaming,1
3054.0,0.8483333333333334,0.7775054228107898,3.831869053998117,4.092934877549772,47.954349354586924,0.021433246073544254,cutoff,S3_gaming,1
3056.0,0.8488888888888889,0.7773570700006843,3.8317966994077426,4.092934877373878,47.95261740041539,0.02142981068720194,cutoff,S3_gaming,1
3058.0,0.8494444444444444,0.7772087143854929,3.831724151804521,4.092934877242948,47.950880858958904,0.021426562546854676,cutoff,S3_gaming,1
3060.0,0.85,0.7770603559578162,3.8316514204715753,4.092934877145487,47.94913995267703,0.02142349257236315,cutoff,S3_gaming,1
3062.0,0.8505555555555555,0.776911994710605,3.8315785142417487,4.092934877072942,47.94739489323676,0.02142059212397319,cutoff,S3_gaming,1
3064.0,0.8511111111111112,0.776763630637143,3.8315054415194596,4.0929348770189415,47.94564588203619,0.021417852980957563,cutoff,S3_gaming,1
3066.0,0.8516666666666667,0.7766152637310312,3.8314322103014815,4.092934876978745,47.94389311070258,0.021415267321293473,cutoff,S3_gaming,1
3068.0,0.8522222222222222,0.7764668939861715,3.831358828196728,4.092934876948824,47.94213676156641,0.021412827702325644,cutoff,S3_gaming,1
3070.0,0.8527777777777777,0.7763185213967533,3.831285302445065,4.092934876926552,47.94037700811236,0.02141052704236715,cutoff,S3_gaming,1
3072.0,0.8533333333333334,0.7761701459572384,3.8312116399352125,4.092934876909974,47.9386140154084,0.02140835860319255,cutoff,S3_gaming,1
3074.0,0.8538888888888889,0.7760217676623488,3.8311378472217807,4.092934876897633,47.936847940514184,0.021406315973380073,cutoff,S3_gaming,1
3076.0,0.8544444444444445,0.7758733865070532,3.8310639305414758,4.092934876888447,47.935078932869516,0.02140439305246167,cutoff,S3_gaming,1
3078.0,0.855,0.7757250024865555,3.8309898958285165,4.09293487688161,47.933307134664,0.02140258403584179,cutoff,S3_gaming,1
3080.0,0.8555555555555555,0.7755766155962834,3.8309157487293093,4.0929348768765195,47.93153268118876,0.021400883400447553,cutoff,S3_gaming,1
3082.0,0.8561111111111112,0.7754282258318774,3.830841494616407,4.0929348768727305,47.92975570117121,0.021399285891074902,cutoff,S3_gaming,1
3084.0,0.8566666666666667,0.7752798331891806,3.830767138601791,4.0929348768699105,47.92797631709337,0.02139778650739696,cutoff,S3_gaming,1
3086.0,0.8572222222222222,0.7751314376642288,3.83069268554951,4.092934876867812,47.92619464549488,0.021396380491602467,cutoff,S3_gaming,1
3088.0,0.8577777777777778,0.7749830392532411,3.830618140087702,4.092934876866249,47.92441079726136,0.021395063316633753,cutoff,S3_gaming,1
3090.0,0.8583333333333333,0.7748346379526111,3.830543506620041,4.092934876865086,47.92262487789864,0.02139383067499518,cutoff,S3_gaming,1
3092.0,0.8588888888888889,0.7746862337588986,3.8304687893366194,4.09293487686422,47.92083698779377,0.021392678468104363,cutoff,S3_gaming,1
3094.0,0.8594444444444445,0.7745378266688211,3.830393992224309,4.092934876863575,47.91904722246337,0.021391602796159863,cutoff,S3_gaming,1
3096.0,0.86,0.7743894166792467,3.830319119076616,4.0929348768630955,47.917255672789985,0.021390599948500295,cutoff,S3_gaming,1
3098.0,0.8605555555555555,0.7742410037871863,3.83024417350306,4.0929348768627385,47.91546242524677,0.021389666394431028,cutoff,S3_gaming,1
3100.0,0.8611111111111112,0.7740925879897871,3.8301691589380966,4.092934876862473,47.9136675621115,0.02138879877449578,cutoff,S3_gaming,1
3102.0,0.8616666666666667,0.7739441692843257,3.8300940786496103,4.092934876862275,47.91187116167011,0.02138799389217155,cutoff,S3_gaming,1
3104.0,0.8622222222222222,0.773795747668202,3.8300189357469883,4.092934876862127,47.91007329841037,0.021387248705966342,cutoff,S3_gaming,1
3106.0,0.8627777777777778,0.773647323138933,3.829943733188811,4.092934876862018,47.90827404320607,0.021386560321900165,cutoff,S3_gaming,1
3108.0,0.8633333333333333,0.7734988956941474,3.829868473790168,4.0929348768619365,47.90647346349252,0.021385925986350682,cutoff,S3_gaming,1
3110.0,0.8638888888888889,0.7733504653315801,3.8297931602296105,4.092934876861876,47.90467162343317,0.02138534307924587,cutoff,S3_gaming,1
3112.0,0.8644444444444445,0.773202032049067,3.8297177950557817,4.092934876861831,47.9028685840785,0.021384809107586826,cutoff,S3_gaming,1
3114.0,0.865,0.7730535958445399,3.82964238069371,4.092934876861797,47.901064403517026,0.021384321699284715,cutoff,S3_gaming,1
3116.0,0.8655555555555555,0.7729051567160224,3.82956691945081,4.092934876861772,47.89925913701891,0.021383878597296634,cutoff,S3_gaming,1
3118.0,0.8661111111111112,0.772756714661625,3.8294914135225815,4.0929348768617535,47.897452837172814,0.021383477654045892,cutoff,S3_gaming,1
3120.0,0.8666666666666667,0.7726082696795408,3.8294158649980403,4.092934876861739,47.89564555401591,0.021383116826112884,cutoff,S3_gaming,1
3122.0,0.8672222222222222,0.772459821768042,3.8293402758648845,4.092934876861729,47.89383733515775,0.02138279416918349,cutoff,S3_gaming,1
3124.0,0.8677777777777778,0.7723113709254755,3.829264648014403,4.0929348768617215,47.89202822589792,0.021382507833242463,cutoff,S3_gaming,1
3126.0,0.8683333333333333,0.7721629171502599,3.8291889832461554,4.092934876861715,47.89021826933829,0.021382256057999927,cutoff,S3_gaming,1
3128.0,0.8688888888888889,0.7720144604408813,3.8291132832724197,4.092934876861712,47.88840750648947,0.02138203716853971,cutoff,S3_gaming,1
3130.0,0.8694444444444445,0.7718660007958907,3.8290375497224254,4.092934876861708,47.886595976372384,0.021381849571178727,cutoff,S3_gaming,1
3132.0,0.87,0.7717175382139004,3.8289617841463803,4.0929348768617055,47.88478371611472,0.021381691749527174,cutoff,S3_gaming,1
3134.0,0.8705555555555555,0.7715690726935812,3.8288859880193047,4.092934876861704,47.88297076104288,0.021381562260739822,cutoff,S3_gaming,1
3136.0,0.8711111111111111,0.7714206042336595,3.8288101627446762,4.092934876861703,47.88115714476924,0.021381459731949097,cutoff,S3_gaming,1
3138.0,0.8716666666666667,0.7712721328329148,3.828734309657902,4.092934876861702,47.87934289927549,0.021381382856871186,cutoff,S3_gaming,1
3140.0,0.8722222222222222,0.7711236584901768,3.828658430029616,4.092934876861701,47.87752805499155,0.02138133039257672,cutoff,S3_gaming,1
3142.0,0.8727777777777778,0.7709751812043233,3.8285825250688252,4.0929348768617,47.87571264087102,0.021381301156418106,cutoff,S3_gaming,1
3144.0,0.8733333333333333,0.7708267009742776,3.828506595925895,4.0929348768617,47.873896684462714,0.021381294023105853,cutoff,S3_gaming,1
3146.0,0.8738888888888889,0.7706782177990066,3.828430643695394,4.0929348768617,47.87208021197883,0.021381307921926728,cutoff,S3_gaming,1
3148.0,0.8744444444444445,0.7705297316775181,3.8283546694188018,4.092934876861699,47.87026324835985,0.021381341834096807,cutoff,S3_gaming,1
3150.0,0.875,0.7703812426088597,3.828278674087082,4.092934876861699,47.86844581733617,0.021381394790242914,cutoff,S3_gaming,1
3152.0,0.8755555555555555,0.7702327505921158,3.8282026586431317,4.092934876861699,47.866627941486875,0.02138146586800621,cutoff,S3_gaming,1
3154.0,0.8761111111111111,0.770084255626407,3.8281266239841147,4.092934876861699,47.864809642295526,0.02138155418976201,cutoff,S3_gaming,1
3156.0,0.8766666666666667,0.7699357577108874,3.828050570963678,4.092934876861699,47.86299094020335,0.02138165892045017,cutoff,S3_gaming,1
3158.0,0.8772222222222222,0.7697872568447434,3.827974500394063,4.092934876861699,47.86117185465986,0.021381779265510742,cutoff,S3_gaming,1
3160.0,0.8777777777777778,0.7696387530271919,3.8278984130481124,4.092934876861699,47.85935240417087,0.0213819144689197,cutoff,S3_gaming,1
3162.0,0.8783333333333333,0.7694902462574792,3.8278223096611845,4.092934876861699,47.85753260634436,0.021382063811319973,cutoff,S3_gaming,1
3164.0,0.8788888888888889,0.7693417365348794,3.8277461909329658,4.092934876861699,47.855712477934,0.021382226608243095,cutoff,S3_gaming,1
3166.0,0.8794444444444445,0.7691932238586926,3.827670057529205,4.092934876861699,47.85389203488061,0.021382402208417126,cutoff,S3_gaming,1
3168.0,0.88,0.7690447082282444,3.8275939100833587,4.092934876861699,47.8520712923516,0.02138258999215662,cutoff,S3_gaming,1
3170.0,0.8805555555555555,0.7688961896428842,3.827517749198155,4.092934876861699,47.85025026477847,0.021382789369830697,cutoff,S3_gaming,1
3172.0,0.8811111111111111,0.768747668101984,3.8274415754470867,4.092934876861699,47.848428965892566,0.0213829997804054,cutoff,S3_gaming,1
3174.0,0.8816666666666667,0.7685991436049378,3.8273653893758266,4.092934876861699,47.84660740875898,0.021383220690056756,cutoff,S3_gaming,1
3176.0,0.8822222222222222,0.7684506161511597,3.827289191503581,4.092934876861699,47.84478560580893,0.021383451590851102,cutoff,S3_gaming,1
3178.0,0.8827777777777778,0.7683020857400839,3.8272129823243666,4.092934876861699,47.8429635688705,0.021383691999489404,cutoff,S3_gaming,1
3180.0,0.8833333333333333,0.7681535523711628,3.827136762308239,4.092934876861699,47.841141309197894,0.021383941456112495,cutoff,S3_gaming,1
3182.0,0.8838888888888888,0.7680050160438668,3.8270605319024487,4.092934876861699,47.839318837499285,0.02138419952316425,cutoff,S3_gaming,1
3184.0,0.8844444444444445,0.7678564767576832,3.826984291532553,4.092934876861699,47.83749616396328,0.02138446578430989,cutoff,S3_gaming,1
3186.0,0.885,0.7677079345121152,3.8269080416034638,4.092934876861699,47.8356732982842,0.021384739843406757,cutoff,S3_gaming,1
3188.0,0.8855555555555555,0.7675593893066813,3.826831782500452,4.092934876861699,47.83385024968597,0.021385021323525003,cutoff,S3_gaming,1
3190.0,0.8861111111111111,0.7674108411409147,3.826755514590094,4.092934876861699,47.83202702694504,0.021385309866015778,cutoff,S3_gaming,1
3192.0,0.8866666666666667,0.7672622900143624,3.826679238221188,4.092934876861699,47.83020363841199,0.02138560512962461,cutoff,S3_gaming,1
3194.0,0.8872222222222222,0.7671137359265844,3.826602953725608,4.092934876861699,47.82838009203224,0.021385906789647784,cutoff,S3_gaming,1
3196.0,0.8877777777777778,0.7669651788771532,3.8265266614191282,4.092934876861699,47.82655639536576,0.02138621453712963,cutoff,S3_gaming,1
3198.0,0.8883333333333333,0.7668166188656536,3.8264503616022028,4.092934876861699,47.82473255560569,0.021386528078098762,cutoff,S3_gaming,1
3200.0,0.8888888888888888,0.7666680558916812,3.8263740545607097,4.092934876861699,47.82290857959617,0.021386847132841336,cutoff,S3_gaming,1
3202.0,0.8894444444444445,0.7665194899548429,3.826297740566658,4.092934876861699,47.82108447384928,0.021387171435209573,cutoff,S3_gaming,1
3204.0,0.89,0.7663709210547555,3.8262214198788578,4.092934876861699,47.81926024456114,0.021387500731963806,cutoff,S3_gaming,1
3206.0,0.8905555555555555,0.7662223491910456,3.8261450927435643,4.092934876861699,47.817435897627234,0.02138783478214645,cutoff,S3_gaming,1
3208.0,0.8911111111111111,0.7660737743633493,3.826068759395083,4.092934876861699,47.81561143865703,0.021388173356486316,cutoff,S3_gaming,1
3210.0,0.8916666666666667,0.7659251965713115,3.8259924200563513,4.092934876861699,47.8137868729878,0.021388516236831835,cutoff,S3_gaming,1
3212.0,0.8922222222222222,0.7657766158145853,3.82591607493949,4.092934876861699,47.811962205697895,0.021388863215611762,cutoff,S3_gaming,1
3214.0,0.8927777777777778,0.7656280320928319,3.8258397242463276,4.092934876861699,47.81013744161924,0.021389214095322028,cutoff,S3_gaming,1
3216.0,0.8933333333333333,0.7654794454057202,3.8257633681688974,4.092934876861699,47.80831258534929,0.021389568688037496,cutoff,S3_gaming,1
3218.0,0.8938888888888888,0.7653308557529264,3.8256870068899165,4.092934876861699,47.806487641262535,0.021389926814947387,cutoff,S3_gaming,1
3220.0,0.8944444444444445,0.7651822631341333,3.825610640583234,4.092934876861699,47.80466261352112,0.021390288305913233,cutoff,S3_gaming,1
3222.0,0.895,0.7650336675490305,3.8255342694142636,4.092934876861699,47.80283750608528,0.021390652999048278,cutoff,S3_gaming,1
3224.0,0.8955555555555555,0.7648850689973138,3.82545789354039,4.092934876861699,47.80101232272312,0.021391020740317273,cutoff,S3_gaming,1
3226.0,0.8961111111111111,0.7647364674786848,3.825381513111362,4.092934876861699,47.7991870670199,0.02139139138315569,cutoff,S3_gaming,1
3228.0,0.8966666666666666,0.7645878629928511,3.825305128269659,4.092934876861699,47.797361742386926,0.02139176478810739,cutoff,S3_gaming,1
3230.0,0.8972222222222223,0.7644392555395252,3.8252287391508473,4.092934876861699,47.795536352069995,0.021392140822479866,cutoff,S3_gaming,1
3232.0,0.8977777777777778,0.764290645118425,3.8251523458839105,4.092934876861699,47.793710899157404,0.02139251936001622,cutoff,S3_gaming,1
3234.0,0.8983333333333333,0.7641420317292733,3.825075948591574,4.092934876861699,47.79188538658764,0.02139290028058304,cutoff,S3_gaming,1
3236.0,0.8988888888888888,0.7639934153717973,3.824999547390606,4.092934876861699,47.79005981715656,0.0213932834698734,cutoff,S3_gaming,1
3238.0,0.8994444444444445,0.7638447960457289,3.8249231423921066,4.092934876861699,47.78823419352444,0.0213936688191243,cutoff,S3_gaming,1
3240.0,0.9,0.7636961737508038,3.8248467337017806,4.092934876861699,47.78640851822239,0.02139405622484778,cutoff,S3_gaming,1
3242.0,0.9005555555555556,0.763547548486762,3.824770321420204,4.092934876861699,47.78458279365878,0.02139444558857508,cutoff,S3_gaming,1
3244.0,0.9011111111111111,0.7633989202533471,3.824693905643068,4.092934876861699,47.782757022125104,0.02139483681661321,cutoff,S3_gaming,1
3246.0,0.9016666666666666,0.7632502890503065,3.8246174864614195,4.092934876861699,47.78093120580164,0.02139522981981335,cutoff,S3_gaming,1
3248.0,0.9022222222222223,0.7631016548773908,3.8245410639618833,4.092934876861699,47.779105346762954,0.021395624513350434,cutoff,S3_gaming,1
3250.0,0.9027777777777778,0.7629530177343541,3.8244646382268783,4.092934876861699,47.77727944698285,0.021396020816513463,cutoff,S3_gaming,1
3252.0,0.9033333333333333,0.7628043776209534,3.8243882093348223,4.092934876861699,47.77545350833945,0.02139641865250598,cutoff,S3_gaming,1
3254.0,0.9038888888888889,0.7626557345369489,3.824311777360323,4.092934876861699,47.7736275326197,0.021396817948256208,cutoff,S3_gaming,1
3256.0,0.9044444444444445,0.7625070884821032,3.824235342374367,4.092934876861699,47.771801521523834,0.021397218634236412,cutoff,S3_gaming,1
3258.0,0.905,0.762358439456182,3.824158904444491,4.092934876861699,47.769975476669615,0.02139762064429102,cutoff,S3_gaming,1
3260.0,0.9055555555555556,0.7622097874589532,3.824082463634952,4.092934876861699,47.76814939959629,0.021398023915473057,cutoff,S3_gaming,1
3262.0,0.9061111111111111,0.7620611324901874,3.8240060200068857,4.092934876861699,47.76632329176844,0.02139842838788856,cutoff,S3_gaming,1
3264.0,0.9066666666666666,0.7619124745496573,3.823929573618458,4.092934876861699,47.76449715457955,0.021398834004548478,cutoff,S3_gaming,1
3266.0,0.9072222222222223,0.7617638136371377,3.823853124525009,4.092934876861699,47.762670989355506,0.021399240711227813,cutoff,S3_gaming,1
3268.0,0.9077777777777778,0.761615149752406,3.8237766727791884,4.092934876861699,47.76084479735788,0.021399648456331546,cutoff,S3_gaming,1
3270.0,0.9083333333333333,0.7614664828952409,3.8237002184310884,4.092934876861699,47.75901857978697,0.021400057190767097,cutoff,S3_gaming,1
3272.0,0.9088888888888889,0.7613178130654233,3.823623761528367,4.092934876861699,47.75719233778488,0.02140046686782295,cutoff,S3_gaming,1
3274.0,0.9094444444444445,0.7611691402627361,3.823547302116366,4.092934876861699,47.75536607243828,0.021400877443053183,cutoff,S3_gaming,1
3276.0,0.91,0.7610204644869634,3.823470840238222,4.092934876861699,47.753539784781104,0.021401288874167583,cutoff,S3_gaming,1
3278.0,0.9105555555555556,0.7608717857378913,3.8233943759349747,4.092934876861699,47.75171347579713,0.021401701120927097,cutoff,S3_gaming,1
3280.0,0.9111111111111111,0.7607231040153074,3.82331790924567,4.092934876861699,47.7498871464224,0.02140211414504435,cutoff,S3_gaming,1
3282.0,0.9116666666666666,0.7605744193190007,3.8232414402074535,4.092934876861699,47.74806079754749,0.021402527910089,cutoff,S3_gaming,1
3284.0,0.9122222222222223,0.7604257316487615,3.823164968855664,4.092934876861699,47.74623443001981,0.021402942381397654,cutoff,S3_gaming,1
3286.0,0.9127777777777778,0.7602770410043815,3.823088495223922,4.092934876861699,47.74440804464564,0.021403357525988195,cutoff,S3_gaming,1
3288.0,0.9133333333333333,0.7601283473856538,3.823012019344213,4.092934876861699,47.742581642192086,0.02140377331247823,cutoff,S3_gaming,1
3290.0,0.9138888888888889,0.7599796507923724,3.8229355412469657,4.092934876861699,47.7407552233891,0.021404189711007507,cutoff,S3_gaming,1
3292.0,0.9144444444444444,0.7598309512243328,3.8228590609611275,4.092934876861699,47.73892878893117,0.021404606693164085,cutoff,S3_gaming,1
3294.0,0.915,0.7596822486813312,3.8227825785142366,4.092934876861699,47.73710233947908,0.021405024231914108,cutoff,S3_gaming,1
3296.0,0.9155555555555556,0.759533543163165,3.8227060939324926,4.092934876861699,47.73527587566156,0.021405442301534957,cutoff,S3_gaming,1
3298.0,0.9161111111111111,0.7593848346696327,3.822629607240817,4.092934876861699,47.73344939807682,0.021405860877551662,cutoff,S3_gaming,1
3300.0,0.9166666666666666,0.7592361232005336,3.822553118462918,4.092934876861699,47.731622907294046,0.02140627993667639,cutoff,S3_gaming,1
3302.0,0.9172222222222223,0.7590874087556678,3.8224766276213504,4.092934876861699,47.72979640385479,0.021406699456750864,cutoff,S3_gaming,1
3304.0,0.9177777777777778,0.7589386913348364,3.8224001347375687,4.092934876861699,47.72796988827434,0.0214071194166916,cutoff,S3_gaming,1
3306.0,0.9183333333333333,0.7587899709378412,3.8223236398319824,4.092934876861699,47.72614336104293,0.021407539796437756,cutoff,S3_gaming,1
3308.0,0.9188888888888889,0.7586412475644848,3.8222471429240055,4.092934876861699,47.72431682262706,0.021407960576901554,cutoff,S3_gaming,1
3310.0,0.9194444444444444,0.7584925212145706,3.822170644032106,4.092934876861699,47.722490273470555,0.021408381739921076,cutoff,S3_gaming,1
3312.0,0.92,0.7583437918879025,3.8220941431738518,4.092934876861699,47.720663713995734,0.021408803268215367,cutoff,S3_gaming,1
3314.0,0.9205555555555556,0.7581950595842851,3.822017640365952,4.092934876861699,47.71883714460434,0.021409225145341708,cutoff,S3_gaming,1
3316.0,0.9211111111111111,0.7580463243035238,3.821941135624301,4.092934876861699,47.717010565678706,0.021409647355654957,cutoff,S3_gaming,1
3318.0,0.9216666666666666,0.7578975860454245,3.8218646289640175,4.092934876861699,47.715183977582555,0.021410069884268877,cutoff,S3_gaming,1
3320.0,0.9222222222222223,0.7577488448097934,3.8217881203994826,4.092934876861699,47.713357380661975,0.021410492717019326,cutoff,S3_gaming,1
3322.0,0.9227777777777778,0.7576001005964376,3.821711609944373,4.092934876861699,47.71153077524623,0.02141091584042923,cutoff,S3_gaming,1
3324.0,0.9233333333333333,0.7574513534051645,3.821635097611699,4.092934876861699,47.70970416164864,0.021411339241675268,cutoff,S3_gaming,1
3326.0,0.9238888888888889,0.7573026032357819,3.8215585834138324,4.092934876861699,47.7078775401673,0.021411762908556165,cutoff,S3_gaming,1
3328.0,0.9244444444444444,0.7571538500880983,3.821482067362543,4.092934876861699,47.70605091108581,0.021412186829462526,cutoff,S3_gaming,1
3330.0,0.925,0.7570050939619226,3.8214055494690222,4.092934876861699,47.70422427467403,0.02141261099334812,cutoff,S3_gaming,1
3332.0,0.9255555555555556,0.7568563348570638,3.8213290297439158,4.092934876861699,47.70239763118872,0.02141303538970258,cutoff,S3_gaming,1
3334.0,0.9261111111111111,0.7567075727733317,3.821252508197345,4.092934876861699,47.70057098087416,0.0214134600085254,cutoff,S3_gaming,1
3336.0,0.9266666666666666,0.7565588077105361,3.8211759848389377,4.092934876861699,47.698744323962764,0.02141388484030123,cutoff,S3_gaming,1
3338.0,0.9272222222222222,0.7564100396684874,3.8210994596778494,4.092934876861699,47.69691766067569,0.02141430987597632,cutoff,S3_gaming,1
3340.0,0.9277777777777778,0.7562612686469963,3.821022932722786,4.092934876861699,47.695090991223346,0.021414735106936148,cutoff,S3_gaming,1
3342.0,0.9283333333333333,0.7561124946458737,3.8209464039820253,4.092934876861699,47.693264315805905,0.02141516052498412,cutoff,S3_gaming,1
3344.0,0.9288888888888889,0.7559637176649309,3.8208698734634408,4.092934876861699,47.69143763461385,0.021415586122321292,cutoff,S3_gaming,1
3346.0,0.9294444444444444,0.7558149377039793,3.8207933411745167,4.092934876861699,47.689610947828356,0.02141601189152709,cutoff,S3_gaming,1
3348.0,0.93,0.755666154762831,3.8207168071223707,4.092934876861699,47.687784255621914,0.021416437825540962,cutoff,S3_gaming,1
3350.0,0.9305555555555556,0.7555173688412979,3.8206402713137693,4.092934876861699,47.68595755815851,0.02141686391764491,cutoff,S3_gaming,1
3352.0,0.9311111111111111,0.7553685799391924,3.820563733755147,4.092934876861699,47.68413085559425,0.021417290161446875,cutoff,S3_gaming,1
3354.0,0.9316666666666666,0.755219788056327,3.820487194452618,4.092934876861699,47.68230414807762,0.021417716550864947,cutoff,S3_gaming,1
3356.0,0.9322222222222222,0.7550709931925144,3.8204106534119995,4.092934876861699,47.680477435749914,0.021418143080112303,cutoff,S3_gaming,1
3358.0,0.9327777777777778,0.7549221953475675,3.8203341106388184,4.092934876861699,47.67865071874554,0.021418569743682902,cutoff,S3_gaming,1
3360.0,0.9333333333333333,0.7547733945212998,3.820257566138328,4.092934876861699,47.67682399719239,0.021418996536337876,cutoff,S3_gaming,1
3362.0,0.9338888888888889,0.7546245907135243,3.8201810199155246,4.092934876861699,47.674997271212185,0.021419423453092563,cutoff,S3_gaming,1
3364.0,0.9344444444444444,0.7544757839240547,3.820104471975155,4.092934876861699,47.67317054092062,0.021419850489204178,cutoff,S3_gaming,1
3366.0,0.935,0.7543269741527046,3.82002792232173,4.092934876861699,47.67134380642789,0.021420277640160086,cutoff,S3_gaming,1
3368.0,0.9355555555555556,0.7541781613992878,3.819951370959539,4.092934876861699,47.669517067838775,0.021420704901666646,cutoff,S3_gaming,1
3370.0,0.9361111111111111,0.7540293456636186,3.819874817892656,4.092934876861699,47.66769032525298,0.021421132269638574,cutoff,S3_gaming,1
3372.0,0.9366666666666666,0.7538805269455108,3.819798263124953,4.092934876861699,47.665863578765325,0.021421559740188854,cutoff,S3_gaming,1
3374.0,0.9372222222222222,0.7537317052447787,3.8197217066601103,4.092934876861699,47.6640368284661,0.021421987309619115,cutoff,S3_gaming,1
3376.0,0.9377777777777778,0.7535828805612368,3.8196451485016225,4.092934876861699,47.66221007444112,0.02142241497441048,cutoff,S3_gaming,1
3378.0,0.9383333333333334,0.7534340528946996,3.8195685886528117,4.092934876861699,47.6603833167721,0.021422842731214864,cutoff,S3_gaming,1
3380.0,0.9388888888888889,0.7532852222449815,3.8194920271168327,4.092934876861699,47.65855655553673,0.021423270576846693,cutoff,S3_gaming,1
3382.0,0.9394444444444444,0.7531363886118975,3.8194154638966817,4.092934876861699,47.65672979080895,0.02142369850827502,cutoff,S3_gaming,1
3384.0,0.94,0.7529875519952622,3.819338898995206,4.092934876861699,47.65490302265912,0.021424126522616025,cutoff,S3_gaming,1
3386.0,0.9405555555555556,0.7528387123948908,3.819262332415108,4.092934876861699,47.653076251154125,0.021424554617125877,cutoff,S3_gaming,1
3388.0,0.9411111111111111,0.7526898698105979,3.8191857641589553,4.092934876861699,47.651249476357634,0.02142498278919395,cutoff,S3_gaming,1
3390.0,0.9416666666666667,0.7525410242421989,3.8191091942291853,4.092934876861699,47.64942269833023,0.02142541103633636,cutoff,S3_gaming,1
3392.0,0.9422222222222222,0.7523921756895089,3.819032622628112,4.092934876861699,47.64759591712952,0.021425839356189823,cutoff,S3_gaming,1
3394.0,0.9427777777777778,0.7522433241523431,3.818956049357932,4.092934876861699,47.64576913281032,0.021426267746505804,cutoff,S3_gaming,1
3396.0,0.9433333333333334,0.7520944696305167,3.818879474420731,4.092934876861699,47.64394234542479,0.02142669620514494,cutoff,S3_gaming,1
3398.0,0.9438888888888889,0.7519456121238453,3.8188028978184874,4.092934876861699,47.64211555502253,0.021427124730071766,cutoff,S3_gaming,1
3400.0,0.9444444444444444,0.751796751632144,3.8187263195530785,4.092934876861699,47.64028876165073,0.02142755331934966,cutoff,S3_gaming,1
3402.0,0.945,0.7516478881552284,3.8186497396262875,4.092934876861699,47.63846196535428,0.021427981971136052,cutoff,S3_gaming,1
3404.0,0.9455555555555556,0.7514990216929142,3.8185731580398032,4.092934876861699,47.63663516617592,0.021428410683677873,cutoff,S3_gaming,1
3406.0,0.9461111111111111,0.7513501522450168,3.8184965747952293,4.092934876861699,47.63480836415626,0.021428839455307203,cutoff,S3_gaming,1
3408.0,0.9466666666666667,0.7512012798113519,3.818419989894086,4.092934876861699,47.632981559333956,0.021429268284437145,cutoff,S3_gaming,1
3410.0,0.9472222222222222,0.7510524043917352,3.8183434033378143,4.092934876861699,47.63115475174577,0.021429697169557897,cutoff,S3_gaming,1
3412.0,0.9477777777777778,0.7509035259859823,3.8182668151277808,4.092934876861699,47.62932794142669,0.02143012610923301,cutoff,S3_gaming,1
3414.0,0.9483333333333334,0.7507546445939091,3.81819022526528,4.092934876861699,47.62750112840996,0.021430555102095832,cutoff,S3_gaming,1
3416.0,0.9488888888888889,0.7506057602153312,3.81811363375154,4.092934876861699,47.625674312727256,0.021430984146846126,cutoff,S3_gaming,1
3418.0,0.9494444444444444,0.7504568728500646,3.8180370405877224,4.092934876861699,47.62384749440868,0.021431413242246844,cutoff,S3_gaming,1
3420.0,0.95,0.7503079824979251,3.817960445774928,4.092934876861699,47.62202067348286,0.021431842387121067,cutoff,S3_gaming,1
3422.0,0.9505555555555556,0.7501590891587284,3.8178838493141996,4.092934876861699,47.620193849977014,0.021432271580349087,cutoff,S3_gaming,1
3424.0,0.9511111111111111,0.7500101928322906,3.8178072512065246,4.092934876861699,47.618367023917095,0.021432700820865628,cutoff,S3_gaming,1
3426.0,0.9516666666666667,0.7498612935184276,3.8177306514528357,4.092934876861699,47.61654019532772,0.021433130107657215,cutoff,S3_gaming,1
3428.0,0.9522222222222222,0.7497123912169552,3.817654050054016,4.092934876861699,47.61471336423232,0.021433559439759654,cutoff,S3_gaming,1
3430.0,0.9527777777777777,0.7495634859276895,3.8175774470109025,4.092934876861699,47.612886530653206,0.021433988816255644,cutoff,S3_gaming,1
3432.0,0.9533333333333334,0.7494145776504464,3.817500842324284,4.092934876861699,47.61105969461158,0.021434418236272505,cutoff,S3_gaming,1
3434.0,0.9538888888888889,0.7492656663850419,3.8174242359949075,4.092934876861699,47.60923285612761,0.021434847698980013,cutoff,S3_gaming,1
3436.0,0.9544444444444444,0.7491167521312919,3.817347628023477,4.092934876861699,47.60740601522047,0.021435277203588343,cutoff,S3_gaming,1
3438.0,0.955,0.7489678348890126,3.8172710184106595,4.092934876861699,47.60557917190842,0.021435706749346105,cutoff,S3_gaming,1
3440.0,0.9555555555555556,0.74881891465802,3.817194407157082,4.092934876861699,47.60375232620878,0.02143613633553848,cutoff,S3_gaming,1
3442.0,0.9561111111111111,0.74866999143813,3.817117794263338,4.092934876861699,47.60192547813807,0.02143656596148545,cutoff,S3_gaming,1
3444.0,0.9566666666666667,0.7485210652291586,3.8170411797299866,4.092934876861699,47.60009862771196,0.021436995626540115,cutoff,S3_gaming,1
3446.0,0.9572222222222222,0.748372136030922,3.8169645635575535,4.092934876861699,47.5982717749454,0.021437425330087072,cutoff,S3_gaming,1
3448.0,0.9577777777777777,0.7482232038432363,3.816887945746536,4.092934876861699,47.59644491985257,0.021437855071540904,cutoff,S3_gaming,1
3450.0,0.9583333333333334,0.7480742686659173,3.8168113262973997,4.092934876861699,47.594618062446955,0.021438284850344713,cutoff,S3_gaming,1
3452.0,0.9588888888888889,0.7479253304987813,3.816734705210585,4.092934876861699,47.59279120274136,0.021438714665968743,cutoff,S3_gaming,1
3454.0,0.9594444444444444,0.7477763893416443,3.8166580824865033,4.092934876861699,47.590964340748044,0.021439144517909067,cutoff,S3_gaming,1
3456.0,0.96,0.7476274451943222,3.816581458125542,4.092934876861699,47.58913747647856,0.02143957440568632,cutoff,S3_gaming,1
3458.0,0.9605555555555556,0.7474784980566312,3.8165048321280657,4.092934876861699,47.58731060994394,0.02144000432884453,cutoff,S3_gaming,1
3460.0,0.9611111111111111,0.7473295479283875,3.8164282044944144,4.092934876861699,47.58548374115469,0.02144043428694996,cutoff,S3_gaming,1
3462.0,0.9616666666666667,0.7471805948094068,3.8163515752249078,4.092934876861699,47.583656870120755,0.021440864279590053,cutoff,S3_gaming,1
3464.0,0.9622222222222222,0.7470316386995054,3.8162749443198445,4.092934876861699,47.581829996851624,0.021441294306372382,cutoff,S3_gaming,1
3466.0,0.9627777777777777,0.7468826795984993,3.8161983117795026,4.092934876861699,47.58000312135631,0.02144172436692369,cutoff,S3_gaming,1
3468.0,0.9633333333333334,0.7467337175062045,3.8161216776041433,4.092934876861699,47.57817624364336,0.021442154460888957,cutoff,S3_gaming,1
3470.0,0.9638888888888889,0.7465847524224372,3.8160450417940095,4.092934876861699,47.57634936372092,0.021442584587930507,cutoff,S3_gaming,1
3472.0,0.9644444444444444,0.7464357843470132,3.8159684043493254,4.092934876861699,47.574522481596745,0.02144301474772718,cutoff,S3_gaming,1
3474.0,0.965,0.7462868132797487,3.815891765270301,4.092934876861699,47.57269559727815,0.021443444939973515,cutoff,S3_gaming,1
3476.0,0.9655555555555555,0.7461378392204596,3.815815124557132,4.092934876861699,47.57086871077215,0.02144387516437901,cutoff,S3_gaming,1
3478.0,0.9661111111111111,0.7459888621689621,3.8157384822099965,4.092934876861699,47.569041822085374,0.02144430542066738,cutoff,S3_gaming,1
3480.0,0.9666666666666667,0.745839882125072,3.815661838229061,4.092934876861699,47.567214931224136,0.021444735708575864,cutoff,S3_gaming,1
3482.0,0.9672222222222222,0.7456908990886054,3.815585192614478,4.092934876861699,47.56538803819444,0.02144516602785459,cutoff,S3_gaming,1
3484.0,0.9677777777777777,0.7455419130593783,3.815508545366388,4.092934876861699,47.56356114300198,0.021445596378265926,cutoff,S3_gaming,1
3486.0,0.9683333333333334,0.7453929240372067,3.815431896484919,4.092934876861699,47.56173424565214,0.02144602675958391,cutoff,S3_gaming,1
3488.0,0.9688888888888889,0.7452439320219064,3.8153552459701885,4.092934876861699,47.55990734615012,0.021446457171593658,cutoff,S3_gaming,1
3490.0,0.9694444444444444,0.7450949370132935,3.8152785938223013,4.092934876861699,47.55808044450074,0.02144688761409085,cutoff,S3_gaming,1
3492.0,0.97,0.744945939011184,3.815201940041354,4.092934876861699,47.55625354070869,0.021447318086881204,cutoff,S3_gaming,1
3494.0,0.9705555555555555,0.7447969380153937,3.8151252846274333,4.092934876861699,47.55442663477832,0.02144774858977999,cutoff,S3_gaming,1
3496.0,0.9711111111111111,0.7446479340257386,3.8150486275806146,4.092934876861699,47.552599726713865,0.021448179122611582,cutoff,S3_gaming,1
3498.0,0.9716666666666667,0.7444989270420346,3.8149719689009665,4.092934876861699,47.55077281651929,0.02144860968520899,cutoff,S3_gaming,1
3500.0,0.9722222222222222,0.7443499170640975,3.814895308588548,4.092934876861699,47.54894590419834,0.021449040277413466,cutoff,S3_gaming,1
3502.0,0.9727777777777777,0.7442009040917432,3.814818646643411,4.092934876861699,47.54711898975461,0.021449470899074088,cutoff,S3_gaming,1
3504.0,0.9733333333333334,0.7440518881247877,3.8147419830655993,4.092934876861699,47.5452920731915,0.02144990155004739,cutoff,S3_gaming,1
3506.0,0.9738888888888889,0.7439028691630468,3.8146653178551486,4.092934876861699,47.54346515451223,0.021450332230196996,cutoff,S3_gaming,1
3508.0,0.9744444444444444,0.7437538472063364,3.814588651012089,4.092934876861699,47.541638233719866,0.021450762939393273,cutoff,S3_gaming,1
3510.0,0.975,0.7436048222544722,3.8145119825364446,4.092934876861699,47.539811310817306,0.021451193677513015,cutoff,S3_gaming,1
3512.0,0.9755555555555555,0.7434557943072702,3.8144353124282304,4.092934876861699,47.537984385807306,0.02145162444443912,cutoff,S3_gaming,1
3514.0,0.9761111111111112,0.7433067633645459,3.8143586406874577,4.092934876861699,47.53615745869249,0.0214520552400603,cutoff,S3_gaming,1
3516.0,0.9766666666666667,0.7431577294261154,3.8142819673141326,4.092934876861699,47.53433052947532,0.021452486064270797,cutoff,S3_gaming,1
3518.0,0.9772222222222222,0.7430086924917942,3.8142052923082543,4.092934876861699,47.53250359815815,0.021452916916970113,cutoff,S3_gaming,1
3520.0,0.9777777777777777,0.7428596525613984,3.8141286156698166,4.092934876861699,47.530676664743204,0.021453347798062763,cutoff,S3_gaming,1
3522.0,0.9783333333333334,0.7427106096347434,3.814051937398811,4.092934876861699,47.5288497292326,0.02145377870745802,cutoff,S3_gaming,1
3524.0,0.9788888888888889,0.7425615637116452,3.813975257495221,4.092934876861699,47.52702279162835,0.02145420964506969,cutoff,S3_gaming,1
3526.0,0.9794444444444445,0.7424125147919193,3.813898575959028,4.092934876861699,47.52519585193232,0.021454640610815902,cutoff,S3_gaming,1
3528.0,0.98,0.7422634628753815,3.813821892790208,4.092934876861699,47.52336891014633,0.021455071604618875,cutoff,S3_gaming,1
3530.0,0.9805555555555555,0.7421144079618475,3.813745207988734,4.092934876861699,47.52154196627205,0.021455502626404742,cutoff,S3_gaming,1
3532.0,0.9811111111111112,0.7419653500511328,3.813668521554575,4.092934876861699,47.51971502031113,0.021455933676103354,cutoff,S3_gaming,1
3534.0,0.9816666666666667,0.7418162891430533,3.8135918334876946,4.092934876861699,47.517888072265066,0.02145636475364809,cutoff,S3_gaming,1
3536.0,0.9822222222222222,0.7416672252374245,3.813515143788056,4.092934876861699,47.5160611221353,0.0214567958589757,cutoff,S3_gaming,1
3538.0,0.9827777777777778,0.741518158334062,3.8134384524556166,4.092934876861699,47.51423416992319,0.02145722699202613,cutoff,S3_gaming,1
3540.0,0.9833333333333333,0.7413690884327814,3.8133617594903315,4.092934876861699,47.51240721563005,0.021457658152742375,cutoff,S3_gaming,1
3542.0,0.9838888888888889,0.7412200155333982,3.8132850648921535,4.092934876861699,47.51058025925706,0.021458089341070328,cutoff,S3_gaming,1
3544.0,0.9844444444444445,0.7410709396357282,3.813208368661031,4.092934876861699,47.5087533008054,0.021458520556958637,cutoff,S3_gaming,1
3546.0,0.985,0.7409218607395868,3.8131316707969116,4.092934876861699,47.50692634027615,0.021458951800358575,cutoff,S3_gaming,1
3548.0,0.9855555555555555,0.7407727788447894,3.8130549712997395,4.092934876861699,47.50509937767032,0.021459383071223914,cutoff,S3_gaming,1
3550.0,0.9861111111111112,0.7406236939511518,3.812978270169455,4.092934876861699,47.50327241298889,0.0214598143695108,cutoff,S3_gaming,1
3552.0,0.9866666666666667,0.7404746060584892,3.812901567405999,4.092934876861699,47.501445446232765,0.02146024569517764,cutoff,S3_gaming,1
3554.0,0.9872222222222222,0.7403255151666174,3.812824863009308,4.092934876861699,47.49961847740281,0.021460677048184988,cutoff,S3_gaming,1
3556.0,0.9877777777777778,0.7401764212753515,3.8127481569793176,4.092934876861699,47.497791506499844,0.021461108428495447,cutoff,S3_gaming,1
3558.0,0.9883333333333333,0.7400273243845072,3.812671449315959,4.092934876861699,47.49596453352462,0.02146153983607357,cutoff,S3_gaming,1
3560.0,0.9888888888888889,0.7398782244939,3.812594740019165,4.092934876861699,47.494137558477824,0.021461971270885758,cutoff,S3_gaming,1
3562.0,0.9894444444444445,0.739729121603345,3.812518029088865,4.092934876861699,47.492310581360194,0.02146240273290018,cutoff,S3_gaming,1
3564.0,0.99,0.7395800157126579,3.8124413165249855,4.092934876861699,47.49048360217231,0.02146283422208668,cutoff,S3_gaming,1
3566.0,0.9905555555555555,0.7394309068216538,3.8123646023274533,4.092934876861699,47.48865662091479,0.021463265738416698,cutoff,S3_gaming,1
3568.0,0.9911111111111112,0.7392817949301481,3.8122878864961924,4.092934876861699,47.48682963758818,0.021463697281863193,cutoff,S3_gaming,1
3570.0,0.9916666666666667,0.7391326800379563,3.8122111690311256,4.092934876861699,47.485002652192996,0.02146412885240057,cutoff,S3_gaming,1
3572.0,0.9922222222222222,0.7389835621448936,3.812134449932175,4.092934876861699,47.48317566472975,0.021464560450004604,cutoff,S3_gaming,1
3574.0,0.9927777777777778,0.7388344412507754,3.812057729199259,4.092934876861699,47.48134867519887,0.021464992074652387,cutoff,S3_gaming,1
3576.0,0.9933333333333333,0.7386853173554168,3.811981006832299,4.092934876861699,47.47952168360082,0.02146542372632225,cutoff,S3_gaming,1
3578.0,0.9938888888888889,0.7385361904586332,3.811904282831211,4.092934876861699,47.477694689935966,0.02146585540499371,cutoff,S3_gaming,1
3580.0,0.9944444444444445,0.7383870605602398,3.811827557195912,4.092934876861699,47.47586769420468,0.021466287110647415,cutoff,S3_gaming,1
3582.0,0.995,0.7382379276600519,3.811750829926316,4.092934876861699,47.4740406964073,0.02146671884326508,cutoff,S3_gaming,1
3584.0,0.9955555555555555,0.7380887917578847,3.8116741010223394,4.092934876861699,47.47221369654417,0.02146715060282944,cutoff,S3_gaming,1
3586.0,0.9961111111111111,0.7379396528535532,3.8115973704838937,4.092934876861699,47.47038669461555,0.021467582389324207,cutoff,S3_gaming,1
3588.0,0.9966666666666667,0.7377905109468728,3.811520638310892,4.092934876861699,47.46855969062174,0.021468014202734014,cutoff,S3_gaming,1
3590.0,0.9972222222222222,0.7376413660376585,3.811443904503246,4.092934876861699,47.466732684562984,0.021468446043044372,cutoff,S3_gaming,1
3592.0,0.9977777777777778,0.7374922181257255,3.811367169060866,4.092934876861699,47.464905676439514,0.02146887791024163,cutoff,S3_gaming,1
3594.0,0.9983333333333333,0.7373430672108889,3.8112904319836614,4.092934876861699,47.46307866625151,0.02146930980431293,cutoff,S3_gaming,1
3596.0,0.9988888888888889,0.7371939132929639,3.8112136932715415,4.092934876861699,47.461251653999206,0.02146974172524618,cutoff,S3_gaming,1
3598.0,0.9994444444444445,0.7370447563717655,3.811136952924414,4.092934876861699,47.459424639682766,0.021470173673029995,cutoff,S3_gaming,1
3600.0,1.0,0.7368731027524233,3.797932206841092,4.69404159768895,47.453476185302584,0.02162857826580591,cutoff,S3_gaming,1
3602.0,1.0005555555555556,0.7367135480078925,3.8047571455257034,4.370968125196539,47.449932923182814,0.02169428728297022,cutoff,S3_gaming,1
3604.0,1.001111111111111,0.7365543114586509,3.804800611548337,4.362297799468604,47.446526133677196,0.021754556952731204,cutoff,S3_gaming,1
3606.0,1.0016666666666667,0.7363953104178379,3.804801148827647,4.355843897622352,47.44323419342914,0.02181023326313304,cutoff,S3_gaming,1
3608.0,1.0022222222222221,0.7362364833649627,3.80477026521622,4.351039827931306,47.44004036488978,0.021861972291987223,cutoff,S3_gaming,1
3610.0,1.0027777777777778,0.7360777845307146,3.804716499169153,4.3474638383754955,47.436931577729816,0.021910287499654547,cutoff,S3_gaming,1
3612.0,1.0033333333333334,0.735919179867707,3.8046461809740735,4.344801990790916,47.433897520629095,0.021955584981944835,cutoff,S3_gaming,1
3614.0,1.0038888888888888,0.7357606440521264,3.80456399890277,4.342820600058937,47.43092996400355,0.02199818976369992,cutoff,S3_gaming,1
3616.0,1.0044444444444445,0.7356021582523484,3.80447342034919,4.341345718756374,47.42802225460964,0.022038365423620726,cutoff,S3_gaming,1
3618.0,1.005,0.7354437084682444,3.8043770051325674,4.340247866211925,47.42516893810296,0.022076328754045187,cutoff,S3_gaming,1
3620.0,1.0055555555555555,0.7352852842951721,3.8042766385920794,4.339430661324142,47.422365476876216,0.02211226072320433,cutoff,S3_gaming,1
3622.0,1.0061111111111112,0.7351268780040279,3.8041737050106796,4.33882236120953,47.41960803886422,0.022146314683162204,cutoff,S3_gaming,1
3624.0,1.0066666666666666,0.7349684838565287,3.8040692166411127,4.338369562853856,47.416893339222995,0.022178622525422673,cutoff,S3_gaming,1
3626.0,1.0072222222222222,0.7348100975955776,3.8039639096948727,4.338032514831052,47.41421852141631,0.02220929930672954,cutoff,S3_gaming,1
3628.0,1.0077777777777779,0.7346517160659441,3.8038583157463166,4.337781627502835,47.41158106768526,0.022238446734057046,cutoff,S3_gaming,1
3630.0,1.0083333333333333,0.7344933369319435,3.803752814841099,4.337594875327475,47.408978731437486,0.02226615579841886,cutoff,S3_gaming,1
3632.0,1.008888888888889,0.73434407967668,3.8089709884980456,4.093339659752194,47.408079881245136,0.0222284507733531,cutoff,S3_gaming,1
3634.0,1.0094444444444444,0.7341948247645661,3.8089335720246162,4.093236183770605,47.40713670409558,0.022192568190247154,cutoff,S3_gaming,1
3636.0,1.01,0.7340455711374491,3.8088938066470672,4.093159159694513,47.406151171168524,0.022158426598835265,cutoff,S3_gaming,1
3638.0,1.0105555555555557,0.7338963179926149,3.808851918345094,4.0931018255363165,47.40512520370031,0.02212594672729293,cutoff,S3_gaming,1
3640.0,1.011111111111111,0.733747064718218,3.808808093471067,4.093059147897546,47.40406066373989,0.02209505182946965,cutoff,S3_gaming,1
3642.0,1.0116666666666667,0.7335978108451818,3.808762488000395,4.093027380083937,47.402959348334434,0.022065667899510463,cutoff,S3_gaming,1
3644.0,1.0122222222222221,0.7334485560113614,3.8087152344597945,4.0930037331810025,47.40182298621638,0.022037723789893236,cutoff,S3_gaming,1
3646.0,1.0127777777777778,0.7332992999348358,3.8086664471250353,4.092986131213637,47.400653236303505,0.022011151259595404,cutoff,S3_gaming,1
3648.0,1.0133333333333334,0.733150042393997,3.80861622592859,4.092973028895081,47.39945168750126,0.021985884972176652,cutoff,S3_gaming,1
3650.0,1.0138888888888888,0.7330007832126996,3.80856465940511,4.092963275965309,47.398219859430554,0.021961862458412435,cutoff,S3_gaming,1
3652.0,1.0144444444444445,0.7328515222491795,3.8085118269189207,4.092956016209051,47.396959203801636,0.021939024054283187,cutoff,S3_gaming,1
3654.0,1.015,0.732702259387779,3.808457800355367,4.0929506122881625,47.395671106228725,0.021917312822277477,cutoff,S3_gaming,1
3656.0,1.0155555555555555,0.7325529945327619,3.808402645411472,4.092946589789343,47.394356888334464,0.021896674461852516,cutoff,S3_gaming,1
3658.0,1.0161111111111112,0.7324037276036865,3.808346422586784,4.092943595575127,47.393017810033435,0.021877057213325182,cutoff,S3_gaming,1
3660.0,1.0166666666666666,0.7322544585319385,3.8082891879496015,4.092941366781738,47.39165507191427,0.021858411758301475,cutoff,S3_gaming,1
3662.0,1.0172222222222222,0.7321051872581286,3.8082309937346075,4.092939707742134,47.39026981766225,0.021840691118888658,cutoff,S3_gaming,1
3664.0,1.0177777777777777,0.7319559137301352,3.8081718888136784,4.09293847280828,47.38886313648028,0.021823850557294678,cutoff,S3_gaming,1
3666.0,1.0183333333333333,0.7318066379016283,3.80811191907104,4.092937553564629,47.38743606547902,0.021807847476946498,cutoff,S3_gaming,1
3668.0,1.018888888888889,0.7316573597309508,3.808051127706013,4.092936869310256,47.38598959201534,0.021792641325910123,cutoff,S3_gaming,1
3670.0,1.0194444444444444,0.7315080791802703,3.8079895554807313,4.092936359974078,47.38452465596545,0.021778193503138137,cutoff,S3_gaming,1
3672.0,1.02,0.7313587962149292,3.8079272409258036,4.092935980841182,47.38304215192321,0.0217644672678821,cutoff,S3_gaming,1
3674.0,1.0205555555555557,0.7312095108029459,3.807864220513644,4.092935698627277,47.38154293131871,0.02175142765246963,cutoff,S3_gaming,1
3676.0,1.021111111111111,0.7310602229146284,3.807800528806755,4.092935488556639,47.38002780445362,0.021739041378545793,cutoff,S3_gaming,1
3678.0,1.0216666666666667,0.7309109325222714,3.807736198586427,4.09293533218705,47.37849754245285,0.02172727677680662,cutoff,S3_gaming,1
3680.0,1.0222222222222221,0.7307616395999182,3.8076712609659764,4.092935215790733,47.37695287913231,0.02171610371020103,cutoff,S3_gaming,1
3682.0,1.0227777777777778,0.7306123441231701,3.8076057454916272,4.092935129149189,47.375394512784446,0.021705493500541396,cutoff,S3_gaming,1
3684.0,1.0233333333333334,0.7304630460690311,3.807539680233389,4.092935064656109,47.37382310788321,0.021695418858438162,cutoff,S3_gaming,1
3686.0,1.0238888888888888,0.7303137454157821,3.807473091867726,4.092935016649606,47.37223929671093,0.021685853816457455,cutoff,S3_gaming,1
3688.0,1.0244444444444445,0.7301644421428747,3.8074060057533847,4.092934980915164,47.37064368090964,0.021676773665390024,cutoff,S3_gaming,1
3690.0,1.025,0.7300151362308425,3.8073384460014323,4.092934954315634,47.36903683295971,0.021668154893513997,cutoff,S3_gaming,1
3692.0,1.0255555555555556,0.7298658276612237,3.8072704355403384,4.09293493451583,47.36741929758868,0.021659975128731006,cutoff,S3_gaming,1
3694.0,1.0261111111111112,0.7297165164164949,3.8072019961767243,4.092934919777515,47.36579159311321,0.021652213083454778,cutoff,S3_gaming,1
3696.0,1.0266666666666666,0.7295672024800122,3.807133148652301,4.092934908806804,47.3641542127169,0.021644848502132465,cutoff,S3_gaming,1
3698.0,1.0272222222222223,0.7294178858359581,3.8070639126973993,4.0929349006405715,47.36250762566698,0.021637862111281245,cutoff,S3_gaming,1
3700.0,1.0277777777777777,0.7292685664692946,3.8069943070814176,4.0929348945619,47.36085227847262,0.02163123557192581,cutoff,S3_gaming,1
3702.0,1.0283333333333333,0.7291192443657195,3.806924349660471,4.09293489003714,47.359188595987476,0.021624951434325988,cutoff,S3_gaming,1
3704.0,1.028888888888889,0.7289699195116266,3.806854057422459,4.092934886669058,47.35751698245907,0.021618993094887635,cutoff,S3_gaming,1
3706.0,1.0294444444444444,0.7288205918940692,3.8067834465297463,4.092934884161971,47.3558378225275,0.02161334475515409,cutoff,S3_gaming,1
3708.0,1.03,0.7286712615007256,3.806712532359632,4.092934882295778,47.354151482176,0.02160799138277957,cutoff,S3_gaming,1
3710.0,1.0305555555555554,0.728521928319867,3.8066413295427424,4.092934880906647,47.352458309635416,0.02160291867439017,cutoff,S3_gaming,1
3712.0,1.031111111111111,0.7283725923403278,3.80656985199948,4.092934879872623,47.350758636245025,0.02159811302024224,cutoff,S3_gaming,1
3714.0,1.0316666666666667,0.7282232535514773,3.806498112974641,4.0929348791029305,47.34905277727162,0.021593561470591854,cutoff,S3_gaming,1
3716.0,1.0322222222222222,0.7280739119431929,3.8064261250703204,4.092934878529998,47.34734103268897,0.021589251703693198,cutoff,S3_gaming,1
3718.0,1.0327777777777778,0.7279245675058351,3.80635390027717,4.092934878103525,47.3456236879194,0.021585171995347357,cutoff,S3_gaming,1
3720.0,1.0333333333333334,0.7277752202302236,3.8062814500041275,4.092934877786073,47.343901014539604,0.021581311189926743,cutoff,S3_gaming,1
3722.0,1.0338888888888889,0.7276258701076147,3.8062087851066853,4.092934877549772,47.3421732709522,0.021577658672803847,cutoff,S3_gaming,1
3724.0,1.0344444444444445,0.7274765171296802,3.8061359159137647,4.092934877373878,47.34044070302469,0.0215742043441165,cutoff,S3_gaming,1
3726.0,1.035,0.7273271612884867,3.806062852253288,4.092934877242948,47.33870354469739,0.021570938593804923,cutoff,S3_gaming,1
3728.0,1.0355555555555556,0.7271778025764768,3.8059896034764944,4.092934877145487,47.33696201856205,0.021567852277859074,cutoff,S3_gaming,1
3730.0,1.0361111111111112,0.7270284409864505,3.8059161784810764,4.092934877072942,47.33521633641229,0.021564936695717612,cutoff,S3_gaming,1
3732.0,1.0366666666666666,0.7268790765115477,3.8058425857331843,4.0929348770189415,47.33346669976739,0.021562183568762775,cutoff,S3_gaming,1
3734.0,1.0372222222222223,0.7267297091452319,3.805768833288367,4.092934876978745,47.331713300370666,0.02155958501985802,cutoff,S3_gaming,1
3736.0,1.0377777777777777,0.7265803388812747,3.805694928811487,4.092934876948824,47.329956320663676,0.02155713355387792,cutoff,S3_gaming,1
3738.0,1.0383333333333333,0.7264309657137402,3.8056208795956783,4.092934876926552,47.328195934237385,0.02155482203918219,cutoff,S3_gaming,1
3740.0,1.038888888888889,0.7262815896369713,3.805546692580372,4.092934876909974,47.32643230626161,0.02155264368998814,cutoff,S3_gaming,1
3742.0,1.0394444444444444,0.7261322106455761,3.805472374368455,4.092934876897633,47.324665593893435,0.02155059204959792,cutoff,S3_gaming,1
3744.0,1.04,0.7259828287344148,3.805397931242592,4.092934876888447,47.3228959466659,0.02154866097443918,cutoff,S3_gaming,1
3746.0,1.0405555555555555,0.7258334438985878,3.8053233691807575,4.09293487688161,47.321123506857894,0.021546844618879662,cutoff,S3_gaming,1
3748.0,1.041111111111111,0.725684056133424,3.8052486938710124,4.0929348768765195,47.31934840984598,0.02154513742077823,cutoff,S3_gaming,1
3750.0,1.0416666666666667,0.7255346654344693,3.805173910725566,4.0929348768727305,47.31757078443932,0.021543534087736595,cutoff,S3_gaming,1
3752.0,1.0422222222222222,0.7253852717974767,3.80509902489415,4.0929348768699105,47.31579075319818,0.021542029584017786,cutoff,S3_gaming,1
3754.0,1.0427777777777778,0.7252358752183957,3.805024041276755,4.092934876867812,47.314008432737126,0.021540619118099028,cutoff,S3_gaming,1
3756.0,1.0433333333333332,0.7250864756933633,3.804948964535735,4.092934876866249,47.31222393401342,0.021539298130828232,cutoff,S3_gaming,1
3758.0,1.0438888888888889,0.7249370732186944,3.804873799107337,4.092934876865086,47.31043736260146,0.02153806228415488,cutoff,S3_gaming,1
3760.0,1.0444444444444445,0.7247876677908737,3.8047985492126637,4.09293487686422,47.30864881895394,0.021536907450407407,cutoff,S3_gaming,1
3762.0,1.045,0.7246382594065469,3.8047232188681095,4.092934876863575,47.3068583986503,0.02153582970209059,cutoff,S3_gaming,1
3764.0,1.0455555555555556,0.7244888480625133,3.8046478118952853,4.0929348768630955,47.30506619263309,0.021534825302177728,cutoff,S3_gaming,1
3766.0,1.0461111111111112,0.7243394337557184,3.804572331930468,4.0929348768627385,47.30327228743301,0.02153389069487361,cutoff,S3_gaming,1
3768.0,1.0466666666666666,0.7241900164832463,3.804496782433585,4.092934876862473,47.30147676538282,0.02153302249682547,cutoff,S3_gaming,1
3770.0,1.0472222222222223,0.7240405962423138,3.804421166696769,4.092934876862275,47.29967970482111,0.02153221748876014,cutoff,S3_gaming,1
3772.0,1.0477777777777777,0.7238911730302631,3.804345487852493,4.092934876862127,47.29788118028592,0.021531472607526813,cutoff,S3_gaming,1
3774.0,1.0483333333333333,0.7237417468445563,3.8042697488813184,4.092934876862018,47.29608126269928,0.021530784938525678,cutoff,S3_gaming,1
3776.0,1.048888888888889,0.7235923176827694,3.8041939526192534,4.0929348768619365,47.294280019542526,0.021530151708503743,cutoff,S3_gaming,1
3778.0,1.0494444444444444,0.723442885542587,3.8041181017647707,4.092934876861876,47.292477515023215,0.021529570278700044,cutoff,S3_gaming,1
3780.0,1.05,0.7232934504217964,3.8040421988854742,4.092934876861831,47.290673810234,0.021529038138323273,cutoff,S3_gaming,1
3782.0,1.0505555555555555,0.7231440123182833,3.8039662464244457,4.092934876861797,47.28886896330368,0.021528552898345737,cutoff,S3_gaming,1
3784.0,1.051111111111111,0.722994571230027,3.8038902467062847,4.092934876861772,47.287063029541045,0.021528112285598273,cutoff,S3_gaming,1
3786.0,1.0516666666666667,0.7228451271550952,3.8038142019428527,4.0929348768617535,47.28525606157163,0.02152771413715154,cutoff,S3_gaming,1
3788.0,1.0522222222222222,0.7226956800916405,3.8037381142387408,4.092934876861739,47.283448109467926,0.021527356394969808,cutoff,S3_gaming,1
3790.0,1.0527777777777778,0.722546230037896,3.803661985596474,4.092934876861729,47.28163922087322,0.021527037100824004,cutoff,S3_gaming,1
3792.0,1.0533333333333332,0.722396776992171,3.803585817921459,4.0929348768617215,47.27982944111942,0.02152675439145148,cutoff,S3_gaming,1
3794.0,1.0538888888888889,0.7222473209528478,3.803509613026693,4.092934876861715,47.27801881333923,0.021526506493950485,cutoff,S3_gaming,1
3796.0,1.0544444444444445,0.7220978619183782,3.803433372637247,4.092934876861712,47.27620737857285,0.021526291721398017,cutoff,S3_gaming,1
3798.0,1.055,0.7219483998872799,3.8033570983945295,4.092934876861708,47.2743951758694,0.021526108468680173,cutoff,S3_gaming,1
3800.0,1.0555555555555556,0.7217989348581331,3.803280791860345,4.0929348768617055,47.272582242383606,0.021525955208524718,cutoff,S3_gaming,1
3802.0,1.056111111111111,0.721649466829578,3.803204454520748,4.092934876861704,47.27076861346767,0.021525830487726078,cutoff,S3_gaming,1
3804.0,1.0566666666666666,0.7214999958003114,3.803128087789728,4.092934876861703,47.26895432275873,0.02152573292355337,cutoff,S3_gaming,1
3806.0,1.0572222222222223,0.7213505217690844,3.803051693012692,4.092934876861702,47.267139402262025,0.02152566120033267,cutoff,S3_gaming,1
3808.0,1.0577777777777777,0.7212010447346994,3.8029752714698004,4.092934876861701,47.26532388243012,0.021525614066194985,cutoff,S3_gaming,1
3810.0,1.0583333333333333,0.7210515646960077,3.802898824379125,4.0929348768617,47.263507792238165,0.021525590329981994,cutoff,S3_gaming,1
3812.0,1.058888888888889,0.7209020816519074,3.80282235289966,4.0929348768617,47.26169115925565,0.021525588858301782,cutoff,S3_gaming,1
3814.0,1.0594444444444444,0.7207525956013406,3.8027458581341937,4.0929348768617,47.259874009714515,0.021525608572727423,cutoff,S3_gaming,1
3816.0,1.06,0.720603106543292,3.8026693411320243,4.092934876861699,47.258056368574124,0.021525648447131368,cutoff,S3_gaming,1
3818.0,1.0605555555555555,0.7204536144767859,3.8025928028915637,4.092934876861699,47.25623825958294,0.02152570750514915,cutoff,S3_gaming,1
3820.0,1.0611111111111111,0.7203041194008852,3.8025162443627973,4.092934876861699,47.25441970533726,0.021525784817766055,cutoff,S3_gaming,1
3822.0,1.0616666666666668,0.720154621314689,3.8024396664496365,4.092934876861699,47.25260072733716,0.021525879501020855,cutoff,S3_gaming,1
3824.0,1.0622222222222222,0.7200051202173309,3.8023630700121536,4.092934876861699,47.250781346039695,0.021525990713820883,cutoff,S3_gaming,1
3826.0,1.0627777777777778,0.7198556161079774,3.802286455868704,4.092934876861699,47.24896158090938,0.021526117655863087,cutoff,S3_gaming,1
3828.0,1.0633333333333332,0.7197061089858265,3.8022098247979548,4.092934876861699,47.24714145046649,0.021526259565655893,cutoff,S3_gaming,1
3830.0,1.0638888888888889,0.7195565988501058,3.8021331775408043,4.092934876861699,47.245320972332784,0.02152641571863699,cutoff,S3_gaming,1
3832.0,1.0644444444444445,0.7194070857000712,3.8020565148022167,4.092934876861699,47.243500163275094,0.021526585425382428,cutoff,S3_gaming,1
3834.0,1.065,0.7192575695350056,3.8019798372529627,4.092934876861699,47.24167903924686,0.021526768029902537,cutoff,S3_gaming,1
3836.0,1.0655555555555556,0.7191080503542178,3.801903145531281,4.092934876861699,47.23985761542749,0.0215269629080205,cutoff,S3_gaming,1
3838.0,1.066111111111111,0.7189585281570405,3.801826440244451,4.092934876861699,47.23803590626002,0.02152716946582955,cutoff,S3_gaming,1
3840.0,1.0666666666666667,0.7188090029428301,3.8017497219702987,4.092934876861699,47.236213925486794,0.021527387138225017,cutoff,S3_gaming,1
3842.0,1.0672222222222223,0.7186594747109649,3.801672991258623,4.092934876861699,47.2343916861834,0.021527615387507516,cutoff,S3_gaming,1
3844.0,1.0677777777777777,0.7185099434608442,3.801596248632556,4.092934876861699,47.23256920079113,0.02152785370205392,cutoff,S3_gaming,1
3846.0,1.0683333333333334,0.7183604091918874,3.8015194945898525,4.092934876861699,47.230746481147655,0.02152810159505276,cutoff,S3_gaming,1
3848.0,1.068888888888889,0.7182108719035329,3.801442729604127,4.092934876861699,47.22892353851637,0.021528358603300962,cutoff,S3_gaming,1
3850.0,1.0694444444444444,0.7180613315952373,3.801365954126018,4.092934876861699,47.22710038361421,0.021528624286058933,cutoff,S3_gaming,1
3852.0,1.07,0.7179117882664743,3.8012891685843075,4.092934876861699,47.22527702663819,0.021528898223961188,cutoff,S3_gaming,1
3854.0,1.0705555555555555,0.717762241916734,3.801212373386977,4.092934876861699,47.22345347729061,0.021529180017979772,cutoff,S3_gaming,1
3856.0,1.0711111111111111,0.7176126925455222,3.8011355689222186,4.092934876861699,47.221629744803096,0.021529469288437995,cutoff,S3_gaming,1
3858.0,1.0716666666666668,0.7174631401523595,3.801058755559393,4.092934876861699,47.219805837959385,0.021529765674071957,cutoff,S3_gaming,1
3860.0,1.0722222222222222,0.7173135847367805,3.8009819336499446,4.092934876861699,47.21798176511705,0.021530068831137623,cutoff,S3_gaming,1
3862.0,1.0727777777777778,0.7171640262983336,3.8009051035282693,4.092934876861699,47.216157534228245,0.02153037843256116,cutoff,S3_gaming,1
3864.0,1.0733333333333333,0.7170144648365797,3.8008282655125405,4.092934876861699,47.21433315285927,0.021530694167130524,cutoff,S3_gaming,1
3866.0,1.073888888888889,0.7168649003510918,3.8007514199054975,4.092934876861699,47.2125086282094,0.021531015738726216,cutoff,S3_gaming,1
3868.0,1.0744444444444445,0.7167153328414547,3.800674566995192,4.092934876861699,47.21068396712859,0.02153134286558936,cutoff,S3_gaming,1
3870.0,1.075,0.7165657623072642,3.800597707055703,4.092934876861699,47.208859176134524,0.02153167527962527,cutoff,S3_gaming,1
3872.0,1.0755555555555556,0.7164161887481264,3.8005208403478106,4.092934876861699,47.20703426142862,0.021532012725740804,cutoff,S3_gaming,1
3874.0,1.076111111111111,0.7162666121636575,3.8004439671196466,4.092934876861699,47.20520922891146,0.021532354961213834,cutoff,S3_gaming,1
3876.0,1.0766666666666667,0.7161170325534831,3.800367087607301,4.092934876861699,47.20338408419739,0.02153270175509331,cutoff,S3_gaming,1
3878.0,1.0772222222222223,0.715967449917238,3.8002902020354123,4.092934876861699,47.2015588326283,0.021533052887628405,cutoff,S3_gaming,1
3880.0,1.0777777777777777,0.7158178642545655,3.800213310617718,4.092934876861699,47.199733479286984,0.021533408149725364,cutoff,S3_gaming,1
3882.0,1.0783333333333334,0.715668275565117,3.8001364135575852,4.092934876861699,47.197908029009604,0.021533767342430676,cutoff,S3_gaming,1
3884.0,1.0788888888888888,0.7155186838485518,3.8000595110485156,4.092934876861699,47.19608248639773,0.021534130276439307,cutoff,S3_gaming,1
3886.0,1.0794444444444444,0.7153690891045363,3.799982603274619,4.092934876861699,47.19425685582963,0.021534496771626804,cutoff,S3_gaming,1
3888.0,1.08,0.7152194913327445,3.7999056904110753,4.092934876861699,47.19243114147119,0.021534866656604066,cutoff,S3_gaming,1
3890.0,1.0805555555555555,0.7150698905328566,3.7998287726245596,4.092934876861699,47.190605347286215,0.021535239768293725,cutoff,S3_gaming,1
3892.0,1.0811111111111111,0.7149202867045593,3.7997518500736622,4.092934876861699,47.18877947704613,0.021535615951527056,cutoff,S3_gaming,1
3894.0,1.0816666666666668,0.7147706798475454,3.799674922909276,4.092934876861699,47.186953534339445,0.02153599505866045,cutoff,S3_gaming,1
3896.0,1.0822222222222222,0.7146210699615134,3.7995979912749713,4.092934876861699,47.185127522580544,0.02153637694921047,cutoff,S3_gaming,1
3898.0,1.0827777777777778,0.7144714570461675,3.7995210553073506,4.092934876861699,47.183301445018145,0.021536761489506617,cutoff,S3_gaming,1
3900.0,1.0833333333333333,0.7143218411012169,3.799444115136388,4.092934876861699,47.181475304743394,0.021537148552360937,cutoff,S3_gaming,1
3902.0,1.083888888888889,0.7141722221263758,3.7993671708857475,4.092934876861699,47.17964910469744,0.021537538016753635,cutoff,S3_gaming,1
3904.0,1.0844444444444445,0.7140226001213631,3.7992902226730907,4.092934876861699,47.17782284767872,0.02153792976753396,cutoff,S3_gaming,1
3906.0,1.085,0.7138729750859024,3.79921327061037,4.092934876861699,47.17599653634993,0.021538323695135576,cutoff,S3_gaming,1
3908.0,1.0855555555555556,0.7137233470197213,3.7991363148041026,4.092934876861699,47.174170173244555,0.021538719695305738,cutoff,S3_gaming,1
3910.0,1.086111111111111,0.7135737159225516,3.7990593553556335,4.092934876861699,47.172343760773174,0.021539117668847613,cutoff,S3_gaming,1
3912.0,1.0866666666666667,0.713424081794129,3.79898239236139,4.092934876861699,47.17051730122944,0.021539517521375087,cutoff,S3_gaming,1
3914.0,1.0872222222222223,0.7132744446341929,3.798905425913117,4.092934876861699,47.168690796795666,0.021539919163079468,cutoff,S3_gaming,1
3916.0,1.0877777777777777,0.7131248044424859,3.7988284560981045,4.092934876861699,47.16686424954835,0.021540322508507504,cutoff,S3_gaming,1
3918.0,1.0883333333333334,0.7129751612187545,3.7987514829994042,4.092934876861699,47.16503766146315,0.021540727476350156,cutoff,S3_gaming,1
3920.0,1.0888888888888888,0.7128255149627478,3.798674506696037,4.092934876861699,47.163211034419994,0.02154113398924163,cutoff,S3_gaming,1
3922.0,1.0894444444444444,0.7126758656742183,3.7985975272631833,4.092934876861699,47.16138437020748,0.021541541973568147,cutoff,S3_gaming,1
3924.0,1.09,0.712526213352921,3.798520544772374,4.092934876861699,47.15955767052751,0.02154195135928598,cutoff,S3_gaming,1
3926.0,1.0905555555555555,0.7123765579986141,3.7984435592916674,4.092934876861699,47.15773093699937,0.02154236207974833,cutoff,S3_gaming,1
3928.0,1.0911111111111111,0.712226899611058,3.798366570885814,4.092934876861699,47.15590417116381,0.021542774071540583,cutoff,S3_gaming,1
3930.0,1.0916666666666666,0.7120772381900158,3.798289579616419,4.092934876861699,47.15407737448676,0.02154318727432358,cutoff,S3_gaming,1
3932.0,1.0922222222222222,0.7119275737352527,3.798212585542095,4.092934876861699,47.15225054836313,0.02154360163068445,cutoff,S3_gaming,1
3934.0,1.0927777777777778,0.7117779062465365,3.7981355887186097,4.092934876861699,47.15042369412003,0.021544017085994713,cutoff,S3_gaming,1
3936.0,1.0933333333333333,0.7116282357236366,3.7980585891990164,4.092934876861699,47.14859681302029,0.02154443358827524,cutoff,S3_gaming,1
3938.0,1.093888888888889,0.711478562166325,3.7979815870337936,4.092934876861699,47.14676990626538,0.02154485108806778,cutoff,S3_gaming,1
3940.0,1.0944444444444446,0.7113288855743752,3.797904582270967,4.092934876861699,47.14494297499851,0.021545269538312702,cutoff,S3_gaming,1
3942.0,1.095,0.7111792059475628,3.7978275749562247,4.092934876861699,47.143116020307446,0.021545688894232688,cutoff,S3_gaming,1
3944.0,1.0955555555555556,0.7110295232856649,3.7977505651330374,4.092934876861699,47.141289043227125,0.021546109113222026,cutoff,S3_gaming,1
3946.0,1.096111111111111,0.7108798375884605,3.7976735528427614,4.092934876861699,47.13946204474229,0.02154653015474132,cutoff,S3_gaming,1
3948.0,1.0966666666666667,0.7107301488557299,3.797596538124741,4.092934876861699,47.13763502578991,0.021546951980217277,cutoff,S3_gaming,1
3950.0,1.0972222222222223,0.710580457087255,3.79751952101641,4.092934876861699,47.13580798726148,0.021547374552947345,cutoff,S3_gaming,1
3952.0,1.0977777777777777,0.7104307622828193,3.797442501553377,4.092934876861699,47.13398093000524,0.021547797838009017,cutoff,S3_gaming,1
3954.0,1.0983333333333334,0.7102810644422074,3.7973654797695238,4.092934876861699,47.13215385482826,0.021548221802173483,cutoff,S3_gaming,1
3956.0,1.0988888888888888,0.7101313635652052,3.79728845569708,4.092934876861699,47.13032676249846,0.02154864641382352,cutoff,S3_gaming,1
3958.0,1.0994444444444444,0.7099816596516001,3.7972114293667087,4.092934876861699,47.12849965374651,0.021549071642875298,cutoff,S3_gaming,1
3960.0,1.1,0.7098319527011804,3.797134400807581,4.092934876861699,47.1266725292676,0.021549497460704066,cutoff,S3_gaming,1
3962.0,1.1005555555555555,0.7096822427137355,3.7970573700474475,4.092934876861699,47.12484538972319,0.021549923840073357,cutoff,S3_gaming,1
3964.0,1.1011111111111112,0.7095325296890559,3.796980337112707,4.092934876861699,47.123018235742634,0.021550350755067674,cutoff,S3_gaming,1
3966.0,1.1016666666666666,0.7093828136269332,3.7969033020284737,4.092934876861699,47.12119106792477,0.021550778181028435,cutoff,S3_gaming,1
3968.0,1.1022222222222222,0.7092330945271599,3.7968262648186397,4.092934876861699,47.119363886839366,0.02155120609449301,cutoff,S3_gaming,1
3970.0,1.1027777777777779,0.7090833723895292,3.796749225505932,4.092934876861699,47.11753669302853,0.02155163447313673,cutoff,S3_gaming,1
3972.0,1.1033333333333333,0.7089336472138354,3.7966721841119684,4.092934876861699,47.115709487008075,0.0215520632957177,cutoff,S3_gaming,1
3974.0,1.103888888888889,0.7087839189998737,3.7965951406573173,4.092934876861699,47.11388226926877,0.021552492542024283,cutoff,S3_gaming,1
3976.0,1.1044444444444443,0.7086341877474397,3.7965180951615403,4.092934876861699,47.112055040277575,0.021552922192825143,cutoff,S3_gaming,1
3978.0,1.105,0.7084844534563299,3.796441047643248,4.092934876861699,47.11022780047879,0.02155335222982171,cutoff,S3_gaming,1
3980.0,1.1055555555555556,0.7083347161263417,3.796363998120142,4.092934876861699,47.10840055029513,0.021553782635602935,cutoff,S3_gaming,1
3982.0,1.106111111111111,0.7081849757572729,3.7962869466090603,4.092934876861699,47.10657329012883,0.021554213393602258,cutoff,S3_gaming,1
3984.0,1.1066666666666667,0.7080352323489222,3.7962098931260186,4.092934876861699,47.10474602036258,0.021554644488056645,cutoff,S3_gaming,1
3986.0,1.1072222222222223,0.7078854859010886,3.7961328376862515,4.092934876861699,47.1029187413605,0.021555075903967633,cutoff,S3_gaming,1
3988.0,1.1077777777777778,0.7077357364135718,3.7960557803042496,4.092934876861699,47.10109145346904,0.021555507627064242,cutoff,S3_gaming,1
3990.0,1.1083333333333334,0.7075859838861721,3.7959787209937943,4.092934876861699,47.09926415701781,0.021555939643767702,cutoff,S3_gaming,1
3992.0,1.1088888888888888,0.7074362283186902,3.7959016597679947,4.092934876861699,47.09743685232047,0.02155637194115788,cutoff,S3_gaming,1
3994.0,1.1094444444444445,0.7072864697109275,3.795824596639318,4.092934876861699,47.095609539675415,0.02155680450694134,cutoff,S3_gaming,1
3996.0,1.11,0.7071367080626855,3.7957475316196225,4.092934876861699,47.09378221936657,0.021557237329420956,cutoff,S3_gaming,1
3998.0,1.1105555555555555,0.7069869433737664,3.7956704647201858,4.092934876861699,47.09195489166408,0.021557670397466987,cutoff,S3_gaming,1
4000.0,1.1111111111111112,0.7068371756439729,3.7955933959517316,4.092934876861699,47.09012755682494,0.02155810370048957,cutoff,S3_gaming,1
4002.0,1.1116666666666666,0.7066874048731078,3.7955163253244617,4.092934876861699,47.08830021509374,0.021558537228412528,cutoff,S3_gaming,1
4004.0,1.1122222222222222,0.7065376310609746,3.795439252848075,4.092934876861699,47.08647286670314,0.021558970971648463,cutoff,S3_gaming,1
4006.0,1.1127777777777779,0.7063878542073768,3.795362178531796,4.092934876861699,47.08464551187451,0.02155940492107506,cutoff,S3_gaming,1
4008.0,1.1133333333333333,0.7062380743121186,3.7952851023843963,4.092934876861699,47.0828181508185,0.021559839068012527,cutoff,S3_gaming,1
4010.0,1.113888888888889,0.7060882913750043,3.7952080244142175,4.092934876861699,47.0809907837355,0.021560273404202128,cutoff,S3_gaming,1
4012.0,1.1144444444444443,0.7059385053958386,3.79513094462919,4.092934876861699,47.07916341081619,0.021560707921785775,cutoff,S3_gaming,1
4014.0,1.115,0.7057887163744264,3.7950538630368555,4.092934876861699,47.07733603224198,0.02156114261328659,cutoff,S3_gaming,1
4016.0,1.1155555555555556,0.705638924310573,3.7949767796443847,4.092934876861699,47.0755086481855,0.021561577471590432,cutoff,S3_gaming,1
4018.0,1.116111111111111,0.7054891292040837,3.7948996944585947,4.092934876861699,47.07368125881093,0.021562012489928287,cutoff,S3_gaming,1
4020.0,1.1166666666666667,0.7053393310547644,3.7948226074859663,4.092934876861699,47.07185386427455,0.02156244766185955,cutoff,S3_gaming,1
4022.0,1.1172222222222221,0.7051895298624211,3.794745518732663,4.092934876861699,47.07002646472502,0.021562882981256075,cutoff,S3_gaming,1
4024.0,1.1177777777777778,0.7050397256268599,3.7946684282045413,4.092934876861699,47.068199060303755,0.02156331844228705,cutoff,S3_gaming,1
4026.0,1.1183333333333334,0.7048899183478872,3.7945913359071697,4.092934876861699,47.06637165114535,0.021563754039404557,cutoff,S3_gaming,1
4028.0,1.1188888888888888,0.7047401080253095,3.794514241845841,4.092934876861699,47.06454423737782,0.021564189767329867,cutoff,S3_gaming,1
4030.0,1.1194444444444445,0.7045902946589337,3.794437146025587,4.092934876861699,47.06271681912298,0.021564625621040376,cutoff,S3_gaming,1
4032.0,1.12,0.7044404782485668,3.79436004845119,4.092934876861699,47.060889396496734,0.02156506159575719,cutoff,S3_gaming,1
4034.0,1.1205555555555555,0.7042906587940159,3.794282949127194,4.092934876861699,47.059061969609346,0.0215654976869333,cutoff,S3_gaming,1
4036.0,1.1211111111111112,0.7041408362950881,3.7942058480579175,4.092934876861699,47.057234538565716,0.021565933890242348,cutoff,S3_gaming,1
4038.0,1.1216666666666666,0.703991010751591,3.7941287452474657,4.092934876861699,47.05540710346564,0.02156637020156791,cutoff,S3_gaming,1
4040.0,1.1222222222222222,0.7038411821633321,3.7940516406997378,4.092934876861699,47.05357966440409,0.02156680661699333,cutoff,S3_gaming,1
4042.0,1.1227777777777779,0.7036913505301193,3.79397453441844,4.092934876861699,47.051752221471396,0.021567243132792027,cutoff,S3_gaming,1
4044.0,1.1233333333333333,0.7035415158517603,3.7938974264070926,4.092934876861699,47.049924774753535,0.02156767974541828,cutoff,S3_gaming,1
4046.0,1.123888888888889,0.703391678128063,3.79382031666904,4.092934876861699,47.04809732433226,0.021568116451498448,cutoff,S3_gaming,1
4048.0,1.1244444444444444,0.7032418373588356,3.793743205207459,4.092934876861699,47.046269870285364,0.021568553247822638,cutoff,S3_gaming,1
4050.0,1.125,0.7030919935438862,3.7936660920253678,4.092934876861699,47.04444241268688,0.021568990131336757,cutoff,S3_gaming,1
4052.0,1.1255555555555556,0.702942146683023,3.793588977125632,4.092934876861699,47.04261495160719,0.021569427099134956,cutoff,S3_gaming,1
4054.0,1.126111111111111,0.7027922967760546,3.793511860510973,4.092934876861699,47.040787487113334,0.02156986414845244,cutoff,S3_gaming,1
4056.0,1.1266666666666667,0.7026424438227893,3.793434742183977,4.092934876861699,47.03896001926899,0.021570301276658634,cutoff,S3_gaming,1
4058.0,1.1272222222222221,0.7024925878230356,3.793357622147096,4.092934876861699,47.03713254813485,0.021570738481250667,cutoff,S3_gaming,1
4060.0,1.1277777777777778,0.7023427287766022,3.79328050040266,4.092934876861699,47.03530507376854,0.021571175759847183,cutoff,S3_gaming,1
4062.0,1.1283333333333334,0.7021928666832978,3.793203376952881,4.092934876861699,47.03347759622497,0.02157161311018245,cutoff,S3_gaming,1
4064.0,1.1288888888888888,0.7020430015429312,3.7931262517998574,4.092934876861699,47.03165011555633,0.021572050530100747,cutoff,S3_gaming,1
4066.0,1.1294444444444445,0.7018931333553111,3.7930491249455804,4.092934876861699,47.029822631812294,0.021572488017551034,cutoff,S3_gaming,1
4068.0,1.13,0.7017432621202465,3.7929719963919397,4.092934876861699,47.027995145040094,0.021572925570581873,cutoff,S3_gaming,1
4070.0,1.1305555555555555,0.7015933878375464,3.7928948661407293,4.092934876861699,47.02616765528469,0.0215733631873366,cutoff,S3_gaming,1
4072.0,1.1311111111111112,0.7014435105070198,3.7928177341936493,4.092934876861699,47.02434016258883,0.021573800866048723,cutoff,S3_gaming,1
4074.0,1.1316666666666666,0.7012936301284756,3.7927406005523117,4.092934876861699,47.02251266699318,0.021574238605037557,cutoff,S3_gaming,1
4076.0,1.1322222222222222,0.701143746701723,3.7926634652182463,4.092934876861699,47.02068516853644,0.021574676402704066,cutoff,S3_gaming,1
4078.0,1.1327777777777779,0.7009938602265711,3.7925863281929035,4.092934876861699,47.01885766725542,0.021575114257526885,cutoff,S3_gaming,1
4080.0,1.1333333333333333,0.7008439707028291,3.792509189477657,4.092934876861699,47.017030163185126,0.021575552168058572,cutoff,S3_gaming,1
4082.0,1.133888888888889,0.7006940781303063,3.7924320490738093,4.092934876861699,47.015202656358866,0.021575990132922017,cutoff,S3_gaming,1
4084.0,1.1344444444444444,0.7005441825088118,3.792354906982595,4.092934876861699,47.013375146808336,0.02157642815080703,cutoff,S3_gaming,1
4086.0,1.135,0.700394283838155,3.792277763205181,4.092934876861699,47.01154763456365,0.0215768662204671,cutoff,S3_gaming,1
4088.0,1.1355555555555557,0.7002443821181453,3.7922006177426755,4.092934876861699,47.00972011965346,0.021577304340716297,cutoff,S3_gaming,1
4090.0,1.136111111111111,0.7000944773485919,3.7921234705961258,4.092934876861699,47.00789260210507,0.021577742510426344,cutoff,S3_gaming,1
4092.0,1.1366666666666667,0.6999445695293042,3.7920463217665232,4.092934876861699,47.00606508194437,0.02157818072852382,cutoff,S3_gaming,1
4094.0,1.1372222222222221,0.6997946586600915,3.7919691712548063,4.092934876861699,47.00423755919608,0.021578618993987497,cutoff,S3_gaming,1
4096.0,1.1377777777777778,0.6996447447407633,3.7918920190618626,4.092934876861699,47.00241003388362,0.021579057305845806,cutoff,S3_gaming,1
4098.0,1.1383333333333334,0.699494827771129,3.791814865188531,4.092934876861699,47.00058250602933,0.021579495663174436,cutoff,S3_gaming,1
4100.0,1.1388888888888888,0.6993449077509981,3.7917377096356053,4.092934876861699,46.99875497565443,0.021579934065094043,cutoff,S3_gaming,1
4102.0,1.1394444444444445,0.69919498468018,3.791660552403833,4.092934876861699,46.99692744277909,0.021580372510768053,cutoff,S3_gaming,1
4104.0,1.14,0.6990450585584843,3.7915833934939234,4.092934876861699,46.99509990742252,0.021580810999400613,cutoff,S3_gaming,1
4106.0,1.1405555555555555,0.6988951293857204,3.791506232906545,4.092934876861699,46.993272369603005,0.021581249530234596,cutoff,S3_gaming,1
4108.0,1.1411111111111112,0.6987451971616977,3.791429070642326,4.092934876861699,46.99144482933786,0.021581688102549734,cutoff,S3_gaming,1
4110.0,1.1416666666666666,0.6985952618862258,3.7913519067018626,4.092934876861699,46.98961728664363,0.021582126715660826,cutoff,S3_gaming,1
4112.0,1.1422222222222222,0.6984453235591142,3.791274741085715,4.092934876861699,46.98778974153602,0.021582565368916035,cutoff,S3_gaming,1
4114.0,1.1427777777777777,0.6982953821801723,3.79119757379441,4.092934876861699,46.98596219402995,0.02158300406169528,cutoff,S3_gaming,1
4116.0,1.1433333333333333,0.6981454377492098,3.7911204048284457,4.092934876861699,46.98413464413962,0.021583442793408684,cutoff,S3_gaming,1
4118.0,1.143888888888889,0.6979954902660361,3.7910432341882885,4.092934876861699,46.982307091878546,0.021583881563495118,cutoff,S3_gaming,1
4120.0,1.1444444444444444,0.6978455397304608,3.7909660618743786,4.092934876861699,46.98047953725956,0.021584320371420804,cutoff,S3_gaming,1
4122.0,1.145,0.6976955861422934,3.7908888878871285,4.092934876861699,46.97865198029487,0.021584759216677987,cutoff,S3_gaming,1
4124.0,1.1455555555555557,0.6975456295013435,3.7908117122269265,4.092934876861699,46.97682442099608,0.021585198098783672,cutoff,S3_gaming,1
4126.0,1.146111111111111,0.6973956698074205,3.790734534894135,4.092934876861699,46.97499685937424,0.02158563701727843,cutoff,S3_gaming,1
4128.0,1.1466666666666667,0.697245707060334,3.790657355889096,4.092934876861699,46.973169295439824,0.02158607597172525,cutoff,S3_gaming,1
4130.0,1.1472222222222221,0.6970957412598934,3.790580175212126,4.092934876861699,46.97134172920282,0.02158651496170845,cutoff,S3_gaming,1
4132.0,1.1477777777777778,0.6969457724059084,3.7905029928635248,4.092934876861699,46.969514160672695,0.02158695398683265,cutoff,S3_gaming,1
4134.0,1.1483333333333334,0.6967958004981885,3.79042580884357,4.092934876861699,46.96768658985849,0.02158739304672178,cutoff,S3_gaming,1
4136.0,1.1488888888888888,0.696645825536543,3.79034862315252,4.092934876861699,46.96585901676874,0.021587832141018146,cutoff,S3_gaming,1
4138.0,1.1494444444444445,0.6964958475207815,3.790271435790618,4.092934876861699,46.9640314414116,0.021588271269381544,cutoff,S3_gaming,1
4140.0,1.15,0.6963458664507136,3.790194246758087,4.092934876861699,46.96220386379481,0.0215887104314884,cutoff,S3_gaming,1
4142.0,1.1505555555555556,0.6961958823261488,3.7901170560551356,4.092934876861699,46.96037628392574,0.02158914962703098,cutoff,S3_gaming,1
4144.0,1.1511111111111112,0.6960458951468965,3.7900398636819563,4.092934876861699,46.95854870181135,0.021589588855716605,cutoff,S3_gaming,1
4146.0,1.1516666666666666,0.6958959049127662,3.789962669638728,4.092934876861699,46.95672111745832,0.021590028117266933,cutoff,S3_gaming,1
4148.0,1.1522222222222223,0.6957459116235672,3.789885473925614,4.092934876861699,46.95489353087292,0.021590467411417257,cutoff,S3_gaming,1
4150.0,1.1527777777777777,0.6955959152791092,3.789808276542765,4.092934876861699,46.95306594206119,0.021590906737915846,cutoff,S3_gaming,1
4152.0,1.1533333333333333,0.6954459158792016,3.7897310774903206,4.092934876861699,46.95123835102879,0.02159134609652332,cutoff,S3_gaming,1
4154.0,1.153888888888889,0.6952959134236537,3.789653876768405,4.092934876861699,46.94941075778115,0.021591785487012048,cutoff,S3_gaming,1
4156.0,1.1544444444444444,0.695145907912275,3.7895766743771344,4.092934876861699,46.947583162323426,0.02159222490916557,cutoff,S3_gaming,1
4158.0,1.155,0.6949958993448749,3.789499470316613,4.092934876861699,46.94575556466047,0.021592664362778066,cutoff,S3_gaming,1
4160.0,1.1555555555555554,0.6948458877212629,3.789422264586933,4.092934876861699,46.943927964796956,0.02159310384765384,cutoff,S3_gaming,1
4162.0,1.156111111111111,0.6946958730412482,3.7893450571881786,4.092934876861699,46.94210036273725,0.021593543363606818,cutoff,S3_gaming,1
4164.0,1.1566666666666667,0.6945458553046404,3.7892678481204243,4.092934876861699,46.94027275848557,0.021593982910460097,cutoff,S3_gaming,1
4166.0,1.1572222222222222,0.6943958345112488,3.789190637383735,4.092934876861699,46.93844515204585,0.02159442248804549,cutoff,S3_gaming,1
4168.0,1.1577777777777778,0.6942458106608825,3.7891134249781677,4.092934876861699,46.93661754342188,0.02159486209620311,cutoff,S3_gaming,1
4170.0,1.1583333333333334,0.6940957837533511,3.7890362109037716,4.092934876861699,46.93478993261725,0.021595301734780956,cutoff,S3_gaming,1
4172.0,1.1588888888888889,0.6939457537884639,3.7889589951605864,4.092934876861699,46.93296231963534,0.021595741403634537,cutoff,S3_gaming,1
4174.0,1.1594444444444445,0.6937957207660301,3.788881777748647,4.092934876861699,46.931134704479376,0.02159618110262652,cutoff,S3_gaming,1
4176.0,1.16,0.6936456846858591,3.7888045586679806,4.092934876861699,46.92930708715241,0.021596620831626362,cutoff,S3_gaming,1
4178.0,1.1605555555555556,0.6934956455477601,3.788727337918606,4.092934876861699,46.92747946765736,0.02159706059050999,cutoff,S3_gaming,1
4180.0,1.1611111111111112,0.6933456033515424,3.7886501155005377,4.092934876861699,46.92565184599696,0.02159750037915949,cutoff,S3_gaming,1
4182.0,1.1616666666666666,0.6931955580970153,3.788572891413783,4.092934876861699,46.92382422217383,0.02159794019746281,cutoff,S3_gaming,1
4184.0,1.1622222222222223,0.6930455097839879,3.7884956656583446,4.092934876861699,46.921996596190425,0.02159838004531347,cutoff,S3_gaming,1
4186.0,1.1627777777777777,0.6928954584122695,3.788418438234219,4.092934876861699,46.920168968049126,0.021598819922610285,cutoff,S3_gaming,1
4188.0,1.1633333333333333,0.6927454039816693,3.788341209141398,4.092934876861699,46.91834133775213,0.02159925982925713,cutoff,S3_gaming,1
4190.0,1.163888888888889,0.6925953464919965,3.788263978379867,4.092934876861699,46.91651370530154,0.021599699765162673,cutoff,S3_gaming,1
4192.0,1.1644444444444444,0.6924452859430602,3.7881867459496092,4.092934876861699,46.914686070699375,0.021600139730240154,cutoff,S3_gaming,1
4194.0,1.165,0.6922952223346697,3.7881095118506014,4.092934876861699,46.91285843394752,0.021600579724407157,cutoff,S3_gaming,1
4196.0,1.1655555555555555,0.6921451556666339,3.7880322760828173,4.092934876861699,46.91103079504774,0.02160101974758541,cutoff,S3_gaming,1
4198.0,1.166111111111111,0.6919950859387621,3.787955038646225,4.092934876861699,46.90920315400175,0.02160145979970057,cutoff,S3_gaming,1
4200.0,1.1666666666666667,0.6918450131508634,3.787877799540791,4.092934876861699,46.90737551081117,0.02160189988068204,cutoff,S3_gaming,1
4202.0,1.1672222222222222,0.6916949373027469,3.7878005587664756,4.092934876861699,46.905547865477494,0.02160233999046279,cutoff,S3_gaming,1
4204.0,1.1677777777777778,0.6915448583942215,3.7877233163232384,4.092934876861699,46.90372021800215,0.02160278012897918,cutoff,S3_gaming,1
4206.0,1.1683333333333332,0.6913947764250964,3.787646072211033,4.092934876861699,46.90189256838652,0.021603220296170792,cutoff,S3_gaming,1
4208.0,1.1688888888888889,0.6912446913951805,3.787568826429813,4.092934876861699,46.90006491663187,0.02160366049198028,cutoff,S3_gaming,1
4210.0,1.1694444444444445,0.691094603304283,3.787491578979524,4.092934876861699,46.898237262739435,0.021604100716353224,cutoff,S3_gaming,1
4212.0,1.17,0.6909445121522128,3.7874143298601144,4.092934876861699,46.89640960671034,0.02160454096923798,cutoff,S3_gaming,1
4214.0,1.1705555555555556,0.6907944179387788,3.7873370790715266,4.092934876861699,46.89458194854566,0.021604981250585548,cutoff,S3_gaming,1
4216.0,1.1711111111111112,0.6906443206637901,3.787259826613701,4.092934876861699,46.89275428824644,0.021605421560349444,cutoff,S3_gaming,1
4218.0,1.1716666666666666,0.6904942203270555,3.7871825724865764,4.092934876861699,46.8909266258136,0.021605861898485578,cutoff,S3_gaming,1
4220.0,1.1722222222222223,0.690344116928384,3.787105316690087,4.092934876861699,46.889098961248095,0.02160630226495214,cutoff,S3_gaming,1
4222.0,1.1727777777777777,0.6901940104675846,3.787028059224167,4.092934876861699,46.88727129455074,0.02160674265970949,cutoff,S3_gaming,1
4224.0,1.1733333333333333,0.690043900944466,3.786950800088749,4.092934876861699,46.88544362572236,0.021607183082720045,cutoff,S3_gaming,1
4226.0,1.173888888888889,0.6898937883588372,3.7868735392837602,4.092934876861699,46.8836159547637,0.02160762353394819,cutoff,S3_gaming,1
4228.0,1.1744444444444444,0.689743672710507,3.7867962768091306,4.092934876861699,46.88178828167549,0.021608064013360174,cutoff,S3_gaming,1
4230.0,1.175,0.6895935539992842,3.7867190126647827,4.092934876861699,46.879960606458354,0.021608504520924027,cutoff,S3_gaming,1
4232.0,1.1755555555555555,0.6894434322249777,3.7866417468506435,4.092934876861699,46.87813292911298,0.021608945056609465,cutoff,S3_gaming,1
4234.0,1.176111111111111,0.6892933073873962,3.7865644793666333,4.092934876861699,46.87630524963991,0.021609385620387816,cutoff,S3_gaming,1
4236.0,1.1766666666666667,0.6891431794863486,3.786487210212673,4.092934876861699,46.874477568039715,0.02160982621223194,cutoff,S3_gaming,1
4238.0,1.1772222222222222,0.6889930485216436,3.7864099393886823,4.092934876861699,46.872649884312885,0.021610266832116153,cutoff,S3_gaming,1
4240.0,1.1777777777777778,0.6888429144930899,3.786332666894579,4.092934876861699,46.87082219845994,0.021610707480016155,cutoff,S3_gaming,1
4242.0,1.1783333333333332,0.6886927774004962,3.7862553927302782,4.092934876861699,46.868994510481315,0.021611148155908966,cutoff,S3_gaming,1
4244.0,1.1788888888888889,0.6885426372436713,3.786178116895696,4.092934876861699,46.867166820377406,0.02161158885977286,cutoff,S3_gaming,1
4246.0,1.1794444444444445,0.6883924940224238,3.7861008393907465,4.092934876861699,46.86533912814865,0.02161202959158731,cutoff,S3_gaming,1
4248.0,1.18,0.6882423477365623,3.786023560215342,4.092934876861699,46.86351143379537,0.021612470351332912,cutoff,S3_gaming,1
4250.0,1.1805555555555556,0.6880921983858956,3.7859462793693934,4.092934876861699,46.8616837373179,0.021612911138991362,cutoff,S3_gaming,1
4252.0,1.181111111111111,0.6879420459702322,3.7858689968528116,4.092934876861699,46.85985603871658,0.021613351954545373,cutoff,S3_gaming,1
4254.0,1.1816666666666666,0.6877918904893808,3.785791712665506,4.092934876861699,46.858028337991676,0.021613792797978638,cutoff,S3_gaming,1
4256.0,1.1822222222222223,0.6876417319431499,3.785714426807386,4.092934876861699,46.85620063514348,0.021614233669275784,cutoff,S3_gaming,1
4258.0,1.1827777777777777,0.6874915703313481,3.7856371392783577,4.092934876861699,46.8543729301722,0.02161467456842232,cutoff,S3_gaming,1
4260.0,1.1833333333333333,0.687341405653784,3.785559850078328,4.092934876861699,46.852545223078096,0.021615115495404603,cutoff,S3_gaming,1
4262.0,1.183888888888889,0.687191237910266,3.7854825592072037,4.092934876861699,46.85071751386134,0.02161555645020979,cutoff,S3_gaming,1
4264.0,1.1844444444444444,0.6870410671006028,3.78540526666489,4.092934876861699,46.84888980252214,0.021615997432825804,cutoff,S3_gaming,1
4266.0,1.185,0.6868908932246026,3.7853279724512894,4.092934876861699,46.84706208906065,0.021616438443241293,cutoff,S3_gaming,1
4268.0,1.1855555555555555,0.686740716282074,3.7852506765663074,4.092934876861699,46.84523437347701,0.021616879481445594,cutoff,S3_gaming,1
4270.0,1.1861111111111111,0.6865905362728255,3.785173379009846,4.092934876861699,46.8434066557714,0.021617320547428705,cutoff,S3_gaming,1
4272.0,1.1866666666666668,0.6864403531966655,3.7850960797818076,4.092934876861699,46.8415789359439,0.02161776164118125,cutoff,S3_gaming,1
4274.0,1.1872222222222222,0.6862901670534024,3.785018778882094,4.092934876861699,46.83975121399463,0.021618202762694445,cutoff,S3_gaming,1
4276.0,1.1877777777777778,0.6861399778428445,3.784941476310606,4.092934876861699,46.83792348992367,0.021618643911960073,cutoff,S3_gaming,1
4278.0,1.1883333333333332,0.6859897855648004,3.7848641720672447,4.092934876861699,46.836095763731116,0.021619085088970463,cutoff,S3_gaming,1
4280.0,1.1888888888888889,0.6858395902190783,3.7847868661519084,4.092934876861699,46.83426803541701,0.021619526293718452,cutoff,S3_gaming,1
4282.0,1.1894444444444445,0.6856893918054864,3.7847095585644985,4.092934876861699,46.83244030498144,0.021619967526197364,cutoff,S3_gaming,1
4284.0,1.19,0.6855391903238331,3.784632249304913,4.092934876861699,46.83061257242442,0.02162040878640099,cutoff,S3_gaming,1
4286.0,1.1905555555555556,0.6853889857739268,3.7845549383730503,4.092934876861699,46.82878483774601,0.021620850074323565,cutoff,S3_gaming,1
4288.0,1.191111111111111,0.6852387781555758,3.7844776257688095,4.092934876861699,46.8269571009462,0.021621291389959742,cutoff,S3_gaming,1
4290.0,1.1916666666666667,0.6850885674685881,3.784400311492086,4.092934876861699,46.825129362025024,0.021621732733304574,cutoff,S3_gaming,1
4292.0,1.1922222222222223,0.6849383537127722,3.7843229955427793,4.092934876861699,46.823301620982484,0.021622174104353496,cutoff,S3_gaming,1
4294.0,1.1927777777777777,0.6847881368879362,3.784245677920785,4.092934876861699,46.82147387781856,0.021622615503102304,cutoff,S3_gaming,1
4296.0,1.1933333333333334,0.6846379169938882,3.784168358626,4.092934876861699,46.81964613253325,0.02162305692954714,cutoff,S3_gaming,1
4298.0,1.193888888888889,0.6844876940304364,3.7840910376583206,4.092934876861699,46.81781838512654,0.021623498383684474,cutoff,S3_gaming,1
4300.0,1.1944444444444444,0.684337467997389,3.784013715017642,4.092934876861699,46.815990635598396,0.02162393986551109,cutoff,S3_gaming,1
4302.0,1.195,0.6841872388945541,3.7839363907038597,4.092934876861699,46.81416288394877,0.02162438137502407,cutoff,S3_gaming,1
4304.0,1.1955555555555555,0.68403700672174,3.7838590647168693,4.092934876861699,46.81233513017763,0.021624822912220773,cutoff,S3_gaming,1
4306.0,1.1961111111111111,0.6838867714787544,3.783781737056566,4.092934876861699,46.81050737428492,0.02162526447709883,cutoff,S3_gaming,1
4308.0,1.1966666666666668,0.6837365331654057,3.7837044077228437,4.092934876861699,46.808679616270574,0.021625706069656133,cutoff,S3_gaming,1
4310.0,1.1972222222222222,0.6835862917815019,3.7836270767155957,4.092934876861699,46.80685185613454,0.021626147689890813,cutoff,S3_gaming,1
4312.0,1.1977777777777778,0.6834360473268508,3.783549744034719,4.092934876861699,46.805024093876774,0.02162658933780123,cutoff,S3_gaming,1
4314.0,1.1983333333333333,0.6832857998012607,3.7834724096801056,4.092934876861699,46.80319632949716,0.02162703101338597,cutoff,S3_gaming,1
4316.0,1.198888888888889,0.6831355492045394,3.783395073651649,4.092934876861699,46.801368562995656,0.02162747271664383,cutoff,S3_gaming,1
4318.0,1.1994444444444445,0.682985295536495,3.7833177359492427,4.092934876861699,46.79954079437215,0.0216279144475738,cutoff,S3_gaming,1
4320.0,1.2,0.6828350387969353,3.783240396572781,4.092934876861699,46.797713023626585,0.021628356206175064,cutoff,S3_gaming,1
4322.0,1.2005555555555556,0.6826847789856684,3.783163055522156,4.092934876861699,46.795885250758836,0.02162879799244699,cutoff,S3_gaming,1
4324.0,1.201111111111111,0.682534516102502,3.7830857127972606,4.092934876861699,46.79405747576881,0.021629239806389113,cutoff,S3_gaming,1
4326.0,1.2016666666666667,0.6823842501472442,3.783008368397987,4.092934876861699,46.79222969865644,0.021629681648001133,cutoff,S3_gaming,1
4328.0,1.2022222222222223,0.6822339811197028,3.7829310223242287,4.092934876861699,46.79040191942159,0.021630123517282912,cutoff,S3_gaming,1
4330.0,1.2027777777777777,0.6820837090196855,3.782853674575877,4.092934876861699,46.78857413806418,0.021630565414234453,cutoff,S3_gaming,1
4332.0,1.2033333333333334,0.6819334338470003,3.7827763251528252,4.092934876861699,46.786746354584075,0.021631007338855902,cutoff,S3_gaming,1
4334.0,1.2038888888888888,0.681783155601455,3.7826989740549646,4.092934876861699,46.78491856898116,0.02163144929114754,cutoff,S3_gaming,1
4336.0,1.2044444444444444,0.6816328742828572,3.7826216212821877,4.092934876861699,46.78309078125533,0.021631891271109774,cutoff,S3_gaming,1
4338.0,1.205,0.681482589891015,3.782544266834384,4.092934876861699,46.78126299140646,0.02163233327874314,cutoff,S3_gaming,1
4340.0,1.2055555555555555,0.6813323024257358,3.782466910711448,4.092934876861699,46.779435199434424,0.02163277531404828,cutoff,S3_gaming,1
4342.0,1.2061111111111111,0.6811820118868276,3.7823895529132705,4.092934876861699,46.777607405339104,0.021633217377025952,cutoff,S3_gaming,1
4344.0,1.2066666666666668,0.6810317182740979,3.7823121934397417,4.092934876861699,46.77577960912038,0.021633659467677018,cutoff,S3_gaming,1
4346.0,1.2072222222222222,0.6808814215873545,3.7822348322907526,4.092934876861699,46.77395181077808,0.02163410158600244,cutoff,S3_gaming,1
4348.0,1.2077777777777778,0.6807311218264052,3.7821574694661964,4.092934876861699,46.77212401031212,0.021634543732003277,cutoff,S3_gaming,1
4350.0,1.2083333333333333,0.6805808189910574,3.7820801049659623,4.092934876861699,46.77029620772233,0.021634985905680672,cutoff,S3_gaming,1
4352.0,1.208888888888889,0.6804305130811188,3.782002738789942,4.092934876861699,46.7684684030086,0.02163542810703586,cutoff,S3_gaming,1
4354.0,1.2094444444444445,0.680280204096397,3.7819253709380263,4.092934876861699,46.76664059617076,0.021635870336070156,cutoff,S3_gaming,1
4356.0,1.21,0.6801298920366997,3.781848001410106,4.092934876861699,46.76481278720869,0.021636312592784954,cutoff,S3_gaming,1
4358.0,1.2105555555555556,0.6799795769018343,3.7817706302060716,4.092934876861699,46.76298497612225,0.02163675487718172,cutoff,S3_gaming,1
4360.0,1.211111111111111,0.6798292586916085,3.7816932573258133,4.092934876861699,46.76115716291128,0.021637197189261992,cutoff,S3_gaming,1
4362.0,1.2116666666666667,0.6796789374058297,3.7816158827692226,4.092934876861699,46.75932934757566,0.021637639529027374,cutoff,S3_gaming,1
4364.0,1.2122222222222223,0.6795286130443056,3.781538506536189,4.092934876861699,46.7575015301152,0.021638081896479536,cutoff,S3_gaming,1
4366.0,1.2127777777777777,0.6793782856068433,3.7814611286266024,4.092934876861699,46.755673710529784,0.02163852429162021,cutoff,S3_gaming,1
4368.0,1.2133333333333334,0.6792279550932506,3.7813837490403546,4.092934876861699,46.75384588881924,0.021638966714451185,cutoff,S3_gaming,1
4370.0,1.2138888888888888,0.6790776215033348,3.781306367777334,4.092934876861699,46.75201806498343,0.0216394091649743,cutoff,S3_gaming,1
4372.0,1.2144444444444444,0.6789272848369035,3.7812289848374325,4.092934876861699,46.7501902390222,0.021639851643191453,cutoff,S3_gaming,1
4374.0,1.215,0.6787769450937639,3.7811516002205394,4.092934876861699,46.748362410935385,0.02164029414910459,cutoff,S3_gaming,1
4376.0,1.2155555555555555,0.6786266022737234,3.7810742139265447,4.092934876861699,46.746534580722845,0.021640736682715704,cutoff,S3_gaming,1
4378.0,1.2161111111111111,0.6784762563765895,3.780996825955338,4.092934876861699,46.74470674838441,0.021641179244026833,cutoff,S3_gaming,1
4380.0,1.2166666666666666,0.6783259074021695,3.7809194363068097,4.092934876861699,46.742878913919924,0.02164162183304006,cutoff,S3_gaming,1
4382.0,1.2172222222222222,0.6781755553502706,3.780842044980849,4.092934876861699,46.741051077329224,0.021642064449757508,cutoff,S3_gaming,1
4384.0,1.2177777777777778,0.6780252002207002,3.7807646519773463,4.092934876861699,46.739223238612155,0.02164250709418134,cutoff,S3_gaming,1
4386.0,1.2183333333333333,0.6778748420132656,3.7806872572961923,4.092934876861699,46.737395397768566,0.021642949766313754,cutoff,S3_gaming,1
4388.0,1.218888888888889,0.677724480727774,3.780609860937275,4.092934876861699,46.735567554798266,0.021643392466156982,cutoff,S3_gaming,1
4390.0,1.2194444444444446,0.6775741163640326,3.7805324629004837,4.092934876861699,46.73373970970112,0.0216438351937133,cutoff,S3_gaming,1
4392.0,1.22,0.6774237489218488,3.7804550631857095,4.092934876861699,46.731911862476956,0.021644277948984998,cutoff,S3_gaming,1
4394.0,1.2205555555555556,0.6772733784010296,3.7803776617928415,4.092934876861699,46.73008401312561,0.021644720731974414,cutoff,S3_gaming,1
4396.0,1.221111111111111,0.6771230048013823,3.780300258721769,4.092934876861699,46.72825616164692,0.021645163542683907,cutoff,S3_gaming,1
4398.0,1.2216666666666667,0.6769726281227141,3.780222853972382,4.092934876861699,46.72642830804071,0.021645606381115866,cutoff,S3_gaming,1
4400.0,1.2222222222222223,0.676822248364832,3.780145447544569,4.092934876861699,46.72460045230683,0.021646049247272703,cutoff,S3_gaming,1
4402.0,1.2227777777777777,0.6766718655275432,3.78006803943822,4.092934876861699,46.7227725944451,0.02164649214115686,cutoff,S3_gaming,1
4404.0,1.2233333333333334,0.6765214796106548,3.779990629653225,4.092934876861699,46.720944734455344,0.0216469350627708,cutoff,S3_gaming,1
4406.0,1.2238888888888888,0.6763710906139738,3.7799132181894715,4.092934876861699,46.719116872337416,0.02164737801211701,cutoff,S3_gaming,1
4408.0,1.2244444444444444,0.6762206985373074,3.7798358050468503,4.092934876861699,46.71728900809112,0.021647820989197996,cutoff,S3_gaming,1
4410.0,1.225,0.6760703033804625,3.7797583902252505,4.092934876861699,46.715461141716325,0.021648263994016287,cutoff,S3_gaming,1
4412.0,1.2255555555555555,0.6759199051432462,3.7796809737245605,4.092934876861699,46.71363327321282,0.021648707026574433,cutoff,S3_gaming,1
4414.0,1.2261111111111112,0.6757695038254654,3.7796035555446705,4.092934876861699,46.711805402580474,0.021649150086875,cutoff,S3_gaming,1
4416.0,1.2266666666666666,0.6756190994269272,3.7795261356854692,4.092934876861699,46.70997752981909,0.021649593174920573,cutoff,S3_gaming,1
4418.0,1.2272222222222222,0.6754686919474385,3.7794487141468456,4.092934876861699,46.7081496549285,0.021650036290713756,cutoff,S3_gaming,1
4420.0,1.2277777777777779,0.6753182813868063,3.7793712909286885,4.092934876861699,46.706321777908535,0.021650479434257165,cutoff,S3_gaming,1
4422.0,1.2283333333333333,0.6751678677448374,3.779293866030889,4.092934876861699,46.70449389875904,0.021650922605553437,cutoff,S3_gaming,1
4424.0,1.228888888888889,0.6750174510213388,3.7792164394533336,4.092934876861699,46.70266601747983,0.021651365804605218,cutoff,S3_gaming,1
4426.0,1.2294444444444443,0.6748670312161174,3.7791390111959124,4.092934876861699,46.70083813407071,0.021651809031415174,cutoff,S3_gaming,1
4428.0,1.23,0.6747166083289798,3.779061581258514,4.092934876861699,46.699010248531536,0.021652252285985975,cutoff,S3_gaming,1
4430.0,1.2305555555555556,0.6745661823597331,3.778984149641028,4.092934876861699,46.69718236086212,0.021652695568320314,cutoff,S3_gaming,1
4432.0,1.231111111111111,0.674415753308184,3.7789067163433434,4.092934876861699,46.6953544710623,0.021653138878420894,cutoff,S3_gaming,1
4434.0,1.2316666666666667,0.6742653211741394,3.7788292813653483,4.092934876861699,46.693526579131905,0.021653582216290424,cutoff,S3_gaming,1
4436.0,1.2322222222222223,0.6741148859574059,3.7787518447069326,4.092934876861699,46.69169868507075,0.021654025581931628,cutoff,S3_gaming,1
4438.0,1.2327777777777778,0.6739644476577903,3.7786744063679842,4.092934876861699,46.68987078887865,0.021654468975347244,cutoff,S3_gaming,1
4440.0,1.2333333333333334,0.6738140062750995,3.7785969663483927,4.092934876861699,46.68804289055546,0.02165491239654001,cutoff,S3_gaming,1
4442.0,1.2338888888888888,0.67366356180914,3.778519524648047,4.092934876861699,46.68621499010099,0.02165535584551269,cutoff,S3_gaming,1
4444.0,1.2344444444444445,0.6735131142597186,3.7784420812668347,4.092934876861699,46.68438708751505,0.021655799322268035,cutoff,S3_gaming,1
4446.0,1.235,0.673362663626642,3.778364636204646,4.092934876861699,46.68255918279748,0.021656242826808822,cutoff,S3_gaming,1
4448.0,1.2355555555555555,0.6732122099097168,3.7782871894613694,4.092934876861699,46.680731275948126,0.021656686359137832,cutoff,S3_gaming,1
4450.0,1.2361111111111112,0.6730617531087495,3.778209741036893,4.092934876861699,46.67890336696676,0.02165712991925785,cutoff,S3_gaming,1
4452.0,1.2366666666666666,0.6729112932235469,3.7781322909311066,4.092934876861699,46.67707545585326,0.021657573507171676,cutoff,S3_gaming,1
4454.0,1.2372222222222222,0.6727608302539155,3.7780548391438975,4.092934876861699,46.67524754260741,0.02165801712288211,cutoff,S3_gaming,1
4456.0,1.2377777777777779,0.6726103641996619,3.7779773856751557,4.092934876861699,46.67341962722906,0.02165846076639196,cutoff,S3_gaming,1
4458.0,1.2383333333333333,0.6724598950605927,3.7778999305247685,4.092934876861699,46.671591709718015,0.021658904437704046,cutoff,S3_gaming,1
4460.0,1.238888888888889,0.6723094228365143,3.7778224736926265,4.092934876861699,46.669763790074114,0.021659348136821188,cutoff,S3_gaming,1
4462.0,1.2394444444444443,0.6721589475272333,3.777745015178616,4.092934876861699,46.667935868297164,0.021659791863746215,cutoff,S3_gaming,1
4464.0,1.24,0.6720084691325561,3.777667554982628,4.092934876861699,46.66610794438702,0.02166023561848196,cutoff,S3_gaming,1
4466.0,1.2405555555555556,0.6718579876522892,3.7775900931045494,4.092934876861699,46.66428001834346,0.021660679401031266,cutoff,S3_gaming,1
4468.0,1.241111111111111,0.6717075030862392,3.77751262954427,4.092934876861699,46.66245209016632,0.021661123211396977,cutoff,S3_gaming,1
4470.0,1.2416666666666667,0.6715570154342123,3.777435164301677,4.092934876861699,46.66062415985545,0.021661567049581942,cutoff,S3_gaming,1
4472.0,1.2422222222222221,0.671406524696015,3.7773576973766603,4.092934876861699,46.65879622741066,0.021662010915589017,cutoff,S3_gaming,1
4474.0,1.2427777777777778,0.6712560308714537,3.7772802287691074,4.092934876861699,46.65696829283176,0.02166245480942106,cutoff,S3_gaming,1
4476.0,1.2433333333333334,0.6711055339603348,3.777202758478907,4.092934876861699,46.65514035611858,0.021662898731080932,cutoff,S3_gaming,1
4478.0,1.2438888888888888,0.6709550339624645,3.7771252865059486,4.092934876861699,46.653312417270925,0.021663342680571507,cutoff,S3_gaming,1
4480.0,1.2444444444444445,0.6708045308776492,3.7770478128501193,4.092934876861699,46.65148447628865,0.021663786657895652,cutoff,S3_gaming,1
4482.0,1.245,0.6706540247056954,3.7769703375113086,4.092934876861699,46.64965653317156,0.021664230663056245,cutoff,S3_gaming,1
4484.0,1.2455555555555555,0.670503515446409,3.7768928604894043,4.092934876861699,46.647828587919456,0.021664674696056166,cutoff,S3_gaming,1
4486.0,1.2461111111111112,0.6703530030995964,3.7768153817842953,4.092934876861699,46.646000640532215,0.021665118756898295,cutoff,S3_gaming,1
4488.0,1.2466666666666666,0.6702024876650641,3.7767379013958697,4.092934876861699,46.644172691009594,0.02166556284558552,cutoff,S3_gaming,1
4490.0,1.2472222222222222,0.670051969142618,3.7766604193240165,4.092934876861699,46.64234473935146,0.021666006962120732,cutoff,S3_gaming,1
4492.0,1.2477777777777779,0.6699014475320644,3.7765829355686233,4.092934876861699,46.64051678555761,0.021666451106506817,cutoff,S3_gaming,1
4494.0,1.2483333333333333,0.6697509228332095,3.7765054501295783,4.092934876861699,46.63868882962788,0.021666895278746677,cutoff,S3_gaming,1
4496.0,1.248888888888889,0.6696003950458594,3.7764279630067716,4.092934876861699,46.6368608715621,0.02166733947884321,cutoff,S3_gaming,1
4498.0,1.2494444444444444,0.6694498641698204,3.776350474200089,4.092934876861699,46.635032911360064,0.021667783706799313,cutoff,S3_gaming,1
4500.0,1.25,0.6692993302048985,3.7762729837094215,4.092934876861699,46.63320494902162,0.021668227962617893,cutoff,S3_gaming,1
4502.0,1.2505555555555556,0.6691487931508998,3.776195491534655,4.092934876861699,46.63137698454657,0.021668672246301854,cutoff,S3_gaming,1
4504.0,1.251111111111111,0.6689982530076304,3.7761179976756796,4.092934876861699,46.629549017934735,0.021669116557854105,cutoff,S3_gaming,1
4506.0,1.2516666666666667,0.6688477097748963,3.7760405021323824,4.092934876861699,46.62772104918593,0.02166956089727756,cutoff,S3_gaming,1
4508.0,1.2522222222222221,0.6686971634525035,3.7759630049046526,4.092934876861699,46.62589307830001,0.02167000526457513,cutoff,S3_gaming,1
4510.0,1.2527777777777778,0.6685466140402582,3.7758855059923784,4.092934876861699,46.62406510527677,0.021670449659749725,cutoff,S3_gaming,1
4512.0,1.2533333333333334,0.6683960615379662,3.7758080053954473,4.092934876861699,46.62223713011605,0.02167089408280427,cutoff,S3_gaming,1
4514.0,1.2538888888888888,0.6682455059454335,3.7757305031137474,4.092934876861699,46.62040915281763,0.021671338533741678,cutoff,S3_gaming,1
4516.0,1.2544444444444445,0.6680949472624662,3.7756529991471686,4.092934876861699,46.61858117338136,0.021671783012564873,cutoff,S3_gaming,1
4518.0,1.255,0.6679443854888701,3.7755754934955967,4.092934876861699,46.61675319180706,0.021672227519276777,cutoff,S3_gaming,1
4520.0,1.2555555555555555,0.6677938206244513,3.7754979861589217,4.092934876861699,46.61492520809455,0.021672672053880317,cutoff,S3_gaming,1
4522.0,1.2561111111111112,0.6676432526690154,3.775420477137032,4.092934876861699,46.613097222243645,0.021673116616378416,cutoff,S3_gaming,1
4524.0,1.2566666666666666,0.6674926816223684,3.7753429664298137,4.092934876861699,46.611269234254166,0.021673561206774005,cutoff,S3_gaming,1
4526.0,1.2572222222222222,0.6673421074843162,3.7752654540371573,4.092934876861699,46.60944124412594,0.021674005825070012,cutoff,S3_gaming,1
4528.0,1.2577777777777779,0.6671915302546646,3.775187939958949,4.092934876861699,46.60761325185879,0.02167445047126937,cutoff,S3_gaming,1
4530.0,1.2583333333333333,0.6670409499332194,3.7751104241950793,4.092934876861699,46.605785257452524,0.021674895145375007,cutoff,S3_gaming,1
4532.0,1.258888888888889,0.6668903665197864,3.775032906745434,4.092934876861699,46.603957260906974,0.021675339847389858,cutoff,S3_gaming,1
4534.0,1.2594444444444444,0.6667397800141713,3.774955387609902,4.092934876861699,46.60212926222194,0.02167578457731686,cutoff,S3_gaming,1
4536.0,1.26,0.66658919041618,3.774877866788371,4.092934876861699,46.60030126139727,0.02167622933515895,cutoff,S3_gaming,1
4538.0,1.2605555555555557,0.6664385977256181,3.7748003442807296,4.092934876861699,46.59847325843277,0.021676674120919066,cutoff,S3_gaming,1
4540.0,1.261111111111111,0.6662880019422913,3.774722820086866,4.092934876861699,46.59664525332824,0.021677118934600146,cutoff,S3_gaming,1
4542.0,1.2616666666666667,0.6661374030660053,3.7746452942066684,4.092934876861699,46.59481724608355,0.021677563776205132,cutoff,S3_gaming,1
4544.0,1.2622222222222221,0.6659868010965659,3.774567766640024,4.092934876861699,46.59298923669847,0.021678008645736963,cutoff,S3_gaming,1
4546.0,1.2627777777777778,0.6658361960337786,3.7744902373868214,4.092934876861699,46.591161225172854,0.021678453543198584,cutoff,S3_gaming,1
4548.0,1.2633333333333334,0.6656855878774491,3.774412706446949,4.092934876861699,46.589333211506506,0.021678898468592937,cutoff,S3_gaming,1
4550.0,1.2638888888888888,0.6655349766273829,3.7743351738202935,4.092934876861699,46.587505195699244,0.02167934342192297,cutoff,S3_gaming,1
4552.0,1.2644444444444445,0.6653843622833857,3.7742576395067435,4.092934876861699,46.5856771777509,0.02167978840319162,cutoff,S3_gaming,1
4554.0,1.265,0.665233744845263,3.774180103506188,4.092934876861699,46.58384915766128,0.021680233412401845,cutoff,S3_gaming,1
4556.0,1.2655555555555555,0.6650831243128204,3.774102565818513,4.092934876861699,46.5820211354302,0.021680678449556585,cutoff,S3_gaming,1
4558.0,1.2661111111111112,0.6649325006858633,3.774025026443608,4.092934876861699,46.580193111057504,0.02168112351465879,cutoff,S3_gaming,1
4560.0,1.2666666666666666,0.6647818739641973,3.7739474853813606,4.092934876861699,46.578365084543,0.021681568607711414,cutoff,S3_gaming,1
4562.0,1.2672222222222222,0.6646312441476279,3.773869942631659,4.092934876861699,46.576537055886504,0.021682013728717406,cutoff,S3_gaming,1
4564.0,1.2677777777777777,0.6644806112359604,3.77379239819439,4.092934876861699,46.57470902508783,0.021682458877679715,cutoff,S3_gaming,1
4566.0,1.2683333333333333,0.6643299752290004,3.773714852069442,4.092934876861699,46.5728809921468,0.021682904054601295,cutoff,S3_gaming,1
4568.0,1.268888888888889,0.6641793361265532,3.7736373042567033,4.092934876861699,46.57105295706324,0.0216833492594851,cutoff,S3_gaming,1
4570.0,1.2694444444444444,0.6640286939284243,3.773559754756062,4.092934876861699,46.569224919836984,0.021683794492334086,cutoff,S3_gaming,1
4572.0,1.27,0.6638780486344191,3.773482203567405,4.092934876861699,46.56739688046783,0.021684239753151202,cutoff,S3_gaming,1
4574.0,1.2705555555555557,0.6637274002443428,3.7734046506906207,4.092934876861699,46.5655688389556,0.021684685041939405,cutoff,S3_gaming,1
4576.0,1.271111111111111,0.663576748758001,3.773327096125596,4.092934876861699,46.563740795300106,0.021685130358701656,cutoff,S3_gaming,1
4578.0,1.2716666666666667,0.6634260941751987,3.7732495398722206,4.092934876861699,46.561912749501175,0.02168557570344091,cutoff,S3_gaming,1
4580.0,1.2722222222222221,0.6632754364957414,3.77317198193038,4.092934876861699,46.560084701558644,0.02168602107616012,cutoff,S3_gaming,1
4582.0,1.2727777777777778,0.6631247757194343,3.7730944222999647,4.092934876861699,46.55825665147232,0.021686466476862253,cutoff,S3_gaming,1
4584.0,1.2733333333333334,0.6629741118460827,3.77301686098086,4.092934876861699,46.55642859924202,0.021686911905550263,cutoff,S3_gaming,1
4586.0,1.2738888888888888,0.6628234448754917,3.7729392979729552,4.092934876861699,46.554600544867554,0.02168735736222711,cutoff,S3_gaming,1
4588.0,1.2744444444444445,0.6626727748074667,3.772861733276137,4.092934876861699,46.552772488348744,0.021687802846895754,cutoff,S3_gaming,1
4590.0,1.275,0.6625221016418128,3.7727841668902937,4.092934876861699,46.55094442968542,0.02168824835955916,cutoff,S3_gaming,1
4592.0,1.2755555555555556,0.6623714253783352,3.772706598815313,4.092934876861699,46.549116368877414,0.02168869390022029,cutoff,S3_gaming,1
4594.0,1.2761111111111112,0.662220746016839,3.772629029051082,4.092934876861699,46.54728830592451,0.021689139468882103,cutoff,S3_gaming,1
4596.0,1.2766666666666666,0.6620700635571294,3.7725514575974897,4.092934876861699,46.54546024082655,0.021689585065547565,cutoff,S3_gaming,1
4598.0,1.2772222222222223,0.6619193779990113,3.7724738844544228,4.092934876861699,46.543632173583354,0.021690030690219637,cutoff,S3_gaming,1
4600.0,1.2777777777777777,0.6617686893422902,3.772396309621769,4.092934876861699,46.54180410419473,0.021690476342901287,cutoff,S3_gaming,1
4602.0,1.2783333333333333,0.6616179975867708,3.772318733099417,4.092934876861699,46.5399760326605,0.021690922023595478,cutoff,S3_gaming,1
4604.0,1.278888888888889,0.6614673027322582,3.7722411548872525,4.092934876861699,46.538147958980495,0.021691367732305178,cutoff,S3_gaming,1
4606.0,1.2794444444444444,0.6613166047785575,3.772163574985165,4.092934876861699,46.53631988315452,0.02169181346903335,cutoff,S3_gaming,1
4608.0,1.28,0.6611659037254737,3.772085993393041,4.092934876861699,46.534491805182384,0.021692259233782964,cutoff,S3_gaming,1
4610.0,1.2805555555555554,0.6610151995728117,3.7720084101107685,4.092934876861699,46.532663725063955,0.021692705026556985,cutoff,S3_gaming,1
4612.0,1.281111111111111,0.6608644923203767,3.771930825138235,4.092934876861699,46.53083564279898,0.021693150847358386,cutoff,S3_gaming,1
4614.0,1.2816666666666667,0.6607137819679734,3.7718532384753285,4.092934876861699,46.52900755838735,0.021693596696190132,cutoff,S3_gaming,1
4616.0,1.2822222222222222,0.6605630685154068,3.7717756501219357,4.092934876861699,46.52717947182882,0.021694042573055194,cutoff,S3_gaming,1
4618.0,1.2827777777777778,0.6604123519624818,3.771698060077945,4.092934876861699,46.525351383123265,0.02169448847795654,cutoff,S3_gaming,1
4620.0,1.2833333333333334,0.6602616323090034,3.7716204683432437,4.092934876861699,46.523523292270454,0.021694934410897142,cutoff,S3_gaming,1
4622.0,1.2838888888888889,0.6601109095547762,3.771542874917719,4.092934876861699,46.52169519927025,0.02169538037187997,cutoff,S3_gaming,1
4624.0,1.2844444444444445,0.6599601836996053,3.7714652798012587,4.092934876861699,46.51986710412243,0.021695826360907996,cutoff,S3_gaming,1
4626.0,1.285,0.6598094547432953,3.7713876829937507,4.092934876861699,46.51803900682685,0.02169627237798419,cutoff,S3_gaming,1
4628.0,1.2855555555555556,0.6596587226856512,3.7713100844950813,4.092934876861699,46.51621090738331,0.02169671842311153,cutoff,S3_gaming,1
4630.0,1.2861111111111112,0.6595079875264777,3.7712324843051386,4.092934876861699,46.51438280579162,0.021697164496292984,cutoff,S3_gaming,1
4632.0,1.2866666666666666,0.6593572492655795,3.7711548824238106,4.092934876861699,46.51255470205162,0.021697610597531527,cutoff,S3_gaming,1
4634.0,1.2872222222222223,0.6592065079027614,3.771077278850985,4.092934876861699,46.51072659616312,0.021698056726830135,cutoff,S3_gaming,1
4636.0,1.2877777777777777,0.659055763437828,3.770999673586548,4.092934876861699,46.508898488125936,0.02169850288419178,cutoff,S3_gaming,1
4638.0,1.2883333333333333,0.6589050158705841,3.7709220666303875,4.092934876861699,46.50707037793988,0.021698949069619437,cutoff,S3_gaming,1
4640.0,1.288888888888889,0.6587542652008345,3.7708444579823914,4.092934876861699,46.50524226560479,0.021699395283116086,cutoff,S3_gaming,1
4642.0,1.2894444444444444,0.6586035114283836,3.7707668476424465,4.092934876861699,46.50341415112047,0.0216998415246847,cutoff,S3_gaming,1
4644.0,1.29,0.6584527545530361,3.7706892356104404,4.092934876861699,46.50158603448673,0.021700287794328255,cutoff,S3_gaming,1
4646.0,1.2905555555555555,0.6583019945745967,3.7706116218862604,4.092934876861699,46.49975791570341,0.021700734092049728,cutoff,S3_gaming,1
4648.0,1.291111111111111,0.6581512314928699,3.770534006469795,4.092934876861699,46.49792979477033,0.0217011804178521,cutoff,S3_gaming,1
4650.0,1.2916666666666667,0.6580004653076603,3.7704563893609295,4.092934876861699,46.49610167168728,0.02170162677173835,cutoff,S3_gaming,1
4652.0,1.2922222222222222,0.6578496960187725,3.7703787705595526,4.092934876861699,46.4942735464541,0.02170207315371145,cutoff,S3_gaming,1
4654.0,1.2927777777777778,0.657698923626011,3.7703011500655514,4.092934876861699,46.4924454190706,0.02170251956377438,cutoff,S3_gaming,1
4656.0,1.2933333333333332,0.6575481481291803,3.770223527878813,4.092934876861699,46.4906172895366,0.021702966001930127,cutoff,S3_gaming,1
4658.0,1.2938888888888889,0.6573973695280848,3.7701459039992256,4.092934876861699,46.48878915785193,0.02170341246818167,cutoff,S3_gaming,1
4660.0,1.2944444444444445,0.6572465878225291,3.7700682784266744,4.092934876861699,46.48696102401641,0.021703858962531984,cutoff,S3_gaming,1
4662.0,1.295,0.6570958030123176,3.7699906511610486,4.092934876861699,46.48513288802983,0.021704305484984053,cutoff,S3_gaming,1
4664.0,1.2955555555555556,0.6569450150972548,3.769913022202235,4.092934876861699,46.48330474989204,0.02170475203554086,cutoff,S3_gaming,1
4666.0,1.2961111111111112,0.6567942240771449,3.769835391550121,4.092934876861699,46.481476609602836,0.021705198614205383,cutoff,S3_gaming,1
4668.0,1.2966666666666666,0.6566434299517925,3.769757759204593,4.092934876861699,46.47964846716203,0.021705645220980608,cutoff,S3_gaming,1
4670.0,1.2972222222222223,0.6564926327210018,3.7696801251655394,4.092934876861699,46.477820322569485,0.021706091855869518,cutoff,S3_gaming,1
4672.0,1.2977777777777777,0.6563418323845772,3.769602489432846,4.092934876861699,46.475992175824956,0.021706538518875097,cutoff,S3_gaming,1
4674.0,1.2983333333333333,0.6561910289423231,3.769524852006401,4.092934876861699,46.47416402692833,0.021706985210000328,cutoff,S3_gaming,1
4676.0,1.298888888888889,0.6560402223940436,3.7694472128860914,4.092934876861699,46.47233587587935,0.021707431929248195,cutoff,S3_gaming,1
4678.0,1.2994444444444444,0.6558894127395432,3.7693695720718052,4.092934876861699,46.47050772267791,0.021707878676621686,cutoff,S3_gaming,1
4680.0,1.3,0.655738599978626,3.7692919295634275,4.092934876861699,46.46867956732377,0.021708325452123783,cutoff,S3_gaming,1
4682.0,1.3005555555555555,0.6555877841110964,3.7692142853608477,4.092934876861699,46.46685140981677,0.021708772255757472,cutoff,S3_gaming,1
4684.0,1.301111111111111,0.6554369651367585,3.7691366394639516,4.092934876861699,46.465023250156726,0.021709219087525742,cutoff,S3_gaming,1
4686.0,1.3016666666666667,0.6552861430554165,3.7690589918726265,4.092934876861699,46.463195088343475,0.021709665947431577,cutoff,S3_gaming,1
4688.0,1.3022222222222222,0.6551353178668746,3.7689813425867604,4.092934876861699,46.461366924376804,0.021710112835477968,cutoff,S3_gaming,1
4690.0,1.3027777777777778,0.6549844895709369,3.7689036916062384,4.092934876861699,46.45953875825654,0.0217105597516679,cutoff,S3_gaming,1
4692.0,1.3033333333333332,0.6548336581674076,3.7688260389309503,4.092934876861699,46.45771058998252,0.02171100669600436,cutoff,S3_gaming,1
4694.0,1.3038888888888889,0.6546828236560908,3.76874838456078,4.092934876861699,46.45588241955454,0.02171145366849034,cutoff,S3_gaming,1
4696.0,1.3044444444444445,0.6545319860367905,3.7686707284956174,4.092934876861699,46.45405424697241,0.02171190066912883,cutoff,S3_gaming,1
4698.0,1.305,0.6543811453093109,3.7685930707353488,4.092934876861699,46.45222607223599,0.021712347697922817,cutoff,S3_gaming,1
4700.0,1.3055555555555556,0.6542303014734561,3.76851541127986,4.092934876861699,46.45039789534506,0.02171279475487529,cutoff,S3_gaming,1
4702.0,1.306111111111111,0.6540794545290299,3.7684377501290394,4.092934876861699,46.44856971629945,0.021713241839989243,cutoff,S3_gaming,1
4704.0,1.3066666666666666,0.6539286044758366,3.768360087282773,4.092934876861699,46.44674153509898,0.021713688953267665,cutoff,S3_gaming,1
4706.0,1.3072222222222223,0.6537777513136799,3.768282422740949,4.092934876861699,46.444913351743466,0.021714136094713548,cutoff,S3_gaming,1
4708.0,1.3077777777777777,0.6536268950423639,3.7682047565034535,4.092934876861699,46.44308516623272,0.021714583264329883,cutoff,S3_gaming,1
4710.0,1.3083333333333333,0.6534760356616925,3.7681270885701736,4.092934876861699,46.44125697856657,0.021715030462119665,cutoff,S3_gaming,1
4712.0,1.308888888888889,0.6533251731714698,3.7680494189409965,4.092934876861699,46.43942878874482,0.021715477688085884,cutoff,S3_gaming,1
4714.0,1.3094444444444444,0.6531743075714994,3.7679717476158086,4.092934876861699,46.4376005967673,0.021715924942231537,cutoff,S3_gaming,1
4716.0,1.31,0.6530234388615854,3.7678940745944973,4.092934876861699,46.43577240263383,0.021716372224559615,cutoff,S3_gaming,1
4718.0,1.3105555555555555,0.6528725670415317,3.7678163998769496,4.092934876861699,46.43394420634421,0.021716819535073113,cutoff,S3_gaming,1
4720.0,1.3111111111111111,0.6527216921111421,3.767738723463053,4.092934876861699,46.43211600789827,0.021717266873775024,cutoff,S3_gaming,1
4722.0,1.3116666666666668,0.6525708140702202,3.7676610453526926,4.092934876861699,46.43028780729583,0.021717714240668345,cutoff,S3_gaming,1
4724.0,1.3122222222222222,0.6524199329185701,3.767583365545757,4.092934876861699,46.428459604536705,0.021718161635756073,cutoff,S3_gaming,1
4726.0,1.3127777777777778,0.6522690486559954,3.7675056840421313,4.092934876861699,46.426631399620696,0.0217186090590412,cutoff,S3_gaming,1
4728.0,1.3133333333333332,0.6521181612823,3.7674280008417047,4.092934876861699,46.42480319254768,0.021719056510526726,cutoff,S3_gaming,1
4730.0,1.3138888888888889,0.6519672707972876,3.7673503159443618,4.092934876861699,46.42297498331738,0.021719503990215647,cutoff,S3_gaming,1
4732.0,1.3144444444444445,0.6518163772007617,3.767272629349991,4.092934876861699,46.421146771929685,0.021719951498110963,cutoff,S3_gaming,1
4734.0,1.315,0.6516654804925263,3.7671949410584786,4.092934876861699,46.41931855838441,0.02172039903421567,cutoff,S3_gaming,1
4736.0,1.3155555555555556,0.6515145806723849,3.7671172510697115,4.092934876861699,46.41749034268133,0.021720846598532764,cutoff,S3_gaming,1
4738.0,1.316111111111111,0.6513636777401411,3.767039559383576,4.092934876861699,46.415662124820294,0.021721294191065246,cutoff,S3_gaming,1
4740.0,1.3166666666666667,0.6512127716955988,3.7669618659999595,4.092934876861699,46.41383390480111,0.021721741811816114,cutoff,S3_gaming,1
4742.0,1.3172222222222223,0.6510618625385614,3.766884170918749,4.092934876861699,46.41200568262361,0.02172218946078837,cutoff,S3_gaming,1
4744.0,1.3177777777777777,0.6509109502688324,3.7668064741398304,4.092934876861699,46.41017745828758,0.021722637137985012,cutoff,S3_gaming,1
4746.0,1.3183333333333334,0.6507600348862156,3.7667287756630907,4.092934876861699,46.40834923179288,0.021723084843409044,cutoff,S3_gaming,1
4748.0,1.318888888888889,0.6506091163905144,3.7666510754884164,4.092934876861699,46.406521003139275,0.021723532577063467,cutoff,S3_gaming,1
4750.0,1.3194444444444444,0.6504581947815324,3.766573373615695,4.092934876861699,46.404692772326634,0.021723980338951277,cutoff,S3_gaming,1
4752.0,1.32,0.6503072700590731,3.7664956700448133,4.092934876861699,46.40286453935474,0.02172442812907548,cutoff,S3_gaming,1
4754.0,1.3205555555555555,0.6501563422229399,3.766417964775657,4.092934876861699,46.40103630422343,0.02172487594743908,cutoff,S3_gaming,1
4756.0,1.3211111111111111,0.6500054112729364,3.766340257808113,4.092934876861699,46.3992080669325,0.021725323794045077,cutoff,S3_gaming,1
4758.0,1.3216666666666668,0.649854477208866,3.7662625491420685,4.092934876861699,46.397379827481785,0.021725771668896478,cutoff,S3_gaming,1
4760.0,1.3222222222222222,0.6497035400305321,3.7661848387774106,4.092934876861699,46.395551585871104,0.02172621957199628,cutoff,S3_gaming,1
4762.0,1.3227777777777778,0.649552599737738,3.7661071267140245,4.092934876861699,46.39372334210026,0.021726667503347497,cutoff,S3_gaming,1
4764.0,1.3233333333333333,0.6494016563302873,3.766029412951797,4.092934876861699,46.39189509616906,0.021727115462953125,cutoff,S3_gaming,1
4766.0,1.323888888888889,0.6492507098079833,3.765951697490616,4.092934876861699,46.39006684807737,0.021727563450816174,cutoff,S3_gaming,1
4768.0,1.3244444444444445,0.6490997601706292,3.7658739803303676,4.092934876861699,46.38823859782496,0.02172801146693965,cutoff,S3_gaming,1
4770.0,1.325,0.6489488074180284,3.7657962614709373,4.092934876861699,46.38641034541165,0.021728459511326553,cutoff,S3_gaming,1
4772.0,1.3255555555555556,0.6487978515499843,3.7657185409122134,4.092934876861699,46.38458209083729,0.021728907583979898,cutoff,S3_gaming,1
4774.0,1.326111111111111,0.6486468925662999,3.7656408186540817,4.092934876861699,46.38275383410168,0.021729355684902685,cutoff,S3_gaming,1
4776.0,1.3266666666666667,0.6484959304667788,3.7655630946964287,4.092934876861699,46.38092557520462,0.021729803814097927,cutoff,S3_gaming,1
4778.0,1.3272222222222223,0.648344965251224,3.76548536903914,4.092934876861699,46.37909731414594,0.02173025197156863,cutoff,S3_gaming,1
4780.0,1.3277777777777777,0.6481939969194388,3.7654076416821036,4.092934876861699,46.377269050925456,0.021730700157317803,cutoff,S3_gaming,1
4782.0,1.3283333333333334,0.6480430254712264,3.7653299126252056,4.092934876861699,46.37544078554299,0.02173114837134845,cutoff,S3_gaming,1
4784.0,1.3288888888888888,0.6478920509063899,3.7652521818683327,4.092934876861699,46.37361251799837,0.021731596613663588,cutoff,S3_gaming,1
4786.0,1.3294444444444444,0.6477410732247325,3.765174449411371,4.092934876861699,46.37178424829138,0.021732044884266218,cutoff,S3_gaming,1
4788.0,1.33,0.6475900924260574,3.7650967152542063,4.092934876861699,46.369955976421856,0.021732493183159358,cutoff,S3_gaming,1
4790.0,1.3305555555555555,0.6474391085101676,3.765018979396727,4.092934876861699,46.36812770238962,0.021732941510346014,cutoff,S3_gaming,1
4792.0,1.3311111111111111,0.6472881214768663,3.7649412418388173,4.092934876861699,46.36629942619449,0.0217333898658292,cutoff,S3_gaming,1
4794.0,1.3316666666666668,0.6471371313259565,3.764863502580365,4.092934876861699,46.36447114783626,0.021733838249611927,cutoff,S3_gaming,1
4796.0,1.3322222222222222,0.6469861380572413,3.7647857616212566,4.092934876861699,46.36264286731477,0.021734286661697206,cutoff,S3_gaming,1
4798.0,1.3327777777777778,0.6468351416705236,3.764708018961377,4.092934876861699,46.360814584629814,0.02173473510208805,cutoff,S3_gaming,1
4800.0,1.3333333333333333,0.6466841421656064,3.7646302746006146,4.092934876861699,46.35898629978124,0.021735183570787475,cutoff,S3_gaming,1
4802.0,1.333888888888889,0.6465331395422929,3.764552528538856,4.092934876861699,46.35715801276884,0.02173563206779849,cutoff,S3_gaming,1
4804.0,1.3344444444444445,0.6463821338003858,3.764474780775985,4.092934876861699,46.355329723592455,0.02173608059312411,cutoff,S3_gaming,1
4806.0,1.335,0.6462311249396883,3.7643970313118897,4.092934876861699,46.35350143225187,0.02173652914676735,cutoff,S3_gaming,1
4808.0,1.3355555555555556,0.6460801129600031,3.7643192801464562,4.092934876861699,46.351673138746925,0.021736977728731222,cutoff,S3_gaming,1
4810.0,1.336111111111111,0.6459290978611332,3.764241527279571,4.092934876861699,46.34984484307741,0.021737426339018744,cutoff,S3_gaming,1
4812.0,1.3366666666666667,0.6457780796428815,3.7641637727111203,4.092934876861699,46.34801654524318,0.021737874977632934,cutoff,S3_gaming,1
4814.0,1.3372222222222223,0.6456270583050507,3.76408601644099,4.092934876861699,46.346188245244015,0.021738323644576805,cutoff,S3_gaming,1
4816.0,1.3377777777777777,0.6454760338474439,3.764008258469068,4.092934876861699,46.34435994307977,0.021738772339853375,cutoff,S3_gaming,1
4818.0,1.3383333333333334,0.6453250062698638,3.7639304987952387,4.092934876861699,46.34253163875023,0.021739221063465656,cutoff,S3_gaming,1
4820.0,1.3388888888888888,0.6451739755721131,3.763852737419389,4.092934876861699,46.340703332255224,0.02173966981541667,cutoff,S3_gaming,1
4822.0,1.3394444444444444,0.6450229417539947,3.763774974341405,4.092934876861699,46.33887502359455,0.021740118595709436,cutoff,S3_gaming,1
4824.0,1.34,0.6448719048153112,3.7636972095611734,4.092934876861699,46.337046712768064,0.02174056740434697,cutoff,S3_gaming,1
4826.0,1.3405555555555555,0.6447208647558655,3.7636194430785803,4.092934876861699,46.33521839977555,0.021741016241332293,cutoff,S3_gaming,1
4828.0,1.3411111111111111,0.6445698215754603,3.7635416748935113,4.092934876861699,46.33339008461682,0.021741465106668422,cutoff,S3_gaming,1
4830.0,1.3416666666666666,0.6444187752738981,3.7634639050058536,4.092934876861699,46.33156176729171,0.021741914000358378,cutoff,S3_gaming,1
4832.0,1.3422222222222222,0.6442677258509818,3.763386133415493,4.092934876861699,46.32973344780004,0.021742362922405178,cutoff,S3_gaming,1
4834.0,1.3427777777777778,0.6441166733065139,3.763308360122316,4.092934876861699,46.327905126141616,0.021742811872811848,cutoff,S3_gaming,1
4836.0,1.3433333333333333,0.643965617640297,3.7632305851262076,4.092934876861699,46.32607680231624,0.021743260851581403,cutoff,S3_gaming,1
4838.0,1.343888888888889,0.6438145588521339,3.763152808427055,4.092934876861699,46.32424847632374,0.02174370985871687,cutoff,S3_gaming,1
4840.0,1.3444444444444446,0.643663496941827,3.7630750300247438,4.092934876861699,46.32242014816395,0.021744158894221266,cutoff,S3_gaming,1
4842.0,1.345,0.643512431909179,3.7629972499191613,4.092934876861699,46.32059181783667,0.02174460795809762,cutoff,S3_gaming,1
4844.0,1.3455555555555556,0.6433613637539922,3.7629194681101916,4.092934876861699,46.318763485341705,0.021745057050348952,cutoff,S3_gaming,1
4846.0,1.346111111111111,0.6432102924760694,3.762841684597723,4.092934876861699,46.316935150678894,0.021745506170978285,cutoff,S3_gaming,1
4848.0,1.3466666666666667,0.643059218075213,3.76276389938164,4.092934876861699,46.31510681384805,0.021745955319988644,cutoff,S3_gaming,1
4850.0,1.3472222222222223,0.6429081405512255,3.762686112461829,4.092934876861699,46.313278474848964,0.021746404497383052,cutoff,S3_gaming,1
4852.0,1.3477777777777777,0.6427570599039092,3.762608323838177,4.092934876861699,46.31145013368146,0.021746853703164534,cutoff,S3_gaming,1
4854.0,1.3483333333333334,0.6426059761330667,3.7625305335105685,4.092934876861699,46.30962179034539,0.021747302937336115,cutoff,S3_gaming,1
4856.0,1.3488888888888888,0.6424548892385004,3.7624527414788904,4.092934876861699,46.30779344484051,0.02174775219990082,cutoff,S3_gaming,1
4858.0,1.3494444444444444,0.6423037992200127,3.7623749477430297,4.092934876861699,46.3059650971667,0.021748201490861676,cutoff,S3_gaming,1
4860.0,1.35,0.6421527060774059,3.76229715230287,4.092934876861699,46.30413674732374,0.02174865081022171,cutoff,S3_gaming,1
4862.0,1.3505555555555555,0.6420016098104825,3.7622193551583005,4.092934876861699,46.302308395311464,0.02174910015798395,cutoff,S3_gaming,1
4864.0,1.3511111111111112,0.6418505104190446,3.7621415563092047,4.092934876861699,46.30048004112967,0.021749549534151418,cutoff,S3_gaming,1
4866.0,1.3516666666666666,0.6416994079028947,3.762063755755469,4.092934876861699,46.29865168477815,0.021749998938727148,cutoff,S3_gaming,1
4868.0,1.3522222222222222,0.641548302261835,3.7619859534969797,4.092934876861699,46.29682332625677,0.021750448371714165,cutoff,S3_gaming,1
4870.0,1.3527777777777779,0.6413971934956678,3.7619081495336233,4.092934876861699,46.294994965565344,0.0217508978331155,cutoff,S3_gaming,1
4872.0,1.3533333333333333,0.6412460816041954,3.7618303438652845,4.092934876861699,46.29316660270364,0.02175134732293418,cutoff,S3_gaming,1
4874.0,1.353888888888889,0.6410949665872199,3.76175253649185,4.092934876861699,46.29133823767151,0.021751796841173236,cutoff,S3_gaming,1
4876.0,1.3544444444444443,0.6409438484445436,3.761674727413206,4.092934876861699,46.28950987046877,0.0217522463878357,cutoff,S3_gaming,1
4878.0,1.355,0.6407927271759686,3.7615969166292373,4.092934876861699,46.28768150109522,0.0217526959629246,cutoff,S3_gaming,1
4880.0,1.3555555555555556,0.6406416027812972,3.7615191041398313,4.092934876861699,46.28585312955069,0.02175314556644297,cutoff,S3_gaming,1
4882.0,1.356111111111111,0.6404904752603315,3.761441289944873,4.092934876861699,46.28402475583499,0.02175359519839384,cutoff,S3_gaming,1
4884.0,1.3566666666666667,0.6403393446128736,3.7613634740442485,4.092934876861699,46.28219637994793,0.02175404485878024,cutoff,S3_gaming,1
4886.0,1.3572222222222223,0.6401882108387255,3.7612856564378427,4.092934876861699,46.28036800188935,0.021754494547605207,cutoff,S3_gaming,1
4888.0,1.3577777777777778,0.6400370739376894,3.7612078371255424,4.092934876861699,46.27853962165903,0.021754944264871772,cutoff,S3_gaming,1
4890.0,1.3583333333333334,0.6398859339095673,3.7611300161072343,4.092934876861699,46.276711239256805,0.021755394010582966,cutoff,S3_gaming,1
4892.0,1.3588888888888888,0.6397347907541613,3.7610521933828025,4.092934876861699,46.27488285468249,0.021755843784741827,cutoff,S3_gaming,1
4894.0,1.3594444444444445,0.6395836444712734,3.760974368952133,4.092934876861699,46.2730544679359,0.021756293587351386,cutoff,S3_gaming,1
4896.0,1.36,0.6394324950607054,3.760896542815113,4.092934876861699,46.271226079016856,0.02175674341841468,cutoff,S3_gaming,1
4898.0,1.3605555555555555,0.6392813425222595,3.7608187149716263,4.092934876861699,46.26939768792516,0.021757193277934742,cutoff,S3_gaming,1
4900.0,1.3611111111111112,0.6391301868557376,3.7607408854215603,4.092934876861699,46.26756929466062,0.02175764316591461,cutoff,S3_gaming,1
4902.0,1.3616666666666666,0.6389790280609416,3.7606630541648,4.092934876861699,46.2657408992231,0.021758093082357315,cutoff,S3_gaming,1
4904.0,1.3622222222222222,0.6388278661376735,3.760585221201232,4.092934876861699,46.26391250161236,0.0217585430272659,cutoff,S3_gaming,1
4906.0,1.3627777777777779,0.638676701085735,3.76050738653074,4.092934876861699,46.262084101828236,0.0217589930006434,cutoff,S3_gaming,1
4908.0,1.3633333333333333,0.6385255329049282,3.7604295501532117,4.092934876861699,46.26025569987054,0.021759443002492853,cutoff,S3_gaming,1
4910.0,1.363888888888889,0.6383743615950548,3.760351712068532,4.092934876861699,46.258427295739104,0.021759893032817296,cutoff,S3_gaming,1
4912.0,1.3644444444444443,0.6382231871559166,3.7602738722765867,4.092934876861699,46.25659888943373,0.021760343091619765,cutoff,S3_gaming,1
4914.0,1.365,0.6380720095873156,3.7601960307772613,4.092934876861699,46.25477048095423,0.021760793178903302,cutoff,S3_gaming,1
4916.0,1.3655555555555556,0.6379208288890533,3.760118187570442,4.092934876861699,46.25294207030043,0.021761243294670947,cutoff,S3_gaming,1
4918.0,1.366111111111111,0.6377696450609317,3.7600403426560143,4.092934876861699,46.25111365747214,0.021761693438925738,cutoff,S3_gaming,1
4920.0,1.3666666666666667,0.6376184581027524,3.7599624960338627,4.092934876861699,46.24928524246916,0.02176214361167072,cutoff,S3_gaming,1
4922.0,1.3672222222222221,0.6374672680143172,3.759884647703874,4.092934876861699,46.24745682529133,0.021762593812908928,cutoff,S3_gaming,1
4924.0,1.3677777777777778,0.6373160747954276,3.7598067976659344,4.092934876861699,46.24562840593846,0.021763044042643405,cutoff,S3_gaming,1
4926.0,1.3683333333333334,0.6371648784458855,3.7597289459199277,4.092934876861699,46.24379998441036,0.021763494300877192,cutoff,S3_gaming,1
4928.0,1.3688888888888888,0.6370136789654925,3.7596510924657403,4.092934876861699,46.24197156070684,0.021763944587613333,cutoff,S3_gaming,1
4930.0,1.3694444444444445,0.6368624763540502,3.759573237303258,4.092934876861699,46.24014313482771,0.021764394902854867,cutoff,S3_gaming,1
4932.0,1.37,0.6367112706113603,3.7594953804323668,4.092934876861699,46.23831470677282,0.02176484524660484,cutoff,S3_gaming,1
4934.0,1.3705555555555555,0.6365600617372243,3.759417521852951,4.092934876861699,46.236486276541946,0.021765295618866295,cutoff,S3_gaming,1
4936.0,1.3711111111111112,0.6364088497314438,3.759339661564897,4.092934876861699,46.234657844134915,0.021765746019642276,cutoff,S3_gaming,1
4938.0,1.3716666666666666,0.6362576345938203,3.75926179956809,4.092934876861699,46.232829409551556,0.021766196448935828,cutoff,S3_gaming,1
4940.0,1.3722222222222222,0.6361064163241554,3.7591839358624157,4.092934876861699,46.23100097279166,0.021766646906749995,cutoff,S3_gaming,1
4942.0,1.3727777777777779,0.6359551949222506,3.7591060704477597,4.092934876861699,46.22917253385506,0.021767097393087822,cutoff,S3_gaming,1
4944.0,1.3733333333333333,0.6358039703879074,3.7590282033240072,4.092934876861699,46.22734409274158,0.021767547907952354,cutoff,S3_gaming,1
4946.0,1.373888888888889,0.6356527427209271,3.7589503344910433,4.092934876861699,46.225515649451005,0.02176799845134664,cutoff,S3_gaming,1
4948.0,1.3744444444444444,0.6355015119211113,3.7588724639487543,4.092934876861699,46.22368720398317,0.021768449023273725,cutoff,S3_gaming,1
4950.0,1.375,0.6353502779882614,3.7587945916970247,4.092934876861699,46.221858756337895,0.021768899623736657,cutoff,S3_gaming,1
4952.0,1.3755555555555556,0.6351990409221788,3.7587167177357417,4.092934876861699,46.220030306514985,0.021769350252738483,cutoff,S3_gaming,1
4954.0,1.376111111111111,0.6350478007226649,3.758638842064788,4.092934876861699,46.21820185451424,0.02176980091028225,cutoff,S3_gaming,1
4956.0,1.3766666666666667,0.634896557389521,3.7585609646840514,4.092934876861699,46.216373400335506,0.02177025159637101,cutoff,S3_gaming,1
4958.0,1.3772222222222221,0.6347453109225485,3.758483085593416,4.092934876861699,46.214544943978574,0.021770702311007806,cutoff,S3_gaming,1
4960.0,1.3777777777777778,0.6345940613215486,3.7584052047927674,4.092934876861699,46.212716485443266,0.02177115305419569,cutoff,S3_gaming,1
4962.0,1.3783333333333334,0.6344428085863227,3.7583273222819913,4.092934876861699,46.2108880247294,0.021771603825937715,cutoff,S3_gaming,1
4964.0,1.3788888888888888,0.6342915527166721,3.7582494380609726,4.092934876861699,46.2090595618368,0.02177205462623693,cutoff,S3_gaming,1
4966.0,1.3794444444444445,0.634140293712398,3.7581715521295975,4.092934876861699,46.20723109676526,0.021772505455096385,cutoff,S3_gaming,1
4968.0,1.38,0.6339890315733016,3.75809366448775,4.092934876861699,46.205402629514595,0.02177295631251913,cutoff,S3_gaming,1
4970.0,1.3805555555555555,0.6338377662991841,3.7580157751353163,4.092934876861699,46.203574160084635,0.02177340719850822,cutoff,S3_gaming,1
4972.0,1.3811111111111112,0.6336864978898468,3.7579378840721813,4.092934876861699,46.20174568847521,0.021773858113066702,cutoff,S3_gaming,1
4974.0,1.3816666666666666,0.6335352263450907,3.757859991298231,4.092934876861699,46.19991721468609,0.021774309056197635,cutoff,S3_gaming,1
4976.0,1.3822222222222222,0.6333839516647172,3.757782096813349,4.092934876861699,46.19808873871712,0.02177476002790407,cutoff,S3_gaming,1
4978.0,1.3827777777777779,0.6332326738485271,3.757704200617423,4.092934876861699,46.1962602605681,0.021775211028189058,cutoff,S3_gaming,1
4980.0,1.3833333333333333,0.6330813928963217,3.7576263027103365,4.092934876861699,46.194431780238865,0.021775662057055657,cutoff,S3_gaming,1
4982.0,1.383888888888889,0.6329301088079021,3.7575484030919752,4.092934876861699,46.192603297729214,0.021776113114506918,cutoff,S3_gaming,1
4984.0,1.3844444444444444,0.6327788215830693,3.7574705017622243,4.092934876861699,46.190774813038956,0.021776564200545898,cutoff,S3_gaming,1
4986.0,1.385,0.6326275312216244,3.7573925987209686,4.092934876861699,46.188946326167915,0.02177701531517565,cutoff,S3_gaming,1
4988.0,1.3855555555555557,0.6324762377233684,3.757314693968094,4.092934876861699,46.187117837115906,0.021777466458399234,cutoff,S3_gaming,1
4990.0,1.386111111111111,0.6323249410881021,3.7572367875034858,4.092934876861699,46.185289345882744,0.021777917630219704,cutoff,S3_gaming,1
4992.0,1.3866666666666667,0.6321736413156267,3.757158879327028,4.092934876861699,46.183460852468244,0.021778368830640115,cutoff,S3_gaming,1
4994.0,1.3872222222222221,0.6320223384057431,3.757080969438607,4.092934876861699,46.18163235687221,0.02177882005966353,cutoff,S3_gaming,1
4996.0,1.3877777777777778,0.6318710323582523,3.7570030578381073,4.092934876861699,46.17980385909448,0.021779271317293,cutoff,S3_gaming,1
4998.0,1.3883333333333334,0.631719723172955,3.756925144525414,4.092934876861699,46.17797535913482,0.021779722603531587,cutoff,S3_gaming,1
5000.0,1.3888888888888888,0.6315684108496523,3.7568472295004125,4.092934876861699,46.1761468569931,0.02178017391838235,cutoff,S3_gaming,1
5002.0,1.3894444444444445,0.631417095388145,3.7567693127629878,4.092934876861699,46.17431835266911,0.021780625261848346,cutoff,S3_gaming,1
5004.0,1.39,0.631265776788234,3.7566913943130253,4.092934876861699,46.17248984616266,0.021781076633932635,cutoff,S3_gaming,1
5006.0,1.3905555555555555,0.6311144550497201,3.7566134741504094,4.092934876861699,46.17066133747358,0.02178152803463828,cutoff,S3_gaming,1
5008.0,1.3911111111111112,0.630963130172404,3.7565355522750252,4.092934876861699,46.16883282660165,0.02178197946396834,cutoff,S3_gaming,1
5010.0,1.3916666666666666,0.6308118021560866,3.7564576286867584,4.092934876861699,46.167004313546734,0.02178243092192587,cutoff,S3_gaming,1
5012.0,1.3922222222222222,0.6306604710005685,3.7563797033854938,4.092934876861699,46.16517579830861,0.02178288240851394,cutoff,S3_gaming,1
5014.0,1.3927777777777777,0.6305091367056507,3.756301776371116,4.092934876861699,46.1633472808871,0.02178333392373561,cutoff,S3_gaming,1
5016.0,1.3933333333333333,0.6303577992711337,3.756223847643511,4.092934876861699,46.161518761282025,0.02178378546759394,cutoff,S3_gaming,1
5018.0,1.393888888888889,0.6302064586968182,3.756145917202562,4.092934876861699,46.15969023949318,0.021784237040091994,cutoff,S3_gaming,1
5020.0,1.3944444444444444,0.6300551149825051,3.7560679850481558,4.092934876861699,46.15786171552041,0.021784688641232834,cutoff,S3_gaming,1
5022.0,1.395,0.6299037681279949,3.7559900511801767,4.092934876861699,46.156033189363505,0.021785140271019528,cutoff,S3_gaming,1
5024.0,1.3955555555555557,0.6297524181330882,3.75591211559851,4.092934876861699,46.15420466102229,0.021785591929455134,cutoff,S3_gaming,1
5026.0,1.396111111111111,0.6296010649975857,3.755834178303039,4.092934876861699,46.15237613049656,0.02178604361654272,cutoff,S3_gaming,1
5028.0,1.3966666666666667,0.6294497087212879,3.7557562392936514,4.092934876861699,46.15054759778617,0.02178649533228535,cutoff,S3_gaming,1
5030.0,1.3972222222222221,0.6292983493039954,3.75567829857023,4.092934876861699,46.1487190628909,0.021786947076686092,cutoff,S3_gaming,1
5032.0,1.3977777777777778,0.6291469867455088,3.7556003561326596,4.092934876861699,46.146890525810555,0.02178739884974801,cutoff,S3_gaming,1
5034.0,1.3983333333333334,0.6289956210456287,3.755522411980827,4.092934876861699,46.14506198654498,0.021787850651474174,cutoff,S3_gaming,1
5036.0,1.3988888888888888,0.6288442522041554,3.755444466114615,4.092934876861699,46.14323344509398,0.021788302481867645,cutoff,S3_gaming,1
5038.0,1.3994444444444445,0.6286928802208895,3.7553665185339105,4.092934876861699,46.14140490145737,0.021788754340931495,cutoff,S3_gaming,1
5040.0,1.4,0.6285415050956316,3.7552885692385964,4.092934876861699,46.13957635563494,0.02178920622866879,cutoff,S3_gaming,1
5042.0,1.4005555555555556,0.6283901268281818,3.755210618228559,4.092934876861699,46.13774780762654,0.0217896581450826,cutoff,S3_gaming,1
5044.0,1.4011111111111112,0.6282387454183408,3.7551326655036825,4.092934876861699,46.135919257431965,0.02179011009017599,cutoff,S3_gaming,1
5046.0,1.4016666666666666,0.6280873608659089,3.755054711063851,4.092934876861699,46.13409070505101,0.021790562063952034,cutoff,S3_gaming,1
5048.0,1.4022222222222223,0.6279359731706865,3.7549767549089506,4.092934876861699,46.13226215048353,0.0217910140664138,cutoff,S3_gaming,1
5050.0,1.4027777777777777,0.6277845823324739,3.754898797038865,4.092934876861699,46.13043359372929,0.021791466097564355,cutoff,S3_gaming,1
5052.0,1.4033333333333333,0.6276331883510715,3.75482083745348,4.092934876861699,46.12860503478815,0.021791918157406776,cutoff,S3_gaming,1
5054.0,1.403888888888889,0.6274817912262797,3.75474287615268,4.092934876861699,46.12677647365991,0.02179237024594413,cutoff,S3_gaming,1
5056.0,1.4044444444444444,0.6273303909578986,3.7546649131363496,4.092934876861699,46.124947910344375,0.02179282236317949,cutoff,S3_gaming,1
5058.0,1.405,0.6271789875457285,3.754586948404373,4.092934876861699,46.12311934484135,0.021793274509115928,cutoff,S3_gaming,1
5060.0,1.4055555555555554,0.6270275809895698,3.7545089819566355,4.092934876861699,46.12129077715066,0.021793726683756516,cutoff,S3_gaming,1
5062.0,1.406111111111111,0.6268761712892226,3.754431013793022,4.092934876861699,46.11946220727213,0.02179417888710433,cutoff,S3_gaming,1
5064.0,1.4066666666666667,0.6267247584444872,3.7543530439134165,4.092934876861699,46.11763363520554,0.021794631119162435,cutoff,S3_gaming,1
5066.0,1.4072222222222222,0.6265733424551636,3.754275072317706,4.092934876861699,46.11580506095075,0.021795083379933914,cutoff,S3_gaming,1
5068.0,1.4077777777777778,0.6264219233210522,3.754197099005771,4.092934876861699,46.11397648450755,0.02179553566942184,cutoff,S3_gaming,1
5070.0,1.4083333333333334,0.626270501041953,3.7541191239775,4.092934876861699,46.11214790587575,0.021795987987629283,cutoff,S3_gaming,1
5072.0,1.4088888888888889,0.6261190756176662,3.754041147232776,4.092934876861699,46.11031932505516,0.02179644033455932,cutoff,S3_gaming,1
5074.0,1.4094444444444445,0.6259676470479919,3.7539631687714836,4.092934876861699,46.108490742045596,0.02179689271021503,cutoff,S3_gaming,1
5076.0,1.41,0.6258162153327301,3.7538851885935074,4.092934876861699,46.1066621568469,0.02179734511459949,cutoff,S3_gaming,1
5078.0,1.4105555555555556,0.625664780471681,3.7538072066987325,4.092934876861699,46.10483356945884,0.02179779754771577,cutoff,S3_gaming,1
5080.0,1.4111111111111112,0.6255133424646444,3.753729223087043,4.092934876861699,46.103004979881256,0.021798250009566953,cutoff,S3_gaming,1
5082.0,1.4116666666666666,0.6253619013114204,3.7536512377583238,4.092934876861699,46.10117638811394,0.021798702500156114,cutoff,S3_gaming,1
5084.0,1.4122222222222223,0.6252104570118091,3.7535732507124595,4.092934876861699,46.099347794156735,0.021799155019486333,cutoff,S3_gaming,1
5086.0,1.4127777777777777,0.6250590095656104,3.7534952619493342,4.092934876861699,46.09751919800944,0.021799607567560688,cutoff,S3_gaming,1
5088.0,1.4133333333333333,0.6249075589726243,3.753417271468833,4.092934876861699,46.095690599671876,0.02180006014438226,cutoff,S3_gaming,1
5090.0,1.413888888888889,0.6247561052326506,3.7533392792708398,4.092934876861699,46.09386199914383,0.02180051274995412,cutoff,S3_gaming,1
5092.0,1.4144444444444444,0.6246046483454893,3.75326128535524,4.092934876861699,46.09203339642515,0.02180096538427936,cutoff,S3_gaming,1
5094.0,1.415,0.6244531883109403,3.7531832897219175,4.092934876861699,46.09020479151563,0.021801418047361052,cutoff,S3_gaming,1
5096.0,1.4155555555555555,0.6243017251288034,3.753105292370757,4.092934876861699,46.08837618441508,0.02180187073920228,cutoff,S3_gaming,1
5098.0,1.416111111111111,0.6241502587988785,3.753027293301643,4.092934876861699,46.086547575123326,0.021802323459806126,cutoff,S3_gaming,1
5100.0,1.4166666666666667,0.6239987893209654,3.7529492925144594,4.092934876861699,46.08471896364017,0.021802776209175673,cutoff,S3_gaming,1
5102.0,1.4172222222222222,0.6238473166948639,3.752871290009091,4.092934876861699,46.082890349965425,0.021803228987314,cutoff,S3_gaming,1
5104.0,1.4177777777777778,0.6236958409203738,3.7527932857854225,4.092934876861699,46.081061734098924,0.02180368179422419,cutoff,S3_gaming,1
5106.0,1.4183333333333332,0.6235443619972948,3.752715279843338,4.092934876861699,46.07923311604045,0.021804134629909332,cutoff,S3_gaming,1
5108.0,1.4188888888888889,0.6233928799254267,3.7526372721827226,4.092934876861699,46.077404495789835,0.0218045874943725,cutoff,S3_gaming,1
5110.0,1.4194444444444445,0.6232413947045692,3.7525592628034596,4.092934876861699,46.075575873346885,0.021805040387616787,cutoff,S3_gaming,1
5112.0,1.42,0.623089906334522,3.7524812517054342,4.092934876861699,46.07374724871142,0.021805493309645273,cutoff,S3_gaming,1
5114.0,1.4205555555555556,0.6229384148150847,3.75240323888853,4.092934876861699,46.07191862188324,0.021805946260461045,cutoff,S3_gaming,1
5116.0,1.4211111111111112,0.6227869201460571,3.752325224352633,4.092934876861699,46.07008999286219,0.021806399240067185,cutoff,S3_gaming,1
5118.0,1.4216666666666666,0.6226354223272386,3.7522472080976255,4.092934876861699,46.06826136164804,0.021806852248466783,cutoff,S3_gaming,1
5120.0,1.4222222222222223,0.6224839213584289,3.752169190123393,4.092934876861699,46.06643272824062,0.021807305285662926,cutoff,S3_gaming,1
5122.0,1.4227777777777777,0.6223324172394277,3.7520911704298197,4.092934876861699,46.064604092639755,0.0218077583516587,cutoff,S3_gaming,1
5124.0,1.4233333333333333,0.6221809099700344,3.75201314901679,4.092934876861699,46.062775454845244,0.021808211446457188,cutoff,S3_gaming,1
5126.0,1.423888888888889,0.6220293995500487,3.7519351258841875,4.092934876861699,46.060946814856905,0.021808664570061486,cutoff,S3_gaming,1
5128.0,1.4244444444444444,0.62187788597927,3.7518571010318964,4.092934876861699,46.05911817267455,0.021809117722474677,cutoff,S3_gaming,1
5130.0,1.425,0.6217263692574978,3.7517790744598027,4.092934876861699,46.057289528297986,0.02180957090369985,cutoff,S3_gaming,1
5132.0,1.4255555555555555,0.6215748493845317,3.751701046167789,4.092934876861699,46.055460881727036,0.021810024113740098,cutoff,S3_gaming,1
5134.0,1.426111111111111,0.6214233263601711,3.75162301615574,4.092934876861699,46.05363223296151,0.021810477352598508,cutoff,S3_gaming,1
5136.0,1.4266666666666667,0.6212718001842154,3.75154498442354,4.092934876861699,46.051803582001234,0.02181093062027817,cutoff,S3_gaming,1
5138.0,1.4272222222222222,0.6211202708564639,3.751466950971073,4.092934876861699,46.04997492884597,0.021811383916782175,cutoff,S3_gaming,1
5140.0,1.4277777777777778,0.6209687383767162,3.751388915798224,4.092934876861699,46.048146273495604,0.021811837242113614,cutoff,S3_gaming,1
5142.0,1.4283333333333332,0.6208172027447715,3.751310878904876,4.092934876861699,46.04631761594988,0.02181229059627558,cutoff,S3_gaming,1
5144.0,1.4288888888888889,0.6206656639604292,3.7512328402909136,4.092934876861699,46.04448895620865,0.021812743979271163,cutoff,S3_gaming,1
5146.0,1.4294444444444445,0.6205141220234888,3.7511547999562214,4.092934876861699,46.04266029427173,0.021813197391103458,cutoff,S3_gaming,1
5148.0,1.43,0.6203625769337493,3.751076757900683,4.092934876861699,46.04083163013891,0.021813650831775555,cutoff,S3_gaming,1
5150.0,1.4305555555555556,0.6202110286910102,3.7509987141241834,4.092934876861699,46.03900296381001,0.021814104301290552,cutoff,S3_gaming,1
5152.0,1.431111111111111,0.6200594772950707,3.750920668626605,4.092934876861699,46.03717429528485,0.021814557799651538,cutoff,S3_gaming,1
5154.0,1.4316666666666666,0.61990792274573,3.7508426214078336,4.092934876861699,46.035345624563234,0.02181501132686161,cutoff,S3_gaming,1
5156.0,1.4322222222222223,0.6197563650427874,3.7507645724677534,4.092934876861699,46.033516951644984,0.021815464882923866,cutoff,S3_gaming,1
5158.0,1.4327777777777777,0.6196048041860421,3.750686521806247,4.092934876861699,46.03168827652991,0.021815918467841398,cutoff,S3_gaming,1
5160.0,1.4333333333333333,0.6194532401752932,3.750608469423199,4.092934876861699,46.02985959921781,0.0218163720816173,cutoff,S3_gaming,1
5162.0,1.433888888888889,0.6193016730103399,3.7505304153184946,4.092934876861699,46.02803091970853,0.02181682572425467,cutoff,S3_gaming,1
5164.0,1.4344444444444444,0.6191501026909813,3.7504523594920167,4.092934876861699,46.02620223800184,0.02181727939575661,cutoff,S3_gaming,1
5166.0,1.435,0.6189985292170165,3.7503743019436486,4.092934876861699,46.02437355409757,0.02181773309612621,cutoff,S3_gaming,1
5168.0,1.4355555555555555,0.6188469525882446,3.750296242673276,4.092934876861699,46.02254486799554,0.02181818682536657,cutoff,S3_gaming,1
5170.0,1.4361111111111111,0.6186953728044647,3.7502181816807827,4.092934876861699,46.02071617969556,0.021818640583480788,cutoff,S3_gaming,1
5172.0,1.4366666666666668,0.6185437898654759,3.750140118966052,4.092934876861699,46.01888748919743,0.021819094370471966,cutoff,S3_gaming,1
5174.0,1.4372222222222222,0.6183922037710771,3.750062054528968,4.092934876861699,46.017058796500976,0.0218195481863432,cutoff,S3_gaming,1
5176.0,1.4377777777777778,0.6182406145210674,3.749983988369415,4.092934876861699,46.015230101606015,0.021820002031097588,cutoff,S3_gaming,1
5178.0,1.4383333333333332,0.6180890221152457,3.749905920487276,4.092934876861699,46.01340140451233,0.021820455904738235,cutoff,S3_gaming,1
5180.0,1.4388888888888889,0.6179374265534111,3.7498278508824363,4.092934876861699,46.01157270521978,0.021820909807268238,cutoff,S3_gaming,1
5182.0,1.4394444444444445,0.6177858278353624,3.7497497795547785,4.092934876861699,46.00974400372812,0.0218213637386907,cutoff,S3_gaming,1
5184.0,1.44,0.6176342259608985,3.749671706504188,4.092934876861699,46.00791530003722,0.02182181769900872,cutoff,S3_gaming,1
5186.0,1.4405555555555556,0.6174826209298183,3.7495936317305474,4.092934876861699,46.00608659414684,0.0218222716882254,cutoff,S3_gaming,1
5188.0,1.441111111111111,0.6173310127419208,3.7495155552337414,4.092934876861699,46.004257886056834,0.02182272570634385,cutoff,S3_gaming,1
5190.0,1.4416666666666667,0.6171794013970048,3.749437477013653,4.092934876861699,46.002429175766984,0.021823179753367162,cutoff,S3_gaming,1
5192.0,1.4422222222222223,0.617027786894869,3.749359397070167,4.092934876861699,46.00060046327713,0.021823633829298444,cutoff,S3_gaming,1
5194.0,1.4427777777777777,0.6168761692353124,3.749281315403167,4.092934876861699,45.99877174858706,0.021824087934140802,cutoff,S3_gaming,1
5196.0,1.4433333333333334,0.6167245484181336,3.749203232012536,4.092934876861699,45.99694303169658,0.02182454206789734,cutoff,S3_gaming,1
5198.0,1.443888888888889,0.6165729244431315,3.7491251468981592,4.092934876861699,45.99511431260553,0.02182499623057116,cutoff,S3_gaming,1
5200.0,1.4444444444444444,0.6164212973101049,3.7490470600599197,4.092934876861699,45.99328559131371,0.02182545042216537,cutoff,S3_gaming,1
5202.0,1.445,0.6162696670188523,3.7489689714977015,4.092934876861699,45.99145686782092,0.02182590464268307,cutoff,S3_gaming,1
5204.0,1.4455555555555555,0.6161180335691726,3.748890881211387,4.092934876861699,45.98962814212699,0.021826358892127373,cutoff,S3_gaming,1
5206.0,1.4461111111111111,0.6159663969608644,3.7488127892008625,4.092934876861699,45.98779941423173,0.021826813170501384,cutoff,S3_gaming,1
5208.0,1.4466666666666668,0.6158147571937264,3.74873469546601,4.092934876861699,45.985970684134934,0.02182726747780821,cutoff,S3_gaming,1
5210.0,1.4472222222222222,0.6156631142675572,3.7486566000067136,4.092934876861699,45.98414195183644,0.021827721814050956,cutoff,S3_gaming,1
5212.0,1.4477777777777778,0.6155114681821553,3.748578502822857,4.092934876861699,45.982313217336035,0.021828176179232734,cutoff,S3_gaming,1
5214.0,1.4483333333333333,0.6153598189373195,3.7485004039143237,4.092934876861699,45.98048448063353,0.021828630573356652,cutoff,S3_gaming,1
5216.0,1.448888888888889,0.6152081665328483,3.7484223032809982,4.092934876861699,45.978655741728765,0.02182908499642582,cutoff,S3_gaming,1
5218.0,1.4494444444444445,0.6150565109685401,3.7483442009227637,4.092934876861699,45.97682700062153,0.02182953944844334,cutoff,S3_gaming,1
5220.0,1.45,0.6149048522441936,3.748266096839504,4.092934876861699,45.97499825731165,0.02182999392941233,cutoff,S3_gaming,1
5222.0,1.4505555555555556,0.6147531903596072,3.7481879910311022,4.092934876861699,45.97316951179891,0.021830448439335896,cutoff,S3_gaming,1
5224.0,1.451111111111111,0.6146015253145795,3.748109883497442,4.092934876861699,45.97134076408314,0.021830902978217152,cutoff,S3_gaming,1
5226.0,1.4516666666666667,0.6144498571089089,3.7480317742384077,4.092934876861699,45.96951201416415,0.02183135754605921,cutoff,S3_gaming,1
5228.0,1.4522222222222223,0.6142981857423938,3.747953663253883,4.092934876861699,45.96768326204176,0.02183181214286518,cutoff,S3_gaming,1
5230.0,1.4527777777777777,0.6141465112148328,3.7478755505437515,4.092934876861699,45.96585450771578,0.021832266768638173,cutoff,S3_gaming,1
5232.0,1.4533333333333334,0.613994833526024,3.7477974361078963,4.092934876861699,45.964025751186014,0.021832721423381305,cutoff,S3_gaming,1
5234.0,1.4538888888888888,0.6138431526757661,3.7477193199462002,4.092934876861699,45.962196992452256,0.021833176107097688,cutoff,S3_gaming,1
5236.0,1.4544444444444444,0.6136914686638572,3.7476412020585483,4.092934876861699,45.960368231514344,0.021833630819790433,cutoff,S3_gaming,1
5238.0,1.455,0.6135397814900957,3.7475630824448234,4.092934876861699,45.9585394683721,0.021834085561462657,cutoff,S3_gaming,1
5240.0,1.4555555555555555,0.61338809115428,3.74748496110491,4.092934876861699,45.95671070302531,0.021834540332117475,cutoff,S3_gaming,1
5242.0,1.4561111111111111,0.6132363976562082,3.7474068380386902,4.092934876861699,45.954881935473786,0.021834995131758003,cutoff,S3_gaming,1
5244.0,1.4566666666666668,0.6130847009956787,3.7473287132460475,4.092934876861699,45.95305316571734,0.021835449960387353,cutoff,S3_gaming,1
5246.0,1.4572222222222222,0.6129330011724897,3.747250586726867,4.092934876861699,45.951224393755794,0.021835904818008643,cutoff,S3_gaming,1
5248.0,1.4577777777777778,0.6127812981864396,3.747172458481031,4.092934876861699,45.94939561958897,0.021836359704624993,cutoff,S3_gaming,1
5250.0,1.4583333333333333,0.6126295920373264,3.7470943285084233,4.092934876861699,45.94756684321665,0.021836814620239516,cutoff,S3_gaming,1
5252.0,1.458888888888889,0.6124778827249483,3.7470161968089273,4.092934876861699,45.945738064638675,0.02183726956485533,cutoff,S3_gaming,1
5254.0,1.4594444444444445,0.6123261702491035,3.746938063382426,4.092934876861699,45.94390928385483,0.02183772453847555,cutoff,S3_gaming,1
5256.0,1.46,0.6121744546095902,3.7468599282288038,4.092934876861699,45.942080500864925,0.021838179541103304,cutoff,S3_gaming,1
5258.0,1.4605555555555556,0.6120227358062064,3.746781791347943,4.092934876861699,45.94025171566879,0.021838634572741704,cutoff,S3_gaming,1
5260.0,1.461111111111111,0.6118710138387502,3.746703652739728,4.092934876861699,45.938422928266235,0.021839089633393868,cutoff,S3_gaming,1
5262.0,1.4616666666666667,0.6117192887070197,3.7466255124040417,4.092934876861699,45.936594138657064,0.02183954472306292,cutoff,S3_gaming,1
5264.0,1.4622222222222223,0.6115675604108131,3.746547370340768,4.092934876861699,45.9347653468411,0.02183999984175198,cutoff,S3_gaming,1
5266.0,1.4627777777777777,0.6114158289499281,3.7464692265497894,4.092934876861699,45.932936552818134,0.021840454989464166,cutoff,S3_gaming,1
5268.0,1.4633333333333334,0.611264094324163,3.74639108103099,4.092934876861699,45.93110775658798,0.021840910166202602,cutoff,S3_gaming,1
5270.0,1.4638888888888888,0.6111123565333155,3.7463129337842527,4.092934876861699,45.92927895815046,0.021841365371970407,cutoff,S3_gaming,1
5272.0,1.4644444444444444,0.6109606155771838,3.746234784809461,4.092934876861699,45.92745015750538,0.021841820606770708,cutoff,S3_gaming,1
5274.0,1.465,0.6108088714555658,3.7461566341064985,4.092934876861699,45.92562135465255,0.021842275870606623,cutoff,S3_gaming,1
5276.0,1.4655555555555555,0.6106571241682595,3.7460784816752475,4.092934876861699,45.92379254959179,0.021842731163481278,cutoff,S3_gaming,1
5278.0,1.4661111111111111,0.6105053737150626,3.7460003275155924,4.092934876861699,45.92196374232291,0.021843186485397795,cutoff,S3_gaming,1
5280.0,1.4666666666666666,0.6103536200957731,3.7459221716274165,4.092934876861699,45.920134932845706,0.0218436418363593,cutoff,S3_gaming,1
5282.0,1.4672222222222222,0.6102018633101888,3.7458440140106024,4.092934876861699,45.91830612116,0.02184409721636892,cutoff,S3_gaming,1
5284.0,1.4677777777777778,0.6100501033581076,3.7457658546650334,4.092934876861699,45.9164773072656,0.021844552625429774,cutoff,S3_gaming,1
5286.0,1.4683333333333333,0.6098983402393272,3.745687693590593,4.092934876861699,45.91464849116231,0.02184500806354499,cutoff,S3_gaming,1
5288.0,1.468888888888889,0.6097465739536455,3.745609530787165,4.092934876861699,45.91281967284995,0.021845463530717698,cutoff,S3_gaming,1
5290.0,1.4694444444444446,0.6095948045008602,3.745531366254631,4.092934876861699,45.91099085232834,0.02184591902695102,cutoff,S3_gaming,1
5292.0,1.47,0.6094430318807691,3.745453199992876,4.092934876861699,45.90916202959727,0.021846374552248082,cutoff,S3_gaming,1
5294.0,1.4705555555555556,0.6092912560931699,3.745375032001782,4.092934876861699,45.90733320465657,0.021846830106612015,cutoff,S3_gaming,1
5296.0,1.471111111111111,0.6091394771378603,3.7452968622812324,4.092934876861699,45.905504377506034,0.021847285690045945,cutoff,S3_gaming,1
5298.0,1.4716666666666667,0.608987695014638,3.745218690831111,4.092934876861699,45.903675548145486,0.021847741302553,cutoff,S3_gaming,1
5300.0,1.4722222222222223,0.6088129982200513,3.7317685783145587,4.69404159768895,45.89771811046953,0.022009103829853185,cutoff,S3_gaming,1
5302.0,1.4727777777777777,0.6086506253984709,3.7387206138593236,4.370968125196539,45.89417013983467,0.022076045656824906,cutoff,S3_gaming,1
5304.0,1.4733333333333334,0.6084885764522873,3.73876481667685,4.362297799468604,45.8907588562144,0.022137448119959113,cutoff,S3_gaming,1
5306.0,1.4738888888888888,0.6083267671681736,3.7387652973256853,4.355843897622352,45.887462601108595,0.02219417280554104,cutoff,S3_gaming,1
5308.0,1.4744444444444444,0.6081651348909898,3.738733776850332,4.351039827931306,45.884264610040404,0.022246887877159116,cutoff,S3_gaming,1
5310.0,1.475,0.6080036330081865,3.738678951804692,4.3474638383754955,45.88115179187025,0.022296116244940718,cutoff,S3_gaming,1
5312.0,1.4755555555555555,0.607842226845903,3.7386072696402675,4.344801990790916,45.8781138190372,0.022342271471254897,cutoff,S3_gaming,1
5314.0,1.4761111111111112,0.6076808906151018,3.738523505371672,4.342820600058937,45.87514244914016,0.022385684550894246,cutoff,S3_gaming,1
5316.0,1.4766666666666666,0.607519605138889,3.7384311905268093,4.341345718756374,45.87223101869269,0.022426623898910477,cutoff,S3_gaming,1
5318.0,1.4772222222222222,0.6073583561610976,3.738332932257167,4.340247866211925,45.86937406505038,0.022465310281451163,cutoff,S3_gaming,1
5320.0,1.4777777777777779,0.607197133087417,3.7382306507504546,4.339430661324142,45.86656704377901,0.022501927980635026,cutoff,S3_gaming,1
5322.0,1.4783333333333333,0.6070359280484332,3.7381257558657452,4.33882236120953,45.86380611710934,0.02253663315414978,cutoff,S3_gaming,1
5324.0,1.478888888888889,0.6068747352022522,3.738019278548,4.338369562853856,45.86108799535495,0.022569560104555103,cutoff,S3_gaming,1
5326.0,1.4794444444444443,0.6067135502154436,3.7379119685936337,4.338032514831052,45.858409817803356,0.02260082599048872,cutoff,S3_gaming,1
5328.0,1.48,0.6065523698767108,3.7378043673760404,4.337781627502835,45.85576906303911,0.022630534375970332,cutoff,S3_gaming,1
5330.0,1.4805555555555556,0.6063911918093537,3.7376968619367936,4.337594875327475,45.85316348122318,0.022658777912789096,cutoff,S3_gaming,1
5332.0,1.481111111111111,0.6062393043704967,3.7430116465003,4.093339659752194,45.852264219902786,0.02262039616536354,cutoff,S3_gaming,1
5334.0,1.4816666666666667,0.6060874192635949,3.7429735509613833,4.093236183770605,45.85132057334525,0.022583869942771322,cutoff,S3_gaming,1
5336.0,1.4822222222222223,0.6059355354083383,3.7429330621651347,4.093159159694513,45.85033451482002,0.02254911633687961,cutoff,S3_gaming,1
5338.0,1.4827777777777778,0.6057836519846866,3.7428904102845113,4.0931018255363165,45.849307967646354,0.022516054655172087,cutoff,S3_gaming,1
5340.0,1.4833333333333334,0.6056317683671035,3.7428457851347336,4.093059147897546,45.84824279593,0.02248460677456007,cutoff,S3_gaming,1
5342.0,1.4838888888888888,0.6054798840755664,3.742799345593986,4.093027380083937,45.84714079873548,0.022454697360129946,cutoff,S3_gaming,1
5344.0,1.4844444444444445,0.6053279987390635,3.7427512266592675,4.0930037331810025,45.846003706763796,0.022426253985517876,cutoff,S3_gaming,1
5346.0,1.485,0.6051761120683893,3.742701544739849,4.092986131213637,45.84483318084625,0.02239920718211783,cutoff,S3_gaming,1
5348.0,1.4855555555555555,0.6050242238358616,3.742650401636882,4.092973028895081,45.843630811742955,0.022373490437274223,cutoff,S3_gaming,1
5350.0,1.4861111111111112,0.6048723338601935,3.7425978875431136,4.092963275965309,45.84239812086833,0.022349040156364044,cutoff,S3_gaming,1
5352.0,1.4866666666666666,0.6047204419952028,3.742544083311399,4.092956016209051,45.841136561663994,0.0223257955997727,cutoff,S3_gaming,1
5354.0,1.4872222222222222,0.604568548121381,3.7424890621771993,4.0929506122881625,45.83984752141323,0.022303698802868855,cutoff,S3_gaming,1
5356.0,1.4877777777777779,0.6044166521395903,3.7424328910730087,4.092946589789343,45.83853232334604,0.02228269448492965,cutoff,S3_gaming,1
5358.0,1.4883333333333333,0.6042647539663469,3.742375631637452,4.092943595575127,45.837192228923506,0.022262729951368562,cutoff,S3_gaming,1
5360.0,1.488888888888889,0.6041128535302869,3.742317340995634,4.092941366781738,45.83582844022136,0.022243754992431485,cutoff,S3_gaming,1
5362.0,1.4894444444444443,0.6039609507695121,3.7422580723677714,4.092939707742134,45.83444210235396,0.022225721780646926,cutoff,S3_gaming,1
5364.0,1.49,0.6038090456295935,3.742197875548695,4.09293847280828,45.833034305897016,0.022208584768664823,cutoff,S3_gaming,1
5366.0,1.4905555555555556,0.6036571380620641,3.742136797289913,4.092937553564629,45.83160608927936,0.02219230058863681,cutoff,S3_gaming,1
5368.0,1.491111111111111,0.6035052280232777,3.742074881607946,4.092936869310256,45.830158441123366,0.022176827953935444,cutoff,S3_gaming,1
5370.0,1.4916666666666667,0.6033533154735408,3.7420121700366153,4.092936359974078,45.82869230251969,0.022162127563748128,cutoff,S3_gaming,1
5372.0,1.4922222222222221,0.6032014003764489,3.7419487018365003,4.092935980841182,45.827208569227594,0.022148162010889705,cutoff,S3_gaming,1
5374.0,1.4927777777777778,0.6030494826983753,3.7418845141714776,4.092935698627277,45.82570809379511,0.02213489569303733,cutoff,S3_gaming,1
5376.0,1.4933333333333334,0.6028975624080755,3.741819642259741,4.092935488556639,45.82419168759633,0.02212229472748951,cutoff,S3_gaming,1
5378.0,1.4938888888888888,0.6027456394763757,3.741754119504881,4.09293533218705,45.822660122784654,0.022110326869477726,cutoff,S3_gaming,1
5380.0,1.4944444444444445,0.6025937138759289,3.7416879776112286,4.092935215790733,45.82111413416231,0.02209896143400679,cutoff,S3_gaming,1
5382.0,1.495,0.6024417855810171,3.7416212466865986,4.092935129149189,45.81955442096747,0.022088169221163263,cutoff,S3_gaming,1
5384.0,1.4955555555555555,0.6022898545673931,3.741553955334855,4.092935064656109,45.81798164858085,0.022077922444806025,cutoff,S3_gaming,1
5386.0,1.4961111111111112,0.6021379208121487,3.741486130740119,4.092935016649606,45.81639645015402,0.022068194664536172,cutoff,S3_gaming,1
5388.0,1.4966666666666666,0.6019859842936055,3.7414177987439974,4.092934980915164,45.814799428162274,0.022058960720832806,cutoff,S3_gaming,1
5390.0,1.4972222222222222,0.6018340449912223,3.7413489839169327,4.092934954315634,45.81319115588474,0.02205019667323514,cutoff,S3_gaming,1
5392.0,1.4977777777777779,0.601682102885515,3.7412797096244907,4.09293493451583,45.81157217881447,0.02204187974144843,cutoff,S3_gaming,1
5394.0,1.4983333333333333,0.6015301579579876,3.7412099980892393,4.092934919777515,45.809943016001775,0.022033988249250767,cutoff,S3_gaming,1
5396.0,1.498888888888889,0.6013782101910697,3.741139870448752,4.092934908806804,45.80830416133333,0.02202650157107891,cutoff,S3_gaming,1
5398.0,1.4994444444444444,0.6012262595680624,3.741069346810132,4.0929349006405715,45.80665608475011,0.022019400081173694,cutoff,S3_gaming,1
5400.0,1.5,0.601074306073088,3.740998446301406,4.0929348945619,45.804999233406875,0.02201266510516861,cutoff,S3_gaming,1
5402.0,1.5005555555555556,0.6009223496910445,3.7409271871200573,4.09293489003714,45.80333403277578,0.02200627887400893,cutoff,S3_gaming,1
5404.0,1.501111111111111,0.6007703904075643,3.7408555865789372,4.092934886669058,45.801660887696954,0.022000224480092586,cutoff,S3_gaming,1
5406.0,1.5016666666666667,0.6006184282089749,3.7407836611497514,4.092934884161971,45.79998018337822,0.02199448583552839,cutoff,S3_gaming,1
5408.0,1.5022222222222221,0.6004664630822633,3.740711426504272,4.092934882295778,45.798292286346694,0.02198904763241119,cutoff,S3_gaming,1
5410.0,1.5027777777777778,0.600314495015042,3.740638897553461,4.092934880906647,45.79659754535421,0.02198389530501801,cutoff,S3_gaming,1
5412.0,1.5033333333333334,0.6001625239955177,3.740566088484595,4.092934879872623,45.79489629223908,0.02197901499383336,cutoff,S3_gaming,1
5414.0,1.5038888888888888,0.6000105500124614,3.740493012796538,4.0929348791029305,45.793188842746034,0.02197439351131594,cutoff,S3_gaming,1
5416.0,1.5044444444444445,0.5998585730551803,3.740419683333254,4.092934878529998,45.791475497306664,0.021970018309323103,cutoff,S3_gaming,1
5418.0,1.505,0.5997065931134914,3.7403461123156605,4.092934878103525,45.78975654178171,0.02196587744811322,cutoff,S3_gaming,1
5420.0,1.5055555555555555,0.5995546101776963,3.740272311371911,4.092934877786073,45.788032248167795,0.021961959566849813,cutoff,S3_gaming,1
5422.0,1.5061111111111112,0.5994026242385573,3.7401982915661955,4.092934877549772,45.78630287526961,0.021958253855534998,cutoff,S3_gaming,1
5424.0,1.5066666666666666,0.5992506352872753,3.7401240634261192,4.092934877373878,45.78456866933968,0.0219547500283031,cutoff,S3_gaming,1
5426.0,1.5072222222222222,0.5990986433154679,3.7400496369687595,4.092934877242948,45.78282986468703,0.02195143829800872,cutoff,S3_gaming,1
5428.0,1.5077777777777779,0.5989466483151494,3.739975021725433,4.092934877145487,45.78108668425643,0.02194830935204653,cutoff,S3_gaming,1
5430.0,1.5083333333333333,0.5987946502787113,3.7399002267652706,4.092934877072942,45.779339340179526,0.021945354329343286,cutoff,S3_gaming,1
5432.0,1.508888888888889,0.5986426491989039,3.7398252607176405,4.0929348770189415,45.777588034299185,0.021942564798465156,cutoff,S3_gaming,1
5434.0,1.5094444444444444,0.5984906450688192,3.739750131793475,4.092934876978745,45.77583295866855,0.021939932736786447,cutoff,S3_gaming,1
5436.0,1.51,0.5983386378818741,3.7396748478055706,4.092934876948824,45.774074296025766,0.02193745051066823,cutoff,S3_gaming,1
5438.0,1.5105555555555557,0.5981866276317945,3.739599416187894,4.092934876926552,45.772312220245794,0.021935110856597984,cutoff,S3_gaming,1
5440.0,1.511111111111111,0.5980346143126005,3.739523844013956,4.092934876909974,45.7705468967702,0.021932906863243617,cutoff,S3_gaming,1
5442.0,1.5116666666666667,0.597882597918592,3.739448138014291,4.092934876897633,45.768778483016256,0.021930831954377627,cutoff,S3_gaming,1
5444.0,1.5122222222222221,0.5977305784443352,3.7393723045930884,4.092934876888447,45.76700712876606,0.02192887987262914,cutoff,S3_gaming,1
5446.0,1.5127777777777778,0.5975785558846498,3.7392963498440155,4.09293487688161,45.765232976536836,0.02192704466402376,cutoff,S3_gaming,1
5448.0,1.5133333333333334,0.5974265302345965,3.739220279565277,4.0929348768765195,45.76345616193333,0.021925320663272983,cutoff,S3_gaming,1
5450.0,1.5138888888888888,0.5972745014894653,3.739144099273942,4.0929348768727305,45.76167681398302,0.021923702479776895,cutoff,S3_gaming,1
5452.0,1.5144444444444445,0.5971224696447646,3.7390678142195743,4.0929348768699105,45.759895055455175,0.021922184984305527,cutoff,S3_gaming,1
5454.0,1.515,0.5969704346962105,3.7389914293972013,4.092934876867812,45.758111003164345,0.021920763296325963,cutoff,S3_gaming,1
5456.0,1.5155555555555555,0.5968183966397168,3.738914949559662,4.092934876866249,45.75632476825916,0.021919432771943945,cutoff,S3_gaming,1
5458.0,1.5161111111111112,0.5966663554713854,3.7388383792293403,4.092934876865086,45.7545364564972,0.02191818899243011,cutoff,S3_gaming,1
5460.0,1.5166666666666666,0.5965143111874968,3.7387617227093495,4.09293487686422,45.75274616850638,0.021917027753302554,cutoff,S3_gaming,1
5462.0,1.5172222222222222,0.5963622637845022,3.738684984094157,4.092934876863575,45.75095400003383,0.02191594505393877,cutoff,S3_gaming,1
5464.0,1.5177777777777777,0.5962102132590146,3.738608167279701,4.0929348768630955,45.749160042182595,0.021914937087691228,cutoff,S3_gaming,1
5466.0,1.5183333333333333,0.5960581596078013,3.7385312759730196,4.0929348768627385,45.74736438163688,0.021914000232482248,cutoff,S3_gaming,1
5468.0,1.518888888888889,0.5959061028277761,3.7384543137014092,4.092934876862473,45.74556710087635,0.02191313104185487,cutoff,S3_gaming,1
5470.0,1.5194444444444444,0.5957540429159927,3.738377283821137,4.092934876862275,45.743768278380124,0.021912326236457638,cutoff,S3_gaming,1
5472.0,1.52,0.5956019798696374,3.7383001895257344,4.092934876862127,45.741967988820754,0.02191158269594229,cutoff,S3_gaming,1
5474.0,1.5205555555555557,0.5954499136860228,3.7382230338538887,4.092934876862018,45.740166303248856,0.021910897451254255,cutoff,S3_gaming,1
5476.0,1.521111111111111,0.5952978443625822,3.738145819696951,4.0929348768619365,45.73836328926885,0.02191026767729698,cutoff,S3_gaming,1
5478.0,1.5216666666666667,0.5951457718968628,3.7380685498060773,4.092934876861876,45.73655901120601,0.021909690685951944,cutoff,S3_gaming,1
5480.0,1.5222222222222221,0.5949936962865211,3.7379912267990276,4.092934876861831,45.734753530265614,0.021909163919437098,cutoff,S3_gaming,1
5482.0,1.5227777777777778,0.5948416175293171,3.7379138531666345,4.092934876861797,45.7329469046842,0.021908684943987324,cutoff,S3_gaming,1
5484.0,1.5233333333333334,0.5946895356231093,3.737836431278955,4.092934876861772,45.73113918987358,0.021908251443841318,cutoff,S3_gaming,1
5486.0,1.5238888888888888,0.5945374505658502,3.73775896339113,4.0929348768617535,45.72933043855789,0.021907861215520026,cutoff,S3_gaming,1
5488.0,1.5244444444444445,0.5943853623555814,3.7376814516489514,4.092934876861739,45.72752070090388,0.021907512162382504,cutoff,S3_gaming,1
5490.0,1.525,0.5942332709904294,3.7376038980941684,4.092934876861729,45.725710024645,0.021907202289445718,cutoff,S3_gaming,1
5492.0,1.5255555555555556,0.5940811764686019,3.7375263046695277,4.0929348768617215,45.723898455199446,0.021906929698455552,cutoff,S3_gaming,1
5494.0,1.5261111111111112,0.5939290787883831,3.7374486732235788,4.092934876861715,45.722086035782375,0.021906692583196784,cutoff,S3_gaming,1
5496.0,1.5266666666666666,0.5937769779481306,3.7373710055152367,4.092934876861712,45.7202728075129,0.021906489225030464,cutoff,S3_gaming,1
5498.0,1.5272222222222223,0.5936248739462715,3.73729330321813,4.092934876861708,45.71845880951555,0.02190631798864767,cutoff,S3_gaming,1
5500.0,1.5277777777777777,0.5934727667812993,3.7372155679247347,4.0929348768617055,45.71664407901727,0.02190617731802915,cutoff,S3_gaming,1
5502.0,1.5283333333333333,0.5933206564517706,3.7371378011503102,4.092934876861704,45.71482865143922,0.02190606573260089,cutoff,S3_gaming,1
5504.0,1.528888888888889,0.5931685429563017,3.737060004336644,4.092934876861703,45.713012560484515,0.02190598182357603,cutoff,S3_gaming,1
5506.0,1.5294444444444444,0.5930164262935663,3.7369821788556115,4.092934876861702,45.711195838221514,0.021905924250474197,cutoff,S3_gaming,1
5508.0,1.53,0.5928643064622924,3.7369043260125667,4.092934876861701,45.70937851516311,0.02190589173780959,cutoff,S3_gaming,1
5510.0,1.5305555555555554,0.5927121834612595,3.73682644704957,4.0929348768617,45.70756062034218,0.021905883071939643,cutoff,S3_gaming,1
5512.0,1.531111111111111,0.5925600572892965,3.736748543148451,4.0929348768617,45.70574218138336,0.02190589709806647,cutoff,S3_gaming,1
5514.0,1.5316666666666667,0.5924079279452789,3.7366706154337366,4.0929348768617,45.70392322457133,0.021905932717383732,cutoff,S3_gaming,1
5516.0,1.5322222222222222,0.5922557954281267,3.7365926649754218,4.092934876861699,45.70210377491589,0.02190598888436182,cutoff,S3_gaming,1
5518.0,1.5327777777777778,0.5921036597368026,3.7365146927916197,4.092934876861699,45.70028385621373,0.021906064604164673,cutoff,S3_gaming,1
5520.0,1.5333333333333334,0.5919515208703093,3.7364366998510743,4.092934876861699,45.698463491107276,0.021906158930191846,cutoff,S3_gaming,1
5522.0,1.5338888888888889,0.5917993788276881,3.7363586870755525,4.092934876861699,45.696642701140654,0.021906270961739752,cutoff,S3_gaming,1
5524.0,1.5344444444444445,0.5916472336080166,3.7362806553421257,4.092934876861699,45.694821506813064,0.021906399841776315,cutoff,S3_gaming,1
5526.0,1.535,0.5914950852104073,3.736202605485335,4.092934876861699,45.692999927629344,0.021906544754823495,cutoff,S3_gaming,1
5528.0,1.5355555555555556,0.5913429336340056,3.7361245382992494,4.092934876861699,45.691177982148275,0.021906704924942507,cutoff,S3_gaming,1
5530.0,1.5361111111111112,0.5911907788779884,3.7360464545394376,4.092934876861699,45.68935568802839,0.02190687961381672,cutoff,S3_gaming,1
5532.0,1.5366666666666666,0.5910386209415627,3.735968354924825,4.092934876861699,45.687533062071786,0.021907068118927505,cutoff,S3_gaming,1
5534.0,1.5372222222222223,0.5908864598239637,3.735890240139473,4.092934876861699,45.685710120265504,0.021907269771818536,cutoff,S3_gaming,1
5536.0,1.5377777777777777,0.5907342955244539,3.7358121108342766,4.092934876861699,45.683886877821145,0.021907483936444247,cutoff,S3_gaming,1
5538.0,1.5383333333333333,0.5905821280423215,3.73573396762856,4.092934876861699,45.6820633492125,0.021907710007598353,cutoff,S3_gaming,1
5540.0,1.538888888888889,0.5904299573768791,3.7356558111116183,4.092934876861699,45.68023954821125,0.021907947409418597,cutoff,S3_gaming,1
5542.0,1.5394444444444444,0.5902777835274629,3.7355776418441664,4.092934876861699,45.67841548792115,0.021908195593963956,cutoff,S3_gaming,1
5544.0,1.54,0.5901256064934312,3.735499460359728,4.092934876861699,45.67659118081028,0.021908454039860872,cutoff,S3_gaming,1
5546.0,1.5405555555555555,0.5899734262741633,3.735421267165955,4.092934876861699,45.674766638742,0.021908722251015093,cutoff,S3_gaming,1
5548.0,1.541111111111111,0.5898212428690588,3.735343062745877,4.092934876861699,45.67294187300425,0.02190899975538598,cutoff,S3_gaming,1
5550.0,1.5416666666666667,0.5896690562775364,3.7352648475591,4.092934876861699,45.67111689433739,0.021909286103820258,cutoff,S3_gaming,1
5552.0,1.5422222222222222,0.5895168664990329,3.7351866220429413,4.092934876861699,45.66929171296085,0.02190958086894229,cutoff,S3_gaming,1
5554.0,1.5427777777777778,0.5893646735330025,3.7351083866135077,4.092934876861699,45.66746633859836,0.021909883644098176,cutoff,S3_gaming,1
5556.0,1.5433333333333332,0.5892124773789158,3.735030141666726,4.092934876861699,45.66564078050199,0.021910194042351033,cutoff,S3_gaming,1
5558.0,1.5438888888888889,0.5890602780362592,3.734951887579321,4.092934876861699,45.663815047475026,0.021910511695525013,cutoff,S3_gaming,1
5560.0,1.5444444444444445,0.588908075504534,3.734873624709746,4.092934876861699,45.66198914789376,0.021910836253295644,cutoff,S3_gaming,1
5562.0,1.545,0.5887558697832554,3.7347953533990705,4.092934876861699,45.6601630897282,0.0219111673823243,cutoff,S3_gaming,1
5564.0,1.5455555555555556,0.5886036608719528,3.734717073971818,4.092934876861699,45.65833688056173,0.021911504765434624,cutoff,S3_gaming,1
5566.0,1.5461111111111112,0.5884514487701678,3.734638786736776,4.092934876861699,45.656510527609896,0.021911848100828885,cutoff,S3_gaming,1
5568.0,1.5466666666666666,0.5882992334774543,3.7345604919877524,4.092934876861699,45.6546840377383,0.021912197101342342,cutoff,S3_gaming,1
5570.0,1.5472222222222223,0.5881470149933782,3.7344821900043046,4.092934876861699,45.65285741747945,0.02191255149373374,cutoff,S3_gaming,1
5572.0,1.5477777777777777,0.5879947933175161,3.734403881052431,4.092934876861699,45.651030673049064,0.021912911018010232,cutoff,S3_gaming,1
5574.0,1.5483333333333333,0.5878425684494555,3.7343255653852245,4.092934876861699,45.64920381036129,0.02191327542678501,cutoff,S3_gaming,1
5576.0,1.548888888888889,0.5876903403887935,3.7342472432435048,4.092934876861699,45.64737683504347,0.021913644484666095,cutoff,S3_gaming,1
5578.0,1.5494444444444444,0.587538109135137,3.734168914856409,4.092934876861699,45.64554975244992,0.02191401796767476,cutoff,S3_gaming,1
5580.0,1.55,0.587385874688102,3.7340905804419555,4.092934876861699,45.6437225676753,0.021914395662692147,cutoff,S3_gaming,1
5582.0,1.5505555555555555,0.5872336370473129,3.734012240207592,4.092934876861699,45.641895285567095,0.02191477736693272,cutoff,S3_gaming,1
5584.0,1.551111111111111,0.5870813962124026,3.733933894350696,4.092934876861699,45.64006791073768,0.02191516288744325,cutoff,S3_gaming,1
5586.0,1.5516666666666667,0.5869291521830117,3.733855543059075,4.092934876861699,45.638240447575726,0.021915552040626084,cutoff,S3_gaming,1
5588.0,1.5522222222222222,0.586776904958788,3.7337771865114235,4.092934876861699,45.63641290025697,0.02191594465178554,cutoff,S3_gaming,1
5590.0,1.5527777777777778,0.5866246545393867,3.7336988248777634,4.092934876861699,45.634585272754634,0.02191634055469627,cutoff,S3_gaming,1
5592.0,1.5533333333333332,0.5864724009244696,3.7336204583198698,4.092934876861699,45.63275756884922,0.021916739591192606,cutoff,S3_gaming,1
5594.0,1.5538888888888889,0.5863201441137049,3.7335420869916702,4.092934876861699,45.63092979213781,0.021917141610777745,cutoff,S3_gaming,1
5596.0,1.5544444444444445,0.586167884106767,3.73346371103962,4.092934876861699,45.62910194604308,0.02191754647025194,cutoff,S3_gaming,1
5598.0,1.555,0.5860156209033359,3.733385330603069,4.092934876861699,45.62727403382155,0.02191795403335869,cutoff,S3_gaming,1
5600.0,1.5555555555555556,0.5858633545030972,3.7333069458146064,4.092934876861699,45.6254460585719,0.021918364170448096,cutoff,S3_gaming,1
5602.0,1.556111111111111,0.5857110849057418,3.7332285568003853,4.092934876861699,45.623618023242464,0.02191877675815653,cutoff,S3_gaming,1
5604.0,1.5566666666666666,0.5855588121109654,3.733150163680437,4.092934876861699,45.621789930638506,0.021919191679101856,cutoff,S3_gaming,1
5606.0,1.5572222222222223,0.5854065361184688,3.7330717665689677,4.092934876861699,45.619961783429304,0.021919608821593394,cutoff,S3_gaming,1
5608.0,1.5577777777777777,0.5852542569279571,3.732993365574641,4.092934876861699,45.61813358415459,0.02192002807935598,cutoff,S3_gaming,1
5610.0,1.5583333333333333,0.5851019745391395,3.7329149608008447,4.092934876861699,45.616305335230926,0.021920449351267395,cutoff,S3_gaming,1
5612.0,1.558888888888889,0.5849496889517296,3.73283655234595,4.092934876861699,45.61447703895763,0.021920872541108503,cutoff,S3_gaming,1
5614.0,1.5594444444444444,0.5847974001654448,3.7327581403035524,4.092934876861699,45.61264869752251,0.021921297557325546,cutoff,S3_gaming,1
5616.0,1.56,0.584645108180006,3.7326797247627024,4.092934876861699,45.610820313007224,0.02192172431280392,cutoff,S3_gaming,1
5618.0,1.5605555555555555,0.584492812995138,3.7326013058081284,4.092934876861699,45.60899188739247,0.02192215272465296,cutoff,S3_gaming,1
5620.0,1.5611111111111111,0.5843405146105687,3.7325228835204447,4.092934876861699,45.60716342256283,0.021922582714001118,cutoff,S3_gaming,1
5622.0,1.5616666666666668,0.5841882130260292,3.7324444579763516,4.092934876861699,45.60533492031153,0.021923014205801117,cutoff,S3_gaming,1
5624.0,1.5622222222222222,0.5840359082412536,3.732366029248825,4.092934876861699,45.60350638234474,0.021923447128644514,cutoff,S3_gaming,1
5626.0,1.5627777777777778,0.583883600255979,3.7322875974072947,4.092934876861699,45.60167781028589,0.02192388141458528,cutoff,S3_gaming,1
5628.0,1.5633333333333332,0.583731289069945,3.7322091625178215,4.092934876861699,45.59984920567969,0.021924316998971904,cutoff,S3_gaming,1
5630.0,1.5638888888888889,0.5835789746828941,3.732130724643256,4.092934876861699,45.59802056999587,0.02192475382028769,cutoff,S3_gaming,1
5632.0,1.5644444444444445,0.5834266570945712,3.7320522838433954,4.092934876861699,45.596191904632875,0.02192519181999873,cutoff,S3_gaming,1
5634.0,1.565,0.5832743363047234,3.731973840175133,4.092934876861699,45.59436321092131,0.021925630942409298,cutoff,S3_gaming,1
5636.0,1.5655555555555556,0.5831220123131001,3.731895393692597,4.092934876861699,45.59253449012724,0.02192607113452425,cutoff,S3_gaming,1
5638.0,1.566111111111111,0.5829696851194531,3.7318169444472855,4.092934876861699,45.590705743455295,0.021926512345918067,cutoff,S3_gaming,1
5640.0,1.5666666666666667,0.5828173547235359,3.731738492488195,4.092934876861699,45.5888769720517,0.02192695452861027,cutoff,S3_gaming,1
5642.0,1.5672222222222223,0.582665021125104,3.731660037861939,4.092934876861699,45.58704817700704,0.02192739763694688,cutoff,S3_gaming,1
5644.0,1.5677777777777777,0.5825126843239148,3.731581580612867,4.092934876861699,45.58521935935901,0.021927841627487604,cutoff,S3_gaming,1
5646.0,1.5683333333333334,0.5823603443197274,3.73150312078317,4.092934876861699,45.58339052009494,0.021928286458898525,cutoff,S3_gaming,1
5648.0,1.568888888888889,0.5822080011123025,3.7314246584129904,4.092934876861699,45.58156166015428,0.021928732091849947,cutoff,S3_gaming,1
5650.0,1.5694444444444444,0.5820556547014026,3.7313461935405177,4.092934876861699,45.5797327804309,0.021929178488919236,cutoff,S3_gaming,1
5652.0,1.57,0.5819033050867914,3.731267726202082,4.092934876861699,45.57790388177532,0.021929625614498353,cutoff,S3_gaming,1
5654.0,1.5705555555555555,0.5817509522682344,3.731189256432248,4.092934876861699,45.576074964996785,0.02193007343470587,cutoff,S3_gaming,1
5656.0,1.5711111111111111,0.5815985962454979,3.7311107842638997,4.092934876861699,45.57424603086525,0.021930521917303266,cutoff,S3_gaming,1
5658.0,1.5716666666666668,0.5814462370183502,3.7310323097283193,4.092934876861699,45.57241708011335,0.021930971031615246,cutoff,S3_gaming,1
5660.0,1.5722222222222222,0.5812938745865601,3.730953832855266,4.092934876861699,45.570588113438184,0.021931420748453976,cutoff,S3_gaming,1
5662.0,1.5727777777777778,0.5811415089498981,3.730875353673053,4.092934876861699,45.56875913150298,0.02193187104004694,cutoff,S3_gaming,1
5664.0,1.5733333333333333,0.5809891401081356,3.730796872208612,4.092934876861699,45.56693013493884,0.021932321879968335,cutoff,S3_gaming,1
5666.0,1.573888888888889,0.5808367680610451,3.730718388487565,4.092934876861699,45.56510112434624,0.02193277324307377,cutoff,S3_gaming,1
5668.0,1.5744444444444445,0.5806843928084,3.730639902534286,4.092934876861699,45.563272100296466,0.02193322510543812,cutoff,S3_gaming,1
5670.0,1.575,0.5805320143499748,3.7305614143719596,4.092934876861699,45.561443063333144,0.021933677444296446,cutoff,S3_gaming,1
5672.0,1.5755555555555556,0.5803796326855447,3.7304829240226427,4.092934876861699,45.559614013973494,0.021934130237987702,cutoff,S3_gaming,1
5674.0,1.576111111111111,0.580227247814886,3.7304044315073153,4.092934876861699,45.55778495270965,0.021934583465901245,cutoff,S3_gaming,1
5676.0,1.5766666666666667,0.5800748597377756,3.730325936845936,4.092934876861699,45.55595588000989,0.02193503710842589,cutoff,S3_gaming,1
5678.0,1.5772222222222223,0.5799224684539914,3.730247440057488,4.092934876861699,45.55412679631971,0.021935491146901454,cutoff,S3_gaming,1
5680.0,1.5777777777777777,0.5797700739633119,3.730168941160031,4.092934876861699,45.552297702063015,0.021935945563572645,cutoff,S3_gaming,1
5682.0,1.5783333333333334,0.5796176762655163,3.730090440170741,4.092934876861699,45.550468597643196,0.021936400341545193,cutoff,S3_gaming,1
5684.0,1.5788888888888888,0.5794652753603844,3.7300119371059557,4.092934876861699,45.54863948344395,0.021936855464744102,cutoff,S3_gaming,1
5686.0,1.5794444444444444,0.5793128712476967,3.729933431981215,4.092934876861699,45.54681035983047,0.021937310917873924,cutoff,S3_gaming,1
5688.0,1.58,0.5791604639272344,3.729854924811301,4.092934876861699,45.54498122715017,0.021937766686380963,cutoff,S3_gaming,1
5690.0,1.5805555555555555,0.5790080533987791,3.7297764156102713,4.092934876861699,45.5431520857336,0.021938222756417318,cutoff,S3_gaming,1
5692.0,1.5811111111111111,0.5788556396621132,3.729697904391497,4.092934876861699,45.54132293589529,0.021938679114806653,cutoff,S3_gaming,1
5694.0,1.5816666666666668,0.5787032227170192,3.7296193911676965,4.092934876861699,45.539493777934474,0.021939135749011643,cutoff,S3_gaming,1
5696.0,1.5822222222222222,0.5785508025632805,3.7295408759509625,4.092934876861699,45.53766461213593,0.021939592647102987,cutoff,S3_gaming,1
5698.0,1.5827777777777778,0.5783983792006807,3.7294623587527984,4.092934876861699,45.53583543877052,0.02194004979772993,cutoff,S3_gaming,1
5700.0,1.5833333333333333,0.578245952629004,3.729383839584143,4.092934876861699,45.53400625809601,0.021940507190092218,cutoff,S3_gaming,1
5702.0,1.583888888888889,0.578093522848035,3.7293053184553986,4.092934876861699,45.53217707035768,0.021940964813913392,cutoff,S3_gaming,1
5704.0,1.5844444444444445,0.5779410898575584,3.729226795376459,4.092934876861699,45.53034787578884,0.021941422659415406,cutoff,S3_gaming,1
5706.0,1.585,0.5777886536573598,3.7291482703567302,4.092934876861699,45.528518674611526,0.02194188071729446,cutoff,S3_gaming,1
5708.0,1.5855555555555556,0.5776362142472247,3.729069743405158,4.092934876861699,45.52668946703696,0.021942338978698,cutoff,S3_gaming,1
5710.0,1.586111111111111,0.5774837716269391,3.7289912145302475,4.092934876861699,45.52486025326615,0.02194279743520284,cutoff,S3_gaming,1
5712.0,1.5866666666666667,0.5773313257962894,3.7289126837400866,4.092934876861699,45.5230310334903,0.021943256078794347,cutoff,S3_gaming,1
5714.0,1.5872222222222223,0.5771788767550622,3.7288341510423653,4.092934876861699,45.52120180789136,0.021943714901846635,cutoff,S3_gaming,1
5716.0,1.5877777777777777,0.5770264245030444,3.728755616444394,4.092934876861699,45.519372576642404,0.021944173897103715,cutoff,S3_gaming,1
5718.0,1.5883333333333334,0.5768739690400233,3.728677079953123,4.092934876861699,45.517543339908194,0.02194463305766155,cutoff,S3_gaming,1
5720.0,1.5888888888888888,0.5767215103657863,3.728598541575161,4.092934876861699,45.51571409784536,0.02194509237695101,cutoff,S3_gaming,1
5722.0,1.5894444444444444,0.5765690484801211,3.728520001316789,4.092934876861699,45.51388485060306,0.021945551848721618,cutoff,S3_gaming,1
5724.0,1.59,0.5764165833828157,3.7284414591839794,4.092934876861699,45.512055598323116,0.021946011467026107,cutoff,S3_gaming,1
5726.0,1.5905555555555555,0.576264115073658,3.728362915182407,4.092934876861699,45.51022634114048,0.021946471226205716,cutoff,S3_gaming,1
5728.0,1.5911111111111111,0.5761116435524367,3.7282843693174677,4.092934876861699,45.50839707918358,0.02194693112087621,cutoff,S3_gaming,1
5730.0,1.5916666666666666,0.5759591688189402,3.7282058215942877,4.092934876861699,45.50656781257456,0.02194739114591456,cutoff,S3_gaming,1
5732.0,1.5922222222222222,0.5758066908729572,3.728127272017741,4.092934876861699,45.50473854142968,0.021947851296446278,cutoff,S3_gaming,1
5734.0,1.5927777777777778,0.5756542097142767,3.728048720592459,4.092934876861699,45.50290926585951,0.02194831156783338,cutoff,S3_gaming,1
5736.0,1.5933333333333333,0.5755017253426877,3.7279701673228423,4.092934876861699,45.501079985969255,0.0219487719556629,cutoff,S3_gaming,1
5738.0,1.593888888888889,0.5753492377579795,3.7278916122130714,4.092934876861699,45.49925070185902,0.021949232455735993,cutoff,S3_gaming,1
5740.0,1.5944444444444446,0.5751967469599416,3.7278130552671205,4.092934876861699,45.49742141362406,0.021949693064057554,cutoff,S3_gaming,1
5742.0,1.595,0.5750442529483634,3.7277344964887638,4.092934876861699,45.49559212135496,0.021950153776826332,cutoff,S3_gaming,1
5744.0,1.5955555555555556,0.5748917557230345,3.727655935881587,4.092934876861699,45.493762825137935,0.02195061459042554,cutoff,S3_gaming,1
5746.0,1.596111111111111,0.5747392552837449,3.727577373448995,4.092934876861699,45.491933525054975,0.021951075501413897,cutoff,S3_gaming,1
5748.0,1.5966666666666667,0.5745867516302844,3.7274988091942243,4.092934876861699,45.49010422118414,0.021951536506517138,cutoff,S3_gaming,1
5750.0,1.5972222222222223,0.574434244762443,3.7274202431203465,4.092934876861699,45.488274913599625,0.0219519976026199,cutoff,S3_gaming,1
5752.0,1.5977777777777777,0.5742817346800108,3.7273416752302793,4.092934876861699,45.48644560237206,0.021952458786758028,cutoff,S3_gaming,1
5754.0,1.5983333333333334,0.574129221382778,3.7272631055267937,4.092934876861699,45.48461628756865,0.021952920056111238,cutoff,S3_gaming,1
5756.0,1.5988888888888888,0.5739767048705351,3.7271845340125194,4.092934876861699,45.48278696925329,0.02195338140799614,cutoff,S3_gaming,1
5758.0,1.5994444444444444,0.5738241851430723,3.7271059606899524,4.092934876861699,45.480957647486804,0.021953842839859614,cutoff,S3_gaming,1
5760.0,1.6,0.5736716622001803,3.7270273855614637,4.092934876861699,45.47912832232702,0.021954304349272473,cutoff,S3_gaming,1
5762.0,1.6005555555555555,0.5735191360416495,3.7269488086293032,4.092934876861699,45.47729899382901,0.021954765933923474,cutoff,S3_gaming,1
5764.0,1.6011111111111112,0.5733666066672706,3.726870229895603,4.092934876861699,45.475469662045086,0.021955227591613585,cutoff,S3_gaming,1
5766.0,1.6016666666666666,0.5732140740768342,3.7267916493623896,4.092934876861699,45.47364032702507,0.021955689320250552,cutoff,S3_gaming,1
5768.0,1.6022222222222222,0.5730615382701312,3.7267130670315836,4.092934876861699,45.47181098881635,0.02195615111784372,cutoff,S3_gaming,1
5770.0,1.6027777777777779,0.5729089992469523,3.726634482905007,4.092934876861699,45.469981647463996,0.02195661298249911,cutoff,S3_gaming,1
5772.0,1.6033333333333333,0.5727564570070883,3.726555896984388,4.092934876861699,45.468152303010875,0.021957074912414724,cutoff,S3_gaming,1
5774.0,1.603888888888889,0.5726039115503304,3.7264773092713646,4.092934876861699,45.4663229554978,0.021957536905876093,cutoff,S3_gaming,1
5776.0,1.6044444444444443,0.5724513628764694,3.7263987197674893,4.092934876861699,45.464493604963536,0.02195799896125203,cutoff,S3_gaming,1
5778.0,1.605,0.5722988109852962,3.7263201284742355,4.092934876861699,45.46266425144502,0.021958461076990593,cutoff,S3_gaming,1
5780.0,1.6055555555555556,0.5721462558766022,3.7262415353929965,4.092934876861699,45.46083489497734,0.021958923251615248,cutoff,S3_gaming,1
5782.0,1.606111111111111,0.5719936975501781,3.726162940525093,4.092934876861699,45.45900553559391,0.021959385483721196,cutoff,S3_gaming,1
5784.0,1.6066666666666667,0.5718411360058154,3.726084343871778,4.092934876861699,45.45717617332649,0.021959847771971918,cutoff,S3_gaming,1
5786.0,1.6072222222222223,0.5716885712433051,3.7260057454342346,4.092934876861699,45.4553468082053,0.021960310115095846,cutoff,S3_gaming,1
5788.0,1.6077777777777778,0.5715360032624384,3.725927145213586,4.092934876861699,45.45351744025909,0.021960772511883227,cutoff,S3_gaming,1
5790.0,1.6083333333333334,0.5713834320630065,3.7258485432108923,4.092934876861699,45.45168806951517,0.021961234961183112,cutoff,S3_gaming,1
5792.0,1.6088888888888888,0.5712308576448005,3.7257699394271575,4.092934876861699,45.44985869599958,0.021961697461900517,cutoff,S3_gaming,1
5794.0,1.6094444444444445,0.571078280007612,3.725691333863331,4.092934876861699,45.448029319737,0.021962160012993705,cutoff,S3_gaming,1
5796.0,1.61,0.570925699151232,3.725612726520312,4.092934876861699,45.446199940751015,0.021962622613471604,cutoff,S3_gaming,1
5798.0,1.6105555555555555,0.570773115075452,3.7255341173989476,4.092934876861699,45.44437055906397,0.021963085262391355,cutoff,S3_gaming,1
5800.0,1.6111111111111112,0.5706205277800632,3.7254555065000377,4.092934876861699,45.442541174697126,0.021963547958855967,cutoff,S3_gaming,1
5802.0,1.6116666666666666,0.570467937264857,3.7253768938243415,4.092934876861699,45.44071178767074,0.021964010702012097,cutoff,S3_gaming,1
5804.0,1.6122222222222222,0.5703153435296247,3.7252982793725717,4.092934876861699,45.43888239800406,0.021964473491047937,cutoff,S3_gaming,1
5806.0,1.6127777777777779,0.5701627465741576,3.7252196631454013,4.092934876861699,45.43705300571538,0.02196493632519119,cutoff,S3_gaming,1
5808.0,1.6133333333333333,0.5700101463982471,3.725141045143467,4.092934876861699,45.435223610822106,0.021965399203707173,cutoff,S3_gaming,1
5810.0,1.613888888888889,0.5698575430016847,3.725062425367366,4.092934876861699,45.43339421334077,0.02196586212589697,cutoff,S3_gaming,1
5812.0,1.6144444444444443,0.5697049363842617,3.7249838038176617,4.092934876861699,45.43156481328715,0.021966325091095716,cutoff,S3_gaming,1
5814.0,1.615,0.5695523265457695,3.7249051804948854,4.092934876861699,45.42973541067618,0.021966788098670937,cutoff,S3_gaming,1
5816.0,1.6155555555555556,0.5693997134859994,3.724826555399536,4.092934876861699,45.427906005522104,0.02196725114802098,cutoff,S3_gaming,1
5818.0,1.616111111111111,0.5692470972047429,3.7247479285320813,4.092934876861699,45.42607659783845,0.021967714238573532,cutoff,S3_gaming,1
5820.0,1.6166666666666667,0.5690944777017913,3.7246692998929625,4.092934876861699,45.4242471876381,0.02196817736978417,cutoff,S3_gaming,1
5822.0,1.6172222222222221,0.5689418549769361,3.724590669482592,4.092934876861699,45.42241777493326,0.02196864054113504,cutoff,S3_gaming,1
5824.0,1.6177777777777778,0.5687892290299685,3.724512037301358,4.092934876861699,45.420588359735575,0.021969103752133543,cutoff,S3_gaming,1
5826.0,1.6183333333333334,0.5686365998606802,3.7244334033496216,4.092934876861699,45.41875894205607,0.02196956700231113,cutoff,S3_gaming,1
5828.0,1.6188888888888888,0.5684839674688623,3.724354767627723,4.092934876861699,45.41692952190532,0.02197003029122212,cutoff,S3_gaming,1
5830.0,1.6194444444444445,0.5683313318543063,3.724276130135978,4.092934876861699,45.41510009929324,0.021970493618442607,cutoff,S3_gaming,1
5832.0,1.62,0.5681786930168036,3.7241974908746838,4.092934876861699,45.41327067422939,0.021970956983569385,cutoff,S3_gaming,1
5834.0,1.6205555555555555,0.5680260509561454,3.724118849844114,4.092934876861699,45.41144124672274,0.02197142038621897,cutoff,S3_gaming,1
5836.0,1.6211111111111112,0.5678734056721233,3.724040207044526,4.092934876861699,45.409611816781904,0.021971883826026613,cutoff,S3_gaming,1
5838.0,1.6216666666666666,0.5677207571645284,3.7239615624761573,4.092934876861699,45.407782384415015,0.021972347302645422,cutoff,S3_gaming,1
5840.0,1.6222222222222222,0.5675681054331523,3.723882916139229,4.092934876861699,45.40595294962985,0.021972810815745477,cutoff,S3_gaming,1
5842.0,1.6227777777777779,0.5674154504777861,3.7238042680339443,4.092934876861699,45.404123512433756,0.02197327436501301,cutoff,S3_gaming,1
5844.0,1.6233333333333333,0.5672627922982213,3.7237256181604907,4.092934876861699,45.40229407283371,0.02197373795014963,cutoff,S3_gaming,1
5846.0,1.623888888888889,0.5671101308942491,3.723646966519044,4.092934876861699,45.40046463083638,0.021974201570871564,cutoff,S3_gaming,1
5848.0,1.6244444444444444,0.5669574662656609,3.723568313109761,4.092934876861699,45.39863518644809,0.021974665226908965,cutoff,S3_gaming,1
5850.0,1.625,0.566804798412248,3.723489657932788,4.092934876861699,45.39680573967481,0.02197512891800522,cutoff,S3_gaming,1
5852.0,1.6255555555555556,0.5666521273338015,3.723411000988257,4.092934876861699,45.39497629052226,0.02197559264391632,cutoff,S3_gaming,1
5854.0,1.626111111111111,0.5664994530301128,3.723332342276289,4.092934876861699,45.393146838995854,0.02197605640441025,cutoff,S3_gaming,1
5856.0,1.6266666666666667,0.5663467755009732,3.7232536817969915,4.092934876861699,45.39131738510072,0.02197652019926639,cutoff,S3_gaming,1
5858.0,1.6272222222222221,0.5661940947461739,3.7231750195504634,4.092934876861699,45.38948792884177,0.021976984028274988,cutoff,S3_gaming,1
5860.0,1.6277777777777778,0.5660414107655061,3.7230963555367897,4.092934876861699,45.387658470223585,0.021977447891236613,cutoff,S3_gaming,1
5862.0,1.6283333333333334,0.565888723558761,3.7230176897560487,4.092934876861699,45.385829009250614,0.021977911787961667,cutoff,S3_gaming,1
5864.0,1.6288888888888888,0.5657360331257298,3.7229390222083065,4.092934876861699,45.38399954592702,0.0219783757182699,cutoff,S3_gaming,1
5866.0,1.6294444444444445,0.5655833394662038,3.7228603528936217,4.092934876861699,45.38217008025677,0.02197883968198996,cutoff,S3_gaming,1
5868.0,1.63,0.565430642579974,3.722781681812043,4.092934876861699,45.38034061224362,0.021979303678958964,cutoff,S3_gaming,1
5870.0,1.6305555555555555,0.5652779424668316,3.7227030089636126,4.092934876861699,45.37851114189114,0.021979767709022085,cutoff,S3_gaming,1
5872.0,1.6311111111111112,0.5651252391265678,3.7226243343483634,4.092934876861699,45.376681669202725,0.021980231772032156,cutoff,S3_gaming,1
5874.0,1.6316666666666666,0.5649725325589736,3.7225456579663203,4.092934876861699,45.37485219418162,0.02198069586784931,cutoff,S3_gaming,1
5876.0,1.6322222222222222,0.5648198227638402,3.7224669798175034,4.092934876861699,45.37302271683084,0.02198115999634062,cutoff,S3_gaming,1
5878.0,1.6327777777777779,0.5646671097409588,3.722388299901923,4.092934876861699,45.37119323715327,0.021981624157379764,cutoff,S3_gaming,1
5880.0,1.6333333333333333,0.5645143934901202,3.722309618219586,4.092934876861699,45.36936375515167,0.021982088350846696,cutoff,S3_gaming,1
5882.0,1.633888888888889,0.5643616740111156,3.72223093477049,4.092934876861699,45.36753427082864,0.02198255257662736,cutoff,S3_gaming,1
5884.0,1.6344444444444444,0.564208951303736,3.72215224955463,4.092934876861699,45.36570478418664,0.02198301683461338,cutoff,S3_gaming,1
5886.0,1.635,0.5640562253677724,3.722073562571993,4.092934876861699,45.363875295228006,0.021983481124701797,cutoff,S3_gaming,1
5888.0,1.6355555555555557,0.5639034962030158,3.721994873822562,4.092934876861699,45.36204580395495,0.021983945446794807,cutoff,S3_gaming,1
5890.0,1.636111111111111,0.5637507638092573,3.721916183306314,4.092934876861699,45.36021631036958,0.021984409800799503,cutoff,S3_gaming,1
5892.0,1.6366666666666667,0.5635980281862877,3.7218374910232224,4.092934876861699,45.35838681447383,0.02198487418662764,cutoff,S3_gaming,1
5894.0,1.6372222222222221,0.5634452893338979,3.721758796973256,4.092934876861699,45.35655731626966,0.02198533860419541,cutoff,S3_gaming,1
5896.0,1.6377777777777778,0.5632925472518789,3.721680101156378,4.092934876861699,45.35472781575878,0.021985803053423236,cutoff,S3_gaming,1
5898.0,1.6383333333333334,0.5631398019400217,3.721601403572547,4.092934876861699,45.35289831294288,0.02198626753423555,cutoff,S3_gaming,1
5900.0,1.6388888888888888,0.5629870533981169,3.721522704221721,4.092934876861699,45.35106880782359,0.021986732046560608,cutoff,S3_gaming,1
5902.0,1.6394444444444445,0.5628343016259557,3.7214440031038514,4.092934876861699,45.34923930040239,0.02198719659033031,cutoff,S3_gaming,1
5904.0,1.64,0.5626815466233287,3.721365300218886,4.092934876861699,45.34740979068069,0.02198766116548001,cutoff,S3_gaming,1
5906.0,1.6405555555555555,0.5625287883900268,3.72128659556677,4.092934876861699,45.34558027865985,0.02198812577194836,cutoff,S3_gaming,1
5908.0,1.6411111111111112,0.5623760269258409,3.721207889147446,4.092934876861699,45.34375076434113,0.021988590409677145,cutoff,S3_gaming,1
5910.0,1.6416666666666666,0.5622232622305615,3.7211291809608533,4.092934876861699,45.341921247725736,0.021989055078611132,cutoff,S3_gaming,1
5912.0,1.6422222222222222,0.5620704943039796,3.7210504710069268,4.092934876861699,45.34009172881478,0.02198951977869792,cutoff,S3_gaming,1
5914.0,1.6427777777777777,0.5619177231458858,3.7209717592856,4.092934876861699,45.33826220760933,0.021989984509887817,cutoff,S3_gaming,1
5916.0,1.6433333333333333,0.561764948756071,3.7208930457968035,4.092934876861699,45.33643268411042,0.021990449272133693,cutoff,S3_gaming,1
5918.0,1.643888888888889,0.5616121711343257,3.720814330540466,4.092934876861699,45.334603158318984,0.021990914065390867,cutoff,S3_gaming,1
5920.0,1.6444444444444444,0.5614593902804407,3.7207356135165117,4.092934876861699,45.33277363023588,0.021991378889616983,cutoff,S3_gaming,1
5922.0,1.645,0.5613066061942066,3.7206568947248653,4.092934876861699,45.33094409986197,0.021991843744771894,cutoff,S3_gaming,1
5924.0,1.6455555555555557,0.5611538188754139,3.7205781741654476,4.092934876861699,45.32911456719805,0.021992308630817563,cutoff,S3_gaming,1
5926.0,1.646111111111111,0.5610010283238535,3.7204994518381773,4.092934876861699,45.32728503224484,0.021992773547717955,cutoff,S3_gaming,1
5928.0,1.6466666666666667,0.5608482345393158,3.720420727742971,4.092934876861699,45.32545549500303,0.021993238495438945,cutoff,S3_gaming,1
5930.0,1.6472222222222221,0.5606954375215913,3.7203420018797453,4.092934876861699,45.32362595547329,0.02199370347394822,cutoff,S3_gaming,1
5932.0,1.6477777777777778,0.5605426372704708,3.7202632742484134,4.092934876861699,45.32179641365622,0.02199416848321519,cutoff,S3_gaming,1
5934.0,1.6483333333333334,0.5603898337857447,3.720184544848887,4.092934876861699,45.3199668695524,0.021994633523210915,cutoff,S3_gaming,1
5936.0,1.6488888888888888,0.5602370270672035,3.7201058136810765,4.092934876861699,45.31813732316236,0.02199509859390801,cutoff,S3_gaming,1
5938.0,1.6494444444444445,0.5600842171146375,3.7200270807448894,4.092934876861699,45.31630777448658,0.021995563695280586,cutoff,S3_gaming,1
5940.0,1.65,0.5599314039278375,3.719948346040234,4.092934876861699,45.31447822352554,0.021996028827304163,cutoff,S3_gaming,1
5942.0,1.6505555555555556,0.5597785875065937,3.719869609567016,4.092934876861699,45.31264867027968,0.02199649398995561,cutoff,S3_gaming,1
5944.0,1.6511111111111112,0.5596257678506966,3.7197908713251397,4.092934876861699,45.310819114749386,0.021996959183213073,cutoff,S3_gaming,1
5946.0,1.6516666666666666,0.5594729449599366,3.7197121313145085,4.092934876861699,45.30898955693503,0.021997424407055925,cutoff,S3_gaming,1
5948.0,1.6522222222222223,0.559320118834104,3.7196333895350238,4.092934876861699,45.307159996836965,0.02199788966146469,cutoff,S3_gaming,1
5950.0,1.6527777777777777,0.5591672894729893,3.7195546459865874,4.092934876861699,45.3053304344555,0.02199835494642101,cutoff,S3_gaming,1
5952.0,1.6533333333333333,0.5590144568763827,3.719475900669098,4.092934876861699,45.30350086979093,0.021998820261907557,cutoff,S3_gaming,1
5954.0,1.653888888888889,0.5588616210440746,3.7193971535824555,4.092934876861699,45.30167130284354,0.021999285607908023,cutoff,S3_gaming,1
5956.0,1.6544444444444444,0.5587087819758552,3.719318404726557,4.092934876861699,45.299841733613555,0.02199975098440704,cutoff,S3_gaming,1
5958.0,1.655,0.5585559396715147,3.7192396541012993,4.092934876861699,45.298012162101216,0.022000216391390146,cutoff,S3_gaming,1
5960.0,1.6555555555555554,0.5584030941308435,3.719160901706578,4.092934876861699,45.296182588306706,0.02200068182884374,cutoff,S3_gaming,1
5962.0,1.656111111111111,0.5582502453536319,3.7190821475422884,4.092934876861699,45.29435301223024,0.022001147296755046,cutoff,S3_gaming,1
5964.0,1.6566666666666667,0.5580973933396698,3.719003391608326,4.092934876861699,45.29252343387198,0.022001612795112063,cutoff,S3_gaming,1
5966.0,1.6572222222222222,0.5579445380887476,3.7189246339045825,4.092934876861699,45.29069385323204,0.02200207832390353,cutoff,S3_gaming,1
5968.0,1.6577777777777778,0.5577916796006553,3.7188458744309516,4.092934876861699,45.28886427031058,0.022002543883118897,cutoff,S3_gaming,1
5970.0,1.6583333333333334,0.5576388178751832,3.718767113187325,4.092934876861699,45.28703468510773,0.022003009472748282,cutoff,S3_gaming,1
5972.0,1.6588888888888889,0.5574859529121213,3.718688350173595,4.092934876861699,45.28520509762357,0.022003475092782443,cutoff,S3_gaming,1
5974.0,1.6594444444444445,0.5573330847112598,3.7186095853896504,4.092934876861699,45.28337550785817,0.022003940743212748,cutoff,S3_gaming,1
5976.0,1.66,0.5571802132723885,3.718530818835383,4.092934876861699,45.281545915811634,0.02200440642403114,cutoff,S3_gaming,1
5978.0,1.6605555555555556,0.5570273385952977,3.7184520505106815,4.092934876861699,45.27971632148402,0.02200487213523012,cutoff,S3_gaming,1
5980.0,1.6611111111111112,0.5568744606797773,3.718373280415436,4.092934876861699,45.277886724875344,0.022005337876802707,cutoff,S3_gaming,1
5982.0,1.6616666666666666,0.5567215795256173,3.718294508549534,4.092934876861699,45.27605712598567,0.02200580364874242,cutoff,S3_gaming,1
5984.0,1.6622222222222223,0.5565686951326078,3.7182157349128633,4.092934876861699,45.274227524815,0.02200626945104325,cutoff,S3_gaming,1
5986.0,1.6627777777777777,0.5564158075005385,3.718136959505312,4.092934876861699,45.27239792136338,0.022006735283699647,cutoff,S3_gaming,1
5988.0,1.6633333333333333,0.5562629166291996,3.7180581823267667,4.092934876861699,45.27056831563077,0.022007201146706484,cutoff,S3_gaming,1
5990.0,1.663888888888889,0.5561100225183808,3.717979403377115,4.092934876861699,45.268738707617196,0.022007667040059044,cutoff,S3_gaming,1
5992.0,1.6644444444444444,0.5559571251678721,3.7179006226562423,4.092934876861699,45.26690909732262,0.022008132963753,cutoff,S3_gaming,1
5994.0,1.665,0.5558042245774633,3.7178218401640346,4.092934876861699,45.26507948474704,0.0220085989177844,cutoff,S3_gaming,1
5996.0,1.6655555555555555,0.5556513207469442,3.7177430559003763,4.092934876861699,45.2632498698904,0.022009064902149638,cutoff,S3_gaming,1
5998.0,1.666111111111111,0.5554984136761048,3.7176642698651543,4.092934876861699,45.261420252752664,0.022009530916845443,cutoff,S3_gaming,1
6000.0,1.6666666666666667,0.5553455033647346,3.717585482058253,4.092934876861699,45.2595906333338,0.022009996961868866,cutoff,S3_gaming,1
6002.0,1.6672222222222222,0.5551925898126236,3.7175066924795552,4.092934876861699,45.257761011633704,0.02201046303721726,cutoff,S3_gaming,1
6004.0,1.6677777777777778,0.5550396730195615,3.7174279011289473,4.092934876861699,45.25593138765237,0.02201092914288827,cutoff,S3_gaming,1
6006.0,1.6683333333333332,0.554886752985338,3.7173491080063106,4.092934876861699,45.2541017613897,0.02201139527887981,cutoff,S3_gaming,1
6008.0,1.6688888888888889,0.5547338297097427,3.717270313111531,4.092934876861699,45.252272132845626,0.022011861445190066,cutoff,S3_gaming,1
6010.0,1.6694444444444445,0.5545809031925655,3.717191516444491,4.092934876861699,45.25044250202004,0.02201232764181746,cutoff,S3_gaming,1
6012.0,1.67,0.5544279734335958,3.7171127180050734,4.092934876861699,45.24861286891289,0.022012793868760656,cutoff,S3_gaming,1
6014.0,1.6705555555555556,0.5542750404326234,3.7170339177931604,4.092934876861699,45.24678323352407,0.02201326012601855,cutoff,S3_gaming,1
6016.0,1.6711111111111112,0.554122104189438,3.7169551158086356,4.092934876861699,45.24495359585347,0.022013726413590243,cutoff,S3_gaming,1
6018.0,1.6716666666666666,0.553969164703829,3.7168763120513804,4.092934876861699,45.24312395590099,0.022014192731475046,cutoff,S3_gaming,1
6020.0,1.6722222222222223,0.5538162219755859,3.7167975065212775,4.092934876861699,45.24129431366653,0.022014659079672462,cutoff,S3_gaming,1
6022.0,1.6727777777777777,0.5536632760044984,3.7167186992182093,4.092934876861699,45.23946466914999,0.02201512545818218,cutoff,S3_gaming,1
6024.0,1.6733333333333333,0.5535103267903559,3.7166398901420554,4.092934876861699,45.23763502235122,0.022015591867004067,cutoff,S3_gaming,1
6026.0,1.673888888888889,0.5533573743329481,3.7165610792927,4.092934876861699,45.23580537327014,0.02201605830613815,cutoff,S3_gaming,1
6028.0,1.6744444444444444,0.5532044186320643,3.716482266670023,4.092934876861699,45.23397572190659,0.022016524775584623,cutoff,S3_gaming,1
6030.0,1.675,0.553051459687494,3.7164034522739056,4.092934876861699,45.23214606826044,0.02201699127534383,cutoff,S3_gaming,1
6032.0,1.6755555555555555,0.5528984974990266,3.7163246361042295,4.092934876861699,45.2303164123316,0.022017457805416255,cutoff,S3_gaming,1
6034.0,1.676111111111111,0.5527455320664516,3.716245818160874,4.092934876861699,45.22848675411989,0.022017924365802525,cutoff,S3_gaming,1
6036.0,1.6766666666666667,0.5525925633895582,3.7161669984437213,4.092934876861699,45.22665709362521,0.022018390956503396,cutoff,S3_gaming,1
6038.0,1.6772222222222222,0.5524395914681359,3.7160881769526517,4.092934876861699,45.22482743084738,0.022018857577519747,cutoff,S3_gaming,1
6040.0,1.6777777777777778,0.5522866163019741,3.716009353687545,4.092934876861699,45.22299776578629,0.022019324228852572,cutoff,S3_gaming,1
6042.0,1.6783333333333332,0.5521336378908619,3.715930528648283,4.092934876861699,45.22116809844177,0.022019790910502986,cutoff,S3_gaming,1
6044.0,1.6788888888888889,0.5519806562345887,3.7158517018347443,4.092934876861699,45.21933842881369,0.02202025762247221,cutoff,S3_gaming,1
6046.0,1.6794444444444445,0.5518276713329437,3.715772873246809,4.092934876861699,45.2175087569019,0.02202072436476156,cutoff,S3_gaming,1
6048.0,1.68,0.5516746831857162,3.715694042884358,4.092934876861699,45.21567908270621,0.022021191137372453,cutoff,S3_gaming,1
6050.0,1.6805555555555556,0.5515216917926955,3.7156152107472713,4.092934876861699,45.21384940622651,0.0220216579403064,cutoff,S3_gaming,1
6052.0,1.681111111111111,0.5513686971536707,3.7155363768354275,4.092934876861699,45.21201972746262,0.022022124773564997,cutoff,S3_gaming,1
6054.0,1.6816666666666666,0.5512156992684308,3.7154575411487065,4.092934876861699,45.21019004641437,0.02202259163714993,cutoff,S3_gaming,1
6056.0,1.6822222222222223,0.5510626981367653,3.715378703686989,4.092934876861699,45.20836036308164,0.02202305853106296,cutoff,S3_gaming,1
6058.0,1.6827777777777777,0.5509096937584631,3.7152998644501527,4.092934876861699,45.206530677464215,0.02202352545530592,cutoff,S3_gaming,1
6060.0,1.6833333333333333,0.5507566861333134,3.7152210234380783,4.092934876861699,45.20470098956195,0.022023992409880722,cutoff,S3_gaming,1
6062.0,1.683888888888889,0.5506036752611052,3.7151421806506453,4.092934876861699,45.202871299374685,0.022024459394789343,cutoff,S3_gaming,1
6064.0,1.6844444444444444,0.5504506611416277,3.715063336087731,4.092934876861699,45.20104160690226,0.022024926410033827,cutoff,S3_gaming,1
6066.0,1.685,0.5502976437746697,3.714984489749216,4.092934876861699,45.199211912144456,0.02202539345561628,cutoff,S3_gaming,1
6068.0,1.6855555555555555,0.5501446231600204,3.71490564163498,4.092934876861699,45.19738221510117,0.02202586053153887,cutoff,S3_gaming,1
6070.0,1.6861111111111111,0.5499915992974688,3.7148267917449007,4.092934876861699,45.19555251577217,0.022026327637803815,cutoff,S3_gaming,1
6072.0,1.6866666666666668,0.5498385721868037,3.7147479400788574,4.092934876861699,45.19372281415732,0.02202679477441339,cutoff,S3_gaming,1
6074.0,1.6872222222222222,0.5496855418278142,3.714669086636729,4.092934876861699,45.19189311025643,0.022027261941369922,cutoff,S3_gaming,1
6076.0,1.6877777777777778,0.5495325082202891,3.7145902314183945,4.092934876861699,45.19006340406932,0.02202772913867579,cutoff,S3_gaming,1
6078.0,1.6883333333333332,0.5493794713640173,3.7145113744237315,4.092934876861699,45.18823369559581,0.02202819636633341,cutoff,S3_gaming,1
6080.0,1.6888888888888889,0.5492264312587878,3.7144325156526197,4.092934876861699,45.18640398483573,0.022028663624345256,cutoff,S3_gaming,1
6082.0,1.6894444444444445,0.5490733879043894,3.7143536551049383,4.092934876861699,45.184574271788904,0.02202913091271383,cutoff,S3_gaming,1
6084.0,1.69,0.548920341300611,3.7142747927805653,4.092934876861699,45.182744556455155,0.02202959823144168,cutoff,S3_gaming,1
6086.0,1.6905555555555556,0.5487672914472411,3.714195928679378,4.092934876861699,45.180914838834276,0.022030065580531392,cutoff,S3_gaming,1
6088.0,1.691111111111111,0.5486142383440689,3.714117062801256,4.092934876861699,45.179085118926096,0.02203053295998559,cutoff,S3_gaming,1
6090.0,1.6916666666666667,0.5484611819908828,3.714038195146078,4.092934876861699,45.177255396730445,0.02203100036980693,cutoff,S3_gaming,1
6092.0,1.6922222222222223,0.5483081223874717,3.713959325713722,4.092934876861699,45.17542567224712,0.022031467809998102,cutoff,S3_gaming,1
6094.0,1.6927777777777777,0.5481550595336243,3.7138804545040656,4.092934876861699,45.173595945475945,0.02203193528056183,cutoff,S3_gaming,1
6096.0,1.6933333333333334,0.5480019934291294,3.7138015815169876,4.092934876861699,45.17176621641675,0.02203240278150086,cutoff,S3_gaming,1
6098.0,1.693888888888889,0.5478489240737754,3.7137227067523666,4.092934876861699,45.169936485069314,0.022032870312817972,cutoff,S3_gaming,1
6100.0,1.6944444444444444,0.5476958514673511,3.7136438302100805,4.092934876861699,45.16810675143347,0.022033337874515974,cutoff,S3_gaming,1
6102.0,1.695,0.5475427756096451,3.713564951890007,4.092934876861699,45.16627701550904,0.022033805466597698,cutoff,S3_gaming,1
6104.0,1.6955555555555555,0.5473896965004461,3.713486071792025,4.092934876861699,45.16444727729581,0.022034273089066,cutoff,S3_gaming,1
6106.0,1.6961111111111111,0.5472366141395425,3.7134071899160115,4.092934876861699,45.162617536793604,0.022034740741923763,cutoff,S3_gaming,1
6108.0,1.6966666666666668,0.5470835285267229,3.713328306261846,4.092934876861699,45.160787794002246,0.022035208425173883,cutoff,S3_gaming,1
6110.0,1.6972222222222222,0.5469304396617759,3.7132494208294053,4.092934876861699,45.158958048921534,0.02203567613881929,cutoff,S3_gaming,1
6112.0,1.6977777777777778,0.5467773475444899,3.7131705336185674,4.092934876861699,45.15712830155126,0.022036143882862923,cutoff,S3_gaming,1
6114.0,1.6983333333333333,0.5466242521746535,3.713091644629211,4.092934876861699,45.15529855189126,0.022036611657307748,cutoff,S3_gaming,1
6116.0,1.698888888888889,0.546471153552055,3.713012753861213,4.092934876861699,45.15346879994133,0.022037079462156745,cutoff,S3_gaming,1
6118.0,1.6994444444444445,0.546318051676483,3.712933861314452,4.092934876861699,45.15163904570129,0.022037547297412915,cutoff,S3_gaming,1
6120.0,1.7,0.5461649465477257,3.7128549669888056,4.092934876861699,45.14980928917094,0.022038015163079273,cutoff,S3_gaming,1
6122.0,1.7005555555555556,0.5460118381655718,3.7127760708841517,4.092934876861699,45.147979530350085,0.02203848305915885,cutoff,S3_gaming,1
6124.0,1.701111111111111,0.5458587265298094,3.7126971730003677,4.092934876861699,45.14614976923851,0.022038950985654688,cutoff,S3_gaming,1
6126.0,1.7016666666666667,0.5457056116402269,3.712618273337332,4.092934876861699,45.14432000583607,0.022039418942569854,cutoff,S3_gaming,1
6128.0,1.7022222222222223,0.5455524934966126,3.712539371894921,4.092934876861699,45.14249024014255,0.02203988692990742,cutoff,S3_gaming,1
6130.0,1.7027777777777777,0.5453993720987549,3.7124604686730143,4.092934876861699,45.140660472157734,0.022040354947670475,cutoff,S3_gaming,1
6132.0,1.7033333333333334,0.5452462474464419,3.7123815636714883,4.092934876861699,45.13883070188145,0.02204082299586212,cutoff,S3_gaming,1
6134.0,1.7038888888888888,0.545093119539462,3.7123026568902207,4.092934876861699,45.137000929313494,0.022041291074485467,cutoff,S3_gaming,1
6136.0,1.7044444444444444,0.5449399883776034,3.712223748329089,4.092934876861699,45.13517115445368,0.02204175918354364,cutoff,S3_gaming,1
6138.0,1.705,0.5447868539606542,3.712144837987972,4.092934876861699,45.13334137730182,0.022042227323039773,cutoff,S3_gaming,1
6140.0,1.7055555555555555,0.5446337162884027,3.712065925866745,4.092934876861699,45.1315115978577,0.02204269549297701,cutoff,S3_gaming,1
6142.0,1.7061111111111111,0.544480575360637,3.7119870119652876,4.092934876861699,45.129681816121135,0.022043163693358507,cutoff,S3_gaming,1
6144.0,1.7066666666666668,0.5443274311771452,3.7119080962834765,4.092934876861699,45.12785203209192,0.022043631924187426,cutoff,S3_gaming,1
6146.0,1.7072222222222222,0.5441742837377155,3.7118291788211897,4.092934876861699,45.12602224576987,0.02204410018546694,cutoff,S3_gaming,1
6148.0,1.7077777777777778,0.5440211330421358,3.711750259578303,4.092934876861699,45.12419245715478,0.022044568477200235,cutoff,S3_gaming,1
6150.0,1.7083333333333333,0.5438679790901945,3.7116713385546958,4.092934876861699,45.122362666246445,0.022045036799390495,cutoff,S3_gaming,1
6152.0,1.708888888888889,0.5437148218816793,3.711592415750245,4.092934876861699,45.120532873044695,0.02204550515204092,cutoff,S3_gaming,1
6154.0,1.7094444444444445,0.5435616614163784,3.7115134911648275,4.092934876861699,45.11870307754932,0.02204597353515472,cutoff,S3_gaming,1
6156.0,1.71,0.5434084976940797,3.711434564798321,4.092934876861699,45.116873279760114,0.0220464419487351,cutoff,S3_gaming,1
6158.0,1.7105555555555556,0.5432553307145712,3.7113556366506026,4.092934876861699,45.115043479676885,0.022046910392785283,cutoff,S3_gaming,1
6160.0,1.711111111111111,0.5431021604776408,3.71127670672155,4.092934876861699,45.11321367729944,0.022047378867308492,cutoff,S3_gaming,1
6162.0,1.7116666666666667,0.5429489869830765,3.7111977750110405,4.092934876861699,45.11138387262758,0.02204784737230796,cutoff,S3_gaming,1
6164.0,1.7122222222222223,0.5427958102306661,3.711118841518951,4.092934876861699,45.109554065661094,0.022048315907786928,cutoff,S3_gaming,1
6166.0,1.7127777777777777,0.5426426302201977,3.7110399062451593,4.092934876861699,45.10772425639981,0.022048784473748636,cutoff,S3_gaming,1
6168.0,1.7133333333333334,0.5424894469514588,3.7109609691895415,4.092934876861699,45.10589444484349,0.022049253070196333,cutoff,S3_gaming,1
6170.0,1.7138888888888888,0.5423362604242375,3.7108820303519767,4.092934876861699,45.104064630991985,0.022049721697133273,cutoff,S3_gaming,1
6172.0,1.7144444444444444,0.5421830706383216,3.710803089732341,4.092934876861699,45.10223481484506,0.022050190354562713,cutoff,S3_gaming,1
6174.0,1.715,0.5420298775934987,3.7107241473305117,4.092934876861699,45.10040499640255,0.02205065904248792,cutoff,S3_gaming,1
6176.0,1.7155555555555555,0.5418766812895568,3.710645203146366,4.092934876861699,45.09857517566421,0.02205112776091216,cutoff,S3_gaming,1
6178.0,1.7161111111111111,0.5417234817262835,3.710566257179781,4.092934876861699,45.09674535262988,0.022051596509838706,cutoff,S3_gaming,1
6180.0,1.7166666666666666,0.5415702789034664,3.710487309430635,4.092934876861699,45.09491552729935,0.022052065289270836,cutoff,S3_gaming,1
6182.0,1.7172222222222222,0.5414170728208934,3.710408359898802,4.092934876861699,45.09308569967241,0.02205253409921183,cutoff,S3_gaming,1
6184.0,1.7177777777777778,0.541263863478352,3.7103294085841627,4.092934876861699,45.09125586974888,0.02205300293966497,cutoff,S3_gaming,1
6186.0,1.7183333333333333,0.5411106508756299,3.7102504554865923,4.092934876861699,45.08942603752855,0.022053471810633548,cutoff,S3_gaming,1
6188.0,1.718888888888889,0.5409574350125148,3.710171500605968,4.092934876861699,45.087596203011216,0.022053940712120853,cutoff,S3_gaming,1
6190.0,1.7194444444444446,0.5408042158887942,3.7100925439421673,4.092934876861699,45.08576636619668,0.02205440964413018,cutoff,S3_gaming,1
6192.0,1.72,0.5406509935042557,3.710013585495067,4.092934876861699,45.08393652708474,0.02205487860666483,cutoff,S3_gaming,1
6194.0,1.7205555555555556,0.5404977678586869,3.7099346252645446,4.092934876861699,45.082106685675214,0.0220553475997281,cutoff,S3_gaming,1
6196.0,1.721111111111111,0.5403445389518752,3.7098556632504764,4.092934876861699,45.0802768419679,0.022055816623323298,cutoff,S3_gaming,1
6198.0,1.7216666666666667,0.5401913067836082,3.70977669945274,4.092934876861699,45.078446995962565,0.022056285677453727,cutoff,S3_gaming,1
6200.0,1.7222222222222223,0.5400380713536733,3.709697733871212,4.092934876861699,45.07661714765906,0.0220567547621227,cutoff,S3_gaming,1
6202.0,1.7227777777777777,0.539884832661858,3.7096187665057685,4.092934876861699,45.074787297057135,0.02205722387733353,cutoff,S3_gaming,1
6204.0,1.7233333333333334,0.5397315907079498,3.7095397973562885,4.092934876861699,45.07295744415662,0.02205769302308953,cutoff,S3_gaming,1
6206.0,1.7238888888888888,0.5395783454917361,3.7094608264226476,4.092934876861699,45.07112758895733,0.022058162199394018,cutoff,S3_gaming,1
6208.0,1.7244444444444444,0.5394250970130041,3.709381853704723,4.092934876861699,45.06929773145902,0.022058631406250313,cutoff,S3_gaming,1
6210.0,1.725,0.5392718452715414,3.7093028792023905,4.092934876861699,45.06746787166151,0.02205910064366174,cutoff,S3_gaming,1
6212.0,1.7255555555555555,0.5391185902671352,3.7092239029155283,4.092934876861699,45.06563800956461,0.02205956991163162,cutoff,S3_gaming,1
6214.0,1.7261111111111112,0.5389653319995727,3.709144924844014,4.092934876861699,45.06380814516813,0.02206003921016328,cutoff,S3_gaming,1
6216.0,1.7266666666666666,0.5388120704686415,3.709065944987723,4.092934876861699,45.06197827847184,0.022060508539260046,cutoff,S3_gaming,1
6218.0,1.7272222222222222,0.5386588056741287,3.7089869633465318,4.092934876861699,45.06014840947555,0.022060977898925253,cutoff,S3_gaming,1
6220.0,1.7277777777777779,0.5385055376158215,3.708907979920318,4.092934876861699,45.058318538179066,0.02206144728916223,cutoff,S3_gaming,1
6222.0,1.7283333333333333,0.5383522662935072,3.708828994708959,4.092934876861699,45.056488664582176,0.022061916709974313,cutoff,S3_gaming,1
6224.0,1.728888888888889,0.5381989917069729,3.708750007712331,4.092934876861699,45.0546587886847,0.022062386161364834,cutoff,S3_gaming,1
6226.0,1.7294444444444443,0.538045713856006,3.7086710189303096,4.092934876861699,45.0528289104864,0.022062855643337133,cutoff,S3_gaming,1
6228.0,1.73,0.5378924327403933,3.708592028362774,4.092934876861699,45.050999029987125,0.022063325155894545,cutoff,S3_gaming,1
6230.0,1.7305555555555556,0.5377391483599222,3.708513036009599,4.092934876861699,45.04916914718663,0.022063794699040417,cutoff,S3_gaming,1
6232.0,1.731111111111111,0.5375858607143797,3.7084340418706616,4.092934876861699,45.04733926208473,0.022064264272778085,cutoff,S3_gaming,1
6234.0,1.7316666666666667,0.537432569803553,3.708355045945839,4.092934876861699,45.045509374681245,0.022064733877110894,cutoff,S3_gaming,1
6236.0,1.7322222222222223,0.5372792756272291,3.708276048235008,4.092934876861699,45.04367948497595,0.022065203512042192,cutoff,S3_gaming,1
6238.0,1.7327777777777778,0.5371259781851949,3.708197048738045,4.092934876861699,45.04184959296863,0.022065673177575323,cutoff,S3_gaming,1
6240.0,1.7333333333333334,0.5369726774772375,3.7081180474548256,4.092934876861699,45.04001969865914,0.022066142873713633,cutoff,S3_gaming,1
6242.0,1.7338888888888888,0.536819373503144,3.7080390443852287,4.092934876861699,45.03818980204723,0.022066612600460472,cutoff,S3_gaming,1
6244.0,1.7344444444444445,0.5366660662627012,3.7079600395291297,4.092934876861699,45.0363599031327,0.02206708235781919,cutoff,S3_gaming,1
6246.0,1.735,0.5365127557556961,3.7078810328864047,4.092934876861699,45.03453000191537,0.02206755214579314,cutoff,S3_gaming,1
6248.0,1.7355555555555555,0.5363594419819157,3.7078020244569307,4.092934876861699,45.032700098395026,0.02206802196438567,cutoff,S3_gaming,1
6250.0,1.7361111111111112,0.5362061249411467,3.707723014240585,4.092934876861699,45.03087019257148,0.022068491813600138,cutoff,S3_gaming,1
6252.0,1.7366666666666666,0.5360528046331762,3.7076440022372434,4.092934876861699,45.029040284444505,0.022068961693439897,cutoff,S3_gaming,1
6254.0,1.7372222222222222,0.5358994810577908,3.7075649884467827,4.092934876861699,45.027210374013926,0.022069431603908306,cutoff,S3_gaming,1
6256.0,1.7377777777777779,0.5357461542147776,3.7074859728690788,4.092934876861699,45.025380461279525,0.02206990154500872,cutoff,S3_gaming,1
6258.0,1.7383333333333333,0.5355928241039232,3.70740695550401,4.092934876861699,45.023550546241125,0.0220703715167445,cutoff,S3_gaming,1
6260.0,1.738888888888889,0.5354394907250144,3.7073279363514504,4.092934876861699,45.02172062889848,0.022070841519119,cutoff,S3_gaming,1
6262.0,1.7394444444444443,0.535286154077838,3.7072489154112787,4.092934876861699,45.01989070925143,0.02207131155213558,cutoff,S3_gaming,1
6264.0,1.74,0.5351328141621806,3.70716989268337,4.092934876861699,45.01806078729976,0.022071781615797603,cutoff,S3_gaming,1
6266.0,1.7405555555555556,0.5349794709778292,3.707090868167601,4.092934876861699,45.01623086304326,0.02207225171010843,cutoff,S3_gaming,1
6268.0,1.741111111111111,0.5348261245245701,3.707011841863849,4.092934876861699,45.01440093648175,0.02207272183507143,cutoff,S3_gaming,1
6270.0,1.7416666666666667,0.5346727748021903,3.706932813771989,4.092934876861699,45.012571007615,0.02207319199068996,cutoff,S3_gaming,1
6272.0,1.7422222222222221,0.5345194218104763,3.7068537838918987,4.092934876861699,45.01074107644283,0.022073662176967386,cutoff,S3_gaming,1
6274.0,1.7427777777777778,0.5343660655492146,3.706774752223454,4.092934876861699,45.008911142965026,0.022074132393907073,cutoff,S3_gaming,1
6276.0,1.7433333333333334,0.5342127060181919,3.706695718766531,4.092934876861699,45.0070812071814,0.02207460264151239,cutoff,S3_gaming,1
6278.0,1.7438888888888888,0.5340593432171948,3.706616683521006,4.092934876861699,45.00525126909172,0.022075072919786706,cutoff,S3_gaming,1
6280.0,1.7444444444444445,0.5339059771460098,3.7065376464867565,4.092934876861699,45.00342132869583,0.022075543228733386,cutoff,S3_gaming,1
6282.0,1.745,0.5337526078044235,3.7064586076636576,4.092934876861699,45.001591385993486,0.0220760135683558,cutoff,S3_gaming,1
6284.0,1.7455555555555555,0.5335992351922222,3.706379567051586,4.092934876861699,44.99976144098452,0.022076483938657313,cutoff,S3_gaming,1
6286.0,1.7461111111111112,0.5334458593091925,3.706300524650419,4.092934876861699,44.99793149366871,0.0220769543396413,cutoff,S3_gaming,1
6288.0,1.7466666666666666,0.5332924801551209,3.7062214804600315,4.092934876861699,44.99610154404586,0.022077424771311135,cutoff,S3_gaming,1
6290.0,1.7472222222222222,0.5331390977297937,3.7061424344803005,4.092934876861699,44.99427159211575,0.022077895233670184,cutoff,S3_gaming,1
6292.0,1.7477777777777779,0.5329857120329974,3.7060633867111017,4.092934876861699,44.99244163787821,0.022078365726721824,cutoff,S3_gaming,1
6294.0,1.7483333333333333,0.5328323230645183,3.705984337152312,4.092934876861699,44.990611681333014,0.022078836250469427,cutoff,S3_gaming,1
6296.0,1.748888888888889,0.5326789308241429,3.705905285803808,4.092934876861699,44.988781722479985,0.02207930680491637,cutoff,S3_gaming,1
6298.0,1.7494444444444444,0.5325255353116572,3.7058262326654647,4.092934876861699,44.98695176131889,0.022079777390066023,cutoff,S3_gaming,1
6300.0,1.75,0.5323721365268479,3.7057471777371593,4.092934876861699,44.98512179784954,0.022080248005921767,cutoff,S3_gaming,1
6302.0,1.7505555555555556,0.5322187344695011,3.7056681210187676,4.092934876861699,44.983291832071735,0.022080718652486977,cutoff,S3_gaming,1
6304.0,1.751111111111111,0.532065329139403,3.7055890625101657,4.092934876861699,44.981461863985274,0.02208118932976503,cutoff,S3_gaming,1
6306.0,1.7516666666666667,0.5319119205363398,3.70551000221123,4.092934876861699,44.97963189358996,0.022081660037759302,cutoff,S3_gaming,1
6308.0,1.7522222222222221,0.531758508660098,3.705430940121837,4.092934876861699,44.97780192088558,0.02208213077647317,cutoff,S3_gaming,1
6310.0,1.7527777777777778,0.5316050935104635,3.705351876241862,4.092934876861699,44.97597194587193,0.022082601545910015,cutoff,S3_gaming,1
6312.0,1.7533333333333334,0.5314516750872226,3.7052728105711816,4.092934876861699,44.97414196854882,0.022083072346073217,cutoff,S3_gaming,1
6314.0,1.7538888888888888,0.5312982533901613,3.705193743109672,4.092934876861699,44.97231198891603,0.022083543176966158,cutoff,S3_gaming,1
6316.0,1.7544444444444445,0.531144828419066,3.705114673857209,4.092934876861699,44.97048200697339,0.02208401403859222,cutoff,S3_gaming,1
6318.0,1.755,0.5309914001737225,3.7050356028136693,4.092934876861699,44.968652022720654,0.02208448493095478,cutoff,S3_gaming,1
6320.0,1.7555555555555555,0.530837968653917,3.704956529978929,4.092934876861699,44.96682203615766,0.022084955854057224,cutoff,S3_gaming,1
6322.0,1.7561111111111112,0.5306845338594355,3.7048774553528627,4.092934876861699,44.96499204728417,0.022085426807902934,cutoff,S3_gaming,1
6324.0,1.7566666666666666,0.5305310957900641,3.7047983789353482,4.092934876861699,44.96316205610001,0.022085897792495295,cutoff,S3_gaming,1
6326.0,1.7572222222222222,0.5303776544455887,3.7047193007262598,4.092934876861699,44.96133206260496,0.02208636880783769,cutoff,S3_gaming,1
6328.0,1.7577777777777779,0.5302242098257954,3.7046402207254756,4.092934876861699,44.95950206679884,0.022086839853933504,cutoff,S3_gaming,1
6330.0,1.7583333333333333,0.5300707619304701,3.70456113893287,4.092934876861699,44.95767206868142,0.022087310930786124,cutoff,S3_gaming,1
6332.0,1.758888888888889,0.5299173107593986,3.7044820553483198,4.092934876861699,44.955842068252494,0.022087782038398934,cutoff,S3_gaming,1
6334.0,1.7594444444444444,0.529763856312367,3.7044029699717003,4.092934876861699,44.9540120655119,0.022088253176775322,cutoff,S3_gaming,1
6336.0,1.76,0.5296103985891611,3.7043238828028877,4.092934876861699,44.95218206045939,0.022088724345918673,cutoff,S3_gaming,1
6338.0,1.7605555555555557,0.5294569375895668,3.7042447938417586,4.092934876861699,44.95035205309478,0.022089195545832378,cutoff,S3_gaming,1
6340.0,1.761111111111111,0.5293034733133699,3.704165703088188,4.092934876861699,44.948522043417874,0.02208966677651982,cutoff,S3_gaming,1
6342.0,1.7616666666666667,0.5291500057603562,3.704086610542052,4.092934876861699,44.94669203142848,0.0220901380379844,cutoff,S3_gaming,1
6344.0,1.7622222222222221,0.5289965349303115,3.704007516203227,4.092934876861699,44.94486201712636,0.022090609330229494,cutoff,S3_gaming,1
6346.0,1.7627777777777778,0.5288430608230216,3.703928420071588,4.092934876861699,44.94303200051134,0.0220910806532585,cutoff,S3_gaming,1
6348.0,1.7633333333333334,0.5286895834382721,3.703849322147012,4.092934876861699,44.94120198158319,0.022091552007074806,cutoff,S3_gaming,1
6350.0,1.7638888888888888,0.5285361027758488,3.7037702224293745,4.092934876861699,44.93937196034175,0.022092023391681807,cutoff,S3_gaming,1
6352.0,1.7644444444444445,0.5283826188355375,3.7036911209185512,4.092934876861699,44.93754193678677,0.022092494807082894,cutoff,S3_gaming,1
6354.0,1.765,0.5282291316171237,3.7036120176144176,4.092934876861699,44.93571191091808,0.022092966253281457,cutoff,S3_gaming,1
6356.0,1.7655555555555555,0.5280756411203932,3.7035329125168497,4.092934876861699,44.93388188273547,0.02209343773028089,cutoff,S3_gaming,1
6358.0,1.7661111111111112,0.5279221473451314,3.7034538056257236,4.092934876861699,44.93205185223872,0.022093909238084585,cutoff,S3_gaming,1
6360.0,1.7666666666666666,0.5277686502911242,3.7033746969409145,4.092934876861699,44.93022181942764,0.022094380776695944,cutoff,S3_gaming,1
6362.0,1.7672222222222222,0.527615149958157,3.7032955864622985,4.092934876861699,44.92839178430204,0.022094852346118354,cutoff,S3_gaming,1
6364.0,1.7677777777777777,0.5274616463460152,3.703216474189752,4.092934876861699,44.9265617468617,0.022095323946355216,cutoff,S3_gaming,1
6366.0,1.7683333333333333,0.5273081394544846,3.70313736012315,4.092934876861699,44.924731707106424,0.022095795577409923,cutoff,S3_gaming,1
6368.0,1.768888888888889,0.5271546292833507,3.7030582442623676,4.092934876861699,44.92290166503601,0.022096267239285868,cutoff,S3_gaming,1
6370.0,1.7694444444444444,0.5270011158323987,3.7029791266072816,4.092934876861699,44.921071620650224,0.022096738931986454,cutoff,S3_gaming,1
6372.0,1.77,0.5268475991014143,3.702900007157768,4.092934876861699,44.91924157394891,0.022097210655515075,cutoff,S3_gaming,1
6374.0,1.7705555555555557,0.5266940790901828,3.702820885913701,4.092934876861699,44.91741152493184,0.022097682409875134,cutoff,S3_gaming,1
6376.0,1.771111111111111,0.5265405557984898,3.7027417628749575,4.092934876861699,44.91558147359883,0.022098154195070024,cutoff,S3_gaming,1
6378.0,1.7716666666666667,0.5263870292261205,3.7026626380414123,4.092934876861699,44.91375141994964,0.02209862601110315,cutoff,S3_gaming,1
6380.0,1.7722222222222221,0.5262334993728602,3.702583511412942,4.092934876861699,44.9119213639841,0.022099097857977906,cutoff,S3_gaming,1
6382.0,1.7727777777777778,0.5260799662384945,3.7025043829894213,4.092934876861699,44.91009130570199,0.022099569735697697,cutoff,S3_gaming,1
6384.0,1.7733333333333334,0.5259264298228086,3.7024252527707264,4.092934876861699,44.90826124510311,0.022100041644265923,cutoff,S3_gaming,1
6386.0,1.7738888888888888,0.5257728901255877,3.7023461207567325,4.092934876861699,44.906431182187276,0.022100513583685984,cutoff,S3_gaming,1
6388.0,1.7744444444444445,0.5256193471466172,3.702266986947316,4.092934876861699,44.90460111695426,0.022100985553961283,cutoff,S3_gaming,1
6390.0,1.775,0.5254658008856822,3.702187851342351,4.092934876861699,44.90277104940385,0.022101457555095225,cutoff,S3_gaming,1
6392.0,1.7755555555555556,0.525312251342568,3.7021087139417146,4.092934876861699,44.90094097953588,0.02210192958709121,cutoff,S3_gaming,1
6394.0,1.7761111111111112,0.5251586985170598,3.702029574745281,4.092934876861699,44.899110907350114,0.02210240164995264,cutoff,S3_gaming,1
6396.0,1.7766666666666666,0.5250051424089427,3.701950433752927,4.092934876861699,44.89728083284636,0.022102873743682926,cutoff,S3_gaming,1
6398.0,1.7772222222222223,0.5248515830180019,3.7018712909645264,4.092934876861699,44.89545075602441,0.02210334586828547,cutoff,S3_gaming,1
6400.0,1.7777777777777777,0.5246980203440227,3.701792146379957,4.092934876861699,44.89362067688408,0.02210381802376368,cutoff,S3_gaming,1
6402.0,1.7783333333333333,0.52454445438679,3.7017129999990925,4.092934876861699,44.89179059542514,0.022104290210120954,cutoff,S3_gaming,1
6404.0,1.778888888888889,0.5243908851460889,3.701633851821809,4.092934876861699,44.8899605116474,0.022104762427360706,cutoff,S3_gaming,1
6406.0,1.7794444444444444,0.5242373126217045,3.7015547018479813,4.092934876861699,44.88813042555066,0.022105234675486342,cutoff,S3_gaming,1
6408.0,1.78,0.5240837368134217,3.701475550077486,4.092934876861699,44.886300337134706,0.022105706954501265,cutoff,S3_gaming,1
6410.0,1.7805555555555554,0.5239301577210256,3.701396396510198,4.092934876861699,44.88447024639934,0.022106179264408887,cutoff,S3_gaming,1
6412.0,1.781111111111111,0.5237765753443012,3.701317241145992,4.092934876861699,44.88264015334437,0.022106651605212618,cutoff,S3_gaming,1
6414.0,1.7816666666666667,0.5236229896830334,3.7012380839847445,4.092934876861699,44.88081005796956,0.02210712397691586,cutoff,S3_gaming,1
6416.0,1.7822222222222222,0.5234694007370073,3.7011589250263297,4.092934876861699,44.87897996027474,0.022107596379522032,cutoff,S3_gaming,1
6418.0,1.7827777777777778,0.5233158085060077,3.7010797642706246,4.092934876861699,44.87714986025968,0.022108068813034537,cutoff,S3_gaming,1
6420.0,1.7833333333333334,0.5231622129898194,3.701000601717503,4.092934876861699,44.87531975792419,0.022108541277456793,cutoff,S3_gaming,1
6422.0,1.7838888888888889,0.5230086141882273,3.7009214373668406,4.092934876861699,44.87348965326808,0.022109013772792206,cutoff,S3_gaming,1
6424.0,1.7844444444444445,0.5228550121010164,3.7008422712185127,4.092934876861699,44.87165954629112,0.022109486299044186,cutoff,S3_gaming,1
6426.0,1.785,0.5227014067279713,3.7007631032723953,4.092934876861699,44.869829436993115,0.022109958856216153,cutoff,S3_gaming,1
6428.0,1.7855555555555556,0.5225477980688769,3.7006839335283632,4.092934876861699,44.86799932537386,0.022110431444311514,cutoff,S3_gaming,1
6430.0,1.7861111111111112,0.522394186123518,3.7006047619862916,4.092934876861699,44.86616921143317,0.022110904063333686,cutoff,S3_gaming,1
6432.0,1.7866666666666666,0.5222405708916792,3.7005255886460557,4.092934876861699,44.8643390951708,0.02211137671328608,cutoff,S3_gaming,1
6434.0,1.7872222222222223,0.5220869523731454,3.7004464135075312,4.092934876861699,44.86250897658658,0.022111849394172114,cutoff,S3_gaming,1
6436.0,1.7877777777777777,0.5219333305677012,3.700367236570593,4.092934876861699,44.86067885568031,0.022112322105995202,cutoff,S3_gaming,1
6438.0,1.7883333333333333,0.5217797054751313,3.700288057835116,4.092934876861699,44.858848732451754,0.02211279484875876,cutoff,S3_gaming,1
6440.0,1.788888888888889,0.5216260770952204,3.7002088773009754,4.092934876861699,44.857018606900745,0.022113267622466203,cutoff,S3_gaming,1
6442.0,1.7894444444444444,0.521472445427753,3.7001296949680476,4.092934876861699,44.85518847902705,0.022113740427120946,cutoff,S3_gaming,1
6444.0,1.79,0.5213188104725137,3.7000505108362063,4.092934876861699,44.85335834883048,0.02211421326272641,cutoff,S3_gaming,1
6446.0,1.7905555555555555,0.5211651722292872,3.699971324905327,4.092934876861699,44.85152821631083,0.022114686129286014,cutoff,S3_gaming,1
6448.0,1.791111111111111,0.5210115306978579,3.6998921371752855,4.092934876861699,44.84969808146789,0.022115159026803173,cutoff,S3_gaming,1
6450.0,1.7916666666666667,0.5208578858780105,3.699812947645956,4.092934876861699,44.84786794430145,0.022115631955281306,cutoff,S3_gaming,1
6452.0,1.7922222222222222,0.5207042377695295,3.699733756317215,4.092934876861699,44.84603780481132,0.022116104914723832,cutoff,S3_gaming,1
6454.0,1.7927777777777778,0.5205505863721992,3.699654563188936,4.092934876861699,44.844207662997306,0.022116577905134174,cutoff,S3_gaming,1
6456.0,1.7933333333333332,0.5203969316858043,3.6995753682609953,4.092934876861699,44.842377518859166,0.02211705092651575,cutoff,S3_gaming,1
6458.0,1.7938888888888889,0.520243273710129,3.6994961715332666,4.092934876861699,44.84054737239671,0.02211752397887198,cutoff,S3_gaming,1
6460.0,1.7944444444444445,0.5200896124449579,3.699416973005627,4.092934876861699,44.83871722360976,0.02211799706220629,cutoff,S3_gaming,1
6462.0,1.795,0.5199359478900752,3.69933777267795,4.092934876861699,44.8368870724981,0.0221184701765221,cutoff,S3_gaming,1
6464.0,1.7955555555555556,0.5197822800452655,3.6992585705501106,4.092934876861699,44.83505691906151,0.02211894332182283,cutoff,S3_gaming,1
6466.0,1.7961111111111112,0.5196286089103129,3.699179366621984,4.092934876861699,44.83322676329977,0.02211941649811191,cutoff,S3_gaming,1
6468.0,1.7966666666666666,0.5194749344850019,3.6991001608934457,4.092934876861699,44.83139660521272,0.022119889705392755,cutoff,S3_gaming,1
6470.0,1.7972222222222223,0.5193212567691168,3.699020953364371,4.092934876861699,44.82956644480015,0.022120362943668797,cutoff,S3_gaming,1
6472.0,1.7977777777777777,0.5191675757624417,3.6989417440346326,4.092934876861699,44.82773628206181,0.022120836212943456,cutoff,S3_gaming,1
6474.0,1.7983333333333333,0.5190138914647608,3.6988625329041085,4.092934876861699,44.82590611699754,0.02212130951322016,cutoff,S3_gaming,1
6476.0,1.798888888888889,0.5188602038758586,3.6987833199726716,4.092934876861699,44.82407594960711,0.022121782844502332,cutoff,S3_gaming,1
6478.0,1.7994444444444444,0.5187065129955192,3.6987041052401985,4.092934876861699,44.82224577989035,0.0221222562067934,cutoff,S3_gaming,1
6480.0,1.8,0.5185528188235267,3.698624888706562,4.092934876861699,44.82041560784702,0.022122729600096796,cutoff,S3_gaming,1
6482.0,1.8005555555555555,0.5183991213596651,3.698545670371639,4.092934876861699,44.81858543347693,0.02212320302441594,cutoff,S3_gaming,1
6484.0,1.801111111111111,0.5182454206037188,3.698466450235302,4.092934876861699,44.81675525677987,0.022123676479754262,cutoff,S3_gaming,1
6486.0,1.8016666666666667,0.5180917165554718,3.6983872282974284,4.092934876861699,44.81492507775564,0.022124149966115194,cutoff,S3_gaming,1
6488.0,1.8022222222222222,0.5179380092147082,3.698308004557891,4.092934876861699,44.813094896404024,0.02212462348350216,cutoff,S3_gaming,1
6490.0,1.8027777777777778,0.517784298581212,3.698228779016566,4.092934876861699,44.81126471272484,0.022125097031918596,cutoff,S3_gaming,1
6492.0,1.8033333333333332,0.5176305846547673,3.698149551673329,4.092934876861699,44.809434526717865,0.02212557061136793,cutoff,S3_gaming,1
6494.0,1.8038888888888889,0.517476867435158,3.6980703225280522,4.092934876861699,44.8076043383829,0.02212604422185359,cutoff,S3_gaming,1
6496.0,1.8044444444444445,0.5173231469221681,3.697991091580612,4.092934876861699,44.80577414771973,0.02212651786337901,cutoff,S3_gaming,1
6498.0,1.805,0.5171694231155817,3.6979118588308837,4.092934876861699,44.803943954728176,0.022126991535947618,cutoff,S3_gaming,1
6500.0,1.8055555555555556,0.5170156960151826,3.6978326242787407,4.092934876861699,44.80211375940801,0.02212746523956285,cutoff,S3_gaming,1
6502.0,1.806111111111111,0.5168619656207547,3.6977533879240583,4.092934876861699,44.80028356175904,0.02212793897422814,cutoff,S3_gaming,1
6504.0,1.8066666666666666,0.5167082319320819,3.6976741497667116,4.092934876861699,44.79845336178103,0.022128412739946916,cutoff,S3_gaming,1
6506.0,1.8072222222222223,0.5165544949489482,3.697594909806575,4.092934876861699,44.79662315947382,0.022128886536722618,cutoff,S3_gaming,1
6508.0,1.8077777777777777,0.5164007546711373,3.697515668043523,4.092934876861699,44.79479295483718,0.022129360364558676,cutoff,S3_gaming,1
6510.0,1.8083333333333333,0.5162470110984331,3.6974364244774316,4.092934876861699,44.792962747870924,0.022129834223458527,cutoff,S3_gaming,1
6512.0,1.808888888888889,0.5160932642306192,3.697357179108173,4.092934876861699,44.7911325385748,0.022130308113425607,cutoff,S3_gaming,1
6514.0,1.8094444444444444,0.5159395140674795,3.697277931935624,4.092934876861699,44.789302326948665,0.022130782034463354,cutoff,S3_gaming,1
6516.0,1.81,0.5157857606087978,3.697198682959658,4.092934876861699,44.78747211299227,0.022131255986575202,cutoff,S3_gaming,1
6518.0,1.8105555555555555,0.5156320038543577,3.697119432180151,4.092934876861699,44.78564189670544,0.022131729969764587,cutoff,S3_gaming,1
6520.0,1.8111111111111111,0.515478243803943,3.6970401795969763,4.092934876861699,44.783811678087936,0.02213220398403495,cutoff,S3_gaming,1
6522.0,1.8116666666666668,0.5153244804573374,3.6969609252100084,4.092934876861699,44.78198145713958,0.022132678029389726,cutoff,S3_gaming,1
6524.0,1.8122222222222222,0.5151707138143243,3.696881669019123,4.092934876861699,44.780151233860146,0.022133152105832356,cutoff,S3_gaming,1
6526.0,1.8127777777777778,0.5150169438746877,3.6968024110241937,4.092934876861699,44.77832100824946,0.02213362621336628,cutoff,S3_gaming,1
6528.0,1.8133333333333332,0.5148631706382109,3.696723151225096,4.092934876861699,44.776490780307284,0.022134100351994937,cutoff,S3_gaming,1
6530.0,1.8138888888888889,0.5147093941046775,3.6966438896217038,4.092934876861699,44.77466055003343,0.022134574521721764,cutoff,S3_gaming,1
6532.0,1.8144444444444445,0.5145556142738712,3.6965646262138923,4.092934876861699,44.7728303174277,0.022135048722550208,cutoff,S3_gaming,1
6534.0,1.815,0.5144018311455754,3.696485361001534,4.092934876861699,44.771000082489856,0.022135522954483705,cutoff,S3_gaming,1
6536.0,1.8155555555555556,0.5142480447195736,3.696406093984506,4.092934876861699,44.76916984521972,0.0221359972175257,cutoff,S3_gaming,1
6538.0,1.816111111111111,0.5140942549956494,3.696326825162681,4.092934876861699,44.767339605617096,0.022136471511679637,cutoff,S3_gaming,1
6540.0,1.8166666666666667,0.5139404619735862,3.696247554535934,4.092934876861699,44.76550936368175,0.022136945836948956,cutoff,S3_gaming,1
6542.0,1.8172222222222223,0.5137866656531674,3.6961682821041406,4.092934876861699,44.76367911941349,0.0221374201933371,cutoff,S3_gaming,1
6544.0,1.8177777777777777,0.5136328660341765,3.6960890078671733,4.092934876861699,44.76184887281212,0.02213789458084752,cutoff,S3_gaming,1
6546.0,1.8183333333333334,0.5134790631163967,3.6960097318249083,4.092934876861699,44.76001862387742,0.022138368999483654,cutoff,S3_gaming,1
6548.0,1.818888888888889,0.5133252568996114,3.695930453977218,4.092934876861699,44.75818837260918,0.02213884344924895,cutoff,S3_gaming,1
6550.0,1.8194444444444444,0.513171447383604,3.6958511743239786,4.092934876861699,44.75635811900721,0.02213931793014685,cutoff,S3_gaming,1
6552.0,1.82,0.5130176345681579,3.6957718928650634,4.092934876861699,44.7545278630713,0.022139792442180804,cutoff,S3_gaming,1
6554.0,1.8205555555555555,0.5128638184530562,3.6956926096003473,4.092934876861699,44.752697604801256,0.02214026698535426,cutoff,S3_gaming,1
6556.0,1.8211111111111111,0.5127099990380822,3.6956133245297047,4.092934876861699,44.750867344196834,0.022140741559670662,cutoff,S3_gaming,1
6558.0,1.8216666666666668,0.5125561763230193,3.69553403765301,4.092934876861699,44.74903708125788,0.02214121616513346,cutoff,S3_gaming,1
6560.0,1.8222222222222222,0.5124023503076506,3.695454748970137,4.092934876861699,44.74720681598414,0.022141690801746106,cutoff,S3_gaming,1
6562.0,1.8227777777777778,0.5122485209917592,3.69537545848096,4.092934876861699,44.74537654837543,0.022142165469512042,cutoff,S3_gaming,1
6564.0,1.8233333333333333,0.5120946883751285,3.695296166185354,4.092934876861699,44.743546278431545,0.022142640168434723,cutoff,S3_gaming,1
6566.0,1.823888888888889,0.5119408524575414,3.6952168720831926,4.092934876861699,44.74171600615229,0.022143114898517596,cutoff,S3_gaming,1
6568.0,1.8244444444444445,0.5117870132387812,3.69513757617435,4.092934876861699,44.73988573153744,0.022143589659764113,cutoff,S3_gaming,1
6570.0,1.825,0.5116331707186309,3.695058278458702,4.092934876861699,44.7380554545868,0.022144064452177724,cutoff,S3_gaming,1
6572.0,1.8255555555555556,0.5114793248968735,3.69497897893612,4.092934876861699,44.73622517530015,0.022144539275761883,cutoff,S3_gaming,1
6574.0,1.826111111111111,0.5113254757732922,3.69489967760648,4.092934876861699,44.734394893677305,0.02214501413052004,cutoff,S3_gaming,1
6576.0,1.8266666666666667,0.51117162334767,3.694820374469657,4.092934876861699,44.73256460971804,0.02214548901645565,cutoff,S3_gaming,1
6578.0,1.8272222222222223,0.5110177676197898,3.694741069525524,4.092934876861699,44.730734323422176,0.022145963933572165,cutoff,S3_gaming,1
6580.0,1.8277777777777777,0.5108639085894346,3.6946617627739555,4.092934876861699,44.72890403478948,0.02214643888187304,cutoff,S3_gaming,1
6582.0,1.8283333333333334,0.5107100462563875,3.6945824542148253,4.092934876861699,44.727073743819744,0.022146913861361726,cutoff,S3_gaming,1
6584.0,1.8288888888888888,0.5105561806204313,3.6945031438480074,4.092934876861699,44.725243450512785,0.022147388872041682,cutoff,S3_gaming,1
6586.0,1.8294444444444444,0.5104023116813489,3.6944238316733764,4.092934876861699,44.72341315486838,0.022147863913916363,cutoff,S3_gaming,1
6588.0,1.83,0.5102484394389231,3.6943445176908063,4.092934876861699,44.72158285688633,0.022148338986989223,cutoff,S3_gaming,1
6590.0,1.8305555555555555,0.5100945638929368,3.694265201900172,4.092934876861699,44.71975255656642,0.022148814091263718,cutoff,S3_gaming,1
6592.0,1.8311111111111111,0.509940685043173,3.6941858843013464,4.092934876861699,44.71792225390846,0.022149289226743307,cutoff,S3_gaming,1
6594.0,1.8316666666666668,0.5097868028894144,3.694106564894204,4.092934876861699,44.71609194891223,0.02214976439343145,cutoff,S3_gaming,1
6596.0,1.8322222222222222,0.5096329174314437,3.6940272436786183,4.092934876861699,44.71426164157754,0.0221502395913316,cutoff,S3_gaming,1
6598.0,1.8327777777777778,0.5094790286690437,3.6939479206544648,4.092934876861699,44.71243133190416,0.02215071482044722,cutoff,S3_gaming,1
6600.0,1.8333333333333333,0.5093251366019972,3.693868595821616,4.092934876861699,44.71060101989189,0.022151190080781768,cutoff,S3_gaming,1
6602.0,1.833888888888889,0.5091712412300868,3.6937892691799465,4.092934876861699,44.70877070554053,0.022151665372338706,cutoff,S3_gaming,1
6604.0,1.8344444444444445,0.5090173425530953,3.6937099407293306,4.092934876861699,44.70694038884988,0.022152140695121492,cutoff,S3_gaming,1
6606.0,1.835,0.5088634405708052,3.6936306104696426,4.092934876861699,44.705110069819725,0.022152616049133586,cutoff,S3_gaming,1
6608.0,1.8355555555555556,0.5087095352829993,3.6935512784007547,4.092934876861699,44.703279748449866,0.022153091434378453,cutoff,S3_gaming,1
6610.0,1.836111111111111,0.5085556266894602,3.693471944522542,4.092934876861699,44.70144942474009,0.02215356685085955,cutoff,S3_gaming,1
6612.0,1.8366666666666667,0.5084017147899704,3.693392608834879,4.092934876861699,44.699619098690185,0.02215404229858034,cutoff,S3_gaming,1
6614.0,1.8372222222222223,0.5082477995843125,3.6933132713376393,4.092934876861699,44.69778877029995,0.02215451777754429,cutoff,S3_gaming,1
6616.0,1.8377777777777777,0.508093881072269,3.693233932030697,4.092934876861699,44.695958439569196,0.022154993287754863,cutoff,S3_gaming,1
6618.0,1.8383333333333334,0.5079399592536226,3.6931545909139247,4.092934876861699,44.69412810649768,0.02215546882921552,cutoff,S3_gaming,1
6620.0,1.8388888888888888,0.5077860341281555,3.6930752479871973,4.092934876861699,44.69229777108522,0.02215594440192973,cutoff,S3_gaming,1
6622.0,1.8394444444444444,0.5076321056956504,3.692995903250389,4.092934876861699,44.69046743333161,0.022156420005900956,cutoff,S3_gaming,1
6624.0,1.84,0.5074781739558897,3.692916556703373,4.092934876861699,44.68863709323665,0.022156895641132664,cutoff,S3_gaming,1
6626.0,1.8405555555555555,0.5073242389086557,3.692837208346023,4.092934876861699,44.68680675080011,0.02215737130762832,cutoff,S3_gaming,1
6628.0,1.8411111111111111,0.507170300553731,3.6927578581782132,4.092934876861699,44.68497640602179,0.022157847005391394,cutoff,S3_gaming,1
6630.0,1.8416666666666666,0.5070163588908978,3.6926785061998175,4.092934876861699,44.683146058901485,0.022158322734425348,cutoff,S3_gaming,1
6632.0,1.8422222222222222,0.5068624139199385,3.69259915241071,4.092934876861699,44.681315709439005,0.022158798494733654,cutoff,S3_gaming,1
6634.0,1.8427777777777778,0.5067084656406354,3.6925197968107635,4.092934876861699,44.679485357634135,0.02215927428631978,cutoff,S3_gaming,1
6636.0,1.8433333333333333,0.5065545140527709,3.6924404393998524,4.092934876861699,44.677655003486656,0.022159750109187193,cutoff,S3_gaming,1
6638.0,1.843888888888889,0.5064005591561271,3.6923610801778493,4.092934876861699,44.675824646996354,0.022160225963339365,cutoff,S3_gaming,1
6640.0,1.8444444444444446,0.5062466009504865,3.69228171914463,4.092934876861699,44.67399428816305,0.022160701848779767,cutoff,S3_gaming,1
6642.0,1.845,0.5060926394356311,3.6922023563000677,4.092934876861699,44.672163926986535,0.022161177765511866,cutoff,S3_gaming,1
6644.0,1.8455555555555556,0.5059386746113431,3.692122991644035,4.092934876861699,44.670333563466585,0.022161653713539134,cutoff,S3_gaming,1
6646.0,1.846111111111111,0.5057847064774048,3.6920436251764053,4.092934876861699,44.66850319760299,0.022162129692865046,cutoff,S3_gaming,1
6648.0,1.8466666666666667,0.5056307350335983,3.6919642568970543,4.092934876861699,44.66667282939556,0.02216260570349307,cutoff,S3_gaming,1
6650.0,1.8472222222222223,0.5054767602797058,3.691884886805854,4.092934876861699,44.66484245884406,0.022163081745426683,cutoff,S3_gaming,1
6652.0,1.8477777777777777,0.5053227822155093,3.6918055149026787,4.092934876861699,44.66301208594834,0.022163557818669355,cutoff,S3_gaming,1
6654.0,1.8483333333333334,0.505168800840791,3.691726141187402,4.092934876861699,44.66118171070813,0.022164033923224562,cutoff,S3_gaming,1
6656.0,1.8488888888888888,0.5050148161553328,3.691646765659897,4.092934876861699,44.65935133312326,0.02216451005909578,cutoff,S3_gaming,1
6658.0,1.8494444444444444,0.5048608281589169,3.6915673883200375,4.092934876861699,44.65752095319352,0.02216498622628648,cutoff,S3_gaming,1
6660.0,1.85,0.5047068368513251,3.691488009167698,4.092934876861699,44.655690570918686,0.022165462424800143,cutoff,S3_gaming,1
6662.0,1.8505555555555555,0.5045528422323396,3.6914086282027507,4.092934876861699,44.65386018629855,0.02216593865464024,cutoff,S3_gaming,1
6664.0,1.8511111111111112,0.5043988443017423,3.69132924542507,4.092934876861699,44.652029799332944,0.022166414915810253,cutoff,S3_gaming,1
6666.0,1.8516666666666666,0.504244843059315,3.691249860834529,4.092934876861699,44.6501994100216,0.022166891208313652,cutoff,S3_gaming,1
6668.0,1.8522222222222222,0.5040908385048398,3.6911704744310017,4.092934876861699,44.64836901836435,0.02216736753215392,cutoff,S3_gaming,1
6670.0,1.8527777777777779,0.5039368306380986,3.691091086214361,4.092934876861699,44.646538624360986,0.022167843887334532,cutoff,S3_gaming,1
6672.0,1.8533333333333333,0.503782819458873,3.6910116961844808,4.092934876861699,44.64470822801129,0.022168320273858972,cutoff,S3_gaming,1
6674.0,1.853888888888889,0.5036288049669452,3.6909323043412345,4.092934876861699,44.642877829315076,0.022168796691730715,cutoff,S3_gaming,1
6676.0,1.8544444444444443,0.5034747871620967,3.690852910684496,4.092934876861699,44.6410474282721,0.022169273140953242,cutoff,S3_gaming,1
6678.0,1.855,0.5033207660441095,3.690773515214138,4.092934876861699,44.639217024882186,0.022169749621530035,cutoff,S3_gaming,1
6680.0,1.8555555555555556,0.5031667416127652,3.6906941179300343,4.092934876861699,44.63738661914512,0.022170226133464574,cutoff,S3_gaming,1
6682.0,1.856111111111111,0.5030127138678456,3.6906147188320584,4.092934876861699,44.635556211060674,0.02217070267676034,cutoff,S3_gaming,1
6684.0,1.8566666666666667,0.5028586828091325,3.6905353179200833,4.092934876861699,44.63372580062866,0.022171179251420814,cutoff,S3_gaming,1
6686.0,1.8572222222222223,0.5027046484364075,3.690455915193983,4.092934876861699,44.63189538784887,0.02217165585744948,cutoff,S3_gaming,1
6688.0,1.8577777777777778,0.5025506107494524,3.6903765106536293,4.092934876861699,44.63006497272109,0.022172132494849825,cutoff,S3_gaming,1
6690.0,1.8583333333333334,0.5023965697480487,3.6902971042988986,4.092934876861699,44.628234555245115,0.022172609163625328,cutoff,S3_gaming,1
6692.0,1.8588888888888888,0.5022425254319781,3.6902176961296616,4.092934876861699,44.62640413542074,0.022173085863779474,cutoff,S3_gaming,1
6694.0,1.8594444444444445,0.5020884778010222,3.6901382861457925,4.092934876861699,44.62457371324776,0.02217356259531575,cutoff,S3_gaming,1
6696.0,1.86,0.5019344268549625,3.6900588743471645,4.092934876861699,44.62274328872596,0.022174039358237637,cutoff,S3_gaming,1
6698.0,1.8605555555555555,0.5017803725935805,3.6899794607336514,4.092934876861699,44.62091286185514,0.022174516152548625,cutoff,S3_gaming,1
6700.0,1.8611111111111112,0.501626315016658,3.6899000453051256,4.092934876861699,44.61908243263508,0.022174992978252202,cutoff,S3_gaming,1
6702.0,1.8616666666666666,0.5014722541239762,3.689820628061461,4.092934876861699,44.617252001065594,0.022175469835351853,cutoff,S3_gaming,1
6704.0,1.8622222222222222,0.5013181899153167,3.6897412090025306,4.092934876861699,44.61542156714645,0.022175946723851064,cutoff,S3_gaming,1
6706.0,1.8627777777777779,0.5011641223904609,3.689661788128208,4.092934876861699,44.61359113087745,0.022176423643753326,cutoff,S3_gaming,1
6708.0,1.8633333333333333,0.5010100515491903,3.6895823654383664,4.092934876861699,44.611760692258386,0.022176900595062124,cutoff,S3_gaming,1
6710.0,1.863888888888889,0.5008559773912863,3.6895029409328783,4.092934876861699,44.60993025128905,0.02217737757778095,cutoff,S3_gaming,1
6712.0,1.8644444444444443,0.5007018999165302,3.6894235146116174,4.092934876861699,44.60809980796924,0.022177854591913293,cutoff,S3_gaming,1
6714.0,1.865,0.5005478191247035,3.6893440864744576,4.092934876861699,44.60626936229875,0.022178331637462644,cutoff,S3_gaming,1
6716.0,1.8655555555555556,0.5003937350155874,3.689264656521271,4.092934876861699,44.60443891427737,0.022178808714432494,cutoff,S3_gaming,1
6718.0,1.866111111111111,0.5002396475889631,3.6891852247519306,4.092934876861699,44.60260846390487,0.02217928582282633,cutoff,S3_gaming,1
6720.0,1.8666666666666667,0.5000855568446121,3.68910579116631,4.092934876861699,44.60077801118107,0.02217976296264765,cutoff,S3_gaming,1
6722.0,1.8672222222222221,0.49993146278231554,3.6890263557642826,4.092934876861699,44.59894755610575,0.022180240133899947,cutoff,S3_gaming,1
6724.0,1.8677777777777778,0.4997773654018547,3.6889469185457213,4.092934876861699,44.59711709867871,0.022180717336586712,cutoff,S3_gaming,1
6726.0,1.8683333333333334,0.49962326470301077,3.688867479510499,4.092934876861699,44.59528663889973,0.022181194570711438,cutoff,S3_gaming,1
6728.0,1.8688888888888888,0.49946916068556496,3.688788038658489,4.092934876861699,44.593456176768605,0.022181671836277617,cutoff,S3_gaming,1
6730.0,1.8694444444444445,0.4993150533492984,3.688708595989565,4.092934876861699,44.59162571228514,0.022182149133288746,cutoff,S3_gaming,1
6732.0,1.87,0.4991609426939922,3.688629151503598,4.092934876861699,44.5897952454491,0.02218262646174832,cutoff,S3_gaming,1
6734.0,1.8705555555555555,0.49900682871942753,3.688549705200463,4.092934876861699,44.58796477626032,0.022183103821659837,cutoff,S3_gaming,1
6736.0,1.8711111111111112,0.49885271142538545,3.688470257080032,4.092934876861699,44.58613430471854,0.02218358121302679,cutoff,S3_gaming,1
6738.0,1.8716666666666666,0.498698590811647,3.688390807142179,4.092934876861699,44.58430383082359,0.02218405863585268,cutoff,S3_gaming,1
6740.0,1.8722222222222222,0.49854446687799325,3.688311355386776,4.092934876861699,44.58247335457526,0.022184536090141,cutoff,S3_gaming,1
6742.0,1.8727777777777779,0.4983903396242052,3.688231901813696,4.092934876861699,44.58064287597331,0.02218501357589525,cutoff,S3_gaming,1
6744.0,1.8733333333333333,0.4982362090500638,3.6881524464228135,4.092934876861699,44.57881239501757,0.02218549109311893,cutoff,S3_gaming,1
6746.0,1.873888888888889,0.4980820751553501,3.688072989213999,4.092934876861699,44.576981911707804,0.02218596864181554,cutoff,S3_gaming,1
6748.0,1.8744444444444444,0.49792793793984497,3.687993530187127,4.092934876861699,44.57515142604381,0.022186446221988572,cutoff,S3_gaming,1
6750.0,1.875,0.49777379740332933,3.68791406934207,4.092934876861699,44.57332093802539,0.022186923833641535,cutoff,S3_gaming,1
6752.0,1.8755555555555556,0.49761965354558413,3.687834606678701,4.092934876861699,44.57149044765233,0.022187401476777925,cutoff,S3_gaming,1
6754.0,1.876111111111111,0.49746550636639014,3.6877551421968935,4.092934876861699,44.56965995492443,0.022187879151401246,cutoff,S3_gaming,1
6756.0,1.8766666666666667,0.49731135586552827,3.6876756758965192,4.092934876861699,44.56782945984147,0.022188356857515,cutoff,S3_gaming,1
6758.0,1.8772222222222221,0.49715720204277936,3.687596207777452,4.092934876861699,44.56599896240324,0.022188834595122685,cutoff,S3_gaming,1
6760.0,1.8777777777777778,0.49700304489792413,3.687516737839563,4.092934876861699,44.56416846260953,0.022189312364227807,cutoff,S3_gaming,1
6762.0,1.8783333333333334,0.4968488844307434,3.6874372660827266,4.092934876861699,44.56233796046014,0.02218979016483387,cutoff,S3_gaming,1
6764.0,1.8788888888888888,0.4966947206410179,3.687357792506816,4.092934876861699,44.56050745595486,0.022190267996944377,cutoff,S3_gaming,1
6766.0,1.8794444444444445,0.49654055352852833,3.6872783171117027,4.092934876861699,44.558676949093496,0.022190745860562834,cutoff,S3_gaming,1
6768.0,1.88,0.49638638309305544,3.6871988398972606,4.092934876861699,44.5568464398758,0.022191223755692747,cutoff,S3_gaming,1
6770.0,1.8805555555555555,0.49623220933437984,3.687119360863361,4.092934876861699,44.55501592830161,0.022191701682337618,cutoff,S3_gaming,1
6772.0,1.8811111111111112,0.4960780322522822,3.687039880009878,4.092934876861699,44.553185414370674,0.022192179640500957,cutoff,S3_gaming,1
6774.0,1.8816666666666666,0.49592385184654314,3.6869603973366836,4.092934876861699,44.551354898082806,0.02219265763018627,cutoff,S3_gaming,1
6776.0,1.8822222222222222,0.4957696681169433,3.686880912843651,4.092934876861699,44.54952437943782,0.022193135651397064,cutoff,S3_gaming,1
6778.0,1.8827777777777779,0.4956154810632632,3.686801426530653,4.092934876861699,44.54769385843545,0.022193613704136847,cutoff,S3_gaming,1
6780.0,1.8833333333333333,0.4954612906852834,3.6867219383975613,4.092934876861699,44.54586333507554,0.022194091788409125,cutoff,S3_gaming,1
6782.0,1.883888888888889,0.4953070969827844,3.6866424484442497,4.092934876861699,44.54403280935785,0.02219456990421741,cutoff,S3_gaming,1
6784.0,1.8844444444444444,0.4951528999555468,3.68656295667059,4.092934876861699,44.54220228128219,0.022195048051565212,cutoff,S3_gaming,1
6786.0,1.885,0.49499869960335097,3.686483463076456,4.092934876861699,44.54037175084835,0.02219552623045604,cutoff,S3_gaming,1
6788.0,1.8855555555555557,0.4948444959259774,3.6864039676617186,4.092934876861699,44.53854121805609,0.022196004440893403,cutoff,S3_gaming,1
6790.0,1.886111111111111,0.49469028892320654,3.686324470426252,4.092934876861699,44.53671068290525,0.022196482682880814,cutoff,S3_gaming,1
6792.0,1.8866666666666667,0.49453607859481874,3.6862449713699275,4.092934876861699,44.53488014539559,0.022196960956421784,cutoff,S3_gaming,1
6794.0,1.8872222222222221,0.49438186494059444,3.686165470492619,4.092934876861699,44.53304960552689,0.022197439261519826,cutoff,S3_gaming,1
6796.0,1.8877777777777778,0.49422764796031393,3.6860859677941984,4.092934876861699,44.531219063298984,0.022197917598178452,cutoff,S3_gaming,1
6798.0,1.8883333333333334,0.4940734276537576,3.686006463274538,4.092934876861699,44.52938851871162,0.022198395966401177,cutoff,S3_gaming,1
6800.0,1.8888888888888888,0.4939192040207057,3.6859269569335114,4.092934876861699,44.52755797176462,0.022198874366191515,cutoff,S3_gaming,1
6802.0,1.8894444444444445,0.4937649770609386,3.685847448770989,4.092934876861699,44.52572742245775,0.02219935279755298,cutoff,S3_gaming,1
6804.0,1.89,0.49361074677423644,3.6857679387868463,4.092934876861699,44.523896870790836,0.02219983126048909,cutoff,S3_gaming,1
6806.0,1.8905555555555555,0.49345651316037953,3.685688426980953,4.092934876861699,44.52206631676362,0.022200309755003353,cutoff,S3_gaming,1
6808.0,1.8911111111111112,0.493302276219148,3.6856089133531826,4.092934876861699,44.52023576037591,0.022200788281099292,cutoff,S3_gaming,1
6810.0,1.8916666666666666,0.49314803595032214,3.6855293979034083,4.092934876861699,44.518405201627544,0.02220126683878042,cutoff,S3_gaming,1
6812.0,1.8922222222222222,0.492993792353682,3.6854498806315017,4.092934876861699,44.51657464051824,0.022201745428050257,cutoff,S3_gaming,1
6814.0,1.8927777777777777,0.49283954542900776,3.6853703615373354,4.092934876861699,44.51474407704784,0.022202224048912318,cutoff,S3_gaming,1
6816.0,1.8933333333333333,0.49268529517607956,3.685290840620782,4.092934876861699,44.51291351121612,0.022202702701370126,cutoff,S3_gaming,1
6818.0,1.893888888888889,0.4925310415946774,3.6852113178817136,4.092934876861699,44.511082943022835,0.022203181385427196,cutoff,S3_gaming,1
6820.0,1.8944444444444444,0.49237678468458146,3.6851317933200036,4.092934876861699,44.509252372467856,0.02220366010108705,cutoff,S3_gaming,1
6822.0,1.895,0.4922225244455717,3.685052266935523,4.092934876861699,44.50742179955089,0.022204138848353205,cutoff,S3_gaming,1
6824.0,1.8955555555555557,0.4920682608774281,3.684972738728144,4.092934876861699,44.505591224271775,0.022204617627229185,cutoff,S3_gaming,1
6826.0,1.896111111111111,0.4919139939799307,3.68489320869774,4.092934876861699,44.5037606466303,0.022205096437718508,cutoff,S3_gaming,1
6828.0,1.8966666666666667,0.4917597237528594,3.684813676844184,4.092934876861699,44.501930066626244,0.0222055752798247,cutoff,S3_gaming,1
6830.0,1.8972222222222221,0.4916054501959943,3.684734143167346,4.092934876861699,44.50009948425939,0.02220605415355128,cutoff,S3_gaming,1
6832.0,1.8977777777777778,0.4914511733091151,3.6846546076671007,4.092934876861699,44.49826889952955,0.02220653305890177,cutoff,S3_gaming,1
6834.0,1.8983333333333334,0.4912968930920018,3.684575070343318,4.092934876861699,44.49643831243649,0.022207011995879693,cutoff,S3_gaming,1
6836.0,1.8988888888888888,0.4911426095444343,3.6844955311958723,4.092934876861699,44.494607722980014,0.02220749096448858,cutoff,S3_gaming,1
6838.0,1.8994444444444445,0.49098832266619236,3.684415990224635,4.092934876861699,44.49277713115992,0.022207969964731948,cutoff,S3_gaming,1
6840.0,1.9,0.4908340324570558,3.6843364474294784,4.092934876861699,44.490946536976004,0.022208448996613325,cutoff,S3_gaming,1
6842.0,1.9005555555555556,0.49067973891680444,3.6842569028102745,4.092934876861699,44.48911594042801,0.022208928060136236,cutoff,S3_gaming,1
6844.0,1.9011111111111112,0.49052544204521803,3.684177356366895,4.092934876861699,44.48728534151577,0.022209407155304207,cutoff,S3_gaming,1
6846.0,1.9016666666666666,0.4903711418420763,3.6840978080992137,4.092934876861699,44.48545474023909,0.022209886282120766,cutoff,S3_gaming,1
6848.0,1.9022222222222223,0.490216838307159,3.684018258007101,4.092934876861699,44.483624136597705,0.02221036544058944,cutoff,S3_gaming,1
6850.0,1.9027777777777777,0.4900625314402458,3.6839387060904305,4.092934876861699,44.48179353059146,0.022210844630713752,cutoff,S3_gaming,1
6852.0,1.9033333333333333,0.4899082212411164,3.6838591523490742,4.092934876861699,44.4799629222201,0.022211323852497238,cutoff,S3_gaming,1
6854.0,1.903888888888889,0.4897305927247409,3.6701720823690405,4.69404159768895,44.47399666995666,0.022375543641214236,cutoff,S3_gaming,1
6856.0,1.9044444444444444,0.48956550558086803,3.677246873902845,4.370968125196539,44.470444080893024,0.022443676582442163,cutoff,S3_gaming,1
6858.0,1.905,0.4894007477862429,3.6772917846955373,4.362297799468604,44.46702838916591,0.022506173625445592,cutoff,S3_gaming,1
6860.0,1.9055555555555554,0.48923623365389174,3.677292207300292,4.355843897622352,44.463727901792545,0.022563911413983857,cutoff,S3_gaming,1
6862.0,1.906111111111111,0.4890585712757779,3.669481181173053,4.69404159768895,44.45816210668965,0.02271117309048102,cutoff,S3_gaming,1
6864.0,1.9066666666666667,0.4888934535485344,3.676573971827599,4.370968125196539,44.45499058924659,0.022763151955335993,cutoff,S3_gaming,1
6866.0,1.9072222222222222,0.48872866595789316,3.676634682159409,4.362297799468604,44.45193748557214,0.02281027723705851,cutoff,S3_gaming,1
6868.0,1.9077777777777778,0.4885641227629561,3.676650129713718,4.355843897622352,44.448981999630156,0.02285338780409615,cutoff,S3_gaming,1
6870.0,1.9083333333333334,0.4883997601662924,3.6766322812937378,4.351039827931306,44.44610819389532,0.022893127504339708,cutoff,S3_gaming,1
6872.0,1.9088888888888889,0.4882355306998419,3.676590023419309,4.3474638383754955,44.44330376873228,0.022929994104059378,cutoff,S3_gaming,1
6874.0,1.9094444444444445,0.48807139904780117,3.6765299516980274,4.344801990790916,44.44055915313655,0.022964375748162718,cutoff,S3_gaming,1
6876.0,1.91,0.4879073389383192,3.676456957886733,4.342820600058937,44.437866827111044,0.022996578136040745,cutoff,S3_gaming,1
6878.0,1.9105555555555556,0.48774333083032567,3.676374666579441,4.341345718756374,44.43522081641236,0.02302684478783344,cutoff,S3_gaming,1
6880.0,1.9111111111111112,0.4875793601919838,3.676285760083057,4.340247866211925,44.43261631559448,0.02305537216733136,cutoff,S3_gaming,1
6882.0,1.9116666666666666,0.487415416219397,3.676192220130608,4.339430661324142,44.43004940656692,0.023082320975434806,cutoff,S3_gaming,1
6884.0,1.9122222222222223,0.4872514908829548,3.6760955077282,4.33882236120953,44.42751684827631,0.02310782459182075,cutoff,S3_gaming,1
6886.0,1.9127777777777777,0.487073752610909,3.6679275101103257,4.69404159768895,44.422564957283264,0.023229092273672675,cutoff,S3_gaming,1
6888.0,1.9133333333333333,0.48690856579909136,3.675048920129529,4.370968125196539,44.419977663642705,0.023256297068342483,cutoff,S3_gaming,1
6890.0,1.913888888888889,0.4867437103781224,3.6751338769956448,4.362297799468604,44.417480452476376,0.0232798477186278,cutoff,S3_gaming,1
6892.0,1.9144444444444444,0.4865791005122206,3.675172376388057,4.355843897622352,44.41505390180191,0.023300525261925,cutoff,S3_gaming,1
6894.0,1.915,0.48641467232286484,3.6751764480212823,4.351039827931306,44.41268338150079,0.023318918438667728,cutoff,S3_gaming,1
6896.0,1.9155555555555555,0.48625037827152956,3.6751550369140857,4.3474638383754955,44.41035783592758,0.02333547252068197,cutoff,S3_gaming,1
6898.0,1.916111111111111,0.4860861829802392,3.6751147933470873,4.344801990790916,44.40806887772505,0.023350525660378433,cutoff,S3_gaming,1
6900.0,1.9166666666666667,0.48592206012154066,3.675060660379786,4.342820600058937,44.40581011312658,0.0233643359566777,cutoff,S3_gaming,1
6902.0,1.9172222222222222,0.4857579901040515,3.674996310897888,4.341345718756374,44.40357663948699,0.023377101613604973,cutoff,S3_gaming,1
6904.0,1.9177777777777778,0.485593958349956,3.6749244727773642,4.340247866211925,44.4013646709763,0.023388975958502724,cutoff,S3_gaming,1
6906.0,1.9183333333333332,0.4854299540129906,3.6748471708332127,4.339430661324142,44.39917125965933,0.023400078634247652,cutoff,S3_gaming,1
6908.0,1.9188888888888889,0.48526596902424246,3.674765906862335,4.33882236120953,44.39699408757701,0.023410503943397575,cutoff,S3_gaming,1
6910.0,1.9194444444444445,0.48510199738192117,3.6746817936260685,4.338369562853856,44.39483131168448,0.023420327071968432,cutoff,S3_gaming,1
6912.0,1.92,0.48493803462271584,3.674595654558185,4.338032514831052,44.392681448144096,0.02342960873440463,cutoff,S3_gaming,1
6914.0,1.9205555555555556,0.484774077428308,3.674508097966367,4.337781627502835,44.390543285923684,0.023438398642817614,cutoff,S3_gaming,1
6916.0,1.9211111111111112,0.48461012333248416,3.6744195722510598,4.337594875327475,44.38841582222078,0.02344673810051689,cutoff,S3_gaming,1
6918.0,1.9216666666666666,0.4844556284953757,3.6798503240488953,4.093339659752194,44.387974206417105,0.02338823872135985,cutoff,S3_gaming,1
6920.0,1.9222222222222223,0.4843011367925668,3.67983051650119,4.093236183770605,44.387465944240226,0.023332570381935643,cutoff,S3_gaming,1
6922.0,1.9227777777777777,0.48414664708203964,3.6798073527771464,4.093159159694513,44.38689408673674,0.02327960303099979,cutoff,S3_gaming,1
6924.0,1.9233333333333333,0.4839921584887848,3.6797811117653754,4.0931018255363165,44.38626158292965,0.023229211084796867,cutoff,S3_gaming,1
6926.0,1.923888888888889,0.48383767033774994,3.679752029108885,4.093059147897546,44.385571273051625,0.023181273680078624,cutoff,S3_gaming,1
6928.0,1.9244444444444444,0.4836831821038708,3.6797203069006956,4.093027380083937,44.384825885098266,0.023135674794811344,cutoff,S3_gaming,1
6930.0,1.925,0.48352869337482085,3.679686120966713,4.0930037331810025,44.3840280337758,0.0230923032736757,cutoff,S3_gaming,1
6932.0,1.9255555555555555,0.48337420382323054,3.679649626349504,4.092986131213637,44.383180221157815,0.023051052785817785,cutoff,S3_gaming,1
6934.0,1.926111111111111,0.48321971318595774,3.679610961449867,4.092973028895081,44.38228483854491,0.023011821735138896,cutoff,S3_gaming,1
6936.0,1.9266666666666667,0.4830652212486097,3.6795702511664365,4.092963275965309,44.38134416915307,0.022974513138081406,cutoff,S3_gaming,1
6938.0,1.9272222222222222,0.4829107278339758,3.6795276092867297,4.092956016209051,44.380360391356014,0.022939034479907267,cutoff,S3_gaming,1
6940.0,1.9277777777777778,0.48275623279337443,3.6794831403183608,4.0929506122881625,44.379335582279964,0.022905297557524348,cutoff,S3_gaming,1
6942.0,1.9283333333333332,0.4826017360001698,3.679436940901059,4.092946589789343,44.37827172160333,0.022873218314732564,cutoff,S3_gaming,1
6944.0,1.9288888888888889,0.4824472373449074,3.679389100904275,4.092943595575127,44.377170695455014,0.022842716674142727,cutoff,S3_gaming,1
6946.0,1.9294444444444445,0.4822927367316554,3.6793397042884957,4.092941366781738,44.376034300333714,0.02281371636882161,cutoff,S3_gaming,1
6948.0,1.93,0.48213823407524564,3.6792888297885287,4.092939707742134,44.3748642469943,0.022786144775829357,cutoff,S3_gaming,1
6950.0,1.9305555555555556,0.4819837292991862,3.679236551462214,4.09293847280828,44.37366216426227,0.022759932753159996,cutoff,S3_gaming,1
6952.0,1.931111111111111,0.4818292223340754,3.6791829391370316,4.092937553564629,44.37242960275031,0.022735014481112974,cutoff,S3_gaming,1
6954.0,1.9316666666666666,0.4816747131163903,3.6791280587788506,4.092936869310256,44.37116803845953,0.022711327308768806,cutoff,S3_gaming,1
6956.0,1.9322222222222223,0.4815202015875564,3.679071972800959,4.092936359974078,44.369878876254305,0.02268881160598239,cutoff,S3_gaming,1
6958.0,1.9327777777777777,0.48136568769322646,3.679014740326974,4.092935980841182,44.36856345320473,0.022667410621118468,cutoff,S3_gaming,1
6960.0,1.9333333333333333,0.4812111713827183,3.67895641741782,4.092935698627277,44.36722304179382,0.022647070344617132,cutoff,S3_gaming,1
6962.0,1.933888888888889,0.48105665260857045,3.678897057270455,4.092935488556639,44.36585885298933,0.02262773937837932,cutoff,S3_gaming,1
6964.0,1.9344444444444444,0.4809021313261878,3.6788367103941053,4.09293533218705,44.364472039181464,0.022609368810893142,cutoff,S3_gaming,1
6966.0,1.935,0.4807476074935553,3.678775424768408,4.092935215790733,44.36306369698949,0.022591912097973763,cutoff,S3_gaming,1
6968.0,1.9355555555555555,0.48059308107100257,3.678713245986759,4.092935129149189,44.36163486994045,0.022575324948957153,cutoff,S3_gaming,1
6970.0,1.9361111111111111,0.480438552021009,3.678650217387425,4.092935064656109,44.36018655102436,0.022559565218167023,cutoff,S3_gaming,1
6972.0,1.9366666666666668,0.48028402030803835,3.6785863801743446,4.092935016649606,44.3587196851302,0.02254459280146165,cutoff,S3_gaming,1
6974.0,1.9372222222222222,0.4801294858983973,3.6785217735291456,4.092934980915164,44.3572351713671,0.022530369537660664,cutoff,S3_gaming,1
6976.0,1.9377777777777778,0.4799749487601126,3.6784564347155393,4.092934954315634,44.35573386527594,0.02251685911464981,cutoff,S3_gaming,1
6978.0,1.9383333333333332,0.4798204088628222,3.67839039917704,4.09293493451583,44.354216580935415,0.022504026979962566,cutoff,S3_gaming,1
6980.0,1.9388888888888889,0.47966586617767887,3.67832370062872,4.092934919777515,44.35268409296762,0.02249184025564074,cutoff,S3_gaming,1
6982.0,1.9394444444444445,0.4795113206772627,3.678256371143629,4.092934908806804,44.351137138447434,0.02248026765718089,cutoff,S3_gaming,1
6984.0,1.94,0.4793334198213556,3.6645590374239236,4.69404159768895,44.34544011112995,0.022633283517758195,cutoff,S3_gaming,1
6986.0,1.9405555555555556,0.47916808107790304,3.6716564407038965,4.370968125196539,44.34214403809385,0.022690613298139244,cutoff,S3_gaming,1
6988.0,1.941111111111111,0.47900307268243236,3.6717120777784356,4.362297799468604,44.33897241897473,0.022742827043271945,cutoff,S3_gaming,1
6990.0,1.9416666666666667,0.47883830878595485,3.6717226384932165,4.355843897622352,44.33590416256527,0.022790777180687352,cutoff,S3_gaming,1
6992.0,1.9422222222222223,0.4786603759867082,3.663908740731465,4.69404159768895,44.330558940139674,0.022928873629111057,cutoff,S3_gaming,1
6994.0,1.9427777777777777,0.478495008346901,3.671022073138209,4.370968125196539,44.327597646673475,0.022971990229268564,cutoff,S3_gaming,1
6996.0,1.9433333333333334,0.4783299717540405,3.6710916140519396,4.362297799468604,44.32474457084816,0.023010679071281587,cutoff,S3_gaming,1
6998.0,1.943888888888889,0.47816518031049,3.671115396427017,4.355843897622352,44.32197940916199,0.023045759356608603,cutoff,S3_gaming,1
7000.0,1.9444444444444444,0.4780005700984714,3.6711054269081846,4.351039827931306,44.31928669326235,0.023077855969747495,cutoff,S3_gaming,1
7002.0,1.945,0.47783609355677564,3.6710706258451267,4.3474638383754955,44.31665457031823,0.023107448447421356,cutoff,S3_gaming,1
7004.0,1.9455555555555555,0.4776717152968229,3.6710176180107963,4.344801990790916,44.314073894743196,0.023134907450982022,cutoff,S3_gaming,1
7006.0,1.9461111111111111,0.47750740898928623,3.6709513206704494,4.342820600058937,44.311537551533604,0.02316052194149398,cutoff,S3_gaming,1
7008.0,1.9466666666666668,0.47734315504714786,3.670875381025712,4.341345718756374,44.30903995194972,0.023184519436146366,cutoff,S3_gaming,1
7010.0,1.9472222222222222,0.47717893890134383,3.6707925016599883,4.340247866211925,44.306576657463644,0.023207081115010783,cutoff,S3_gaming,1
7012.0,1.9477777777777778,0.4770147497173782,3.670704682682904,4.339430661324142,44.30414409918862,0.023228353094118945,cutoff,S3_gaming,1
7014.0,1.9483333333333333,0.47685057944010745,3.6706134019054653,4.33882236120953,44.301739368397435,0.02324845484401077,cutoff,S3_gaming,1
7016.0,1.948888888888889,0.4766864220827666,3.670519748908052,4.338369562853856,44.29936005997959,0.023267485482404877,cutoff,S3_gaming,1
7018.0,1.9494444444444445,0.47652227319777984,3.6704245247994787,4.338032514831052,44.297004155329226,0.023285528483300014,cutoff,S3_gaming,1
7020.0,1.95,0.47634425838023137,3.662232579383492,4.69404159768895,44.2922145174274,0.023400071604588225,cutoff,S3_gaming,1
7022.0,1.9505555555555556,0.47617881588189,3.6693724151145757,4.370968125196539,44.2897819680086,0.02342073330797657,cutoff,S3_gaming,1
7024.0,1.951111111111111,0.47601370559596673,3.669463943322697,4.362297799468604,44.28743199786956,0.023438054207863004,cutoff,S3_gaming,1
7026.0,1.9516666666666667,0.4758488415319513,3.669508626331106,4.355843897622352,44.28514554662737,0.02345280114646262,cutoff,S3_gaming,1
7028.0,1.9522222222222223,0.47568415969342087,3.6695185287557806,4.351039827931306,44.28290832880094,0.02346554910270119,cutoff,S3_gaming,1
7030.0,1.9527777777777777,0.4755196124514373,3.6695026246758564,4.3474638383754955,44.28070961709376,0.023476730064999694,cutoff,S3_gaming,1
7032.0,1.9533333333333334,0.4753551643581663,3.669467588945809,4.344801990790916,44.27854133688921,0.023486669405855053,cutoff,S3_gaming,1
7034.0,1.9538888888888888,0.4751907890316955,3.669418385723612,4.342820600058937,44.27639739222884,0.023495612959409388,cutoff,S3_gaming,1
7036.0,1.9544444444444444,0.47502646683774874,3.6693587062748634,4.341345718756374,44.27427316400732,0.02350374718184512,cutoff,S3_gaming,1
7038.0,1.955,0.4748621831643289,3.669291294705055,4.340247866211925,44.272165136313646,0.023511214164425802,cutoff,S3_gaming,1
7040.0,1.9555555555555555,0.47469792713757786,3.6692181903364585,4.339430661324142,44.27007061813826,0.023518122815681497,cutoff,S3_gaming,1
7042.0,1.9561111111111111,0.4745336906659901,3.6691409080749455,4.33882236120953,44.26798753605996,0.023524557192215585,cutoff,S3_gaming,1
7044.0,1.9566666666666668,0.4743694677290017,3.669060572638888,4.338369562853856,44.265914279766605,0.023530582706969783,cutoff,S3_gaming,1
7046.0,1.9572222222222222,0.47420525384746326,3.668978018455636,4.338032514831052,44.26384958690694,0.023536250757340428,cutoff,S3_gaming,1
7048.0,1.9577777777777778,0.47404104568949124,3.668893864008267,4.337781627502835,44.261792457224324,0.02354160217682407,cutoff,S3_gaming,1
7050.0,1.9583333333333333,0.47387684077708375,3.6688085671673307,4.337594875327475,44.25974208849286,0.02354666981065189,cutoff,S3_gaming,1
7052.0,1.958888888888889,0.4737221104443227,3.6742512458664462,4.093339659752194,44.25937407814512,0.02348495057802934,cutoff,S3_gaming,1
7054.0,1.9594444444444445,0.4735673833800374,3.6742344596182193,4.093236183770605,44.258935847460265,0.023426218477132013,cutoff,S3_gaming,1
7056.0,1.96,0.4734126584336296,3.6742141638747596,4.093159159694513,44.2584306205054,0.023370335904268864,cutoff,S3_gaming,1
7058.0,1.9605555555555556,0.47325793472226574,3.6741906451408477,4.0931018255363165,44.257861510963096,0.023317170086265587,cutoff,S3_gaming,1
7060.0,1.961111111111111,0.47310321156370144,3.6741641462587116,4.093059147897546,44.257231515766335,0.023266593316647047,cutoff,S3_gaming,1
7062.0,1.9616666666666667,0.4729484884262173,3.6741348761361126,4.093027380083937,44.25654351203461,0.02321848306013108,cutoff,S3_gaming,1
7064.0,1.9622222222222223,0.47279376489129427,3.6741030170569813,4.0930037331810025,44.255800256386436,0.0231727219625564,cutoff,S3_gaming,1
7066.0,1.9627777777777777,0.4726390406257745,3.674068730189256,4.092986131213637,44.25500438594375,0.02312919779370914,cutoff,S3_gaming,1
7068.0,1.9633333333333334,0.4724843153610857,3.6740321597476213,4.092973028895081,44.254158420522224,0.023087803343331693,cutoff,S3_gaming,1
7070.0,1.9638888888888888,0.4723295888777258,3.6739934361519664,4.092963275965309,44.253264765635095,0.023048436285260383,cutoff,S3_gaming,1
7072.0,1.9644444444444444,0.4721748609936654,3.673952678435392,4.092956016209051,44.252325716035465,0.023010999020673096,cutoff,S3_gaming,1
7074.0,1.965,0.47202013155566935,3.673909996090865,4.0929506122881625,44.25134345959675,0.0229753985084834,cutoff,S3_gaming,1
7076.0,1.9655555555555555,0.47186540043279296,3.673865490497395,4.092946589789343,44.25032008138454,0.0229415460887325,cutoff,S3_gaming,1
7078.0,1.9661111111111111,0.4717106675114992,3.673819256030702,4.092943595575127,44.24925756781361,0.022909357303210226,cutoff,S3_gaming,1
7080.0,1.9666666666666666,0.47155593269198476,3.6737713809366928,4.092941366781738,44.248157810814014,0.022878751716336174,cutoff,S3_gaming,1
7082.0,1.9672222222222222,0.47140119588540724,3.673721948026069,4.092939707742134,44.24702261195182,0.022849652738444765,cutoff,S3_gaming,1
7084.0,1.9677777777777778,0.47124645701178597,3.6736710352336788,4.09293847280828,44.24585368646709,0.022821987452962756,cutoff,S3_gaming,1
7086.0,1.9683333333333333,0.4710917159984047,3.673618716075102,4.092937553564629,44.24465266720298,0.02279568644848528,cutoff,S3_gaming,1
7088.0,1.968888888888889,0.47093697277859087,3.673565060024823,4.092936869310256,44.243421108409194,0.022770683656402318,cutoff,S3_gaming,1
7090.0,1.9694444444444446,0.47078222729077546,3.673510132834152,4.092936359974078,44.24216048940959,0.022746916194468562,cutoff,S3_gaming,1
7092.0,1.97,0.47062747947776445,3.6734539968025475,4.092935980841182,44.24087221812781,0.02272432421652133,cutoff,S3_gaming,1
7094.0,1.9705555555555556,0.47047272928616807,3.6733967110125616,4.092935698627277,44.23955763446894,0.022702850768415297,cutoff,S3_gaming,1
7096.0,1.971111111111111,0.4703179766659498,3.6733383315361157,4.092935488556639,44.238218013557336,0.022682441650145775,cutoff,S3_gaming,1
7098.0,1.9716666666666667,0.4701632215700651,3.67327891161791,4.09293533218705,44.2368545688324,0.02266304528406374,cutoff,S3_gaming,1
7100.0,1.9722222222222223,0.4700084639541687,3.673218501840364,4.092935215790733,44.235468455005496,0.02264461258903863,cutoff,S3_gaming,1
7102.0,1.9727777777777777,0.4698537037763734,3.673157150273433,4.092935129149189,44.23406077088187,0.022627096860393204,cutoff,S3_gaming,1
7104.0,1.9733333333333334,0.4696989409970495,3.673094902611855,4.092935064656109,44.23263256205191,0.02261045365541452,cutoff,S3_gaming,1
7106.0,1.9738888888888888,0.46954417557865397,3.6730318023017965,4.092935016649606,44.23118482345688,0.02259464068423307,cutoff,S3_gaming,1
7108.0,1.9744444444444444,0.4693894074855841,3.672967890658415,4.092934980915164,44.22971850183344,0.02257961770585633,cutoff,S3_gaming,1
7110.0,1.975,0.4692346366840498,3.672903206975534,4.092934954315634,44.22823449804254,0.0225653464291415,cutoff,S3_gaming,1
7112.0,1.9755555555555555,0.4690798631419603,3.6728377886283794,4.09293493451583,44.226733669287306,0.0225517904184936,cutoff,S3_gaming,1
7114.0,1.9761111111111112,0.4689250868288234,3.672771671170111,4.092934919777515,44.22521683122488,0.02253891500407919,cutoff,S3_gaming,1
7116.0,1.9766666666666666,0.46877030771565376,3.6727048884227798,4.092934908806804,44.22368475997697,0.022526687196350953,cutoff,S3_gaming,1
7118.0,1.9772222222222222,0.46861552577488974,3.672637472563203,4.0929349006405715,44.22213819404389,0.02251507560468481,cutoff,S3_gaming,1
7120.0,1.9777777777777779,0.4684607409803165,3.672569454204175,4.0929348945619,44.2205778361264,0.0225040503599382,cutoff,S3_gaming,1
7122.0,1.9783333333333333,0.46830595330699515,3.6725008624713653,4.09293489003714,44.21900435485955,0.022493583040745176,cutoff,S3_gaming,1
7124.0,1.978888888888889,0.46815116273119656,3.6724317250762204,4.092934886669058,44.21741838646323,0.022483646603371724,cutoff,S3_gaming,1
7126.0,1.9794444444444443,0.4679963692303395,3.672362068385115,4.092934884161971,44.21582053631248,0.022474215314961816,cutoff,S3_gaming,1
7128.0,1.98,0.4678415727829327,3.672291917485006,4.092934882295778,44.214211380432374,0.02246526469001239,cutoff,S3_gaming,1
7130.0,1.9805555555555556,0.4676867733685203,3.6722212962457865,4.092934880906647,44.21259146692026,0.022456771429922463,cutoff,S3_gaming,1
7132.0,1.981111111111111,0.46753197096763044,3.6721502273795275,4.092934879872623,44.21096131729937,0.022448713365468723,cutoff,S3_gaming,1
7134.0,1.9816666666666667,0.46737716556172626,3.6720787324967907,4.0929348791029305,44.209321427806806,0.022441069402066742,cutoff,S3_gaming,1
7136.0,1.9822222222222223,0.4672223571331603,3.672006832160165,4.092934878529998,44.20767227061923,0.022433819467683518,cutoff,S3_gaming,1
7138.0,1.9827777777777778,0.46706754566513065,3.671934545935162,4.092934878103525,44.20601429501911,0.02242694446327338,cutoff,S3_gaming,1
7140.0,1.9833333333333334,0.4669127311416395,3.671861892438637,4.092934877786073,44.204347928504646,0.022420426215615328,cutoff,S3_gaming,1
7142.0,1.9838888888888888,0.4667579135474541,3.6717888893848185,4.092934877549772,44.202673577845694,0.022414247432435735,cutoff,S3_gaming,1
7144.0,1.9844444444444445,0.46660309286806934,3.6717155536291175,4.092934877373878,44.20099163008876,0.02240839165970584,cutoff,S3_gaming,1
7146.0,1.985,0.46644826908967224,3.6716419012097847,4.092934877242948,44.199302453513084,0.02240284324100876,cutoff,S3_gaming,1
7148.0,1.9855555555555555,0.46629344219910845,3.6715679473875453,4.092934877145487,44.19760639854058,0.022397587278875874,cutoff,S3_gaming,1
7150.0,1.9861111111111112,0.4661386121838503,3.671493706683309,4.092934877072942,44.19590379860152,0.022392609597997146,cutoff,S3_gaming,1
7152.0,1.9866666666666666,0.46598377903196603,3.6714191929140454,4.0929348770189415,44.1941949709584,0.022387896710214673,cutoff,S3_gaming,1
7154.0,1.9872222222222222,0.46582894273209136,3.671344419226917,4.092934876978745,44.192480217489795,0.022383435781213025,cutoff,S3_gaming,1
7156.0,1.9877777777777779,0.46567410327340153,3.671269398131755,4.092934876948824,44.1907598254362,0.0223792145988242,cutoff,S3_gaming,1
7158.0,1.9883333333333333,0.46551926064558535,3.6711941415319584,4.092934876926552,44.189034068109805,0.022375221542868914,cutoff,S3_gaming,1
7160.0,1.988888888888889,0.4653644148388203,3.671118660753898,4.092934876909974,44.18730320556975,0.022371445556459802,cutoff,S3_gaming,1
7162.0,1.9894444444444443,0.46520956584374873,3.6710429665748876,4.092934876897633,44.185567485264805,0.02236787611869567,cutoff,S3_gaming,1
7164.0,1.99,0.4650547136514554,3.6709670692498038,4.092934876888447,44.183827142644695,0.022364503218679378,cutoff,S3_gaming,1
7166.0,1.9905555555555556,0.4648998582534461,3.6708909785364114,4.09293487688161,44.18208240174196,0.022361317330795195,cutoff,S3_gaming,1
7168.0,1.991111111111111,0.46474499964162713,3.67081470371946,4.0929348768765195,44.180333475725554,0.02235830939118458,cutoff,S3_gaming,1
7170.0,1.9916666666666667,0.46459013780828595,3.670738253633622,4.0929348768727305,44.17858056742755,0.022355470775362308,cutoff,S3_gaming,1
7172.0,1.9922222222222221,0.46443527274607266,3.6706616366853013,4.0929348768699105,44.17682386984438,0.02235279327691765,cutoff,S3_gaming,1
7174.0,1.9927777777777778,0.4642804044479825,3.6705848608734,4.092934876867812,44.175063566613744,0.02235026908724803,cutoff,S3_gaming,1
7176.0,1.9933333333333334,0.4641255329073392,3.6705079338090703,4.092934876866249,44.173299832468395,0.0223478907762751,cutoff,S3_gaming,1
7178.0,1.9938888888888888,0.4639706581177788,3.6704308627345115,4.092934876865086,44.17153283366796,0.022345651274095588,cutoff,S3_gaming,1
7180.0,1.9944444444444445,0.4638157800732348,3.670353654540854,4.09293487686422,44.16976272840977,0.022343543853521674,cutoff,S3_gaming,1
7182.0,1.995,0.4636608987679236,3.6702763157851783,4.092934876863575,44.16798966721981,0.02234156211346769,cutoff,S3_gaming,1
7184.0,1.9955555555555555,0.4635060141963308,3.6701988527067098,4.0929348768630955,44.16621379332466,0.022339699963142178,cutoff,S3_gaming,1
7186.0,1.9961111111111112,0.46335112635319825,3.670121271242222,4.0929348768627385,44.16443524300553,0.02233795160700625,cutoff,S3_gaming,1
7188.0,1.9966666666666666,0.46319623523351156,3.6700435770407043,4.092934876862473,44.162654145934965,0.02233631153046108,cutoff,S3_gaming,1
7190.0,1.9972222222222222,0.46304134083248827,3.6699657754773067,4.092934876862275,44.160870625497346,0.022334774486229225,cutoff,S3_gaming,1
7192.0,1.9977777777777779,0.46288644314556665,3.6698878716666163,4.092934876862127,44.15908479909376,0.02233333548139612,cutoff,S3_gaming,1
7194.0,1.9983333333333333,0.46273154216839507,3.6698098704752873,4.092934876862018,44.157296778432205,0.022331989765079715,cutoff,S3_gaming,1
7196.0,1.998888888888889,0.46257663789682174,3.669731776534064,4.0929348768619365,44.15550666980361,0.022330732816697868,cutoff,S3_gaming,1
7198.0,1.9994444444444444,0.462421730326885,3.6696535942492066,4.092934876861876,44.15371457434451,0.022329560334804467,cutoff,S3_gaming,1
7200.0,2.0,0.46226681945480425,3.6695753278133836,4.092934876861831,44.15192058828703,0.022328468226466728,cutoff,S3_gaming,1
7202.0,2.0005555555555556,0.46211190527697094,3.6694969812160205,4.092934876861797,44.15012480319667,0.02232745259715743,cutoff,S3_gaming,1
7204.0,2.0011111111111113,0.46195698778994054,3.6694185582531493,4.092934876861772,44.14832730619859,0.022326509741137143,cutoff,S3_gaming,1
7206.0,2.0016666666666665,0.46180206699042436,3.669340062536788,4.0929348768617535,44.14652818019297,0.022325636132302682,cutoff,S3_gaming,1
7208.0,2.002222222222222,0.4616471428752821,3.6692614975038604,4.092934876861739,44.14472750405991,0.02232482841547916,cutoff,S3_gaming,1
7210.0,2.0027777777777778,0.4614922154415146,3.6691828664246797,4.092934876861729,44.14292535285426,0.022324083398134204,cutoff,S3_gaming,1
7212.0,2.0033333333333334,0.46133728468625707,3.669104172411027,4.0929348768617215,44.14112179799124,0.022323398042493798,cutoff,S3_gaming,1
7214.0,2.003888888888889,0.4611823506067726,3.6690254184238396,4.092934876861715,44.13931690742287,0.022322769458040327,cutoff,S3_gaming,1
7216.0,2.0044444444444443,0.4610274132004458,3.6689466072805152,4.092934876861712,44.137510745805905,0.022322194894374287,cutoff,S3_gaming,1
7218.0,2.005,0.4608724724647772,3.6688677416618787,4.092934876861708,44.13570337466169,0.022321671734422018,cutoff,S3_gaming,1
7220.0,2.0055555555555555,0.4607175283973773,3.668788824118794,4.0929348768617055,44.13389485252812,0.022321197487972694,cutoff,S3_gaming,1
7222.0,2.006111111111111,0.4605625809959614,3.668709857078471,4.092934876861704,44.132085235104384,0.022320769785528626,cutoff,S3_gaming,1
7224.0,2.006666666666667,0.46040763025834475,3.6686308428504564,4.092934876861703,44.1302745753886,0.022320386372453645,cutoff,S3_gaming,1
7226.0,2.007222222222222,0.4602526761824372,3.668551783632336,4.092934876861702,44.12846292380879,0.022320045103405187,cutoff,S3_gaming,1
7228.0,2.0077777777777777,0.4600977187662391,3.6684726815151647,4.092934876861701,44.12665032834751,0.02231974393703625,cutoff,S3_gaming,1
7230.0,2.0083333333333333,0.45994275800783674,3.6683935384886297,4.0929348768617,44.12483683466048,0.022319480930954184,cutoff,S3_gaming,1
7232.0,2.008888888888889,0.459787793905398,3.668314356445961,4.0929348768617,44.12302248618932,0.02231925423692387,cutoff,S3_gaming,1
7234.0,2.0094444444444446,0.45963282645716863,3.6682351371886144,4.0929348768617,44.121207324269086,0.022319062096303403,cutoff,S3_gaming,1
7236.0,2.01,0.4594778556614685,3.6681558824307126,4.092934876861699,44.11939138823023,0.02231890283570107,cutoff,S3_gaming,1
7238.0,2.0105555555555554,0.4593228815166878,3.6680765938032813,4.092934876861699,44.11757471549598,0.022318774862842804,cutoff,S3_gaming,1
7240.0,2.011111111111111,0.4591679040212839,3.6679972728582806,4.092934876861699,44.11575734167467,0.02231867666264002,cutoff,S3_gaming,1
7242.0,2.0116666666666667,0.4590129231737777,3.667917921072431,4.092934876861699,44.11393930064792,0.022318606793448017,cutoff,S3_gaming,1
7244.0,2.0122222222222224,0.458857938972751,3.6678385398508673,4.092934876861699,44.112120624654246,0.0223185638835058,cutoff,S3_gaming,1
7246.0,2.012777777777778,0.45870295141684336,3.667759130530604,4.092934876861699,44.11030134436878,0.02231854662754844,cutoff,S3_gaming,1
7248.0,2.013333333333333,0.45854796050474916,3.66767969438384,4.092934876861699,44.108481488979045,0.022318553783583682,cutoff,S3_gaming,1
7250.0,2.013888888888889,0.45839296623521514,3.6676002326210986,4.092934876861699,44.106661086257205,0.022318584169824792,cutoff,S3_gaming,1
7252.0,2.0144444444444445,0.4582379686070378,3.6675207463942185,4.092934876861699,44.10484016262859,0.022318636661772095,cutoff,S3_gaming,1
7254.0,2.015,0.458082967619061,3.6674412367991978,4.092934876861699,44.10301874323705,0.02231871018943598,cutoff,S3_gaming,1
7256.0,2.0155555555555558,0.4579279632701736,3.667361704878901,4.092934876861699,44.10119685200709,0.02231880373469452,cutoff,S3_gaming,1
7258.0,2.016111111111111,0.45777295555930736,3.6672821516256358,4.092934876861699,44.099374511703026,0.022318916328779182,cutoff,S3_gaming,1
7260.0,2.0166666666666666,0.4576179444854348,3.6672025779836006,4.092934876861699,44.097551743985214,0.02231904704988243,cutoff,S3_gaming,1
7262.0,2.0172222222222222,0.45746293004756733,3.66712298485122,4.092934876861699,44.09572856946362,0.022319195020881283,cutoff,S3_gaming,1
7264.0,2.017777777777778,0.4573079122447532,3.667043373083363,4.092934876861699,44.09390500774871,0.02231935940717123,cutoff,S3_gaming,1
7266.0,2.0183333333333335,0.4571528910760759,3.666963743493451,4.092934876861699,44.09208107749994,0.02231953941460516,cutoff,S3_gaming,1
7268.0,2.0188888888888887,0.45699786654065216,3.6668840968554717,4.092934876861699,44.09025679647194,0.02231973428753217,cutoff,S3_gaming,1
7270.0,2.0194444444444444,0.4568428386376308,3.6668044339058876,4.092934876861699,44.08843218155829,0.022319943306931482,cutoff,S3_gaming,1
7272.0,2.02,0.45668780736619075,3.6667247553454554,4.092934876861699,44.08660724883332,0.022320165788636798,cutoff,S3_gaming,1
7274.0,2.0205555555555557,0.45653277272553977,3.666645061840958,4.092934876861699,44.084782013591834,0.022320401081646717,cutoff,S3_gaming,1
7276.0,2.0211111111111113,0.456377734714913,3.6665653540268495,4.092934876861699,44.082956490386955,0.02232064856651709,cutoff,S3_gaming,1
7278.0,2.0216666666666665,0.45622269333357174,3.666485632506826,4.092934876861699,44.08113069306601,0.02232090765383126,cutoff,S3_gaming,1
7280.0,2.022222222222222,0.45606764858080207,3.666405897855309,4.092934876861699,44.079304634804835,0.022321177782744513,cutoff,S3_gaming,1
7282.0,2.022777777777778,0.4559126004559137,3.6663261506188736,4.092934876861699,44.07747832814028,0.022321458419599028,cutoff,S3_gaming,1
7284.0,2.0233333333333334,0.4557575489582388,3.666246391317593,4.092934876861699,44.07565178500124,0.022321749056606017,cutoff,S3_gaming,1
7286.0,2.023888888888889,0.4556024940871309,3.6661666204463237,4.092934876861699,44.07382501673811,0.022322049210591718,cutoff,S3_gaming,1
7288.0,2.0244444444444443,0.4554474358419639,3.666086838475928,4.092934876861699,44.07199803415085,0.022322358421804182,cutoff,S3_gaming,1
7290.0,2.025,0.45529237422213104,3.6660070458544394,4.092934876861699,44.070170847515676,0.022322676252777913,cutoff,S3_gaming,1
7292.0,2.0255555555555556,0.455137309227044,3.6659272430081637,4.092934876861699,44.06834346661044,0.022323002287253535,cutoff,S3_gaming,1
7294.0,2.026111111111111,0.4549822408561319,3.665847430342739,4.092934876861699,44.06651590073885,0.022323336129149822,cutoff,S3_gaming,1
7296.0,2.026666666666667,0.45482716910884075,3.665767608244134,4.092934876861699,44.064688158753384,0.022323677401585577,cutoff,S3_gaming,1
7298.0,2.027222222222222,0.45467209398463215,3.6656877770795995,4.092934876861699,44.062860249077275,0.02232402574594891,cutoff,S3_gaming,1
7300.0,2.0277777777777777,0.454517015482983,3.66560793719858,4.092934876861699,44.0610321797252,0.022324380821011635,cutoff,S3_gaming,1
7302.0,2.0283333333333333,0.4543619336033845,3.665528088933576,4.092934876861699,44.05920395832323,0.022324742302086604,cutoff,S3_gaming,1
7304.0,2.028888888888889,0.4542068483453415,3.6654482326009594,4.092934876861699,44.05737559212754,0.02232510988022588,cutoff,S3_gaming,1
7306.0,2.0294444444444446,0.4540517597083718,3.6653683685017655,4.092934876861699,44.055547088042466,0.02232548326145779,cutoff,S3_gaming,1
7308.0,2.03,0.4538966676920057,3.6652884969224275,4.092934876861699,44.05371845263749,0.022325862166060948,cutoff,S3_gaming,1
7310.0,2.0305555555555554,0.4537415722957852,3.66520861813549,4.092934876861699,44.05188969216351,0.02232624632787348,cutoff,S3_gaming,1
7312.0,2.031111111111111,0.4535864735192635,3.6651287324002775,4.092934876861699,44.050060812568255,0.02232663549363573,cutoff,S3_gaming,1
7314.0,2.0316666666666667,0.4534313713620045,3.6650488399635406,4.092934876861699,44.04823181951105,0.022327029422364832,cutoff,S3_gaming,1
7316.0,2.0322222222222224,0.4532762658235822,3.6649689410600605,4.092934876861699,44.046402718376775,0.022327427884759596,cutoff,S3_gaming,1
7318.0,2.0327777777777776,0.45312115690358024,3.664889035913234,4.092934876861699,44.04457351428911,0.022327830662634232,cutoff,S3_gaming,1
7320.0,2.033333333333333,0.45296604460159146,3.664809124735618,4.092934876861699,44.04274421212331,0.022328237548379554,cutoff,S3_gaming,1
7322.0,2.033888888888889,0.4528109289172174,3.6647292077294655,4.092934876861699,44.040914816518175,0.022328648344450273,cutoff,S3_gaming,1
7324.0,2.0344444444444445,0.452655809850068,3.664649285087214,4.092934876861699,44.03908533188755,0.022329062862877152,cutoff,S3_gaming,1
7326.0,2.035,0.45250068739976096,3.6645693569919713,4.092934876861699,44.037255762431194,0.022329480924802813,cutoff,S3_gaming,1
7328.0,2.0355555555555553,0.45234556156592165,3.664489423617959,4.092934876861699,44.035426112145245,0.022329902360040045,cutoff,S3_gaming,1
7330.0,2.036111111111111,0.45219043234818257,3.664409485130949,4.092934876861699,44.03359638483201,0.02233032700665152,cutoff,S3_gaming,1
7332.0,2.0366666666666666,0.4520352997461829,3.664329541688671,4.092934876861699,44.03176658410938,0.022330754710549884,cutoff,S3_gaming,1
7334.0,2.0372222222222223,0.4518801637595684,3.6642495934412027,4.092934876861699,44.02993671341982,0.02233118532511723,cutoff,S3_gaming,1
7336.0,2.037777777777778,0.45172502438799106,3.664169640531341,4.092934876861699,44.02810677603886,0.02233161871084303,cutoff,S3_gaming,1
7338.0,2.0383333333333336,0.45156988163110856,3.6640896830949545,4.092934876861699,44.026276775083105,0.022332054734979595,cutoff,S3_gaming,1
7340.0,2.0388888888888888,0.4514147354885843,3.6640097212613174,4.092934876861699,44.024446713518095,0.022332493271214258,cutoff,S3_gaming,1
7342.0,2.0394444444444444,0.4512595859600869,3.6639297551534353,4.092934876861699,44.022616594165505,0.02233293419935744,cutoff,S3_gaming,1
7344.0,2.04,0.4511044330452901,3.663849784888341,4.092934876861699,44.02078641971016,0.022333377405045828,cutoff,S3_gaming,1
7346.0,2.0405555555555557,0.4509492767438723,3.66376981057739,4.092934876861699,44.018956192706746,0.02233382277945997,cutoff,S3_gaming,1
7348.0,2.0411111111111113,0.4507941170555167,3.6636898323265323,4.092934876861699,44.01712591558593,0.022334270219055506,cutoff,S3_gaming,1
7350.0,2.0416666666666665,0.45063895397991066,3.663609850236578,4.092934876861699,44.01529559066057,0.0223347196253075,cutoff,S3_gaming,1
7352.0,2.042222222222222,0.4504837875167457,3.663529864403442,4.092934876861699,44.01346522013139,0.022335170904467096,cutoff,S3_gaming,1
7354.0,2.042777777777778,0.4503286176657174,3.6634498749183844,4.092934876861699,44.01163480609229,0.022335623967330014,cutoff,S3_gaming,1
7356.0,2.0433333333333334,0.4501734444265249,3.663369881868236,4.092934876861699,44.009804350535696,0.02233607872901625,cutoff,S3_gaming,1
7358.0,2.043888888888889,0.450018267798871,3.6632898853356095,4.092934876861699,44.00797385535737,0.022336535108760464,cutoff,S3_gaming,1
7360.0,2.0444444444444443,0.44986308778246187,3.6632098853991093,4.092934876861699,44.00614332236114,0.022336993029712524,cutoff,S3_gaming,1
7362.0,2.045,0.4497079043770069,3.6631298821335236,4.092934876861699,44.00431275326331,0.022337452418747707,cutoff,S3_gaming,1
7364.0,2.0455555555555556,0.44955271758221854,3.663049875610008,4.092934876861699,44.00248214969703,0.022337913206286135,cutoff,S3_gaming,1
7366.0,2.046111111111111,0.44939752739781214,3.66296986589626,4.092934876861699,44.000651513216134,0.022338375326120916,cutoff,S3_gaming,1
7368.0,2.046666666666667,0.44924233382350587,3.6628898530566936,4.092934876861699,43.998820845299186,0.02233883871525466,cutoff,S3_gaming,1
7370.0,2.047222222222222,0.44908713685902046,3.662809837152592,4.092934876861699,43.99699014735296,0.02233930331374389,cutoff,S3_gaming,1
7372.0,2.0477777777777777,0.4489319365040792,3.662729818242261,4.092934876861699,43.99515942071609,0.02233976906455101,cutoff,S3_gaming,1
7374.0,2.0483333333333333,0.44877673275840774,3.662649796381174,4.092934876861699,43.993328666662215,0.02234023591340344,cutoff,S3_gaming,1
7376.0,2.048888888888889,0.448621525621734,3.6625697716221097,4.092934876861699,43.99149788640321,0.022340703808659594,cutoff,S3_gaming,1
7378.0,2.0494444444444446,0.4484663150937881,3.662489744015281,4.092934876861699,43.98966708109219,0.02234117270118133,cutoff,S3_gaming,1
7380.0,2.05,0.4483111011743021,3.662409713608462,4.092934876861699,43.98783625182633,0.022341642544212618,cutoff,S3_gaming,1
7382.0,2.0505555555555555,0.44815588386301014,3.6623296804471024,4.092934876861699,43.986005399649585,0.022342113293264042,cutoff,S3_gaming,1
7384.0,2.051111111111111,0.44800066315964815,3.6622496445744455,4.092934876861699,43.98417452555529,0.022342584906002952,cutoff,S3_gaming,1
7386.0,2.0516666666666667,0.4478454390639538,3.662169606031628,4.092934876861699,43.98234363048857,0.022343057342148902,cutoff,S3_gaming,1
7388.0,2.0522222222222224,0.44769021157566646,3.6620895648577894,4.092934876861699,43.98051271534874,0.02234353056337418,cutoff,S3_gaming,1
7390.0,2.0527777777777776,0.44753498069452713,3.662009521090164,4.092934876861699,43.978681780991465,0.022344004533209144,cutoff,S3_gaming,1
7392.0,2.0533333333333332,0.4473797464202783,3.6619294747641775,4.092934876861699,43.97685082823094,0.022344479216952155,cutoff,S3_gaming,1
7394.0,2.053888888888889,0.44722450875266384,3.6618494259135272,4.092934876861699,43.975019857841815,0.02234495458158388,cutoff,S3_gaming,1
7396.0,2.0544444444444445,0.4470692676914291,3.6617693745702744,4.092934876861699,43.973188870561195,0.022345430595685736,cutoff,S3_gaming,1
7398.0,2.055,0.4469140232363206,3.6616893207649195,4.092934876861699,43.97135786709046,0.022345907229362305,cutoff,S3_gaming,1
7400.0,2.0555555555555554,0.4467587753870863,3.6616092645264753,4.092934876861699,43.96952684809691,0.022346384454167482,cutoff,S3_gaming,1
7402.0,2.056111111111111,0.4466035241434751,3.661529205882546,4.092934876861699,43.96769581421549,0.022346862243034244,cutoff,S3_gaming,1
7404.0,2.0566666666666666,0.4464482695052372,3.661449144859387,4.092934876861699,43.96586476605037,0.022347340570207784,cutoff,S3_gaming,1
7406.0,2.0572222222222223,0.44629301147212375,3.6613690814819786,4.092934876861699,43.9640337041764,0.02234781941118191,cutoff,S3_gaming,1
7408.0,2.057777777777778,0.44613775004388695,3.6612890157740803,4.092934876861699,43.96220262914049,0.022348298742638512,cutoff,S3_gaming,1
7410.0,2.058333333333333,0.44598248522027995,3.6612089477582965,4.092934876861699,43.96037154146314,0.022348778542389983,cutoff,S3_gaming,1
7412.0,2.0588888888888888,0.4458272170010569,3.6611288774561275,4.092934876861699,43.95854044163947,0.022349258789324405,cutoff,S3_gaming,1
7414.0,2.0594444444444444,0.44567194538597266,3.661048804888026,4.092934876861699,43.956709330140626,0.02234973946335342,cutoff,S3_gaming,1
7416.0,2.06,0.44551667037478304,3.6609687300734453,4.092934876861699,43.95487820741494,0.0223502205453626,cutoff,S3_gaming,1
7418.0,2.0605555555555557,0.44536139196724456,3.6608886530308933,4.092934876861699,43.953047073888925,0.022350702017164253,cutoff,S3_gaming,1
7420.0,2.061111111111111,0.4452061101631145,3.6608085737779685,4.092934876861699,43.951215929968434,0.022351183861452482,cutoff,S3_gaming,1
7422.0,2.0616666666666665,0.4450508249621509,3.6607284923314136,4.092934876861699,43.949384776039636,0.022351666061760454,cutoff,S3_gaming,1
7424.0,2.062222222222222,0.44489553636411244,3.6606484087071545,4.092934876861699,43.94755361246993,0.022352148602419727,cutoff,S3_gaming,1
7426.0,2.062777777777778,0.4447402443687584,3.6605683229203345,4.092934876861699,43.94572243960892,0.02235263146852154,cutoff,S3_gaming,1
7428.0,2.0633333333333335,0.4445849489758487,3.66048823498536,4.092934876861699,43.94389125778923,0.022353114645879996,cutoff,S3_gaming,1
7430.0,2.063888888888889,0.4444296501851438,3.6604081449159325,4.092934876861699,43.94206006732739,0.02235359812099702,cutoff,S3_gaming,1
7432.0,2.0644444444444443,0.44427434799640475,3.66032805272508,4.092934876861699,43.940228868524464,0.022354081881029015,cutoff,S3_gaming,1
7434.0,2.065,0.4441190424093931,3.660247958425195,4.092934876861699,43.93839766166701,0.02235456591375514,cutoff,S3_gaming,1
7436.0,2.0655555555555556,0.44396373342387085,3.6601678620280627,4.092934876861699,43.9365664470276,0.022355050207547127,cutoff,S3_gaming,1
7438.0,2.0661111111111112,0.44380842103960055,3.6600877635448907,4.092934876861699,43.93473522486567,0.02235553475134055,cutoff,S3_gaming,1
7440.0,2.066666666666667,0.44365310525634516,3.6600076629863354,4.092934876861699,43.93290399542794,0.022356019534607485,cutoff,S3_gaming,1
7442.0,2.067222222222222,0.44349778607386803,3.6599275603625316,4.092934876861699,43.9310727589493,0.022356504547330527,cutoff,S3_gaming,1
7444.0,2.0677777777777777,0.4433424634919329,3.659847455683116,4.092934876861699,43.92924151565311,0.022356989779978024,cutoff,S3_gaming,1
7446.0,2.0683333333333334,0.4431871375103039,3.659767348957252,4.092934876861699,43.927410265751966,0.022357475223480534,cutoff,S3_gaming,1
7448.0,2.068888888888889,0.4430318081287456,3.659687240193652,4.092934876861699,43.9255790094481,0.022357960869208427,cutoff,S3_gaming,1
7450.0,2.0694444444444446,0.4428764753470228,3.6596071294006,4.092934876861699,43.923747746934,0.022358446708950562,cutoff,S3_gaming,1
7452.0,2.07,0.4427211391649007,3.6595270165859715,4.092934876861699,43.92191647839269,0.022358932734893998,cutoff,S3_gaming,1
7454.0,2.0705555555555555,0.4425657995821447,3.6594469017572546,4.092934876861699,43.92008520399839,0.022359418939604695,cutoff,S3_gaming,1
7456.0,2.071111111111111,0.44241045659852063,3.659366784921568,4.092934876861699,43.91825392391687,0.02235990531600915,cutoff,S3_gaming,1
7458.0,2.0716666666666668,0.44225511021379443,3.659286666085677,4.092934876861699,43.916422638305804,0.022360391857376913,cutoff,S3_gaming,1
7460.0,2.0722222222222224,0.44209976042773247,3.6592065452560147,4.092934876861699,43.91459134731523,0.022360878557303964,cutoff,S3_gaming,1
7462.0,2.0727777777777776,0.44194440724010126,3.6591264224386966,4.092934876861699,43.912760051087915,0.02236136540969689,cutoff,S3_gaming,1
7464.0,2.0733333333333333,0.44178905065066754,3.659046297639531,4.092934876861699,43.91092874975965,0.02236185240875782,cutoff,S3_gaming,1
7466.0,2.073888888888889,0.44163369065919833,3.6589661708640433,4.092934876861699,43.909097443459686,0.022362339548970114,cutoff,S3_gaming,1
7468.0,2.0744444444444445,0.4414783272654608,3.658886042117482,4.092934876861699,43.90726613231095,0.022362826825084715,cutoff,S3_gaming,1
7470.0,2.075,0.44132296046922237,3.6588059114048344,4.092934876861699,43.905434816430414,0.02236331423210719,cutoff,S3_gaming,1
7472.0,2.0755555555555554,0.4411675902702506,3.658725778730842,4.092934876861699,43.903603495929396,0.022363801765285383,cutoff,S3_gaming,1
7474.0,2.076111111111111,0.44101221666831325,3.6586456441000075,4.092934876861699,43.90177217091372,0.022364289420097674,cutoff,S3_gaming,1
7476.0,2.0766666666666667,0.44085683966317823,3.6585655075166095,4.092934876861699,43.899940841484174,0.022364777192241794,cutoff,S3_gaming,1
7478.0,2.0772222222222223,0.4407014592546136,3.6584853689847137,4.092934876861699,43.898109507736564,0.022365265077624208,cutoff,S3_gaming,1
7480.0,2.077777777777778,0.4405460754423876,3.658405228508181,4.092934876861699,43.896278169762084,0.022365753072349982,cutoff,S3_gaming,1
7482.0,2.078333333333333,0.4403906882262686,3.658325086090681,4.092934876861699,43.8944468276475,0.022366241172713165,cutoff,S3_gaming,1
7484.0,2.078888888888889,0.44023529760602503,3.6582449417356946,4.092934876861699,43.89261548147533,0.02236672937518763,cutoff,S3_gaming,1
7486.0,2.0794444444444444,0.44007990358142557,3.6581647954465315,4.092934876861699,43.890784131324104,0.022367217676418343,cutoff,S3_gaming,1
7488.0,2.08,0.43992450615223894,3.6580846472263344,4.092934876861699,43.88895277726849,0.022367706073213093,cutoff,S3_gaming,1
7490.0,2.0805555555555557,0.439769105318234,3.6580044970780845,4.092934876861699,43.887121419379596,0.02236819456253458,cutoff,S3_gaming,1
7492.0,2.081111111111111,0.43961370107917963,3.6579243450046146,4.092934876861699,43.88529005772502,0.022368683141492908,cutoff,S3_gaming,1
7494.0,2.0816666666666666,0.43945829343484494,3.6578441910086124,4.092934876861699,43.88345869236908,0.022369171807338453,cutoff,S3_gaming,1
7496.0,2.082222222222222,0.43930288238499904,3.6577640350926286,4.092934876861699,43.881627323372975,0.02236966055745505,cutoff,S3_gaming,1
7498.0,2.082777777777778,0.4391474679294111,3.6576838772590854,4.092934876861699,43.87979595079489,0.022370149389353527,cutoff,S3_gaming,1
7500.0,2.0833333333333335,0.4389920500678505,3.6576037175102796,4.092934876861699,43.87796457469025,0.022370638300665557,cutoff,S3_gaming,1
7502.0,2.0838888888888887,0.4388366288000866,3.6575235558483907,4.092934876861699,43.876133195111734,0.022371127289137784,cutoff,S3_gaming,1
7504.0,2.0844444444444443,0.4386812041258888,3.657443392275487,4.092934876861699,43.874301812109415,0.02237161635262627,cutoff,S3_gaming,1
7506.0,2.085,0.43852577604502657,3.6573632267935268,4.092934876861699,43.87247042573099,0.022372105489091174,cutoff,S3_gaming,1
7508.0,2.0855555555555556,0.4383703445572696,3.6572830594043735,4.092934876861699,43.87063903602184,0.02237259469659172,cutoff,S3_gaming,1
7510.0,2.0861111111111112,0.4382149096623874,3.6572028901097853,4.092934876861699,43.868807643025114,0.022373083973281385,cutoff,S3_gaming,1
7512.0,2.0866666666666664,0.43805947136014967,3.657122718911437,4.092934876861699,43.86697624678181,0.02237357331740333,cutoff,S3_gaming,1
7514.0,2.087222222222222,0.43790402965032615,3.657042545810908,4.092934876861699,43.865144847331,0.022374062727286065,cutoff,S3_gaming,1
7516.0,2.0877777777777777,0.4377485845326866,3.656962370809702,4.092934876861699,43.86331344470982,0.02237455220133929,cutoff,S3_gaming,1
7518.0,2.0883333333333334,0.4375931360070009,3.6568821939092366,4.092934876861699,43.86148203895358,0.02237504173804999,cutoff,S3_gaming,1
7520.0,2.088888888888889,0.4374376840730388,3.6568020151108604,4.092934876861699,43.8596506300959,0.022375531335978655,cutoff,S3_gaming,1
7522.0,2.0894444444444447,0.4372822287305702,3.6567218344158454,4.092934876861699,43.85781921816874,0.022376020993755744,cutoff,S3_gaming,1
7524.0,2.09,0.43712676997936506,3.6566416518253986,4.092934876861699,43.85598780320249,0.02237651071007828,cutoff,S3_gaming,1
7526.0,2.0905555555555555,0.4369713078191933,3.656561467340659,4.092934876861699,43.85415638522605,0.022377000483706624,cutoff,S3_gaming,1
7528.0,2.091111111111111,0.4368158422498249,3.6564812809627063,4.092934876861699,43.85232496426695,0.02237749031346141,cutoff,S3_gaming,1
7530.0,2.091666666666667,0.43666037327102986,3.656401092692561,4.092934876861699,43.85049354035135,0.02237798019822062,cutoff,S3_gaming,1
7532.0,2.0922222222222224,0.4365049008825782,3.6563209025311885,4.092934876861699,43.848662113504126,0.022378470136916802,cutoff,S3_gaming,1
7534.0,2.0927777777777776,0.43634942508423996,3.6562407104794987,4.092934876861699,43.846830683748955,0.022378960128534433,cutoff,S3_gaming,1
7536.0,2.0933333333333333,0.4361939458757852,3.656160516538351,4.092934876861699,43.844999251108284,0.02237945017210739,cutoff,S3_gaming,1
7538.0,2.093888888888889,0.436038463256984,3.65608032070856,4.092934876861699,43.84316781560358,0.02237994026671657,cutoff,S3_gaming,1
7540.0,2.0944444444444446,0.4358829772276064,3.6560001229908896,4.092934876861699,43.84133637725516,0.022380430411487594,cutoff,S3_gaming,1
7542.0,2.095,0.4357274877874225,3.655919923386065,4.092934876861699,43.83950493608239,0.022380920605588658,cutoff,S3_gaming,1
7544.0,2.0955555555555554,0.4355719949362024,3.6558397218947656,4.092934876861699,43.837673492103676,0.02238141084822845,cutoff,S3_gaming,1
7546.0,2.096111111111111,0.4354164986737163,3.6557595185176353,4.092934876861699,43.835842045336555,0.022381901138654202,cutoff,S3_gaming,1
7548.0,2.0966666666666667,0.4352609989997342,3.6556793132552765,4.092934876861699,43.83401059579761,0.022382391476149816,cutoff,S3_gaming,1
7550.0,2.0972222222222223,0.4351054959140263,3.6555991061082564,4.092934876861699,43.83217914350269,0.022382881860034086,cutoff,S3_gaming,1
7552.0,2.097777777777778,0.4349499894163627,3.6555188970771133,4.092934876861699,43.83034768846687,0.022383372289659004,cutoff,S3_gaming,1
7554.0,2.098333333333333,0.4347944795065135,3.6554386861623454,4.092934876861699,43.82851623070443,0.02238386276440816,cutoff,S3_gaming,1
7556.0,2.098888888888889,0.4346389661842489,3.6553584733644273,4.092934876861699,43.826684770229,0.022384353283695202,cutoff,S3_gaming,1
7558.0,2.0994444444444444,0.434483449449339,3.6552782586837966,4.092934876861699,43.82485330705348,0.02238484384696238,cutoff,S3_gaming,1
7560.0,2.1,0.43432792930155384,3.6551980421208725,4.092934876861699,43.82302184119016,0.022385334453679167,cutoff,S3_gaming,1
7562.0,2.1005555555555557,0.4341724057406637,3.655117823676038,4.092934876861699,43.82119037265076,0.022385825103340928,cutoff,S3_gaming,1
7564.0,2.101111111111111,0.4340168787664386,3.655037603349658,4.092934876861699,43.819358901446385,0.022386315795467668,cutoff,S3_gaming,1
7566.0,2.1016666666666666,0.4338613483786486,3.6549573811420686,4.092934876861699,43.817527427587585,0.02238680652960285,cutoff,S3_gaming,1
7568.0,2.102222222222222,0.43370581457706386,3.6548771570535874,4.092934876861699,43.8156959510844,0.022387297305312245,cutoff,S3_gaming,1
7570.0,2.102777777777778,0.4335502773614545,3.654796931084505,4.092934876861699,43.81386447194637,0.02238778812218285,cutoff,S3_gaming,1
7572.0,2.1033333333333335,0.4333947367315906,3.654716703235097,4.092934876861699,43.81203299018256,0.022388278979821864,cutoff,S3_gaming,1
7574.0,2.1038888888888887,0.43323919268724226,3.6546364735056143,4.092934876861699,43.810201505801594,0.02238876987785571,cutoff,S3_gaming,1
7576.0,2.1044444444444443,0.4330836452281795,3.6545562418962927,4.092934876861699,43.80837001881165,0.022389260815929103,cutoff,S3_gaming,1
7578.0,2.105,0.4329280943541724,3.654476008407348,4.092934876861699,43.806538529220525,0.022389751793704157,cutoff,S3_gaming,1
7580.0,2.1055555555555556,0.432772540064991,3.6543957730389796,4.092934876861699,43.804707037035605,0.02239024281085955,cutoff,S3_gaming,1
7582.0,2.1061111111111113,0.43261698236040536,3.6543155357913704,4.092934876861699,43.802875542263905,0.022390733867089712,cutoff,S3_gaming,1
7584.0,2.1066666666666665,0.4324614212401855,3.6542352966646887,4.092934876861699,43.8010440449121,0.02239122496210407,cutoff,S3_gaming,1
7586.0,2.107222222222222,0.4323058567041014,3.654155055659089,4.092934876861699,43.799212544986545,0.022391716095626325,cutoff,S3_gaming,1
7588.0,2.1077777777777778,0.432150288751923,3.6540748127747094,4.092934876861699,43.79738104249323,0.02239220726739374,cutoff,S3_gaming,1
7590.0,2.1083333333333334,0.43199471738342043,3.6539945680116754,4.092934876861699,43.79554953743788,0.0223926984771565,cutoff,S3_gaming,1
7592.0,2.108888888888889,0.43183914259836353,3.6539143213701024,4.092934876861699,43.793718029825946,0.02239318972467709,cutoff,S3_gaming,1
7594.0,2.1094444444444442,0.43168356439652233,3.653834072850091,4.092934876861699,43.79188651966257,0.022393681009729677,cutoff,S3_gaming,1
7596.0,2.11,0.4315279827776667,3.6537538224517307,4.092934876861699,43.790055006952635,0.022394172332099564,cutoff,S3_gaming,1
7598.0,2.1105555555555555,0.43137239774156655,3.6536735701751013,4.092934876861699,43.7882234917008,0.02239466369158264,cutoff,S3_gaming,1
7600.0,2.111111111111111,0.43121680928799183,3.653593316020272,4.092934876861699,43.78639197391147,0.022395155087984876,cutoff,S3_gaming,1
7602.0,2.111666666666667,0.4310612174167124,3.653513059987302,4.092934876861699,43.78456045358884,0.022395646521121824,cutoff,S3_gaming,1
7604.0,2.112222222222222,0.4309056221274981,3.653432802076239,4.092934876861699,43.78272893073688,0.02239613799081816,cutoff,S3_gaming,1
7606.0,2.1127777777777776,0.4307500234201188,3.6533525422871262,4.092934876861699,43.78089740535933,0.022396629496907242,cutoff,S3_gaming,1
7608.0,2.1133333333333333,0.43059442129434433,3.653272280619995,4.092934876861699,43.77906587745979,0.022397121039230687,cutoff,S3_gaming,1
7610.0,2.113888888888889,0.43043881574994447,3.6531920170748697,4.092934876861699,43.777234347041656,0.022397612617637976,cutoff,S3_gaming,1
7612.0,2.1144444444444446,0.430283206786689,3.6531117516517666,4.092934876861699,43.77540281410816,0.02239810423198606,cutoff,S3_gaming,1
7614.0,2.115,0.4301275944043478,3.6530314843506964,4.092934876861699,43.7735712786623,0.022398595882139015,cutoff,S3_gaming,1
7616.0,2.1155555555555554,0.42997197860269043,3.6529512151716585,4.092934876861699,43.771739740707005,0.02239908756796768,cutoff,S3_gaming,1
7618.0,2.116111111111111,0.4298163593814867,3.652870944114651,4.092934876861699,43.769908200245,0.022399579289349342,cutoff,S3_gaming,1
7620.0,2.1166666666666667,0.42966073674050637,3.652790671179663,4.092934876861699,43.76807665727889,0.022400071046167418,cutoff,S3_gaming,1
7622.0,2.1172222222222223,0.429505110679519,3.6527103963666767,4.092934876861699,43.76624511181112,0.02240056283831116,cutoff,S3_gaming,1
7624.0,2.117777777777778,0.4293494811982944,3.652630119675672,4.092934876861699,43.76441356384405,0.022401054665675366,cutoff,S3_gaming,1
7626.0,2.118333333333333,0.4291938482966021,3.652549841106618,4.092934876861699,43.76258201337985,0.02240154652816012,cutoff,S3_gaming,1
7628.0,2.118888888888889,0.42903821197421177,3.6524695606594846,4.092934876861699,43.76075046042062,0.022402038425670533,cutoff,S3_gaming,1
7630.0,2.1194444444444445,0.428882572230893,3.6523892783342324,4.092934876861699,43.75891890496833,0.02240253035811649,cutoff,S3_gaming,1
7632.0,2.12,0.42872692906641535,3.65230899413082,4.092934876861699,43.75708734702487,0.02240302232541244,cutoff,S3_gaming,1
7634.0,2.1205555555555557,0.4285712824805484,3.6522287080491997,4.092934876861699,43.755255786591995,0.022403514327477152,cutoff,S3_gaming,1
7636.0,2.121111111111111,0.42841563247306164,3.6521484200893206,4.092934876861699,43.753424223671374,0.022404006364233515,cutoff,S3_gaming,1
7638.0,2.1216666666666666,0.4282599790437246,3.652068130251127,4.092934876861699,43.75159265826459,0.022404498435608343,cutoff,S3_gaming,1
7640.0,2.1222222222222222,0.42810432219230676,3.6519878385345605,4.092934876861699,43.74976109037313,0.022404990541532176,cutoff,S3_gaming,1
7642.0,2.122777777777778,0.42794866191857756,3.651907544939558,4.092934876861699,43.747929519998415,0.02240548268193911,cutoff,S3_gaming,1
7644.0,2.1233333333333335,0.4277929982223065,3.651827249466054,4.092934876861699,43.74609794714177,0.02240597485676661,cutoff,S3_gaming,1
7646.0,2.1238888888888887,0.4276373311032629,3.6517469521139776,4.092934876861699,43.74426637180444,0.022406467065955366,cutoff,S3_gaming,1
7648.0,2.1244444444444444,0.4274816605612162,3.651666652883258,4.092934876861699,43.74243479398762,0.02240695930944911,cutoff,S3_gaming,1
7650.0,2.125,0.42732598659593585,3.651586351773819,4.092934876861699,43.74060321369241,0.022407451587194496,cutoff,S3_gaming,1
7652.0,2.1255555555555556,0.42717030920719107,3.6515060487855804,4.092934876861699,43.738771630919885,0.02240794389914095,cutoff,S3_gaming,1
7654.0,2.1261111111111113,0.42701462839475124,3.6514257439184625,4.092934876861699,43.73694004567101,0.02240843624524052,cutoff,S3_gaming,1
7656.0,2.1266666666666665,0.4268589441583856,3.651345437172383,4.092934876861699,43.73510845794674,0.02240892862544777,cutoff,S3_gaming,1
7658.0,2.127222222222222,0.4267032564978635,3.6512651285472524,4.092934876861699,43.7332768677479,0.02240942103971965,cutoff,S3_gaming,1
7660.0,2.1277777777777778,0.42654756541295413,3.6511848180429847,4.092934876861699,43.73144527507537,0.022409913488015375,cutoff,S3_gaming,1
7662.0,2.1283333333333334,0.42639187090342673,3.6511045056594873,4.092934876861699,43.729613679929905,0.022410405970296324,cutoff,S3_gaming,1
7664.0,2.128888888888889,0.42623617296905053,3.6510241913966692,4.092934876861699,43.72778208231219,0.02241089848652593,cutoff,S3_gaming,1
7666.0,2.1294444444444443,0.42608047160959467,3.650943875254433,4.092934876861699,43.72595048222293,0.022411391036669576,cutoff,S3_gaming,1
7668.0,2.13,0.42592476682482827,3.650863557232684,4.092934876861699,43.72411887966276,0.022411883620694514,cutoff,S3_gaming,1
7670.0,2.1305555555555555,0.4257690586145205,3.6507832373313223,4.092934876861699,43.72228727463227,0.022412376238569766,cutoff,S3_gaming,1
7672.0,2.131111111111111,0.4256133469784405,3.650702915550248,4.092934876861699,43.72045566713199,0.022412868890266033,cutoff,S3_gaming,1
7674.0,2.131666666666667,0.42545763191635727,3.6506225918893587,4.092934876861699,43.71862405716247,0.022413361575755627,cutoff,S3_gaming,1
7676.0,2.132222222222222,0.42530191342803986,3.650542266348551,4.092934876861699,43.71679244472416,0.02241385429501238,cutoff,S3_gaming,1
7678.0,2.1327777777777777,0.42514619151325733,3.650461938927719,4.092934876861699,43.714960829817514,0.02241434704801158,cutoff,S3_gaming,1
7680.0,2.1333333333333333,0.42499046617177866,3.6503816096267574,4.092934876861699,43.713129212442965,0.02241483983472989,cutoff,S3_gaming,1
7682.0,2.133888888888889,0.42483473740337285,3.650301278445556,4.092934876861699,43.71129759260085,0.02241533265514529,cutoff,S3_gaming,1
7684.0,2.1344444444444446,0.4246790052078088,3.6502209453840093,4.092934876861699,43.70946597029155,0.022415825509237014,cutoff,S3_gaming,1
7686.0,2.135,0.42452326958485553,3.650140610442003,4.092934876861699,43.7076343455154,0.022416318396985484,cutoff,S3_gaming,1
7688.0,2.1355555555555554,0.42436753053428183,3.650060273619427,4.092934876861699,43.70580271827267,0.022416811318372254,cutoff,S3_gaming,1
7690.0,2.136111111111111,0.42421178805585663,3.649979934916168,4.092934876861699,43.703971088563634,0.022417304273379957,cutoff,S3_gaming,1
7692.0,2.1366666666666667,0.4240560421493488,3.649899594332113,4.092934876861699,43.70213945638856,0.022417797261992247,cutoff,S3_gaming,1
7694.0,2.1372222222222224,0.42390029281452707,3.649819251867146,4.092934876861699,43.70030782174767,0.022418290284193763,cutoff,S3_gaming,1
7696.0,2.137777777777778,0.42374454005116036,3.649738907521152,4.092934876861699,43.698476184641144,0.022418783339970064,cutoff,S3_gaming,1
7698.0,2.138333333333333,0.4235887838590173,3.6496585612940136,4.092934876861699,43.6966445450692,0.02241927642930759,cutoff,S3_gaming,1
7700.0,2.138888888888889,0.4234330242378668,3.6495782131856136,4.092934876861699,43.69481290303196,0.022419769552193634,cutoff,S3_gaming,1
7702.0,2.1394444444444445,0.42327726118747744,3.6494978631958337,4.092934876861699,43.69298125852962,0.02242026270861628,cutoff,S3_gaming,1
7704.0,2.14,0.423121494707618,3.6494175113245544,4.092934876861699,43.69114961156226,0.022420755898564376,cutoff,S3_gaming,1
7706.0,2.1405555555555558,0.42296572479805716,3.6493371575716553,4.092934876861699,43.68931796213003,0.02242124912202749,cutoff,S3_gaming,1
7708.0,2.141111111111111,0.4228099514585635,3.649256801937016,4.092934876861699,43.687486310233,0.022421742378995885,cutoff,S3_gaming,1
7710.0,2.1416666666666666,0.42265417468890565,3.649176444420515,4.092934876861699,43.68565465587124,0.02242223566946048,cutoff,S3_gaming,1
7712.0,2.1422222222222222,0.42249839448885224,3.64909608502203,4.092934876861699,43.68382299904482,0.02242272899341281,cutoff,S3_gaming,1
7714.0,2.142777777777778,0.4223426108581718,3.6490157237414387,4.092934876861699,43.68199133975383,0.022423222350845012,cutoff,S3_gaming,1
7716.0,2.1433333333333335,0.4221868237966329,3.648935360578616,4.092934876861699,43.68015967799825,0.022423715741749787,cutoff,S3_gaming,1
7718.0,2.1438888888888887,0.42203103330400404,3.6488549955334406,4.092934876861699,43.678328013778106,0.02242420916612037,cutoff,S3_gaming,1
7720.0,2.1444444444444444,0.4218752393800537,3.6487746286057874,4.092934876861699,43.67649634709344,0.022424702623950514,cutoff,S3_gaming,1
7722.0,2.145,0.42171944202455036,3.6486942597955303,4.092934876861699,43.67466467794427,0.022425196115234452,cutoff,S3_gaming,1
7724.0,2.1455555555555557,0.4215636412372624,3.648613889102544,4.092934876861699,43.67283300633052,0.022425689639966887,cutoff,S3_gaming,1
7726.0,2.1461111111111113,0.4214078370179583,3.648533516526704,4.092934876861699,43.671001332252224,0.02242618319814296,cutoff,S3_gaming,1
7728.0,2.1466666666666665,0.42125202936640643,3.6484531420678827,4.092934876861699,43.66916965570935,0.022426676789758227,cutoff,S3_gaming,1
7730.0,2.147222222222222,0.42109621828237515,3.6483727657259535,4.092934876861699,43.66733797670183,0.02242717041480865,cutoff,S3_gaming,1
7732.0,2.147777777777778,0.4209404037656328,3.64829238750079,4.092934876861699,43.665506295229626,0.022427664073290568,cutoff,S3_gaming,1
7734.0,2.1483333333333334,0.42078458581594763,3.648212007392264,4.092934876861699,43.66367461129269,0.02242815776520068,cutoff,S3_gaming,1
7736.0,2.148888888888889,0.420628764433088,3.648131625400247,4.092934876861699,43.66184292489095,0.022428651490536036,cutoff,S3_gaming,1
7738.0,2.1494444444444443,0.4204729396168221,3.648051241524612,4.092934876861699,43.66001123602434,0.022429145249294007,cutoff,S3_gaming,1
7740.0,2.15,0.4203171113669182,3.6479708557652297,4.092934876861699,43.65817954469275,0.022429639041472275,cutoff,S3_gaming,1
7742.0,2.1505555555555556,0.4201612796831445,3.6478904681219704,4.092934876861699,43.65634785089614,0.022430132867068825,cutoff,S3_gaming,1
7744.0,2.151111111111111,0.4200054445652691,3.647810078594706,4.092934876861699,43.65451615463437,0.02243062672608192,cutoff,S3_gaming,1
7746.0,2.151666666666667,0.41984960601306026,3.647729687183307,4.092934876861699,43.652684455907384,0.022431120618510086,cutoff,S3_gaming,1
7748.0,2.152222222222222,0.41969376402628605,3.6476492938876426,4.092934876861699,43.650852754715046,0.022431614544352114,cutoff,S3_gaming,1
7750.0,2.1527777777777777,0.41953791860471457,3.6475688987075836,4.092934876861699,43.64902105105725,0.022432108503607034,cutoff,S3_gaming,1
7752.0,2.1533333333333333,0.4193820697481139,3.6474885016429988,4.092934876861699,43.6471893449339,0.022432602496274108,cutoff,S3_gaming,1
7754.0,2.153888888888889,0.41922621745625205,3.6474081026937584,4.092934876861699,43.64535763634482,0.022433096522352817,cutoff,S3_gaming,1
7756.0,2.1544444444444446,0.4190703617288971,3.647327701859732,4.092934876861699,43.64352592528994,0.022433590581842855,cutoff,S3_gaming,1
7758.0,2.155,0.418914502565817,3.6472472991407874,4.092934876861699,43.6416942117691,0.02243408467474411,cutoff,S3_gaming,1
7760.0,2.1555555555555554,0.41875863996677976,3.647166894536794,4.092934876861699,43.63986249578218,0.022434578801056666,cutoff,S3_gaming,1
7762.0,2.156111111111111,0.41860277393155326,3.64708648804762,4.092934876861699,43.638030777329014,0.02243507296078078,cutoff,S3_gaming,1
7764.0,2.1566666666666667,0.41844690445990546,3.6470060796731345,4.092934876861699,43.636199056409474,0.022435567153916893,cutoff,S3_gaming,1
7766.0,2.1572222222222224,0.4182910315516042,3.6469256694132044,4.092934876861699,43.634367333023434,0.022436061380465597,cutoff,S3_gaming,1
7768.0,2.1577777777777776,0.41813515520641736,3.6468452572676995,4.092934876861699,43.63253560717068,0.022436555640427642,cutoff,S3_gaming,1
7770.0,2.158333333333333,0.4179792754241128,3.6467648432364856,4.092934876861699,43.630703878851115,0.022437049933803934,cutoff,S3_gaming,1
7772.0,2.158888888888889,0.4178233922044583,3.646684427319432,4.092934876861699,43.62887214806454,0.022437544260595514,cutoff,S3_gaming,1
7774.0,2.1594444444444445,0.41766750554722165,3.6466040095164063,4.092934876861699,43.627040414810836,0.02243803862080356,cutoff,S3_gaming,1
7776.0,2.16,0.41751161545217064,3.6465235898272748,4.092934876861699,43.6252086790898,0.022438533014429374,cutoff,S3_gaming,1
7778.0,2.1605555555555553,0.41735572191907294,3.6464431682519054,4.092934876861699,43.623376940901295,0.02243902744147438,cutoff,S3_gaming,1
7780.0,2.161111111111111,0.4171998249476963,3.646362744790165,4.092934876861699,43.62154520024511,0.022439521901940127,cutoff,S3_gaming,1
7782.0,2.1616666666666666,0.41702035572675156,3.632526604743424,4.69404159768895,43.61557333298504,0.022605539552165665,cutoff,S3_gaming,1
7784.0,2.1622222222222223,0.41685356465248763,3.6396786297499824,4.370968125196539,43.61201780276548,0.02267442210682583,cutoff,S3_gaming,1
7786.0,2.162777777777778,0.4166871063651671,3.6397239841087288,4.362297799468604,43.60859930383402,0.022737608061111077,cutoff,S3_gaming,1
7788.0,2.1633333333333336,0.41652089425100186,3.639724368485923,4.355843897622352,43.605296121242574,0.022795983528286587,cutoff,S3_gaming,1
7790.0,2.1638888888888888,0.41635486387066084,3.639691839264249,4.351039827931306,43.602091447264506,0.022850235674654527,cutoff,S3_gaming,1
7792.0,2.1644444444444444,0.41618896728573296,3.6396353416685554,4.3474638383754955,43.59897215733822,0.022900902267434294,cutoff,S3_gaming,1
7794.0,2.165,0.4160231688374104,3.63956150743018,4.344801990790916,43.59592789782102,0.022948408607253744,cutoff,S3_gaming,1
7796.0,2.1655555555555557,0.4158574420053057,3.639475247992978,4.342820600058937,43.592950405729866,0.022993095073665634,cutoff,S3_gaming,1
7798.0,2.1661111111111113,0.41569176706982264,3.639380195752716,4.341345718756374,43.59003300113111,0.023035237683912576,cutoff,S3_gaming,1
7800.0,2.1666666666666665,0.4155261293724164,3.6392790323019897,4.340247866211925,43.58717020805379,0.023075063450065394,cutoff,S3_gaming,1
7802.0,2.167222222222222,0.4153605180207694,3.6391737326347617,4.339430661324142,43.58435747110314,0.023112761862555377,cutoff,S3_gaming,1
7804.0,2.167777777777778,0.41519492492507576,3.639065746832514,4.33882236120953,43.58159094335287,0.023148493488277196,cutoff,S3_gaming,1
7806.0,2.1683333333333334,0.4150293440807549,3.6389561352355577,4.338369562853856,43.57886732734324,0.023182396418691943,cutoff,S3_gaming,1
7808.0,2.168888888888889,0.4148637710345793,3.6388456690029,4.338032514831052,43.57618375565818,0.02321459111534015,cutoff,S3_gaming,1
7810.0,2.1694444444444443,0.41469820248731903,3.6387349049161193,4.337781627502835,43.5735377010133,0.023245184060279887,cutoff,S3_gaming,1
7812.0,2.17,0.4145326359980003,3.6386242410162786,4.337594875327475,43.5709269083587,0.0232742705148621,cutoff,S3_gaming,1
7814.0,2.1705555555555556,0.41437662554411964,3.6440909818994416,4.093339659752194,43.5700269897329,0.02323482662436435,cutoff,S3_gaming,1
7816.0,2.171111111111111,0.41422061739898114,3.6440518197438316,4.093236183770605,43.56908259233247,0.023197290223244744,cutoff,S3_gaming,1
7818.0,2.171666666666667,0.4140646104471517,3.6440101944776377,4.093159159694513,43.56809569277705,0.023161576115689808,cutoff,S3_gaming,1
7820.0,2.172222222222222,0.41390860384107636,3.643966342870118,4.0931018255363165,43.56706821772543,0.023127601379639307,cutoff,S3_gaming,1
7822.0,2.1727777777777777,0.41375259693343375,3.643920460184306,4.093059147897546,43.56600203458141,0.02309528573095982,cutoff,S3_gaming,1
7824.0,2.1733333333333333,0.41359658922674336,3.643872709865544,4.093027380083937,43.56489894564452,0.02306455174869773,cutoff,S3_gaming,1
7826.0,2.173888888888889,0.41344058033581654,3.6438232307979215,4.0930037331810025,43.563760684772696,0.023035324999146366,cutoff,S3_gaming,1
7828.0,2.1744444444444446,0.41328456995976937,3.6437721427482206,4.092986131213637,43.56258891586613,0.023007534086707603,cutoff,S3_gaming,1
7830.0,2.175,0.41312855786115543,3.643719550458656,4.092973028895081,43.561385232659575,0.022981110652272832,cutoff,S3_gaming,1
7832.0,2.1755555555555555,0.41297254385039944,3.643665546731872,4.092963275965309,43.560151159444196,0.022955989334452656,cutoff,S3_gaming,1
7834.0,2.176111111111111,0.4128165277741787,3.643610214763949,4.092956016209051,43.55888815243871,0.02293210770497312,cutoff,S3_gaming,1
7836.0,2.1766666666666667,0.4126605095067447,3.6435536299158793,4.0929506122881625,43.55759760160383,0.02290940618657491,cutoff,S3_gaming,1
7838.0,2.1772222222222224,0.4125044889434343,3.6434958610653627,4.092946589789343,43.55628083274791,0.02288782795953672,cutoff,S3_gaming,1
7840.0,2.1777777777777776,0.41234846599581276,3.643436971644606,4.092943595575127,43.5549391098131,0.022867318861299564,cutoff,S3_gaming,1
7842.0,2.1783333333333332,0.4121924405880325,3.643377020442861,4.092941366781738,43.553573637260804,0.02284782728244811,cutoff,S3_gaming,1
7844.0,2.178888888888889,0.4120364126540979,3.643316062232385,4.092939707742134,43.55218556249811,0.022829304061400647,cutoff,S3_gaming,1
7846.0,2.1794444444444445,0.4118803821358061,3.643254148261571,4.09293847280828,43.55077597830326,0.02281170237948912,cutoff,S3_gaming,1
7848.0,2.18,0.41172434898119165,3.6431913266478997,4.092937553564629,43.54934592522014,0.02279497765761553,cutoff,S3_gaming,1
7850.0,2.1805555555555554,0.411568313143348,3.6431276426950516,4.092936869310256,43.54789639390159,0.022779087455305227,cutoff,S3_gaming,1
7852.0,2.181111111111111,0.4114122745795298,3.643063139152382,4.092936359974078,43.546428327387,0.02276399137270876,cutoff,S3_gaming,1
7854.0,2.1816666666666666,0.4112562332504653,3.6429978564303584,4.092935980841182,43.54494262330558,0.022749650955906312,cutoff,S3_gaming,1
7856.0,2.1822222222222223,0.411100189119827,3.6429318327821285,4.092935698627277,43.54344013599943,0.0227360296057247,cutoff,S3_gaming,1
7858.0,2.182777777777778,0.4109441421538194,3.6428651044588514,4.092935488556639,43.54192167856354,0.022723092490172073,cutoff,S3_gaming,1
7860.0,2.183333333333333,0.4107880923208564,3.642797705844534,4.09293533218705,43.54038802480188,0.022710806460519952,cutoff,S3_gaming,1
7862.0,2.1838888888888888,0.4106320395913047,3.642729669574661,4.092935215790733,43.53883991109957,0.02269913997100844,cutoff,S3_gaming,1
7864.0,2.1844444444444444,0.41047598393727847,3.642661026641885,4.092935129149189,43.53727803821259,0.022688063002112582,cutoff,S3_gaming,1
7866.0,2.185,0.41031992533247197,3.642591806491244,4.092935064656109,43.53570307297688,0.022677546987281826,cutoff,S3_gaming,1
7868.0,2.1855555555555557,0.4101638637520215,3.642522037106779,4.092935016649606,43.53411564993925,0.022667564743047153,cutoff,S3_gaming,1
7870.0,2.186111111111111,0.4100077991723897,3.642451745090988,4.092934980915164,43.53251637291246,0.022658090402379556,cutoff,S3_gaming,1
7872.0,2.1866666666666665,0.40985173157126725,3.642380955738214,4.092934954315634,43.53090581645763,0.02264909935117708,cutoff,S3_gaming,1
7874.0,2.187222222222222,0.40969566092748794,3.6423096931028422,4.09293493451583,43.52928452729663,0.022640568167754796,cutoff,S3_gaming,1
7876.0,2.187777777777778,0.4095395872209545,3.642237980062965,4.092934919777515,43.52765302565745,0.02263247456521146,cutoff,S3_gaming,1
7878.0,2.1883333333333335,0.40938351043257276,3.6421658383800426,4.092934908806804,43.526011806555395,0.02262479733654781,cutoff,S3_gaming,1
7880.0,2.188888888888889,0.4092274305441924,3.6420932887550093,4.0929349006405715,43.524361341013005,0.022617516302413807,cutoff,S3_gaming,1
7882.0,2.1894444444444443,0.4090713475385537,3.642020350881139,4.0929348945619,43.52270207722135,0.022610612261365445,cutoff,S3_gaming,1
7884.0,2.19,0.4089152613992383,3.6419470434939862,4.09293489003714,43.52103444164561,0.022604066942515322,cutoff,S3_gaming,1
7886.0,2.1905555555555556,0.40875917211062446,3.641873384418619,4.092934886669058,43.51935884007732,0.022597862960465422,cutoff,S3_gaming,1
7888.0,2.1911111111111112,0.40860307965784504,3.6417993906143575,4.092934884161971,43.51767565863581,0.02259198377241478,cutoff,S3_gaming,1
7890.0,2.191666666666667,0.4084469840267485,3.6417250782171857,4.092934882295778,43.515985264721344,0.02258641363733902,cutoff,S3_gaming,1
7892.0,2.192222222222222,0.40829088520386264,3.6416504625799995,4.092934880906647,43.51428800792228,0.022581137577143206,cutoff,S3_gaming,1
7894.0,2.1927777777777777,0.40813478317636026,3.641575558310806,4.092934879872623,43.51258422087816,0.022576141339693667,cutoff,S3_gaming,1
7896.0,2.1933333333333334,0.40797867793202697,3.6415003793090204,4.0929348791029305,43.51087422010126,0.022571411363638785,cutoff,S3_gaming,1
7898.0,2.193888888888889,0.4078225694592306,3.6414249387999513,4.092934878529998,43.50915830675817,0.022566934744932744,cutoff,S3_gaming,1
7900.0,2.1944444444444446,0.40766645774689286,3.6413492493675688,4.092934878103525,43.50743676741374,0.022562699204980254,cutoff,S3_gaming,1
7902.0,2.195,0.4075103427844616,3.6412733229856764,4.092934877786073,43.50570987473882,0.02255869306032414,cutoff,S3_gaming,1
7904.0,2.1955555555555555,0.4073542245618853,3.6411971710475397,4.092934877549772,43.503977888183826,0.02255490519380127,cutoff,S3_gaming,1
7906.0,2.196111111111111,0.40719810306958865,3.641120804394066,4.092934877373878,43.50224105461958,0.02255132502709592,cutoff,S3_gaming,1
7908.0,2.1966666666666668,0.4070419782984492,3.64104423334061,4.092934877242948,43.50049960894725,0.022547942494622983,cutoff,S3_gaming,1
7910.0,2.1972222222222224,0.4068858502397752,3.640967467702472,4.092934877145487,43.49875377467854,0.02254474801867671,cutoff,S3_gaming,1
7912.0,2.1977777777777776,0.40672971888528486,3.6408905168191517,4.092934877072942,43.497003764487964,0.02254173248578374,cutoff,S3_gaming,1
7914.0,2.1983333333333333,0.4065735842270863,3.6408133895774224,4.0929348770189415,43.49524978073814,0.022538887224202105,cutoff,S3_gaming,1
7916.0,2.198888888888889,0.4064174462576586,3.640736094433287,4.092934876978745,43.493492015979804,0.022536203982510713,cutoff,S3_gaming,1
7918.0,2.1994444444444445,0.40626130496983387,3.640658639432862,4.092934876948824,43.49173065342749,0.02253367490923651,cutoff,S3_gaming,1
7920.0,2.2,0.4061051603567801,3.640581032232252,4.092934876926552,43.48996586741225,0.022531292533469038,cutoff,S3_gaming,1
7922.0,2.2005555555555554,0.4059490124119849,3.640503280116455,4.092934876909974,43.48819782381222,0.022529049746414558,cutoff,S3_gaming,1
7924.0,2.201111111111111,0.40579286112923973,3.6404253900173575,4.092934876897633,43.48642668046257,0.022526939783844204,cutoff,S3_gaming,1
7926.0,2.2016666666666667,0.40563670650262557,3.640347368530845,4.092934876888447,43.484652587545455,0.022524956209392866,cutoff,S3_gaming,1
7928.0,2.2022222222222223,0.4054805485264987,3.6402692219330968,4.09293487688161,43.48287568796101,0.022523092898667545,cutoff,S3_gaming,1
7930.0,2.202777777777778,0.4053243871954773,3.6401909561960766,4.0929348768765195,43.48109611768048,0.022521344024125967,cutoff,S3_gaming,1
7932.0,2.203333333333333,0.4051682225044289,3.640112577002285,4.0929348768727305,43.479314006082106,0.022519704040688156,cutoff,S3_gaming,1
7934.0,2.203888888888889,0.4050120544484582,3.6400340897587844,4.0929348768699105,43.477529476270874,0.022518167672045373,cutoff,S3_gaming,1
7936.0,2.2044444444444444,0.4048558830228956,3.639955499610557,4.092934876867812,43.475742645382624,0.02251672989763268,cutoff,S3_gaming,1
7938.0,2.205,0.40469970822328627,3.6398768114531985,4.092934876866249,43.47395362487346,0.022515385940232953,cutoff,S3_gaming,1
7940.0,2.2055555555555557,0.40454353004537974,3.6397980299450152,4.092934876865086,43.47216252079519,0.022514131254181724,cutoff,S3_gaming,1
7942.0,2.206111111111111,0.40438734848512,3.6397191595185214,4.09293487686422,43.470369434057346,0.022512961514143733,cutoff,S3_gaming,1
7944.0,2.2066666666666666,0.4042311635386361,3.6396402043913825,4.092934876863575,43.46857446067645,0.022511872604433495,cutoff,S3_gaming,1
7946.0,2.207222222222222,0.4040749752022332,3.6395611685768303,4.0929348768630955,43.46677769201339,0.022510860608853503,cutoff,S3_gaming,1
7948.0,2.207777777777778,0.40391878347238397,3.6394820558935725,4.0929348768627385,43.464979214999055,0.022509921801024967,cutoff,S3_gaming,1
7950.0,2.2083333333333335,0.40376258834572054,3.639402869975221,4.092934876862473,43.463179112349145,0.022509052635187245,cutoff,S3_gaming,1
7952.0,2.2088888888888887,0.40360638981902675,3.639323614279263,4.092934876862275,43.46137746276861,0.02250824973744321,cutoff,S3_gaming,1
7954.0,2.2094444444444443,0.40345018788923076,3.6392442920955954,4.092934876862127,43.45957434114605,0.022507509897428984,cutoff,S3_gaming,1
7956.0,2.21,0.40329398255339816,3.6391649065546523,4.092934876862018,43.457769818738804,0.022506830060387412,cutoff,S3_gaming,1
7958.0,2.2105555555555556,0.40313777380872523,3.6390854606351306,4.0929348768619365,43.45596396334905,0.022506207319625764,cutoff,S3_gaming,1
7960.0,2.2111111111111112,0.4029815616525327,3.6390059571713462,4.092934876861876,43.45415683949127,0.022505638909339005,cutoff,S3_gaming,1
7962.0,2.2116666666666664,0.40282534608225956,3.638926398860234,4.092934876861831,43.452348508551694,0.022505122197780936,cutoff,S3_gaming,1
7964.0,2.212222222222222,0.4026691270954575,3.6388467882680002,4.092934876861797,43.450539028940014,0.022504654680766317,cutoff,S3_gaming,1
7966.0,2.2127777777777777,0.4025129046897853,3.6387671278364655,4.092934876861772,43.44872845623362,0.02250423397548796,cutoff,S3_gaming,1
7968.0,2.2133333333333334,0.4023566788630038,3.6386874198890915,4.0929348768617535,43.446916843315066,0.02250385781463349,cutoff,S3_gaming,1
7970.0,2.213888888888889,0.40220044961297086,3.638607666636716,4.092934876861739,43.44510424050266,0.022503524040787308,cutoff,S3_gaming,1
7972.0,2.2144444444444447,0.40204421693763664,3.6385278701830157,4.092934876861729,43.44329069567473,0.022503230601103843,cutoff,S3_gaming,1
7974.0,2.215,0.40188798083503924,3.638448032529693,4.0929348768617215,43.44147625438816,0.02250297554223904,cutoff,S3_gaming,1
7976.0,2.2155555555555555,0.4017317413033003,3.638368155581428,4.092934876861715,43.439660959990654,0.022502757005527486,cutoff,S3_gaming,1
7978.0,2.216111111111111,0.401575498340621,3.6382882411505744,4.092934876861712,43.437844853728095,0.02250257322239333,cutoff,S3_gaming,1
7980.0,2.216666666666667,0.40141925194527833,3.6382082909616353,4.092934876861708,43.43602797484636,0.02250242250998362,cutoff,S3_gaming,1
7982.0,2.2172222222222224,0.4012630021156212,3.6381283066555254,4.0929348768617055,43.4342103606883,0.022502303267013298,cutoff,S3_gaming,1
7984.0,2.2177777777777776,0.4011067488500672,3.638048289793616,4.092934876861704,43.43239204678603,0.0225022139698116,cutoff,S3_gaming,1
7986.0,2.2183333333333333,0.400950492147099,3.637968241861597,4.092934876861703,43.43057306694874,0.022502153168560066,cutoff,S3_gaming,1
7988.0,2.218888888888889,0.4007942320052614,3.637888164273139,4.092934876861702,43.42875345334618,0.022502119483712925,cutoff,S3_gaming,1
7990.0,2.2194444444444446,0.40063796842315824,3.6378080583733894,4.092934876861701,43.42693323658831,0.022502111602590958,cutoff,S3_gaming,1
7992.0,2.22,0.4004817013994496,3.6377279254422907,4.0929348768617,43.42511244580067,0.022502128276140475,cutoff,S3_gaming,1
7994.0,2.2205555555555554,0.400325430932849,3.63764776669774,4.0929348768617,43.423291108696645,0.022502168315849377,cutoff,S3_gaming,1
7996.0,2.221111111111111,0.4001691570221209,3.637567583298599,4.0929348768617,43.4214692516457,0.022502230590812706,cutoff,S3_gaming,1
7998.0,2.2216666666666667,0.40001287966607807,3.6374873763475546,4.092934876861699,43.419646899738744,0.022502314024940413,cutoff,S3_gaming,1
8000.0,2.2222222222222223,0.39985659886357944,3.6374071468938407,4.092934876861699,43.41782407684995,0.022502417594300488,cutoff,S3_gaming,1
8002.0,2.222777777777778,0.3997003146135278,3.6373268959358294,4.092934876861699,43.416000805695894,0.022502540324590845,cutoff,S3_gaming,1
8004.0,2.223333333333333,0.3995440269148675,3.637246624423496,4.092934876861699,43.414177107891575,0.022502681288733773,cutoff,S3_gaming,1
8006.0,2.223888888888889,0.3993877357665828,3.637166333260764,4.092934876861699,43.41235300400395,0.022502839604586957,cutoff,S3_gaming,1
8008.0,2.2244444444444444,0.3992314411676956,3.637086023307743,4.092934876861699,43.41052851360264,0.022503014432765468,cutoff,S3_gaming,1
8010.0,2.225,0.3990751431172637,3.6370056953828405,4.092934876861699,43.40870365530833,0.022503204974569306,cutoff,S3_gaming,1
8012.0,2.2255555555555557,0.39891884161437924,3.636925350264796,4.092934876861699,43.40687844683881,0.022503410470011413,cutoff,S3_gaming,1
8014.0,2.226111111111111,0.3987625366581668,3.636844988694596,4.092934876861699,43.40505290505271,0.022503630195941246,cutoff,S3_gaming,1
8016.0,2.2266666666666666,0.3986062282477819,3.6367646113773033,4.092934876861699,43.40322704599123,0.02250386346425932,cutoff,S3_gaming,1
8018.0,2.227222222222222,0.3984499163824096,3.636684218983805,4.092934876861699,43.40140088491768,0.02250410962021829,cutoff,S3_gaming,1
8020.0,2.227777777777778,0.398293601061263,3.6366038121524613,4.092934876861699,43.39957443635525,0.022504368040806362,cutoff,S3_gaming,1
8022.0,2.2283333333333335,0.39813728228358175,3.636523391490687,4.092934876861699,43.39774771412294,0.022504638133209083,cutoff,S3_gaming,1
8024.0,2.2288888888888887,0.39798096004863104,3.636442957576448,4.092934876861699,43.395920731369664,0.022504919333345683,cutoff,S3_gaming,1
8026.0,2.2294444444444443,0.3978246343557001,3.6363625109596933,4.092934876861699,43.39409350060667,0.022505211104476345,cutoff,S3_gaming,1
8028.0,2.23,0.3976683052041012,3.6362820521637063,4.092934876861699,43.39226603373861,0.022505512935877003,cutoff,S3_gaming,1
8030.0,2.2305555555555556,0.39751197259316845,3.6362015816864033,4.092934876861699,43.39043834209284,0.02250582434157836,cutoff,S3_gaming,1
8032.0,2.2311111111111113,0.3973556365222568,3.636121100001561,4.092934876861699,43.38861043644744,0.022506144859166022,cutoff,S3_gaming,1
8034.0,2.2316666666666665,0.39719929699074097,3.6360406075599836,4.092934876861699,43.38678232705788,0.022506474048638807,cutoff,S3_gaming,1
8036.0,2.232222222222222,0.3970429539980145,3.6359601047906223,4.092934876861699,43.38495402368231,0.022506811491322366,cutoff,S3_gaming,1
8038.0,2.2327777777777778,0.39688660754348887,3.6358795921016283,4.092934876861699,43.38312553560578,0.022507156788835494,cutoff,S3_gaming,1
8040.0,2.2333333333333334,0.39673025762659264,3.6357990698813647,4.092934876861699,43.38129687166295,0.02250750956210651,cutoff,S3_gaming,1
8042.0,2.233888888888889,0.3965739042467706,3.6357185384993636,4.092934876861699,43.379468040260235,0.022507869450437333,cutoff,S3_gaming,1
8044.0,2.2344444444444442,0.3964175474034829,3.635637998307243,4.092934876861699,43.37763904939632,0.022508236110612926,cutoff,S3_gaming,1
8046.0,2.235,0.39626118709620445,3.6355574496395677,4.092934876861699,43.375809906682086,0.022508609216053885,cutoff,S3_gaming,1
8048.0,2.2355555555555555,0.39610482332442415,3.635476892814682,4.092934876861699,43.37398061935933,0.022508988456010126,cutoff,S3_gaming,1
8050.0,2.236111111111111,0.3959484560876442,3.635396328135493,4.092934876861699,43.37215119431868,0.022509373534793632,cutoff,S3_gaming,1
8052.0,2.236666666666667,0.39579208538537936,3.635315755890223,4.092934876861699,43.37032163811663,0.022509764171048406,cutoff,S3_gaming,1
8054.0,2.237222222222222,0.39563571121715657,3.6352351763531128,4.092934876861699,43.36849195699178,0.022510160097055802,cutoff,S3_gaming,1
8056.0,2.2377777777777776,0.39547933358251414,3.635154589785108,4.092934876861699,43.36666215688017,0.02251056105807352,cutoff,S3_gaming,1
8058.0,2.2383333333333333,0.39532295248100124,3.635073996434499,4.092934876861699,43.36483224343001,0.022510966811706657,cutoff,S3_gaming,1
8060.0,2.238888888888889,0.3951665679121776,3.6349933965375345,4.092934876861699,43.36300222201562,0.02251137712730922,cutoff,S3_gaming,1
8062.0,2.2394444444444446,0.39501017987561254,3.6349127903190075,4.092934876861699,43.36117209775074,0.02251179178541468,cutoff,S3_gaming,1
8064.0,2.24,0.39485378837088503,3.6348321779928088,4.092934876861699,43.35934187550106,0.02251221057719409,cutoff,S3_gaming,1
8066.0,2.2405555555555554,0.3946973933975828,3.634751559762454,4.092934876861699,43.3575115598964,0.022512633303940488,cutoff,S3_gaming,1
8068.0,2.241111111111111,0.39454099495530215,3.634670935821589,4.092934876861699,43.35568115534206,0.0225130597765783,cutoff,S3_gaming,1
8070.0,2.2416666666666667,0.3943845930436475,3.634590306354467,4.092934876861699,43.3538506660297,0.022513489815196498,cutoff,S3_gaming,1
8072.0,2.2422222222222223,0.39422818766223083,3.634509671536406,4.092934876861699,43.352020095947715,0.022513923248604406,cutoff,S3_gaming,1
8074.0,2.242777777777778,0.39407177881067157,3.6344290315342156,4.092934876861699,43.35018944889113,0.022514359913909023,cutoff,S3_gaming,1
8076.0,2.243333333333333,0.3939153664885961,3.6343483865066197,4.092934876861699,43.348358728470856,0.022514799656112843,cutoff,S3_gaming,1
8078.0,2.243888888888889,0.3937589506956373,3.634267736604637,4.092934876861699,43.34652793812283,0.02251524232773116,cutoff,S3_gaming,1
8080.0,2.2444444444444445,0.39360253143143453,3.6341870819719633,4.092934876861699,43.344697081116266,0.02251568778842793,cutoff,S3_gaming,1
8082.0,2.245,0.393446108695633,3.634106422745321,4.092934876861699,43.342866160561876,0.02251613590466928,cutoff,S3_gaming,1
8084.0,2.2455555555555557,0.39328968248788376,3.6340257590548,4.092934876861699,43.34103517941956,0.022516586549393803,cutoff,S3_gaming,1
8086.0,2.246111111111111,0.39313325280784317,3.633945091024179,4.092934876861699,43.33920414050564,0.022517039601698846,cutoff,S3_gaming,1
8088.0,2.2466666666666666,0.3929768196551728,3.6338644187712292,4.092934876861699,43.337373046499884,0.022517494946542004,cutoff,S3_gaming,1
8090.0,2.2472222222222222,0.3928203830295391,3.6337837424080086,4.092934876861699,43.33554189995209,0.022517952474457065,cutoff,S3_gaming,1
8092.0,2.247777777777778,0.39266394293061324,3.633703062041137,4.092934876861699,43.33371070328846,0.02251841208128374,cutoff,S3_gaming,1
8094.0,2.2483333333333335,0.39250749935807083,3.633622377772056,4.092934876861699,43.33187945881747,0.0225188736679105,cutoff,S3_gaming,1
8096.0,2.2488888888888887,0.3923510523115917,3.6335416896972896,4.092934876861699,43.330048168735686,0.022519337140029842,cutoff,S3_gaming,1
8098.0,2.2494444444444444,0.3921946017908596,3.633460997908675,4.092934876861699,43.32821683513314,0.02251980240790546,cutoff,S3_gaming,1
8100.0,2.25,0.3920381477955623,3.6333803024935896,4.092934876861699,43.32638545999857,0.02252026938615068,cutoff,S3_gaming,1
8102.0,2.2505555555555556,0.39188169032539105,3.63329960353517,4.092934876861699,43.32455404522416,0.022520737993517625,cutoff,S3_gaming,1
8104.0,2.2511111111111113,0.3917252293800407,3.633218901112517,4.092934876861699,43.322722592610425,0.022521208152696617,cutoff,S3_gaming,1
8106.0,2.2516666666666665,0.39156876495920917,3.633138195300891,4.092934876861699,43.32089110387051,0.022521679790125298,cutoff,S3_gaming,1
8108.0,2.252222222222222,0.3914122970625978,3.6330574861718983,4.092934876861699,43.31905958063454,0.022522152835806997,cutoff,S3_gaming,1
8110.0,2.2527777777777778,0.39125582568991063,3.632976773793666,4.092934876861699,43.3172280244535,0.022522627223137904,cutoff,S3_gaming,1
8112.0,2.2533333333333334,0.3910993508408548,3.632896058231015,4.092934876861699,43.31539643680321,0.022523102888742617,cutoff,S3_gaming,1
8114.0,2.253888888888889,0.3909428725151399,3.632815339545615,4.092934876861699,43.313564819087915,0.02252357977231767,cutoff,S3_gaming,1
8116.0,2.2544444444444443,0.3907863907124783,3.6327346177961437,4.092934876861699,43.311733172643784,0.022524057816482635,cutoff,S3_gaming,1
8118.0,2.255,0.3906299054325846,3.632653893038425,4.092934876861699,43.30990149874213,0.02252453696663844,cutoff,S3_gaming,1
8120.0,2.2555555555555555,0.3904734166751759,3.6325731653255704,4.092934876861699,43.30806979859263,0.02252501717083257,cutoff,S3_gaming,1
8122.0,2.256111111111111,0.39031692443997135,3.632492434708113,4.092934876861699,43.30623807334633,0.022525498379630783,cutoff,S3_gaming,1
8124.0,2.256666666666667,0.3901604287266923,3.632411701234127,4.092934876861699,43.304406324098395,0.022525980545995045,cutoff,S3_gaming,1
8126.0,2.257222222222222,0.39000392953506213,3.6323309649493534,4.092934876861699,43.30257455189091,0.0225264636251674,cutoff,S3_gaming,1
8128.0,2.2577777777777777,0.38984742686480595,3.6322502258973057,4.092934876861699,43.30074275771541,0.022526947574559454,cutoff,S3_gaming,1
8130.0,2.2583333333333333,0.3896909207156508,3.6321694841193826,4.092934876861699,43.298910942515356,0.022527432353647212,cutoff,S3_gaming,1
8132.0,2.258888888888889,0.3895344110873255,3.6320887396549724,4.092934876861699,43.29707910718842,0.022527917923871023,cutoff,S3_gaming,1
8134.0,2.2594444444444446,0.3893778979795603,3.6320079925415443,4.092934876861699,43.29524725258876,0.022528404248540367,cutoff,S3_gaming,1
8136.0,2.26,0.3892213813920872,3.6319272428147475,4.092934876861699,43.2934153795291,0.022528891292743266,cutoff,S3_gaming,1
8138.0,2.2605555555555554,0.38906486132463947,3.6318464905084937,4.092934876861699,43.291583488782734,0.02252937902326007,cutoff,S3_gaming,1
8140.0,2.261111111111111,0.38890833777695194,3.6317657356550463,4.092934876861699,43.28975158108545,0.02252986740848144,cutoff,S3_gaming,1
8142.0,2.2616666666666667,0.38875181074876075,3.631684978285098,4.092934876861699,43.287919657137394,0.0225303564183303,cutoff,S3_gaming,1
8144.0,2.2622222222222224,0.3885952802398033,3.6316042184278454,4.092934876861699,43.286087717604644,0.022530846024187548,cutoff,S3_gaming,1
8146.0,2.262777777777778,0.38843874624981806,3.6315234561110663,4.092934876861699,43.2842557631211,0.022531336198821424,cutoff,S3_gaming,1
8148.0,2.263333333333333,0.38828220877854486,3.6314426913611837,4.092934876861699,43.28242379428983,0.022531826916320233,cutoff,S3_gaming,1
8150.0,2.263888888888889,0.38812566782572444,3.631361924203333,4.092934876861699,43.28059181168469,0.02253231815202839,cutoff,S3_gaming,1
8152.0,2.2644444444444445,0.3879691233910987,3.631281154661426,4.092934876861699,43.27875981585163,0.02253280988248552,cutoff,S3_gaming,1
8154.0,2.265,0.3878125754744104,3.6312003827582062,4.092934876861699,43.276927807310194,0.022533302085368533,cutoff,S3_gaming,1
8156.0,2.2655555555555558,0.3876560240754034,3.631119608515311,4.092934876861699,43.275095786554715,0.0225337947394365,cutoff,S3_gaming,1
8158.0,2.266111111111111,0.3874994691938223,3.631038831953321,4.092934876861699,43.27326375405548,0.02253428782447821,cutoff,S3_gaming,1
8160.0,2.2666666666666666,0.3873429108294125,3.6309580530918115,4.092934876861699,43.27143171026006,0.02253478132126225,cutoff,S3_gaming,1
8162.0,2.2672222222222222,0.3871863489819204,3.630877271949406,4.092934876861699,43.269599655594206,0.02253527521148951,cutoff,S3_gaming,1
8164.0,2.267777777777778,0.387029783651093,3.630796488543814,4.092934876861699,43.2677675904631,0.022535769477748015,cutoff,S3_gaming,1
8166.0,2.2683333333333335,0.386873214836678,3.6307157028918824,4.092934876861699,43.26593551525223,0.022536264103469913,cutoff,S3_gaming,1
8168.0,2.2688888888888887,0.38671664253842397,3.6306349150096358,4.092934876861699,43.264103430328355,0.02253675907289056,cutoff,S3_gaming,1
8170.0,2.2694444444444444,0.38656006675607996,3.630554124912312,4.092934876861699,43.2622713360405,0.0225372543710096,cutoff,S3_gaming,1
8172.0,2.27,0.3864034874893957,3.630473332614408,4.092934876861699,43.26043923272071,0.022537749983553908,cutoff,S3_gaming,1
8174.0,2.2705555555555557,0.38624690473812145,3.6303925381297066,4.092934876861699,43.25860712068491,0.022538245896942352,cutoff,S3_gaming,1
8176.0,2.2711111111111113,0.38609031850200815,3.630311741471321,4.092934876861699,43.25677500023377,0.022538742098252247,cutoff,S3_gaming,1
8178.0,2.2716666666666665,0.3859337287808071,3.630230942651718,4.092934876861699,43.25494287165327,0.022539238575187446,cutoff,S3_gaming,1
8180.0,2.272222222222222,0.3857771355742703,3.630150141682754,4.092934876861699,43.253110735215564,0.022539735316047964,cutoff,S3_gaming,1
8182.0,2.272777777777778,0.38562053888215003,3.630069338575707,4.092934876861699,43.25127859117961,0.02254023230970109,cutoff,S3_gaming,1
8184.0,2.2733333333333334,0.3854639387041992,3.629988533341298,4.092934876861699,43.24944643979175,0.022540729545553896,cutoff,S3_gaming,1
8186.0,2.273888888888889,0.385307335040171,3.6299077259897237,4.092934876861699,43.24761428128646,0.02254122701352706,cutoff,S3_gaming,1
8188.0,2.2744444444444443,0.3851507278898191,3.6298269165306793,4.092934876861699,43.24578211588669,0.022541724704029983,cutoff,S3_gaming,1
8190.0,2.275,0.3849941172528975,3.6297461049733837,4.092934876861699,43.24394994380473,0.022542222607937104,cutoff,S3_gaming,1
8192.0,2.2755555555555556,0.3848375031291607,3.629665291326602,4.092934876861699,43.242117765242455,0.02254272071656535,cutoff,S3_gaming,1
8194.0,2.276111111111111,0.3846808855183634,3.6295844755986666,4.092934876861699,43.24028558039197,0.022543219021652697,cutoff,S3_gaming,1
8196.0,2.276666666666667,0.38452426442026066,3.629503657797503,4.092934876861699,43.238453389436074,0.022543717515337756,cutoff,S3_gaming,1
8198.0,2.277222222222222,0.3843676398346079,3.6294228379306404,4.092934876861699,43.236621192548675,0.022544216190140364,cutoff,S3_gaming,1
8200.0,2.2777777777777777,0.38421101176116085,3.62934201600524,4.092934876861699,43.23478898989521,0.022544715038943095,cutoff,S3_gaming,1
8202.0,2.2783333333333333,0.3840543801996754,3.6292611920281095,4.092934876861699,43.232956781633156,0.022545214054973686,cutoff,S3_gaming,1
8204.0,2.278888888888889,0.3838977451499078,3.629180366005718,4.092934876861699,43.23112456791227,0.022545713231788313,cutoff,S3_gaming,1
8206.0,2.2794444444444446,0.3837411066116146,3.6290995379442155,4.092934876861699,43.22929234887506,0.022546212563255653,cutoff,S3_gaming,1
8208.0,2.28,0.3835844645845524,3.6290187078494465,4.092934876861699,43.22746012465713,0.02254671204354176,cutoff,S3_gaming,1
8210.0,2.2805555555555554,0.3834278190684783,3.628937875726965,4.092934876861699,43.22562789538747,0.022547211667095633,cutoff,S3_gaming,1
8212.0,2.281111111111111,0.3832711700631493,3.628857041582051,4.092934876861699,43.22379566118885,0.022547711428635517,cutoff,S3_gaming,1
8214.0,2.2816666666666667,0.3831145175683228,3.628776205419721,4.092934876861699,43.221963422178014,0.022548211323135843,cutoff,S3_gaming,1
8216.0,2.2822222222222224,0.3829578615837564,3.62869536724474,4.092934876861699,43.22013117846608,0.022548711345814813,cutoff,S3_gaming,1
8218.0,2.2827777777777776,0.38280120210920776,3.6286145270616372,4.092934876861699,43.218298930158745,0.02254921149212259,cutoff,S3_gaming,1
8220.0,2.283333333333333,0.3826445391444348,3.628533684874715,4.092934876861699,43.216466677356564,0.022549711757730045,cutoff,S3_gaming,1
8222.0,2.283888888888889,0.38248787268919554,3.6284528406880607,4.092934876861699,43.214634420155264,0.022550212138518076,cutoff,S3_gaming,1
8224.0,2.2844444444444445,0.3823312027432482,3.628371994505556,4.092934876861699,43.212802158645815,0.022550712630567408,cutoff,S3_gaming,1
8226.0,2.285,0.38217452930635115,3.6282911463308896,4.092934876861699,43.210969892914854,0.022551213230148925,cutoff,S3_gaming,1
8228.0,2.2855555555555553,0.38201785237826286,3.6282102961675613,4.092934876861699,43.209137623044775,0.022551713933714444,cutoff,S3_gaming,1
8230.0,2.286111111111111,0.38186117195874186,3.6281294440188976,4.092934876861699,43.20730534911395,0.022552214737887946,cutoff,S3_gaming,1
8232.0,2.2866666666666666,0.3817044880475469,3.6280485898880563,4.092934876861699,43.20547307119696,0.022552715639457235,cutoff,S3_gaming,1
8234.0,2.2872222222222223,0.3815478006444369,3.6279677337780343,4.092934876861699,43.20364078936477,0.022553216635365993,cutoff,S3_gaming,1
8236.0,2.287777777777778,0.3813674143293939,3.614057237901412,4.69404159768895,43.197666127306185,0.022720130051820126,cutoff,S3_gaming,1
8238.0,2.2883333333333336,0.38119977438716185,3.6212477907153406,4.370968125196539,43.19410914454648,0.022789385533379253,cutoff,S3_gaming,1
8240.0,2.2888888888888888,0.38103246894494436,3.6212933668392377,4.362297799468604,43.190689259159534,0.0228529141957354,cutoff,S3_gaming,1
8242.0,2.2894444444444444,0.38086541092672577,3.6212937326415906,4.355843897622352,43.18738474522078,0.02291160687217293,cutoff,S3_gaming,1
8244.0,2.29,0.380698535549631,3.62126100909071,4.351039827931306,43.18417878660478,0.02296615438529934,cutoff,S3_gaming,1
8246.0,2.2905555555555557,0.38053179461996917,3.621204189304306,4.3474638383754955,43.181058252269786,0.02301709736043945,cutoff,S3_gaming,1
8248.0,2.2911111111111113,0.3803651522893037,3.621129940504894,4.344801990790916,43.178012783525396,0.023064863355866935,cutoff,S3_gaming,1
8250.0,2.2916666666666665,0.38019858189645356,3.621043200411777,4.342820600058937,43.175034113413545,0.02310979455570414,cutoff,S3_gaming,1
8252.0,2.292222222222222,0.3800320636173558,3.620947620847412,4.341345718756374,43.17211555883164,0.023152168438629127,cutoff,S3_gaming,1
8254.0,2.292777777777778,0.3798655827160203,3.6208458977416127,4.340247866211925,43.16925164124753,0.023192213217102953,cutoff,S3_gaming,1
8256.0,2.2933333333333334,0.3796991282427811,3.620740016644158,4.339430661324142,43.166437803165614,0.023230119382260533,cutoff,S3_gaming,1
8258.0,2.293888888888889,0.3795326920654291,3.6206314353836926,4.33882236120953,43.1636701959095,0.02326604834793695,cutoff,S3_gaming,1
8260.0,2.2944444444444443,0.3793662681480912,3.620521219962544,4.338369562853856,43.160945520537716,0.02330013893319634,cutoff,S3_gaming,1
8262.0,2.295,0.379199852014505,3.620410145654717,4.338032514831052,43.15826090835984,0.023332512233702772,cutoff,S3_gaming,1
8264.0,2.2955555555555556,0.3790334403485405,3.6202987722100333,4.337781627502835,43.155613830978524,0.023363275291628304,cutoff,S3_gaming,1
8266.0,2.296111111111111,0.37886703069687816,3.620187499788707,4.337594875327475,43.15300203235784,0.02339252386913303,cutoff,S3_gaming,1
8268.0,2.296666666666667,0.37871022819189254,3.625683505620138,4.093339659752194,43.1521019974271,0.02335287524077175,cutoff,S3_gaming,1
8270.0,2.297222222222222,0.3785534279904052,3.625644138752843,4.093236183770605,43.15115746487769,0.023315144123837603,cutoff,S3_gaming,1
8272.0,2.2977777777777777,0.378396628970179,3.6256022952853915,4.093159159694513,43.15017041201082,0.02327924488151895,cutoff,S3_gaming,1
8274.0,2.2983333333333333,0.3782398302783218,3.6255582132586652,4.0931018255363165,43.1491427661635,0.02324509416196352,cutoff,S3_gaming,1
8276.0,2.298888888888889,0.37808303126327997,3.6255120889861354,4.093059147897546,43.14807639540841,0.02321261126444709,cutoff,S3_gaming,1
8278.0,2.2994444444444446,0.37792623142417564,3.625464086793966,4.093027380083937,43.14697310270045,0.023181718365878953,cutoff,S3_gaming,1
8280.0,2.3,0.3777694303730562,3.6254143463160737,4.0930037331810025,43.14583462253661,0.023152340645579913,cutoff,S3_gaming,1
8282.0,2.3005555555555555,0.37761262780675653,3.625362987967047,4.092986131213637,43.14466261943787,0.023124406336462174,cutoff,S3_gaming,1
8284.0,2.301111111111111,0.37745582348591894,3.625310117056675,4.092973028895081,43.143458687740356,0.02309784672344648,cutoff,S3_gaming,1
8286.0,2.3016666666666667,0.3772990172193426,3.6252558268913595,4.092963275965309,43.14222435231643,0.023072596104527575,cutoff,S3_gaming,1
8288.0,2.3022222222222224,0.37714220885230165,3.6252002011195508,4.092956016209051,43.14096106994574,0.023048591725866183,cutoff,S3_gaming,1
8290.0,2.3027777777777776,0.37698539825781907,3.625143315512642,4.0929506122881625,43.139670231129514,0.023025773699288425,cutoff,S3_gaming,1
8292.0,2.3033333333333332,0.37682858533014213,3.6250852393239694,4.092946589789343,43.13835316219644,0.023004084908346635,cutoff,S3_gaming,1
8294.0,2.303888888888889,0.37667176997985835,3.625026036332141,4.092943595575127,43.13701112758925,0.02298347090744219,cutoff,S3_gaming,1
8296.0,2.3044444444444445,0.37651495213023345,3.624965765647845,4.092941366781738,43.13564533225047,0.02296387981728403,cutoff,S3_gaming,1
8298.0,2.305,0.37635813171446053,3.624904482343144,4.092939707742134,43.13425692404951,0.02294526221904697,cutoff,S3_gaming,1
8300.0,2.3055555555555554,0.37620130867358886,3.624842237947241,4.09293847280828,43.13284699620852,0.02292757104892041,cutoff,S3_gaming,1
8302.0,2.306111111111111,0.3760444829549593,3.6247790808415243,4.092937553564629,43.13141658969768,0.02291076149424008,cutoff,S3_gaming,1
8304.0,2.3066666666666666,0.3758876545110181,3.624715056578366,4.092936869310256,43.129966695578844,0.02289479089202786,cutoff,S3_gaming,1
8306.0,2.3072222222222223,0.3757308232984138,3.624650208141993,4.092936359974078,43.12849825728397,0.02287961863049433,cutoff,S3_gaming,1
8308.0,2.307777777777778,0.3755739892773053,3.624584576165065,4.092935980841182,43.127012172818866,0.02286520605386011,cutoff,S3_gaming,1
8310.0,2.308333333333333,0.3754171524108281,3.6245181991112205,4.092935698627277,43.12550929688676,0.022851516370707096,cutoff,S3_gaming,1
8312.0,2.3088888888888888,0.3752603126646799,3.6244511134312405,4.092935488556639,43.12399044292911,0.02283851456596543,cutoff,S3_gaming,1
8314.0,2.3094444444444444,0.3751034700067946,3.6243833536986014,4.09293533218705,43.12245638508204,0.02282616731656605,cutoff,S3_gaming,1
8316.0,2.31,0.3749466244070844,3.6243149527287453,4.092935215790733,43.12090786004914,0.022814442910734554,cutoff,S3_gaming,1
8318.0,2.3105555555555557,0.3747897758372321,3.624245941685334,4.092935129149189,43.11934556889172,0.022803311170864208,cutoff,S3_gaming,1
8320.0,2.311111111111111,0.3746329242705226,3.6241763501759885,4.092935064656109,43.117770178738475,0.022792743379879483,cutoff,S3_gaming,1
8322.0,2.3116666666666665,0.37447606968170294,3.624106206339356,4.092935016649606,43.11618232441673,0.022782712210984348,cutoff,S3_gaming,1
8324.0,2.312222222222222,0.3743192120468659,3.6240355369250072,4.092934980915164,43.114582610008114,0.0227731916606783,cutoff,S3_gaming,1
8326.0,2.312777777777778,0.37416235134335035,3.6239643673672086,4.092934954315634,43.112971610331535,0.02276415698491683,cutoff,S3_gaming,1
8328.0,2.3133333333333335,0.37400548754965524,3.623892721853494,4.09293493451583,43.11134987235576,0.02275558463829006,cutoff,S3_gaming,1
8330.0,2.313888888888889,0.3738486206453646,3.62382062338867,4.092934919777515,43.109717916545435,0.022747452216092628,cutoff,S3_gaming,1
8332.0,2.3144444444444443,0.3736917506110809,3.6237480938548012,4.092934908806804,43.10807623814264,0.022739738399159225,cutoff,S3_gaming,1
8334.0,2.315,0.3735348774283649,3.6236751540676173,4.0929349006405715,43.10642530838714,0.022732422901342437,cutoff,S3_gaming,1
8336.0,2.3155555555555556,0.37337800107968167,3.623601823829667,4.0929348945619,43.10476557567816,0.022725486419512907,cutoff,S3_gaming,1
8338.0,2.3161111111111112,0.3732211215483509,3.6235281219805264,4.09293489003714,43.103097466680325,0.02271891058596547,cutoff,S3_gaming,1
8340.0,2.316666666666667,0.3730642388185011,3.623454066444293,4.092934886669058,43.101421387376114,0.02271267792311912,cutoff,S3_gaming,1
8342.0,2.317222222222222,0.37290735287502713,3.623379674274558,4.092934884161971,43.09973772406788,0.022706771800402956,cutoff,S3_gaming,1
8344.0,2.3177777777777777,0.37275046370355086,3.6233049616970563,4.092934882295778,43.09804684433111,0.02270117639322458,cutoff,S3_gaming,1
8346.0,2.3183333333333334,0.37259357129038406,3.62322994415013,4.092934880906647,43.096349097922065,0.022695876643921864,cutoff,S3_gaming,1
8348.0,2.318888888888889,0.37243667562249355,3.6231546363231377,4.092934879872623,43.09464481764103,0.02269085822460332,cutoff,S3_gaming,1
8350.0,2.3194444444444446,0.3722797766874687,3.623079052192942,4.0929348791029305,43.09293432015423,0.022686107501786578,cutoff,S3_gaming,1
8352.0,2.32,0.3721228744734903,3.623003205058587,4.092934878529998,43.09121790677577,0.02268161150274851,cutoff,S3_gaming,1
8354.0,2.3205555555555555,0.37196596896930156,3.6229271075742484,4.092934878103525,43.089495864211656,0.022677357883504685,cutoff,S3_gaming,1
8356.0,2.321111111111111,0.37180906016418036,3.622850771780569,4.092934877786073,43.08776846526797,0.022673334898339535,cutoff,S3_gaming,1
8358.0,2.3216666666666668,0.3716521480479131,3.6227742091344473,4.092934877549772,43.08603596952454,0.022669531370812433,cutoff,S3_gaming,1
8360.0,2.3222222222222224,0.37149523261076967,3.6226974305373782,4.092934877373878,43.084298623976196,0.022665936666168354,cutoff,S3_gaming,1
8362.0,2.3227777777777776,0.37133831384348015,3.622620446362401,4.092934877242948,43.0825566636428,0.02266254066508522,cutoff,S3_gaming,1
8364.0,2.3233333333333333,0.3711813917372122,3.6225432664797355,4.092934877145487,43.080810312149644,0.022659333738693277,cutoff,S3_gaming,1
8366.0,2.323888888888889,0.37102446628354985,3.6224659002811688,4.092934877072942,43.079059782280055,0.022656306724804943,cutoff,S3_gaming,1
8368.0,2.3244444444444445,0.3708675374744731,3.6223883567032598,4.0929348770189415,43.07730527650076,0.02265345090529653,cutoff,S3_gaming,1
8370.0,2.325,0.37071060530233896,3.6223106442494077,4.092934876978745,43.07554698746218,0.022650757984586076,cutoff,S3_gaming,1
8372.0,2.3255555555555554,0.370553669759863,3.622232771010857,4.092934876948824,43.07378509847434,0.022648220069154165,cutoff,S3_gaming,1
8374.0,2.326111111111111,0.3703967308401019,3.622154744686677,4.092934876926552,43.07201978395957,0.022645829648057267,cutoff,S3_gaming,1
8376.0,2.3266666666666667,0.37023978853643696,3.6220765726027735,4.092934876909974,43.07025120988346,0.022643579574385463,cutoff,S3_gaming,1
8378.0,2.3272222222222223,0.3700828428425585,3.6219982617299777,4.092934876897633,43.06847953416486,0.02264146304761883,cutoff,S3_gaming,1
8380.0,2.327777777777778,0.3699258937524506,3.6219198187012585,4.092934876888447,43.06670490706602,0.022639473596838936,cutoff,S3_gaming,1
8382.0,2.328333333333333,0.3697689412603771,3.621841249828097,4.09293487688161,43.06492747156375,0.02263760506475401,cutoff,S3_gaming,1
8384.0,2.328888888888889,0.36961198536086803,3.6217625611160726,4.0929348768765195,43.063147363702576,0.022635851592498334,cutoff,S3_gaming,1
8386.0,2.3294444444444444,0.3694550260487065,3.6216837582796853,4.0929348768727305,43.06136471293103,0.02263420760516839,cutoff,S3_gaming,1
8388.0,2.33,0.36929806331891674,3.62160484675647,4.0929348768699105,43.059579642421234,0.02263266779805999,cutoff,S3_gaming,1
8390.0,2.3305555555555557,0.3691410971667521,3.621525831720413,4.092934876867812,43.05779226937333,0.02263122712357246,cutoff,S3_gaming,1
8392.0,2.331111111111111,0.3689841275876842,3.6214467180947336,4.092934876866249,43.05600270530495,0.022629880778747568,cutoff,S3_gaming,1
8394.0,2.3316666666666666,0.36882715457739224,3.6213675105640326,4.092934876865086,43.05421105632675,0.02262862419341235,cutoff,S3_gaming,1
8396.0,2.332222222222222,0.36867017813175307,3.6212882135858595,4.09293487686422,43.05241742340456,0.022627453018896675,cutoff,S3_gaming,1
8398.0,2.332777777777778,0.36851319824683143,3.6212088314017166,4.092934876863575,43.05062190260884,0.022626363117297606,cutoff,S3_gaming,1
8400.0,2.3333333333333335,0.36835621491887094,3.6211293680475296,4.0929348768630955,43.04882458535202,0.022625350551264096,cutoff,S3_gaming,1
8402.0,2.3338888888888887,0.36819922814428546,3.6210498273636156,4.0929348768627385,43.0470255586143,0.0226244115742768,cutoff,S3_gaming,1
8404.0,2.3344444444444443,0.3680422379196508,3.6209702130041532,4.092934876862473,43.04522490515858,0.022623542621398995,cutoff,S3_gaming,1
8406.0,2.335,0.36788524424169694,3.6208905284462176,4.092934876862275,43.043422703734954,0.022622740300475765,cutoff,S3_gaming,1
8408.0,2.3355555555555556,0.36772824710730045,3.620810776998354,4.092934876862127,43.04161902927523,0.022622001383759763,cutoff,S3_gaming,1
8410.0,2.3361111111111112,0.36757124651347756,3.620730961808748,4.092934876862018,43.03981395307807,0.02262132279994284,cutoff,S3_gaming,1
8412.0,2.3366666666666664,0.3674142424573772,3.620651085873001,4.0929348768619365,43.03800754298514,0.022620701626573866,cutoff,S3_gaming,1
8414.0,2.337222222222222,0.3672572349362747,3.620571152041523,4.092934876861876,43.03619986354875,0.02262013508284406,cutoff,S3_gaming,1
8416.0,2.3377777777777777,0.36710022394756564,3.620491163026567,4.092934876861831,43.03439097619129,0.022619620522721994,cutoff,S3_gaming,1
8418.0,2.3383333333333334,0.36694320948875997,3.620411121408928,4.092934876861797,43.03258093935704,0.022619155428421304,cutoff,S3_gaming,1
8420.0,2.338888888888889,0.3667861915574766,3.6203310296443174,4.092934876861772,43.030769808656494,0.022618737404185026,cutoff,S3_gaming,1
8422.0,2.3394444444444447,0.36662917015143803,3.6202508900694172,4.0929348768617535,43.02895763700385,0.022618364170371195,cutoff,S3_gaming,1
8424.0,2.34,0.3664721452684653,3.620170704907655,4.092934876861739,43.027144474747644,0.02261803355782507,cutoff,S3_gaming,1
8426.0,2.3405555555555555,0.36631511690647317,3.6200904762746915,4.092934876861729,43.02533036979521,0.022617743502524146,cutoff,S3_gaming,1
8428.0,2.341111111111111,0.3661580850634659,3.620010206183644,4.0929348768617215,43.02351536773103,0.0226174920404827,cutoff,S3_gaming,1
8430.0,2.341666666666667,0.36600104973753256,3.619929896550054,4.092934876861715,43.02169951192938,0.022617277302903298,cutoff,S3_gaming,1
8432.0,2.3422222222222224,0.36584401092684293,3.6198495491966205,4.092934876861712,43.0198828436614,0.022617097511563305,cutoff,S3_gaming,1
8434.0,2.3427777777777776,0.36568696862964395,3.6197691658576936,4.092934876861708,43.01806540219718,0.022616950974424992,cutoff,S3_gaming,1
8436.0,2.3433333333333333,0.36552992284425556,3.6196887481835636,4.0929348768617055,43.016247224902756,0.022616836081458404,cutoff,S3_gaming,1
8438.0,2.343888888888889,0.3653728735690674,3.619608297744529,4.092934876861704,43.01442834733236,0.022616751300666687,cutoff,S3_gaming,1
8440.0,2.3444444444444446,0.36521582080253534,3.619527816034778,4.092934876861703,43.01260880331639,0.022616695174304063,cutoff,S3_gaming,1
8442.0,2.345,0.3650587645431784,3.6194473044760724,4.092934876861702,43.01078862504482,0.022616666315277097,cutoff,S3_gaming,1
8444.0,2.3455555555555554,0.36490170478957556,3.6193667644212635,4.092934876861701,43.0089678431469,0.0226166634037204,cutoff,S3_gaming,1
8446.0,2.346111111111111,0.3647446415403628,3.619286197157627,4.0929348768617,43.00714648676678,0.02261668518373828,cutoff,S3_gaming,1
8448.0,2.3466666666666667,0.36458757479423054,3.619205603910043,4.0929348768617,43.00532458363549,0.022616730460304327,cutoff,S3_gaming,1
8450.0,2.3472222222222223,0.3644305045499208,3.619124985844021,4.0929348768617,43.003502160139455,0.02261679809631128,cutoff,S3_gaming,1
8452.0,2.347777777777778,0.364273430806225,3.6190443440685764,4.092934876861699,43.00167924138567,0.022616887009763834,cutoff,S3_gaming,1
8454.0,2.348333333333333,0.3641163535619811,3.618963679638969,4.092934876861699,42.99985585126388,0.02261699617110757,cutoff,S3_gaming,1
8456.0,2.348888888888889,0.3639592728160717,3.6188829935593074,4.092934876861699,42.99803201250539,0.02261712460068727,cutoff,S3_gaming,1
8458.0,2.3494444444444444,0.36380218856742186,3.618802286785028,4.092934876861699,42.99620774673936,0.02261727136632849,cutoff,S3_gaming,1
8460.0,2.35,0.3636451008149969,3.6187215602252567,4.092934876861699,42.99438307454621,0.022617435581036294,cutoff,S3_gaming,1
8462.0,2.3505555555555557,0.36348800955780053,3.618640814745049,4.092934876861699,42.99255801550853,0.022617616400805556,cutoff,S3_gaming,1
8464.0,2.351111111111111,0.36333091479487295,3.6185600511675298,4.092934876861699,42.99073258825933,0.02261781302253738,cutoff,S3_gaming,1
8466.0,2.3516666666666666,0.3631738165252892,3.618479270275923,4.092934876861699,42.988906810528235,0.02261802468205649,cutoff,S3_gaming,1
8468.0,2.352222222222222,0.36301671474815717,3.618398472815487,4.092934876861699,42.987080699185135,0.022618250652224753,cutoff,S3_gaming,1
8470.0,2.352777777777778,0.3628596094626165,3.618317659495354,4.092934876861699,42.985254270282,0.022618490241146077,cutoff,S3_gaming,1
8472.0,2.3533333333333335,0.36270250066783644,3.6182368309902797,4.092934876861699,42.983427539092496,0.02261874279045836,cutoff,S3_gaming,1
8474.0,2.3538888888888887,0.36254538836301503,3.618155987942312,4.092934876861699,42.98160052014966,0.0226190076737082,cutoff,S3_gaming,1
8476.0,2.3544444444444443,0.3623882725473772,3.6180751309623753,4.092934876861699,42.97977322728189,0.02261928429480439,cutoff,S3_gaming,1
8478.0,2.355,0.3622311532201738,3.617994260631777,4.092934876861699,42.97794567364707,0.022619572086546347,cutoff,S3_gaming,1
8480.0,2.3555555555555556,0.3620740303806801,3.6179133775036436,4.092934876861699,42.97611787176513,0.022619870509223896,cutoff,S3_gaming,1
8482.0,2.3561111111111113,0.3619169040281948,3.6178324821042915,4.092934876861699,42.9742898335489,0.02262017904928488,cutoff,S3_gaming,1
8484.0,2.3566666666666665,0.36175977416203886,3.6177515749345157,4.092934876861699,42.972461570333614,0.022620497218067383,cutoff,S3_gaming,1
8486.0,2.357222222222222,0.36160264078155424,3.617670656470839,4.092934876861699,42.970633092904826,0.02262082455059338,cutoff,S3_gaming,1
8488.0,2.3577777777777778,0.36144550388610314,3.6175897271666795,4.092934876861699,42.96880441152525,0.02262116060442085,cutoff,S3_gaming,1
8490.0,2.3583333333333334,0.3612883634750668,3.6175087874534735,4.092934876861699,42.9669755359599,0.022621504958551534,cutoff,S3_gaming,1
8492.0,2.358888888888889,0.3611312195478448,3.617427837741742,4.092934876861699,42.96514647550026,0.022621857212391624,cutoff,S3_gaming,1
8494.0,2.3594444444444442,0.3609740721038539,3.6173468784221012,4.092934876861699,42.96331723898742,0.022622216984762834,cutoff,S3_gaming,1
8496.0,2.36,0.36081692114252745,3.617265909866232,4.092934876861699,42.96148783483368,0.022622583912961403,cutoff,S3_gaming,1
8498.0,2.3605555555555555,0.36065976666331445,3.617184932427792,4.092934876861699,42.95965827104349,0.02262295765186267,cutoff,S3_gaming,1
8500.0,2.361111111111111,0.36050260866567885,3.6171039464432924,4.092934876861699,42.95782855523315,0.022623337873069107,cutoff,S3_gaming,1
8502.0,2.361666666666667,0.3603454471490988,3.61702295223293,4.092934876861699,42.95599869464975,0.022623724264099584,cutoff,S3_gaming,1
8504.0,2.362222222222222,0.3601882821130659,3.6169419501013738,4.092934876861699,42.95416869618885,0.02262411652761798,cutoff,S3_gaming,1
8506.0,2.3627777777777776,0.3600311135570847,3.616860940338524,4.092934876861699,42.95233856641176,0.022624514380699137,cutoff,S3_gaming,1
8508.0,2.3633333333333333,0.359873941480672,3.6167799232202196,4.092934876861699,42.95050831156163,0.022624917554130423,cutoff,S3_gaming,1
8510.0,2.363888888888889,0.35971676588335605,3.6166988990089264,4.092934876861699,42.94867793757882,0.022625325791747128,cutoff,S3_gaming,1
8512.0,2.3644444444444446,0.3595595867646764,3.6166178679543823,4.092934876861699,42.94684745011574,0.022625738849800073,cutoff,S3_gaming,1
8514.0,2.365,0.35940240412418306,3.6165368302942147,4.092934876861699,42.94501685455066,0.022626156496353883,cutoff,S3_gaming,1
8516.0,2.3655555555555554,0.359245217961436,3.616455786254528,4.092934876861699,42.94318615600113,0.022626578510714403,cutoff,S3_gaming,1
8518.0,2.366111111111111,0.3590880282760048,3.616374736050461,4.092934876861699,42.941355359336505,0.02262700468288388,cutoff,S3_gaming,1
8520.0,2.3666666666666667,0.35893083506746803,3.6162936798867187,4.092934876861699,42.93952446919002,0.022627434813042552,cutoff,S3_gaming,1
8522.0,2.3672222222222223,0.3587736383354131,3.6162126179580807,4.092934876861699,42.93769348997029,0.022627868711055342,cutoff,S3_gaming,1
8524.0,2.367777777777778,0.3586164380794354,3.6161315504498748,4.092934876861699,42.93586242587216,0.022628306196002493,cutoff,S3_gaming,1
8526.0,2.368333333333333,0.35845923429913823,3.6160504775384448,4.092934876861699,42.934031280887055,0.022628747095732923,cutoff,S3_gaming,1
8528.0,2.368888888888889,0.3583020269941324,3.6159693993915787,4.092934876861699,42.93220005881284,0.022629191246439244,cutoff,S3_gaming,1
8530.0,2.3694444444444445,0.35814481616403565,3.615888316168925,4.092934876861699,42.93036876326326,0.022629638492253367,cutoff,S3_gaming,1
8532.0,2.37,0.35798760180847256,3.61580722802239,4.092934876861699,42.92853739767683,0.022630088684861726,cutoff,S3_gaming,1
8534.0,2.3705555555555557,0.35783038392707406,3.6157261350965104,4.092934876861699,42.92670596532529,0.022630541683139115,cutoff,S3_gaming,1
8536.0,2.371111111111111,0.35767316251947723,3.61564503752881,4.092934876861699,42.92487446932178,0.022630997352800324,cutoff,S3_gaming,1
8538.0,2.3716666666666666,0.3575159375853249,3.6155639354501425,4.092934876861699,42.923042912628475,0.022631455566068603,cutoff,S3_gaming,1
8540.0,2.3722222222222222,0.3573587091242654,3.6154828289850114,4.092934876861699,42.921211298063874,0.02263191620136024,cutoff,S3_gaming,1
8542.0,2.372777777777778,0.3572014771359523,3.615401718251878,4.092934876861699,42.91937962830989,0.022632379142984393,cutoff,S3_gaming,1
8544.0,2.3733333333333335,0.3570442416200442,3.6153206033634597,4.092934876861699,42.9175479059183,0.022632844280857493,cutoff,S3_gaming,1
8546.0,2.3738888888888887,0.35688700257620454,3.6152394844270006,4.092934876861699,42.91571613331719,0.022633311510231475,cutoff,S3_gaming,1
8548.0,2.3744444444444444,0.35672976000410106,3.6151583615445415,4.092934876861699,42.91388431281688,0.022633780731435193,cutoff,S3_gaming,1
8550.0,2.375,0.3565725139034059,3.6150772348131697,4.092934876861699,42.912052446615704,0.022634251849628355,cutoff,S3_gaming,1
8552.0,2.3755555555555556,0.35641526427379533,3.6149961043252627,4.092934876861699,42.910220536805355,0.02263472477456739,cutoff,S3_gaming,1
8554.0,2.3761111111111113,0.3562580111149495,3.6149149701687118,4.092934876861699,42.9083885853761,0.02263519942038267,cutoff,S3_gaming,1
8556.0,2.3766666666666665,0.35610075442655215,3.614833832427144,4.092934876861699,42.90655659422172,0.02263567570536651,cutoff,S3_gaming,1
8558.0,2.377222222222222,0.35594349420829063,3.6147526911801235,4.092934876861699,42.90472456514413,0.022636153551771454,cutoff,S3_gaming,1
8560.0,2.3777777777777778,0.3557862304598557,3.6146715465033545,4.092934876861699,42.90289249985789,0.022636632885618353,cutoff,S3_gaming,1
8562.0,2.3783333333333334,0.3556289631809411,3.6145903984688625,4.092934876861699,42.901060399994414,0.022637113636513717,cutoff,S3_gaming,1
8564.0,2.378888888888889,0.3554716923712438,3.614509247145179,4.092934876861699,42.89922826710598,0.022637595737475934,cutoff,S3_gaming,1
8566.0,2.3794444444444443,0.3553144180304636,3.614428092597503,4.092934876861699,42.8973961026696,0.022638079124769915,cutoff,S3_gaming,1
8568.0,2.38,0.3551571401583029,3.6143469348878714,4.092934876861699,42.895563908090715,0.022638563737749733,cutoff,S3_gaming,1
8570.0,2.3805555555555555,0.3549998587544669,3.614265774075302,4.092934876861699,42.893731684706495,0.022639049518708924,cutoff,S3_gaming,1
8572.0,2.381111111111111,0.35484257381866313,3.614184610215952,4.092934876861699,42.89189943378938,0.02263953641273801,cutoff,S3_gaming,1
8574.0,2.381666666666667,0.35468528535060156,3.614103443363243,4.092934876861699,42.890067156550046,0.022640024367588933,cutoff,S3_gaming,1
8576.0,2.382222222222222,0.35452799334999435,3.6140222735680063,4.092934876861699,42.888234854140464,0.022640513333546088,cutoff,S3_gaming,1
8578.0,2.3827777777777777,0.35437069781655584,3.6139411008786015,4.092934876861699,42.88640252765672,0.022641003263303566,cutoff,S3_gaming,1
8580.0,2.3833333333333333,0.35421339875000235,3.6138599253410346,4.092934876861699,42.884570178141786,0.022641494111848372,cutoff,S3_gaming,1
8582.0,2.383888888888889,0.3540560961500521,3.613778746999078,4.092934876861699,42.88273780658802,0.022641985836349302,cutoff,S3_gaming,1
8584.0,2.3844444444444446,0.35389879001642527,3.613697565894376,4.092934876861699,42.880905413939686,0.02264247839605119,cutoff,S3_gaming,1
8586.0,2.385,0.3537414803488436,3.613616382066545,4.092934876861699,42.8790730010952,0.022642971752174293,cutoff,S3_gaming,1
8588.0,2.3855555555555554,0.35358416714703067,3.6135351955532777,4.092934876861699,42.877240568909464,0.02264346586781856,cutoff,S3_gaming,1
8590.0,2.386111111111111,0.3534268504107115,3.6134540063904317,4.092934876861699,42.875408118195864,0.022643960707872526,cutoff,S3_gaming,1
8592.0,2.3866666666666667,0.35326953013961265,3.6133728146121187,4.092934876861699,42.87357564972836,0.02264445623892661,cutoff,S3_gaming,1
8594.0,2.3872222222222224,0.35311220633346213,3.6132916202507914,4.092934876861699,42.871743164243405,0.022644952429190665,cutoff,S3_gaming,1
8596.0,2.387777777777778,0.35295487899198924,3.6132104233373243,4.092934876861699,42.869910662441704,0.02264544924841546,cutoff,S3_gaming,1
8598.0,2.388333333333333,0.35279754811492464,3.613129223901086,4.092934876861699,42.868078144989944,0.02264594666781801,cutoff,S3_gaming,1
8600.0,2.388888888888889,0.35264021370200016,3.6130480219700156,4.092934876861699,42.866245612522555,0.022646444660010517,cutoff,S3_gaming,1
8602.0,2.3894444444444445,0.3524828757529488,3.612966817570694,4.092934876861699,42.86441306564311,0.022646943198932745,cutoff,S3_gaming,1
8604.0,2.39,0.3523255342675047,3.6128856107284015,4.092934876861699,42.862580504925965,0.02264744225978768,cutoff,S3_gaming,1
8606.0,2.3905555555555558,0.35216818924540294,3.6128044014671907,4.092934876861699,42.860747930917576,0.022647941818980312,cutoff,S3_gaming,1
8608.0,2.391111111111111,0.3520108406863797,3.6127231898099414,4.092934876861699,42.858915344137955,0.022648441854059363,cutoff,S3_gaming,1
8610.0,2.3916666666666666,0.3518534885901722,3.6126419757784154,4.092934876861699,42.85708274508178,0.02264894234366188,cutoff,S3_gaming,1
8612.0,2.3922222222222222,0.3516961329565183,3.6125607593933147,4.092934876861699,42.855250134219865,0.022649443267460465,cutoff,S3_gaming,1
8614.0,2.392777777777778,0.3515387737851569,3.6124795406743293,4.092934876861699,42.85341751200007,0.0226499446061131,cutoff,S3_gaming,1
8616.0,2.3933333333333335,0.3513814110758277,3.612398319640191,4.092934876861699,42.851584878848584,0.022650446341215384,cutoff,S3_gaming,1
8618.0,2.3938888888888887,0.35122404482827113,3.6123170963087134,4.092934876861699,42.84975223517095,0.022650948455255095,cutoff,S3_gaming,1
8620.0,2.3944444444444444,0.3510666750422283,3.612235870696842,4.092934876861699,42.84791958135298,0.022651450931568947,cutoff,S3_gaming,1
8622.0,2.395,0.35090930171744117,3.6121546428206934,4.092934876861699,42.84608691776175,0.022651953754301443,cutoff,S3_gaming,1
8624.0,2.3955555555555557,0.3507519248536522,3.612073412695596,4.092934876861699,42.844254244746615,0.02265245690836573,cutoff,S3_gaming,1
8626.0,2.3961111111111113,0.35059454445060456,3.6119921803361303,4.092934876861699,42.84242156263989,0.022652960379406346,cutoff,S3_gaming,1
8628.0,2.3966666666666665,0.350437160508042,3.6119109457561613,4.092934876861699,42.84058887175784,0.022653464153763764,cutoff,S3_gaming,1
8630.0,2.397222222222222,0.35027977302570895,3.6118297089688745,4.092934876861699,42.83875617240135,0.022653968218440672,cutoff,S3_gaming,1
8632.0,2.397777777777778,0.3501223820033501,3.6117484699868116,4.092934876861699,42.83692346485665,0.022654472561069883,cutoff,S3_gaming,1
8634.0,2.3983333333333334,0.3499649874407109,3.611667228821898,4.092934876861699,42.835090749396194,0.02265497716988378,cutoff,S3_gaming,1
8636.0,2.398888888888889,0.3498075893375372,3.6115859854854753,4.092934876861699,42.83325802627913,0.02265548203368527,cutoff,S3_gaming,1
8638.0,2.3994444444444443,0.3496501876935753,3.611504739988327,4.092934876861699,42.831425295752055,0.022655987141820134,cutoff,S3_gaming,1
8640.0,2.4,0.34949278250857196,3.6114234923407085,4.092934876861699,42.8295925580496,0.022656492484150702,cutoff,S3_gaming,1
8642.0,2.4005555555555556,0.3493353737822743,3.6113422425523707,4.092934876861699,42.82775981339499,0.022656998051030833,cutoff,S3_gaming,1
8644.0,2.401111111111111,0.34917796151442987,3.611260990632585,4.092934876861699,42.82592706200066,0.022657503833282088,cutoff,S3_gaming,1
8646.0,2.401666666666667,0.3490205457047866,3.611179736590166,4.092934876861699,42.82409430406869,0.02265800982217106,cutoff,S3_gaming,1
8648.0,2.402222222222222,0.3488631263530927,3.6110984804334967,4.092934876861699,42.82226153979134,0.02265851600938781,cutoff,S3_gaming,1
8650.0,2.4027777777777777,0.34870570345909685,3.6110172221705423,4.092934876861699,42.820428769351594,0.02265902238702534,cutoff,S3_gaming,1
8652.0,2.4033333333333333,0.3485482770225479,3.61093596180888,4.092934876861699,42.81859599292352,0.022659528947560063,cutoff,S3_gaming,1
8654.0,2.403888888888889,0.3483908470431951,3.6108546993557096,4.092934876861699,42.816763210672725,0.022660035683833228,cutoff,S3_gaming,1
8656.0,2.4044444444444446,0.34823341352078796,3.610773434817876,4.092934876861699,42.81493042275676,0.022660542589033227,cutoff,S3_gaming,1
8658.0,2.405,0.3480759764550762,3.610692168201885,4.092934876861699,42.81309762932558,0.02266104965667878,cutoff,S3_gaming,1
8660.0,2.4055555555555554,0.3479185358458099,3.6106108995139214,4.092934876861699,42.81126483052183,0.022661556880602923,cutoff,S3_gaming,1
8662.0,2.406111111111111,0.3477610916927393,3.610529628759862,4.092934876861699,42.80943202648119,0.02266206425493777,cutoff,S3_gaming,1
8664.0,2.4066666666666667,0.34760364399561483,3.6104483559452927,4.092934876861699,42.807599217332836,0.022662571774100027,cutoff,S3_gaming,1
8666.0,2.4072222222222224,0.34744619275418726,3.610367081075521,4.092934876861699,42.80576640319957,0.022663079432777188,cutoff,S3_gaming,1
8668.0,2.4077777777777776,0.3472887379682075,3.6102858041555907,4.092934876861699,42.80393358419832,0.022663587225914425,cutoff,S3_gaming,1
8670.0,2.408333333333333,0.34713127963742657,3.6102045251902948,4.092934876861699,42.80210076044023,0.02266409514870208,cutoff,S3_gaming,1
8672.0,2.408888888888889,0.3469738177615958,3.610123244184187,4.092934876861699,42.80026793203117,0.02266460319656381,cutoff,S3_gaming,1
8674.0,2.4094444444444445,0.34681635234046665,3.6100419611415897,4.092934876861699,42.79843509907176,0.022665111365145246,cutoff,S3_gaming,1
8676.0,2.41,0.3466588833737907,3.609960676066615,4.092934876861699,42.796602261657746,0.022665619650303268,cutoff,S3_gaming,1
8678.0,2.4105555555555553,0.34650141086131975,3.6098793889631664,4.092934876861699,42.79476941988028,0.022666128048095743,cutoff,S3_gaming,1
8680.0,2.411111111111111,0.3463439348028056,3.609798099834948,4.092934876861699,42.792936573826054,0.0226666365547718,cutoff,S3_gaming,1
8682.0,2.4116666666666666,0.34618645519800045,3.6097168086854823,4.092934876861699,42.79110372357749,0.022667145166762537,cutoff,S3_gaming,1
8684.0,2.4122222222222223,0.34602897204665634,3.6096355155181103,4.092934876861699,42.7892708692131,0.022667653880672243,cutoff,S3_gaming,1
8686.0,2.412777777777778,0.3458714853485256,3.6095542203360056,4.092934876861699,42.78743801080748,0.022668162693269957,cutoff,S3_gaming,1
8688.0,2.4133333333333336,0.3457139951033606,3.6094729231421843,4.092934876861699,42.78560514843168,0.022668671601481515,cutoff,S3_gaming,1
8690.0,2.4138888888888888,0.34555650131091387,3.6093916239395027,4.092934876861699,42.78377228215322,0.02266918060238194,cutoff,S3_gaming,1
8692.0,2.4144444444444444,0.345399003970938,3.609310322730678,4.092934876861699,42.781939412036394,0.022669689693188215,cutoff,S3_gaming,1
8694.0,2.415,0.34524150308318563,3.609229019518284,4.092934876861699,42.780106538142356,0.0226701988712524,cutoff,S3_gaming,1
8696.0,2.4155555555555557,0.34508399864740963,3.6091477143047648,4.092934876861699,42.77827366052927,0.022670708134055084,cutoff,S3_gaming,1
8698.0,2.4161111111111113,0.3449264906633628,3.6090664070924423,4.092934876861699,42.77644077925245,0.022671217479199163,cutoff,S3_gaming,1
8700.0,2.4166666666666665,0.34476897913079807,3.608985097883514,4.092934876861699,42.77460789436454,0.022671726904403906,cutoff,S3_gaming,1
8702.0,2.417222222222222,0.3446114640494685,3.6089037866800635,4.092934876861699,42.77277500591563,0.022672236407499314,cutoff,S3_gaming,1
8704.0,2.417777777777778,0.34445394541912716,3.6088224734840724,4.092934876861699,42.77094211395335,0.022672745986420755,cutoff,S3_gaming,1
8706.0,2.4183333333333334,0.3442964232395272,3.6087411582974145,4.092934876861699,42.76910921852302,0.022673255639203863,cutoff,S3_gaming,1
8708.0,2.418888888888889,0.34413889751042176,3.6086598411218658,4.092934876861699,42.76727631966774,0.022673765363979675,cutoff,S3_gaming,1
8710.0,2.4194444444444443,0.3439813682315641,3.608578521959112,4.092934876861699,42.7654434174285,0.02267427515897,cutoff,S3_gaming,1
8712.0,2.42,0.34382383540270756,3.6084972008107483,4.092934876861699,42.76361051184436,0.022674785022483036,cutoff,S3_gaming,1
8714.0,2.4205555555555556,0.3436662990236054,3.608415877678285,4.092934876861699,42.76177760295237,0.022675294952909163,cutoff,S3_gaming,1
8716.0,2.421111111111111,0.3435087590940111,3.608334552563154,4.092934876861699,42.75994469078783,0.022675804948716977,cutoff,S3_gaming,1
8718.0,2.421666666666667,0.343351215613678,3.60825322546671,4.092934876861699,42.75811177538432,0.02267631500844949,cutoff,S3_gaming,1
8720.0,2.422222222222222,0.3431936685823596,3.6081718963902363,4.092934876861699,42.7562788567738,0.022676825130720526,cutoff,S3_gaming,1
8722.0,2.4227777777777777,0.3430361179998094,3.608090565334943,4.092934876861699,42.75444593498656,0.022677335314211292,cutoff,S3_gaming,1
8724.0,2.4233333333333333,0.34287856386578086,3.6080092323019812,4.092934876861699,42.752613010051576,0.022677845557667105,cutoff,S3_gaming,1
8726.0,2.423888888888889,0.34272100618002754,3.6079278972924325,4.092934876861699,42.75078008199627,0.022678355859894295,cutoff,S3_gaming,1
8728.0,2.4244444444444446,0.34256344494230306,3.607846560307324,4.092934876861699,42.74894715084679,0.02267886621975724,cutoff,S3_gaming,1
8730.0,2.425,0.34240588015236095,3.607765221347623,4.092934876861699,42.74711421662797,0.022679376636175554,cutoff,S3_gaming,1
8732.0,2.4255555555555555,0.34224831180995485,3.6076838804142457,4.092934876861699,42.745281279363475,0.022679887108121417,cutoff,S3_gaming,1
8734.0,2.426111111111111,0.34209073991483835,3.607602537508054,4.092934876861699,42.74344833907575,0.022680397634617013,cutoff,S3_gaming,1
8736.0,2.4266666666666667,0.34193316446676514,3.6075211926298634,4.092934876861699,42.7416153957862,0.02268090821473212,cutoff,S3_gaming,1
8738.0,2.4272222222222224,0.3417755854654888,3.6074398457804415,4.092934876861699,42.73978244951513,0.0226814188475818,cutoff,S3_gaming,1
8740.0,2.4277777777777776,0.34161800291076305,3.607358496960512,4.092934876861699,42.73794950028189,0.02268192953232421,cutoff,S3_gaming,1
8742.0,2.4283333333333332,0.3414604168023415,3.6072771461707576,4.092934876861699,42.73611654810485,0.022682440268158483,cutoff,S3_gaming,1
8744.0,2.428888888888889,0.3413028271399779,3.6071957934118197,4.092934876861699,42.7342835930015,0.022682951054322793,cutoff,S3_gaming,1
8746.0,2.4294444444444445,0.34114523392342583,3.607114438684301,4.092934876861699,42.732450634988446,0.022683461890092422,cutoff,S3_gaming,1
8748.0,2.43,0.34098763715243907,3.607033081988772,4.092934876861699,42.73061767408151,0.022683972774777975,cutoff,S3_gaming,1
8750.0,2.4305555555555554,0.3408300368267712,3.6069517233257624,4.092934876861699,42.728784710295685,0.02268448370772367,cutoff,S3_gaming,1
8752.0,2.431111111111111,0.340672432946176,3.6068703626957754,4.092934876861699,42.72695174364529,0.022684994688305708,cutoff,S3_gaming,1
8754.0,2.4316666666666666,0.34051482551040707,3.606789000099278,4.092934876861699,42.725118774143894,0.022685505715930723,cutoff,S3_gaming,1
8756.0,2.4322222222222223,0.3403572145192182,3.60670763553671,4.092934876861699,42.72328580180438,0.0226860167900343,cutoff,S3_gaming,1
8758.0,2.432777777777778,0.34019959997236293,3.6066262690084834,4.092934876861699,42.72145282663909,0.022686527910079593,cutoff,S3_gaming,1
8760.0,2.433333333333333,0.340041981869595,3.6065449005149817,4.092934876861699,42.719619848659626,0.02268703907555596,cutoff,S3_gaming,1
8762.0,2.4338888888888888,0.3398843602106681,3.6064635300565633,4.092934876861699,42.7177868678771,0.02268755028597771,cutoff,S3_gaming,1
8764.0,2.4344444444444444,0.33972673499533584,3.606382157633562,4.092934876861699,42.71595388430202,0.022688061540882896,cutoff,S3_gaming,1
8766.0,2.435,0.3395691062233519,3.60630078324629,4.092934876861699,42.71412089794446,0.02268857283983216,cutoff,S3_gaming,1
8768.0,2.4355555555555557,0.3394114738944699,3.6062194068950357,4.092934876861699,42.712287908813906,0.02268908418240763,cutoff,S3_gaming,1
8770.0,2.436111111111111,0.33925383800844344,3.6061380285800673,4.092934876861699,42.71045491691941,0.02268959556821189,cutoff,S3_gaming,1
8772.0,2.4366666666666665,0.3390961985650262,3.6060566483016334,4.092934876861699,42.70862192226956,0.022690106996866986,cutoff,S3_gaming,1
8774.0,2.437222222222222,0.33893855556397173,3.6059752660599615,4.092934876861699,42.706788924872534,0.022690618468013485,cutoff,S3_gaming,1
8776.0,2.437777777777778,0.33878090900503366,3.6058938818552635,4.092934876861699,42.7049559247361,0.02269112998130957,cutoff,S3_gaming,1
8778.0,2.4383333333333335,0.3386232588879655,3.6058124956877333,4.092934876861699,42.70312292186761,0.022691641536430187,cutoff,S3_gaming,1
8780.0,2.438888888888889,0.33846560521252095,3.6057311075575487,4.092934876861699,42.70128991627407,0.02269215313306624,cutoff,S3_gaming,1
8782.0,2.4394444444444443,0.3383079479784534,3.6056497174648707,4.092934876861699,42.699456907962166,0.022692664770923823,cutoff,S3_gaming,1
8784.0,2.44,0.33815028718551654,3.605568325409846,4.092934876861699,42.697623896938154,0.022693176449723455,cutoff,S3_gaming,1
8786.0,2.4405555555555556,0.33799262283346376,3.605486931392609,4.092934876861699,42.6957908832081,0.02269368816919942,cutoff,S3_gaming,1
8788.0,2.4411111111111112,0.3378349549220486,3.605405535413277,4.092934876861699,42.693957866777644,0.022694199929099063,cutoff,S3_gaming,1
8790.0,2.441666666666667,0.33767728345102455,3.6053241374719582,4.092934876861699,42.69212484765224,0.02269471172918219,cutoff,S3_gaming,1
8792.0,2.442222222222222,0.33751960842014506,3.6052427375687466,4.092934876861699,42.690291825837,0.02269522356922044,cutoff,S3_gaming,1
8794.0,2.4427777777777777,0.3373619298291636,3.605161335703725,4.092934876861699,42.6884588013368,0.02269573544899672,cutoff,S3_gaming,1
8796.0,2.4433333333333334,0.3372042476778336,3.6050799318769657,4.092934876861699,42.686625774156255,0.02269624736830466,cutoff,S3_gaming,1
8798.0,2.443888888888889,0.33704656196590843,3.60499852608853,4.092934876861699,42.68479274429979,0.022696759326948097,cutoff,S3_gaming,1
8800.0,2.4444444444444446,0.3368888726931415,3.604917118338469,4.092934876861699,42.68295971177155,0.022697271324740573,cutoff,S3_gaming,1
8802.0,2.445,0.3367311798592862,3.6048357086268257,4.092934876861699,42.68112667657548,0.022697783361504863,cutoff,S3_gaming,1
8804.0,2.4455555555555555,0.3365734834640958,3.604754296953632,4.092934876861699,42.679293638715336,0.022698295437072538,cutoff,S3_gaming,1
8806.0,2.446111111111111,0.3364157835073237,3.604672883318912,4.092934876861699,42.677460598194685,0.02269880755128353,cutoff,S3_gaming,1
8808.0,2.4466666666666668,0.3362580799887232,3.604591467722684,4.092934876861699,42.675627555016895,0.022699319703985733,cutoff,S3_gaming,1
8810.0,2.4472222222222224,0.3361003729080475,3.6045100501649543,4.092934876861699,42.67379450918515,0.02269983189503461,cutoff,S3_gaming,1
8812.0,2.4477777777777776,0.33594266226504993,3.604428630645724,4.092934876861699,42.67196146070247,0.022700344124292827,cutoff,S3_gaming,1
8814.0,2.4483333333333333,0.3357849480594837,3.6043472091649886,4.092934876861699,42.67012840957178,0.022700856391629914,cutoff,S3_gaming,1
8816.0,2.448888888888889,0.3356272302911021,3.6042657857227334,4.092934876861699,42.668295355795735,0.022701368696921922,cutoff,S3_gaming,1
8818.0,2.4494444444444445,0.3354695089596582,3.6041843603189414,4.092934876861699,42.66646229937695,0.02270188104005111,cutoff,S3_gaming,1
8820.0,2.45,0.33531178406490525,3.604102932953585,4.092934876861699,42.66462924031785,0.022702393420905645,cutoff,S3_gaming,1
8822.0,2.4505555555555554,0.33515405560659633,3.604021503626635,4.092934876861699,42.66279617862075,0.022702905839379315,cutoff,S3_gaming,1
8824.0,2.451111111111111,0.3349963235844846,3.6039400723380544,4.092934876861699,42.66096311428783,0.022703418295371258,cutoff,S3_gaming,1
8826.0,2.4516666666666667,0.33483858799832317,3.603858639087801,4.092934876861699,42.659130047321185,0.0227039307887857,cutoff,S3_gaming,1
8828.0,2.4522222222222223,0.33468084884786503,3.6037772038758296,4.092934876861699,42.657296977722744,0.02270444331953171,cutoff,S3_gaming,1
8830.0,2.452777777777778,0.3345231061328633,3.6036957667020877,4.092934876861699,42.65546390549437,0.022704955887522967,cutoff,S3_gaming,1
8832.0,2.453333333333333,0.334365359853071,3.6036143275665173,4.092934876861699,42.6536308306378,0.02270546849267753,cutoff,S3_gaming,1
8834.0,2.453888888888889,0.334207610008241,3.603532886469062,4.092934876861699,42.65179775315468,0.022705981134917636,cutoff,S3_gaming,1
8836.0,2.4544444444444444,0.3340498565981264,3.603451443409654,4.092934876861699,42.64996467304661,0.022706493814169493,cutoff,S3_gaming,1
8838.0,2.455,0.3338920996224802,3.603369998388228,4.092934876861699,42.648131590315025,0.02270700653036308,cutoff,S3_gaming,1
8840.0,2.4555555555555557,0.33373433908105515,3.60328855140471,4.092934876861699,42.646298504961344,0.02270751928343198,cutoff,S3_gaming,1
8842.0,2.456111111111111,0.33357657497360427,3.6032071024590264,4.092934876861699,42.64446541698684,0.022708032073313192,cutoff,S3_gaming,1
8844.0,2.4566666666666666,0.3334188072998803,3.6031256515510957,4.092934876861699,42.642632326392786,0.022708544899946965,cutoff,S3_gaming,1
8846.0,2.457222222222222,0.33326103605963625,3.6030441986808386,4.092934876861699,42.6407992331803,0.022709057763276655,cutoff,S3_gaming,1
8848.0,2.457777777777778,0.3331032612526248,3.6029627438481686,4.092934876861699,42.638966137350536,0.022709570663248555,cutoff,S3_gaming,1
8850.0,2.4583333333333335,0.33294548287859876,3.6028812870529974,4.092934876861699,42.63713303890448,0.022710083599811772,cutoff,S3_gaming,1
8852.0,2.4588888888888887,0.3327877009373109,3.6027998282952356,4.092934876861699,42.63529993784313,0.022710596572918077,cutoff,S3_gaming,1
8854.0,2.4594444444444443,0.332629915428514,3.602718367574789,4.092934876861699,42.63346683416738,0.022711109582521778,cutoff,S3_gaming,1
8856.0,2.46,0.3324721263519607,3.602636904891562,4.092934876861699,42.63163372787809,0.022711622628579602,cutoff,S3_gaming,1
8858.0,2.4605555555555556,0.33231433370740376,3.6025554402454567,4.092934876861699,42.62980061897605,0.022712135711050574,cutoff,S3_gaming,1
8860.0,2.4611111111111112,0.3321565374945958,3.6024739736363722,4.092934876861699,42.627967507462046,0.02271264882989591,cutoff,S3_gaming,1
8862.0,2.4616666666666664,0.3319987377132894,3.602392505064206,4.092934876861699,42.62613439333674,0.022713161985078903,cutoff,S3_gaming,1
8864.0,2.462222222222222,0.33184093436323725,3.6023110345288534,4.092934876861699,42.62430127660082,0.022713675176564828,cutoff,S3_gaming,1
8866.0,2.4627777777777777,0.3316831274441918,3.6022295620302085,4.092934876861699,42.62246815725487,0.022714188404320844,cutoff,S3_gaming,1
8868.0,2.4633333333333334,0.3315253169559057,3.6021480875681617,4.092934876861699,42.62063503529948,0.022714701668315906,cutoff,S3_gaming,1
8870.0,2.463888888888889,0.33136750289813144,3.602066611142604,4.092934876861699,42.61880191073519,0.02271521496852068,cutoff,S3_gaming,1
8872.0,2.4644444444444447,0.3312096852706215,3.6019851327534225,4.092934876861699,42.61696878356248,0.022715728304907444,cutoff,S3_gaming,1
8874.0,2.465,0.3310518640731283,3.601903652400504,4.092934876861699,42.61513565378179,0.02271624167745003,cutoff,S3_gaming,1
8876.0,2.4655555555555555,0.33089403930540434,3.6018221700837336,4.092934876861699,42.6133025213936,0.022716755086123745,cutoff,S3_gaming,1
8878.0,2.466111111111111,0.330736210967202,3.601740685802995,4.092934876861699,42.61146938639827,0.02271726853090528,cutoff,S3_gaming,1
8880.0,2.466666666666667,0.3305783790582737,3.6016591995581706,4.092934876861699,42.60963624879615,0.02271778201177267,cutoff,S3_gaming,1
8882.0,2.4672222222222224,0.3304205435783717,3.6015777113491394,4.092934876861699,42.60780310858759,0.02271829552870521,cutoff,S3_gaming,1
8884.0,2.4677777777777776,0.3302627045272484,3.601496221175783,4.092934876861699,42.60596996577291,0.022718809081683413,cutoff,S3_gaming,1
8886.0,2.4683333333333333,0.33010486190465604,3.601414729037979,4.092934876861699,42.60413682035235,0.02271932267068892,cutoff,S3_gaming,1
8888.0,2.468888888888889,0.32994701571034696,3.6013332349356046,4.092934876861699,42.60230367232619,0.022719836295704482,cutoff,S3_gaming,1
8890.0,2.4694444444444446,0.32978916594407337,3.601251738868536,4.092934876861699,42.60047052169465,0.022720349956713872,cutoff,S3_gaming,1
8892.0,2.47,0.3296313126055875,3.6011702408366495,4.092934876861699,42.598637368457936,0.022720863653701868,cutoff,S3_gaming,1
8894.0,2.4705555555555554,0.3294734556946415,3.6010887408398164,4.092934876861699,42.59680421261626,0.022721377386654175,cutoff,S3_gaming,1
8896.0,2.471111111111111,0.32931559521098747,3.6010072388779126,4.092934876861699,42.59497105416974,0.0227218911555574,cutoff,S3_gaming,1
8898.0,2.4716666666666667,0.32915773115437763,3.6009257349508097,4.092934876861699,42.59313789311854,0.022722404960399,cutoff,S3_gaming,1
8900.0,2.4722222222222223,0.32899986352456406,3.6008442290583775,4.092934876861699,42.5913047294628,0.022722918801167245,cutoff,S3_gaming,1
8902.0,2.472777777777778,0.32884199232129885,3.60076272120049,4.092934876861699,42.58947156320259,0.022723432677851173,cutoff,S3_gaming,1
8904.0,2.473333333333333,0.32868411754433396,3.6006812113770144,4.092934876861699,42.587638394338036,0.022723946590440556,cutoff,S3_gaming,1
8906.0,2.473888888888889,0.3285262391934215,3.600599699587821,4.092934876861699,42.58580522286922,0.022724460538925864,cutoff,S3_gaming,1
8908.0,2.4744444444444444,0.32836835726831337,3.6005181858327777,4.092934876861699,42.58397204879616,0.022724974523298233,cutoff,S3_gaming,1
8910.0,2.475,0.32821047176876156,3.6004366701117525,4.092934876861699,42.58213887211894,0.022725488543549433,cutoff,S3_gaming,1
8912.0,2.4755555555555557,0.32805258269451804,3.6003551524246125,4.092934876861699,42.58030569283757,0.022726002599671835,cutoff,S3_gaming,1
8914.0,2.476111111111111,0.32789469004533467,3.600273632771224,4.092934876861699,42.57847251095206,0.022726516691658375,cutoff,S3_gaming,1
8916.0,2.4766666666666666,0.3277367938209633,3.6001921111514537,4.092934876861699,42.57663932646244,0.022727030819502544,cutoff,S3_gaming,1
8918.0,2.477222222222222,0.3275788940211558,3.6001105875651667,4.092934876861699,42.57480613936868,0.02272754498319835,cutoff,S3_gaming,1
8920.0,2.477777777777778,0.327420990645664,3.600029062012228,4.092934876861699,42.572972949670756,0.02272805918274029,cutoff,S3_gaming,1
8922.0,2.4783333333333335,0.3272630836942396,3.599947534492501,4.092934876861699,42.57113975736869,0.022728573418123333,cutoff,S3_gaming,1
8924.0,2.4788888888888887,0.3271051731666345,3.5998660050058517,4.092934876861699,42.569306562462366,0.022729087689342894,cutoff,S3_gaming,1
8926.0,2.4794444444444443,0.32694725906260036,3.599784473552141,4.092934876861699,42.567473364951795,0.022729601996394816,cutoff,S3_gaming,1
8928.0,2.48,0.3267893413818888,3.599702940131235,4.092934876861699,42.56564016483689,0.02273011633927534,cutoff,S3_gaming,1
8930.0,2.4805555555555556,0.3266314201242516,3.599621404742993,4.092934876861699,42.56380696211759,0.022730630717981096,cutoff,S3_gaming,1
8932.0,2.4811111111111113,0.32647349528944036,3.5995398673872803,4.092934876861699,42.5619737567938,0.022731145132509088,cutoff,S3_gaming,1
8934.0,2.4816666666666665,0.3263155668772067,3.5994583280639563,4.092934876861699,42.560140548865476,0.022731659582856657,cutoff,S3_gaming,1
8936.0,2.482222222222222,0.3261576348873022,3.5993767867728836,4.092934876861699,42.5583073383325,0.022732174069021477,cutoff,S3_gaming,1
8938.0,2.4827777777777778,0.3259996993194784,3.5992952435139247,4.092934876861699,42.55647412519475,0.022732688591001547,cutoff,S3_gaming,1
8940.0,2.4833333333333334,0.32584176017348687,3.5992136982869374,4.092934876861699,42.554640909452154,0.022733203148795157,cutoff,S3_gaming,1
8942.0,2.483888888888889,0.32568381744907904,3.599132151091784,4.092934876861699,42.55280769110462,0.022733717742400888,cutoff,S3_gaming,1
8944.0,2.4844444444444442,0.3255258711460064,3.5990506019283255,4.092934876861699,42.55097447015195,0.02273423237181759,cutoff,S3_gaming,1
8946.0,2.485,0.3253679212640204,3.598969050796421,4.092934876861699,42.54914124659408,0.022734747037044378,cutoff,S3_gaming,1
8948.0,2.4855555555555555,0.3251860699291995,3.58493965209908,4.69404159768895,42.543162020094435,0.022903095900583738,cutoff,S3_gaming,1
8950.0,2.486111111111111,0.3250170740683814,3.5921918136523003,4.370968125196539,42.539602636054845,0.022972950603623334,cutoff,S3_gaming,1
8952.0,2.486666666666667,0.32484841544436877,3.5922377409435797,4.362297799468604,42.53618045883552,0.023037030042486598,cutoff,S3_gaming,1
8954.0,2.487222222222222,0.324680006242125,3.592238073769813,4.355843897622352,42.53287374470036,0.023096232603300283,cutoff,S3_gaming,1
8956.0,2.4877777777777776,0.32451178112952056,3.592205036362705,4.351039827931306,42.52966566386686,0.02315125496042528,cutoff,S3_gaming,1
8958.0,2.4883333333333333,0.3243436915047366,3.5921476984117566,4.3474638383754955,42.526543074730135,0.023202642314415163,cutoff,S3_gaming,1
8960.0,2.488888888888889,0.32417570121617745,3.592072783881508,4.344801990790916,42.523495610348164,0.023250825838437742,cutoff,S3_gaming,1
8962.0,2.4894444444444446,0.3240077833775845,3.5919852724980004,4.342820600058937,42.520514997243424,0.023296150606843095,cutoff,S3_gaming,1
8964.0,2.49,0.3238399179978988,3.5918888471398924,4.341345718756374,42.51759454709668,0.023338896439670777,cutoff,S3_gaming,1
8966.0,2.4905555555555554,0.32367209021733684,3.591786226655742,4.340247866211925,42.514728777142835,0.02337929347314079,cutoff,S3_gaming,1
8968.0,2.491111111111111,0.32350428899457145,3.5916794134681167,4.339430661324142,42.51191312639958,0.023417533802661424,cutoff,S3_gaming,1
8970.0,2.4916666666666667,0.323336506129626,3.5915698777878724,4.33882236120953,42.50914374327286,0.023453780200292262,cutoff,S3_gaming,1
8972.0,2.4922222222222223,0.32316873553662373,3.591458694665782,4.338369562853856,42.506417326340674,0.023488172652325792,cutoff,S3_gaming,1
8974.0,2.492777777777778,0.32300097270250044,3.5913466459509626,4.338032514831052,42.50373100477019,0.023520833272011217,cutoff,S3_gaming,1
8976.0,2.493333333333333,0.3228332142841314,3.5912342961349677,4.337781627502835,42.50108224828589,0.02355187000060132,cutoff,S3_gaming,1
8978.0,2.493888888888889,0.3226654578084838,3.5911220487623225,4.337594875327475,42.49846879918205,0.02358137940435184,cutoff,S3_gaming,1
8980.0,2.4944444444444445,0.32250739020181124,3.596664846106796,4.093339659752194,42.49756854674197,0.023541404946285982,cutoff,S3_gaming,1
8982.0,2.495,0.3223493248896573,3.5966251507747327,4.093236183770605,42.49662376786072,0.023503363953675027,cutoff,S3_gaming,1
8984.0,2.4955555555555557,0.32219126073888193,3.596582957326936,4.093159159694513,42.49563644086338,0.023467170088187665,cutoff,S3_gaming,1
8986.0,2.496111111111111,0.32203319688803655,3.5965385058345936,4.0931018255363165,42.4946084941089,0.02343273931418769,cutoff,S3_gaming,1
8988.0,2.4966666666666666,0.32187513267877854,3.5964919942880083,4.093059147897546,42.49354179668035,0.02339999026810146,cutoff,S3_gaming,1
8990.0,2.4972222222222222,0.32171706760477714,3.596443588419131,4.093027380083937,42.49243815252431,0.02336884448693445,cutoff,S3_gaming,1
8992.0,2.497777777777778,0.32155900127364023,3.5963934290583657,4.0930037331810025,42.491299297106394,0.023339226534193992,cutoff,S3_gaming,1
8994.0,2.4983333333333335,0.321400933378536,3.596341637653803,4.092986131213637,42.490126895889645,0.02331106405158585,cutoff,S3_gaming,1
8996.0,2.4988888888888887,0.3212428636770325,3.5962883204205753,4.092973028895081,42.48892254412365,0.02328428775749663,cutoff,S3_gaming,1
8998.0,2.4994444444444444,0.3210847919753123,3.596233571468514,4.092963275965309,42.487687767564694,0.023258831407803743,cutoff,S3_gaming,1
9000.0,2.5,0.3209267181163893,3.5961774751674294,4.092956016209051,42.486424023845935,0.02323463173048769,cutoff,S3_gaming,1
9002.0,2.5005555555555556,0.32076864197130617,3.5961201079430856,4.0929506122881625,42.48513270429178,0.02321162834249868,cutoff,S3_gaming,1
9004.0,2.5011111111111113,0.32061056343255295,3.5960615396477045,4.092946589789343,42.483815136023914,0.023189763655083958,cutoff,S3_gaming,1
9006.0,2.5016666666666665,0.32045248240913915,3.5960018346121148,4.092943595575127,42.48247258424828,0.023168982772114703,cutoff,S3_gaming,1
9008.0,2.502222222222222,0.32029439882289895,3.5959410524594015,4.092941366781738,42.48110625464151,0.023149233384714075,cutoff,S3_gaming,1
9010.0,2.5027777777777778,0.3201363126057152,3.595879248739525,4.092939707742134,42.4797172957787,0.023130465664570766,cutoff,S3_gaming,1
9012.0,2.5033333333333334,0.3199782236974287,3.595816475429286,4.09293847280828,42.47830680156009,0.023112632157643143,cutoff,S3_gaming,1
9014.0,2.503888888888889,0.3198201320442589,3.59575278133071,4.092937553564629,42.47687581360708,0.02309568767945685,cutoff,S3_gaming,1
9016.0,2.5044444444444443,0.31966203759760614,3.5956882123925635,4.092936869310256,42.47542532360698,0.02307958921282815,cutoff,S3_gaming,1
9018.0,2.505,0.31950394031313895,3.59562281197342,4.092936359974078,42.47395627559201,0.023064295808572423,cutoff,S3_gaming,1
9020.0,2.5055555555555555,0.3193458401500951,3.5955566210600867,4.092935980841182,42.47246956814416,0.02304976848955712,cutoff,S3_gaming,1
9022.0,2.506111111111111,0.31918773707074194,3.5954896784516936,4.092935698627277,42.47096605651962,0.023035970158312154,cutoff,S3_gaming,1
9024.0,2.506666666666667,0.31902963103995685,3.5954220209171868,4.092935488556639,42.46944655469023,0.023022865508304652,cutoff,S3_gaming,1
9026.0,2.507222222222222,0.3188715220248977,3.5953536833320325,4.09293533218705,42.46791183730101,0.023010420938908226,cutoff,S3_gaming,1
9028.0,2.5077777777777777,0.3187134099947411,3.595284698798501,4.092935215790733,42.46636264154363,0.02299860447404252,cutoff,S3_gaming,1
9030.0,2.5083333333333333,0.3185552949204722,3.5952150987528313,4.092935129149189,42.46479966894755,0.0229873856844203,cutoff,S3_gaming,1
9032.0,2.508888888888889,0.318397176774713,3.5951449130617745,4.092935064656109,42.46322358709032,0.022976735613313,cutoff,S3_gaming,1
9034.0,2.5094444444444446,0.3182390555315812,3.595074170110416,4.092935016649606,42.46163503122973,0.022966626705727997,cutoff,S3_gaming,1
9036.0,2.51,0.3180809311665708,3.5950028968827437,4.092934980915164,42.46003460586017,0.022957032740879825,cutoff,S3_gaming,1
9038.0,2.5105555555555554,0.31792280365645126,3.5949311190360618,4.092934954315634,42.458422886196104,0.022947928767831024,cutoff,S3_gaming,1
9040.0,2.511111111111111,0.3177646729791797,3.5948588609701386,4.09293493451583,42.456800419585676,0.02293929104417533,cutoff,S3_gaming,1
9042.0,2.5116666666666667,0.31760653911382447,3.5947861458917627,4.092934919777515,42.45516772685712,0.02293109697763541,cutoff,S3_gaming,1
9044.0,2.5122222222222224,0.3174484020404969,3.594712995875245,4.092934908806804,42.45352530360098,0.022923325070448412,cutoff,S3_gaming,1
9046.0,2.512777777777778,0.3172902617402903,3.5946394319193016,4.0929349006405715,42.451873621391044,0.022915954866415126,cutoff,S3_gaming,1
9048.0,2.513333333333333,0.31713211819522436,3.5945654740006714,4.0929348945619,42.450213128946665,0.022908966900491767,cutoff,S3_gaming,1
9050.0,2.513888888888889,0.3169739713881945,3.594491141124753,4.09293489003714,42.44854425323917,0.022902342650807123,cutoff,S3_gaming,1
9052.0,2.5144444444444445,0.31681582130292507,3.5944164513734993,4.092934886669058,42.44686740054504,0.02289606449299204,cutoff,S3_gaming,1
9054.0,2.515,0.3166576679239259,3.5943414219507894,4.092934884161971,42.44518295744826,0.022890115656712524,cutoff,S3_gaming,1
9056.0,2.5155555555555558,0.31649951123645187,3.5942660692254336,4.092934882295778,42.44349129179426,0.022884480184302114,cutoff,S3_gaming,1
9058.0,2.516111111111111,0.316341351226465,3.59419040877199,4.092934880906647,42.441792753597746,0.022879142891393683,cutoff,S3_gaming,1
9060.0,2.5166666666666666,0.3161831878805988,3.5941144554095,4.092934879872623,42.44008767590682,0.022874089329455095,cutoff,S3_gaming,1
9062.0,2.5172222222222222,0.31602502118612485,3.5940382232383015,4.0929348791029305,42.438376375624955,0.022869305750137518,cutoff,S3_gaming,1
9064.0,2.517777777777778,0.3158668511309211,3.593961725674989,4.092934878529998,42.43665915429357,0.02286477907134928,cutoff,S3_gaming,1
9066.0,2.5183333333333335,0.315708677703442,3.5938849754856625,4.092934878103525,42.43493629883643,0.02286049684497223,cutoff,S3_gaming,1
9068.0,2.5188888888888887,0.31555050089269004,3.593807984817522,4.092934877786073,42.43320808226819,0.022856447226141413,cutoff,S3_gaming,1
9070.0,2.5194444444444444,0.31539232068818907,3.5937307652289228,4.092934877549772,42.43147476436843,0.02285261894401262,cutoff,S3_gaming,1
9072.0,2.52,0.3152341370799586,3.5936533277179534,4.092934877373878,42.42973659232331,0.022849001273945933,cutoff,S3_gaming,1
9074.0,2.5205555555555557,0.31507595005849,3.5935756827496226,4.092934877242948,42.42799380133588,0.022845584011036823,cutoff,S3_gaming,1
9076.0,2.5211111111111113,0.31491775961472296,3.5934978402817106,4.092934877145487,42.42624661520695,0.022842357444929615,cutoff,S3_gaming,1
9078.0,2.5216666666666665,0.3147595657400242,3.5934198097893755,4.092934877072942,42.424495246887815,0.022839312335851295,cutoff,S3_gaming,1
9080.0,2.522222222222222,0.3146013684261666,3.5933416002885474,4.0929348770189415,42.422739899006125,0.022836439891806552,cutoff,S3_gaming,1
9082.0,2.522777777777778,0.31444316766530916,3.5932632203582022,4.092934876978745,42.42098076436639,0.02283373174687785,cutoff,S3_gaming,1
9084.0,2.5233333333333334,0.3142849634499787,3.593184678161537,4.092934876948824,42.419218026426094,0.022831179940577036,cutoff,S3_gaming,1
9086.0,2.523888888888889,0.31412675577305177,3.5931059814661284,4.092934876926552,42.417451859748844,0.022828776898197522,cutoff,S3_gaming,1
9088.0,2.5244444444444443,0.31396854462773766,3.5930271376631087,4.092934876909974,42.41568243043544,0.022826515412118584,cutoff,S3_gaming,1
9090.0,2.525,0.3138103300075625,3.5929481537854095,4.092934876897633,42.41390989653417,0.022824388624015673,cutoff,S3_gaming,1
9092.0,2.5255555555555556,0.31365211190635356,3.5928690365251277,4.092934876888447,42.41213440843124,0.0228223900079328,cutoff,S3_gaming,1
9094.0,2.526111111111111,0.313493890318225,3.5927897922500382,4.09293487688161,42.41035610922205,0.02282051335417527,cutoff,S3_gaming,1
9096.0,2.526666666666667,0.31333566523756384,3.59271042701932,4.0929348768765195,42.40857513506475,0.022818752753982968,cutoff,S3_gaming,1
9098.0,2.527222222222222,0.3131774366590166,3.5926309465985056,4.0929348768727305,42.406791615516546,0.022817102584946448,cutoff,S3_gaming,1
9100.0,2.5277777777777777,0.3130192045774769,3.5925513564737144,4.0929348768699105,42.40500567385363,0.02281555749712973,cutoff,S3_gaming,1
9102.0,2.5283333333333333,0.31286096898807353,3.592471661865195,4.092934876867812,42.4032174273757,0.022814112399865652,cutoff,S3_gaming,1
9104.0,2.528888888888889,0.3127027298861588,3.592391867740207,4.092934876866249,42.401426987695714,0.022812762449191133,cutoff,S3_gaming,1
9106.0,2.5294444444444446,0.3125444872672981,3.592311978825288,4.092934876865086,42.39963446101556,0.02281150303589134,cutoff,S3_gaming,1
9108.0,2.53,0.3123862411272592,3.5922319996179124,4.09293487686422,42.39783994838841,0.02281032977412328,cutoff,S3_gaming,1
9110.0,2.5305555555555554,0.31222799146200264,3.5921519343975947,4.092934876863575,42.39604354596823,0.02280923849059071,cutoff,S3_gaming,1
9112.0,2.531111111111111,0.31206973826767237,3.5920717872364527,4.0929348768630955,42.39424534524744,0.02280822521424365,cutoff,S3_gaming,1
9114.0,2.5316666666666667,0.31191148154058695,3.5919915620092606,4.0929348768627385,42.39244543328275,0.022807286166477078,cutoff,S3_gaming,1
9116.0,2.5322222222222224,0.3117532212772309,3.5919112624030074,4.092934876862473,42.39064389291027,0.022806417751804652,cutoff,S3_gaming,1
9118.0,2.5327777777777776,0.31159495747424676,3.5918308919260014,4.092934876862275,42.38884080295017,0.02280561654898436,cutoff,S3_gaming,1
9120.0,2.533333333333333,0.3114366901284276,3.5917504539165286,4.092934876862127,42.387036238401286,0.02280487930257426,cutoff,S3_gaming,1
9122.0,2.533888888888889,0.31127841923670946,3.5916699515510895,4.092934876862018,42.385230270626415,0.02280420291489748,cutoff,S3_gaming,1
9124.0,2.5344444444444445,0.31112014479616446,3.591589387852243,4.0929348768619365,42.383422967528624,0.02280358443839655,cutoff,S3_gaming,1
9126.0,2.535,0.31096186680399446,3.5915087656960654,4.092934876861876,42.381614393718905,0.022803021068358315,cutoff,S3_gaming,1
9128.0,2.5355555555555553,0.3108035852575245,3.591428087819248,4.092934876861831,42.37980461067584,0.0228025101359914,cutoff,S3_gaming,1
9130.0,2.536111111111111,0.310645300154197,3.591347356825854,4.092934876861797,42.377993676897454,0.02280204910183914,cutoff,S3_gaming,1
9132.0,2.5366666666666666,0.310487011491566,3.591266575193743,4.092934876861772,42.376181648045666,0.022801635549511756,cutoff,S3_gaming,1
9134.0,2.5372222222222223,0.3103287192672917,3.5911857452806886,4.0929348768617535,42.374368577083814,0.02280126717972229,cutoff,S3_gaming,1
9136.0,2.537777777777778,0.3101704234791356,3.591104869330198,4.092934876861739,42.37255451440755,0.022800941804611532,cutoff,S3_gaming,1
9138.0,2.5383333333333336,0.3100121241249551,3.5910239494770515,4.092934876861729,42.37073950796917,0.022800657342348027,cutoff,S3_gaming,1
9140.0,2.5388888888888888,0.30985382120269933,3.590942987752566,4.0929348768617215,42.36892360339623,0.022800411811989746,cutoff,S3_gaming,1
9142.0,2.5394444444444444,0.3096955147104044,3.5908619860896134,4.092934876861715,42.367106844104136,0.022800203328594778,cutoff,S3_gaming,1
9144.0,2.54,0.30953720464618945,3.590780946327391,4.092934876861712,42.36528927140347,0.022800030098568968,cutoff,S3_gaming,1
9146.0,2.5405555555555557,0.30937889100825233,3.59069987021596,4.092934876861708,42.36347092460201,0.02279989041523902,cutoff,S3_gaming,1
9148.0,2.5411111111111113,0.30922057379486606,3.5906187594205647,4.0929348768617055,42.361651841101775,0.022799782654640152,cutoff,S3_gaming,1
9150.0,2.5416666666666665,0.30906225300437495,3.5905376155257436,4.092934876861704,42.359832056491506,0.022799705271507868,cutoff,S3_gaming,1
9152.0,2.542222222222222,0.30890392863519134,3.590456440039241,4.092934876861703,42.35801160463449,0.022799656795463984,cutoff,S3_gaming,1
9154.0,2.542777777777778,0.3087456006857922,3.5903752343957267,4.092934876861702,42.3561905177523,0.022799635827387497,cutoff,S3_gaming,1
9156.0,2.5433333333333334,0.30858726915471607,3.5902939999603394,4.092934876861701,42.354368826504306,0.02279964103596133,cutoff,S3_gaming,1
9158.0,2.543888888888889,0.30842893404056,3.590212738032055,4.0929348768617,42.3525465600635,0.022799671154386403,cutoff,S3_gaming,1
9160.0,2.5444444444444443,0.30827059534197676,3.590131449846894,4.0929348768617,42.35072374618842,0.022799724977254993,cutoff,S3_gaming,1
9162.0,2.545,0.3081122530576721,3.5900501365809703,4.0929348768617,42.34890041129192,0.022799801357575575,cutoff,S3_gaming,1
9164.0,2.5455555555555556,0.30795390718640225,3.589968799353395,4.092934876861699,42.34707658050619,0.02279989920394187,cutoff,S3_gaming,1
9166.0,2.546111111111111,0.3077955577269714,3.5898874392290407,4.092934876861699,42.34525227774507,0.022800017477839076,cutoff,S3_gaming,1
9168.0,2.546666666666667,0.3076372046782295,3.589806057221168,4.092934876861699,42.34342752576289,0.022800155191080654,cutoff,S3_gaming,1
9170.0,2.547222222222222,0.30747884803906994,3.589724654293929,4.092934876861699,42.341602346210884,0.02280031140336932,cutoff,S3_gaming,1
9172.0,2.5477777777777777,0.3073204878084273,3.589643231364743,4.092934876861699,42.33977675969059,0.022800485219976258,cutoff,S3_gaming,1
9174.0,2.5483333333333333,0.30716212398527576,3.5895617893065634,4.092934876861699,42.33795078580462,0.022800675789532775,cutoff,S3_gaming,1
9176.0,2.548888888888889,0.3070037565686268,3.5894803289500357,4.092934876861699,42.336124443205364,0.022800882301928994,cutoff,S3_gaming,1
9178.0,2.5494444444444446,0.3068453855575275,3.5893988510855417,4.092934876861699,42.33429774964079,0.022801103986314384,cutoff,S3_gaming,1
9180.0,2.55,0.30668701095105894,3.589317356465155,4.092934876861699,42.33247072199847,0.02280134010919518,cutoff,S3_gaming,1
9182.0,2.5505555555555555,0.3065286327483344,3.5892358458044975,4.092934876861699,42.330643376347126,0.02280158997262401,cutoff,S3_gaming,1
9184.0,2.551111111111111,0.30637025094849796,3.5891543197845017,4.092934876861699,42.328815727976554,0.022801852912477244,cutoff,S3_gaming,1
9186.0,2.5516666666666667,0.3062118655507228,3.589072779053098,4.092934876861699,42.32698779143518,0.022802128296815858,cutoff,S3_gaming,1
9188.0,2.5522222222222224,0.30605347655420984,3.588991224226808,4.092934876861699,42.325159580566115,0.02280241552432569,cutoff,S3_gaming,1
9190.0,2.5527777777777776,0.3058950839581866,3.588909655892272,4.092934876861699,42.323331108541275,0.02280271402283332,cutoff,S3_gaming,1
9192.0,2.5533333333333332,0.3057366877619057,3.588828074607692,4.092934876861699,42.32150238789407,0.022803023247893864,cutoff,S3_gaming,1
9194.0,2.553888888888889,0.3055782879646437,3.5887464809042133,4.092934876861699,42.31967343055013,0.022803342681447188,cutoff,S3_gaming,1
9196.0,2.5544444444444445,0.3054198845656999,3.588664875287233,4.092934876861699,42.31784424785698,0.022803671830539274,cutoff,S3_gaming,1
9198.0,2.555,0.30526147756439537,3.588583258237653,4.092934876861699,42.31601485061197,0.022804010226105526,cutoff,S3_gaming,1
9200.0,2.5555555555555554,0.3051030669600718,3.5885016302130595,4.092934876861699,42.31418524908896,0.022804357421813057,cutoff,S3_gaming,1
9202.0,2.556111111111111,0.3049446527520904,3.588419991648859,4.092934876861699,42.31235545306368,0.02280471299295907,cutoff,S3_gaming,1
9204.0,2.5566666666666666,0.3047862349398311,3.5883383429593505,4.092934876861699,42.31052547183794,0.022805076535422623,cutoff,S3_gaming,1
9206.0,2.5572222222222223,0.3046278135226917,3.5882566845387487,4.092934876861699,42.30869531426254,0.022805447664667217,cutoff,S3_gaming,1
9208.0,2.557777777777778,0.3044693885000868,3.5881750167621567,4.092934876861699,42.30686498875921,0.022805826014791683,cutoff,S3_gaming,1
9210.0,2.558333333333333,0.3043109598714472,3.588093339986494,4.092934876861699,42.305034503341304,0.022806211237627102,cutoff,S3_gaming,1
9212.0,2.5588888888888888,0.30415252763621886,3.5880116545513765,4.092934876861699,42.30320386563372,0.022806603001877458,cutoff,S3_gaming,1
9214.0,2.5594444444444444,0.30399409179386244,3.5879299607799537,4.092934876861699,42.301373082891644,0.02280700099230196,cutoff,S3_gaming,1
9216.0,2.56,0.30383565234385235,3.58784825897971,4.092934876861699,42.29954216201854,0.02280740490893698,cutoff,S3_gaming,1
9218.0,2.5605555555555557,0.3036772092856762,3.5877665494432196,4.092934876861699,42.29771110958311,0.022807814466355703,cutoff,S3_gaming,1
9220.0,2.561111111111111,0.30351876261883426,3.5876848324488755,4.092934876861699,42.29587993183563,0.022808229392963637,cutoff,S3_gaming,1
9222.0,2.5616666666666665,0.30336031234283867,3.587603108261567,4.092934876861699,42.29404863472333,0.022808649430328294,cutoff,S3_gaming,1
9224.0,2.562222222222222,0.30320185845721287,3.587521377133343,4.092934876861699,42.29221722390509,0.022809074332541333,cutoff,S3_gaming,1
9226.0,2.562777777777778,0.3030434009614911,3.587439639304031,4.092934876861699,42.29038570476545,0.022809503865611626,cutoff,S3_gaming,1
9228.0,2.5633333333333335,0.3028849398552181,3.587357895001829,4.092934876861699,42.28855408242784,0.022809937806887722,cutoff,S3_gaming,1
9230.0,2.563888888888889,0.3027264751379481,3.587276144443867,4.092934876861699,42.28672236176733,0.022810375944508323,cutoff,S3_gaming,1
9232.0,2.5644444444444443,0.3025680068092448,3.5871943878367505,4.092934876861699,42.284890547422606,0.02281081807687937,cutoff,S3_gaming,1
9234.0,2.565,0.3024095348686807,3.5871126253770598,4.092934876861699,42.28305864380744,0.022811264012176483,cutoff,S3_gaming,1
9236.0,2.5655555555555556,0.30225105931583685,3.587030857251847,4.092934876861699,42.28122665512164,0.022811713567871508,cutoff,S3_gaming,1
9238.0,2.5661111111111112,0.3020925801503021,3.5869490836390896,4.092934876861699,42.27939458536136,0.022812166570282004,cutoff,S3_gaming,1
9240.0,2.566666666666667,0.30193409737167315,3.5868673047081336,4.092934876861699,42.277562438328985,0.022812622854142574,cutoff,S3_gaming,1
9242.0,2.567222222222222,0.30177561097955374,3.586785520620112,4.092934876861699,42.275730217642625,0.022813082262196964,cutoff,S3_gaming,1
9244.0,2.5677777777777777,0.3016171209735547,3.586703731528341,4.092934876861699,42.27389792674486,0.022813544644809926,cutoff,S3_gaming,1
9246.0,2.5683333333333334,0.3014586273532933,3.5866219375787005,4.092934876861699,42.27206556891143,0.022814009859597896,cutoff,S3_gaming,1
9248.0,2.568888888888889,0.3013001301183932,3.5865401389099953,4.092934876861699,42.2702331472592,0.022814477771077566,cutoff,S3_gaming,1
9250.0,2.5694444444444446,0.3011416292684838,3.5864583356542936,4.092934876861699,42.268400664753955,0.022814948250331493,cutoff,S3_gaming,1
9252.0,2.57,0.30098312480320033,3.5863765279372597,4.092934876861699,42.266568124217684,0.022815421174689904,cutoff,S3_gaming,1
9254.0,2.5705555555555555,0.3008246167221833,3.586294715878457,4.092934876861699,42.26473552833551,0.02281589642742793,cutoff,S3_gaming,1
9256.0,2.571111111111111,0.3006661050250784,3.5862128995916516,4.092934876861699,42.26290287966235,0.022816373897477503,cutoff,S3_gaming,1
9258.0,2.5716666666666668,0.3005075897115361,3.586131079185088,4.092934876861699,42.26107018062935,0.02281685347915323,cutoff,S3_gaming,1
9260.0,2.5722222222222224,0.3003490707812117,3.5860492547617566,4.092934876861699,42.259237433549664,0.022817335071891532,cutoff,S3_gaming,1
9262.0,2.5727777777777776,0.3001905482337647,3.5859674264196517,4.092934876861699,42.25740464062434,0.02281781858000245,cutoff,S3_gaming,1
9264.0,2.5733333333333333,0.30003202206885876,3.58588559425201,4.092934876861699,42.255571803947696,0.022818303912433436,cutoff,S3_gaming,1
9266.0,2.573888888888889,0.2998734922861618,3.5858037583475446,4.092934876861699,42.2537389255125,0.022818790982544652,cutoff,S3_gaming,1
9268.0,2.5744444444444445,0.2997149588853452,3.5857219187906613,4.092934876861699,42.25190600721492,0.022819279707895098,cutoff,S3_gaming,1
9270.0,2.575,0.2995564218660842,3.585640075661666,4.092934876861699,42.250073050859136,0.02281977001003915,cutoff,S3_gaming,1
9272.0,2.5755555555555554,0.2993978812280574,3.585558229036971,4.092934876861699,42.24824005816187,0.02282026181433293,cutoff,S3_gaming,1
9274.0,2.576111111111111,0.2992393369709465,3.585476378989275,4.092934876861699,42.24640703075661,0.022820755049750067,cutoff,S3_gaming,1
9276.0,2.5766666666666667,0.2990807890944366,3.585394525587746,4.092934876861699,42.244573970197635,0.022821249648706403,cutoff,S3_gaming,1
9278.0,2.5772222222222223,0.2989222375982155,3.5853126688981964,4.092934876861699,42.24274087796387,0.02282174554689316,cutoff,S3_gaming,1
9280.0,2.577777777777778,0.298763682481974,3.5852308089832388,4.092934876861699,42.240907755462494,0.022822242683118228,cutoff,S3_gaming,1
9282.0,2.578333333333333,0.2986051237454054,3.585148945902445,4.092934876861699,42.23907460403248,0.022822740999155117,cutoff,S3_gaming,1
9284.0,2.578888888888889,0.2984465613882056,3.585067079712494,4.092934876861699,42.23724142494787,0.022823240439599247,cutoff,S3_gaming,1
9286.0,2.5794444444444444,0.2982879954100729,3.58498521046731,4.092934876861699,42.2354082194209,0.022823740951731196,cutoff,S3_gaming,1
9288.0,2.58,0.298129425810708,3.5849033382181967,4.092934876861699,42.233574988605085,0.022824242485386566,cutoff,S3_gaming,1
9290.0,2.5805555555555557,0.2979708525898137,3.5848214630139656,4.092934876861699,42.231741733597914,0.02282474499283217,cutoff,S3_gaming,1
9292.0,2.581111111111111,0.2978122757470949,3.5847395849010555,4.092934876861699,42.229908455443756,0.02282524842864822,cutoff,S3_gaming,1
9294.0,2.5816666666666666,0.2976536952822584,3.5846577039236447,4.092934876861699,42.22807515513626,0.022825752749616204,cutoff,S3_gaming,1
9296.0,2.582222222222222,0.29749511119501293,3.584575820123768,4.092934876861699,42.226241833620925,0.022826257914612215,cutoff,S3_gaming,1
9298.0,2.582777777777778,0.2973365234850691,3.5844939335414123,4.092934876861699,42.22440849179737,0.022826763884505448,cutoff,S3_gaming,1
9300.0,2.5833333333333335,0.2971779321521391,3.5844120442146212,4.092934876861699,42.22257513052164,0.022827270622061614,cutoff,S3_gaming,1
9302.0,2.5838888888888887,0.29701933719593676,3.584330152179587,4.092934876861699,42.220741750608205,0.022827778091851027,cutoff,S3_gaming,1
9304.0,2.5844444444444443,0.2968607386161774,3.5842482574707417,4.092934876861699,42.21890835283208,0.022828286260161153,cutoff,S3_gaming,1
9306.0,2.585,0.2967021364125779,3.5841663601208404,4.092934876861699,42.21707493793067,0.022828795094913396,cutoff,S3_gaming,1
9308.0,2.5855555555555556,0.2965435305848565,3.584084460161045,4.092934876861699,42.21524150660562,0.022829304565583918,cutoff,S3_gaming,1
9310.0,2.5861111111111112,0.2963849211327327,3.584002557620998,4.092934876861699,42.21340805952458,0.02282981464312829,cutoff,S3_gaming,1
9312.0,2.5866666666666664,0.29622630805592726,3.5839206525289007,4.092934876861699,42.21157459732276,0.022830325299909807,cutoff,S3_gaming,1
9314.0,2.587222222222222,0.29606769135416217,3.5838387449115796,4.092934876861699,42.20974112060461,0.022830836509631254,cutoff,S3_gaming,1
9316.0,2.5877777777777777,0.2959090710271606,3.583756834794553,4.092934876861699,42.207907629945254,0.02283134824727001,cutoff,S3_gaming,1
9318.0,2.5883333333333334,0.2957504470746466,3.5836749222020967,4.092934876861699,42.20607412589192,0.02283186048901627,cutoff,S3_gaming,1
9320.0,2.588888888888889,0.2955918194963455,3.583593007157302,4.092934876861699,42.20424060896525,0.02283237321221427,cutoff,S3_gaming,1
9322.0,2.5894444444444447,0.29543318829198345,3.5835110896821343,4.092934876861699,42.2024070796607,0.022832886395306368,cutoff,S3_gaming,1
9324.0,2.59,0.2952745534612875,3.5834291697974883,4.092934876861699,42.200573538449675,0.02283340001777982,cutoff,S3_gaming,1
9326.0,2.5905555555555555,0.29511591500398565,3.583347247523237,4.092934876861699,42.198739985780676,0.022833914060116152,cutoff,S3_gaming,1
9328.0,2.591111111111111,0.2949572729198067,3.5832653228782845,4.092934876861699,42.19690642208048,0.022834428503742975,cutoff,S3_gaming,1
9330.0,2.591666666666667,0.29479862720848027,3.5831833958806114,4.092934876861699,42.19507284775519,0.022834943330988136,cutoff,S3_gaming,1
9332.0,2.5922222222222224,0.29463997786973667,3.58310146654732,4.092934876861699,42.19323926319115,0.022835458525036087,cutoff,S3_gaming,1
9334.0,2.5927777777777776,0.294481324903307,3.5830195348946745,4.092934876861699,42.19140566875597,0.022835974069886376,cutoff,S3_gaming,1
9336.0,2.5933333333333333,0.29432266830892295,3.5829376009381475,4.092934876861699,42.189572064799485,0.022836489950314155,cutoff,S3_gaming,1
9338.0,2.593888888888889,0.294164008086317,3.582855664692452,4.092934876861699,42.187738451654475,0.022837006151832585,cutoff,S3_gaming,1
9340.0,2.5944444444444446,0.294005344235222,3.582773726171581,4.092934876861699,42.18590482963764,0.022837522660657077,cutoff,S3_gaming,1
9342.0,2.595,0.2938466767553716,3.5826917853888416,4.092934876861699,42.184071199050265,0.02283803946367125,cutoff,S3_gaming,1
9344.0,2.5955555555555554,0.29368800564649994,3.5826098423568915,4.092934876861699,42.18223756017906,0.022838556548394565,cutoff,S3_gaming,1
9346.0,2.596111111111111,0.2935293309083416,3.5825278970877643,4.092934876861699,42.1804039132968,0.022839073902951496,cutoff,S3_gaming,1
9348.0,2.5966666666666667,0.29337065254063177,3.5824459495929064,4.092934876861699,42.178570258663036,0.022839591516042226,cutoff,S3_gaming,1
9350.0,2.5972222222222223,0.293211970543106,3.5823639998831998,4.092934876861699,42.17673659652469,0.022840109376914736,cutoff,S3_gaming,1
9352.0,2.597777777777778,0.29305328491550037,3.5822820479689934,4.092934876861699,42.174902927116726,0.022840627475338264,cutoff,S3_gaming,1
9354.0,2.598333333333333,0.2928945956575514,3.5822000938601253,4.092934876861699,42.173069250662735,0.022841145801578044,cutoff,S3_gaming,1
9356.0,2.598888888888889,0.29273590276899586,3.5821181375659537,4.092934876861699,42.17123556737538,0.02284166434637127,cutoff,S3_gaming,1
9358.0,2.5994444444444444,0.29257720624957106,3.582036179095372,4.092934876861699,42.169401877457105,0.02284218310090422,cutoff,S3_gaming,1
9360.0,2.6,0.2924185060990146,3.5819542184568376,4.092934876861699,42.1675681811004,0.022842702056790502,cutoff,S3_gaming,1
9362.0,2.6005555555555557,0.29225980231706444,3.58187225565839,4.092934876861699,42.16573447848852,0.022843221206050337,cutoff,S3_gaming,1
9364.0,2.601111111111111,0.29210109490345887,3.581790290707672,4.092934876861699,42.16390076979577,0.022843740541090857,cutoff,S3_gaming,1
9366.0,2.6016666666666666,0.29194238385793647,3.581708323611948,4.092934876861699,42.162067055188025,0.02284426005468736,cutoff,S3_gaming,1
9368.0,2.602222222222222,0.29178366918023607,3.5816263543781255,4.092934876861699,42.160233334823054,0.022844779739965463,cutoff,S3_gaming,1
9370.0,2.602777777777778,0.2916249508700969,3.5815443830127665,4.092934876861699,42.158399608851035,0.022845299590384126,cutoff,S3_gaming,1
9372.0,2.6033333333333335,0.29146622892725826,3.5814624095221124,4.092934876861699,42.15656587741478,0.022845819599719503,cutoff,S3_gaming,1
9374.0,2.6038888888888887,0.29130750335145983,3.58138043391209,4.092934876861699,42.15473214065021,0.02284633976204956,cutoff,S3_gaming,1
9376.0,2.6044444444444443,0.2911487741424415,3.581298456188335,4.092934876861699,42.152898398686645,0.02284686007173946,cutoff,S3_gaming,1
9378.0,2.605,0.2909900412999434,3.5812164763562016,4.092934876861699,42.151064651647104,0.022847380523427645,cutoff,S3_gaming,1
9380.0,2.6055555555555556,0.2908313048237058,3.5811344944207764,4.092934876861699,42.14923089964865,0.02284790111201258,cutoff,S3_gaming,1
9382.0,2.6061111111111113,0.2906725647134692,3.5810525103868946,4.092934876861699,42.147397142802625,0.02284842183264017,cutoff,S3_gaming,1
9384.0,2.6066666666666665,0.2905138209689743,3.5809705242591474,4.092934876861699,42.145563381215,0.022848942680691754,cutoff,S3_gaming,1
9386.0,2.607222222222222,0.290355073589962,3.580888536041898,4.092934876861699,42.14372961498658,0.02284946365177271,cutoff,S3_gaming,1
9388.0,2.6077777777777778,0.2901963225761733,3.5808065457392892,4.092934876861699,42.14189584421328,0.022849984741701582,cutoff,S3_gaming,1
9390.0,2.6083333333333334,0.2900375679273493,3.5807245533552576,4.092934876861699,42.14006206898632,0.022850505946499764,cutoff,S3_gaming,1
9392.0,2.608888888888889,0.2898788096432314,3.5806425588935404,4.092934876861699,42.13822828939252,0.02285102726238166,cutoff,S3_gaming,1
9394.0,2.6094444444444442,0.28972004772356114,3.580560562357688,4.092934876861699,42.13639450551448,0.02285154868574534,cutoff,S3_gaming,1
9396.0,2.61,0.28956128216807997,3.58047856375107,4.092934876861699,42.134560717430745,0.022852070213163624,cutoff,S3_gaming,1
9398.0,2.6105555555555555,0.2894025129765297,3.5803965630768855,4.092934876861699,42.13272692521608,0.022852591841375638,cutoff,S3_gaming,1
9400.0,2.611111111111111,0.2892437401486521,3.5803145603381727,4.092934876861699,42.13089312894159,0.022853113567278732,cutoff,S3_gaming,1
9402.0,2.611666666666667,0.2890849636841892,3.580232555537813,4.092934876861699,42.129059328674934,0.022853635387920825,cutoff,S3_gaming,1
9404.0,2.612222222222222,0.2889261835828829,3.580150548678544,4.092934876861699,42.12722552448049,0.0228541573004931,cutoff,S3_gaming,1
9406.0,2.6127777777777776,0.28876739984447547,3.5800685397629604,4.092934876861699,42.12539171641947,0.02285467930232307,cutoff,S3_gaming,1
9408.0,2.6133333333333333,0.288608612468709,3.579986528793526,4.092934876861699,42.123557904550125,0.022855201390867965,cutoff,S3_gaming,1
9410.0,2.613888888888889,0.2884498214553259,3.579904515772576,4.092934876861699,42.121724088927856,0.022855723563708456,cutoff,S3_gaming,1
9412.0,2.6144444444444446,0.2882910268040685,3.5798225007023277,4.092934876861699,42.119890269605406,0.022856245818542658,cutoff,S3_gaming,1
9414.0,2.615,0.28813222851467923,3.5797404835848816,4.092934876861699,42.1180564466329,0.022856768153180447,cutoff,S3_gaming,1
9416.0,2.6155555555555554,0.2879734265869006,3.5796584644222293,4.092934876861699,42.116222620058046,0.022857290565538042,cutoff,S3_gaming,1
9418.0,2.616111111111111,0.2878146210204753,3.579576443216261,4.092934876861699,42.114388789926224,0.02285781305363286,cutoff,S3_gaming,1
9420.0,2.6166666666666667,0.2876558118151458,3.5794944199687637,4.092934876861699,42.112554956280604,0.0228583356155786,cutoff,S3_gaming,1
9422.0,2.6172222222222223,0.28749699897065495,3.5794123946814347,4.092934876861699,42.110721119162214,0.02285885824958058,cutoff,S3_gaming,1
9424.0,2.617777777777778,0.2873381824867454,3.579330367355879,4.092934876861699,42.10888727861016,0.022859380953931308,cutoff,S3_gaming,1
9426.0,2.618333333333333,0.28717936236316,3.579248337993619,4.092934876861699,42.10705343466158,0.02285990372700624,cutoff,S3_gaming,1
9428.0,2.618888888888889,0.2870205385996415,3.5791663065960946,4.092934876861699,42.1052195873518,0.022860426567259774,cutoff,S3_gaming,1
9430.0,2.6194444444444445,0.2868617111959328,3.5790842731646664,4.092934876861699,42.10338573671443,0.022860949473221412,cutoff,S3_gaming,1
9432.0,2.62,0.28670288015177675,3.5790022377006268,4.092934876861699,42.101551882781465,0.022861472443492136,cutoff,S3_gaming,1
9434.0,2.6205555555555557,0.28654404546691636,3.5789202002051947,4.092934876861699,42.0997180255833,0.022861995476740928,cutoff,S3_gaming,1
9436.0,2.621111111111111,0.28638520714109456,3.5788381606795237,4.092934876861699,42.09788416514885,0.022862518571701487,cutoff,S3_gaming,1
9438.0,2.6216666666666666,0.2862263651740543,3.578756119124704,4.092934876861699,42.096050301505656,0.02286304172716909,cutoff,S3_gaming,1
9440.0,2.6222222222222222,0.28606751956553866,3.578674075541766,4.092934876861699,42.094216434679836,0.0228635649419976,cutoff,S3_gaming,1
9442.0,2.622777777777778,0.28590867031529066,3.578592029931683,4.092934876861699,42.09238256469631,0.022864088215096643,cutoff,S3_gaming,1
9444.0,2.6233333333333335,0.28574981742305333,3.5785099822953716,4.092934876861699,42.09054869157871,0.02286461154542889,cutoff,S3_gaming,1
9446.0,2.6238888888888887,0.2855909608885697,3.5784279326337023,4.092934876861699,42.088714815349576,0.022865134932007487,cutoff,S3_gaming,1
9448.0,2.6244444444444444,0.2854321007115829,3.5783458809474893,4.092934876861699,42.086880936030276,0.022865658373893625,cutoff,S3_gaming,1
9450.0,2.625,0.28527323689183604,3.578263827237505,4.092934876861699,42.08504705364119,0.022866181870194194,cutoff,S3_gaming,1
9452.0,2.6255555555555556,0.2851143694290721,3.578181771504474,4.092934876861699,42.08321316820163,0.022866705420059582,cutoff,S3_gaming,1
9454.0,2.6261111111111113,0.2849554983230343,3.578099713749081,4.092934876861699,42.081379279730044,0.022867229022681557,cutoff,S3_gaming,1
9456.0,2.6266666666666665,0.2847966235734657,3.5780176539719686,4.092934876861699,42.079545388243915,0.022867752677291263,cutoff,S3_gaming,1
9458.0,2.627222222222222,0.2846377451801094,3.5779355921737417,4.092934876861699,42.077711493759864,0.022868276383157318,cutoff,S3_gaming,1
9460.0,2.6277777777777778,0.2844788631427086,3.577853528354968,4.092934876861699,42.07587759629372,0.022868800139584,cutoff,S3_gaming,1
9462.0,2.6283333333333334,0.28431997746100635,3.577771462516182,4.092934876861699,42.07404369586052,0.0228693239459095,cutoff,S3_gaming,1
9464.0,2.628888888888889,0.2841610881347458,3.5776893946578814,4.092934876861699,42.07220979247456,0.02286984780150431,cutoff,S3_gaming,1
9466.0,2.6294444444444443,0.28400219516367003,3.5776073247805362,4.092934876861699,42.07037588614945,0.02287037170576962,cutoff,S3_gaming,1
9468.0,2.63,0.28384329854752216,3.577525252884586,4.092934876861699,42.06854197689809,0.022870895658135867,cutoff,S3_gaming,1
9470.0,2.6305555555555555,0.2836843982860453,3.57744317897044,4.092934876861699,42.066708064732765,0.022871419658061293,cutoff,S3_gaming,1
9472.0,2.631111111111111,0.28352549437898256,3.57736110303848,4.092934876861699,42.064874149665165,0.02287194370503061,cutoff,S3_gaming,1
9474.0,2.631666666666667,0.28336658682607707,3.577279025089064,4.092934876861699,42.063040231706374,0.022872467798553706,cutoff,S3_gaming,1
9476.0,2.632222222222222,0.28320767562707183,3.5771969451225254,4.092934876861699,42.06120631086693,0.02287299193816444,cutoff,S3_gaming,1
9478.0,2.6327777777777777,0.28304876078171,3.5771148631391716,4.092934876861699,42.059372387156884,0.022873516123419473,cutoff,S3_gaming,1
9480.0,2.6333333333333333,0.28288984228973457,3.57703277913929,4.092934876861699,42.05753846058573,0.02287404035389715,cutoff,S3_gaming,1
9482.0,2.633888888888889,0.28273092015088863,3.5769506931231465,4.092934876861699,42.05570453116255,0.022874564629196476,cutoff,S3_gaming,1
9484.0,2.6344444444444446,0.2825719943649152,3.576868605090987,4.092934876861699,42.053870598895905,0.022875088948936095,cutoff,S3_gaming,1
9486.0,2.635,0.2824130649315574,3.576786515043036,4.092934876861699,42.05203666379399,0.02287561331275334,cutoff,S3_gaming,1
9488.0,2.6355555555555554,0.2822541318505581,3.5767044229795024,4.092934876861699,42.05020272586459,0.02287613772030334,cutoff,S3_gaming,1
9490.0,2.636111111111111,0.28209519512166037,3.5766223289005774,4.092934876861699,42.04836878511503,0.022876662171258142,cutoff,S3_gaming,1
9492.0,2.6366666666666667,0.2819362547446072,3.576540232806434,4.092934876861699,42.046534841552344,0.0228771866653059,cutoff,S3_gaming,1
9494.0,2.6372222222222224,0.2817773107191415,3.5764581346972313,4.092934876861699,42.044700895183155,0.022877711202150094,cutoff,S3_gaming,1
9496.0,2.637777777777778,0.2816183630450063,3.5763760345731117,4.092934876861699,42.04286694601383,0.022878235781508785,cutoff,S3_gaming,1
9498.0,2.638333333333333,0.2814594117219445,3.576293932434206,4.092934876861699,42.04103299405033,0.022878760403113912,cutoff,S3_gaming,1
9500.0,2.638888888888889,0.28130045674969895,3.5762118282806274,4.092934876861699,42.03919903929835,0.022879285066710612,cutoff,S3_gaming,1
9502.0,2.6394444444444445,0.2811414981280126,3.576129722112481,4.092934876861699,42.037365081763326,0.02287980977205659,cutoff,S3_gaming,1
9504.0,2.64,0.2809825358566283,3.576047613929855,4.092934876861699,42.035531121450376,0.0228803345189215,cutoff,S3_gaming,1
9506.0,2.6405555555555558,0.28082356993528895,3.575965503732829,4.092934876861699,42.03369715836435,0.022880859307086384,cutoff,S3_gaming,1
9508.0,2.641111111111111,0.28066460036373736,3.5758833915214696,4.092934876861699,42.031863192509896,0.02288138413634309,cutoff,S3_gaming,1
9510.0,2.6416666666666666,0.2805056271417163,3.575801277295836,4.092934876861699,42.0300292238914,0.02288190900649378,cutoff,S3_gaming,1
9512.0,2.6422222222222222,0.2803466502689686,3.5757191610559724,4.092934876861699,42.028195252513,0.022882433917350408,cutoff,S3_gaming,1
9514.0,2.642777777777778,0.280187669745237,3.575637042801918,4.092934876861699,42.02636127837867,0.022882958868734257,cutoff,S3_gaming,1
9516.0,2.6433333333333335,0.2800286855702643,3.5755549225337004,4.092934876861699,42.024527301492164,0.022883483860475486,cutoff,S3_gaming,1
9518.0,2.6438888888888887,0.2798696977437931,3.575472800251339,4.092934876861699,42.022693321857005,0.022884008892412693,cutoff,S3_gaming,1
9520.0,2.6444444444444444,0.27971070626556627,3.5753906759548446,4.092934876861699,42.02085933947655,0.022884533964392516,cutoff,S3_gaming,1
9522.0,2.645,0.27955171113532634,3.5753085496442214,4.092934876861699,42.01902535435404,0.022885059076269233,cutoff,S3_gaming,1
9524.0,2.6455555555555557,0.27939271235281604,3.5752264213194644,4.092934876861699,42.01719136649244,0.0228855842279044,cutoff,S3_gaming,1
9526.0,2.6461111111111113,0.27923370991777796,3.5751442909805635,4.092934876861699,42.01535737589466,0.022886109419166495,cutoff,S3_gaming,1
9528.0,2.6466666666666665,0.27907470382995475,3.5750621586275,4.092934876861699,42.01352338256338,0.02288663464993058,cutoff,S3_gaming,1
9530.0,2.647222222222222,0.27891569408908895,3.5749800242602494,4.092934876861699,42.011689386501196,0.02288715992007799,cutoff,S3_gaming,1
9532.0,2.647777777777778,0.2787566806949231,3.574897887878781,4.092934876861699,42.00985538771052,0.022887685229496017,cutoff,S3_gaming,1
9534.0,2.6483333333333334,0.2785976636471998,3.5748157494830592,4.092934876861699,42.00802138619367,0.022888210578077637,cutoff,S3_gaming,1
9536.0,2.648888888888889,0.27843864294566145,3.574733609073041,4.092934876861699,42.00618738195283,0.02288873596572122,cutoff,S3_gaming,1
9538.0,2.6494444444444443,0.2782796185900506,3.57465146664868,4.092934876861699,42.00435337499003,0.02288926139233027,cutoff,S3_gaming,1
9540.0,2.65,0.2781205905801097,3.5745693222099226,4.092934876861699,42.00251936530726,0.022889786857813194,cutoff,S3_gaming,1
9542.0,2.6505555555555556,0.2779615589155811,3.5744871757567136,4.092934876861699,42.000685352906316,0.022890312362083044,cutoff,S3_gaming,1
9544.0,2.651111111111111,0.2778025235962073,3.5744050272889893,4.092934876861699,41.998851337788984,0.022890837905057294,cutoff,S3_gaming,1
9546.0,2.651666666666667,0.27764348462173055,3.574322876806686,4.092934876861699,41.99701731995686,0.02289136348665764,cutoff,S3_gaming,1
9548.0,2.652222222222222,0.27748444199189326,3.574240724309732,4.092934876861699,41.99518329941155,0.022891889106809782,cutoff,S3_gaming,1
9550.0,2.6527777777777777,0.27732539570643777,3.574158569798053,4.092934876861699,41.993349276154476,0.022892414765443233,cutoff,S3_gaming,1
9552.0,2.6533333333333333,0.27716634576510635,3.5740764132715714,4.092934876861699,41.99151525018702,0.02289294046249114,cutoff,S3_gaming,1
9554.0,2.653888888888889,0.27700729216764125,3.5739942547302075,4.092934876861699,41.989681221510516,0.022893466197890098,cutoff,S3_gaming,1
9556.0,2.6544444444444446,0.2768482349137847,3.5739120941738745,4.092934876861699,41.98784719012617,0.022893991971579992,cutoff,S3_gaming,1
9558.0,2.655,0.2766891740032789,3.5738299316024853,4.092934876861699,41.986013156035106,0.022894517783503838,cutoff,S3_gaming,1
9560.0,2.6555555555555554,0.27653010943586603,3.573747767015949,4.092934876861699,41.98417911923847,0.022895043633607618,cutoff,S3_gaming,1
9562.0,2.656111111111111,0.27637104121128825,3.573665600414171,4.092934876861699,41.982345079737236,0.022895569521840152,cutoff,S3_gaming,1
9564.0,2.6566666666666667,0.2762119693292877,3.5735834317970556,4.092934876861699,41.98051103753238,0.022896095448152954,cutoff,S3_gaming,1
9566.0,2.6572222222222224,0.27605289378960646,3.5735012611645027,4.092934876861699,41.978676992624806,0.022896621412500102,cutoff,S3_gaming,1
9568.0,2.6577777777777776,0.2758938145919866,3.5734190885164105,4.092934876861699,41.97684294501535,0.02289714741483811,cutoff,S3_gaming,1
9570.0,2.658333333333333,0.2757347317361701,3.573336913852674,4.092934876861699,41.975008894704814,0.02289767345512582,cutoff,S3_gaming,1
9572.0,2.658888888888889,0.275575645221899,3.5732547371731886,4.092934876861699,41.97317484169395,0.02289819953332427,cutoff,S3_gaming,1
9574.0,2.6594444444444445,0.27541655504891527,3.573172558477843,4.092934876861699,41.971340785983394,0.022898725649396618,cutoff,S3_gaming,1
9576.0,2.66,0.27525746121696093,3.573090377766528,4.092934876861699,41.96950672757384,0.022899251803308006,cutoff,S3_gaming,1
9578.0,2.6605555555555553,0.27509836372577784,3.57300819503913,4.092934876861699,41.967672666465894,0.022899777995025492,cutoff,S3_gaming,1
9580.0,2.661111111111111,0.27493926257510787,3.5729260102955354,4.092934876861699,41.9658386026601,0.022900304224517935,cutoff,S3_gaming,1
9582.0,2.6616666666666666,0.27478015776469294,3.5728438235356266,4.092934876861699,41.96400453615699,0.02290083049175592,cutoff,S3_gaming,1
9584.0,2.6622222222222223,0.27462104929427483,3.5727616347592854,4.092934876861699,41.962170466957026,0.022901356796711677,cutoff,S3_gaming,1
9586.0,2.662777777777778,0.2744619371635954,3.5726794439663934,4.092934876861699,41.960336395060686,0.02290188313935899,cutoff,S3_gaming,1
9588.0,2.6633333333333336,0.27430282137239637,3.572597251156828,4.092934876861699,41.95850232046837,0.022902409519673133,cutoff,S3_gaming,1
9590.0,2.6638888888888888,0.2741437019204195,3.5725150563304657,4.092934876861699,41.95666824318044,0.022902935937630788,cutoff,S3_gaming,1
9592.0,2.6644444444444444,0.2739845788074065,3.572432859487184,4.092934876861699,41.954834163197276,0.022903462393209985,cutoff,S3_gaming,1
9594.0,2.665,0.2738254520330991,3.572350660626857,4.092934876861699,41.95300008051921,0.02290398888639003,cutoff,S3_gaming,1
9596.0,2.6655555555555557,0.2736663215972389,3.572268459749357,4.092934876861699,41.951165995146496,0.022904515417151453,cutoff,S3_gaming,1
9598.0,2.6661111111111113,0.2735071874995676,3.5721862568545575,4.092934876861699,41.94933190707943,0.022905041985475934,cutoff,S3_gaming,1
9600.0,2.6666666666666665,0.2733480497398267,3.5721040519423277,4.092934876861699,41.947497816318226,0.02290556859134626,cutoff,S3_gaming,1
9602.0,2.667222222222222,0.2731889083177578,3.572021845012538,4.092934876861699,41.94566372286314,0.022906095234746272,cutoff,S3_gaming,1
9604.0,2.667777777777778,0.27302976323310246,3.571939636065058,4.092934876861699,41.94382962671433,0.022906621915660796,cutoff,S3_gaming,1
9606.0,2.6683333333333334,0.2728706144856022,3.571857425099754,4.092934876861699,41.941995527872,0.022907148634075617,cutoff,S3_gaming,1
9608.0,2.668888888888889,0.27271146207499847,3.5717752121164934,4.092934876861699,41.94016142633627,0.022907675389977424,cutoff,S3_gaming,1
9610.0,2.6694444444444443,0.2725523060010327,3.5716929971151425,4.092934876861699,41.93832732210731,0.022908202183353765,cutoff,S3_gaming,1
9612.0,2.67,0.27239314626344635,3.571610780095565,4.092934876861699,41.93649321518519,0.022908729014193007,cutoff,S3_gaming,1
9614.0,2.6705555555555556,0.27223398286198075,3.5715285610576264,4.092934876861699,41.934659105570034,0.02290925588248429,cutoff,S3_gaming,1
9616.0,2.671111111111111,0.2720748157963773,3.57144634000119,4.092934876861699,41.93282499326193,0.022909782788217502,cutoff,S3_gaming,1
9618.0,2.671666666666667,0.27191564506637733,3.5713641169261177,4.092934876861699,41.93099087826092,0.022910309731383232,cutoff,S3_gaming,1
9620.0,2.672222222222222,0.27175647067172215,3.571281891832273,4.092934876861699,41.929156760567054,0.022910836711972745,cutoff,S3_gaming,1
9622.0,2.6727777777777777,0.271597292612153,3.571199664719515,4.092934876861699,41.92732264018036,0.02291136372997794,cutoff,S3_gaming,1
9624.0,2.6733333333333333,0.2714381108874111,3.5711174355877064,4.092934876861699,41.92548851710088,0.022911890785391326,cutoff,S3_gaming,1
9626.0,2.673888888888889,0.27127892549723764,3.5710352044367055,4.092934876861699,41.92365439132859,0.02291241787820599,cutoff,S3_gaming,1
9628.0,2.6744444444444446,0.2711197364413739,3.570952971266373,4.092934876861699,41.92182026286349,0.02291294500841557,cutoff,S3_gaming,1
9630.0,2.675,0.2709605437195609,3.570870736076567,4.092934876861699,41.91998613170557,0.022913472176014225,cutoff,S3_gaming,1
9632.0,2.6755555555555555,0.2708013473315398,3.5707884988671466,4.092934876861699,41.91815199785481,0.02291399938099661,cutoff,S3_gaming,1
9634.0,2.676111111111111,0.2706421472770517,3.5707062596379693,4.092934876861699,41.91631786131115,0.022914526623357863,cutoff,S3_gaming,1
9636.0,2.6766666666666667,0.27048294355583763,3.5706240183888927,4.092934876861699,41.91448372207452,0.022915053903093566,cutoff,S3_gaming,1
9638.0,2.6772222222222224,0.27032373616763866,3.570541775119774,4.092934876861699,41.91264958014491,0.022915581220199734,cutoff,S3_gaming,1
9640.0,2.6777777777777776,0.27016452511219574,3.570459529830469,4.092934876861699,41.91081543552219,0.02291610857467279,cutoff,S3_gaming,1
9642.0,2.6783333333333332,0.2700053103892498,3.570377282520834,4.092934876861699,41.908981288206334,0.022916635966509544,cutoff,S3_gaming,1
9644.0,2.678888888888889,0.2698460919985418,3.570295033190724,4.092934876861699,41.907147138197196,0.02291716339570718,cutoff,S3_gaming,1
9646.0,2.6794444444444445,0.2696868699398127,3.5702127818399965,4.092934876861699,41.905312985494746,0.02291769086226323,cutoff,S3_gaming,1
9648.0,2.68,0.26952764421280334,3.570130528468504,4.092934876861699,41.90347883009882,0.022918218366175563,cutoff,S3_gaming,1
9650.0,2.6805555555555554,0.2693684148172545,3.5700482730761016,4.092934876861699,41.90164467200933,0.022918745907442365,cutoff,S3_gaming,1
9652.0,2.681111111111111,0.26920918175290703,3.569966015662645,4.092934876861699,41.899810511226164,0.022919273486062132,cutoff,S3_gaming,1
9654.0,2.6816666666666666,0.26904994501950175,3.5698837562279864,4.092934876861699,41.897976347749186,0.02291980110203364,cutoff,S3_gaming,1
9656.0,2.6822222222222223,0.26889070461677933,3.569801494771981,4.092934876861699,41.89614218157826,0.022920328755355945,cutoff,S3_gaming,1
9658.0,2.682777777777778,0.26873146054448055,3.569719231294481,4.092934876861699,41.89430801271326,0.022920856446028363,cutoff,S3_gaming,1
9660.0,2.683333333333333,0.26857221280234606,3.56963696579534,4.092934876861699,41.89247384115404,0.02292138417405046,cutoff,S3_gaming,1
9662.0,2.6838888888888888,0.2684129613901165,3.56955469827441,4.092934876861699,41.890639666900455,0.022921911939422043,cutoff,S3_gaming,1
9664.0,2.6844444444444444,0.26825370630753254,3.5694724287315447,4.092934876861699,41.88880548995234,0.022922439742143134,cutoff,S3_gaming,1
9666.0,2.685,0.26809444755433476,3.5693901571665965,4.092934876861699,41.88697131030954,0.022922967582213977,cutoff,S3_gaming,1
9668.0,2.6855555555555557,0.2679351851302637,3.5693078835794165,4.092934876861699,41.88513712797188,0.022923495459635023,cutoff,S3_gaming,1
9670.0,2.686111111111111,0.26777591903505993,3.569225607969858,4.092934876861699,41.88330294293922,0.02292402337440691,cutoff,S3_gaming,1
9672.0,2.6866666666666665,0.2676166492684639,3.56914333033777,4.092934876861699,41.88146875521136,0.022924551326530467,cutoff,S3_gaming,1
9674.0,2.687222222222222,0.2674573758302161,3.5690610506830067,4.092934876861699,41.87963456478814,0.022925079316006694,cutoff,S3_gaming,1
9676.0,2.687777777777778,0.267298098720057,3.5689787690054184,4.092934876861699,41.87780037166936,0.022925607342836763,cutoff,S3_gaming,1
9678.0,2.6883333333333335,0.267138817937727,3.5688964853048564,4.092934876861699,41.87596617585486,0.022926135407022003,cutoff,S3_gaming,1
9680.0,2.688888888888889,0.26697953348296644,3.5688141995811713,4.092934876861699,41.87413197734443,0.022926663508563896,cutoff,S3_gaming,1
9682.0,2.6894444444444443,0.26682024535551574,3.568731911834214,4.092934876861699,41.872297776137906,0.022927191647464065,cutoff,S3_gaming,1
9684.0,2.69,0.26666095355511515,3.5686496220638353,4.092934876861699,41.870463572235074,0.022927719823724275,cutoff,S3_gaming,1
9686.0,2.6905555555555556,0.266501658081505,3.5685673302698855,4.092934876861699,41.86862936563574,0.022928248037346423,cutoff,S3_gaming,1
9688.0,2.6911111111111112,0.2663423589344255,3.568485036452215,4.092934876861699,41.86679515633969,0.022928776288332522,cutoff,S3_gaming,1
9690.0,2.691666666666667,0.26618305611361687,3.568402740610674,4.092934876861699,41.86496094434676,0.022929304576684715,cutoff,S3_gaming,1
9692.0,2.692222222222222,0.26602374961881936,3.5683204427451116,4.092934876861699,41.86312672965671,0.022929832902405252,cutoff,S3_gaming,1
9694.0,2.6927777777777777,0.2658644394497731,3.56823814285538,4.092934876861699,41.86129251226935,0.022930361265496486,cutoff,S3_gaming,1
9696.0,2.6933333333333334,0.26570512560621823,3.5681558409413263,4.092934876861699,41.85945829218444,0.02293088966596088,cutoff,S3_gaming,1
9698.0,2.693888888888889,0.26554580808789485,3.568073537002802,4.092934876861699,41.85762406940181,0.022931418103800994,cutoff,S3_gaming,1
9700.0,2.6944444444444446,0.26538648689454303,3.567991231039656,4.092934876861699,41.85578984392122,0.022931946579019476,cutoff,S3_gaming,1
9702.0,2.695,0.2652271620259028,3.567908923051738,4.092934876861699,41.85395561574246,0.022932475091619064,cutoff,S3_gaming,1
9704.0,2.6955555555555555,0.26506783348171414,3.5678266130388963,4.092934876861699,41.852121384865306,0.02293300364160258,cutoff,S3_gaming,1
9706.0,2.696111111111111,0.26490850126171706,3.5677443010009813,4.092934876861699,41.850287151289535,0.022933532228972927,cutoff,S3_gaming,1
9708.0,2.6966666666666668,0.2647491653656515,3.5676619869378423,4.092934876861699,41.848452915014946,0.022934060853733083,cutoff,S3_gaming,1
9710.0,2.6972222222222224,0.2645898257932574,3.567579670849327,4.092934876861699,41.84661867604129,0.0229345895158861,cutoff,S3_gaming,1
9712.0,2.6977777777777776,0.2644304825442746,3.5674973527352862,4.092934876861699,41.84478443436836,0.022935118215435094,cutoff,S3_gaming,1
9714.0,2.6983333333333333,0.26427113561844295,3.567415032595567,4.092934876861699,41.84295018999591,0.022935646952383253,cutoff,S3_gaming,1
9716.0,2.698888888888889,0.2641117850155023,3.5673327104300196,4.092934876861699,41.841115942923736,0.022936175726733826,cutoff,S3_gaming,1
9718.0,2.6994444444444445,0.2639524307351924,3.567250386238492,4.092934876861699,41.83928169315158,0.02293670453849012,cutoff,S3_gaming,1
9720.0,2.7,0.2637930727772531,3.567168060020833,4.092934876861699,41.83744744067922,0.022937233387655496,cutoff,S3_gaming,1
9722.0,2.7005555555555554,0.2636337111414241,3.56708573177689,4.092934876861699,41.83561318550644,0.022937762274233376,cutoff,S3_gaming,1
9724.0,2.701111111111111,0.263474345827445,3.567003401506513,4.092934876861699,41.833778927633,0.02293829119822723,cutoff,S3_gaming,1
9726.0,2.7016666666666667,0.26331497683505556,3.5669210692095503,4.092934876861699,41.83194466705864,0.022938820159640574,cutoff,S3_gaming,1
9728.0,2.7022222222222223,0.26315560416399536,3.5668387348858497,4.092934876861699,41.830110403783166,0.022939349158476976,cutoff,S3_gaming,1
9730.0,2.702777777777778,0.26299622781400406,3.5667563985352606,4.092934876861699,41.828276137806306,0.02293987819474004,cutoff,S3_gaming,1
9732.0,2.703333333333333,0.2628368477848212,3.5666740601576294,4.092934876861699,41.82644186912785,0.022940407268433424,cutoff,S3_gaming,1
9734.0,2.703888888888889,0.2626774640761863,3.566591719752805,4.092934876861699,41.82460759774754,0.02294093637956082,cutoff,S3_gaming,1
9736.0,2.7044444444444444,0.2625180766878389,3.566509377320637,4.092934876861699,41.82277332366511,0.022941465528125954,cutoff,S3_gaming,1
9738.0,2.705,0.2623586856195185,3.5664270328609713,4.092934876861699,41.82093904688038,0.022941994714132594,cutoff,S3_gaming,1
9740.0,2.7055555555555557,0.2621992908709645,3.566344686373657,4.092934876861699,41.819104767393085,0.022942523937584544,cutoff,S3_gaming,1
9742.0,2.706111111111111,0.26203989244191633,3.5662623378585416,4.092934876861699,41.81727048520295,0.022943053198485636,cutoff,S3_gaming,1
9744.0,2.7066666666666666,0.2618804903321134,3.5661799873154734,4.092934876861699,41.815436200309776,0.02294358249683974,cutoff,S3_gaming,1
9746.0,2.707222222222222,0.26172108454129506,3.5660976347443,4.092934876861699,41.8136019127133,0.02294411183265075,cutoff,S3_gaming,1
9748.0,2.707777777777778,0.2615616750692006,3.566015280144869,4.092934876861699,41.81176762241328,0.022944641205922593,cutoff,S3_gaming,1
9750.0,2.7083333333333335,0.2614022619155693,3.5659329235170287,4.092934876861699,41.80993332940947,0.022945170616659218,cutoff,S3_gaming,1
9752.0,2.7088888888888887,0.2612428450801405,3.5658505648606265,4.092934876861699,41.808099033701616,0.022945700064864606,cutoff,S3_gaming,1
9754.0,2.7094444444444443,0.2610834245626534,3.5657682041755105,4.092934876861699,41.80626473528949,0.022946229550542763,cutoff,S3_gaming,1
9756.0,2.71,0.2609240003628472,3.5656858414615273,4.092934876861699,41.80443043417283,0.02294675907369771,cutoff,S3_gaming,1
9758.0,2.7105555555555556,0.26076457248046103,3.565603476718525,4.092934876861699,41.80259613035139,0.022947288634333506,cutoff,S3_gaming,1
9760.0,2.7111111111111112,0.26060514091523407,3.5655211099463524,4.092934876861699,41.80076182382494,0.02294781823245421,cutoff,S3_gaming,1
9762.0,2.7116666666666664,0.2604457056669054,3.565438741144854,4.092934876861699,41.79892751459322,0.02294834786806392,cutoff,S3_gaming,1
9764.0,2.712222222222222,0.2602862667352141,3.565356370313881,4.092934876861699,41.797093202655965,0.022948877541166746,cutoff,S3_gaming,1
9766.0,2.7127777777777777,0.26012682411989924,3.5652739974532777,4.092934876861699,41.79525888801297,0.022949407251766817,cutoff,S3_gaming,1
9768.0,2.7133333333333334,0.2599673778206998,3.565191622562893,4.092934876861699,41.793424570663916,0.022949936999868283,cutoff,S3_gaming,1
9770.0,2.713888888888889,0.25980792783735474,3.5651092456425735,4.092934876861699,41.791590250608614,0.022950466785475302,cutoff,S3_gaming,1
9772.0,2.7144444444444447,0.25964847416960307,3.5650268666921674,4.092934876861699,41.78975592784679,0.02295099660859206,cutoff,S3_gaming,1
9774.0,2.715,0.25948901681718367,3.5649444857115213,4.092934876861699,41.7879216023782,0.02295152646922275,cutoff,S3_gaming,1
9776.0,2.7155555555555555,0.2593295557798354,3.5648621027004825,4.092934876861699,41.78608727420258,0.022952056367371586,cutoff,S3_gaming,1
9778.0,2.716111111111111,0.2591700910572972,3.5647797176588987,4.092934876861699,41.7842529433197,0.02295258630304279,cutoff,S3_gaming,1
9780.0,2.716666666666667,0.25901062264930785,3.5646973305866165,4.092934876861699,41.782418609729284,0.0229531162762406,cutoff,S3_gaming,1
9782.0,2.7172222222222224,0.25885115055560615,3.5646149414834842,4.092934876861699,41.7805842734311,0.022953646286969262,cutoff,S3_gaming,1
9784.0,2.7177777777777776,0.2586916747759308,3.5645325503493472,4.092934876861699,41.77874993442488,0.022954176335233046,cutoff,S3_gaming,1
9786.0,2.7183333333333333,0.2585321953100206,3.5644501571840537,4.092934876861699,41.776915592710374,0.02295470642103622,cutoff,S3_gaming,1
9788.0,2.718888888888889,0.2583727121576142,3.5643677619874508,4.092934876861699,41.77508124828733,0.022955236544383077,cutoff,S3_gaming,1
9790.0,2.7194444444444446,0.2582132253184503,3.5642853647593835,4.092934876861699,41.77324690115551,0.022955766705277908,cutoff,S3_gaming,1
9792.0,2.72,0.25805373479226756,3.564202965499702,4.092934876861699,41.771412551314654,0.022956296903725016,cutoff,S3_gaming,1
9794.0,2.7205555555555554,0.25789424057880456,3.564120564208251,4.092934876861699,41.769578198764485,0.02295682713972872,cutoff,S3_gaming,1
9796.0,2.721111111111111,0.2577347426777999,3.564038160884879,4.092934876861699,41.76774384350476,0.02295735741329335,cutoff,S3_gaming,1
9798.0,2.7216666666666667,0.2575752410889921,3.5639557555294314,4.092934876861699,41.76590948553527,0.02295788772442323,cutoff,S3_gaming,1
9800.0,2.7222222222222223,0.2574157358121197,3.5638733481417564,4.092934876861699,41.7640751248557,0.02295841807312271,cutoff,S3_gaming,1
9802.0,2.722777777777778,0.2572562268469211,3.5637909387217,4.092934876861699,41.76224076146582,0.022958948459396136,cutoff,S3_gaming,1
9804.0,2.723333333333333,0.25709671419313485,3.5637085272691094,4.092934876861699,41.760406395365365,0.02295947888324787,cutoff,S3_gaming,1
9806.0,2.723888888888889,0.2569371978504993,3.5636261137838314,4.092934876861699,41.7585720265541,0.022960009344682272,cutoff,S3_gaming,1
9808.0,2.7244444444444444,0.2567776778187528,3.563543698265712,4.092934876861699,41.75673765503174,0.02296053984370372,cutoff,S3_gaming,1
9810.0,2.725,0.25661815409763383,3.563461280714599,4.092934876861699,41.754903280798075,0.022961070380316587,cutoff,S3_gaming,1
9812.0,2.7255555555555557,0.25645862668688063,3.5633788611303387,4.092934876861699,41.75306890385279,0.022961600954525263,cutoff,S3_gaming,1
9814.0,2.726111111111111,0.25629909558623154,3.563296439512778,4.092934876861699,41.75123452419568,0.02296213156633414,cutoff,S3_gaming,1
9816.0,2.7266666666666666,0.25613956079542477,3.5632140158617633,4.092934876861699,41.749400141826456,0.022962662215747612,cutoff,S3_gaming,1
9818.0,2.727222222222222,0.2559800223141986,3.5631315901771416,4.092934876861699,41.7475657567449,0.022963192902770088,cutoff,S3_gaming,1
9820.0,2.727777777777778,0.25582048014229114,3.5630491624587597,4.092934876861699,41.74573136895071,0.022963723627405973,cutoff,S3_gaming,1
9822.0,2.7283333333333335,0.25566093427944064,3.5629667327064625,4.092934876861699,41.743896978443665,0.022964254389659683,cutoff,S3_gaming,1
9824.0,2.7288888888888887,0.25550138472538525,3.562884300920099,4.092934876861699,41.742062585223486,0.022964785189535635,cutoff,S3_gaming,1
9826.0,2.7294444444444443,0.255341831479863,3.562801867099515,4.092934876861699,41.74022818928993,0.022965316027038253,cutoff,S3_gaming,1
9828.0,2.73,0.255182274542612,3.5627194312445556,4.092934876861699,41.73839379064273,0.022965846902171967,cutoff,S3_gaming,1
9830.0,2.7305555555555556,0.2550227139133703,3.5626369933550692,4.092934876861699,41.73655938928165,0.022966377814941208,cutoff,S3_gaming,1
9832.0,2.7311111111111113,0.2548631495918759,3.5625545534309007,4.092934876861699,41.73472498520642,0.022966908765350413,cutoff,S3_gaming,1
9834.0,2.7316666666666665,0.25470358157786677,3.5624721114718985,4.092934876861699,41.73289057841678,0.022967439753404026,cutoff,S3_gaming,1
9836.0,2.732222222222222,0.2545440098710809,3.5623896674779076,4.092934876861699,41.73105616891246,0.022967970779106485,cutoff,S3_gaming,1
9838.0,2.7327777777777778,0.25438443447125614,3.562307221448774,4.092934876861699,41.729221756693235,0.022968501842462245,cutoff,S3_gaming,1
9840.0,2.7333333333333334,0.25422485537813044,3.562224773384345,4.092934876861699,41.72738734175881,0.022969032943475756,cutoff,S3_gaming,1
9842.0,2.733888888888889,0.2540652725914416,3.562142323284468,4.092934876861699,41.72555292410897,0.022969564082151474,cutoff,S3_gaming,1
9844.0,2.7344444444444442,0.2539056861109275,3.5620598711489864,4.092934876861699,41.72371850374342,0.02297009525849386,cutoff,S3_gaming,1
9846.0,2.735,0.2537460959363259,3.5619774169777494,4.092934876861699,41.72188408066192,0.022970626472507374,cutoff,S3_gaming,1
9848.0,2.7355555555555555,0.25358650206737454,3.5618949607706023,4.092934876861699,41.72004965486421,0.022971157724196483,cutoff,S3_gaming,1
9850.0,2.736111111111111,0.25342690450381117,3.56181250252739,4.092934876861699,41.71821522635003,0.022971689013565656,cutoff,S3_gaming,1
9852.0,2.736666666666667,0.2532673032453735,3.5617300422479614,4.092934876861699,41.716380795119136,0.02297222034061936,cutoff,S3_gaming,1
9854.0,2.737222222222222,0.2531076982917992,3.561647579932161,4.092934876861699,41.71454636117126,0.022972751705362074,cutoff,S3_gaming,1
9856.0,2.7377777777777776,0.25294808964282584,3.5615651155798353,4.092934876861699,41.71271192450613,0.022973283107798274,cutoff,S3_gaming,1
9858.0,2.7383333333333333,0.2527884772981911,3.561482649190831,4.092934876861699,41.71087748512351,0.022973814547932438,cutoff,S3_gaming,1
9860.0,2.738888888888889,0.2526288612576325,3.561400180764994,4.092934876861699,41.70904304302312,0.022974346025769046,cutoff,S3_gaming,1
9862.0,2.7394444444444446,0.25246924152088757,3.56131771030217,4.092934876861699,41.70720859820473,0.022974877541312583,cutoff,S3_gaming,1
9864.0,2.74,0.25230961808769387,3.5612352378022054,4.092934876861699,41.70537415066804,0.022975409094567537,cutoff,S3_gaming,1
9866.0,2.7405555555555554,0.25214999095778884,3.561152763264947,4.092934876861699,41.70353970041284,0.022975940685538394,cutoff,S3_gaming,1
9868.0,2.741111111111111,0.2519903601309099,3.56107028669024,4.092934876861699,41.701705247438845,0.022976472314229647,cutoff,S3_gaming,1
9870.0,2.7416666666666667,0.25183072560679454,3.5609878080779303,4.092934876861699,41.699870791745795,0.02297700398064579,cutoff,S3_gaming,1
9872.0,2.7422222222222223,0.25167108738518007,3.560905327427865,4.092934876861699,41.698036333333455,0.022977535684791318,cutoff,S3_gaming,1
9874.0,2.742777777777778,0.25151144546580384,3.560822844739889,4.092934876861699,41.696201872201534,0.022978067426670724,cutoff,S3_gaming,1
9876.0,2.743333333333333,0.2513517998484032,3.56074036001385,4.092934876861699,41.694367408349784,0.022978599206288513,cutoff,S3_gaming,1
9878.0,2.743888888888889,0.2511921505327155,3.5606578732495917,4.092934876861699,41.69253294177794,0.022979131023649183,cutoff,S3_gaming,1
9880.0,2.7444444444444445,0.25103249751847784,3.560575384446962,4.092934876861699,41.69069847248577,0.02297966287875724,cutoff,S3_gaming,1
9882.0,2.745,0.25087284080542754,3.560492893605806,4.092934876861699,41.68886400047299,0.022980194771617182,cutoff,S3_gaming,1
9884.0,2.7455555555555557,0.2507131803933018,3.56041040072597,4.092934876861699,41.68702952573935,0.022980726702233518,cutoff,S3_gaming,1
9886.0,2.746111111111111,0.2505535162818378,3.560327905807299,4.092934876861699,41.68519504828459,0.022981258670610755,cutoff,S3_gaming,1
9888.0,2.7466666666666666,0.2503938484707726,3.56024540884964,4.092934876861699,41.68336056810845,0.022981790676753405,cutoff,S3_gaming,1
9890.0,2.7472222222222222,0.25023417695984335,3.560162909852838,4.092934876861699,41.68152608521067,0.022982322720665978,cutoff,S3_gaming,1
9892.0,2.747777777777778,0.2500745017487871,3.5600804088167393,4.092934876861699,41.67969159959099,0.022982854802352987,cutoff,S3_gaming,1
9894.0,2.7483333333333335,0.24991482283734087,3.55999790574119,4.092934876861699,41.67785711124916,0.022983386921818942,cutoff,S3_gaming,1
9896.0,2.7488888888888887,0.2497551402252417,3.5599154006260356,4.092934876861699,41.67602262018491,0.022983919079068365,cutoff,S3_gaming,1
9898.0,2.7494444444444444,0.2495954539122265,3.5598328934711216,4.092934876861699,41.67418812639798,0.02298445127410577,cutoff,S3_gaming,1
9900.0,2.75,0.2494357638980323,3.559750384276294,4.092934876861699,41.67235362988813,0.022984983506935674,cutoff,S3_gaming,1
9902.0,2.7505555555555556,0.24927607018239592,3.559667873041399,4.092934876861699,41.670519130655066,0.022985515777562603,cutoff,S3_gaming,1
9904.0,2.7511111111111113,0.2491163727650543,3.5595853597662814,4.092934876861699,41.66868462869856,0.02298604808599107,cutoff,S3_gaming,1
9906.0,2.7516666666666665,0.24895667164574425,3.5595028444507877,4.092934876861699,41.666850124018325,0.022986580432225606,cutoff,S3_gaming,1
9908.0,2.752222222222222,0.2487969668242026,3.5594203270947635,4.092934876861699,41.665015616614134,0.022987112816270725,cutoff,S3_gaming,1
9910.0,2.7527777777777778,0.24863725830016611,3.559337807698053,4.092934876861699,41.66318110648571,0.02298764523813096,cutoff,S3_gaming,1
9912.0,2.7533333333333334,0.24847754607337155,3.5592552862605045,4.092934876861699,41.66134659363277,0.022988177697810835,cutoff,S3_gaming,1
9914.0,2.753888888888889,0.24831783014355566,3.559172762781962,4.092934876861699,41.6595120780551,0.022988710195314874,cutoff,S3_gaming,1
9916.0,2.7544444444444443,0.24815811051045508,3.5590902372622715,4.092934876861699,41.65767755975242,0.02298924273064761,cutoff,S3_gaming,1
9918.0,2.755,0.2479983871738065,3.559007709701278,4.092934876861699,41.655843038724456,0.02298977530381357,cutoff,S3_gaming,1
9920.0,2.7555555555555555,0.24783866013334654,3.5589251800988273,4.092934876861699,41.654008514970954,0.022990307914817286,cutoff,S3_gaming,1
9922.0,2.756111111111111,0.24767892938881178,3.558842648454766,4.092934876861699,41.65217398849168,0.02299084056366329,cutoff,S3_gaming,1
9924.0,2.756666666666667,0.2475191949399388,3.5587601147689387,4.092934876861699,41.65033945928633,0.02299137325035612,cutoff,S3_gaming,1
9926.0,2.757222222222222,0.2473594567864641,3.55867757904119,4.092934876861699,41.6485049273547,0.022991905974900306,cutoff,S3_gaming,1
9928.0,2.7577777777777777,0.24719971492812418,3.5585950412713667,4.092934876861699,41.64667039269648,0.022992438737300384,cutoff,S3_gaming,1
9930.0,2.7583333333333333,0.24703996936465553,3.5585125014593144,4.092934876861699,41.64483585531142,0.02299297153756089,cutoff,S3_gaming,1
9932.0,2.758888888888889,0.24688022009579458,3.558429959604877,4.092934876861699,41.64300131519927,0.022993504375686362,cutoff,S3_gaming,1
9934.0,2.7594444444444446,0.24672046712127774,3.5583474157079023,4.092934876861699,41.641166772359774,0.022994037251681337,cutoff,S3_gaming,1
9936.0,2.76,0.24656071044084135,3.5582648697682333,4.092934876861699,41.63933222679267,0.02299457016555036,cutoff,S3_gaming,1
9938.0,2.7605555555555554,0.24640095005422177,3.5581823217857176,4.092934876861699,41.63749767849767,0.02299510311729797,cutoff,S3_gaming,1
9940.0,2.761111111111111,0.24624118596115532,3.5580997717601988,4.092934876861699,41.63566312747456,0.022995636106928705,cutoff,S3_gaming,1
9942.0,2.7616666666666667,0.24608141816137827,3.5580172196915227,4.092934876861699,41.633828573723044,0.02299616913444711,cutoff,S3_gaming,1
9944.0,2.7622222222222224,0.24592164665462685,3.5579346655795354,4.092934876861699,41.63199401724288,0.02299670219985773,cutoff,S3_gaming,1
9946.0,2.762777777777778,0.24576187144063727,3.557852109424081,4.092934876861699,41.630159458033795,0.022997235303165105,cutoff,S3_gaming,1
9948.0,2.763333333333333,0.24560209251914572,3.5577695512250056,4.092934876861699,41.628324896095535,0.022997768444373786,cutoff,S3_gaming,1
9950.0,2.763888888888889,0.24544230988988835,3.5576869909821545,4.092934876861699,41.62649033142784,0.02299830162348832,cutoff,S3_gaming,1
9952.0,2.7644444444444445,0.24528252355260127,3.5576044286953725,4.092934876861699,41.62465576403045,0.02299883484051325,cutoff,S3_gaming,1
9954.0,2.765,0.24512273350702057,3.557521864364505,4.092934876861699,41.6228211939031,0.022999368095453124,cutoff,S3_gaming,1
9956.0,2.7655555555555558,0.2449629397528823,3.557439297989397,4.092934876861699,41.62098662104554,0.022999901388312496,cutoff,S3_gaming,1
9958.0,2.766111111111111,0.2448031422899225,3.5573567295698947,4.092934876861699,41.61915204545749,0.02300043471909592,cutoff,S3_gaming,1
9960.0,2.7666666666666666,0.24464334111787714,3.5572741591058423,4.092934876861699,41.617317467138705,0.023000968087807938,cutoff,S3_gaming,1
9962.0,2.7672222222222222,0.2444835362364822,3.5571915865970847,4.092934876861699,41.61548288608893,0.023001501494453108,cutoff,S3_gaming,1
9964.0,2.767777777777778,0.24432372764547358,3.5571090120434676,4.092934876861699,41.61364830230787,0.02300203493903598,cutoff,S3_gaming,1
9966.0,2.7683333333333335,0.2441639153445872,3.557026435444836,4.092934876861699,41.61181371579532,0.023002568421561106,cutoff,S3_gaming,1
9968.0,2.7688888888888887,0.2440040993335589,3.5569438568010354,4.092934876861699,41.60997912655096,0.023003101942033047,cutoff,S3_gaming,1
9970.0,2.7694444444444444,0.24384427961212454,3.5568612761119094,4.092934876861699,41.608144534574556,0.023003635500456355,cutoff,S3_gaming,1
9972.0,2.77,0.2436844561800199,3.556778693377305,4.092934876861699,41.60630993986587,0.02300416909683559,cutoff,S3_gaming,1
9974.0,2.7705555555555557,0.24352462903698077,3.556696108597066,4.092934876861699,41.6044753424246,0.023004702731175306,cutoff,S3_gaming,1
9976.0,2.7711111111111113,0.24336479818274287,3.5566135217710375,4.092934876861699,41.602640742250514,0.023005236403480064,cutoff,S3_gaming,1
9978.0,2.7716666666666665,0.2432049636170419,3.556530932899065,4.092934876861699,41.60080613934333,0.02300577011375442,cutoff,S3_gaming,1
9980.0,2.772222222222222,0.24304512533961356,3.556448341980993,4.092934876861699,41.598971533702795,0.023006303862002937,cutoff,S3_gaming,1
9982.0,2.772777777777778,0.24288528335019346,3.5563657490166665,4.092934876861699,41.597136925328655,0.023006837648230173,cutoff,S3_gaming,1
9984.0,2.7733333333333334,0.24272543764851723,3.5562831540059308,4.092934876861699,41.59530231422064,0.023007371472440693,cutoff,S3_gaming,1
9986.0,2.773888888888889,0.24256558823432042,3.5562005569486304,4.092934876861699,41.59346770037849,0.023007905334639058,cutoff,S3_gaming,1
9988.0,2.7744444444444443,0.2424057351073386,3.5561179578446103,4.092934876861699,41.59163308380195,0.023008439234829835,cutoff,S3_gaming,1
9990.0,2.775,0.24224587826730726,3.5560353566937155,4.092934876861699,41.589798464490755,0.023008973173017585,cutoff,S3_gaming,1
9992.0,2.7755555555555556,0.2420860177139619,3.5559527534957907,4.092934876861699,41.587963842444644,0.02300950714920687,cutoff,S3_gaming,1
9994.0,2.776111111111111,0.241926153447038,3.5558701482506807,4.092934876861699,41.58612921766335,0.023010041163402262,cutoff,S3_gaming,1
9996.0,2.776666666666667,0.24176628546627094,3.5557875409582302,4.092934876861699,41.58429459014661,0.023010575215608328,cutoff,S3_gaming,1
9998.0,2.777222222222222,0.2416064137713961,3.5557049316182843,4.092934876861699,41.58245995989418,0.02301110930582963,cutoff,S3_gaming,1
10000.0,2.7777777777777777,0.24144653836214885,3.555622320230688,4.092934876861699,41.580625326905775,0.023011643434070743,cutoff,S3_gaming,1
10002.0,2.7783333333333333,0.24128665923826453,3.5555397067952854,4.092934876861699,41.57879069118116,0.023012177600336234,cutoff,S3_gaming,1
10004.0,2.778888888888889,0.2411025685860768,3.5413282773166377,4.69404159768895,41.572804450906105,0.02318272267358599,cutoff,S3_gaming,1
10006.0,2.7794444444444446,0.24093150044278755,3.5486747670213212,4.370968125196539,41.5692413949601,0.023253493389166182,cutoff,S3_gaming,1
10008.0,2.78,0.24076077372048468,3.548721231746162,4.362297799468604,41.56581571309597,0.023318414780427236,cutoff,S3_gaming,1
10010.0,2.7805555555555554,0.2405902994729854,3.548721513936472,4.355843897622352,41.56250563414187,0.0233783967895053,cutoff,S3_gaming,1
10012.0,2.781111111111111,0.24042001152749704,3.5486879959009983,4.351039827931306,41.55929430729603,0.023434145043113405,cutoff,S3_gaming,1
10014.0,2.7816666666666667,0.24024986065756068,3.548629864545075,4.3474638383754955,41.55616857471192,0.023486211740412908,cutoff,S3_gaming,1
10016.0,2.7822222222222224,0.2400798102476152,3.548553930693264,4.344801990790916,41.55311805677395,0.023535033583435835,cutoff,S3_gaming,1
10018.0,2.7827777777777776,0.23990983306695252,3.548465238374984,4.342820600058937,41.55013447000454,0.02358096006638725,cutoff,S3_gaming,1
10020.0,2.783333333333333,0.23973990886896657,3.5483675180095338,4.341345718756374,41.547211118094026,0.023624274589241434,cutoff,S3_gaming,1
10022.0,2.783888888888889,0.23957002260445373,3.548263523529626,4.340247866211925,41.54434251180371,0.023665210229147537,cutoff,S3_gaming,1
10024.0,2.7844444444444445,0.23940016309184756,3.548155283187132,4.339430661324142,41.54152408482755,0.023703961533613826,cutoff,S3_gaming,1
10026.0,2.785,0.23923032202750344,3.54804428614826,4.33882236120953,41.538751981124236,0.023740693350369074,cutoff,S3_gaming,1
10028.0,2.7855555555555553,0.23906049324906453,3.5479316213159744,4.338369562853856,41.53602289549687,0.02377554744920268,cutoff,S3_gaming,1
10030.0,2.786111111111111,0.23889067218719173,3.54781808060549,4.338032514831052,41.53333395385759,0.02380864749797719,cutoff,S3_gaming,1
10032.0,2.7866666666666666,0.23872085545749458,3.547704235767994,4.337781627502835,41.53068262308123,0.02384010281132976,cutoff,S3_gaming,1
10034.0,2.7872222222222223,0.2385510405568173,3.547590495529715,4.337594875327475,41.528066642932245,0.023870011183663515,cutoff,S3_gaming,1
10036.0,2.787777777777778,0.23839103961759123,3.553204919406502,4.093339659752194,41.52716607320696,0.023829537712316398,cutoff,S3_gaming,1
10038.0,2.7883333333333336,0.23823104095788247,3.5531647223731926,4.093236183770605,41.526220931637994,0.023791022149038554,cutoff,S3_gaming,1
10040.0,2.7888888888888888,0.23807104342779692,3.5531219942316716,4.093159159694513,41.52523319817363,0.023754377081078217,cutoff,S3_gaming,1
10042.0,2.7894444444444444,0.2379110461527257,3.553076978162963,4.0931018255363165,41.524204802791196,0.02371951742553796,cutoff,S3_gaming,1
10044.0,2.79,0.23775104846387454,3.553029874726121,4.093059147897546,41.52313761617219,0.02368636080363802,cutoff,S3_gaming,1
10046.0,2.7905555555555557,0.23759104984650822,3.5529808518069337,4.093027380083937,41.522033443831454,0.023654827772310944,cutoff,S3_gaming,1
10048.0,2.7911111111111113,0.23743104990138428,3.5529300520692226,4.0930037331810025,41.52089402276492,0.023624841951876464,cutoff,S3_gaming,1
10050.0,2.7916666666666665,0.2372710483160057,3.552877598544969,4.092986131213637,41.51972101992355,0.02359633007852898,cutoff,S3_gaming,1
10052.0,2.792222222222222,0.2371110448431848,3.5528235988369588,4.092973028895081,41.51851603199938,0.02356922200291992,cutoff,S3_gaming,1
10054.0,2.792777777777778,0.23695103928505096,3.5527681482866225,4.092963275965309,41.51728058614353,0.023543450650576708,cutoff,S3_gaming,1
10056.0,2.7933333333333334,0.23679103148111247,3.5527113323696926,4.092956016209051,41.51601614133597,0.02351895195578088,cutoff,S3_gaming,1
10058.0,2.793888888888889,0.23663102129933755,3.5526532285152514,4.0929506122881625,41.514724090199586,0.023495664777466237,cutoff,S3_gaming,1
10060.0,2.7944444444444443,0.23647100862948467,3.5525939074938395,4.092946589789343,41.51340576110664,0.0234735308034235,cutoff,S3_gaming,1
10062.0,2.795,0.23631099337810832,3.5525334344831276,4.092943595575127,41.51206242046644,0.023452494447408958,cutoff,S3_gaming,1
10064.0,2.7955555555555556,0.2361509754648136,3.552471869892019,4.092941366781738,41.510695275112894,0.02343250274250141,cutoff,S3_gaming,1
10066.0,2.796111111111111,0.23599095481944163,3.552409270003425,4.092939707742134,41.50930547473332,0.023413505233122682,cutoff,S3_gaming,1
10068.0,2.796666666666667,0.23583093137994932,3.5523456874806634,4.09293847280828,41.50789411429644,0.02339545386744902,cutoff,S3_gaming,1
10070.0,2.797222222222222,0.23567090509080682,3.5522811717709644,4.092937553564629,41.50646223644984,0.023378302891431883,cutoff,S3_gaming,1
10072.0,2.7977777777777777,0.23551087590178202,3.5522157694311214,4.092936869310256,41.50501083386593,0.023362008745271483,cutoff,S3_gaming,1
10074.0,2.7983333333333333,0.23535084376701376,3.5521495243939496,4.092936359974078,41.50354085152252,0.0233465299629098,cutoff,S3_gaming,1
10076.0,2.798888888888889,0.23519080864430145,3.552082478189524,4.092935980841182,41.50205318890898,0.023331827074907285,cutoff,S3_gaming,1
10078.0,2.7994444444444446,0.23503077049455637,3.5520146701316397,4.092935698627277,41.500548702152074,0.02331786251491923,cutoff,S3_gaming,1
10080.0,2.8,0.23487072928137465,3.551946137477341,4.092935488556639,41.49902820605881,0.02330460052988017,cutoff,S3_gaming,1
10082.0,2.8005555555555555,0.23471068497070147,3.5518769155653924,4.09293533218705,41.49749247607521,0.02329200709392721,cutoff,S3_gaming,1
10084.0,2.801111111111111,0.2345506375305641,3.5518070379381115,4.092935215790733,41.495942250161235,0.023280049826037836,cutoff,S3_gaming,1
10086.0,2.8016666666666667,0.2343905869308571,3.5517365364499236,4.092935129149189,41.49437823058301,0.023268697911318838,cutoff,S3_gaming,1
10088.0,2.8022222222222224,0.23423053314316702,3.551665441365155,4.092935064656109,41.49280108562449,0.023257922025856304,cutoff,S3_gaming,1
10090.0,2.8027777777777776,0.2340704761406273,3.5515937814469933,4.092935016649606,41.49121145122069,0.02324769426501874,cutoff,S3_gaming,1
10092.0,2.8033333333333332,0.2339104158977962,3.5515215840390986,4.092934980915164,41.489609932515265,0.023237988075094154,cutoff,S3_gaming,1
10094.0,2.803888888888889,0.23375035239055306,3.551448875140987,4.092934954315634,41.487997105345045,0.023228778188135336,cutoff,S3_gaming,1
10096.0,2.8044444444444445,0.23359028559600795,3.5513756794780726,4.09293493451583,41.48637351765476,0.023220040559884542,cutoff,S3_gaming,1
10098.0,2.805,0.23343021549242288,3.551302020567068,4.092934919777515,41.48473969084439,0.023211752310648252,cutoff,S3_gaming,1
10100.0,2.8055555555555554,0.2332701420591415,3.551227920777267,4.092934908806804,41.48309612105252,0.02320389166899381,cutoff,S3_gaming,1
10102.0,2.806111111111111,0.233110065276526,3.551153401388175,4.0929349006405715,41.481443280378045,0.023196437918142184,cutoff,S3_gaming,1
10104.0,2.8066666666666666,0.23294998512589973,3.551078482643824,4.0929348945619,41.47978161804357,0.023189371344934446,cutoff,S3_gaming,1
10106.0,2.8072222222222223,0.23278990158949478,3.5510031838040623,4.09293489003714,41.47811156150262,0.023182673191253302,cutoff,S3_gaming,1
10108.0,2.807777777777778,0.23262981465040344,3.5509275231930864,4.092934886669058,41.47643351749372,0.02317632560778528,cutoff,S3_gaming,1
10110.0,2.808333333333333,0.23246972429253335,3.5508515182453957,4.092934884161971,41.47474787304347,0.023170311610013556,cutoff,S3_gaming,1
10112.0,2.8088888888888888,0.23230963050056544,3.5507751855493646,4.092934882295778,41.473054996421425,0.023164615036335767,cutoff,S3_gaming,1
10114.0,2.8094444444444444,0.23214953325991478,3.550698540888589,4.092934880906647,41.47135523804856,0.023159220508205822,cutoff,S3_gaming,1
10116.0,2.81,0.23198943255669355,3.5506215992811367,4.092934879872623,41.469648931362144,0.023154113392202948,cutoff,S3_gaming,1
10118.0,2.8105555555555557,0.2318293283776764,3.550544375016829,4.0929348791029305,41.46793639363846,0.023149279763935666,cutoff,S3_gaming,1
10120.0,2.811111111111111,0.23166922071026746,3.550466881692674,4.092934878529998,41.466217926776,0.023144706373692547,cutoff,S3_gaming,1
10122.0,2.8116666666666665,0.23150910954246945,3.55038913224654,4.092934878103525,41.464493818040545,0.023140380613755673,cutoff,S3_gaming,1
10124.0,2.812222222222222,0.23134899486285415,3.5503111389891693,4.092934877786073,41.46276434077426,0.023136290487296686,cutoff,S3_gaming,1
10126.0,2.812777777777778,0.23118887666053464,3.55023291363463,4.092934877549772,41.461029755070456,0.023132424578779027,cutoff,S3_gaming,1
10128.0,2.8133333333333335,0.2310287549251388,3.550154467329265,4.092934877373878,41.45929030841571,0.023128772025793668,cutoff,S3_gaming,1
10130.0,2.813888888888889,0.23086862964678417,3.5500758106792385,4.092934877242948,41.45754623630072,0.023125322492258998,cutoff,S3_gaming,1
10132.0,2.8144444444444443,0.23070850081605423,3.549996953776727,4.092934877145487,41.45579776280181,0.023122066142918934,cutoff,S3_gaming,1
10134.0,2.815,0.2305483684239756,3.5499179062248505,4.092934877072942,41.45404510113402,0.023118993619076433,cutoff,S3_gaming,1
10136.0,2.8155555555555556,0.23038823246199666,3.549838677161375,4.0929348770189415,41.45228845417758,0.023116096015502626,cutoff,S3_gaming,1
10138.0,2.8161111111111112,0.23022809292196691,3.549759275281276,4.092934876978745,41.45052801497879,0.02311336485846465,cutoff,S3_gaming,1
10140.0,2.816666666666667,0.2300679497961177,3.5496797088581986,4.092934876948824,41.44876396722664,0.02311079208481803,cutoff,S3_gaming,1
10142.0,2.817222222222222,0.2299078030770435,3.5495999857648766,4.092934876926552,41.44699648570637,0.023108370022112027,cutoff,S3_gaming,1
10144.0,2.8177777777777777,0.2297476527576845,3.549520113492565,4.092934876909974,41.445225736731,0.02310609136965894,cutoff,S3_gaming,1
10146.0,2.8183333333333334,0.22958749883130966,3.5494400991695274,4.092934876897633,41.443451878551905,0.02310394918052063,cutoff,S3_gaming,1
10148.0,2.818888888888889,0.229427341291501,3.549359949578623,4.092934876888447,41.44167506174972,0.02310193684436783,cutoff,S3_gaming,1
10150.0,2.8194444444444446,0.2292671801321382,3.549279671174049,4.09293487688161,41.43989542960599,0.02310004807117001,cutoff,S3_gaming,1
10152.0,2.82,0.22910701534738434,3.549199270097262,4.0929348768765195,41.43811311845699,0.0230982768756755,cutoff,S3_gaming,1
10154.0,2.8205555555555555,0.2289468469316721,3.5491187521921366,4.0929348768727305,41.43632825803043,0.023096617562643616,cutoff,S3_gaming,1
10156.0,2.821111111111111,0.2287866748796908,3.5490381230193835,4.0929348768699105,41.43454097176568,0.02309506471279236,cutoff,S3_gaming,1
10158.0,2.8216666666666668,0.22862649918637376,3.548957387870268,4.092934876867812,41.432751377118684,0.02309361316942699,cutoff,S3_gaming,1
10160.0,2.8222222222222224,0.22846631984688673,3.54887655177967,4.092934876866249,41.430959585851845,0.02309225802571652,cutoff,S3_gaming,1
10162.0,2.8227777777777776,0.2283061368566165,3.548795619538505,4.092934876865086,41.42916570431013,0.02309099461258671,cutoff,S3_gaming,1
10164.0,2.8233333333333333,0.2281459502111602,3.548714595705544,4.09293487686422,41.427369833683585,0.023089818487199695,cutoff,S3_gaming,1
10166.0,2.823888888888889,0.22798575990631514,3.5486334846186645,4.092934876863575,41.4255720702572,0.023088725421991838,cutoff,S3_gaming,1
10168.0,2.8244444444444445,0.22782556593806913,3.548552290405552,4.0929348768630955,41.423772505648714,0.02308771139424274,cutoff,S3_gaming,1
10170.0,2.825,0.2276653683025912,3.548471016993885,4.0929348768627385,41.42197122703482,0.02308677257614968,cutoff,S3_gaming,1
10172.0,2.8255555555555554,0.22750516699622292,3.5483896681210267,4.092934876862473,41.420168317366404,0.023085905325383006,cutoff,S3_gaming,1
10174.0,2.826111111111111,0.22734496201546991,3.548308247343245,4.092934876862275,41.418363855573446,0.023085106176099136,cutoff,S3_gaming,1
10176.0,2.8266666666666667,0.22718475335699403,3.5482267580444886,4.092934876862127,41.41655791675986,0.02308437183038905,cutoff,S3_gaming,1
10178.0,2.8272222222222223,0.22702454101760575,3.5481452034447365,4.092934876862018,41.41475057238896,0.02308369915014111,cutoff,S3_gaming,1
10180.0,2.827777777777778,0.22686432499425693,3.5480635866079417,4.0929348768619365,41.41294189046001,0.0230830851492982,cutoff,S3_gaming,1
10182.0,2.828333333333333,0.22670410528403404,3.5479819104495918,4.092934876861876,41.41113193567599,0.02308252698649,cutoff,S3_gaming,1
10184.0,2.828888888888889,0.22654388188415156,3.5479001777439034,4.092934876861831,41.409320769603546,0.023082021958022305,cutoff,S3_gaming,1
10186.0,2.8294444444444444,0.22638365479194586,3.547818391130666,4.092934876861797,41.40750845082484,0.02308156749120601,cutoff,S3_gaming,1
10188.0,2.83,0.22622342400486928,3.547736553121757,4.092934876861772,41.40569503508241,0.023081161138009353,cutoff,S3_gaming,1
10190.0,2.8305555555555557,0.2260631895204845,3.547654666107337,4.0929348768617535,41.40388057541664,0.02308080056901773,cutoff,S3_gaming,1
10192.0,2.831111111111111,0.2259029513364591,3.5475727323617483,4.092934876861739,41.40206512229686,0.023080483567686185,cutoff,S3_gaming,1
10194.0,2.8316666666666666,0.22574270945056074,3.5474907540491296,4.092934876861729,41.40024872374588,0.023080208024870395,cutoff,S3_gaming,1
10196.0,2.832222222222222,0.225582463860652,3.547408733228752,4.0929348768617215,41.39843142545872,0.023079971933622653,cutoff,S3_gaming,1
10198.0,2.832777777777778,0.22542221456468603,3.5473266718601,4.092934876861715,41.396613270915275,0.02307977338424001,cutoff,S3_gaming,1
10200.0,2.8333333333333335,0.22526196156070202,3.5472445718077106,4.092934876861712,41.3947943014878,0.023079610559552346,cutoff,S3_gaming,1
10202.0,2.8338888888888887,0.2251017048468211,3.5471624348457684,4.092934876861708,41.39297455654306,0.023079481730438778,cutoff,S3_gaming,1
10204.0,2.8344444444444443,0.22494144442124234,3.547080262662489,4.0929348768617055,41.39115407353954,0.023079385251561294,cutoff,S3_gaming,1
10206.0,2.835,0.22478118028223898,3.5469980568642794,4.092934876861704,41.389332888119924,0.02307931955730513,cutoff,S3_gaming,1
10208.0,2.8355555555555556,0.22462091242815485,3.546915818979705,4.092934876861703,41.38751103419914,0.023079283157915836,cutoff,S3_gaming,1
10210.0,2.8361111111111112,0.22446064085740097,3.546833550463261,4.092934876861702,41.385688544048094,0.023079274635823543,cutoff,S3_gaming,1
10212.0,2.8366666666666664,0.22430036556845223,3.5467512526989586,4.092934876861701,41.38386544837337,0.023079292642145307,cutoff,S3_gaming,1
10214.0,2.837222222222222,0.22414008655984438,3.5466689270037457,4.0929348768617,41.382041776393066,0.023079335893356947,cutoff,S3_gaming,1
10216.0,2.8377777777777777,0.22397980383017102,3.5465865746307483,4.0929348768617,41.380217555908885,0.023079403168126154,cutoff,S3_gaming,1
10218.0,2.8383333333333334,0.2238195173780808,3.5465041967723727,4.0929348768617,41.37839281337497,0.023079493304299026,cutoff,S3_gaming,1
10220.0,2.838888888888889,0.22365922720227482,3.546421794563238,4.092934876861699,41.37656757396297,0.023079605196032645,cutoff,S3_gaming,1
10222.0,2.8394444444444447,0.223498933301504,3.546339369082983,4.092934876861699,41.37474186162443,0.023079737791066566,cutoff,S3_gaming,1
10224.0,2.84,0.22333863567456672,3.5462569213589252,4.092934876861699,41.37291569914981,0.023079890088126546,cutoff,S3_gaming,1
10226.0,2.8405555555555555,0.22317833432030648,3.546174452368602,4.092934876861699,41.37108910822479,0.02308006113445404,cutoff,S3_gaming,1
10228.0,2.841111111111111,0.22301802923760983,3.5460919630421737,4.092934876861699,41.36926210948388,0.023080250023455436,cutoff,S3_gaming,1
10230.0,2.841666666666667,0.2228577204254041,3.546009454264729,4.092934876861699,41.3674347225613,0.023080455892465157,cutoff,S3_gaming,1
10232.0,2.8422222222222224,0.22269740788265557,3.545926926878462,4.092934876861699,41.36560696613949,0.023080677920617198,cutoff,S3_gaming,1
10234.0,2.8427777777777776,0.22253709160836754,3.545844381684753,4.092934876861699,41.3637788579953,0.02308091532681975,cutoff,S3_gaming,1
10236.0,2.8433333333333333,0.2223767716015785,3.545761819446145,4.092934876861699,41.36195041504381,0.02308116736782799,cutoff,S3_gaming,1
10238.0,2.843888888888889,0.2222164478613605,3.545679240888228,4.092934876861699,41.36012165338014,0.023081433336410252,cutoff,S3_gaming,1
10240.0,2.8444444444444446,0.22205612038681743,3.5455966467014255,4.092934876861699,41.35829258831921,0.02308171255960303,cutoff,S3_gaming,1
10242.0,2.845,0.22189578917708355,3.545514037542703,4.092934876861699,41.35646323443353,0.02308200439705057,cutoff,S3_gaming,1
10244.0,2.8455555555555554,0.22173545423132202,3.5454314140371843,4.092934876861699,41.35463360558922,0.02308230823942488,cutoff,S3_gaming,1
10246.0,2.846111111111111,0.22157511554872342,3.545348776779699,4.092934876861699,41.35280371498024,0.023082623506922327,cutoff,S3_gaming,1
10248.0,2.8466666666666667,0.22141477312850452,3.545266126336246,4.092934876861699,41.35097357516093,0.023082949647833063,cutoff,S3_gaming,1
10250.0,2.8472222222222223,0.22125442696990696,3.545183463245396,4.092934876861699,41.34914319807707,0.02308328613717977,cutoff,S3_gaming,1
10252.0,2.847777777777778,0.22109407707219605,3.545100788019611,4.092934876861699,41.34731259509541,0.02308363247542237,cutoff,S3_gaming,1
10254.0,2.848333333333333,0.22093372343465958,3.5450181011465216,4.092934876861699,41.34548177703162,0.023083988187225492,cutoff,S3_gaming,1
10256.0,2.848888888888889,0.22077336605660686,3.5449354030901206,4.092934876861699,41.34365075417711,0.023084352820285658,cutoff,S3_gaming,1
10258.0,2.8494444444444444,0.2206130049373675,3.544852694291912,4.092934876861699,41.34181953632441,0.023084725944215304,cutoff,S3_gaming,1
10260.0,2.85,0.22045264007629056,3.544769975172001,4.092934876861699,41.33998813279134,0.023085107149480866,cutoff,S3_gaming,1
10262.0,2.8505555555555557,0.22029227147274358,3.5446872461301284,4.092934876861699,41.33815655244401,0.023085496046392335,cutoff,S3_gaming,1
10264.0,2.851111111111111,0.2201318991261116,3.5446045075466612,4.092934876861699,41.336324803718796,0.02308589226414175,cutoff,S3_gaming,1
10266.0,2.8516666666666666,0.21997152303579648,3.5445217597835272,4.092934876861699,41.334492894643056,0.023086295449888303,cutoff,S3_gaming,1
10268.0,2.852222222222222,0.2198111432012159,3.544439003185112,4.092934876861699,41.332660832855034,0.023086705267887753,cutoff,S3_gaming,1
10270.0,2.852777777777778,0.2196507596218027,3.544356238079105,4.092934876861699,41.330828625622736,0.02308712139866404,cutoff,S3_gaming,1
10272.0,2.8533333333333335,0.2194903722970041,3.544273464777313,4.092934876861699,41.32899627986177,0.023087543538221036,cutoff,S3_gaming,1
10274.0,2.8538888888888887,0.21932998122628106,3.5441906835764256,4.092934876861699,41.32716380215257,0.023087971397292472,cutoff,S3_gaming,1
10276.0,2.8544444444444443,0.21916958640910755,3.5441078947587505,4.092934876861699,41.325331198756544,0.02308840470062823,cutoff,S3_gaming,1
10278.0,2.855,0.21900918784496995,3.5440250985929103,4.092934876861699,41.32349847563157,0.023088843186315215,cutoff,S3_gaming,1
10280.0,2.8555555555555556,0.21884878553336645,3.5439422953345012,4.092934876861699,41.3216656384467,0.023089286605131116,cutoff,S3_gaming,1
10282.0,2.8561111111111113,0.21868837947380643,3.543859485226731,4.092934876861699,41.31983269259622,0.023089734719929502,cutoff,S3_gaming,1
10284.0,2.8566666666666665,0.21852796966581,3.543776668501014,4.092934876861699,41.317999643212836,0.023090187305054695,cutoff,S3_gaming,1
10286.0,2.857222222222222,0.21836755610890743,3.5436938453775455,4.092934876861699,41.31616649518052,0.023090644145785003,cutoff,S3_gaming,1
10288.0,2.8577777777777778,0.21820713880263862,3.543611016065842,4.092934876861699,41.31433325314641,0.023091105037802928,cutoff,S3_gaming,1
10290.0,2.8583333333333334,0.2180467177465527,3.543528180765264,4.092934876861699,41.31249992153242,0.023091569786691055,cutoff,S3_gaming,1
10292.0,2.858888888888889,0.21788629294020756,3.543445339665502,4.092934876861699,41.310666504546084,0.023092038207452346,cutoff,S3_gaming,1
10294.0,2.8594444444444442,0.2177258643831694,3.54336249294705,4.092934876861699,41.30883300619098,0.02309251012405369,cutoff,S3_gaming,1
10296.0,2.86,0.2175654320750124,3.5432796407816474,4.092934876861699,41.306999430276555,0.023092985368991584,cutoff,S3_gaming,1
10298.0,2.8605555555555555,0.21740499601531815,3.543196783332705,4.092934876861699,41.305165780427615,0.023093463782878822,cutoff,S3_gaming,1
10300.0,2.861111111111111,0.21724455620367555,3.5431139207557107,4.092934876861699,41.303332060093275,0.023093945214051254,cutoff,S3_gaming,1
10302.0,2.861666666666667,0.21708411263968028,3.5430310531986073,4.092934876861699,41.30149827255539,0.023094429518193554,cutoff,S3_gaming,1
10304.0,2.862222222222222,0.21692366532293447,3.542948180802165,4.092934876861699,41.29966442093675,0.023094916557983163,cutoff,S3_gaming,1
10306.0,2.8627777777777776,0.21676321425304648,3.5428653037003235,4.092934876861699,41.29783050820871,0.023095406202751464,cutoff,S3_gaming,1
10308.0,2.8633333333333333,0.2166027594296305,3.542782422020526,4.092934876861699,41.295996537198675,0.02309589832816136,cutoff,S3_gaming,1
10310.0,2.863888888888889,0.21644230085230634,3.5426995358840334,4.092934876861699,41.29416251059686,0.0230963928159005,cutoff,S3_gaming,1
10312.0,2.8644444444444446,0.2162818385206991,3.542616645406224,4.092934876861699,41.29232843096317,0.02309688955338937,cutoff,S3_gaming,1
10314.0,2.865,0.216121372434439,3.5425337506968764,4.092934876861699,41.29049430073333,0.023097388433503504,cutoff,S3_gaming,1
10316.0,2.8655555555555554,0.21596090259316097,3.542450851860444,4.092934876861699,41.288660122225025,0.02309788935430917,cutoff,S3_gaming,1
10318.0,2.866111111111111,0.21580042899650462,3.542367948996311,4.092934876861699,41.28682589764357,0.02309839221881186,cutoff,S3_gaming,1
10320.0,2.8666666666666667,0.21563995164411384,3.542285042199039,4.092934876861699,41.284991629087344,0.023098896934716985,cutoff,S3_gaming,1
10322.0,2.8672222222222223,0.2154794705356367,3.542202131558599,4.092934876861699,41.283157318553016,0.02309940341420212,cutoff,S3_gaming,1
10324.0,2.867777777777778,0.21531898567072522,3.5421192171605975,4.092934876861699,41.28132296794046,0.02309991157370034,cutoff,S3_gaming,1
10326.0,2.868333333333333,0.2151584970490351,3.542036299086482,4.092934876861699,41.27948857905745,0.023100421333694013,cutoff,S3_gaming,1
10328.0,2.868888888888889,0.21499800467022573,3.5419533774137495,4.092934876861699,41.277654153624084,0.02310093261851859,cutoff,S3_gaming,1
10330.0,2.8694444444444445,0.21483750853395975,3.5418704522161324,4.092934876861699,41.27581969327708,0.02310144535617594,cutoff,S3_gaming,1
10332.0,2.87,0.2146770086399031,3.5417875235637823,4.092934876861699,41.27398519957384,0.02310195947815667,cutoff,S3_gaming,1
10334.0,2.8705555555555557,0.2145165049877248,3.5417045915234477,4.092934876861699,41.272150673996194,0.02310247491927109,cutoff,S3_gaming,1
10336.0,2.871111111111111,0.2143559975770967,3.5416216561586302,4.092934876861699,41.27031611795419,0.023102991617488383,cutoff,S3_gaming,1
10338.0,2.8716666666666666,0.21419548640769354,3.5415387175297512,4.092934876861699,41.268481532789465,0.023103509513783524,cutoff,S3_gaming,1
10340.0,2.8722222222222222,0.2140349714791926,3.541455775694294,4.092934876861699,41.26664691977865,0.023104028551991652,cutoff,S3_gaming,1
10342.0,2.872777777777778,0.21387445279127373,3.5413728307069516,4.092934876861699,41.264812280136454,0.023104548678669484,cutoff,S3_gaming,1
10344.0,2.8733333333333335,0.21371393034361916,3.541289882619758,4.092934876861699,41.262977615018684,0.02310506984296344,cutoff,S3_gaming,1
10346.0,2.8738888888888887,0.21355340413591337,3.541206931482217,4.092934876861699,41.26114292552516,0.023105591996484175,cutoff,S3_gaming,1
10348.0,2.8744444444444444,0.21339287416784297,3.5411239773414294,4.092934876861699,41.25930821270228,0.023106115093187166,cutoff,S3_gaming,1
10350.0,2.875,0.2132323404390967,3.5410410202422016,4.092934876861699,41.257473477545794,0.023106639089259116,cutoff,S3_gaming,1
10352.0,2.8755555555555556,0.21307180294936517,3.5409580602271666,4.092934876861699,41.255638721003145,0.02310716394300982,cutoff,S3_gaming,1
10354.0,2.8761111111111113,0.2129112616983409,3.54087509733688,4.092934876861699,41.25380394397582,0.023107689614769316,cutoff,S3_gaming,1
10356.0,2.8766666666666665,0.21275071668571813,3.5407921316099276,4.092934876861699,41.2519691473216,0.02310821606678999,cutoff,S3_gaming,1
10358.0,2.877222222222222,0.2125901679111928,3.5407091630830148,4.092934876861699,41.2501343318567,0.023108743263153434,cutoff,S3_gaming,1
10360.0,2.8777777777777778,0.21242961537446248,3.5406261917910635,4.092934876861699,41.24829949835772,0.023109271169681804,cutoff,S3_gaming,1
10362.0,2.8783333333333334,0.21226905907522617,3.5405432177672944,4.092934876861699,41.24646464756362,0.023109799753853504,cutoff,S3_gaming,1
10364.0,2.878888888888889,0.21210849901318435,3.540460241043313,4.092934876861699,41.24462978017753,0.02311032898472292,cutoff,S3_gaming,1
10366.0,2.8794444444444443,0.2119479351880389,3.5403772616491818,4.092934876861699,41.242794896868475,0.023110858832844073,cutoff,S3_gaming,1
10368.0,2.88,0.21178736759949296,3.5402942796135024,4.092934876861699,41.240959998273034,0.023111389270197943,cutoff,S3_gaming,1
10370.0,2.8805555555555555,0.21162679624725092,3.540211294963482,4.092934876861699,41.23912508499693,0.023111920270123334,cutoff,S3_gaming,1
10372.0,2.881111111111111,0.21146622113101837,3.5401283077250025,4.092934876861699,41.237290157616506,0.02311245180725109,cutoff,S3_gaming,1
10374.0,2.881666666666667,0.21130564225050197,3.5400453179226816,4.092934876861699,41.235455216680144,0.023112983857441486,cutoff,S3_gaming,1
10376.0,2.882222222222222,0.21114505960540944,3.539962325579939,4.092934876861699,41.23362026270963,0.023113516397724652,cutoff,S3_gaming,1
10378.0,2.8827777777777777,0.21098447319544955,3.539879330719051,4.092934876861699,41.23178529620146,0.0231140494062439,cutoff,S3_gaming,1
10380.0,2.8833333333333333,0.21082388302033203,3.5397963333612075,4.092934876861699,41.22995031762806,0.02311458286220179,cutoff,S3_gaming,1
10382.0,2.883888888888889,0.21066328907976747,3.5397133335265627,4.092934876861699,41.2281153274389,0.023115116745808798,cutoff,S3_gaming,1
10384.0,2.8844444444444446,0.21050269137346733,3.5396303312342874,4.092934876861699,41.22628032606167,0.02311565103823448,cutoff,S3_gaming,1
10386.0,2.885,0.21034208990114395,3.5395473265026163,4.092934876861699,41.22444531390334,0.023116185721561,cutoff,S3_gaming,1
10388.0,2.8855555555555554,0.21018148466251038,3.539464319348892,4.092934876861699,41.22261029135112,0.023116720778738924,cutoff,S3_gaming,1
10390.0,2.886111111111111,0.21002087565728045,3.5393813097896096,4.092934876861699,41.220775258773415,0.023117256193545134,cutoff,S3_gaming,1
10392.0,2.8866666666666667,0.20986026288516865,3.539298297840457,4.092934876861699,41.21894021652079,0.023117791950542792,cutoff,S3_gaming,1
10394.0,2.8872222222222224,0.2096996463458902,3.539215283516354,4.092934876861699,41.217105164926814,0.023118328035043236,cutoff,S3_gaming,1
10396.0,2.887777777777778,0.2095390260391609,3.5391322668314906,4.092934876861699,41.21527010430883,0.023118864433069746,cutoff,S3_gaming,1
10398.0,2.888333333333333,0.2093784019646972,3.5390492477993614,4.092934876861699,41.21343503496882,0.02311940113132303,cutoff,S3_gaming,1
10400.0,2.888888888888889,0.20921777412221607,3.538966226432798,4.092934876861699,41.21159995719408,0.02311993811714841,cutoff,S3_gaming,1
10402.0,2.8894444444444445,0.20905714251143503,3.538883202744004,4.092934876861699,41.20976487125802,0.02312047537850459,cutoff,S3_gaming,1
10404.0,2.89,0.20889650713207214,3.5388001767445854,4.092934876861699,41.20792977742074,0.023121012903933934,cutoff,S3_gaming,1
10406.0,2.8905555555555558,0.2087358679838459,3.5387171484455733,4.092934876861699,41.20609467592974,0.023121550682534183,cutoff,S3_gaming,1
10408.0,2.891111111111111,0.20857522506647536,3.5386341178574625,4.092934876861699,41.204259567020486,0.023122088703931547,cutoff,S3_gaming,1
10410.0,2.8916666666666666,0.2084145783796799,3.538551084990227,4.092934876861699,41.20242445091707,0.023122626958255107,cutoff,S3_gaming,1
10412.0,2.8922222222222222,0.20825392792317934,3.538468049853352,4.092934876861699,41.20058932783264,0.02312316543611244,cutoff,S3_gaming,1
10414.0,2.892777777777778,0.20809327369669398,3.538385012455855,4.092934876861699,41.19875419797004,0.02312370412856643,cutoff,S3_gaming,1
10416.0,2.8933333333333335,0.2079326156999444,3.5383019728063085,4.092934876861699,41.19691906152226,0.023124243027113228,cutoff,S3_gaming,1
10418.0,2.8938888888888887,0.20777195393265155,3.538218930912863,4.092934876861699,41.19508391867292,0.023124782123661234,cutoff,S3_gaming,1
10420.0,2.8944444444444444,0.20761128839453674,3.5381358867832646,4.092934876861699,41.19324876959674,0.023125321410511147,cutoff,S3_gaming,1
10422.0,2.895,0.20745061908532159,3.5380528404248777,4.092934876861699,41.191413614459904,0.023125860880336937,cutoff,S3_gaming,1
10424.0,2.8955555555555557,0.20728994600472797,3.537969791844702,4.092934876861699,41.189578453420616,0.023126400526167767,cutoff,S3_gaming,1
10426.0,2.8961111111111113,0.20712926915247812,3.5378867410493897,4.092934876861699,41.18774328662932,0.023126940341370784,cutoff,S3_gaming,1
10428.0,2.8966666666666665,0.20696858852829447,3.537803688045263,4.092934876861699,41.18590811422922,0.023127480319634745,cutoff,S3_gaming,1
10430.0,2.897222222222222,0.20680790413189976,3.5377206328383304,4.092934876861699,41.18407293635651,0.023128020454954427,cutoff,S3_gaming,1
10432.0,2.897777777777778,0.2066472159630169,3.5376375754343017,4.092934876861699,41.182237753140775,0.023128560741615803,cutoff,S3_gaming,1
10434.0,2.8983333333333334,0.20648652402136913,3.5375545158386017,4.092934876861699,41.18040256470533,0.02312910117418194,cutoff,S3_gaming,1
10436.0,2.898888888888889,0.2063258283066798,3.537471454056386,4.092934876861699,41.1785673711675,0.023129641747479557,cutoff,S3_gaming,1
10438.0,2.8994444444444443,0.20616512881867255,3.5373883900925507,4.092934876861699,41.17673217263889,0.023130182456586268,cutoff,S3_gaming,1
10440.0,2.9,0.20600442555707113,3.537305323951747,4.092934876861699,41.17489696922569,0.023130723296818416,cutoff,S3_gaming,1
10442.0,2.9005555555555556,0.20584371852159952,3.5372222556383948,4.092934876861699,41.17306176102893,0.023131264263719503,cutoff,S3_gaming,1
10444.0,2.901111111111111,0.20568300771198186,3.5371391851566916,4.092934876861699,41.17122654814474,0.023131805353049196,cutoff,S3_gaming,1
10446.0,2.901666666666667,0.20552229312794243,3.537056112510622,4.092934876861699,41.16939133066455,0.023132346560772843,cutoff,S3_gaming,1
10448.0,2.902222222222222,0.2053615747692057,3.536973037703972,4.092934876861699,41.16755610867539,0.023132887883051505,cutoff,S3_gaming,1
10450.0,2.9027777777777777,0.2052008526354962,3.5368899607403343,4.092934876861699,41.165720882260004,0.02313342931623248,cutoff,S3_gaming,1
10452.0,2.9033333333333333,0.2050401267265387,3.536806881623122,4.092934876861699,41.16388565149714,0.023133970856840286,cutoff,S3_gaming,1
10454.0,2.903888888888889,0.20487939704205804,3.536723800355574,4.092934876861699,41.16205041646174,0.02313451250156806,cutoff,S3_gaming,1
10456.0,2.9044444444444446,0.20471866358177918,3.536640716940764,4.092934876861699,41.16021517722504,0.02313505424726939,cutoff,S3_gaming,1
10458.0,2.905,0.2045579263454272,3.5365576313816094,4.092934876861699,41.15837993385485,0.023135596090950554,cutoff,S3_gaming,1
10460.0,2.9055555555555554,0.20439718533272724,3.536474543680879,4.092934876861699,41.1565446864157,0.023136138029763102,cutoff,S3_gaming,1
10462.0,2.906111111111111,0.2042364405434046,3.536391453841199,4.092934876861699,41.15470943496895,0.02313668006099684,cutoff,S3_gaming,1
10464.0,2.9066666666666667,0.20407569197718461,3.536308361865061,4.092934876861699,41.152874179572954,0.023137222182073106,cutoff,S3_gaming,1
10466.0,2.9072222222222224,0.20391493963379276,3.5362252677548267,4.092934876861699,41.151038920283234,0.023137764390538426,cutoff,S3_gaming,1
10468.0,2.9077777777777776,0.20375418351295455,3.536142171512739,4.092934876861699,41.14920365715267,0.02313830668405842,cutoff,S3_gaming,1
10470.0,2.908333333333333,0.20359342361439556,3.5360590731409203,4.092934876861699,41.14736839023147,0.023138849060412046,cutoff,S3_gaming,1
10472.0,2.908888888888889,0.2034326599378415,3.5359759726413857,4.092934876861699,41.14553311956745,0.023139391517486115,cutoff,S3_gaming,1
10474.0,2.9094444444444445,0.20327189248301802,3.535892870016043,4.092934876861699,41.143697845206106,0.02313993405327005,cutoff,S3_gaming,1
10476.0,2.91,0.20311112124965097,3.535809765266701,4.092934876861699,41.141862567190664,0.023140476665850923,cutoff,S3_gaming,1
10478.0,2.9105555555555553,0.20292599487117097,3.521514025427863,4.69404159768895,41.13587306747539,0.023312038394310817,cutoff,S3_gaming,1
10480.0,2.911111111111111,0.20275396837036547,3.528904208829049,4.370968125196539,41.13230831230597,0.023383232820950995,cutoff,S3_gaming,1
10482.0,2.9116666666666666,0.2025822852261925,3.5289509224001963,4.362297799468604,41.12888100858137,0.023448543664509606,cutoff,S3_gaming,1
10484.0,2.9122222222222223,0.2024108559686591,3.528951181073271,4.355843897622352,41.125569372353276,0.02350888621666848,cutoff,S3_gaming,1
10486.0,2.912777777777778,0.20223961403568966,3.5289174403682755,4.351039827931306,41.122356543038435,0.023564970247999497,cutoff,S3_gaming,1
10488.0,2.9133333333333336,0.20206850991158454,3.5288589414769325,4.3474638383754955,41.11922935523835,0.023617351196827854,cutoff,S3_gaming,1
10490.0,2.9138888888888888,0.20189750676595036,3.5287825354512465,4.344801990790916,41.11617742345032,0.02366646832380161,cutoff,S3_gaming,1
10492.0,2.9144444444444444,0.20172657720859424,3.5286932961014212,4.342820600058937,41.11319245955652,0.023712673168251024,cutoff,S3_gaming,1
10494.0,2.915,0.2015557008745951,3.5285949758642987,4.341345718756374,41.110267763544286,0.02375625078639796,cutoff,S3_gaming,1
10496.0,2.9155555555555557,0.2013848626270566,3.528490344921269,4.340247866211925,41.107397843178774,0.023797435615801946,cutoff,S3_gaming,1
10498.0,2.9161111111111113,0.20121405121949423,3.528381443486781,4.339430661324142,41.10457812969355,0.023836423338087352,cutoff,S3_gaming,1
10500.0,2.9166666666666665,0.20104325830028036,3.528269769506165,4.33882236120953,41.10180476499495,0.023873379760852517,cutoff,S3_gaming,1
10502.0,2.917222222222222,0.20087247767166472,3.52815641829812,4.338369562853856,41.09907444214655,0.02390844747852607,cutoff,S3_gaming,1
10504.0,2.917777777777778,0.2007017047382707,3.528042186440187,4.338032514831052,41.09638428556259,0.02394175087768464,cutoff,S3_gaming,1
10506.0,2.9183333333333334,0.20053093609662007,3.527927649046127,4.337781627502835,41.09373176080823,0.023973399907819493,cutoff,S3_gaming,1
10508.0,2.918888888888889,0.2003601692296285,3.527813217242403,4.337594875327475,41.09111460648657,0.024003492930992236,cutoff,S3_gaming,1
10510.0,2.9194444444444443,0.200199274255207,3.5334608129232854,4.093339659752194,41.09021389610108,0.023962788254915386,cutoff,S3_gaming,1
10512.0,2.92,0.20003838155283893,3.533420383994307,4.093236183770605,41.08926859232761,0.023924052815359836,cutoff,S3_gaming,1
10514.0,2.9205555555555556,0.1998774899648442,3.5333774086539664,4.093159159694513,41.088280675888754,0.023887198701756963,cutoff,S3_gaming,1
10516.0,2.921111111111111,0.19971659861049354,3.533332131524312,4.0931018255363165,41.087252077533044,0.023852140345974552,cutoff,S3_gaming,1
10518.0,2.921666666666667,0.19955570681612755,3.5332847543548365,4.093059147897546,41.086184668703275,0.023818794898847192,cutoff,S3_gaming,1
10520.0,2.922222222222222,0.1993948140630952,3.5332354460296056,4.093027380083937,41.08508025566053,0.02378708246319633,cutoff,S3_gaming,1
10522.0,2.9227777777777777,0.19923391994895887,3.533184350062312,4.0930037331810025,41.08394057612887,0.023756926222316493,cutoff,S3_gaming,1
10524.0,2.9233333333333333,0.19907302415857625,3.5331315902192273,4.092986131213637,41.082767297766836,0.023728252492829068,cutoff,S3_gaming,1
10526.0,2.923888888888889,0.19891212644253653,3.533077274746532,4.092973028895081,41.081562017952095,0.023700990723310975,cutoff,S3_gaming,1
10528.0,2.9244444444444446,0.19875122660107228,3.5330214995567553,4.092963275965309,41.08032626449876,0.023675073454532625,cutoff,S3_gaming,1
10530.0,2.925,0.19859032447204944,3.5329643506385007,4.092956016209051,41.07906149702672,0.023650436252996055,cutoff,S3_gaming,1
10532.0,2.9255555555555555,0.19842941992199442,3.532905905886181,4.0929506122881625,41.07776910877569,0.023627017626384667,cutoff,S3_gaming,1
10534.0,2.926111111111111,0.19826851283938354,3.5328462364962796,4.092946589789343,41.076450428711915,0.02360475892724799,cutoff,S3_gaming,1
10536.0,2.9266666666666667,0.19810760312961795,3.5327854080392833,4.092943595575127,41.075106723816155,0.02358360424954621,cutoff,S3_gaming,1
10538.0,2.9272222222222224,0.19794669071125484,3.532723481288627,4.092941366781738,41.073739201471774,0.023563500321418487,cutoff,S3_gaming,1
10540.0,2.9277777777777776,0.19778577551317494,3.53266051286725,4.092939707742134,41.07234901189407,0.023544396396604685,cutoff,S3_gaming,1
10542.0,2.9283333333333332,0.19762485747244846,3.532596555756965,4.09293847280828,41.07093725055897,0.023526244146258087,cutoff,S3_gaming,1
10544.0,2.928888888888889,0.19746393653272193,3.532531659704351,4.092937553564629,41.06950496060105,0.02350899755237493,cutoff,S3_gaming,1
10546.0,2.9294444444444445,0.19730301264299432,3.532465871548304,4.092936869310256,41.068053135160184,0.023492612803689115,cutoff,S3_gaming,1
10548.0,2.93,0.1971420857566838,3.5323992354880795,4.092936359974078,41.06658271966285,0.02347704819460234,cutoff,S3_gaming,1
10550.0,2.9305555555555554,0.19698115583091189,3.532331793305825,4.092935980841182,41.06509461402888,0.023462264027516073,cutoff,S3_gaming,1
10552.0,2.931111111111111,0.19682022282595069,3.532263584554148,4.092935698627277,41.06358967479798,0.023448222518782657,cutoff,S3_gaming,1
10554.0,2.9316666666666666,0.1966592867047923,3.532194646716582,4.092935488556639,41.0620687171733,0.02343488770838479,cutoff,S3_gaming,1
10556.0,2.9322222222222223,0.1964983474328101,3.5321250153468724,4.09293533218705,41.06053251698078,0.023422225373374423,cutoff,S3_gaming,1
10558.0,2.932777777777778,0.19633740497748942,3.5320547241915383,4.092935215790733,41.05898181254462,0.023410202945046584,cutoff,S3_gaming,1
10560.0,2.933333333333333,0.1961764593082105,3.5319838052990638,4.092935129149189,41.05741730648032,0.023398789429784548,cutoff,S3_gaming,1
10562.0,2.9338888888888888,0.19601551039607154,3.5319122891182735,4.092935064656109,41.05583966740666,0.02338795533348576,cutoff,S3_gaming,1
10564.0,2.9344444444444444,0.1958545582137417,3.53184020458782,4.092935016649606,41.05424953157974,0.02337767258946007,cutoff,S3_gaming,1
10566.0,2.935,0.19569360273533795,3.53176757921828,4.092934980915164,41.05264750445095,0.02336791448968047,cutoff,S3_gaming,1
10568.0,2.9355555555555557,0.1955326439363196,3.531694439167981,4.092934954315634,41.05103416215213,0.023358655619259854,cutoff,S3_gaming,1
10570.0,2.936111111111111,0.19537168179339726,3.5316208093134693,4.09293493451583,41.04941005291068,0.02334987179402439,cutoff,S3_gaming,1
10572.0,2.9366666666666665,0.19521071628445247,3.531546713315291,4.092934919777515,41.0477756983976,0.023341540001053374,cutoff,S3_gaming,1
10574.0,2.937222222222222,0.19504974738846673,3.531472173679645,4.092934908806804,41.04613159501106,0.02333363834205675,cutoff,S3_gaming,1
10576.0,2.937777777777778,0.19488877508545727,3.531397211816356,4.0929349006405715,41.04447821509878,0.02332614597946383,cutoff,S3_gaming,1
10578.0,2.9383333333333335,0.19472779935641893,3.531321848093509,4.0929348945619,41.04281600812178,0.023319043085100084,cutoff,S3_gaming,1
10580.0,2.938888888888889,0.19456682018327076,3.5312461018890535,4.09293489003714,41.041145401762016,0.023312310791332797,cutoff,S3_gaming,1
10582.0,2.9394444444444443,0.19440583754880686,3.5311699916396186,4.092934886669058,41.039466802976804,0.023305931144570437,cutoff,S3_gaming,1
10584.0,2.94,0.19424485143665068,3.5310935348867445,4.092934884161971,41.03778059900245,0.02329988706100517,cutoff,S3_gaming,1
10586.0,2.9405555555555556,0.19408386183121235,3.531016748320718,4.092934882295778,41.0360871583093,0.023294162284492353,cutoff,S3_gaming,1
10588.0,2.9411111111111112,0.1939228687176488,3.5309396478221617,4.092934880906647,41.034386831510766,0.023288741346465296,cutoff,S3_gaming,1
10590.0,2.941666666666667,0.19376187208182621,3.530862248501522,4.092934879872623,41.03267995222833,0.02328360952778817,cutoff,S3_gaming,1
10592.0,2.942222222222222,0.19360087191028466,3.5307845647365776,4.0929348791029305,41.030966837914846,0.023278752822454115,cutoff,S3_gaming,1
10594.0,2.9427777777777777,0.1934398681902047,3.530706610208079,4.092934878529998,41.029247790637804,0.023274157903039962,cutoff,S3_gaming,1
10596.0,2.9433333333333334,0.19327886090937582,3.530628397933626,4.092934878103525,41.0275230978249,0.023269812087833065,cutoff,S3_gaming,1
10598.0,2.943888888888889,0.19311785005616652,3.53054994029988,4.092934877786073,41.02579303297335,0.02326570330954957,cutoff,S3_gaming,1
10600.0,2.9444444444444446,0.19295683561949598,3.530471249093188,4.092934877549772,41.02405785632496,0.023261820085567438,cutoff,S3_gaming,1
10602.0,2.945,0.19279581758880715,3.5303923355287163,4.092934877373878,41.022317815508444,0.023258151489600996,cutoff,S3_gaming,1
10604.0,2.9455555555555555,0.19263479595404123,3.530313210278155,4.092934877242948,41.02057314615069,0.023254687124747382,cutoff,S3_gaming,1
10606.0,2.946111111111111,0.1924737707056134,3.5302338834960727,4.092934877145487,41.018824072458344,0.02325141709783852,cutoff,S3_gaming,1
10608.0,2.9466666666666668,0.19231274183438976,3.5301543648449907,4.092934877072942,41.01707080777127,0.02324833199503551,cutoff,S3_gaming,1
10610.0,2.9472222222222224,0.19215170933166548,3.5300746635192364,4.0929348770189415,41.0153135550892,0.023245422858605275,cutoff,S3_gaming,1
10612.0,2.9477777777777776,0.19199067318914395,3.5299947882676395,4.092934876978745,41.01355250757282,0.023242681164822247,cutoff,S3_gaming,1
10614.0,2.9483333333333333,0.19182963339891693,3.5299147474151185,4.092934876948824,41.01178784902068,0.02324009880294062,cutoff,S3_gaming,1
10616.0,2.948888888888889,0.1916685899534458,3.5298345488832297,4.092934876926552,41.01001975432282,0.023237668055185342,cutoff,S3_gaming,1
10618.0,2.9494444444444445,0.19150754284554355,3.529754200209712,4.092934876909974,41.00824838989263,0.02323538157771251,cutoff,S3_gaming,1
10620.0,2.95,0.19134649206835783,3.5296737085670875,4.092934876897633,41.0064739140776,0.023233232382492173,cutoff,S3_gaming,1
10622.0,2.9505555555555554,0.19118543761535464,3.5295930807803573,4.092934876888447,41.0046964775503,0.023231213820068944,cutoff,S3_gaming,1
10624.0,2.951111111111111,0.19102437948030304,3.52951232334384,4.09293487688161,41.00291622368025,0.02322931956315782,cutoff,S3_gaming,1
10626.0,2.9516666666666667,0.1908633176572603,3.5294314424371978,4.0929348768765195,41.001133288888035,0.023227543591034794,cutoff,S3_gaming,1
10628.0,2.9522222222222223,0.1907022521405581,3.529350443940676,4.0929348768727305,40.99934780298196,0.02322588017468374,cutoff,S3_gaming,1
10630.0,2.952777777777778,0.19054118292478914,3.5292693334496206,4.0929348768699105,40.99755988947859,0.023224323862662953,cutoff,S3_gaming,1
10632.0,2.953333333333333,0.19038011000479452,3.5291881162882723,4.092934876867812,40.995769665907666,0.023222869467656435,cutoff,S3_gaming,1
10634.0,2.953888888888889,0.19021903337565174,3.529106797522907,4.092934876866249,40.99397724410231,0.02322151205367681,cutoff,S3_gaming,1
10636.0,2.9544444444444444,0.19005795303266323,3.529025381974333,4.092934876865086,40.99218273047509,0.02322024692388824,cutoff,S3_gaming,1
10638.0,2.955,0.1898968689713455,3.5289438742297854,4.09293487686422,40.99038622628077,0.02321906960901936,cutoff,S3_gaming,1
10640.0,2.9555555555555557,0.18973578118741868,3.5288622786542416,4.092934876863575,40.98858782786628,0.023217975856337586,cutoff,S3_gaming,1
10642.0,2.956111111111111,0.18957468967679675,3.528780599401189,4.0929348768630955,40.986787626908615,0.02321696161915764,cutoff,S3_gaming,1
10644.0,2.9566666666666666,0.1894135944355781,3.5286988404228747,4.0929348768627385,40.98498571064114,0.023216023046858405,cutoff,S3_gaming,1
10646.0,2.957222222222222,0.18925249546003667,3.5286170054800525,4.092934876862473,40.98318216206902,0.023215156475383473,cutoff,S3_gaming,1
10648.0,2.957777777777778,0.18909139274661335,3.5285350981512633,4.092934876862275,40.9813770601741,0.023214358418201922,cutoff,S3_gaming,1
10650.0,2.9583333333333335,0.188930286291908,3.5284531218416593,4.092934876862127,40.97957048010994,0.023213625557707094,cutoff,S3_gaming,1
10652.0,2.9588888888888887,0.1887691760926717,3.5283710797914107,4.092934876862018,40.9777624933874,0.023212954737032082,cutoff,S3_gaming,1
10654.0,2.9594444444444443,0.18860806214579937,3.528288975083694,4.0929348768619365,40.97595316805116,0.023212342952261773,cutoff,S3_gaming,1
10656.0,2.96,0.1884469444483229,3.5282068106523,4.092934876861876,40.97414256884769,0.023211787345022224,cutoff,S3_gaming,1
10658.0,2.9605555555555556,0.18828582299740457,3.5281245892888715,4.092934876861831,40.97233075738521,0.023211285195429095,cutoff,S3_gaming,1
10660.0,2.9611111111111112,0.1881246977903305,3.528042313649791,4.092934876861797,40.97051779228569,0.023210833915377725,cutoff,S3_gaming,1
10662.0,2.9616666666666664,0.1879635688245049,3.527959986262733,4.092934876861772,40.968703729329704,0.023210431042158326,cutoff,S3_gaming,1
10664.0,2.962222222222222,0.18780243609744426,3.5278776095329003,4.0929348768617535,40.96688862159402,0.02321007423238051,cutoff,S3_gaming,1
10666.0,2.9627777777777777,0.18764129960677187,3.5277951857489573,4.092934876861739,40.96507251958281,0.0232097612561922,cutoff,S3_gaming,1
10668.0,2.9633333333333334,0.1874801593502127,3.527712717088678,4.092934876861729,40.9632554713522,0.023209489991778607,cutoff,S3_gaming,1
10670.0,2.963888888888889,0.1873190153255885,3.5276302056243147,4.0929348768617215,40.961437522629005,0.023209258420127783,cutoff,S3_gaming,1
10672.0,2.9644444444444447,0.18715786753081304,3.527547653327715,4.092934876861715,40.95961871692364,0.023209064620049735,cutoff,S3_gaming,1
10674.0,2.965,0.1869967159638877,3.5274650620751826,4.092934876861712,40.95779909563748,0.023208906763436916,cutoff,S3_gaming,1
10676.0,2.9655555555555555,0.18683556062289725,3.5273824336521105,4.092934876861708,40.955978698165175,0.023208783110754305,cutoff,S3_gaming,1
10678.0,2.966111111111111,0.18667440150600573,3.5272997697573802,4.0929348768617055,40.95415756199181,0.02320869200674804,cutoff,S3_gaming,1
10680.0,2.966666666666667,0.1865132386114527,3.5272170720075593,4.092934876861704,40.9523357227856,0.02320863187636193,cutoff,S3_gaming,1
10682.0,2.9672222222222224,0.18635207193754955,3.5271343419408825,4.092934876861703,40.95051321448582,0.023208601220851856,cutoff,S3_gaming,1
10684.0,2.9677777777777776,0.186190901482676,3.527051581021053,4.092934876861702,40.94869006938666,0.023208598614088388,cutoff,S3_gaming,1
10686.0,2.9683333333333333,0.1860297272452768,3.526968790640852,4.092934876861701,40.946866318217005,0.02320862269903859,cutoff,S3_gaming,1
10688.0,2.968888888888889,0.18586854922385862,3.526885972125571,4.0929348768617,40.94504199021628,0.02320867218441824,cutoff,S3_gaming,1
10690.0,2.9694444444444446,0.185707367416987,3.526803126736288,4.0929348768617,40.94321711320658,0.02320874584150629,cutoff,S3_gaming,1
10692.0,2.97,0.18554618182328353,3.5267202556729713,4.0929348768617,40.941391713661474,0.023208842501113644,cutoff,S3_gaming,1
10694.0,2.9705555555555554,0.18538499244142312,3.5266373600774474,4.092934876861699,40.939565816771285,0.023208961050698806,cutoff,S3_gaming,1
10696.0,2.971111111111111,0.1852237992701314,3.5265544410362137,4.092934876861699,40.93773944650535,0.02320910043162329,cutoff,S3_gaming,1
10698.0,2.9716666666666667,0.18506260230818233,3.526471499583117,4.092934876861699,40.935912625671186,0.02320925963653998,cutoff,S3_gaming,1
10700.0,2.9722222222222223,0.18490140155439577,3.5263885367019134,4.092934876861699,40.93408537597071,0.023209437706908063,cutoff,S3_gaming,1
10702.0,2.972777777777778,0.1847401970076353,3.5263055533286845,4.092934876861699,40.93225771805402,0.023209633730628322,cutoff,S3_gaming,1
10704.0,2.973333333333333,0.18457898866680614,3.526222550354153,4.092934876861699,40.93042967157023,0.023209846839793047,cutoff,S3_gaming,1
10706.0,2.973888888888889,0.18441777653085306,3.526139528625881,4.092934876861699,40.928601255216,0.023210076208544924,cutoff,S3_gaming,1
10708.0,2.9744444444444444,0.18425656059875856,3.526056488950356,4.092934876861699,40.92677248678176,0.023210321051039682,cutoff,S3_gaming,1
10710.0,2.975,0.18409534086954088,3.5259734320949865,4.092934876861699,40.92494338319564,0.023210580619507454,cutoff,S3_gaming,1
10712.0,2.9755555555555557,0.18393411734225246,3.5258903587899932,4.092934876861699,40.92311396056514,0.02321085420240805,cutoff,S3_gaming,1
10714.0,2.976111111111111,0.18377289001597816,3.5258072697302096,4.092934876861699,40.92128423421708,0.02321114112267564,cutoff,S3_gaming,1
10716.0,2.9766666666666666,0.1836116588898337,3.525724165576798,4.092934876861699,40.91945421873534,0.023211440736048434,cutoff,S3_gaming,1
10718.0,2.977222222222222,0.1834504239629642,3.5256410469588797,4.092934876861699,40.917623927996885,0.023211752429479326,cutoff,S3_gaming,1
10720.0,2.977777777777778,0.18328918523454277,3.525557914475088,4.092934876861699,40.915793375206036,0.023212075619623553,cutoff,S3_gaming,1
10722.0,2.9783333333333335,0.1831279427037691,3.525474768695047,4.092934876861699,40.9139625729271,0.023212409751399585,cutoff,S3_gaming,1
10724.0,2.9788888888888887,0.18296669636986818,3.5253916101607734,4.092934876861699,40.9121315331153,0.02321275429661978,cutoff,S3_gaming,1
10726.0,2.9794444444444443,0.1828054462320891,3.5253084393880165,4.092934876861699,40.91030026714644,0.02321310875268736,cutoff,S3_gaming,1
10728.0,2.98,0.18264419228970394,3.5252252568675293,4.092934876861699,40.90846878584488,0.023213472641356543,cutoff,S3_gaming,1
10730.0,2.9805555555555556,0.18248293454200648,3.525142063066283,4.092934876861699,40.906637099510284,0.02321384550755272,cutoff,S3_gaming,1
10732.0,2.9811111111111113,0.1823216729883113,3.5250588584286153,4.092934876861699,40.90480521794311,0.023214226918249804,cutoff,S3_gaming,1
10734.0,2.9816666666666665,0.18216040762795277,3.524975643377328,4.092934876861699,40.9029731504687,0.023214616461401997,cutoff,S3_gaming,1
10736.0,2.982222222222222,0.18199913846028398,3.524892418314731,4.092934876861699,40.901140905960474,0.02321501374492727,cutoff,S3_gaming,1
10738.0,2.9827777777777778,0.18183786548467595,3.524809183623637,4.092934876861699,40.89930849286164,0.023215418395740126,cutoff,S3_gaming,1
10740.0,2.9833333333333334,0.18167658870051667,3.5247259396683,4.092934876861699,40.89747591920618,0.023215830058831224,cutoff,S3_gaming,1
10742.0,2.983888888888889,0.18151530810721034,3.524642686795322,4.092934876861699,40.89564319263865,0.023216248396391567,cutoff,S3_gaming,1
10744.0,2.9844444444444442,0.18135402370417658,3.524559425334504,4.092934876861699,40.89381032043306,0.023216673086979167,cutoff,S3_gaming,1
10746.0,2.985,0.18119273549084963,3.5244761555996593,4.092934876861699,40.8919773095108,0.023217103824726047,cutoff,S3_gaming,1
10748.0,2.9855555555555555,0.18103144346667768,3.524392877889391,4.092934876861699,40.890144166457794,0.023217540318583682,cutoff,S3_gaming,1
10750.0,2.986111111111111,0.1808701476311222,3.5243095924878265,4.092934876861699,40.88831089754071,0.023217982291605006,cutoff,S3_gaming,1
10752.0,2.986666666666667,0.18070884798365727,3.5242262996653206,4.092934876861699,40.88647750872246,0.023218429480261184,cutoff,S3_gaming,1
10754.0,2.987222222222222,0.18054754452376898,3.5241429996791203,4.092934876861699,40.8846440056769,0.023218881633791502,cutoff,S3_gaming,1
10756.0,2.9877777777777776,0.18038623725095487,3.5240596927740047,4.092934876861699,40.882810393802856,0.023219338513584764,cutoff,S3_gaming,1
10758.0,2.9883333333333333,0.18022492616472333,3.523976379182881,4.092934876861699,40.88097667823748,0.023219799892590626,cutoff,S3_gaming,1
10760.0,2.988888888888889,0.18006361126459308,3.5238930591273685,4.092934876861699,40.87914286386889,0.023220265554759492,cutoff,S3_gaming,1
10762.0,2.9894444444444446,0.17990229255009274,3.52380973281834,4.092934876861699,40.877308955348255,0.023220735294509524,cutoff,S3_gaming,1
10764.0,2.99,0.17974097002076023,3.5237264004564444,4.092934876861699,40.8754749571013,0.023221208916219472,cutoff,S3_gaming,1
10766.0,2.9905555555555554,0.1795796436761424,3.5236430622326003,4.092934876861699,40.8736408733392,0.023221686233746097,cutoff,S3_gaming,1
10768.0,2.991111111111111,0.1794183135157946,3.52355971832847,4.092934876861699,40.871806708069,0.023222167069964952,cutoff,S3_gaming,1
10770.0,2.9916666666666667,0.1792569795392802,3.5234763689169064,4.092934876861699,40.86997246510354,0.02322265125633343,cutoff,S3_gaming,1
10772.0,2.9922222222222223,0.17909564174617026,3.5233930141623797,4.092934876861699,40.868138148070784,0.02322313863247497,cutoff,S3_gaming,1
10774.0,2.992777777777778,0.1789343001360432,3.5233096542213835,4.092934876861699,40.866303760422866,0.023223629045783414,cutoff,S3_gaming,1
10776.0,2.993333333333333,0.17877295470848428,3.523226289242823,4.092934876861699,40.86446930544456,0.023224122351046542,cutoff,S3_gaming,1
10778.0,2.993888888888889,0.17861160546308544,3.5231429193683805,4.092934876861699,40.862634786261424,0.02322461841008782,cutoff,S3_gaming,1
10780.0,2.9944444444444445,0.1784502523994449,3.523059544732864,4.092934876861699,40.86080020584751,0.023225117091425537,cutoff,S3_gaming,1
10782.0,2.995,0.1782888955171668,3.522976165464547,4.092934876861699,40.85896556703268,0.023225618269948435,cutoff,S3_gaming,1
10784.0,2.9955555555555557,0.17812753481586105,3.522892781685476,4.092934876861699,40.85713087250965,0.023226121826607063,cutoff,S3_gaming,1
10786.0,2.996111111111111,0.17796617029514292,3.5228093935117797,4.092934876861699,40.85529612484058,0.023226627648120085,cutoff,S3_gaming,1
10788.0,2.9966666666666666,0.17778035503837736,3.508457577259012,4.69404159768895,40.849305359284536,0.023398825714976416,cutoff,S3_gaming,1
10790.0,2.9972222222222222,0.17760769116004863,3.5158768843403676,4.370968125196539,40.84574033709236,0.023470263755305053,cutoff,S3_gaming,1
10792.0,2.997777777777778,0.1774353719277938,3.515923800940311,4.362297799468604,40.84231277593782,0.02353579727556955,cutoff,S3_gaming,1
10794.0,2.9983333333333335,0.17726330752290592,3.515924079544477,4.355843897622352,40.83900088537589,0.023596345037583323,cutoff,S3_gaming,1
10796.0,2.9988888888888887,0.17709143112413972,3.5158902244902595,4.351039827931306,40.835787800229156,0.023652619483939326,cutoff,S3_gaming,1
10798.0,2.9994444444444444,0.17691969302321603,3.5158315131857103,4.3474638383754955,40.832660351900884,0.02370517812700432,cutoff,S3_gaming,1
10800.0,3.0,0.17674805624669018,3.5157548235373457,4.344801990790916,40.82960815271309,0.023754461852478533,cutoff,S3_gaming,1
10802.0,3.0005555555555556,0.17657649329815908,3.5156652492527245,4.342820600058937,40.8266229131207,0.023800823486754275,cutoff,S3_gaming,1
10804.0,3.0011111111111113,0.17640498373389596,3.515566557495224,4.341345718756374,40.82369793222894,0.023844549117882856,cutoff,S3_gaming,1
10806.0,3.0016666666666665,0.17623351235858292,3.515461529329599,4.340247866211925,40.82082771731599,0.023885874021772207,cutoff,S3_gaming,1
10808.0,3.002222222222222,0.1760620678824746,3.515352212997585,4.339430661324142,40.81800769941304,0.023924994571034277,cutoff,S3_gaming,1
10810.0,3.0027777777777778,0.17589064192195655,3.5152401123497934,4.33882236120953,40.81523402042676,0.02396207715137794,cutoff,S3_gaming,1
10812.0,3.0033333333333334,0.17571922825567324,3.515126327034192,4.338369562853856,40.81250337356354,0.02399726484828318,cutoff,S3_gaming,1
10814.0,3.003888888888889,0.1755478222708722,3.515011656787697,4.338032514831052,40.80981288347857,0.024030682471680543,cutoff,S3_gaming,1
10816.0,3.0044444444444443,0.17537642055132696,3.514896679015644,4.337781627502835,40.8071600160436,0.024062440341267664,cutoff,S3_gaming,1
10818.0,3.005,0.17520502057064088,3.5147818064929677,4.337594875327475,40.804542510210005,0.024092637147126908,cutoff,S3_gaming,1
10820.0,3.0055555555555555,0.17504353103897768,3.5204514984043773,4.093339659752194,40.80364211819812,0.024051760410355574,cutoff,S3_gaming,1
10822.0,3.006111111111111,0.17488204377505262,3.520410933032598,4.093236183770605,40.80269709842534,0.024012861331942532,cutoff,S3_gaming,1
10824.0,3.006666666666667,0.17472055761595381,3.520367810197239,4.093159159694513,40.80170943309896,0.023975851627322332,cutoff,S3_gaming,1
10826.0,3.007222222222222,0.1745590716768311,3.5203223755213213,4.0931018255363165,40.800681054403334,0.023940645364804794,cutoff,S3_gaming,1
10828.0,3.0077777777777777,0.17439758528074184,3.520274831586518,4.093059147897546,40.79961383516583,0.023907159343514256,cutoff,S3_gaming,1
10830.0,3.0083333333333333,0.1742360979063857,3.5202253479792525,4.093027380083937,40.79850958297986,0.023875313327263118,cutoff,S3_gaming,1
10832.0,3.008888888888889,0.17407460914915743,3.5201740688149767,4.0930037331810025,40.79737003684916,0.023845030173487575,cutoff,S3_gaming,1
10834.0,3.0094444444444446,0.17391311869211512,3.520121118383056,4.092986131213637,40.79619686565993,0.02381623588625902,cutoff,S3_gaming,1
10836.0,3.01,0.17375162628433105,3.520066605390602,4.092973028895081,40.794991667966286,0.023788859614861622,cutoff,S3_gaming,1
10838.0,3.0105555555555554,0.17359013172473992,3.5200106261613797,4.092963275965309,40.79375597270892,0.023762833613831823,cutoff,S3_gaming,1
10840.0,3.011111111111111,0.17342863485008086,3.5199532670549725,4.092956016209051,40.79249124058574,0.023738093176196032,cutoff,S3_gaming,1
10842.0,3.0116666666666667,0.17326713552588854,3.5198946063036987,4.0929506122881625,40.791198865867585,0.023714576548551296,cutoff,S3_gaming,1
10844.0,3.0122222222222224,0.17310563363975529,3.5198347154143685,4.092946589789343,40.78988017850659,0.023692224834336924,cutoff,S3_gaming,1
10846.0,3.012777777777778,0.17294412909628556,3.519773660244452,4.092943595575127,40.7885364464259,0.02367098188993959,cutoff,S3_gaming,1
10848.0,3.013333333333333,0.1727826218133114,3.519711501834306,4.092941366781738,40.787168877909295,0.0236507942170091,cutoff,S3_gaming,1
10850.0,3.013888888888889,0.17262111171904793,3.5196482970563094,4.092939707742134,40.78577862403247,0.02363161085342371,cutoff,S3_gaming,1
10852.0,3.0144444444444445,0.17245959874995004,3.519584099126266,4.09293847280828,40.78436678109317,0.02361338326464931,cutoff,S3_gaming,1
10854.0,3.015,0.17229808284909223,3.5195189580109285,4.092937553564629,40.782934393010926,0.023596065236723036,cutoff,S3_gaming,1
10856.0,3.0155555555555558,0.17213656396493895,3.519452920756892,4.092936869310256,40.78148245367532,0.02357961277171286,cutoff,S3_gaming,1
10858.0,3.016111111111111,0.17197504205040698,3.5193860317597094,4.092936359974078,40.78001190922875,0.02356398398622564,cutoff,S3_gaming,1
10860.0,3.0166666666666666,0.17181351706214607,3.519318332987353,4.092935980841182,40.77852366027464,0.02354913901333134,cutoff,S3_gaming,1
10862.0,3.0172222222222222,0.17165198895998326,3.51924986416855,4.092935698627277,40.77701856400548,0.023535039908121638,cutoff,S3_gaming,1
10864.0,3.017777777777778,0.17149045770648993,3.519180662953924,4.092935488556639,40.775497436247626,0.02352165055701239,cutoff,S3_gaming,1
10866.0,3.0183333333333335,0.17132892326664112,3.5191107650558644,4.09293533218705,40.77396105342205,0.023508936590821202,cutoff,S3_gaming,1
10868.0,3.0188888888888887,0.17116738560754446,3.519040204371601,4.092935215790733,40.77241015442106,0.023496865301595435,cutoff,S3_gaming,1
10870.0,3.0194444444444444,0.17100584469822183,3.518969013092867,4.092935129149189,40.77084544240247,0.023485405563126747,cutoff,S3_gaming,1
10872.0,3.02,0.1708443005094309,3.5188972218046866,4.092935064656109,40.76926758650283,0.023474527755061262,cutoff,S3_gaming,1
10874.0,3.0205555555555557,0.17068275301351732,3.518824859575256,4.092935016649606,40.76767722347248,0.023464203690496413,cutoff,S3_gaming,1
10876.0,3.0211111111111113,0.17052120218429037,3.518751954038384,4.092934980915164,40.76607495923464,0.023454406546944126,cutoff,S3_gaming,1
10878.0,3.0216666666666665,0.17035964799691666,3.5186785314696545,4.092934954315634,40.76446137037155,0.023445110800533464,cutoff,S3_gaming,1
10880.0,3.022222222222222,0.17019809042782816,3.518604616857196,4.09293493451583,40.76283700554056,0.023436292163322627,cutoff,S3_gaming,1
10882.0,3.022777777777778,0.1700365294546413,3.518530233967748,4.092934919777515,40.761202386822994,0.023427927523589756,cutoff,S3_gaming,1
10884.0,3.0233333333333334,0.16987496505608501,3.5184554054085857,4.092934908806804,40.75955801100881,0.02341999488897315,cutoff,S3_gaming,1
10886.0,3.023888888888889,0.1697133972119361,3.518380152685744,4.0929349006405715,40.75790435081963,0.023412473332333903,cutoff,S3_gaming,1
10888.0,3.0244444444444443,0.16955182590296033,3.5183044962588936,4.0929348945619,40.75624185607335,0.023405342940217372,cutoff,S3_gaming,1
10890.0,3.025,0.1693902511108586,3.5182284555931664,4.09293489003714,40.754570954792605,0.02339858476379371,cutoff,S3_gaming,1
10892.0,3.0255555555555556,0.16922867281821707,3.518152049208189,4.092934886669058,40.75289205425986,0.023392180772161902,cutoff,S3_gaming,1
10894.0,3.026111111111111,0.16906709100846112,3.5180752947245155,4.092934884161971,40.75120554202175,0.023386113807906277,cutoff,S3_gaming,1
10896.0,3.026666666666667,0.1689055056658121,3.517998208907657,4.092934882295778,40.749511786844806,0.02338036754479882,cutoff,S3_gaming,1
10898.0,3.027222222222222,0.16874391677524705,3.5179208077098507,4.092934880906647,40.74781113962516,0.02337492644754528,cutoff,S3_gaming,1
10900.0,3.0277777777777777,0.16858232432246065,3.517843106309726,4.092934879872623,40.746103934254144,0.02336977573347742,cutoff,S3_gaming,1
10902.0,3.0283333333333333,0.16842072829382948,3.517765119149973,4.0929348791029305,40.744390488442065,0.0233649013360982,cutoff,S3_gaming,1
10904.0,3.028888888888889,0.1682591286763783,3.5176868599731437,4.092934878529998,40.74267110450223,0.023360289870390842,cutoff,S3_gaming,1
10906.0,3.0294444444444446,0.16809752545774798,3.517608341855678,4.092934878103525,40.740946070096875,0.023355928599807004,cutoff,S3_gaming,1
10908.0,3.03,0.16793591862616536,3.5175295772402557,4.092934877786073,40.73921565894707,0.02335180540485301,cutoff,S3_gaming,1
10910.0,3.0305555555555554,0.16777430817041453,3.5174505779665606,4.092934877549772,40.73748013150825,0.023347908753197144,cutoff,S3_gaming,1
10912.0,3.031111111111111,0.16761269407980955,3.5173713553005364,4.092934877373878,40.735739735613066,0.02334422767122452,cutoff,S3_gaming,1
10914.0,3.0316666666666667,0.16745107634416878,3.5172919199622172,4.092934877242948,40.73399470708295,0.023340751716969515,cutoff,S3_gaming,1
10916.0,3.0322222222222224,0.16728945495379013,3.5172122821522036,4.092934877145487,40.732245270310244,0.023337470954359268,cutoff,S3_gaming,1
10918.0,3.0327777777777776,0.16712782989942787,3.51713245157684,4.092934877072942,40.73049163881202,0.023334375928704715,cutoff,S3_gaming,1
10920.0,3.033333333333333,0.16696620117227048,3.517052437472178,4.0929348770189415,40.72873401575713,0.023331457643378867,cutoff,S3_gaming,1
10922.0,3.033888888888889,0.16680456876391953,3.5169722486267694,4.092934876978745,40.72697259446766,0.023328707537624824,cutoff,S3_gaming,1
10924.0,3.0344444444444445,0.1666429326663696,3.516891893403356,4.092934876948824,40.72520755889613,0.023326117465438848,cutoff,S3_gaming,1
10926.0,3.035,0.1664812928719893,3.5168113797595026,4.092934876926552,40.72343908407957,0.02332367967547644,cutoff,S3_gaming,1
10928.0,3.0355555555555553,0.1663196493735031,3.5167307152672316,4.092934876909974,40.721667336571606,0.023321386791931863,cutoff,S3_gaming,1
10930.0,3.036111111111111,0.16615800216397414,3.5166499071317063,4.092934876897633,40.71989247485356,0.023319231796344007,cutoff,S3_gaming,1
10932.0,3.0366666666666666,0.16599635123678771,3.5165689622090035,4.092934876888447,40.71811464972569,0.02331720801028367,cutoff,S3_gaming,1
10934.0,3.0372222222222223,0.16583469658563577,3.5164878870230307,4.09293487688161,40.716334004679446,0.023315309078879604,cutoff,S3_gaming,1
10936.0,3.037777777777778,0.16567303820450197,3.516406687781619,4.0929348768765195,40.71455067625163,0.023313528955142687,cutoff,S3_gaming,1
10938.0,3.0383333333333336,0.16551137608764763,3.5163253703918373,4.0929348768727305,40.71276479436154,0.02331186188504955,cutoff,S3_gaming,1
10940.0,3.0388888888888888,0.16534971022959827,3.516243940474563,4.0929348768699105,40.71097648263161,0.02331030239334887,cutoff,S3_gaming,1
10942.0,3.0394444444444444,0.1651880406251308,3.516162403378349,4.092934876867812,40.70918585869263,0.023308845270055317,cutoff,S3_gaming,1
10944.0,3.04,0.1650263672692613,3.5160807641926186,4.092934876866249,40.70739303447413,0.023307485557597863,cutoff,S3_gaming,1
10946.0,3.0405555555555557,0.1648646901572335,3.5159990277602184,4.092934876865086,40.705598116480665,0.023306218538590707,cutoff,S3_gaming,1
10948.0,3.0411111111111113,0.16470300928450782,3.515917198689363,4.09293487686422,40.70380120605477,0.023305039724196706,cutoff,S3_gaming,1
10950.0,3.0416666666666665,0.1645413246467507,3.515835281365007,4.092934876863575,40.70200239962712,0.02330394484305456,cutoff,S3_gaming,1
10952.0,3.042222222222222,0.16437963623982477,3.515753279959657,4.0929348768630955,40.70020178895465,0.023302929830742468,cutoff,S3_gaming,1
10954.0,3.042777777777778,0.16421794405977932,3.5156711984436657,4.0929348768627385,40.69839946134696,0.023301990819752247,cutoff,S3_gaming,1
10956.0,3.0433333333333334,0.16405624810284128,3.5155890405950285,4.092934876862473,40.69659549988195,0.0233011241299492,cutoff,S3_gaming,1
10958.0,3.043888888888889,0.1638945483654065,3.515506810008698,4.092934876862275,40.694789983610924,0.02330032625949418,cutoff,S3_gaming,1
10960.0,3.0444444444444443,0.16373284484403178,3.515424510105455,4.092934876862127,40.69298298775366,0.02329959387620547,cutoff,S3_gaming,1
10962.0,3.045,0.16357113753542682,3.515342144140347,4.092934876862018,40.691174583884205,0.023298923809339178,cutoff,S3_gaming,1
10964.0,3.0455555555555556,0.1634094264364471,3.515259715210715,4.0929348768619365,40.68936484010753,0.023298313041767833,cutoff,S3_gaming,1
10966.0,3.046111111111111,0.16324771154408657,3.515177226263837,4.092934876861876,40.68755382122765,0.02329775870253794,cutoff,S3_gaming,1
10968.0,3.046666666666667,0.16308599285547112,3.5150946801041947,4.092934876861831,40.68574158890767,0.02329725805978811,cutoff,S3_gaming,1
10970.0,3.047222222222222,0.16292427036785212,3.515012079400396,4.092934876861797,40.68392820182194,0.023296808514010288,cutoff,S3_gaming,1
10972.0,3.0477777777777777,0.16276254407860033,3.5149294266917526,4.092934876861772,40.68211371580096,0.02329640759163746,cutoff,S3_gaming,1
10974.0,3.0483333333333333,0.16260081398520013,3.5148467243945496,4.0929348768617535,40.680298183969235,0.023296052938942033,cutoff,S3_gaming,1
10976.0,3.048888888888889,0.16243908008524408,3.514763974808001,4.092934876861739,40.67848165687634,0.023295742316229842,cutoff,S3_gaming,1
10978.0,3.0494444444444446,0.16227734237642755,3.514681180119923,4.092934876861729,40.67666418262187,0.023295473592315416,cutoff,S3_gaming,1
10980.0,3.05,0.16211560085654392,3.5145983424121314,4.0929348768617215,40.674845806973984,0.023295244739264944,cutoff,S3_gaming,1
10982.0,3.0505555555555555,0.16195385552347966,3.5145154636655787,4.092934876861715,40.67302657348261,0.023295053827393913,cutoff,S3_gaming,1
10984.0,3.051111111111111,0.16179210637520994,3.514432545765237,4.092934876861712,40.6712065235868,0.023294899020507118,cutoff,S3_gaming,1
10986.0,3.0516666666666667,0.1616303534097943,3.5143495905047497,4.092934876861708,40.66938569671715,0.023294778571369263,cutoff,S3_gaming,1
10988.0,3.0522222222222224,0.1614685966253725,3.514266599590857,4.0929348768617055,40.66756413039306,0.02329469081739504,cutoff,S3_gaming,1
10990.0,3.0527777777777776,0.16130683602016077,3.514183574647605,4.092934876861704,40.66574186031544,0.023294634176547983,cutoff,S3_gaming,1
10992.0,3.0533333333333332,0.161145071592448,3.514100517220351,4.092934876861703,40.66391892045479,0.023294607143438034,cutoff,S3_gaming,1
10994.0,3.053888888888889,0.16098330334059227,3.5140174287795793,4.092934876861702,40.66209534313511,0.023294608285608167,cutoff,S3_gaming,1
10996.0,3.0544444444444445,0.16082153126301746,3.513934310724524,4.092934876861701,40.66027115911366,0.02329463624000093,cutoff,S3_gaming,1
10998.0,3.055,0.16065975535821006,3.5138511643866237,4.0929348768617,40.658446397656974,0.023294689709596167,cutoff,S3_gaming,1
11000.0,3.0555555555555554,0.16049797562471624,3.513767991032807,4.0929348768617,40.656621086613,0.02329476746021164,cutoff,S3_gaming,1
11002.0,3.056111111111111,0.1603361920611388,3.513684791868613,4.0929348768617,40.65479525247998,0.023294868317458656,cutoff,S3_gaming,1
11004.0,3.0566666666666666,0.16017440466613458,3.513601568041171,4.092934876861699,40.65296892047177,0.023294991163845195,cutoff,S3_gaming,1
11006.0,3.0572222222222223,0.16001261343841172,3.5135183206420275,4.092934876861699,40.65114211458013,0.023295134936019365,cutoff,S3_gaming,1
11008.0,3.057777777777778,0.15985081837672727,3.513435050709839,4.092934876861699,40.64931485763401,0.023295298622146438,cutoff,S3_gaming,1
11010.0,3.058333333333333,0.15968901947988476,3.513351759232934,4.092934876861699,40.64748717135579,0.02329548125941294,cutoff,S3_gaming,1
11012.0,3.0588888888888888,0.15952721674673198,3.5132684471517535,4.092934876861699,40.645659076414994,0.023295681931651675,cutoff,S3_gaming,1
11014.0,3.0594444444444444,0.1593654101761588,3.5131851153611677,4.092934876861699,40.64383059247935,0.023295899767081803,cutoff,S3_gaming,1
11016.0,3.06,0.15920359976709517,3.5131017647126876,4.092934876861699,40.642001738263254,0.02329613393615842,cutoff,S3_gaming,1
11018.0,3.0605555555555557,0.15904178551850917,3.5130183960165615,4.092934876861699,40.64017253157408,0.023296383649526322,cutoff,S3_gaming,1
11020.0,3.061111111111111,0.15887996742940516,3.5129350100437766,4.092934876861699,40.638342989356,0.023296648156072877,cutoff,S3_gaming,1
11022.0,3.0616666666666665,0.158718145498822,3.512851607527961,4.092934876861699,40.63651312773201,0.02329692674107527,cutoff,S3_gaming,1
11024.0,3.062222222222222,0.1585563197258314,3.512768189167194,4.092934876861699,40.63468296204357,0.023297218724437494,cutoff,S3_gaming,1
11026.0,3.062777777777778,0.15839449010953635,3.5126847556257244,4.092934876861699,40.632852506888575,0.023297523459012755,cutoff,S3_gaming,1
11028.0,3.0633333333333335,0.15823265664906955,3.5126013075356157,4.092934876861699,40.631021776157354,0.023297840329007148,cutoff,S3_gaming,1
11030.0,3.063888888888889,0.15807081934359202,3.5125178454983006,4.092934876861699,40.62919078306696,0.023298168748460683,cutoff,S3_gaming,1
11032.0,3.0644444444444443,0.15790897819229172,3.512434370086067,4.092934876861699,40.627359540193844,0.023298508159801896,cutoff,S3_gaming,1
11034.0,3.065,0.1577471331943822,3.5123508818434686,4.092934876861699,40.62552805950486,0.02329885803247249,cutoff,S3_gaming,1
11036.0,3.0655555555555556,0.1575852843491014,3.512267381288672,4.092934876861699,40.62369635238685,0.0232992178616186,cutoff,S3_gaming,1
11038.0,3.0661111111111112,0.1574234316557105,3.5121838689147302,4.092934876861699,40.62186442967472,0.023299587166845485,cutoff,S3_gaming,1
11040.0,3.066666666666667,0.15726157511349267,3.512100345190801,4.092934876861699,40.62003230167823,0.02329996549103253,cutoff,S3_gaming,1
11042.0,3.067222222222222,0.1570997147217522,3.5120168105633076,4.092934876861699,40.6181999782074,0.02330035239920566,cutoff,S3_gaming,1
11044.0,3.0677777777777777,0.15693785047981323,3.5119332654570363,4.092934876861699,40.61636746859678,0.023300747477464412,cutoff,S3_gaming,1
11046.0,3.0683333333333334,0.15677598238701906,3.511849710276186,4.092934876861699,40.61453478172843,0.02330115033196094,cutoff,S3_gaming,1
11048.0,3.068888888888889,0.156614110442731,3.5117661454053652,4.092934876861699,40.61270192605398,0.02330156058792854,cutoff,S3_gaming,1
11050.0,3.0694444444444446,0.15645223464632757,3.511682571210543,4.092934876861699,40.61086890961529,0.023301977888757194,cutoff,S3_gaming,1
11052.0,3.07,0.15629035499720373,3.5115989880399505,4.092934876861699,40.60903574006456,0.023302401895113928,cutoff,S3_gaming,1
11054.0,3.0705555555555555,0.15612847149476997,3.511515396224937,4.092934876861699,40.60720242468297,0.023302832284105776,cutoff,S3_gaming,1
11056.0,3.071111111111111,0.15596658413845163,3.5114317960807964,4.092934876861699,40.60536897039885,0.023303268748483312,cutoff,S3_gaming,1
11058.0,3.0716666666666668,0.1558046929276882,3.5113481879075357,4.092934876861699,40.60353538380465,0.023303710995882746,cutoff,S3_gaming,1
11060.0,3.0722222222222224,0.15564279786193255,3.5112645719906213,4.092934876861699,40.60170167117335,0.02330415874810476,cutoff,S3_gaming,1
11062.0,3.0727777777777776,0.15548089894065034,3.5111809486016825,4.092934876861699,40.59986783847383,0.023304611740428263,cutoff,S3_gaming,1
11064.0,3.0733333333333333,0.1553189961633194,3.511097317999178,4.092934876861699,40.59803389138564,0.023305069720957416,cutoff,S3_gaming,1
11066.0,3.073888888888889,0.1551570895294291,3.5110136804290417,4.092934876861699,40.59619983531307,0.023305532450000273,cutoff,S3_gaming,1
11068.0,3.0744444444444445,0.15499517903847984,3.510930036125281,4.092934876861699,40.59436567539846,0.023305999699477532,cutoff,S3_gaming,1
11070.0,3.075,0.15483326468998246,3.510846385310561,4.092934876861699,40.59253141653485,0.02330647125235994,cutoff,S3_gaming,1
11072.0,3.0755555555555554,0.15467134648345782,3.51076272819675,4.092934876861699,40.59069706337816,0.023306946902132933,cutoff,S3_gaming,1
11074.0,3.076111111111111,0.15450942441843618,3.510679064985445,4.092934876861699,40.58886262035859,0.023307426452287235,cutoff,S3_gaming,1
11076.0,3.0766666666666667,0.15434749849445686,3.510595395868468,4.092934876861699,40.587028091691636,0.023307909715834126,cutoff,S3_gaming,1
11078.0,3.0772222222222223,0.15418556871106778,3.5105117210283394,4.092934876861699,40.58519348138842,0.023308396514844197,cutoff,S3_gaming,1
11080.0,3.077777777777778,0.154023635067825,3.51042804063873,4.092934876861699,40.583358793265674,0.02330888668000844,cutoff,S3_gaming,1
11082.0,3.078333333333333,0.1538616975642923,3.5103443548648876,4.092934876861699,40.58152403095513,0.02330938005022062,cutoff,S3_gaming,1
11084.0,3.078888888888889,0.15369975620004092,3.5102606638640483,4.092934876861699,40.57968919791243,0.02330987647217988,cutoff,S3_gaming,1
11086.0,3.0794444444444444,0.1535378109746491,3.5101769677858217,4.092934876861699,40.577854297425766,0.02331037580001257,cutoff,S3_gaming,1
11088.0,3.08,0.15337586188770178,3.510093266772561,4.092934876861699,40.57601933262392,0.02331087789491244,cutoff,S3_gaming,1
11090.0,3.0805555555555557,0.1532139089387902,3.510009560959714,4.092934876861699,40.57418430648399,0.02331138262479823,cutoff,S3_gaming,1
11092.0,3.081111111111111,0.15305195212751174,3.509925850476162,4.092934876861699,40.57234922183884,0.023311889863987863,cutoff,S3_gaming,1
11094.0,3.0816666666666666,0.1528899914534695,3.5098421354445293,4.092934876861699,40.57051408138393,0.023312399492888432,cutoff,S3_gaming,1
11096.0,3.082222222222222,0.15272802691627202,3.509758415981496,4.092934876861699,40.56867888768411,0.023312911397701183,cutoff,S3_gaming,1
11098.0,3.082777777777778,0.1525660585155331,3.50967469219808,4.092934876861699,40.56684364317989,0.02331342547014081,cutoff,S3_gaming,1
11100.0,3.0833333333333335,0.15240408625087148,3.5095909641999117,4.092934876861699,40.56500835019346,0.023313941607168348,cutoff,S3_gaming,1
11102.0,3.0838888888888887,0.15224211012191063,3.5095072320874974,4.092934876861699,40.56317301093447,0.02331445971073699,cutoff,S3_gaming,1
11104.0,3.0844444444444443,0.15208013012827845,3.5094234959564647,4.092934876861699,40.561337627505466,0.023314979687550245,cutoff,S3_gaming,1
11106.0,3.085,0.15191814626960717,3.509339755897803,4.092934876861699,40.559502201907044,0.023315501448831794,cutoff,S3_gaming,1
11108.0,3.0855555555555556,0.15175615854553307,3.5092560119980813,4.092934876861699,40.55766673604284,0.02331602491010649,cutoff,S3_gaming,1
11110.0,3.0861111111111112,0.15159416695569625,3.509172264339672,4.092934876861699,40.55583123172419,0.023316549990991996,cutoff,S3_gaming,1
11112.0,3.0866666666666664,0.1514321714997405,3.5090885130009437,4.092934876861699,40.55399569067467,0.02331707661500048,cutoff,S3_gaming,1
11114.0,3.087222222222222,0.15127017217731312,3.5090047580564643,4.092934876861699,40.55216011453422,0.02331760470934996,cutoff,S3_gaming,1
11116.0,3.0877777777777777,0.1511081689880647,3.5089209995771777,4.092934876861699,40.55032450486337,0.023318134204784742,cutoff,S3_gaming,1
11118.0,3.0883333333333334,0.150946161931649,3.508837237630585,4.092934876861699,40.54848886314695,0.0233186650354046,cutoff,S3_gaming,1
11120.0,3.088888888888889,0.15078415100772283,3.508753472280909,4.092934876861699,40.54665319079783,0.02331919713850221,cutoff,S3_gaming,1
11122.0,3.0894444444444447,0.15062213621594578,3.508669703589253,4.092934876861699,40.54481748916036,0.023319730454408456,cutoff,S3_gaming,1
11124.0,3.09,0.15046011755598018,3.5085859316137498,4.092934876861699,40.542981759513744,0.02332026492634524,cutoff,S3_gaming,1
11126.0,3.0905555555555555,0.150298095027491,3.5085021564097114,4.092934876861699,40.54114600307517,0.023320800500285427,cutoff,S3_gaming,1
11128.0,3.091111111111111,0.15013606863014559,3.5084183780297584,4.092934876861699,40.5393102210028,0.023321337124819562,cutoff,S3_gaming,1
11130.0,3.091666666666667,0.14997403836361367,3.5083345965239574,4.092934876861699,40.53747441439867,0.02332187475102905,cutoff,S3_gaming,1
11132.0,3.0922222222222224,0.1498120042275672,3.50825081193994,4.092934876861699,40.53563858431137,0.023322413332365493,cutoff,S3_gaming,1
11134.0,3.0927777777777776,0.14964996622168025,3.50816702432302,4.092934876861699,40.53380273173866,0.02332295282453585,cutoff,S3_gaming,1
11136.0,3.0933333333333333,0.14948792434562883,3.508083233716312,4.092934876861699,40.53196685762993,0.023323493185393174,cutoff,S3_gaming,1
11138.0,3.093888888888889,0.14932587859909094,3.5079994401608308,4.092934876861699,40.530130962888535,0.02332403437483264,cutoff,S3_gaming,1
11140.0,3.0944444444444446,0.14916382898174638,3.5079156436955974,4.092934876861699,40.52829504837403,0.02332457635469262,cutoff,S3_gaming,1
11142.0,3.095,0.14900177549327664,3.507831844357733,4.092934876861699,40.5264591149043,0.023325119088660518,cutoff,S3_gaming,1
11144.0,3.0955555555555554,0.14883971813336488,3.5077480421825533,4.092934876861699,40.52462316325759,0.023325662542183222,cutoff,S3_gaming,1
11146.0,3.096111111111111,0.14867765690169582,3.507664237203656,4.092934876861699,40.52278719417438,0.02332620668238183,cutoff,S3_gaming,1
11148.0,3.0966666666666667,0.14851559179795565,3.5075804294529997,4.092934876861699,40.52095120835927,0.023326751477970566,cutoff,S3_gaming,1
11150.0,3.0972222222222223,0.14835352282183198,3.507496618960991,4.092934876861699,40.51911520648268,0.02332729689917958,cutoff,S3_gaming,1
11152.0,3.097777777777778,0.14819144997301373,3.5074128057565512,4.092934876861699,40.51727918918254,0.02332784291768152,cutoff,S3_gaming,1
11154.0,3.098333333333333,0.14802937325119114,3.507328989867196,4.092934876861699,40.515443157065846,0.023328389506521635,cutoff,S3_gaming,1
11156.0,3.098888888888889,0.14786729265605564,3.5072451713190973,4.092934876861699,40.513607110710126,0.02332893664005129,cutoff,S3_gaming,1
11158.0,3.0994444444444444,0.1477052081872998,3.507161350137152,4.092934876861699,40.51177105066494,0.023329484293864677,cutoff,S3_gaming,1
11160.0,3.1,0.14754311984461724,3.5070775263450424,4.092934876861699,40.50993497745319,0.023330032444738608,cutoff,S3_gaming,1
11162.0,3.1005555555555557,0.14738102762770272,3.506993699965296,4.092934876861699,40.508098891572395,0.023330581070575222,cutoff,S3_gaming,1
11164.0,3.101111111111111,0.1472189315362519,3.5069098710193405,4.092934876861699,40.50626279349601,0.02333113015034747,cutoff,S3_gaming,1
11166.0,3.1016666666666666,0.1470568315699614,3.506826039527557,4.092934876861699,40.50442668367445,0.023331679664047228,cutoff,S3_gaming,1
11168.0,3.102222222222222,0.14689472772852877,3.506742205509332,4.092934876861699,40.502590562536334,0.023332229592635947,cutoff,S3_gaming,1
11170.0,3.102777777777778,0.1467326200116523,3.506658368983103,4.092934876861699,40.50075443048948,0.023332779917997665,cutoff,S3_gaming,1
11172.0,3.1033333333333335,0.1465705084190312,3.5065745299664073,4.092934876861699,40.49891828792192,0.02333333062289433,cutoff,S3_gaming,1
11174.0,3.1038888888888887,0.14640839295036534,3.5064906884759264,4.092934876861699,40.497082135202874,0.023333881690923243,cutoff,S3_gaming,1
11176.0,3.1044444444444443,0.14624627360535541,3.506406844527522,4.092934876861699,40.495245972683676,0.02333443310647661,cutoff,S3_gaming,1
11178.0,3.105,0.14608415038370273,3.5063229981362793,4.092934876861699,40.49340980069856,0.023334984854703023,cutoff,S3_gaming,1
11180.0,3.1055555555555556,0.14592202328510925,3.506239149316549,4.092934876861699,40.49157361956559,0.023335536921470813,cutoff,S3_gaming,1
11182.0,3.1061111111111113,0.14575989230927758,3.506155298081974,4.092934876861699,40.489737429587386,0.023336089293333185,cutoff,S3_gaming,1
11184.0,3.1066666666666665,0.1455977574559109,3.506071444445529,4.092934876861699,40.4879012310519,0.02333664195749504,cutoff,S3_gaming,1
11186.0,3.107222222222222,0.14543561872471292,3.505987588419553,4.092934876861699,40.48606502423308,0.023337194901781395,cutoff,S3_gaming,1
11188.0,3.1077777777777778,0.14527347611538793,3.5059037300157794,4.092934876861699,40.48422880939164,0.02333774811460735,cutoff,S3_gaming,1
11190.0,3.1083333333333334,0.1451113296276407,3.5058198692453644,4.092934876861699,40.48239258677559,0.023338301584949494,cutoff,S3_gaming,1
11192.0,3.108888888888889,0.14494917926117645,3.5057360061189144,4.092934876861699,40.480556356620916,0.023338855302318707,cutoff,S3_gaming,1
11194.0,3.1094444444444442,0.14478702501570087,3.505652140646515,4.092934876861699,40.47872011915218,0.02333940925673427,cutoff,S3_gaming,1
11196.0,3.11,0.14462486689092008,3.5055682728377557,4.092934876861699,40.47688387458302,0.023339963438699242,cutoff,S3_gaming,1
11198.0,3.1105555555555555,0.14446270488654062,3.5054844027017515,4.092934876861699,40.47504762311671,0.023340517839177014,cutoff,S3_gaming,1
11200.0,3.111111111111111,0.14430053900226936,3.5054005302471696,4.092934876861699,40.47321136494668,0.023341072449569015,cutoff,S3_gaming,1
11202.0,3.111666666666667,0.14413836923781356,3.505316655482249,4.092934876861699,40.47137510025693,0.023341627261693487,cutoff,S3_gaming,1
11204.0,3.112222222222222,0.14397619559288083,3.5052327784148187,4.092934876861699,40.46953882922254,0.0233421822677653,cutoff,S3_gaming,1
11206.0,3.1127777777777776,0.14381401806717908,3.5051488990523234,4.092934876861699,40.467702552010145,0.023342737460376715,cutoff,S3_gaming,1
11208.0,3.1133333333333333,0.1436518366604166,3.5050650174018383,4.092934876861699,40.46586626877821,0.023343292832479132,cutoff,S3_gaming,1
11210.0,3.113888888888889,0.14348965137230185,3.5049811334700864,4.092934876861699,40.46402997967757,0.023343848377365667,cutoff,S3_gaming,1
11212.0,3.1144444444444446,0.1433274622025437,3.5048972472634583,4.092934876861699,40.46219368485166,0.0233444040886546,cutoff,S3_gaming,1
11214.0,3.115,0.14316526915085115,3.5048133587880255,4.092934876861699,40.46035738443705,0.023344959960273637,cutoff,S3_gaming,1
11216.0,3.1155555555555554,0.14300307221693354,3.5047294680495575,4.092934876861699,40.458521078563585,0.023345515986444902,cutoff,S3_gaming,1
11218.0,3.116111111111111,0.1428408714005004,3.5046455750535377,4.092934876861699,40.45668476735486,0.023346072161670683,cutoff,S3_gaming,1
11220.0,3.1166666666666667,0.1426786667012615,3.5045616798051746,4.092934876861699,40.45484845092843,0.023346628480719857,cutoff,S3_gaming,1
11222.0,3.1172222222222223,0.1425164581189268,3.5044777823094155,4.092934876861699,40.45301212939617,0.023347184938614977,cutoff,S3_gaming,1
11224.0,3.117777777777778,0.14235424565320645,3.5043938825709606,4.092934876861699,40.451175802864505,0.02334774153061998,cutoff,S3_gaming,1
11226.0,3.118333333333333,0.1421920293038108,3.504309980594274,4.092934876861699,40.449339471434655,0.023348298252228488,cutoff,S3_gaming,1
11228.0,3.118888888888889,0.14200522484964997,3.489877480923312,4.69404159768895,40.44334464395089,0.023521509477335594,cutoff,S3_gaming,1
11230.0,3.1194444444444445,0.1418316457773523,3.4973385437941538,4.370968125196539,40.4397771097035,0.023593391537113234,cutoff,S3_gaming,1
11232.0,3.12,0.14165841319827224,3.4973856598485695,4.362297799468604,40.4363471534483,0.023659334449163124,cutoff,S3_gaming,1
11234.0,3.1205555555555557,0.14148543679288664,3.4973858792729247,4.355843897622352,40.43303297036147,0.023720262181349566,cutoff,S3_gaming,1
11236.0,3.121111111111111,0.14131264936778493,3.497351776333451,4.351039827931306,40.42981768387593,0.02377689122489764,cutoff,S3_gaming,1
11238.0,3.1216666666666666,0.14114000093819237,3.497292680271321,4.3474638383754955,40.42668811625114,0.0238297822714625,cutoff,S3_gaming,1
11240.0,3.1222222222222222,0.14095314146737573,3.488861728215933,4.69404159768895,40.42121349983873,0.023979897587945637,cutoff,S3_gaming,1
11242.0,3.122777777777778,0.14077951265093702,3.496347767501942,4.370968125196539,40.41814102760801,0.024029773115422867,cutoff,S3_gaming,1
11244.0,3.1233333333333335,0.1406062315246026,3.4964164740269448,4.362297799468604,40.41518213590143,0.02407477436232008,cutoff,S3_gaming,1
11246.0,3.1238888888888887,0.14043320768528214,3.4964372237935177,4.355843897622352,40.412316183627915,0.02411577394911153,cutoff,S3_gaming,1
11248.0,3.1244444444444444,0.1402603738670809,3.496422646236656,4.351039827931306,40.409527401471,0.024153439446048617,cutoff,S3_gaming,1
11250.0,3.125,0.1400876800213398,3.4963821220351243,4.3474638383754955,40.40680366520471,0.024188284949328384,cutoff,S3_gaming,1
11252.0,3.1255555555555556,0.13991508891216728,3.4963226156683938,4.344801990790916,40.40413558209403,0.0242207094985959,cutoff,S3_gaming,1
11254.0,3.1261111111111113,0.13974257283907351,3.4962492945437353,4.342820600058937,40.40151581018606,0.024251025705185624,cutoff,S3_gaming,1
11256.0,3.1266666666666665,0.13957011119804905,3.496165989509979,4.341345718756374,40.39893855088742,0.024279481095770886,cutoff,S3_gaming,1
11258.0,3.127222222222222,0.13939768866646424,3.496075537446296,4.340247866211925,40.39639917050932,0.024306274033991396,cutoff,S3_gaming,1
11260.0,3.1277777777777778,0.13922529385216423,3.495980036149662,4.339430661324142,40.393893917816946,0.024331565605538244,cutoff,S3_gaming,1
11262.0,3.1283333333333334,0.1390529182880124,3.49588103398358,4.33882236120953,40.391419713059996,0.024355488497519822,cutoff,S3_gaming,1
11264.0,3.128888888888889,0.13888055568352994,3.495779670989367,4.338369562853856,40.38897399023717,0.024378153639195044,cutoff,S3_gaming,1
11266.0,3.1294444444444443,0.13870820136788647,3.495676783881361,4.338032514831052,40.38655457901451,0.024399655174982115,cutoff,S3_gaming,1
11268.0,3.13,0.1385358518753134,3.4955729841664116,4.337781627502835,40.38415961619056,0.02442007419469601,cutoff,S3_gaming,1
11270.0,3.1305555555555555,0.13836350463652652,3.4954687162627023,4.337594875327475,40.38178747918448,0.02443948153736174,cutoff,S3_gaming,1
11272.0,3.131111111111111,0.138201126085313,3.5011821838667823,4.093339659752194,40.38112154971151,0.024387932538281813,cutoff,S3_gaming,1
11274.0,3.131666666666667,0.13803875027928608,3.501151596907478,4.093236183770605,40.38039960652905,0.02433887833755624,cutoff,S3_gaming,1
11276.0,3.132222222222222,0.1378763760242492,3.5011179429094157,4.093159159694513,40.37962418287116,0.02429220564908104,cutoff,S3_gaming,1
11278.0,3.1327777777777777,0.13771400240687473,3.5010814928829816,4.0931018255363165,40.37879773532779,0.024247804739252837,cutoff,S3_gaming,1
11280.0,3.1333333333333333,0.13755162872408289,3.501042473385789,4.093059147897546,40.37792263578926,0.024205569749681563,cutoff,S3_gaming,1
11282.0,3.133888888888889,0.13738925443041694,3.5010010766837536,4.093027380083937,40.37700116678781,0.02416539887777616,cutoff,S3_gaming,1
11284.0,3.1344444444444446,0.1372268790988169,3.50095746837281,4.0930037331810025,40.376035519303215,0.024127194454426012,cutoff,S3_gaming,1
11286.0,3.135,0.1370645023913691,3.500911793107644,4.092986131213637,40.375027792341065,0.024090862947833396,cutoff,S3_gaming,1
11288.0,3.1355555555555554,0.136902124037484,3.500864178918709,4.092973028895081,40.37397999377198,0.024056314914991158,cutoff,S3_gaming,1
11290.0,3.136111111111111,0.13673974381760545,3.5008147404758447,4.092963275965309,40.372894042053744,0.024023464916678314,cutoff,S3_gaming,1
11292.0,3.1366666666666667,0.13657736155104003,3.5007635815653804,4.092956016209051,40.37177176855734,0.023992231407667902,cutoff,S3_gaming,1
11294.0,3.1372222222222224,0.13641497708685496,3.5007107969794604,4.0929506122881625,40.37061492029258,0.02396253661073721,cutoff,S3_gaming,1
11296.0,3.137777777777778,0.13625259029706271,3.5006564739656563,4.092946589789343,40.36942516288247,0.023934306380765356,cutoff,S3_gaming,1
11298.0,3.138333333333333,0.13609020107150913,3.500600693347163,4.092943595575127,40.3682040836774,0.02390747006349266,cutoff,S3_gaming,1
11300.0,3.138888888888889,0.13592780931403203,3.5005435303958152,4.092941366781738,40.36695319492981,0.023881960352248034,cutoff,S3_gaming,1
11302.0,3.1394444444444445,0.13576541493956687,3.500485055519192,4.092939707742134,40.36567393697243,0.02385771314501136,cutoff,S3_gaming,1
11304.0,3.14,0.13560301787195925,3.5004253348075447,4.09293847280828,40.36436768135959,0.02383466740348323,cutoff,S3_gaming,1
11306.0,3.1405555555555558,0.1354406180423052,3.5003644304746575,4.092937553564629,40.36303573394382,0.02381276501532182,cutoff,S3_gaming,1
11308.0,3.141111111111111,0.13527821538768575,3.5003024012181188,4.092936869310256,40.36167933786834,0.023791950660329065,cutoff,S3_gaming,1
11310.0,3.1416666666666666,0.13511580985019647,3.5002393025180503,4.092936359974078,40.360299676463015,0.023772171681091317,cutoff,S3_gaming,1
11312.0,3.1422222222222222,0.13495340137619805,3.5001751868885513,4.092935980841182,40.3588978760361,0.023753377958377106,cutoff,S3_gaming,1
11314.0,3.142777777777778,0.13479098991573252,3.500110104092519,4.092935698627277,40.3574750085577,0.023735521791447476,cutoff,S3_gaming,1
11316.0,3.1433333333333335,0.1346285754220644,3.5000441013278913,4.092935488556639,40.356032094233214,0.02371855778332814,cutoff,S3_gaming,1
11318.0,3.1438888888888887,0.1344661578513156,3.4999772233913258,4.09293533218705,40.35457010396706,0.023702442731016946,cutoff,S3_gaming,1
11320.0,3.1444444444444444,0.13430373716217148,3.4999095128238666,4.092935215790733,40.35308996171829,0.023687135520546708,cutoff,S3_gaming,1
11322.0,3.145,0.1341413133156409,3.4998410100420663,4.092935129149189,40.35159254675025,0.023672597026786677,cutoff,S3_gaming,1
11324.0,3.1455555555555557,0.13397888627485754,3.4997717534571593,4.092935064656109,40.35007869577763,0.023658790017841304,cutoff,S3_gaming,1
11326.0,3.1461111111111113,0.13381645600491293,3.499701779584318,4.092935016649606,40.34854920501403,0.023645679063889185,cutoff,S3_gaming,1
11328.0,3.1466666666666665,0.13365402247271366,3.499631123143514,4.092934980915164,40.34700483212384,0.023633230450296024,cutoff,S3_gaming,1
11330.0,3.147222222222222,0.1334915856468581,3.499559817153194,4.092934954315634,40.345446298082095,0.02362141209483087,cutoff,S3_gaming,1
11332.0,3.147777777777778,0.13332914549752795,3.499487893017699,4.09293493451583,40.34387428894633,0.023610193468813965,cutoff,S3_gaming,1
11334.0,3.1483333333333334,0.13316670199639188,3.499415380609181,4.092934919777515,40.34228945754382,0.02359954552202588,cutoff,S3_gaming,1
11336.0,3.148888888888889,0.1330042551165189,3.499342308344592,4.092934908806804,40.340692425078316,0.02358944061121075,cutoff,S3_gaming,1
11338.0,3.1494444444444443,0.13284180483229954,3.4992687032582412,4.0929349006405715,40.33908378265979,0.0235798524320106,cutoff,S3_gaming,1
11340.0,3.15,0.13267935111937385,3.4991945910703106,4.0929348945619,40.33746409276054,0.023570755954172972,cutoff,S3_gaming,1
11342.0,3.1505555555555556,0.1325168939545647,3.499119996251657,4.09293489003714,40.33583389060136,0.023562127359879326,cutoff,S3_gaming,1
11344.0,3.151111111111111,0.13235443331581617,3.499044942085186,4.092934886669058,40.334193685470794,0.023553943985047752,cutoff,S3_gaming,1
11346.0,3.151666666666667,0.13219196918213577,3.4989694507240343,4.092934884161971,40.33254396198083,0.023546184263469275,cutoff,S3_gaming,1
11348.0,3.152222222222222,0.13202950153354054,3.4988935432467714,4.092934882295778,40.33088518126193,0.023538827673643046,cutoff,S3_gaming,1
11350.0,3.1527777777777777,0.1318670303510063,3.498817239709806,4.092934880906647,40.3292177821002,0.023531854688181565,cutoff,S3_gaming,1
11352.0,3.1533333333333333,0.1317045556164198,3.4987405591971674,4.092934879872623,40.32754218201984,0.023525246725662877,cutoff,S3_gaming,1
11354.0,3.153888888888889,0.13154207731253365,3.4986635198678036,4.0929348791029305,40.32585877831293,0.023518986104812192,cutoff,S3_gaming,1
11356.0,3.1544444444444446,0.13137959542292357,3.4985861390005413,4.092934878529998,40.32416794901969,0.02351305600090093,cutoff,S3_gaming,1
11358.0,3.155,0.13121710993194802,3.4985084330368337,4.092934878103525,40.322470053861046,0.023507440404256286,cutoff,S3_gaming,1
11360.0,3.1555555555555554,0.13105462082470987,3.4984304176214036,4.092934877786073,40.32076543512621,0.02350212408077957,cutoff,S3_gaming,1
11362.0,3.156111111111111,0.13089212808702,3.4983521076409,4.092934877549772,40.319054418517254,0.02349709253437628,cutoff,S3_gaming,1
11364.0,3.1566666666666667,0.13072963170536284,3.498273517260669,4.092934877373878,40.317337313952756,0.02349233197120556,cutoff,S3_gaming,1
11366.0,3.1572222222222224,0.13056713166686354,3.4981946599597276,4.092934877242948,40.315614416332544,0.023487829265661064,cutoff,S3_gaming,1
11368.0,3.1577777777777776,0.1304046279592569,3.4981155485640403,4.092934877145487,40.31388600626543,0.023483571927999516,cutoff,S3_gaming,1
11370.0,3.158333333333333,0.13024212057085763,3.49803619527817,4.092934877072942,40.312152350761636,0.02347954807353719,cutoff,S3_gaming,1
11372.0,3.158888888888889,0.13007960949053235,3.497956611715398,4.0929348770189415,40.310413703891776,0.02347574639333847,cutoff,S3_gaming,1
11374.0,3.1594444444444445,0.1299170947076727,3.497876808926378,4.092934876978745,40.30867030741381,0.023472156126324254,cutoff,S3_gaming,1
11376.0,3.16,0.12975457621216996,3.4977967974263984,4.092934876948824,40.30692239136967,0.023468767032731423,cutoff,S3_gaming,1
11378.0,3.1605555555555553,0.12959205399439078,3.497716587221323,4.092934876926552,40.30517017465301,0.023465569368858012,cutoff,S3_gaming,1
11380.0,3.161111111111111,0.12942952804515415,3.4976361878322764,4.092934876909974,40.30341386554943,0.023462553863031765,cutoff,S3_gaming,1
11382.0,3.1616666666666666,0.12926699835570954,3.4975556083191277,4.092934876897633,40.301653662250516,0.023459711692742847,cutoff,S3_gaming,1
11384.0,3.1622222222222223,0.129104464917716,3.497474857302838,4.092934876888447,40.299889753342946,0.023457034462884344,cutoff,S3_gaming,1
11386.0,3.162777777777778,0.12894192772322227,3.497393942986725,4.09293487688161,40.29812231827399,0.02345451418504686,cutoff,S3_gaming,1
11388.0,3.1633333333333336,0.1287793867646481,3.4973128731766976,4.0929348768765195,40.296351527794386,0.023452143257816173,cutoff,S3_gaming,1
11390.0,3.1638888888888888,0.128616842034766,3.497231655300508,4.0929348768727305,40.29457754437974,0.023449914448025366,cutoff,S3_gaming,1
11392.0,3.1644444444444444,0.12845429352668447,3.497150296426069,4.0929348768699105,40.2928005226316,0.023447820872915172,cutoff,S3_gaming,1
11394.0,3.165,0.12829174123383147,3.497068803278894,4.092934876867812,40.29102060965894,0.023445855983158573,cutoff,S3_gaming,1
11396.0,3.1655555555555557,0.12812918514993907,3.496987182258676,4.092934876866249,40.2892379454414,0.023444013546707748,cutoff,S3_gaming,1
11398.0,3.1661111111111113,0.12796662526902877,3.4969054394550785,4.092934876865086,40.28745266317464,0.023442287633423563,cutoff,S3_gaming,1
11400.0,3.1666666666666665,0.1278040615853974,3.4968235806627503,4.09293487686422,40.285664889599154,0.023440672600449682,cutoff,S3_gaming,1
11402.0,3.167222222222222,0.1276414940936038,3.4967416113956196,4.092934876863575,40.283874745313135,0.023439163078295227,cutoff,S3_gaming,1
11404.0,3.167777777777778,0.12747892278845624,3.4966595369004922,4.0929348768630955,40.28208234507007,0.02343775395759165,cutoff,S3_gaming,1
11406.0,3.1683333333333334,0.12731634766500016,3.4965773621699947,4.0929348768627385,40.28028779806209,0.023436440376491192,cutoff,S3_gaming,1
11408.0,3.168888888888889,0.12715376871850687,3.496495091954883,4.092934876862473,40.278491208189344,0.023435217708675793,cutoff,S3_gaming,1
11410.0,3.1694444444444443,0.12699118594446251,3.496412730775764,4.092934876862275,40.27669267431655,0.02343408155194693,cutoff,S3_gaming,1
11412.0,3.17,0.1268285993385577,3.4963302829342435,4.092934876862127,40.27489229051705,0.02343302771736822,cutoff,S3_gaming,1
11414.0,3.1705555555555556,0.12666600889667762,3.4962477525235327,4.092934876862018,40.27309014630496,0.023432052218933987,cutoff,S3_gaming,1
11416.0,3.171111111111111,0.12650341461489256,3.4961651434385503,4.0929348768619365,40.271286326856114,0.023431151263738365,cutoff,S3_gaming,1
11418.0,3.171666666666667,0.126340816489449,3.4960824593855193,4.092934876861876,40.269480913218345,0.023430321242620632,cutoff,S3_gaming,1
11420.0,3.172222222222222,0.1261782145167611,3.495999703891117,4.092934876861831,40.26767398251155,0.023429558721263746,cutoff,S3_gaming,1
11422.0,3.1727777777777777,0.1260156086934025,3.4959168803111664,4.092934876861797,40.26586560811801,0.023428860431724107,cutoff,S3_gaming,1
11424.0,3.1733333333333333,0.12585299901609873,3.4958339918389174,4.092934876861772,40.264055859863554,0.023428223264371648,cutoff,S3_gaming,1
11426.0,3.173888888888889,0.1256903854817197,3.4957510415129196,4.0929348768617535,40.262244804189876,0.023427644260220416,cutoff,S3_gaming,1
11428.0,3.1744444444444446,0.12552776808727287,3.495668032224516,4.092934876861739,40.26043250431868,0.023427120603630665,cutoff,S3_gaming,1
11430.0,3.175,0.1253651468298964,3.4955849667249805,4.092934876861729,40.258619020407515,0.023426649615364517,cutoff,S3_gaming,1
11432.0,3.1755555555555555,0.12520252170685306,3.4955018476322928,4.0929348768617215,40.256804409698454,0.023426228745978016,cutoff,S3_gaming,1
11434.0,3.176111111111111,0.12503989271552396,3.4954186774376046,4.092934876861715,40.25498872665932,0.023425855569533343,cutoff,S3_gaming,1
11436.0,3.1766666666666667,0.12487725985340299,3.495335458511379,4.092934876861712,40.25317202311815,0.023425527777615602,cutoff,S3_gaming,1
11438.0,3.1772222222222224,0.1247146231180913,3.495252193109239,4.092934876861708,40.25135434839109,0.02342524317363948,cutoff,S3_gaming,1
11440.0,3.1777777777777776,0.12455198250729207,3.4951688833775307,4.0929348768617055,40.24953574940423,0.023424999667431723,cutoff,S3_gaming,1
11442.0,3.1783333333333332,0.12438933801880565,3.4950855313586153,4.092934876861704,40.24771627080933,0.023424795270076054,cutoff,S3_gaming,1
11444.0,3.178888888888889,0.12422668965052477,3.4950021389959085,4.092934876861703,40.24589595509408,0.02342462808900783,cutoff,S3_gaming,1
11446.0,3.1794444444444445,0.12406403740043015,3.4949187081386723,4.092934876861702,40.244074842687034,0.02342449632334634,cutoff,S3_gaming,1
11448.0,3.18,0.12390138126658617,3.4948352405465775,4.092934876861701,40.2422529720573,0.02342439825945323,cutoff,S3_gaming,1
11450.0,3.1805555555555554,0.12373872124713688,3.4947517378940414,4.0929348768617,40.24043037980963,0.023424332266706087,cutoff,S3_gaming,1
11452.0,3.181111111111111,0.12357605734030205,3.494668201774361,4.0929348768617,40.23860710077466,0.023424296793476795,cutoff,S3_gaming,1
11454.0,3.1816666666666666,0.12341338954437364,3.4945846337036417,4.0929348768617,40.23678316809496,0.02342429036330469,cutoff,S3_gaming,1
11456.0,3.1822222222222223,0.12325071785771217,3.494501035124533,4.092934876861699,40.23495861330683,0.023424311571255116,cutoff,S3_gaming,1
11458.0,3.182777777777778,0.1230880422787435,3.4944174074097933,4.092934876861699,40.23313346641812,0.023424359080454413,cutoff,S3_gaming,1
11460.0,3.183333333333333,0.12292536280595558,3.4943337518656707,4.092934876861699,40.23130775598238,0.02342443161879272,cutoff,S3_gaming,1
11462.0,3.1838888888888888,0.12276267943789552,3.4942500697351266,4.092934876861699,40.229481509169226,0.023424527975786556,cutoff,S3_gaming,1
11464.0,3.1844444444444444,0.1225999921731667,3.494166362200903,4.092934876861699,40.22765475183153,0.023424646999593353,cutoff,S3_gaming,1
11466.0,3.185,0.12243730101042599,3.494082630388437,4.092934876861699,40.22582750856918,0.02342478759417065,cutoff,S3_gaming,1
11468.0,3.1855555555555557,0.12227460594838127,3.493998875368638,4.092934876861699,40.22399980278982,0.023424948716572892,cutoff,S3_gaming,1
11470.0,3.186111111111111,0.12211190698578886,3.4939150981605303,4.092934876861699,40.22217165676655,0.02342512937437919,cutoff,S3_gaming,1
11472.0,3.1866666666666665,0.1219492041214512,3.493831299733764,4.092934876861699,40.2203430916931,0.023425328623245686,cutoff,S3_gaming,1
11474.0,3.187222222222222,0.12178649735421465,3.49374748101101,4.092934876861699,40.21851412773593,0.023425545564576506,cutoff,S3_gaming,1
11476.0,3.187777777777778,0.12162378668296733,3.4936636428702346,4.092934876861699,40.21668478408417,0.023425779343307522,cutoff,S3_gaming,1
11478.0,3.1883333333333335,0.12146107210663712,3.493579786146862,4.092934876861699,40.21485507899692,0.023426029145797497,cutoff,S3_gaming,1
11480.0,3.188888888888889,0.12129835362418968,3.493495911635841,4.092934876861699,40.2130250298483,0.023426294197821385,cutoff,S3_gaming,1
11482.0,3.1894444444444443,0.12113563123462671,3.4934120200936007,4.092934876861699,40.21119465317043,0.02342657376266085,cutoff,S3_gaming,1
11484.0,3.19,0.12097290493698412,3.4933281122399196,4.092934876861699,40.20936396469415,0.023426867139287277,cutoff,S3_gaming,1
11486.0,3.1905555555555556,0.12081017473033043,3.4932441887596988,4.092934876861699,40.207532979387864,0.023427173660632815,cutoff,S3_gaming,1
11488.0,3.1911111111111112,0.12064744061376513,3.4931602503046535,4.092934876861699,40.20570171149459,0.02342749269194518,cutoff,S3_gaming,1
11490.0,3.191666666666667,0.12048470258641725,3.4930762974949205,4.092934876861699,40.203870174566966,0.023427823629222154,cutoff,S3_gaming,1
11492.0,3.192222222222222,0.12032196064744388,3.492992330920586,4.092934876861699,40.2020383815008,0.02342816589772193,cutoff,S3_gaming,1
11494.0,3.1927777777777777,0.12015921479602884,3.492908351143143,4.092934876861699,40.200206344566915,0.023428518950545603,cutoff,S3_gaming,1
11496.0,3.1933333333333334,0.11999646503138134,3.4928243586968755,4.092934876861699,40.19837407544139,0.023428882267288367,cutoff,S3_gaming,1
11498.0,3.193888888888889,0.1198337113527348,3.492740354090179,4.092934876861699,40.196541585234435,0.023429255352756015,cutoff,S3_gaming,1
11500.0,3.1944444444444446,0.11967095375934564,3.4926563378068103,4.092934876861699,40.19470888451772,0.02342963773574365,cutoff,S3_gaming,1
11502.0,3.195,0.11950819225049221,3.4925723103070854,4.092934876861699,40.19287598335062,0.02343002896787353,cutoff,S3_gaming,1
11504.0,3.1955555555555555,0.11934542682547367,3.492488272029012,4.092934876861699,40.19104289130493,0.023430428622489247,cutoff,S3_gaming,1
11506.0,3.196111111111111,0.11918265748360901,3.4924042233893724,4.092934876861699,40.18920961748851,0.023430836293603444,cutoff,S3_gaming,1
11508.0,3.1966666666666668,0.1190198842242361,3.492320164784749,4.092934876861699,40.18737617056785,0.02343125159489653,cutoff,S3_gaming,1
11510.0,3.1972222222222224,0.11885710704671074,3.4922360965925052,4.092934876861699,40.18554255878934,0.0234316741587639,cutoff,S3_gaming,1
11512.0,3.1977777777777776,0.11869432595040583,3.4921520191717175,4.092934876861699,40.18370878999974,0.023432103635409297,cutoff,S3_gaming,1
11514.0,3.1983333333333333,0.11853154093471052,3.4920679328640563,4.092934876861699,40.18187487166547,0.023432539691982113,cutoff,S3_gaming,1
11516.0,3.198888888888889,0.11836875199902942,3.4919838379946344,4.092934876861699,40.18004081089109,0.02343298201175647,cutoff,S3_gaming,1
11518.0,3.1994444444444445,0.11820595914278186,3.4918997348728076,4.092934876861699,40.178206614436846,0.023433430293350075,cutoff,S3_gaming,1
11520.0,3.2,0.11804316236540115,3.4918156237929354,4.092934876861699,40.17637228873526,0.02343388424998093,cutoff,S3_gaming,1
11522.0,3.2005555555555554,0.11788036166633395,3.491731505035111,4.092934876861699,40.174537839907174,0.02343434360876002,cutoff,S3_gaming,1
11524.0,3.201111111111111,0.11771755704503957,3.4916473788658506,4.092934876861699,40.172703273776705,0.023434808110018295,cutoff,S3_gaming,1
11526.0,3.2016666666666667,0.1175547485009894,3.4915632455387513,4.092934876861699,40.170868595885736,0.02343527750666623,cutoff,S3_gaming,1
11528.0,3.2022222222222223,0.1173919360336663,3.4914791052951175,4.092934876861699,40.16903381150748,0.023435751563584448,cutoff,S3_gaming,1
11530.0,3.202777777777778,0.11722911964256401,3.491394958364554,4.092934876861699,40.16719892565966,0.023436230057043813,cutoff,S3_gaming,1
11532.0,3.203333333333333,0.11706629932718671,3.491310804965538,4.092934876861699,40.16536394311674,0.023436712774153667,cutoff,S3_gaming,1
11534.0,3.203888888888889,0.11690347508704843,3.491226645305952,4.092934876861699,40.16352886842177,0.023437199512336762,cutoff,S3_gaming,1
11536.0,3.2044444444444444,0.11674064692167262,3.491142479583602,4.092934876861699,40.16169370589765,0.023437690078829634,cutoff,S3_gaming,1
11538.0,3.205,0.11657781483059165,3.4910583079867017,4.092934876861699,40.15985845965772,0.023438184290207203,cutoff,S3_gaming,1
11540.0,3.2055555555555557,0.11641497881334643,3.4909741306943394,4.092934876861699,40.158023133615956,0.023438681971930372,cutoff,S3_gaming,1
11542.0,3.206111111111111,0.11625213886948596,3.4908899478769198,4.092934876861699,40.15618773149666,0.02343918295791557,cutoff,S3_gaming,1
11544.0,3.2066666666666666,0.11608929499856693,3.4908057596965856,4.092934876861699,40.15435225684358,0.023439687090125113,cutoff,S3_gaming,1
11546.0,3.207222222222222,0.11592644720015337,3.4907215663076148,4.092934876861699,40.15251671302872,0.02344019421817746,cutoff,S3_gaming,1
11548.0,3.207777777777778,0.11576359547381627,3.4906373678568055,4.092934876861699,40.15068110326063,0.023440704198976297,cutoff,S3_gaming,1
11550.0,3.2083333333333335,0.11560073981913327,3.490553164483834,4.092934876861699,40.1488454305924,0.023441216896357635,cutoff,S3_gaming,1
11552.0,3.2088888888888887,0.11543788023568831,3.4904689563216036,4.092934876861699,40.14700969792907,0.023441732180753967,cutoff,S3_gaming,1
11554.0,3.2094444444444443,0.11527501672307133,3.4903847434965707,4.092934876861699,40.145173908034906,0.02344224992887472,cutoff,S3_gaming,1
11556.0,3.21,0.115112149280878,3.4903005261290576,4.092934876861699,40.14333806354017,0.023442770023402164,cutoff,S3_gaming,1
11558.0,3.2105555555555556,0.11494927790870939,3.4902163043335492,4.092934876861699,40.141502166947674,0.023443292352702087,cutoff,S3_gaming,1
11560.0,3.2111111111111112,0.11478640260617176,3.4901320782189775,4.092934876861699,40.13966622063887,0.02344381681054845,cutoff,S3_gaming,1
11562.0,3.2116666666666664,0.1146235233728763,3.4900478478889867,4.092934876861699,40.1378302268798,0.0234443432958614,cutoff,S3_gaming,1
11564.0,3.212222222222222,0.11446064020843885,3.4899636134421947,4.092934876861699,40.13599418782669,0.023444871712457974,cutoff,S3_gaming,1
11566.0,3.2127777777777777,0.11429775311247971,3.489879374972433,4.092934876861699,40.134158105531206,0.02344540196881487,cutoff,S3_gaming,1
11568.0,3.2133333333333334,0.1141348620846234,3.489795132568978,4.092934876861699,40.13232198194559,0.02344593397784272,cutoff,S3_gaming,1
11570.0,3.213888888888889,0.11397196712449847,3.489710886316774,4.092934876861699,40.13048581892745,0.023446467656671292,cutoff,S3_gaming,1
11572.0,3.2144444444444447,0.11380906823173732,3.489626636296642,4.092934876861699,40.12864961824436,0.02344700292644511,cutoff,S3_gaming,1
11574.0,3.215,0.11364616540597597,3.4895423825854808,4.092934876861699,40.12681338157824,0.023447539712128953,cutoff,S3_gaming,1
11576.0,3.2155555555555555,0.1134832586468539,3.4894581252564523,4.092934876861699,40.12497711052939,0.023448077942322794,cutoff,S3_gaming,1
11578.0,3.216111111111111,0.11332034795401387,3.48937386437917,4.092934876861699,40.12314080662064,0.023448617549085705,cutoff,S3_gaming,1
11580.0,3.216666666666667,0.11315743332710182,3.4892896000198648,4.092934876861699,40.12130447130095,0.023449158467768277,cutoff,S3_gaming,1
11582.0,3.2172222222222224,0.11299451476576663,3.489205332241551,4.092934876861699,40.11946810594904,0.023449700636853164,cutoff,S3_gaming,1
11584.0,3.2177777777777776,0.11283159226966005,3.489121061104181,4.092934876861699,40.11763171187685,0.023450243997803377,cutoff,S3_gaming,1
11586.0,3.2183333333333333,0.11264396769208451,3.474621670149419,4.69404159768895,40.11163469519208,0.02362424297234882,cutoff,S3_gaming,1
11588.0,3.218888888888889,0.11246962990367519,3.4821174324425646,4.370968125196539,40.10806620562518,0.023696443098710513,cutoff,S3_gaming,1
11590.0,3.2194444444444446,0.11229564014255947,3.4821647630266668,4.362297799468604,40.10463533634157,0.023762677791167093,cutoff,S3_gaming,1
11592.0,3.22,0.11212190767358907,3.4821649800104386,4.355843897622352,40.10132027321131,0.023823875218516217,cutoff,S3_gaming,1
11594.0,3.2205555555555554,0.11194836499447636,3.4821307157967576,4.351039827931306,40.09810413272216,0.023880755118341656,cutoff,S3_gaming,1
11596.0,3.221111111111111,0.11177496189095155,3.482071342742964,4.3474638383754955,40.0949737319363,0.023933880712829904,cutoff,S3_gaming,1
11598.0,3.2216666666666667,0.11160166101377526,3.4819938091047358,4.344801990790916,40.091918671827,0.023983697404662722,cutoff,S3_gaming,1
11600.0,3.2222222222222223,0.11142843458759152,3.481903260660264,4.342820600058937,40.08893065375152,0.024030561636796587,cutoff,S3_gaming,1
11602.0,3.222777777777778,0.11125526196175428,3.4818035030608674,4.341345718756374,40.08600296941797,0.024074762431572475,cutoff,S3_gaming,1
11604.0,3.223333333333333,0.11108212778760415,3.4816973457664657,4.340247866211925,40.08313011999917,0.02411653747980354,cutoff,S3_gaming,1
11606.0,3.223888888888889,0.11090902066190031,3.481586857915758,4.339430661324142,40.08030753140731,0.024156085171391544,cutoff,S3_gaming,1
11608.0,3.2244444444444444,0.11073593211716101,3.481473558687507,4.33882236120953,40.077531341189115,0.024193573602871412,cutoff,S3_gaming,1
11610.0,3.225,0.11056285587018834,3.481358558923942,4.338369562853856,40.0747982387798,0.02422914733243064,cutoff,S3_gaming,1
11612.0,3.2255555555555557,0.11038978726275414,3.481242666489603,4.338032514831052,40.07210534552431,0.02426293245593811,cutoff,S3_gaming,1
11614.0,3.226111111111111,0.11021672284531286,3.4811264646445856,4.337781627502835,40.06945012434919,0.024295040430938056,cutoff,S3_gaming,1
11616.0,3.2266666666666666,0.1100436600671726,3.4810103703360418,4.337594875327475,40.0668303115534,0.024325570966491645,cutoff,S3_gaming,1
11618.0,3.227222222222222,0.10988060910636242,3.4867380986904073,4.093339659752194,40.06592945175636,0.024284299773884417,cutoff,S3_gaming,1
11620.0,3.227777777777778,0.10971756039858747,3.4866971184411173,4.093236183770605,40.06498393675956,0.02424502558081205,cutoff,S3_gaming,1
11622.0,3.2283333333333335,0.10955451276727315,3.486653554385569,4.093159159694513,40.06399574962255,0.024207659255378423,cutoff,S3_gaming,1
11624.0,3.2288888888888887,0.10939146531682217,3.486607654646476,4.0931018255363165,40.06296682340156,0.024172114039410872,cutoff,S3_gaming,1
11626.0,3.2294444444444443,0.10922841736174277,3.486559623867864,4.093059147897546,40.06189903180199,0.024138305930423022,cutoff,S3_gaming,1
11628.0,3.23,0.10906536837384792,3.48650963336333,4.093027380083937,40.06079418329157,0.024106153918036544,cutoff,S3_gaming,1
11630.0,3.2305555555555556,0.10890231794290822,3.4864578287168144,4.0930037331810025,40.059654017737714,0.024075580114388224,cutoff,S3_gaming,1
11632.0,3.2311111111111113,0.10873926574732115,3.486404335484879,4.092986131213637,40.05848020487455,0.02404650980783149,cutoff,S3_gaming,1
11634.0,3.2316666666666665,0.10857621153223837,3.486349263483666,4.092973028895081,40.0572743440849,0.024018871461641892,cutoff,S3_gaming,1
11636.0,3.232222222222222,0.10841315509324637,3.4862927100203116,4.092963275965309,40.056037965116694,0.023992596673784502,cutoff,S3_gaming,1
11638.0,3.2327777777777778,0.1082500962641827,3.4862347623366836,4.092956016209051,40.05477252945196,0.023967620109599245,cutoff,S3_gaming,1
11640.0,3.2333333333333334,0.1080870349080324,3.4861754994649536,4.0929506122881625,40.053479432121726,0.023943879416137317,cutoff,S3_gaming,1
11642.0,3.233888888888889,0.10792397091011886,3.4861149936435774,4.092946589789343,40.052160003813874,0.023921315124561617,cutoff,S3_gaming,1
11644.0,3.2344444444444442,0.1077609041730042,3.486053311404388,4.092943595575127,40.05081551316273,0.023899870545301346,cutoff,S3_gaming,1
11646.0,3.235,0.1075978346126636,3.4859905144132592,4.092941366781738,40.04944716913892,0.023879491659372608,cutoff,S3_gaming,1
11648.0,3.2355555555555555,0.10743476215560953,3.4859266601258154,4.092939707742134,40.04805612348078,0.023860127008329093,cutoff,S3_gaming,1
11650.0,3.236111111111111,0.10727168673672423,3.485861802304022,4.09293847280828,40.04664347312503,0.02384172758460519,cutoff,S3_gaming,1
11652.0,3.236666666666667,0.1071086082976208,3.4857959914278305,4.092937553564629,40.04521026260704,0.02382424672349494,cutoff,S3_gaming,1
11654.0,3.237222222222222,0.10694552678539904,3.4857292750273916,4.092936869310256,40.043757486409554,0.02380763999762729,cutoff,S3_gaming,1
11656.0,3.2377777777777776,0.10678244215169616,3.4856616979549027,4.092936359974078,40.04228609124619,0.023791865114516246,cutoff,S3_gaming,1
11658.0,3.2383333333333333,0.10661935435195831,3.485593302610316,4.092935980841182,40.04079697827023,0.023776881817557678,cutoff,S3_gaming,1
11660.0,3.238888888888889,0.1064562633448773,3.485524129131584,4.092935698627277,40.03929100520329,0.023762651790693326,cutoff,S3_gaming,1
11662.0,3.2394444444444446,0.10629316909195158,3.485454215557417,4.092935488556639,40.03776898838083,0.023749138566852995,cutoff,S3_gaming,1
11664.0,3.24,0.1061300715571404,3.485383597968568,4.09293533218705,40.03623170471352,0.02373630744020656,cutoff,S3_gaming,1
11666.0,3.2405555555555554,0.10596697070658848,3.485312310612155,4.092935215790733,40.03467989356463,0.023724125382201186,cutoff,S3_gaming,1
11668.0,3.241111111111111,0.10580386650840384,3.485240386012413,4.092935129149189,40.03311425854475,0.023712560961319327,cutoff,S3_gaming,1
11670.0,3.2416666666666667,0.10564075893247622,3.485167855070493,4.092935064656109,40.03153546922585,0.023701584266465903,cutoff,S3_gaming,1
11672.0,3.2422222222222223,0.10547764795032635,3.4850947471552423,4.092935016649606,40.02994416277671,0.023691166833874736,cutoff,S3_gaming,1
11674.0,3.242777777777778,0.105314533534979,3.4850210901864753,4.092934980915164,40.02834094552276,0.023681281577412887,cutoff,S3_gaming,1
11676.0,3.243333333333333,0.10515141566085442,3.484946910711908,4.092934954315634,40.02672639443273,0.0236719027221548,cutoff,S3_gaming,1
11678.0,3.243888888888889,0.10498829430367432,3.484872233978639,4.09293493451583,40.025101058535355,0.02366300574109508,cutoff,S3_gaming,1
11680.0,3.2444444444444445,0.10482516944037891,3.484797083999883,4.092934919777515,40.0234654602688,0.02365456729486809,cutoff,S3_gaming,1
11682.0,3.245,0.10466204104905327,3.484721483617524,4.092934908806804,40.021820096765744,0.023646565174343787,cutoff,S3_gaming,1
11684.0,3.2455555555555557,0.10449890910886096,3.4846454545609236,4.0929349006405715,40.02016544107704,0.023638978245971668,cutoff,S3_gaming,1
11686.0,3.246111111111111,0.10433577359998358,3.4845690175023525,4.0929348945619,40.01850194333682,0.02363178639974809,cutoff,S3_gaming,1
11688.0,3.2466666666666666,0.1041726345035655,3.4844921921093452,4.09293489003714,40.01683003187134,0.02362497049968605,cutoff,S3_gaming,1
11690.0,3.2472222222222222,0.1040094918016626,3.484414997094224,4.092934886669058,40.01515011425468,0.023618512336670873,cutoff,S3_gaming,1
11692.0,3.247777777777778,0.10384634547719493,3.4843374502610063,4.092934884161971,40.01346257831342,0.023612394583589616,cutoff,S3_gaming,1
11694.0,3.2483333333333335,0.10368319551390222,3.4842595685498754,4.092934882295778,40.01176779308293,0.0236066007526267,cutoff,S3_gaming,1
11696.0,3.2488888888888887,0.10352004189630243,3.4841813680793803,4.092934880906647,40.01006610971732,0.023601115154622612,cutoff,S3_gaming,1
11698.0,3.2494444444444444,0.10335688460965266,3.4841028641864997,4.092934879872623,40.0083578623556,0.023595922860397307,cutoff,S3_gaming,1
11700.0,3.25,0.1031937236399123,3.4840240714646926,4.0929348791029305,40.006643368945845,0.02359100966394405,cutoff,S3_gaming,1
11702.0,3.2505555555555556,0.10303055897370834,3.483945003800067,4.092934878529998,40.00492293202949,0.023586362047403976,cutoff,S3_gaming,1
11704.0,3.2511111111111113,0.10286739059830238,3.4838656744057497,4.092934878103525,40.00319683948772,0.023581967147735673,cutoff,S3_gaming,1
11706.0,3.2516666666666665,0.10270421850155954,3.4837860958545677,4.092934877786073,40.00146536525173,0.023577812724998058,cutoff,S3_gaming,1
11708.0,3.252222222222222,0.10254104267191895,3.4837062801101233,4.092934877549772,39.99972876997854,0.02357388713216879,cutoff,S3_gaming,1
11710.0,3.2527777777777778,0.10237786309836566,3.483626238556355,4.092934877373878,39.997987301694174,0.023570179286424044,cutoff,S3_gaming,1
11712.0,3.2533333333333334,0.10221467977040409,3.4835459820256456,4.092934877242948,39.99624119640566,0.02356667864180902,cutoff,S3_gaming,1
11714.0,3.253888888888889,0.10205149267803275,3.483465520825568,4.092934877145487,39.99449067868333,0.023563375163231988,cutoff,S3_gaming,1
11716.0,3.2544444444444443,0.10188830181172019,3.4833848647643237,4.092934877072942,39.992735962214994,0.02356025930171782,cutoff,S3_gaming,1
11718.0,3.255,0.10172510716238221,3.4833040231749512,4.0929348770189415,39.99097725033327,0.023557321970860093,cutoff,S3_gaming,1
11720.0,3.2555555555555555,0.10156190872136016,3.483223004938348,4.092934876978745,39.9892147365173,0.023554554524413723,cutoff,S3_gaming,1
11722.0,3.256111111111111,0.10139870648040027,3.4831418185051835,4.092934876948824,39.98744860487026,0.023551948734972978,cutoff,S3_gaming,1
11724.0,3.256666666666667,0.10123550043163403,3.4830604719167475,4.092934876926552,39.98567903057364,0.023549496773682267,cutoff,S3_gaming,1
11726.0,3.257222222222222,0.10107229056755954,3.482978972824779,4.092934876909974,39.983906180319565,0.023547191190929722,cutoff,S3_gaming,1
11728.0,3.2577777777777777,0.10090907688102371,3.4828973285103473,4.092934876897633,39.98213021272218,0.02354502489797598,cutoff,S3_gaming,1
11730.0,3.2583333333333333,0.10074585936520543,3.482815545901805,4.092934876888447,39.98035127870911,0.02354299114947288,cutoff,S3_gaming,1
11732.0,3.258888888888889,0.1005826380135994,3.4827336315918758,4.09293487688161,39.97856952189383,0.023541083526828963,cutoff,S3_gaming,1
11734.0,3.2594444444444446,0.1004194128200009,3.4826515918539154,4.0929348768765195,39.97678507893025,0.023539295922380753,cutoff,S3_gaming,1
11736.0,3.26,0.10025618377849121,3.4825694326573844,4.0929348768727305,39.97499807984982,0.023537622524330823,cutoff,S3_gaming,1
11738.0,3.2605555555555554,0.10009295088342379,3.482487159682568,4.0929348768699105,39.97320864838255,0.023536057802415467,cutoff,S3_gaming,1
11740.0,3.261111111111111,0.09992971102512693,3.4820074776380503,4.092934876867812,39.96277552323466,0.023534618845112404,cutoff,S3_gaming,1
11742.0,3.2616666666666667,0.09976643013208311,3.4810016611928174,4.092934876866249,39.94090641643962,0.023533538970087704,cutoff,S3_gaming,1
11744.0,3.2622222222222224,0.09960310203846609,3.4799951834320915,4.092934876865086,39.919028387579054,0.023532843250804986,cutoff,S3_gaming,1
11746.0,3.262777777777778,0.09943972668445097,3.478988022037213,4.09293487686422,39.897141849907804,0.023532513371893608,cutoff,S3_gaming,1
11748.0,3.263333333333333,0.09927630401097605,3.4779801945090263,4.092934876863575,39.875247196528214,0.023532531905875616,cutoff,S3_gaming,1
11750.0,3.263888888888889,0.09911283395970295,3.4769717174854886,4.0929348768630955,39.85334480137137,0.023532882270142132,cutoff,S3_gaming,1
11752.0,3.2644444444444445,0.09894931647297878,3.475962606783453,4.0929348768627385,39.83143502013075,0.023533548686014663,cutoff,S3_gaming,1
11754.0,3.265,0.0987857514938,3.474952877438419,4.092934876862473,39.80951819115018,0.023534516139790348,cutoff,S3_gaming,1
11756.0,3.2655555555555558,0.09862213896577816,3.4739425437423677,4.092934876862275,39.78759463626883,0.023535770345674906,cutoff,S3_gaming,1
11758.0,3.266111111111111,0.09845847883310704,3.4729316192797515,4.092934876862127,39.76566466162477,0.023537297710511874,cutoff,S3_gaming,1
11760.0,3.2666666666666666,0.09829477104053162,3.471920116961748,4.092934876862018,39.74372855841967,0.02353908530022105,cutoff,S3_gaming,1
11762.0,3.2672222222222222,0.09813101553331832,3.4709080490588557,4.0929348768619365,39.72178660364615,0.0235411208078633,cutoff,S3_gaming,1
11764.0,3.267777777777778,0.09796721225722678,3.4698954272319,4.092934876861876,39.6998390607796,0.023543392523252944,cutoff,S3_gaming,1
11766.0,3.2683333333333335,0.09780336115848294,3.4688822625615514,4.092934876861831,39.677886180436616,0.023545889304042694,cutoff,S3_gaming,1
11768.0,3.2688888888888887,0.09763946218375344,3.4678685655764014,4.092934876861797,39.65592820100104,0.023548600548209783,cutoff,S3_gaming,1
11770.0,3.2694444444444444,0.09747551528012117,3.466854346279681,4.092934876861772,39.63396534921975,0.023551516167875392,cutoff,S3_gaming,1
11772.0,3.27,0.09731152039506206,3.4658396141746937,4.0929348768617535,39.611997840769334,0.023554626564392767,cutoff,S3_gaming,1
11774.0,3.2705555555555557,0.09714747747642295,3.4648243782890016,4.092934876861739,39.590025880795196,0.023557922604642505,cutoff,S3_gaming,1
11776.0,3.2711111111111113,0.09698338647240046,3.4638086471974496,4.092934876861729,39.5680496644244,0.023561395598476552,cutoff,S3_gaming,1
11778.0,3.2716666666666665,0.09681924733152096,3.4627924290440717,4.0929348768617215,39.54606937725358,0.023565037277255226,cutoff,S3_gaming,1
11780.0,3.272222222222222,0.09665506000262143,3.461775731562936,4.092934876861715,39.524085195812994,0.023568839773424295,cutoff,S3_gaming,1
11782.0,3.272777777777778,0.09649082443483126,3.460758562097978,4.092934876861712,39.50209728800807,0.023572795601081685,cutoff,S3_gaming,1
11784.0,3.2733333333333334,0.09632654057755484,3.459740927621875,4.092934876861708,39.480105813539495,0.023576897637485928,cutoff,S3_gaming,1
11786.0,3.273888888888889,0.09613727928086283,3.444031448072097,4.69404159768895,39.45090116574033,0.023756216005174927,cutoff,S3_gaming,1
11788.0,3.2744444444444443,0.0959613745421382,3.450596999978735,4.370968125196539,39.42576281592768,0.023832985864066347,cutoff,S3_gaming,1
11790.0,3.275,0.09578577011975213,3.449645580453202,4.362297799468604,39.400802364683976,0.023903902488255954,cutoff,S3_gaming,1
11792.0,3.2755555555555556,0.0956103746074362,3.4486476582377907,4.355843897622352,39.37598690802489,0.02396989328938868,cutoff,S3_gaming,1
11794.0,3.276111111111111,0.09543511996737074,3.447615575135725,4.351039827931306,39.35129133677814,0.02403167633217506,cutoff,S3_gaming,1
11796.0,3.276666666666667,0.09525995555607973,3.446558491373108,4.3474638383754955,39.326696372612915,0.02408981250048442,cutoff,S3_gaming,1
11798.0,3.277222222222222,0.09508484367828113,3.4454832006748863,4.344801990790916,39.30218710538371,0.02414474438843841,cutoff,S3_gaming,1
11800.0,3.2777777777777777,0.09490975627747737,3.444394736553389,4.342820600058937,39.27775190337227,0.02419682531144091,cutoff,S3_gaming,1
11802.0,3.2783333333333333,0.09473467247242985,3.4432968233887964,4.341345718756374,39.2533816009875,0.02424634096168209,cutoff,S3_gaming,1
11804.0,3.278888888888889,0.09455957672318914,3.442192212082874,4.340247866211925,39.2290688929609,0.02429352558612364,cutoff,S3_gaming,1
11806.0,3.2794444444444446,0.09438445746573569,3.441082929844329,4.339430661324142,39.20480788225833,0.024338574084424934,cutoff,S3_gaming,1
11808.0,3.28,0.09420930609546345,3.4399704660804384,4.33882236120953,39.18059374244302,0.024381651066923457,cutoff,S3_gaming,1
11810.0,3.2805555555555554,0.09403411621036689,3.438855910738211,4.338369562853856,39.15642246527294,0.024422897646956866,cutoff,S3_gaming,1
11812.0,3.281111111111111,0.09385888304757903,3.437740057253862,4.338032514831052,39.13229067178906,0.024462436544016287,cutoff,S3_gaming,1
11814.0,3.2816666666666667,0.09368360306386574,3.436623479158269,4.337781627502835,39.10819547071103,0.024500375927011504,cutoff,S3_gaming,1
11816.0,3.2822222222222224,0.09350827362330293,3.435506587072175,4.337594875327475,39.08413435209276,0.024536812317353097,cutoff,S3_gaming,1
11818.0,3.2827777777777776,0.09334304792632284,3.440374191869135,4.093339659752194,39.06302742494477,0.02450051317744668,cutoff,S3_gaming,1
11820.0,3.283333333333333,0.09317777928940242,3.4393920328905523,4.093236183770605,39.04187473615403,0.024466285937124865,cutoff,S3_gaming,1
11822.0,3.283888888888889,0.09301246647554087,3.4384069178589085,4.093159159694513,39.02067820342468,0.024434038235961363,cutoff,S3_gaming,1
11824.0,3.2844444444444445,0.09284710853167014,3.4374190944656005,4.0931018255363165,38.99943972470593,0.024403680223950203,cutoff,S3_gaming,1
11826.0,3.285,0.09268170471709303,3.436428767548447,4.093059147897546,38.97816116033611,0.0243751249416494,cutoff,S3_gaming,1
11828.0,3.2855555555555553,0.09251625445015291,3.4354361090446828,4.093027380083937,38.95684432086514,0.02434828855374445,cutoff,S3_gaming,1
11830.0,3.286111111111111,0.09235075726848037,3.434441265449756,4.0930037331810025,38.93549095904975,0.024323090475869804,cutoff,S3_gaming,1
11832.0,3.2866666666666666,0.09218521279935113,3.4334443634167133,4.092986131213637,38.914102764903504,0.024299453424234254,cutoff,S3_gaming,1
11834.0,3.2872222222222223,0.09201962073757455,3.432445513968907,4.092973028895081,38.89268136297151,0.024277303409938607,cutoff,S3_gaming,1
11836.0,3.287777777777778,0.0918539808289912,3.4314448156781117,4.092963275965309,38.87122831121477,0.024256569694178033,cutoff,S3_gaming,1
11838.0,3.2883333333333336,0.09168829285814868,3.430442357070322,4.092956016209051,38.84974510104821,0.024237184716285293,cutoff,S3_gaming,1
11840.0,3.2888888888888888,0.09152255663909034,3.429438218454566,4.0929506122881625,38.82823315819526,0.024219084003422105,cutoff,S3_gaming,1
11842.0,3.2894444444444444,0.0913567720084633,3.4284324733203073,4.092946589789343,38.80669384411023,0.024202206068385548,cutoff,S3_gaming,1
11844.0,3.29,0.0911909388203552,3.427425189411891,4.092943595575127,38.78512845778501,0.024186492300258593,cutoff,S3_gaming,1
11846.0,3.2905555555555557,0.09102505694241947,3.426416429560884,4.092941366781738,38.76353823780546,0.024171886851343714,cutoff,S3_gaming,1
11848.0,3.2911111111111113,0.09085912625296158,3.42540625233657,4.092939707742134,38.7419243645592,0.024158336522862266,cutoff,S3_gaming,1
11850.0,3.2916666666666665,0.09069314663874213,3.424394712559571,4.09293847280828,38.7202879625231,0.024145790651193776,cutoff,S3_gaming,1
11852.0,3.292222222222222,0.09052711799331506,3.423381861712118,4.092937553564629,38.69863010257867,0.024134200995905547,cutoff,S3_gaming,1
11854.0,3.292777777777778,0.09036104021576549,3.4223677482700436,4.092936869310256,38.67695180431866,0.0241235216304363,cutoff,S3_gaming,1
11856.0,3.2933333333333334,0.09019491320974633,3.4213524179751764,4.092936359974078,38.65525403831863,0.024113708836012975,cutoff,S3_gaming,1
11858.0,3.293888888888889,0.09002873688273853,3.42033591406217,4.092935980841182,38.6335377283552,0.024104720999171,cutoff,S3_gaming,1
11860.0,3.2944444444444443,0.08986251114547882,3.4193182774502158,4.092935698627277,38.61180375355961,0.024096518513095785,cutoff,S3_gaming,1
11862.0,3.295,0.08969623591151324,3.4182995469075186,4.092935488556639,38.59005295049801,0.024089063682892462,cutoff,S3_gaming,1
11864.0,3.2955555555555556,0.08952991109684544,3.417279759194429,4.09293533218705,38.56828611517428,0.02408232063481107,cutoff,S3_gaming,1
11866.0,3.296111111111111,0.08936353661965615,3.4162589491896957,4.092935215790733,38.54650400495327,0.02407625522939749,cutoff,S3_gaming,1
11868.0,3.296666666666667,0.08919711240007688,3.4152371500031804,4.092935129149189,38.52470734040333,0.02407083497850055,cutoff,S3_gaming,1
11870.0,3.297222222222222,0.08903063836000458,3.4142143930775997,4.092935064656109,38.50289680705914,0.024066028966038266,cutoff,S3_gaming,1
11872.0,3.2977777777777777,0.08886411442294775,3.413190708281226,4.092935016649606,38.48107305710599,0.024061807772407892,cutoff,S3_gaming,1
11874.0,3.2983333333333333,0.08869754051389671,3.412166123993034,4.092934980915164,38.45923671098748,0.02405814340241309,cutoff,S3_gaming,1
11876.0,3.298888888888889,0.08853091655921241,3.411140667181456,4.092934954315634,38.4373883589391,0.02405500921657485,cutoff,S3_gaming,1
11878.0,3.2994444444444446,0.08836424248653008,3.4101143634776125,4.09293493451583,38.41552856245015,0.02405237986568979,cutoff,S3_gaming,1
11880.0,3.3,0.08819751822467418,3.4090872372437375,4.092934919777515,38.39365785565665,0.0240502312284991,cutoff,S3_gaming,1
11882.0,3.3005555555555555,0.08803074370358281,3.4080593116373534,4.092934908806804,38.3717767466683,0.024048540352332674,cutoff,S3_gaming,1
11884.0,3.301111111111111,0.0878639188542393,3.4070306086716298,4.0929349006405715,38.34988571883203,0.024047285396595706,cutoff,S3_gaming,1
11886.0,3.3016666666666667,0.08769704360861018,3.4060011492722975,4.0929348945619,38.32798523193481,0.024046445578968487,cutoff,S3_gaming,1
11888.0,3.3022222222222224,0.08753011789958809,3.404970953331424,4.09293489003714,38.30607572334896,0.02404600112419429,cutoff,S3_gaming,1
11890.0,3.3027777777777776,0.08736314166093904,3.403940039758289,4.092934886669058,38.28415760912174,0.024045933215334638,cutoff,S3_gaming,1
11892.0,3.3033333333333332,0.0871961148272534,3.4029084265275813,4.092934884161971,38.26223128501281,0.0240462239473759,cutoff,S3_gaming,1
11894.0,3.303888888888889,0.08702903733390001,3.4018761307250998,4.092934882295778,38.240297127481014,0.024046856283075936,cutoff,S3_gaming,1
11896.0,3.3044444444444445,0.0868619091169833,3.400843168591129,4.092934880906647,38.21835549462363,0.024047814010944163,cutoff,S3_gaming,1
11898.0,3.305,0.08669473011330278,3.399809555561611,4.092934879872623,38.19640672706998,0.02404908170525314,cutoff,S3_gaming,1
11900.0,3.3055555555555554,0.0865275002603149,3.398775306307269,4.0929348791029305,38.17445114883154,0.024050644687984332,cutoff,S3_gaming,1
11902.0,3.306111111111111,0.08636021949609701,3.397740434770784,4.092934878529998,38.15248906811092,0.02405248899261512,cutoff,S3_gaming,1
11904.0,3.3066666666666666,0.08619288775931319,3.3967049542021264,4.092934878103525,38.1305207780714,0.024054601329658466,cutoff,S3_gaming,1
11906.0,3.3072222222222223,0.0860255049891819,3.395668877192161,4.092934877786073,38.10854655756918,0.024056969053870753,cutoff,S3_gaming,1
11908.0,3.307777777777778,0.08585807112544527,3.394632215704593,4.092934877549772,38.0865666718498,0.024059580133047313,cutoff,S3_gaming,1
11910.0,3.308333333333333,0.08569058610833995,3.393594981106357,4.092934877373878,38.06458137321094,0.02406242311832896,cutoff,S3_gaming,1
11912.0,3.3088888888888888,0.08552304987856933,3.392557184196524,4.092934877242948,38.04259090163274,0.024065487115946513,cutoff,S3_gaming,1
11914.0,3.3094444444444444,0.08535546237727729,3.391518835233797,4.092934877145487,38.0205954853776,0.024068761760333762,cutoff,S3_gaming,1
11916.0,3.31,0.08518782354602301,3.390479943962665,4.092934877072942,37.99859534156071,0.024072237188542712,cutoff,S3_gaming,1
11918.0,3.3105555555555557,0.08502013332675726,3.3894405196382964,4.0929348770189415,37.97659067669285,0.024075904015898042,cutoff,S3_gaming,1
11920.0,3.311111111111111,0.08485239166179956,3.388400571050214,4.092934876978745,37.95458168719673,0.024079753312830823,cutoff,S3_gaming,1
11922.0,3.3116666666666665,0.08468459849381672,3.387360106544818,4.092934876948824,37.93256855989819,0.02408377658283442,cutoff,S3_gaming,1
11924.0,3.312222222222222,0.08451675376580217,3.3863191340468304,4.092934876926552,37.910551472493545,0.024087965741488204,cutoff,S3_gaming,1
11926.0,3.312777777777778,0.0843488574210564,3.385277661079683,4.092934876909974,37.888530593994076,0.024092313096497373,cutoff,S3_gaming,1
11928.0,3.3133333333333335,0.08418090940316834,3.384235694784927,4.092934876897633,37.86650608514898,0.02409681132869971,cutoff,S3_gaming,1
11930.0,3.313888888888889,0.0840129096559976,3.3831932419406994,4.092934876888447,37.84447809884768,0.02410145347399239,cutoff,S3_gaming,1
11932.0,3.3144444444444443,0.0838448581236575,3.382150308979291,4.09293487688161,37.822446780502524,0.02410623290613431,cutoff,S3_gaming,1
11934.0,3.315,0.083676754750499,3.381106902003868,4.0929348768765195,37.80041226841285,0.024111143320381515,cutoff,S3_gaming,1
11936.0,3.3155555555555556,0.08350859948109537,3.38006302680438,4.0929348768727305,37.77837469411142,0.02411617871791535,cutoff,S3_gaming,1
11938.0,3.3161111111111112,0.08334039226022752,3.3790186888726965,4.0929348768699105,37.756334182693806,0.024121333391025002,cutoff,S3_gaming,1
11940.0,3.316666666666667,0.0831721330328701,3.3779738934170176,4.092934876867812,37.73429085313193,0.02412660190900778,cutoff,S3_gaming,1
11942.0,3.317222222222222,0.08300382174417822,3.3769286453755734,4.092934876866249,37.712244818572145,0.024131979104752475,cutoff,S3_gaming,1
11944.0,3.3177777777777777,0.08283545833947482,3.3758829494296707,4.092934876865086,37.690196186619,0.024137460061972617,cutoff,S3_gaming,1
11946.0,3.3183333333333334,0.08266704276423861,3.3748368100161046,4.09293487686422,37.668145059604996,0.02414304010305822,cutoff,S3_gaming,1
11948.0,3.318888888888889,0.08249857496409259,3.373790231338968,4.092934876863575,37.64609153484734,0.024148714777515984,cutoff,S3_gaming,1
11950.0,3.3194444444444446,0.0823300548847931,3.372743217380888,4.0929348768630955,37.62403570489209,0.024154479850969513,cutoff,S3_gaming,1
11952.0,3.32,0.08216148247221942,3.3716957719137204,4.0929348768627385,37.60197765774653,0.02416033129469235,cutoff,S3_gaming,1
11954.0,3.3205555555555555,0.08199285767236382,3.3706478985087234,4.092934876862473,37.579917477100174,0.024166265275648083,cutoff,S3_gaming,1
11956.0,3.321111111111111,0.08182418043132209,3.3695996005462456,4.092934876862275,37.55785524253486,0.024172278147012914,cutoff,S3_gaming,1
11958.0,3.3216666666666668,0.0816554506952845,3.368550881224931,4.092934876862127,37.535791029724955,0.024178366439157332,cutoff,S3_gaming,1
11960.0,3.3222222222222224,0.08148666841052726,3.3675017435704944,4.092934876862018,37.513724910627396,0.024184526851064647,cutoff,S3_gaming,1
11962.0,3.3227777777777776,0.08131783352340426,3.3664521904440585,4.0929348768619365,37.491656953662826,0.02419075624216522,cutoff,S3_gaming,1
11964.0,3.3233333333333333,0.08114894598033924,3.365402224550095,4.092934876861876,37.469587223887736,0.024197051624566257,cutoff,S3_gaming,1
11966.0,3.323888888888889,0.0809800057278184,3.364351848443979,4.092934876861831,37.44751578315817,0.024203410155658002,cutoff,S3_gaming,1
11968.0,3.3244444444444445,0.08081101271238324,3.3633010645391734,4.092934876861797,37.42544269028564,0.02420982913107808,cutoff,S3_gaming,1
11970.0,3.325,0.08064196688062382,3.3622498751140735,4.092934876861772,37.40336800118531,0.02421630597801667,cutoff,S3_gaming,1
11972.0,3.3255555555555554,0.08047286817917228,3.361198282318512,4.0929348768617535,37.38129176901696,0.024222838248845968,cutoff,S3_gaming,1
11974.0,3.326111111111111,0.0803037165546967,3.3601462881799535,4.092934876861739,37.359214044319174,0.024229423615058244,cutoff,S3_gaming,1
11976.0,3.3266666666666667,0.0801345119538952,3.3590938946093893,4.092934876861729,37.337134875136925,0.024236059861497537,cutoff,S3_gaming,1
11978.0,3.3272222222222223,0.07996525432349035,3.3580411034069417,4.0929348768617215,37.315054307142944,0.02424274488087078,cutoff,S3_gaming,1
11980.0,3.327777777777778,0.07979594361022381,3.3569879162672023,4.092934876861715,37.292972383753224,0.02424947666852479,cutoff,S3_gaming,1
11982.0,3.328333333333333,0.07962657976085127,3.35593433478431,4.092934876861712,37.27088914623685,0.02425625331747627,cutoff,S3_gaming,1
11984.0,3.328888888888889,0.07945716272213756,3.354880360456783,4.092934876861708,37.24880463382049,0.02426307301368255,cutoff,S3_gaming,1
11986.0,3.3294444444444444,0.07928769244085196,3.3538259946921123,4.0929348768617055,37.226718883787846,0.02426993403154142,cutoff,S3_gaming,1
11988.0,3.33,0.07911816886376387,3.3527712388111435,4.092934876861704,37.20463193157417,0.024276834729608926,cutoff,S3_gaming,1
11990.0,3.3305555555555557,0.0789485919376385,3.3517160940522315,4.092934876861703,37.1825438108563,0.024283773546524633,cutoff,S3_gaming,1
11992.0,3.331111111111111,0.07877896160923285,3.3506605615752107,4.092934876861702,37.16045455363814,0.024290748997134216,cutoff,S3_gaming,1
11994.0,3.3316666666666666,0.07860927782529192,3.3496046424651555,4.092934876861701,37.13836419033216,0.024297759668799903,cutoff,S3_gaming,1
11996.0,3.332222222222222,0.07843954053254495,3.3485483377359753,4.0929348768617,37.1162727498368,0.02430480421788962,cutoff,S3_gaming,1
11998.0,3.332777777777778,0.07826974967770195,3.3474916483338197,4.0929348768617,37.09418025961017,0.024311881366436208,cutoff,S3_gaming,1
12000.0,3.3333333333333335,0.07809990520745033,3.3464345751403326,4.0929348768617,37.07208674574009,0.02431898989895845,cutoff,S3_gaming,1
12002.0,3.3338888888888887,0.07793000706845173,3.3453771189757386,4.092934876861699,37.04999223301083,0.02432612865943608,cutoff,S3_gaming,1
12004.0,3.3344444444444443,0.0777600552073389,3.344319280601784,4.092934876861699,37.02789674496648,0.02433329654843135,cutoff,S3_gaming,1
12006.0,3.335,0.07759004957071286,3.3432610607245365,4.092934876861699,37.00580030397134,0.02434049252034997,cutoff,S3_gaming,1
12008.0,3.3355555555555556,0.07741999010514,3.342202459997046,4.092934876861699,36.9837029312672,0.024347715580834765,cutoff,S3_gaming,1
12010.0,3.3361111111111112,0.0772498767571495,3.3411434790218784,4.092934876861699,36.96160464702811,0.024354964784285563,cutoff,S3_gaming,1
12012.0,3.3366666666666664,0.07707970947323076,3.340084118353528,4.092934876861699,36.9395054704122,0.024362239231499213,cutoff,S3_gaming,1
12014.0,3.337222222222222,0.0769094881998309,3.3390243785007083,4.092934876861699,36.91740541961113,0.02436953806742391,cutoff,S3_gaming,1
12016.0,3.3377777777777777,0.0767392128833525,3.3379642599285373,4.092934876861699,36.895304511897095,0.024376860479022308,cutoff,S3_gaming,1
12018.0,3.3383333333333334,0.07656888347015134,3.3369037630606124,4.092934876861699,36.873202763667564,0.024384205693238133,cutoff,S3_gaming,1
12020.0,3.338888888888889,0.07639849990653423,3.3358428882809896,4.092934876861699,36.85110019048772,0.024391572975061275,cutoff,S3_gaming,1
12022.0,3.3394444444444447,0.07622806213875702,3.3347816359360603,4.092934876861699,36.82899680713108,0.02439896162568663,cutoff,S3_gaming,1
12024.0,3.34,0.0760575701130226,3.3337200063363444,4.092934876861699,36.80689262761785,0.024406370980762093,cutoff,S3_gaming,1
12026.0,3.3405555555555555,0.07588702377547904,3.3326579997581893,4.092934876861699,36.78478766525162,0.024413800408721424,cutoff,S3_gaming,1
12028.0,3.341111111111111,0.07571642307221782,3.331595616445391,4.092934876861699,36.7626819326542,0.024421249309197875,cutoff,S3_gaming,1
12030.0,3.341666666666667,0.07554576794927206,3.330532856610741,4.092934876861699,36.740575441798725,0.024428717111514644,cutoff,S3_gaming,1
12032.0,3.3422222222222224,0.07537505835261493,3.3294697204374817,4.092934876861699,36.71846820404116,0.02443620327324845,cutoff,S3_gaming,1
12034.0,3.3427777777777776,0.07520429422815801,3.328406208080714,4.092934876861699,36.69636023015038,0.024443707278862692,cutoff,S3_gaming,1
12036.0,3.3433333333333333,0.07503347552174981,3.3273423196687197,4.092934876861699,36.67425153033659,0.024451228638406788,cutoff,S3_gaming,1
12038.0,3.343888888888889,0.07486260217917434,3.3262780553042233,4.092934876861699,36.652142114278554,0.024458766886278547,cutoff,S3_gaming,1
12040.0,3.3444444444444446,0.07469167414614966,3.3252134150655985,4.092934876861699,36.630031991149345,0.02446632158004647,cutoff,S3_gaming,1
12042.0,3.345,0.07452069136832658,3.324148399008011,4.092934876861699,36.607921169640946,0.024473892299329093,cutoff,S3_gaming,1
12044.0,3.3455555555555554,0.07434965379128736,3.3230830071645046,4.092934876861699,36.585809657987596,0.024481478644728626,cutoff,S3_gaming,1
12046.0,3.346111111111111,0.07417856136054449,3.322017239547042,4.092934876861699,36.56369746398798,0.024489080236816212,cutoff,S3_gaming,1
12048.0,3.3466666666666667,0.07400741402153949,3.320951096147483,4.092934876861699,36.54158459502646,0.024496696715166383,cutoff,S3_gaming,1
12050.0,3.3472222222222223,0.07383621171964178,3.319884576938531,4.092934876861699,36.5194710580931,0.024504327737438242,cutoff,S3_gaming,1
12052.0,3.347777777777778,0.07366495440014757,3.3188176818746187,4.092934876861699,36.497356859802835,0.024511972978501165,cutoff,S3_gaming,1
12054.0,3.348333333333333,0.07349364200827885,3.3177504108927587,4.092934876861699,36.47524200641368,0.024519632129602866,cutoff,S3_gaming,1
12056.0,3.348888888888889,0.07332227448918228,3.316682763913353,4.092934876861699,36.45312650384402,0.024527304897577727,cutoff,S3_gaming,1
12058.0,3.3494444444444444,0.07315085178792832,3.3156147408409598,4.092934876861699,36.43101035768908,0.02453499100409351,cutoff,S3_gaming,1
12060.0,3.35,0.07297937384951021,3.3145463415650243,4.092934876861699,36.40889357323665,0.024542690184934525,cutoff,S3_gaming,1
12062.0,3.3505555555555557,0.07280784061884311,3.313477565960577,4.092934876861699,36.38677615548185,0.024550402189319545,cutoff,S3_gaming,1
12064.0,3.351111111111111,0.07263625204076321,3.3124084138888925,4.092934876861699,36.36465810914149,0.02455812677925273,cutoff,S3_gaming,1
12066.0,3.3516666666666666,0.07246460806002686,3.3113388851981207,4.092934876861699,36.342539438667444,0.024565863728906033,cutoff,S3_gaming,1
12068.0,3.352222222222222,0.0722929086213098,3.3102689797238884,4.092934876861699,36.320420148259494,0.02457361282403147,cutoff,S3_gaming,1
12070.0,3.352777777777778,0.07212115366920632,3.309198697289864,4.092934876861699,36.298300241877534,0.024581373861401905,cutoff,S3_gaming,1
12072.0,3.3533333333333335,0.07194934314822857,3.3081280377083058,4.092934876861699,36.276179723253215,0.024589146648278888,cutoff,S3_gaming,1
12074.0,3.3538888888888887,0.07177747700280573,3.307057000780574,4.092934876861699,36.254058595900986,0.024596931001906294,cutoff,S3_gaming,1
12076.0,3.3544444444444443,0.0716055551772834,3.3059855862976235,4.092934876861699,36.2319368631285,0.024604726749028475,cutoff,S3_gaming,1
12078.0,3.355,0.07143357761592281,3.3049137940404716,4.092934876861699,36.2098145280468,0.02461253372543176,cutoff,S3_gaming,1
12080.0,3.3555555555555556,0.07126154426290024,3.3038416237806394,4.092934876861699,36.18769159357964,0.02462035177550816,cutoff,S3_gaming,1
12082.0,3.3561111111111113,0.07108945506230632,3.3027690752805774,4.092934876861699,36.165568062472644,0.024628180751840208,cutoff,S3_gaming,1
12084.0,3.3566666666666665,0.07091730995814542,3.3016961482940697,4.092934876861699,36.14344393730184,0.02463602051480591,cutoff,S3_gaming,1
12086.0,3.357222222222222,0.07074510889433504,3.300622842566609,4.092934876861699,36.121319220481915,0.024643870932202844,cutoff,S3_gaming,1
12088.0,3.3577777777777778,0.0705728518147052,3.299549157835769,4.092934876861699,36.09919391427397,0.02465173187889044,cutoff,S3_gaming,1
