t_s,t_h,soc,ocv_V,v1_V,i_A,v_term_V,p_W,p_max_W,discriminant,scenario_id,status
0.0,0.0,1.0,4.2,0.0,1.3941656748360203,4.088466746013118,5.7,55.125,15.816,S3_gaming,cutoff
2.0,0.0005555555555555556,0.999806323049417,4.199612646098834,0.0013601884534250185,1.3947785753766984,4.086669871082089,5.7,55.07913655664286,15.801323698125715,S3_gaming,cutoff
4.0,0.0011111111111111111,0.9996125625472714,4.199225125094543,0.002654626424776014,1.39536899786942,4.084940692861242,5.7,55.035012344704434,15.78720395030542,S3_gaming,cutoff
6.0,0.0016666666666666668,0.9994187215414686,4.198837443082938,0.003886499201710379,1.395938000324265,4.083275631725747,5.7,54.992541942406234,15.773613421569996,S3_gaming,cutoff
8.0,0.0022222222222222222,0.999224802936354,4.198449605872708,0.005058837731602952,1.3964865923539653,4.081671581802026,5.7,54.95164416978451,15.760526134331043,S3_gaming,cutoff
10.0,0.002777777777777778,0.9990308094992881,4.198061618998576,0.0061745261026374485,1.3970157372649061,4.080125587504576,5.7,54.91224187371113,15.747917399587562,S3_gaming,cutoff
12.0,0.0033333333333333335,0.998836743866938,4.197673487733876,0.007236308662041557,1.3975263540694893,4.078634836269414,5.7,54.87426172421099,15.735763751747518,S3_gaming,cutoff
14.0,0.0038888888888888888,0.9986426085512935,4.197285217102587,0.008246796789086602,1.3980193194217172,4.077196651638332,5.7,54.837634021445716,15.724042886862629,S3_gaming,cutoff
16.0,0.0044444444444444444,0.9984484059454205,4.196896811890841,0.009208475339615111,1.39849546947782,4.0758084866771,5.7,54.80229251277243,15.712733604087179,S3_gaming,cutoff
18.0,0.005,0.9982541383289605,4.196508276657921,0.010123708778043904,1.398955601683907,4.074467917711524,5.7,54.76817421932122,15.70181575018279,S3_gaming,cutoff
20.0,0.005555555555555556,0.998059807873387,4.196119615746774,0.010994747012014507,1.3994004764926404,4.073172638366034,5.7,54.73521927156919,15.691270166902141,S3_gaming,cutoff
22.0,0.006111111111111111,0.9978654166470284,4.195730833294057,0.011823730944124708,1.3998308190109499,4.071920453890246,5.7,54.7033707534194,15.681078641094208,S3_gaming,cutoff
24.0,0.006666666666666667,0.9976709666198667,4.1953419332397335,0.012612697754473125,1.4002473205808719,4.070709275759604,5.7,54.672574554322225,15.671223857383113,S3_gaming,cutoff
26.0,0.007222222222222222,0.9974764596681204,4.194952919336241,0.013363585927080994,1.4006506402956114,4.069537116536903,5.7,54.642779229003935,15.66168935328126,S3_gaming,cutoff
28.0,0.0077777777777777776,0.9972818975786227,4.194563795157245,0.014078240032620239,1.4010414064528491,4.068402084982098,5.7,54.613935864392644,15.652459476605648,S3_gaming,cutoff
30.0,0.008333333333333333,0.9970872820530009,4.194174564106002,0.014758415279272744,1.4014202179474244,4.067302381398443,5.7,54.58599795335516,15.643519345073651,S3_gaming,cutoff
32.0,0.008888888888888889,0.9968926147116665,4.193785229423333,0.015405781842971075,1.4017876456054206,4.0662362932035565,5.7,54.55892127488116,15.63485480796197,S3_gaming,cutoff
34.0,0.009444444444444445,0.9966978970976248,4.19339579419525,0.016021928987724185,1.4021442334617134,4.065202190714551,5.7,54.532663780371436,15.62645240971886,S3_gaming,cutoff
36.0,0.01,0.9965031306801101,4.19300626136022,0.016608368986211618,1.4024904999829584,4.064198523136919,5.7,54.50718548570643,15.618299355426059,S3_gaming,cutoff
38.0,0.010555555555555556,0.9963083168580549,4.19261663371611,0.01716654085033502,1.4028269392380581,4.063223814747323,5.7,54.48244836879004,15.610383478012812,S3_gaming,cutoff
40.0,0.011111111111111112,0.9961134569634001,4.192226913926801,0.017697813880945126,1.4031540220179743,4.062276661260939,5.7,54.458416272280196,15.602693207129663,S3_gaming,cutoff
42.0,0.011666666666666667,0.9959185522642537,4.191837104528507,0.018203491045514723,1.4034721969068464,4.061355726374462,5.7,54.435054811234686,15.5952175395951,S3_gaming,cutoff
44.0,0.012222222222222223,0.9957236039679025,4.191447207935805,0.018684812192102142,1.4037818913062632,4.060459738476245,5.7,54.41233128541476,15.587946011332724,S3_gaming,cutoff
46.0,0.012777777777777779,0.9955286132236862,4.191057226447373,0.019142957107544704,1.404083512414475,4.059587487515563,5.7,54.39021459600397,15.580868670721271,S3_gaming,cutoff
48.0,0.013333333333333334,0.9953335811257379,4.190667162251476,0.01957904842743604,1.404377448162361,4.058737822023265,5.7,54.36867516651309,15.57397605328419,S3_gaming,cutoff
50.0,0.013888888888888888,0.9951385087155972,4.190277017431194,0.01999415440507453,1.404664068107836,4.057909646276537,5.7,54.347684867654166,15.567259157649334,S3_gaming,cutoff
52.0,0.014444444444444444,0.9949433969847026,4.189886793969405,0.020389291546221204,1.4049437242903695,4.057101917600787,5.7,54.32721694597865,15.560709422713169,S3_gaming,cutoff
54.0,0.015,0.9947482468767673,4.189496493753534,0.02076542711617357,1.405216752047278,4.056313643802056,5.7,54.307245956085836,15.554318705947468,S3_gaming,cutoff
56.0,0.015555555555555555,0.9945530592900446,4.189106118580089,0.02112348152534604,1.405483470793284,4.055543880723632,5.7,54.28774769621815,15.548079262789807,S3_gaming,cutoff
58.0,0.01611111111111111,0.9943578350794867,4.188715670158974,0.021464330599247242,1.405744184764951,4.054791729920853,5.7,54.268699147069796,15.541983727062336,S3_gaming,cutoff
60.0,0.016666666666666666,0.9941625750588039,4.188325150117608,0.021788807738458652,1.4059991837313934,4.054056336448419,5.7,54.25007841364444,15.536025092366222,S3_gaming,cutoff
62.0,0.017222222222222222,0.9939672800024256,4.187934560004852,0.022097705973947095,1.4062487436727222,4.053336886754747,5.7,54.231864670006566,15.530196694402102,S3_gaming,cutoff
64.0,0.017777777777777778,0.9937719506473709,4.187543901294742,0.022391779922784925,1.4064931274275827,4.052632606678215,5.7,54.21403810677911,15.524492194169314,S3_gaming,cutoff
66.0,0.018333333333333333,0.9935765876950301,4.18715317539006,0.022671747649105567,1.406732585311099,4.0519427595403545,5.7,54.19657988124794,15.518905561999341,S3_gaming,cutoff
68.0,0.01888888888888889,0.9933811918128628,4.186762383625726,0.022938292434887927,1.406967355704497,4.051266644331303,5.7,54.17947206994127,15.513431062381207,S3_gaming,cutoff
70.0,0.019444444444444445,0.9931857636360163,4.1863715272720325,0.023192064464940335,1.4071976656176766,4.050603593983084,5.7,54.1626976235586,15.508063239538751,S3_gaming,cutoff
72.0,0.02,0.9929903037688671,4.185980607537735,0.02343368243024276,1.4074237312258346,4.049952973726423,5.7,54.14624032413073,15.502796903721835,S3_gaming,cutoff
74.0,0.020555555555555556,0.9927948127864902,4.18558962557298,0.023663735053604258,1.4076457583813484,4.0493141795271095,5.7,54.130084744298436,15.4976271181755,S3_gaming,cutoff
76.0,0.021111111111111112,0.9925992912360582,4.1851985824721165,0.023882782541400804,1.4078639431019557,4.048686636598003,5.7,54.11421620860316,15.492549186753012,S3_gaming,cutoff
78.0,0.021666666666666667,0.9924037396381751,4.18480747927635,0.024091357964975996,1.4080784720363115,4.048069797983084,5.7,54.09862075668864,15.487558642140366,S3_gaming,cutoff
80.0,0.022222222222222223,0.9922081584881463,4.184416316976293,0.02428996857511345,1.408289522907921,4.047463143210016,5.7,54.083285108317924,15.482651234661736,S3_gaming,cutoff
82.0,0.02277777777777778,0.9920125482571883,4.184025096514377,0.024479097052824403,1.4084972649384158,4.04686617700793,5.7,54.068196630114386,15.477822921636603,S3_gaming,cutoff
84.0,0.023333333333333334,0.991816909393582,4.183633818787165,0.024659202699536777,1.4087018592510547,4.0462784280872715,5.7,54.05334330394135,15.473069857261232,S3_gaming,cutoff
86.0,0.02388888888888889,0.9916212423237698,4.18324248464754,0.024830722569622293,1.4089034592554561,4.045699447978713,5.7,54.038713696837405,15.46838838298797,S3_gaming,cutoff
88.0,0.024444444444444446,0.9914255474534015,4.182851094906804,0.02499407254805591,1.409102211014246,4.045128809928255,5.7,54.02429693243109,15.46377501837795,S3_gaming,cutoff
90.0,0.025,0.9912298251683306,4.182459650336661,0.02514964837586634,1.4092982535925835,4.044566107845821,5.7,54.01008266376018,15.459226452403259,S3_gaming,cutoff
92.0,0.025555555555555557,0.9910340758355622,4.182068151671125,0.025297826625907585,1.409491719391273,4.04401095530475,5.7,53.99606104742662,15.45473953517652,S3_gaming,cutoff
94.0,0.026111111111111113,0.990838299804157,4.1816765996083145,0.02543896563135863,1.4096827344642153,4.043462984589707,5.7,53.9822227190199,15.450311270086369,S3_gaming,cutoff
96.0,0.02666666666666667,0.9906424974060913,4.181284994812183,0.025573406369241977,1.409871418820935,4.042921845790707,5.7,53.96855876974672,15.445938806318951,S3_gaming,cutoff
98.0,0.02722222222222222,0.9904466689570764,4.180893337914153,0.025701473301140493,1.4100578867148439,4.042387205940971,5.7,53.95506072420676,15.441619431746163,S3_gaming,cutoff
100.0,0.027777777777777776,0.9902508147573389,4.180501629514678,0.025823475173186426,1.4102422469179254,4.04185874819654,5.7,53.941720519257586,15.437350566162428,S3_gaming,cutoff
102.0,0.028333333333333332,0.9900549350923634,4.180109870184727,0.025939705777296016,1.4104246029824408,4.0413361710555975,5.7,53.92853048391518,15.433129754852859,S3_gaming,cutoff
104.0,0.028888888888888888,0.9898590302336004,4.1797180604672,0.026050444675527418,1.4106050534902603,4.04081918761559,5.7,53.91548332023901,15.428954662476484,S3_gaming,cutoff
106.0,0.029444444444444443,0.98966310043914,4.17932620087828,0.026155957889348595,1.4107836922904153,4.0403075248663,5.7,53.90257208515231,15.42482306724874,S3_gaming,cutoff
108.0,0.03,0.9894671459543527,4.178934291908705,0.026256498555515373,1.4109606087253757,4.039800923017174,5.7,53.88979017315225,15.42073285540872,S3_gaming,cutoff
110.0,0.030555555555555555,0.9892711670125013,4.1785423340250025,0.02635230755017735,1.4111358878466345,4.039299134857179,5.7,53.87713129986565,15.41668201595701,S3_gaming,cutoff
112.0,0.03111111111111111,0.9890751638353217,4.178150327670643,0.026443614082750998,1.4113096106200262,4.03880192514569,5.7,53.86458948640866,15.412668635650773,S3_gaming,cutoff
114.0,0.03166666666666667,0.9888791366335767,4.177758273267154,0.026530636261024688,1.411481854121327,4.038309070032838,5.7,53.852159044510906,15.40869089424349,S3_gaming,cutoff
116.0,0.03222222222222222,0.9886830856075839,4.1773661712151675,0.026613581628889407,1.411652691722548,4.037820356507947,5.7,53.83983456236623,15.404747059957193,S3_gaming,cutoff
118.0,0.03277777777777778,0.9884870109477168,4.176974021895434,0.02669264767802134,1.4118221932693686,4.037335581874657,5.7,53.827610891174935,15.40083548517598,S3_gaming,cutoff
120.0,0.03333333333333333,0.9882909128348836,4.176581825669768,0.026768022334778298,1.411990425250134,4.036854553251477,5.7,53.815483132342536,15.396954602349611,S3_gaming,cutoff
122.0,0.03388888888888889,0.9880947914409812,4.176189582881962,0.026839884423510783,1.4121574509567913,4.036377087096513,5.7,53.80344662530387,15.39310292009724,S3_gaming,cutoff
124.0,0.034444444444444444,0.9878986469293296,4.175797293858659,0.026908404107430284,1.4123233306381793,4.035903008755201,5.7,53.79149693594122,15.38927901950119,S3_gaming,cutoff
126.0,0.035,0.9877024794550834,4.175404958910167,0.026973743308122057,1.41248812164598,4.0354321520299585,5.7,53.779629845567065,15.385481550581462,S3_gaming,cutoff
128.0,0.035555555555555556,0.9875062891656249,4.17501257833125,0.02703605610473697,1.4126518785737368,4.034964358770652,5.7,53.767841340444875,15.381709228942361,S3_gaming,cutoff
130.0,0.03611111111111111,0.9873100762009377,4.174620152401875,0.027095489113846797,1.412814653389216,4.034499478484905,5.7,53.75612760182023,15.377960832582476,S3_gaming,cutoff
132.0,0.03666666666666667,0.9871138406939629,4.174227681387926,0.02715218185089979,1.4129764955604696,4.034037367967281,5.7,53.74448499643836,15.374235198860275,S3_gaming,cutoff
134.0,0.03722222222222222,0.9869175827709376,4.173835165541876,0.027206267074167748,1.4131374521758389,4.033577890946413,5.7,53.732910067523484,15.370531221607516,S3_gaming,cutoff
136.0,0.03777777777777778,0.9867213025517172,4.173442605103435,0.027257871112032886,1.4132975680582665,4.033120917749216,5.7,53.72139952619796,15.36684784838335,S3_gaming,cutoff
138.0,0.03833333333333333,0.9865250001500829,4.173050000300166,0.027307114174421464,1.4134568858740981,4.032666324981376,5.7,53.70995024331943,15.36318407786222,S3_gaming,cutoff
140.0,0.03888888888888889,0.9863286756740338,4.172657351348068,0.0273541106491522,1.4136154462367212,4.0322139952232865,5.7,53.69855924171542,15.359538957348937,S3_gaming,cutoff
142.0,0.03944444444444444,0.986132329226065,4.17226465845213,0.02739896938393022,1.4137732878052005,4.031763816740738,5.7,53.68722368879627,15.355911580414807,S3_gaming,cutoff
144.0,0.04,0.9859359609034325,4.171871921806865,0.027441793954681864,1.413930447378231,4.031315683209587,5.7,53.675940889527695,15.352301084648863,S3_gaming,cutoff
146.0,0.04055555555555555,0.9857395707984054,4.17147914159681,0.02748268292089208,1.4140869599835542,4.030869493453777,5.7,53.66470827974546,15.34870664951855,S3_gaming,cutoff
148.0,0.04111111111111111,0.9855431589985059,4.171086317997012,0.02752173006857395,1.4142428589631189,4.0304251511960425,5.7,53.65352341979552,15.345127494334568,S3_gaming,cutoff
150.0,0.041666666666666664,0.9853467255867376,4.1706934511734755,0.027559024641469487,1.414398176054149,4.029982564820675,5.7,53.642383988483424,15.341562876314695,S3_gaming,cutoff
152.0,0.042222222222222223,0.9851502706418034,4.170300541283607,0.027594651561051807,1.4145529414663183,4.029541647147791,5.7,53.63128777731859,15.33801208874195,S3_gaming,cutoff
154.0,0.042777777777777776,0.9849537942383119,4.169907588476624,0.02762869163587109,1.4147071839552328,4.02910231521852,5.7,53.62023268503826,15.334474459212244,S3_gaming,cutoff
156.0,0.043333333333333335,0.984757296446975,4.16951459289395,0.02766122176076055,1.414860930892381,4.028664490090599,5.7,53.60921671239803,15.33094934796737,S3_gaming,cutoff
158.0,0.04388888888888889,0.984560777334795,4.16912155466959,0.027692315106393608,1.415014208331744,4.028228096643868,5.7,53.59823795721561,15.327436146308996,S3_gaming,cutoff
160.0,0.044444444444444446,0.9843642369652437,4.1687284739304875,0.027722041299659588,1.4151670410731843,4.027793063395175,5.7,53.58729460965592,15.323934275089895,S3_gaming,cutoff
162.0,0.045,0.9841676753984318,4.1683353507968635,0.027750466595302767,1.4153194527227964,4.027359322322256,5.7,53.57638494774516,15.320443183278451,S3_gaming,cutoff
164.0,0.04555555555555556,0.983971092691271,4.167942185382542,0.027777654039247878,1.4154714657503953,4.026926808696137,5.7,53.56550733310325,15.316962346593039,S3_gaming,cutoff
166.0,0.04611111111111111,0.9837744888976282,4.167548977795256,0.02780366362401486,1.4156231015441723,4.026495460921651,5.7,53.5546602068836,15.313491266202751,S3_gaming,cutoff
168.0,0.04666666666666667,0.9835778640684714,4.167155728136943,0.02782855243660595,1.4157743804628002,4.026065220385682,5.7,53.5438420859104,15.310029467491328,S3_gaming,cutoff
170.0,0.04722222222222222,0.9833812182520096,4.166762436504019,0.027852374799229807,1.4159253218849976,4.0256360313127555,5.7,53.53305155900356,15.30657649888114,S3_gaming,cutoff
172.0,0.04777777777777778,0.9831845514938261,4.166369102987652,0.027875182403209617,1.416075944256695,4.025207840627621,5.7,53.52228728348245,15.303131930714384,S3_gaming,cutoff
174.0,0.04833333333333333,0.982987863837004,4.165975727674008,0.02789702443640531,1.416226265135967,4.024780597824492,5.7,53.51154798183937,15.299695354188598,S3_gaming,cutoff
176.0,0.04888888888888889,0.9827911553222471,4.165582310644494,0.027917947704464072,1.4163763012358026,4.024354254842621,5.7,53.50083243857476,15.296266380343924,S3_gaming,cutoff
178.0,0.049444444444444444,0.9825944259879943,4.165188851975989,0.027937996746198086,1.4165260684647851,4.023928765947886,5.7,53.49013949718636,15.292844639099636,S3_gaming,cutoff
180.0,0.05,0.9823976758705284,4.164795351741057,0.027957213943373964,1.416675581965851,4.023504087620132,5.7,53.47946805730439,15.289429778337405,S3_gaming,cutoff
182.0,0.050555555555555555,0.9822009050040803,4.164401810008161,0.02797563962518456,1.416824856153173,4.023080178445946,5.7,53.468817071966164,15.286021463029174,S3_gaming,cutoff
184.0,0.051111111111111114,0.9820041134209273,4.164008226841855,0.027993312167660732,1.416973904747254,4.022656999016644,5.7,53.45818554502305,15.282619374407377,S3_gaming,cutoff
186.0,0.051666666666666666,0.9818073011514874,4.1636146023029745,0.028010268088268116,1.4171227408083658,4.022234511831188,5.7,53.44757252867333,15.279223209175465,S3_gaming,cutoff
188.0,0.052222222222222225,0.9816104682244087,4.163220936448818,0.028026542135922206,1.4172713767683365,4.0218126812038015,5.7,53.43697712111498,15.275832678756794,S3_gaming,cutoff
190.0,0.05277777777777778,0.9814136146666544,4.162827229333309,0.028042167376643563,1.4174198244608527,4.021391473176071,5.7,53.42639846431245,15.272447508579985,S3_gaming,cutoff
192.0,0.05333333333333334,0.9812167405035842,4.162433481007168,0.02805717527506443,1.4175680951502623,4.020970855433289,5.7,53.415835741871994,15.26906743739904,S3_gaming,cutoff
194.0,0.05388888888888889,0.981019845759031,4.162039691518062,0.028071595771987617,1.4177161995590186,4.0205507972248595,5.7,53.40528817702008,15.265692216646427,S3_gaming,cutoff
196.0,0.05444444444444444,0.9808229304553748,4.16164586091075,0.028085457358188917,1.4178641478938019,4.020131269288554,5.7,53.39475503068004,15.262321609817613,S3_gaming,cutoff
198.0,0.055,0.9806259946136123,4.161251989227225,0.028098787144644973,1.418011949870354,4.019712243778437,5.7,53.38423559964214,15.258955391885484,S3_gaming,cutoff
200.0,0.05555555555555555,0.9804290382534234,4.160858076506846,0.028111610929359755,1.4181596147371578,4.019293694196272,5.7,53.373729214822525,15.25559334874321,S3_gaming,cutoff
202.0,0.05611111111111111,0.9802320613932348,4.16046412278647,0.028123953260954373,1.418307151297954,4.018875595326273,5.7,53.363235239606766,15.252235276674165,S3_gaming,cutoff
204.0,0.056666666666666664,0.9800350640502801,4.1600701281005605,0.02813583749917702,1.4184545679331722,4.018457923172987,5.7,53.35275306827361,15.248880981847554,S3_gaming,cutoff
206.0,0.05722222222222222,0.9798380462406568,4.159676092481314,0.02814728587248219,1.4186018726203369,4.018040654902201,5.7,53.34228212449563,15.245530279838603,S3_gaming,cutoff
208.0,0.057777777777777775,0.9796410079793819,4.159282015958764,0.028158319532821177,1.4187490729534902,4.0176237687847145,5.7,53.33182185991234,15.24218299517195,S3_gaming,cutoff
210.0,0.058333333333333334,0.9794439492804426,4.158887898560885,0.028168958607778828,1.4188961761616825,4.01720724414282,5.7,53.32137175277286,15.238838960887316,S3_gaming,cutoff
212.0,0.058888888888888886,0.9792468701568469,4.158493740313694,0.028179222250185206,1.4190431891265454,4.016791061299387,5.7,53.310931306644356,15.235498018126195,S3_gaming,cutoff
214.0,0.059444444444444446,0.9790497706206698,4.15809954124134,0.028189128685324378,1.419190118399069,4.016375201529411,5.7,53.30050004918313,15.232160015738602,S3_gaming,cutoff
216.0,0.06,0.9788526506830986,4.157705301366198,0.02819869525585673,1.419336970215526,4.015959647013898,5.7,53.29007753096545,15.228824809908945,S3_gaming,cutoff
218.0,0.06055555555555556,0.9786555103544754,4.157311020708951,0.028207938464565596,1.4194837505126372,4.015544380795997,5.7,53.27966332437526,15.225492263800083,S3_gaming,cutoff
220.0,0.06111111111111111,0.9784583496443379,4.156916699288676,0.0282168740150335,1.4196304649420344,4.015129386739247,5.7,53.269257022545645,15.222162247214607,S3_gaming,cutoff
222.0,0.06166666666666667,0.9782611685614575,4.156522337122915,0.02822551685034839,1.4197771188839885,4.01471464948785,5.7,53.258858238351834,15.218834636272588,S3_gaming,cutoff
224.0,0.06222222222222222,0.9780639671138768,4.1561279342277535,0.028233881189935178,1.4199237174604973,4.014300154428868,5.7,53.24846660345308,15.215509313104986,S3_gaming,cutoff
226.0,0.06277777777777778,0.9778667453089439,4.155733490617887,0.02824198056460345,1.420070265547743,4.013885887656243,5.7,53.23808176738106,15.21218616556194,S3_gaming,cutoff
228.0,0.06333333333333334,0.9776695031533463,4.155339006306693,0.028249827849897755,1.4202167677879378,4.013471835936575,5.7,53.22770339667244,15.208865086935182,S3_gaming,cutoff
230.0,0.06388888888888888,0.9774722406531422,4.154944481306284,0.028257435297832603,1.4203632286006074,4.013057986676543,5.7,53.21733117404362,15.20554597569396,S3_gaming,cutoff
232.0,0.06444444444444444,0.9772749578137907,4.154549915627582,0.02826481456709053,1.4205096521933274,4.012644327891907,5.7,53.2069647976056,15.202228735233794,S3_gaming,cutoff
234.0,0.065,0.9770776546401809,4.1541553092803625,0.02827197675175754,1.4206560425719605,4.012230848178015,5.7,53.1966039801167,15.198913273637343,S3_gaming,cutoff
236.0,0.06555555555555556,0.9768803311366588,4.153760662273317,0.028278932408666867,1.420802403550353,4.011817536681737,5.7,53.186248448271954,15.195599503447026,S3_gaming,cutoff
238.0,0.0661111111111111,0.9766829873070537,4.153365974614108,0.02828569158341843,1.4209487387596142,4.011404383074756,5.7,53.175897942026715,15.19228734144855,S3_gaming,cutoff
240.0,0.06666666666666667,0.9764856231547024,4.152971246309405,0.02829226383513806,1.4210950516569258,4.0109913775281525,5.7,53.16555221395297,15.188976708464951,S3_gaming,cutoff
242.0,0.06722222222222222,0.9762882386824734,4.152576477364947,0.02829865826003766,1.4212413455339301,4.010578510688226,5.7,53.155211028627335,15.185667529160748,S3_gaming,cutoff
244.0,0.06777777777777778,0.976090833892789,4.1521816677855785,0.028304883513834242,1.4213876235247085,4.01016577365347,5.7,53.144874162048325,15.182359731855465,S3_gaming,cutoff
246.0,0.06833333333333333,0.9758934087876466,4.151786817575293,0.028310947833083216,1.4215338886133855,4.009753157952692,5.7,53.1345414010821,15.179053248346273,S3_gaming,cutoff
248.0,0.06888888888888889,0.9756959633686394,4.151391926737279,0.02831685905547846,1.4216801436413489,4.0093406555241575,5.7,53.12421254293527,15.175748013739286,S3_gaming,cutoff
250.0,0.06944444444444445,0.9754984976369752,4.1509969952739505,0.028322624639169184,1.4218263913141542,4.008928258695777,5.7,53.11388739465278,15.17244396628889,S3_gaming,cutoff
252.0,0.07,0.9753010115934951,4.15060202318699,0.028328251681141337,1.4219726342080519,4.00851596016622,5.7,53.103565772640806,15.169141047245057,S3_gaming,cutoff
254.0,0.07055555555555555,0.9751035052386913,4.1502070104773825,0.028333746934708675,1.422118874776243,4.008103752986984,5.7,53.09324750221229,15.165839200707934,S3_gaming,cutoff
256.0,0.07111111111111111,0.974905978572723,4.149811957145446,0.028339116826156797,1.4222651153548065,4.007691630545285,5.7,53.08293241715485,15.162538373489552,S3_gaming,cutoff
258.0,0.07166666666666667,0.9747084315954332,4.149416863190867,0.028344367470581035,1.4224113581683462,4.007279586547814,5.7,53.07262035931945,15.159238514982226,S3_gaming,cutoff
260.0,0.07222222222222222,0.9745108643063631,4.149021728612727,0.028349504686957322,1.4225576053353672,4.006867615005263,5.7,53.0623111782292,15.155939577033346,S3_gaming,cutoff
262.0,0.07277777777777777,0.9743132767047669,4.1486265534095335,0.028354534012483147,1.4227038588733947,4.006455710217604,5.7,53.05200473070701,15.152641513826245,S3_gaming,cutoff
264.0,0.07333333333333333,0.9741156687896251,4.148231337579251,0.02835946071622398,1.4228501207038502,4.006043866760077,5.7,53.04170088052149,15.149344281766878,S3_gaming,cutoff
266.0,0.07388888888888889,0.9739180405596579,4.147836081119316,0.028364289812098764,1.422996392656678,4.005632079469865,5.7,53.03139949804966,15.14604783937589,S3_gaming,cutoff
268.0,0.07444444444444444,0.9737203920133375,4.147440784026675,0.028369026071236536,1.423142676474759,4.005220343433407,5.7,53.02110045995659,15.14275214718611,S3_gaming,cutoff
270.0,0.075,0.9735227231488995,4.147045446297799,0.02837367403373458,1.423288973818121,4.004808653974324,5.7,53.010803648890025,15.139457167644808,S3_gaming,cutoff
272.0,0.07555555555555556,0.973325033964355,4.14665006792871,0.02837823801984713,1.4234352862679156,4.004397006641945,5.7,53.000508953190284,15.136162865020891,S3_gaming,cutoff
274.0,0.07611111111111112,0.9731273244575002,4.146254648915001,0.028382722140632224,1.4235816153302383,4.003985397200358,5.7,52.990216266613906,15.132869205316451,S3_gaming,cutoff
276.0,0.07666666666666666,0.9729295946259274,4.145859189251855,0.02838713030808288,1.4237279624397525,4.003573821618028,5.7,52.97992548807082,15.129576156182663,S3_gaming,cutoff
278.0,0.07722222222222222,0.9727318444670345,4.145463688934069,0.028391466244767644,1.423874328963115,4.003162276057892,5.7,52.96963652137446,15.126283686839828,S3_gaming,cutoff
280.0,0.07777777777777778,0.9725340739780339,4.145068147956068,0.028395733493004244,1.4240207162022789,4.00275075686794,5.7,52.95934927500361,15.122991768001155,S3_gaming,cutoff
282.0,0.07833333333333334,0.9723362831559617,4.1446725663119235,0.028399935423588936,1.424167125397599,4.002339260572256,5.7,52.949063661876174,15.119700371800375,S3_gaming,cutoff
284.0,0.07888888888888888,0.9721384719976854,4.14427694399537,0.028404075244103107,1.4243135577308164,4.001927783862495,5.7,52.9387795991337,15.116409471722784,S3_gaming,cutoff
286.0,0.07944444444444444,0.9719406404999129,4.1438812809998264,0.02840815600681758,1.4244600143278718,4.0015163235897555,5.7,52.92849700793663,15.11311904253972,S3_gaming,cutoff
288.0,0.08,0.9717427886591989,4.143485577318398,0.02841218061621412,1.42460649626161,4.001104876756876,5.7,52.918215813268894,15.109829060246048,S3_gaming,cutoff
290.0,0.08055555555555556,0.9715449164719531,4.143089832943906,0.028416151836142645,1.4247530045543355,4.000693440511068,5.7,52.90793594375284,15.106539502000908,S3_gaming,cutoff
292.0,0.0811111111111111,0.971347023934446,4.142694047868892,0.02842007229663186,1.4248995401802467,4.00028201213694,5.7,52.897657331472416,15.103250346071173,S3_gaming,cutoff
294.0,0.08166666666666667,0.9711491110428166,4.142298222085634,0.02842394450037001,1.425046104067773,3.999870589049835,5.7,52.88737991180522,15.099961571777671,S3_gaming,cutoff
296.0,0.08222222222222222,0.9709511777930777,4.141902355586156,0.028427770828871792,1.4251926971017597,3.9994591687895023,5.7,52.877103623262855,15.096673159444114,S3_gaming,cutoff
298.0,0.08277777777777778,0.9707532241811221,4.141506448362245,0.028431553548346606,1.425339320125593,3.9990477490140743,5.7,52.866828407338616,15.093385090348358,S3_gaming,cutoff
300.0,0.08333333333333333,0.9705552502027281,4.141110500405457,0.028435294815282588,1.4254859739431858,3.99863632749433,5.7,52.85655420836307,15.090097346676183,S3_gaming,cutoff
302.0,0.08388888888888889,0.9703572558535655,4.140714511707131,0.028438996681760243,1.4256326593208883,3.9982249021082437,5.7,52.84628097336616,15.086809911477173,S3_gaming,cutoff
304.0,0.08444444444444445,0.9701592411291995,4.140318482258399,0.02844266110050871,1.4257793769892946,3.9978134708357906,5.7,52.836008651946486,15.083522768622876,S3_gaming,cutoff
306.0,0.085,0.9699612060250967,4.139922412050193,0.028446289929717178,1.4259261276449802,3.9974020317540098,5.7,52.825737196146335,15.080235902766828,S3_gaming,cutoff
308.0,0.08555555555555555,0.969763150536629,4.139526301073258,0.028449884937613266,1.4260729119521336,3.9969905830323036,5.7,52.81546656033342,15.076949299306696,S3_gaming,cutoff
310.0,0.08611111111111111,0.9695650746590782,4.139130149318156,0.028453447806819698,1.4262197305441149,3.9965791229279617,5.7,52.805196701087866,15.073662944348117,S3_gaming,cutoff
312.0,0.08666666666666667,0.9693669783876402,4.1387339567752806,0.028456980138499968,1.4263665840249573,3.9961676497819076,5.7,52.794927577094974,15.070376824670392,S3_gaming,cutoff
314.0,0.08722222222222223,0.9691688617174291,4.138337723434859,0.028460483456303254,1.4265134729707807,3.995756162014649,5.7,52.78465914904295,15.067090927693746,S3_gaming,cutoff
316.0,0.08777777777777777,0.9689707246434808,4.137941449286961,0.028463959210118257,1.4266603979311177,3.9953446581224212,5.7,52.77439137952584,15.06380524144827,S3_gaming,cutoff
318.0,0.08833333333333333,0.9687725671607565,4.137545134321513,0.028467408779645268,1.426807359430221,3.9949331366735232,5.7,52.764124232951026,15.060519754544329,S3_gaming,cutoff
320.0,0.08888888888888889,0.9685743892641464,4.137148778528292,0.02847083347779523,1.4269543579682824,3.994521596304824,5.7,52.753857675451165,15.057234456144373,S3_gaming,cutoff
322.0,0.08944444444444444,0.9683761909484728,4.136752381896946,0.028474234553924206,1.42710139402257,3.994110035718443,5.7,52.74359167480066,15.053949335936212,S3_gaming,cutoff
324.0,0.09,0.9681779722084932,4.136355944416986,0.02847761319691117,1.4272484680485669,3.9936984536785927,5.7,52.7333262003357,15.050664384107426,S3_gaming,cutoff
326.0,0.09055555555555556,0.9679797330389034,4.135959466077807,0.02848097053808678,1.4273955804809972,3.993286849008568,5.7,52.7230612228789,15.047379591321247,S3_gaming,cutoff
328.0,0.09111111111111111,0.9677814734343401,4.13556294686868,0.0284843076540203,1.4275427317348433,3.9928752205878864,5.7,52.71279671466669,15.04409494869334,S3_gaming,cutoff
330.0,0.09166666666666666,0.9675831933893836,4.135166386778767,0.02848762556917155,1.4276899222062904,3.992463567349566,5.7,52.702532649281174,15.040810447769976,S3_gaming,cutoff
332.0,0.09222222222222222,0.9673848928985607,4.134769785797122,0.028490925258414432,1.4278371522736393,3.992051888277534,5.7,52.69226900158458,15.037526080507066,S3_gaming,cutoff
334.0,0.09277777777777778,0.9671865719563465,4.134373143912693,0.028494207649438257,1.4279844222981675,3.9916401824041574,5.7,52.68200574765712,15.03424183925028,S3_gaming,cutoff
336.0,0.09333333333333334,0.9669882305571674,4.133976461114335,0.028497473625032754,1.4281317326249514,3.991228448807904,5.7,52.67174286473807,15.030957716716182,S3_gaming,cutoff
338.0,0.09388888888888888,0.9667898686954028,4.133579737390805,0.028500724025262433,1.4282790835836472,3.990816686611107,5.7,52.66148033116944,15.027673705974221,S3_gaming,cutoff
340.0,0.09444444444444444,0.9665914863653874,4.133182972730775,0.02850395964953566,1.4284264754892388,3.9904048949778366,5.7,52.65121812634242,15.024389800429576,S3_gaming,cutoff
342.0,0.095,0.9663930835614128,4.132786167122825,0.028507181258573506,1.4285739086427467,3.9899930731118802,5.7,52.64095623064653,15.02110599380689,S3_gaming,cutoff
344.0,0.09555555555555556,0.9661946602777303,4.132389320555461,0.028510389576283268,1.4287213833318935,3.989581220254825,5.7,52.630694625421256,15.017822280134803,S3_gaming,cutoff
346.0,0.0961111111111111,0.9659962165085516,4.131992433017103,0.02851358529154125,1.428868899831759,3.9891693356842195,5.7,52.620433292909695,15.014538653731103,S3_gaming,cutoff
348.0,0.09666666666666666,0.9657977522480513,4.131595504496103,0.02851676905988921,1.429016458405377,3.988757418711836,5.7,52.61017221621511,15.011255109188836,S3_gaming,cutoff
350.0,0.09722222222222222,0.9655992674903683,4.1311985349807365,0.028519941505148645,1.4291640593043387,3.9883454686820077,5.7,52.599911379258835,15.007971641362827,S3_gaming,cutoff
352.0,0.09777777777777778,0.9654007622296071,4.130801524459214,0.028523103220956917,1.4293117027693119,3.9879334849700654,5.7,52.58965076674077,15.004688245357046,S3_gaming,cutoff
354.0,0.09833333333333333,0.9652022364598398,4.13040447291968,0.028526254772228962,1.42945938903061,3.9875214669808137,5.7,52.57939036410157,15.001404916512504,S3_gaming,cutoff
356.0,0.09888888888888889,0.965003690175107,4.130007380350214,0.02852939669654824,1.4296071183086512,3.9871094141471266,5.7,52.5691301574867,14.998121650395744,S3_gaming,cutoff
358.0,0.09944444444444445,0.9648051233694194,4.129610246738839,0.02853252950549031,1.429754890814472,3.9866973259285694,5.7,52.55887013371216,14.994838442787893,S3_gaming,cutoff
360.0,0.1,0.9646065360367589,4.129213072073518,0.028535653685882293,1.4299027067501524,3.9862852018101216,5.7,52.54861028023214,14.991555289674286,S3_gaming,cutoff
362.0,0.10055555555555555,0.9644079281710802,4.128815856342161,0.028538769701001377,1.430050566309271,3.9858730413009327,5.7,52.53835058510785,14.988272187234513,S3_gaming,cutoff
364.0,0.10111111111111111,0.9642092997663114,4.128418599532623,0.028541877991715252,1.430198469677299,3.9854608439331587,5.7,52.528091036978175,14.984989131833016,S3_gaming,cutoff
366.0,0.10166666666666667,0.9640106508163556,4.128021301632711,0.028544978977567328,1.4303464170319995,3.985048609260845,5.7,52.51783162503168,14.98170612001014,S3_gaming,cutoff
368.0,0.10222222222222223,0.9638119813150916,4.127623962630183,0.028548073057809403,1.4304944085438032,3.984636336858869,5.7,52.50757233897985,14.978423148473551,S3_gaming,cutoff
370.0,0.10277777777777777,0.963613291256375,4.127226582512749,0.02855116061238431,1.430642444376165,3.984224026321926,5.7,52.49731316903168,14.975140214090137,S3_gaming,cutoff
372.0,0.10333333333333333,0.9634145806340391,4.126829161268079,0.02855424200286099,1.430790524685882,3.9838116772635748,5.7,52.48705410586977,14.971857313878326,S3_gaming,cutoff
374.0,0.10388888888888889,0.9632158494418961,4.126431698883792,0.028557317573324272,1.4309386496234393,3.983399289315318,5.7,52.47679514062703,14.96857444500065,S3_gaming,cutoff
376.0,0.10444444444444445,0.9630170976737376,4.126034195347476,0.028560387651221576,1.4310868193333048,3.9829868621257396,5.7,52.46653626486511,14.965291604756837,S3_gaming,cutoff
378.0,0.105,0.9628183253233354,4.125636650646671,0.028563452548168597,1.4312350339542201,3.982574395359673,5.7,52.45627747055339,14.962008790577086,S3_gaming,cutoff
380.0,0.10555555555555556,0.9626195323844426,4.125239064768886,0.02856651256071598,1.431383293619476,3.98216188869741,5.7,52.44601875004937,14.9587260000158,S3_gaming,cutoff
382.0,0.10611111111111111,0.9624207188507942,4.124841437701589,0.02856956797107887,1.4315315984571835,3.9817493418339627,5.7,52.43576009607964,14.955443230745486,S3_gaming,cutoff
384.0,0.10666666666666667,0.9622218847161075,4.124443769432215,0.02857261904783114,1.4316799485905167,3.98133675447834,5.7,52.425501501722174,14.952160480551095,S3_gaming,cutoff
386.0,0.10722222222222222,0.9620230299740832,4.124046059948166,0.02857566604656597,1.4318283441379558,3.980924126352874,5.7,52.41524296038914,14.948877747324525,S3_gaming,cutoff
388.0,0.10777777777777778,0.9618241546184058,4.1236483092368115,0.028578709210524467,1.431976785213515,3.9805114571925744,5.7,52.404984465810784,14.945595029059453,S3_gaming,cutoff
390.0,0.10833333333333334,0.9616252586427443,4.123250517285489,0.02858174877119384,1.4321252719269566,3.980098746744516,5.7,52.39472601201992,14.942312323846375,S3_gaming,cutoff
392.0,0.10888888888888888,0.9614263420407527,4.122852684081506,0.02858478494887658,1.4322738043839989,3.9796859947672454,5.7,52.38446759333723,14.939029629867912,S3_gaming,cutoff
394.0,0.10944444444444444,0.9612274048060707,4.122454809612142,0.028587817953232123,1.4324223826865072,3.979273201030238,5.7,52.37420920435741,14.935746945394373,S3_gaming,cutoff
396.0,0.11,0.9610284469323239,4.122056893864648,0.02859084798379223,1.4325710069326925,3.9788603653133583,5.7,52.36395083993578,14.93246426877945,S3_gaming,cutoff
398.0,0.11055555555555556,0.9608294684131247,4.1216589368262495,0.028593875230451458,1.4327196772172783,3.978447487406361,5.7,52.353692495175665,14.929181598456212,S3_gaming,cutoff
400.0,0.1111111111111111,0.9606304692420724,4.121260938484145,0.02859689987393384,1.4328683936316615,3.9780345671084087,5.7,52.34343416541639,14.925898932933245,S3_gaming,cutoff
402.0,0.11166666666666666,0.9604314494127539,4.120862898825508,0.02859992208623699,1.4330171562641019,3.977621604227623,5.7,52.333175846221735,14.922616270790956,S3_gaming,cutoff
404.0,0.11222222222222222,0.9602324089187442,4.1204648178374885,0.028602942031054693,1.4331659651998452,3.97720859858064,5.7,52.322917533369214,14.91933361067815,S3_gaming,cutoff
406.0,0.11277777777777778,0.9600333477536064,4.120066695507212,0.02860595986417903,1.4333148205212836,3.9767955499922016,5.7,52.31265922283947,14.916050951308632,S3_gaming,cutoff
408.0,0.11333333333333333,0.9598342659108926,4.119668531821786,0.028608975733883036,1.4334637223080953,3.976382458294771,5.7,52.3024009108067,14.912768291458145,S3_gaming,cutoff
410.0,0.11388888888888889,0.9596351633841439,4.119270326768287,0.028611989781284812,1.4336126706373713,3.9759693233281452,5.7,52.29214259362895,14.909485629961265,S3_gaming,cutoff
412.0,0.11444444444444445,0.9594360401668908,4.118872080333782,0.028615002140694037,1.4337616655837382,3.9755561449391053,5.7,52.28188426783955,14.906202965708657,S3_gaming,cutoff
414.0,0.115,0.9592368962526535,4.118473792505307,0.028618012939941654,1.4339107072194905,3.9751429229810786,5.7,52.27162593013821,14.902920297644227,S3_gaming,cutoff
416.0,0.11555555555555555,0.9590377316349428,4.118075463269886,0.028621022300693633,1.434059795614692,3.9747296573138193,5.7,52.26136757738327,14.899637624762645,S3_gaming,cutoff
418.0,0.11611111111111111,0.9588385463072593,4.117677092614519,0.028624030338749513,1.4342089308372912,3.9743163478030934,5.7,52.25110920658389,14.896354946106845,S3_gaming,cutoff
420.0,0.11666666666666667,0.9586393402630947,4.117278680526189,0.028627037164326505,1.4343581129532128,3.9739029943203934,5.7,52.24085081489267,14.893072260765654,S3_gaming,cutoff
422.0,0.11722222222222223,0.9584401134959316,4.116880226991864,0.028630042882329818,1.434507342026478,3.9734895967426596,5.7,52.230592399598876,14.88978956787164,S3_gaming,cutoff
424.0,0.11777777777777777,0.9582408659992439,4.116481731998488,0.02863304759260991,1.4346566181192788,3.9730761549520146,5.7,52.22033395812146,14.886506866598866,S3_gaming,cutoff
426.0,0.11833333333333333,0.9580415977664967,4.116083195532994,0.028636051390207286,1.4348059412920666,3.9726626688355133,5.7,52.21007548800319,14.883224156161022,S3_gaming,cutoff
428.0,0.11888888888888889,0.9578423087911471,4.1156846175822945,0.028639054365585413,1.4349553116036529,3.972249138284903,5.7,52.199816986904345,14.87994143580939,S3_gaming,cutoff
430.0,0.11944444444444445,0.957642999066644,4.115285998133288,0.028642056604852393,1.4351047291112777,3.9718355631963944,5.7,52.1895584525971,14.87665870483107,S3_gaming,cutoff
432.0,0.12,0.9574436685864285,4.114887337172857,0.028645058189971873,1.4352541938706775,3.9714219434704487,5.7,52.17929988296014,14.873375962547245,S3_gaming,cutoff
434.0,0.12055555555555555,0.9572443173439342,4.114488634687868,0.028648059198963755,1.435403705936189,3.971008279011567,5.7,52.16904127597345,14.870093208311504,S3_gaming,cutoff
436.0,0.12111111111111111,0.957044945332587,4.1140898906651735,0.028651059706095196,1.4355532653607839,3.970594569728098,5.7,52.15878262971337,14.86681044150828,S3_gaming,cutoff
438.0,0.12166666666666667,0.9568455525458057,4.113691105091611,0.028654059782062327,1.4357028721961484,3.9701808155320473,5.7,52.14852394234802,14.863527661551368,S3_gaming,cutoff
440.0,0.12222222222222222,0.9566461389770019,4.113292277954004,0.02865705949416321,1.4358525264927535,3.9697670163389023,5.7,52.13826521213273,14.860244867882473,S3_gaming,cutoff
442.0,0.12277777777777778,0.9564467046195804,4.112893409239161,0.028660058906462386,1.4360022282999152,3.9693531720674673,5.7,52.12800643740582,14.856962059969865,S3_gaming,cutoff
444.0,0.12333333333333334,0.9562472494669391,4.112494498933878,0.02866305807994749,1.436151977665831,3.9689392826396905,5.7,52.11774761658465,14.85367923730709,S3_gaming,cutoff
446.0,0.1238888888888889,0.9560477735124693,4.112095547024939,0.028666057072678247,1.4363017746376605,3.968525347980527,5.7,52.10748874816181,14.85039639941178,S3_gaming,cutoff
448.0,0.12444444444444444,0.9558482767495559,4.111696553499112,0.02866905593992828,1.4364516192615528,3.9681113680177793,5.7,52.097229830701274,14.847113545824408,S3_gaming,cutoff
450.0,0.125,0.9556487591715773,4.111297518343155,0.02867205473432003,1.4366015115827162,3.967697342681967,5.7,52.086970862835145,14.843830676107247,S3_gaming,cutoff
452.0,0.12555555555555556,0.955449220771906,4.110898441543812,0.028675053505953164,1.4367514516454571,3.9672832719061906,5.7,52.07671184326029,14.840547789843294,S3_gaming,cutoff
454.0,0.12611111111111112,0.955249661543908,4.110499323087816,0.028678052302526742,1.4369014394932182,3.9668691556260076,5.7,52.06645277073509,14.83726488663523,S3_gaming,cutoff
456.0,0.12666666666666668,0.9550500814809436,4.110100162961887,0.02868105116945549,1.437051475168627,3.966454993779315,5.7,52.05619364407663,14.833981966104522,S3_gaming,cutoff
458.0,0.1272222222222222,0.9548504805763672,4.109700961152734,0.028684050149980433,1.4372015587135438,3.966040786306232,5.7,52.045934462157696,14.830699027890462,S3_gaming,cutoff
460.0,0.12777777777777777,0.9546508588235274,4.109301717647055,0.028687049285274158,1.4373516901690808,3.9656265331489964,5.7,52.03567522390414,14.827416071649326,S3_gaming,cutoff
462.0,0.12833333333333333,0.954451216215767,4.108902432431535,0.028690048614541008,1.4375018695756552,3.9652122342518528,5.7,52.02541592829236,14.824133097053556,S3_gaming,cutoff
464.0,0.1288888888888889,0.9542515527464235,4.108503105492847,0.028693048175112392,1.4376520969730244,3.9647978895609675,5.7,52.015156574346676,14.820850103790937,S3_gaming,cutoff
466.0,0.12944444444444445,0.9540518684088287,4.108103736817657,0.02869604800253751,1.4378023724002986,3.9643834990243247,5.7,52.00489716113725,14.817567091563921,S3_gaming,cutoff
468.0,0.13,0.9538521631963092,4.107704326392618,0.028699048130669664,1.437952695895997,3.963969062591646,5.7,51.9946376877776,14.814284060088832,S3_gaming,cutoff
470.0,0.13055555555555556,0.9536524371021861,4.107304874204372,0.028702048591748398,1.4381030674980644,3.9635545802142964,5.7,51.98437815342274,14.811001009095277,S3_gaming,cutoff
472.0,0.13111111111111112,0.9534526901197753,4.106905380239551,0.028705049416477658,1.4382534872439068,3.963140051845212,5.7,51.974118557266955,14.807717938325426,S3_gaming,cutoff
474.0,0.13166666666666665,0.9532529222423877,4.106505844484776,0.028708050634100167,1.4384039551704113,3.962725477438821,5.7,51.96385889854198,14.804434847533434,S3_gaming,cutoff
476.0,0.1322222222222222,0.953053133463329,4.106106266926658,0.02871105227246821,1.4385544713139768,3.962310856950972,5.7,51.95359917651526,14.801151736484885,S3_gaming,cutoff
478.0,0.13277777777777777,0.9528533237758998,4.1057066475518,0.02871405435811096,1.4387050357105329,3.961896190338862,5.7,51.94333939048814,14.797868604956205,S3_gaming,cutoff
480.0,0.13333333333333333,0.952653493173396,4.1053069863467915,0.02871705691629859,1.4388556483955761,3.9614814775609735,5.7,51.93307953979409,14.79458545273411,S3_gaming,cutoff
482.0,0.1338888888888889,0.9524536416491083,4.104907283298217,0.028720059971103235,1.4390063094041754,3.9610667185770105,5.7,51.9228196237975,14.7913022796152,S3_gaming,cutoff
484.0,0.13444444444444445,0.9522537691963227,4.104507538392646,0.028723063545457034,1.4391570187710034,3.9606519133478386,5.7,51.9125596418918,14.788019085405375,S3_gaming,cutoff
486.0,0.135,0.9520538758083203,4.104107751616641,0.028726067661207343,1.439307776530363,3.9602370618354303,5.7,51.90229959349821,14.784735869919428,S3_gaming,cutoff
488.0,0.13555555555555557,0.9518539614783778,4.1037079229567555,0.02872907233916929,1.4394585827161854,3.959822164002808,5.7,51.89203947806444,14.781452632980622,S3_gaming,cutoff
490.0,0.1361111111111111,0.9516540261997667,4.103308052399534,0.02873207759917577,1.4396094373620716,3.9594072198139956,5.7,51.8817792950634,14.778169374420289,S3_gaming,cutoff
492.0,0.13666666666666666,0.9514540699657543,4.102908139931509,0.028735083460125026,1.439760340501292,3.9589922292339654,5.7,51.87151904399181,14.77488609407738,S3_gaming,cutoff
494.0,0.13722222222222222,0.951254092769603,4.102508185539206,0.028738089940025927,1.4399112921668205,3.9585771922285984,5.7,51.861258724369215,14.77160279179815,S3_gaming,cutoff
496.0,0.13777777777777778,0.9510540946045709,4.102108189209142,0.028741097056041054,1.440062292391328,3.958162108764633,5.7,51.85099833573691,14.768319467435811,S3_gaming,cutoff
498.0,0.13833333333333334,0.9508540754639114,4.1017081509278235,0.028744104824527692,1.4402133412072193,3.957746978809627,5.7,51.84073787765666,14.765036120850132,S3_gaming,cutoff
500.0,0.1388888888888889,0.9506540353408734,4.101308070681747,0.028747113261076856,1.4403644386466352,3.9573318023319177,5.7,51.83047734970989,14.761752751907165,S3_gaming,cutoff
502.0,0.13944444444444445,0.9504539742287015,4.100907948457403,0.028750122380550396,1.4405155847414697,3.9569165793005774,5.7,51.82021675149673,14.758469360478953,S3_gaming,cutoff
504.0,0.14,0.9502538921206357,4.100507784241271,0.028753132197116338,1.4406667795233752,3.9565013096853887,5.7,51.809956082635054,14.755185946443218,S3_gaming,cutoff
506.0,0.14055555555555554,0.9500537890099118,4.1001075780198235,0.028756142724282494,1.440818023023796,3.9560859934568002,5.7,51.79969534275956,14.751902509683061,S3_gaming,cutoff
508.0,0.1411111111111111,0.9498536648897611,4.099707329779522,0.028759153974928453,1.4409693152739516,3.955670630585897,5.7,51.78943453152108,14.748619050086747,S3_gaming,cutoff
510.0,0.14166666666666666,0.9496535197534106,4.099307039506821,0.02876216596133601,1.4411206563048673,3.9552552210443688,5.7,51.779173648585726,14.745335567547434,S3_gaming,cutoff
512.0,0.14222222222222222,0.9494533535940832,4.098906707188167,0.02876517869521815,1.441272046147385,3.9548397648044826,5.7,51.76891269363411,14.742052061962914,S3_gaming,cutoff
514.0,0.14277777777777778,0.9492531664049974,4.098506332809995,0.028768192187746587,1.441423484832152,3.9544242618390486,5.7,51.758651666360734,14.738768533235435,S3_gaming,cutoff
516.0,0.14333333333333334,0.9490529581793672,4.098105916358735,0.02877120644957801,1.4415749723896698,3.9540087121214027,5.7,51.748390566473255,14.735484981271442,S3_gaming,cutoff
518.0,0.1438888888888889,0.9488527289104028,4.097705457820806,0.028774221490879038,1.4417265088502607,3.9535931156253694,5.7,51.73812939369182,14.732201405981384,S3_gaming,cutoff
520.0,0.14444444444444443,0.9486524785913101,4.0973049571826206,0.02877723732134996,1.441878094244106,3.9531774723252484,5.7,51.72786814774859,14.728917807279549,S3_gaming,cutoff
522.0,0.145,0.9484522072152904,4.096904414430581,0.028780253950247348,1.4420297286012351,3.9527617821957812,5.7,51.71760682838692,14.725634185083814,S3_gaming,cutoff
524.0,0.14555555555555555,0.9482519147755415,4.096503829551083,0.02878327138640555,1.4421814119515486,3.952346045212138,5.7,51.70734543536112,14.722350539315558,S3_gaming,cutoff
526.0,0.1461111111111111,0.9480516012652566,4.096103202530513,0.02878628963825716,1.4423331443248255,3.9519302613498914,5.7,51.69708396843557,14.719066869899384,S3_gaming,cutoff
528.0,0.14666666666666667,0.9478512666776248,4.095702533355249,0.02878930871385249,1.4424849257507144,3.951514430584997,5.7,51.686822427384634,14.715783176763084,S3_gaming,cutoff
530.0,0.14722222222222223,0.9476509110058312,4.095301822011662,0.028792328620878105,1.4426367562587528,3.9510985528937743,5.7,51.67656081199179,14.712499459837373,S3_gaming,cutoff
532.0,0.14777777777777779,0.9474505342430569,4.094901068486114,0.028795349366674446,1.4427886358783697,3.9506826282528915,5.7,51.66629912204941,14.70921571905581,S3_gaming,cutoff
534.0,0.14833333333333334,0.9472501363824788,4.094500272764957,0.028798370958252613,1.442940564638903,3.9502666566393465,5.7,51.656037357358294,14.705931954354655,S3_gaming,cutoff
536.0,0.14888888888888888,0.9470497174172697,4.09409943483454,0.028801393402310343,1.443092542569585,3.949850638030444,5.7,51.64577551772725,14.702648165672722,S3_gaming,cutoff
538.0,0.14944444444444444,0.9468492773405984,4.093698554681197,0.02880441670524718,1.4432445696995644,3.9494345724037943,5.7,51.635513602972615,14.699364352951237,S3_gaming,cutoff
540.0,0.15,0.9466488161456297,4.093297632291259,0.028807440873178956,1.443396646057904,3.9490184597372853,5.7,51.625251612918056,14.696080516133778,S3_gaming,cutoff
542.0,0.15055555555555555,0.9464483338255242,4.092896667651049,0.028810465911951542,1.4435487716735806,3.948602300009072,5.7,51.61498954739413,14.692796655166122,S3_gaming,cutoff
544.0,0.1511111111111111,0.9462478303734386,4.092495660746877,0.02881349182715393,1.4437009465755128,3.948186093197569,5.7,51.604727406237835,14.689512769996108,S3_gaming,cutoff
546.0,0.15166666666666667,0.9460473057825257,4.092094611565051,0.028816518624130694,1.4438531707925388,3.9477698392814276,5.7,51.59446518929253,14.686228860573609,S3_gaming,cutoff
548.0,0.15222222222222223,0.945846760045934,4.091693520091868,0.02881954630799386,1.4440054443534327,3.9473535382395326,5.7,51.58420289640739,14.682944926850366,S3_gaming,cutoff
550.0,0.1527777777777778,0.9456461931568084,4.091292386313617,0.028822574883634173,1.4441577672869133,3.9469371900509835,5.7,51.57394052743738,14.679660968779961,S3_gaming,cutoff
552.0,0.15333333333333332,0.9454456051082895,4.090891210216579,0.02882560435573183,1.4443101396216322,3.9465207946950907,5.7,51.56367808224266,14.676376986317651,S3_gaming,cutoff
554.0,0.15388888888888888,0.945244995893514,4.090489991787027,0.028828634728766702,1.4444625613861977,3.9461043521513597,5.7,51.553415560688606,14.673092979420355,S3_gaming,cutoff
556.0,0.15444444444444444,0.9450443655056147,4.090088731011229,0.028831666007028047,1.444615032609159,3.945687862399481,5.7,51.54315296264542,14.669808948046535,S3_gaming,cutoff
558.0,0.155,0.9448437139377204,4.0896874278754405,0.028834698194623764,1.4447675533190345,3.945271325419325,5.7,51.53289028798794,14.666524892156142,S3_gaming,cutoff
560.0,0.15555555555555556,0.944643041182956,4.089286082365912,0.028837731295489197,1.4449201235442826,3.944854741190928,5.7,51.52262753659535,14.663240811710514,S3_gaming,cutoff
562.0,0.15611111111111112,0.9444423472344422,4.088884694468884,0.028840765313395505,1.445072743313333,3.9444381096944863,5.7,51.512364708351065,14.659956706672341,S3_gaming,cutoff
564.0,0.15666666666666668,0.9442416320852961,4.088483264170592,0.02884380025195763,1.4452254126545743,3.944021430910349,5.7,51.50210180314244,14.656672577005581,S3_gaming,cutoff
566.0,0.15722222222222224,0.9440408957286307,4.088081791457261,0.028846836114641897,1.4453781315963614,3.943604704819005,5.7,51.491838820860615,14.653388422675397,S3_gaming,cutoff
568.0,0.15777777777777777,0.9438401381575551,4.08768027631511,0.02884987290477321,1.4455309001670191,3.9431879314010847,5.7,51.481575761400364,14.650104243648117,S3_gaming,cutoff
570.0,0.15833333333333333,0.9436393593651743,4.0872787187303485,0.02885291062554193,1.4456837183948439,3.9427711106373433,5.7,51.47131262465986,14.646820039891155,S3_gaming,cutoff
572.0,0.15888888888888889,0.9434385593445896,4.086877118689179,0.02885594928001041,1.4458365863081024,3.942354242508658,5.7,51.46104941054048,14.643535811372955,S3_gaming,cutoff
574.0,0.15944444444444444,0.9432377380888983,4.086475476177797,0.028858988871119214,1.4459895039350412,3.941937326996024,5.7,51.45078611894682,14.640251558062984,S3_gaming,cutoff
576.0,0.16,0.9430368955911937,4.086073791182388,0.02886202940169303,1.4461424713038822,3.941520364080546,5.7,51.44052274978629,14.636967279931612,S3_gaming,cutoff
578.0,0.16055555555555556,0.9428360318445653,4.085672063689131,0.028865070874446303,1.4462954884428307,3.9411033537434323,5.7,51.43025930296914,14.633682976950125,S3_gaming,cutoff
580.0,0.16111111111111112,0.9426351468420986,4.085270293684197,0.0288681132919886,1.4464485553800726,3.940686295965988,5.7,51.419995778408335,14.630398649090667,S3_gaming,cutoff
582.0,0.16166666666666665,0.9424342405768752,4.08486848115375,0.028871156656829697,1.4466016721437769,3.9402691907296155,5.7,51.409732176019304,14.627114296326178,S3_gaming,cutoff
584.0,0.1622222222222222,0.9422333130419728,4.0844666260839455,0.02887420097138444,1.4467548387621014,3.939852038015801,5.7,51.399468495719944,14.623829918630383,S3_gaming,cutoff
586.0,0.16277777777777777,0.9420323642304652,4.08406472846093,0.02887724623797736,1.4469080552631908,3.939434837806115,5.7,51.38920473743042,14.620545515977733,S3_gaming,cutoff
588.0,0.16333333333333333,0.9418313941354224,4.0836627882708445,0.02888029245884706,1.4470613216751749,3.939017590082211,5.7,51.37894090107302,14.617261088343367,S3_gaming,cutoff
590.0,0.1638888888888889,0.9416304027499102,4.083260805499821,0.028883339636150408,1.4472146380261757,3.9386002948258128,5.7,51.36867698657223,14.613976635703116,S3_gaming,cutoff
592.0,0.16444444444444445,0.9414293900669907,4.082858780133981,0.028886387771966508,1.4473680043443182,3.938182952018716,5.7,51.358412993854365,14.610692158033396,S3_gaming,cutoff
594.0,0.165,0.9412283560797221,4.082456712159444,0.028889436868300488,1.4475214206577074,3.9377655616427822,5.7,51.34814892284771,14.607407655311269,S3_gaming,cutoff
596.0,0.16555555555555557,0.9410273007811587,4.082054601562318,0.0288924869270871,1.4476748869944516,3.937348123679937,5.7,51.33788477348229,14.604123127514333,S3_gaming,cutoff
598.0,0.1661111111111111,0.9408262241643509,4.081652448328702,0.028895537950194148,1.4478284033826532,3.9369306381121674,5.7,51.32762054568985,14.60083857462075,S3_gaming,cutoff
600.0,0.16666666666666666,0.9406251262223451,4.08125025244469,0.028898589939425758,1.4479819698504064,3.9365131049215107,5.7,51.31735623940368,14.597553996609177,S3_gaming,cutoff
602.0,0.16722222222222222,0.9404240069481837,4.080848013896367,0.02890164289652547,1.4481355864258194,3.936095524090064,5.7,51.307091854558706,14.594269393458786,S3_gaming,cutoff
604.0,0.16777777777777778,0.9402228663349056,4.080445732669811,0.028904696823179202,1.4482892531369862,3.9356778955999685,5.7,51.296827391091234,14.590984765149196,S3_gaming,cutoff
606.0,0.16833333333333333,0.9400217043755454,4.080043408751091,0.02890775172101806,1.4484429700120065,3.9352602194334145,5.7,51.286562848938985,14.587700111660476,S3_gaming,cutoff
608.0,0.1688888888888889,0.9398205210631341,4.079641042126268,0.028910807591621002,1.4485967370789832,3.9348424955726373,5.7,51.27629822804099,14.584415432973119,S3_gaming,cutoff
610.0,0.16944444444444445,0.9396193163906985,4.079238632781397,0.028913864436517403,1.448750554366021,3.9344247239999133,5.7,51.266033528337516,14.581130729068006,S3_gaming,cutoff
612.0,0.17,0.9394180903512617,4.078836180702523,0.028916922257189455,1.4489044219012286,3.934006904697558,5.7,51.25576874977,14.577845999926401,S3_gaming,cutoff
614.0,0.17055555555555554,0.9392168429378428,4.0784336858756856,0.028919981055074487,1.4490583397127248,3.9335890376479212,5.7,51.24550389228109,14.574561245529951,S3_gaming,cutoff
616.0,0.1711111111111111,0.939015574143457,4.0780311482869145,0.02892304083156716,1.449212307828626,3.933171122833391,5.7,51.235238955814445,14.571276465860622,S3_gaming,cutoff
618.0,0.17166666666666666,0.9388142839611158,4.077628567922232,0.028926101588021537,1.4493663262770544,3.9327531602363854,5.7,51.22497394031473,14.567991660900715,S3_gaming,cutoff
620.0,0.17222222222222222,0.9386129723838263,4.077225944767653,0.02892916332575309,1.4495203950861513,3.932335149839354,5.7,51.21470884572765,14.564706830632849,S3_gaming,cutoff
622.0,0.17277777777777778,0.9384116394045924,4.076823278809185,0.028932226046040573,1.4496745142840521,3.931917091624771,5.7,51.204443671999734,14.561421975039915,S3_gaming,cutoff
624.0,0.17333333333333334,0.9382102850164133,4.076420570032827,0.028935289750127834,1.4498286838989098,3.931498985575143,5.7,51.194178419078504,14.558137094105122,S3_gaming,cutoff
626.0,0.1738888888888889,0.938008909212285,4.07601781842457,0.02893835443922552,1.4499829039588878,3.9310808316729964,5.7,51.18391308691219,14.554852187811901,S3_gaming,cutoff
628.0,0.17444444444444446,0.9378075119851991,4.075615023970398,0.028941420114512704,1.4501371744921443,3.930662629900881,5.7,51.17364767544994,14.551567256143981,S3_gaming,cutoff
630.0,0.175,0.9376060933281435,4.075212186656287,0.028944486777138435,1.450291495526873,3.930244380241372,5.7,51.16338218464155,14.548282299085296,S3_gaming,cutoff
632.0,0.17555555555555555,0.9374046532341023,4.074809306468205,0.028947554428223225,1.4504458670912517,3.929826082677059,5.7,51.1531166144376,14.544997316620032,S3_gaming,cutoff
634.0,0.1761111111111111,0.9372031916960554,4.074406383392111,0.028950623068860423,1.450600289213494,3.929407737190553,5.7,51.14285096478927,14.541712308732565,S3_gaming,cutoff
636.0,0.17666666666666667,0.9370017087069789,4.074003417413958,0.028953692700117585,1.4507547619218075,3.928989343764483,5.7,51.1325852356485,14.53842727540752,S3_gaming,cutoff
638.0,0.17722222222222223,0.936800204259845,4.07360040851969,0.028956763323037725,1.4509092852444228,3.92857090238149,5.7,51.1223194269677,14.535142216629664,S3_gaming,cutoff
640.0,0.17777777777777778,0.936598678347622,4.073197356695244,0.028959834938640527,1.4510638592095808,3.928152413024234,5.7,51.112053538699996,14.531857132384,S3_gaming,cutoff
642.0,0.17833333333333334,0.9363971309632743,4.072794261926549,0.028962907547923498,1.451218483845537,3.9277338756753832,5.7,51.10178757079895,14.528572022655664,S3_gaming,cutoff
644.0,0.17888888888888888,0.9361955620997622,4.072391124199525,0.028965981151863066,1.451373159180555,3.927315290317622,5.7,51.09152152321876,14.525286887430005,S3_gaming,cutoff
646.0,0.17944444444444443,0.9359939717500423,4.071987943500085,0.02896905575141561,1.4515278852429259,3.926896656933645,5.7,51.08125539591401,14.522001726692485,S3_gaming,cutoff
648.0,0.18,0.9357923599070671,4.071584719814134,0.02897213134751847,1.451682662060935,3.926477975506155,5.7,51.07098918883985,14.518716540428754,S3_gaming,cutoff
650.0,0.18055555555555555,0.9355907265637854,4.071181453127571,0.02897520794109087,1.451837489662905,3.926059246017865,5.7,51.06072290195181,14.515431328624581,S3_gaming,cutoff
652.0,0.1811111111111111,0.9353890717131417,4.070778143426283,0.028978285533034838,1.4519923680771596,3.9256404684514976,5.7,51.050456535205875,14.512146091265882,S3_gaming,cutoff
654.0,0.18166666666666667,0.9351873953480768,4.070374790696154,0.028981364124236044,1.452147297332043,3.9252216427897797,5.7,51.040190088558454,14.508860828338706,S3_gaming,cutoff
656.0,0.18222222222222223,0.9349856974615277,4.069971394923056,0.028984443715564613,1.452302277455919,3.924802769015447,5.7,51.02992356196631,14.505575539829218,S3_gaming,cutoff
658.0,0.1827777777777778,0.9347839780464272,4.069567956092855,0.028987524307875916,1.452457308477162,3.924383847111239,5.7,51.019656955386516,14.502290225723685,S3_gaming,cutoff
660.0,0.18333333333333332,0.9345822370957042,4.069164474191409,0.028990605902011284,1.4526123904241628,3.923964877059901,5.7,51.0093902687766,14.499004886008512,S3_gaming,cutoff
662.0,0.18388888888888888,0.9343804746022837,4.0687609492045675,0.028993688498798728,1.4527675233253379,3.923545858844183,5.7,50.999123502094335,14.495719520670187,S3_gaming,cutoff
664.0,0.18444444444444444,0.9341786905590869,4.068357381118174,0.028996772099053592,1.4529227072091144,3.9231267924468356,5.7,50.98885665529787,14.49243412969532,S3_gaming,cutoff
666.0,0.185,0.9339768849590308,4.067953769918062,0.028999856703579192,1.4530779421039308,3.9227076778506156,5.7,50.97858972834558,14.489148713070586,S3_gaming,cutoff
668.0,0.18555555555555556,0.9337750577950285,4.067550115590057,0.029002942313167423,1.4532332280382587,3.9222885150382805,5.7,50.968322721196124,14.48586327078276,S3_gaming,cutoff
670.0,0.18611111111111112,0.9335732090599892,4.067146418119979,0.029006028928599333,1.453388565040578,3.921869303992588,5.7,50.95805563380846,14.482577802818708,S3_gaming,cutoff
672.0,0.18666666666666668,0.9333713387468182,4.066742677493637,0.029009116550645666,1.4535439531393857,3.9214500446962983,5.7,50.94778846614177,14.479292309165368,S3_gaming,cutoff
674.0,0.18722222222222223,0.9331694468484169,4.066338893696834,0.029012205180067384,1.453699392363203,3.9210307371321718,5.7,50.9375212181555,14.47600678980976,S3_gaming,cutoff
676.0,0.18777777777777777,0.9329675333576825,4.065935066715365,0.029015294817616166,1.453854882740571,3.9206113812829684,5.7,50.9272538898093,14.472721244738976,S3_gaming,cutoff
678.0,0.18833333333333332,0.9327655982675083,4.065531196535017,0.029018385464034877,1.4540104243000367,3.920191977131448,5.7,50.916986481063006,14.469435673940163,S3_gaming,cutoff
680.0,0.18888888888888888,0.9325636415707838,4.0651272831415675,0.02902147712005801,1.4541660170701824,3.9197725246603663,5.7,50.90671899187667,14.466150077400536,S3_gaming,cutoff
682.0,0.18944444444444444,0.9323616632603944,4.064723326520789,0.029024569786412123,1.4543216610796021,3.9193530238524836,5.7,50.896451422210596,14.462864455107391,S3_gaming,cutoff
684.0,0.19,0.9321596633292215,4.064319326658444,0.02902766346381624,1.4544773563569118,3.918933474690553,5.7,50.886183772025184,14.459578807048059,S3_gaming,cutoff
686.0,0.19055555555555556,0.9319576417701426,4.063915283540285,0.029030758152982238,1.4546331029307384,3.9185138771573262,5.7,50.87591604128101,14.456293133209924,S3_gaming,cutoff
688.0,0.19111111111111112,0.9317555985760312,4.063511197152063,0.029033853854615214,1.4547889008297399,3.9180942312355524,5.7,50.86564822993884,14.45300743358043,S3_gaming,cutoff
690.0,0.19166666666666668,0.9315535337397568,4.063107067479514,0.029036950569413834,1.4549447500825956,3.91767453690798,5.7,50.85538033795959,14.449721708147068,S3_gaming,cutoff
692.0,0.1922222222222222,0.931351447254185,4.06270289450837,0.029040048298070678,1.4551006507179913,3.917254794157351,5.7,50.8451123653043,14.446435956897377,S3_gaming,cutoff
694.0,0.19277777777777777,0.9311493391121772,4.062298678224355,0.029043147041272536,1.4552566027646456,3.9168350029664043,5.7,50.834844311934155,14.44315017981893,S3_gaming,cutoff
696.0,0.19333333333333333,0.9309472093065911,4.061894418613182,0.029046246799700724,1.455412606251291,3.916415163317876,5.7,50.82457617781043,14.439864376899338,S3_gaming,cutoff
698.0,0.1938888888888889,0.9307450578302802,4.06149011566056,0.02904934757403137,1.4555686612066825,3.915995275194495,5.7,50.81430796289461,14.436578548126276,S3_gaming,cutoff
700.0,0.19444444444444445,0.930542884676094,4.0610857693521885,0.029052449364935687,1.4557247676595997,3.915575338578987,5.7,50.80403966714822,14.433292693487429,S3_gaming,cutoff
702.0,0.195,0.9303406898368781,4.060681379673756,0.029055552173080226,1.455880925638836,3.9151553534540757,5.7,50.79377129053284,14.43000681297051,S3_gaming,cutoff
704.0,0.19555555555555557,0.9301384733054742,4.060276946610949,0.02905865599912713,1.4560371351732075,3.9147353198024737,5.7,50.78350283301031,14.426720906563299,S3_gaming,cutoff
706.0,0.19611111111111112,0.9299362350747197,4.05987247014944,0.029061760843734373,1.4561933962915552,3.9143152376068926,5.7,50.77323429454239,14.423434974253565,S3_gaming,cutoff
708.0,0.19666666666666666,0.9297339751374482,4.059467950274897,0.02906486670755597,1.4563497090227389,3.913895106850036,5.7,50.76296567509102,14.420149016029127,S3_gaming,cutoff
710.0,0.19722222222222222,0.9295316934864892,4.059063386972978,0.02906797359124221,1.4565060733956385,3.913474927514603,5.7,50.752696974618225,14.416863031877833,S3_gaming,cutoff
712.0,0.19777777777777777,0.9293293901146683,4.058658780229337,0.029071081495439837,1.4566624894391589,3.913054699583285,5.7,50.74242819308606,14.41357702178754,S3_gaming,cutoff
714.0,0.19833333333333333,0.929127065014807,4.058254130029614,0.02907419042079227,1.456818957182218,3.9126344230387673,5.7,50.73215933045672,14.41029098574615,S3_gaming,cutoff
716.0,0.1988888888888889,0.9289247181797229,4.0578494363594455,0.029077300367939755,1.4569754766537657,3.9122140978637314,5.7,50.72189038669238,14.407004923741562,S3_gaming,cutoff
718.0,0.19944444444444445,0.9287223496022293,4.057444699204459,0.02908041133751957,1.4571320478827698,3.9117937240408467,5.7,50.71162136175536,14.403718835761717,S3_gaming,cutoff
720.0,0.2,0.9285199592751358,4.057039918550272,0.02908352333016617,1.457288670898213,3.9113733015527803,5.7,50.701352255607965,14.40043272179455,S3_gaming,cutoff
722.0,0.20055555555555554,0.9283175471912476,4.056635094382496,0.029086636346511353,1.457445345729108,3.9109528303821897,5.7,50.69108306821261,14.397146581828038,S3_gaming,cutoff
724.0,0.2011111111111111,0.9281151133433663,4.056230226686733,0.029089750387184417,1.4576020724044902,3.9105323105117265,5.7,50.680813799531734,14.393860415850154,S3_gaming,cutoff
726.0,0.20166666666666666,0.9279126577242892,4.055825315448579,0.029092865452812294,1.4577588509534112,3.910111741924034,5.7,50.670544449527846,14.39057422384891,S3_gaming,cutoff
728.0,0.20222222222222222,0.9277101803268096,4.05542036065362,0.02909598154401969,1.4579156814049448,3.909691124601747,5.7,50.66027501816347,14.38728800581231,S3_gaming,cutoff
730.0,0.20277777777777778,0.9275076811437168,4.055015362287434,0.02909909866142922,1.458072563788193,3.909270458527496,5.7,50.65000550540116,14.384001761728372,S3_gaming,cutoff
732.0,0.20333333333333334,0.9273051601677962,4.054610320335593,0.029102216805661524,1.4582294981322712,3.908849743683898,5.7,50.63973591120359,14.380715491585148,S3_gaming,cutoff
734.0,0.2038888888888889,0.9271026173918288,4.054205234783658,0.029105335977335386,1.4583864844663286,3.908428980053568,5.7,50.629466235533336,14.377429195370668,S3_gaming,cutoff
736.0,0.20444444444444446,0.9269000528085917,4.053800105617183,0.02910845617706785,1.458543522819522,3.9080081676191085,5.7,50.619196478353125,14.374142873073,S3_gaming,cutoff
738.0,0.205,0.9266974664108582,4.053394932821717,0.02911157740547433,1.458700613221045,3.9075873063631157,5.7,50.60892663962566,14.370856524680212,S3_gaming,cutoff
740.0,0.20555555555555555,0.9264948581913971,4.052989716382794,0.029114699663168698,1.458857755700102,3.9071663962681775,5.7,50.59865671931364,14.367570150180365,S3_gaming,cutoff
742.0,0.2061111111111111,0.9262922281429735,4.052584456285947,0.029117822950763393,1.4590149502859278,3.9067454373168715,5.7,50.58838671737986,14.364283749561556,S3_gaming,cutoff
744.0,0.20666666666666667,0.9260895762583484,4.052179152516697,0.02912094726886951,1.459172197007777,3.90632442949177,5.7,50.5781166337871,14.36099732281187,S3_gaming,cutoff
746.0,0.20722222222222222,0.9258869025302786,4.051773805060558,0.02912407261809689,1.4593294958949259,3.9059033727754344,5.7,50.56784646849813,14.357710869919403,S3_gaming,cutoff
748.0,0.20777777777777778,0.9256842069515168,4.051368413903034,0.02912719899905419,1.4594868469766735,3.905482267150417,5.7,50.55757622147574,14.354424390872238,S3_gaming,cutoff
750.0,0.20833333333333334,0.9254814895148117,4.050962979029624,0.029130326412348983,1.4596442502823408,3.9050611125992605,5.7,50.54730589268282,14.351137885658504,S3_gaming,cutoff
752.0,0.2088888888888889,0.9252787502129081,4.050557500425816,0.029133454858587815,1.4598017058412764,3.9046399091045023,5.7,50.53703548208216,14.347851354266291,S3_gaming,cutoff
754.0,0.20944444444444443,0.9250759890385464,4.050151978077093,0.02913658433837629,1.4599592136828459,3.9042186566486685,5.7,50.52676498963664,14.344564796683725,S3_gaming,cutoff
756.0,0.21,0.9248732059844632,4.049746411968926,0.02913971485231913,1.4601167738364396,3.9037973552142744,5.7,50.5164944153091,14.341278212898912,S3_gaming,cutoff
758.0,0.21055555555555555,0.9246704010433908,4.049340802086782,0.02914284640102025,1.4602743863314698,3.9033760047838277,5.7,50.506223759062415,14.337991602899974,S3_gaming,cutoff
760.0,0.2111111111111111,0.9244675742080576,4.048935148416115,0.029145978985082803,1.4604320511973772,3.9029546053398296,5.7,50.49595302085946,14.334704966675028,S3_gaming,cutoff
762.0,0.21166666666666667,0.9242647254711878,4.048529450942375,0.02914911260510926,1.460589768463616,3.902533156864767,5.7,50.485682200663106,14.331418304212194,S3_gaming,cutoff
764.0,0.21222222222222223,0.9240618548255015,4.048123709651003,0.029152247261701448,1.4607475381596762,3.9021116593411196,5.7,50.475411298436256,14.328131615499602,S3_gaming,cutoff
766.0,0.2127777777777778,0.9238589622637148,4.047717924527429,0.029155382955460617,1.460905360315054,3.9016901127513597,5.7,50.465140314141756,14.324844900525362,S3_gaming,cutoff
768.0,0.21333333333333335,0.9236560477785395,4.047312095557079,0.02915851968698748,1.4610632349592867,3.9012685170779466,5.7,50.454869247742515,14.321558159277606,S3_gaming,cutoff
770.0,0.21388888888888888,0.9234531113626835,4.046906222725367,0.02916165745688227,1.4612211621219173,3.9008468723033323,5.7,50.4445980992014,14.318271391744448,S3_gaming,cutoff
772.0,0.21444444444444444,0.9232501530088506,4.046500306017702,0.02916479626574478,1.4613791418325277,3.900425178409958,5.7,50.43432686848131,14.314984597914018,S3_gaming,cutoff
774.0,0.215,0.9230471727097403,4.046094345419481,0.029167936114174415,1.461537174120714,3.9000034353802557,5.7,50.42405555554505,14.311697777774418,S3_gaming,cutoff
776.0,0.21555555555555556,0.9228441704580482,4.045688340916096,0.029171077002770225,1.4616952590160963,3.8995816431966475,5.7,50.4137841603556,14.308410931313793,S3_gaming,cutoff
778.0,0.21611111111111111,0.9226411462464656,4.0452822924929315,0.02917421893213095,1.461853396548321,3.8991598018415456,5.7,50.40351268287575,14.30512405852024,S3_gaming,cutoff
780.0,0.21666666666666667,0.9224381000676799,4.04487620013536,0.029177361902855053,1.4620115867470556,3.898737911297354,5.7,50.39324112306841,14.301837159381892,S3_gaming,cutoff
782.0,0.21722222222222223,0.9222350319143741,4.044470063828748,0.029180505915540764,1.4621698296419905,3.8983159715464653,5.7,50.38296948089638,14.298550233886841,S3_gaming,cutoff
784.0,0.21777777777777776,0.9220319417792272,4.044063883558454,0.029183650970786106,1.4623281252628433,3.89789398257126,5.7,50.37269775632252,14.295263282023209,S3_gaming,cutoff
786.0,0.21833333333333332,0.9218288296549142,4.043657659309829,0.029186797069188936,1.4624864736393544,3.8974719443541144,5.7,50.36242594930971,14.291976303779107,S3_gaming,cutoff
788.0,0.21888888888888888,0.9216256955341058,4.043251391068212,0.029189944211346974,1.4626448748012777,3.897049856877387,5.7,50.35215405982072,14.28868929914263,S3_gaming,cutoff
790.0,0.21944444444444444,0.9214225394094686,4.042845078818937,0.02919309239785782,1.462803328778403,3.8966277201234347,5.7,50.34188208781837,14.285402268101878,S3_gaming,cutoff
792.0,0.22,0.9212193612736652,4.042438722547331,0.029196241629319004,1.462961835600543,3.896205534074598,5.7,50.331610033265505,14.282115210644962,S3_gaming,cutoff
794.0,0.22055555555555556,0.9210161611193539,4.042032322238708,0.029199391906328,1.4631203952975262,3.8957832987132104,5.7,50.32133789612485,14.278828126759953,S3_gaming,cutoff
796.0,0.22111111111111112,0.9208129389391888,4.041625877878378,0.029202543229482247,1.4632790078992097,3.895361014021595,5.7,50.311065676359256,14.275541016434962,S3_gaming,cutoff
798.0,0.22166666666666668,0.9206096947258201,4.041219389451641,0.029205695599379185,1.4634376734354748,3.894938679982061,5.7,50.30079337393146,14.272253879658068,S3_gaming,cutoff
800.0,0.2222222222222222,0.9204064284718936,4.040812856943788,0.029208849016616276,1.4635963919362227,3.894516296576914,5.7,50.2905209888042,14.268966716417344,S3_gaming,cutoff
802.0,0.22277777777777777,0.920203140170051,4.040406280340102,0.02921200348179102,1.4637551634313821,3.8940938637884446,5.7,50.28024852094022,14.26567952670087,S3_gaming,cutoff
804.0,0.22333333333333333,0.91999982981293,4.0399996596258605,0.029215158995500985,1.4639139879509044,3.893671381598933,5.7,50.26997597030226,14.262392310496724,S3_gaming,cutoff
806.0,0.2238888888888889,0.919796497393164,4.039592994786329,0.02921831555834381,1.4640728655247652,3.8932488499906523,5.7,50.259703336853,14.25910506779296,S3_gaming,cutoff
808.0,0.22444444444444445,0.9195931429033822,4.039186285806765,0.029221473170917247,1.4642317961829603,3.892826268945863,5.7,50.249430620555145,14.255817798577647,S3_gaming,cutoff
810.0,0.225,0.9193897663362097,4.03877953267242,0.029224631833819167,1.4643907799555127,3.8924036384468135,5.7,50.23915782137138,14.252530502838843,S3_gaming,cutoff
812.0,0.22555555555555556,0.9191863676842675,4.038372735368535,0.029227791547647573,1.4645498168724762,3.8919809584757465,5.7,50.228884939264326,14.249243180564585,S3_gaming,cutoff
814.0,0.22611111111111112,0.9189829469401722,4.037965893880345,0.029230952313000626,1.464708906963913,3.8915582290148905,5.7,50.21861197419667,14.245955831742934,S3_gaming,cutoff
816.0,0.22666666666666666,0.9187795040965365,4.037559008193073,0.02923411413047666,1.4648680502599236,3.891135450046465,5.7,50.20833892613101,14.242668456361924,S3_gaming,cutoff
818.0,0.22722222222222221,0.9185760391459687,4.037152078291937,0.029237277000674192,1.4650272467906178,3.890712621552679,5.7,50.198065795029954,14.239381054409586,S3_gaming,cutoff
820.0,0.22777777777777777,0.9183725520810732,4.036745104162146,0.02924044092419194,1.4651864965861487,3.8902897435157304,5.7,50.18779258085609,14.23609362587395,S3_gaming,cutoff
822.0,0.22833333333333333,0.9181690428944497,4.036338085788899,0.029243605901628833,1.465345799676676,3.889866815917807,5.7,50.17751928357199,14.232806170743038,S3_gaming,cutoff
824.0,0.2288888888888889,0.9179655115786942,4.035931023157389,0.029246771933584027,1.465505156092392,3.889443838741086,5.7,50.16724590314018,14.229518689004857,S3_gaming,cutoff
826.0,0.22944444444444445,0.9177619581263984,4.035523916252797,0.029249939020656913,1.4656645658635115,3.889020811967735,5.7,50.156972439523216,14.22623118064743,S3_gaming,cutoff
828.0,0.23,0.9175583825301495,4.035116765060299,0.02925310716344714,1.465824029020274,3.888597735579909,5.7,50.146698892683595,14.22294364565875,S3_gaming,cutoff
830.0,0.23055555555555557,0.917354784782531,4.034709569565062,0.029256276362554623,1.4659835455929415,3.8881746095597527,5.7,50.13642526258379,14.219656084026814,S3_gaming,cutoff
832.0,0.2311111111111111,0.9171511648761216,4.034302329752244,0.029259446618579533,1.4661431156118037,3.887751433889403,5.7,50.12615154918629,14.216368495739614,S3_gaming,cutoff
834.0,0.23166666666666666,0.9169475228034963,4.033895045606993,0.02926261793212234,1.4663027391071697,3.8873282085509833,5.7,50.11587775245352,14.213080880785126,S3_gaming,cutoff
836.0,0.23222222222222222,0.9167438585572257,4.033487717114451,0.0292657903037838,1.4664624161093736,3.8869049335266075,5.7,50.10560387234793,14.209793239151336,S3_gaming,cutoff
838.0,0.23277777777777778,0.9165401721298763,4.033080344259752,0.029268963734164974,1.4666221466487828,3.886481608798377,5.7,50.09532990883191,14.206505570826211,S3_gaming,cutoff
840.0,0.23333333333333334,0.91633646351401,4.03267292702802,0.029272138223867233,1.46678193075577,3.8860582343483854,5.7,50.08505586186786,14.203217875797714,S3_gaming,cutoff
842.0,0.2338888888888889,0.9161327327021849,4.03226546540437,0.02927531377349227,1.4669417684607526,3.8856348101587153,5.7,50.074781731418106,14.199930154053794,S3_gaming,cutoff
844.0,0.23444444444444446,0.9159289796869547,4.03185795937391,0.02927849038364211,1.4671016597941622,3.8852113362114338,5.7,50.064507517445044,14.196642405582415,S3_gaming,cutoff
846.0,0.235,0.915725204460869,4.031450408921738,0.029281668054919097,1.4672616047864573,3.884787812488605,5.7,50.05423321991093,14.193354630371497,S3_gaming,cutoff
848.0,0.23555555555555555,0.9155214070164729,4.031042814032946,0.02928484678792594,1.4674216034681136,3.884364238972276,5.7,50.043958838778124,14.190066828409,S3_gaming,cutoff
850.0,0.2361111111111111,0.9153175873463075,4.030635174692615,0.02928802658326568,1.4675816558696457,3.8839406156444856,5.7,50.033684374008836,14.186778999682828,S3_gaming,cutoff
852.0,0.23666666666666666,0.9151137454429096,4.030227490885819,0.02929120744154173,1.4677417620215794,3.8835169424872618,5.7,50.02340982556533,14.183491144180907,S3_gaming,cutoff
854.0,0.23722222222222222,0.9149098812988117,4.029819762597623,0.029294389363357858,1.4679019219544702,3.8830932194826215,5.7,50.01313519340987,14.18020326189116,S3_gaming,cutoff
856.0,0.23777777777777778,0.914705994906542,4.0294119898130845,0.029297572349318204,1.4680621356989025,3.8826694466125695,5.7,50.00286047750465,14.176915352801489,S3_gaming,cutoff
858.0,0.23833333333333334,0.9145020862586248,4.02900417251725,0.029300756400027283,1.468222403285474,3.8822456238591037,5.7,49.99258567781182,14.173627416899782,S3_gaming,cutoff
860.0,0.2388888888888889,0.9142981553475797,4.02859631069516,0.029303941516089994,1.4683827247448182,3.8818217512042064,5.7,49.98231079429355,14.170339454173936,S3_gaming,cutoff
862.0,0.23944444444444443,0.9140942021659224,4.0281884043318446,0.02930712769811162,1.468543100107586,3.8813978286298507,5.7,49.97203582691198,14.167051464611832,S3_gaming,cutoff
864.0,0.24,0.913890226706164,4.027780453412328,0.02931031494669784,1.4687035294044608,3.880973856118001,5.7,49.96176077562924,14.163763448201356,S3_gaming,cutoff
866.0,0.24055555555555555,0.9136862289608116,4.027372457921623,0.029313503262454722,1.4688640126661379,3.8805498336506075,5.7,49.951485640407384,14.160475404930363,S3_gaming,cutoff
868.0,0.2411111111111111,0.9134822089223681,4.026964417844736,0.029316692645988747,1.4690245499233534,3.8801257612096123,5.7,49.941210421208496,14.15718733478672,S3_gaming,cutoff
870.0,0.24166666666666667,0.9132781665833317,4.026556333166663,0.029319883097906792,1.4691851412068524,3.8797016387769445,5.7,49.93093511799461,14.153899237758274,S3_gaming,cutoff
872.0,0.24222222222222223,0.9130741019361969,4.026148203872394,0.02932307461881615,1.4693457865474158,3.879277466334523,5.7,49.92065973072774,14.150611113832877,S3_gaming,cutoff
874.0,0.2427777777777778,0.9128700149734534,4.025740029946907,0.029326267209324526,1.4695064859758438,3.8788532438642562,5.7,49.91038425936988,14.147322962998361,S3_gaming,cutoff
876.0,0.24333333333333335,0.912665905687587,4.025331811375174,0.029329460870040045,1.4696672395229649,3.8784289713480407,5.7,49.90010870388298,14.144034785242553,S3_gaming,cutoff
878.0,0.24388888888888888,0.912461774071079,4.024923548142158,0.029332655601571257,1.4698280472196317,3.8780046487677624,5.7,49.889833064228995,14.140746580553278,S3_gaming,cutoff
880.0,0.24444444444444444,0.9122576201164065,4.024515240232813,0.029335851404527134,1.469988909096717,3.8775802761052978,5.7,49.87955734036987,14.13745834891836,S3_gaming,cutoff
882.0,0.245,0.9120534438160424,4.024106887632085,0.029339048279517076,1.4701498251851297,3.8771558533425097,5.7,49.86928153226744,14.134170090325583,S3_gaming,cutoff
884.0,0.24555555555555555,0.911849245162455,4.02369849032491,0.029342246227150922,1.4703107955157861,3.876731380461251,5.7,49.85900563988361,14.130881804762756,S3_gaming,cutoff
886.0,0.2461111111111111,0.9116450241481087,4.023290048296217,0.02934544524803894,1.4704718201196425,3.8763068574433643,5.7,49.848729663180215,14.127593492217668,S3_gaming,cutoff
888.0,0.24666666666666667,0.9114407807654632,4.022881561530927,0.029348645342791847,1.470632899027674,3.875882284270681,5.7,49.83845360211909,14.124305152678108,S3_gaming,cutoff
890.0,0.24722222222222223,0.9112365150069743,4.022473030013948,0.02935184651202079,1.4707940322708861,3.87545766092502,5.7,49.82817745666198,14.121016786131836,S3_gaming,cutoff
892.0,0.2477777777777778,0.9110322268650932,4.022064453730186,0.029355048756337373,1.4709552198802989,3.875032987388191,5.7,49.81790122677071,14.117728392566626,S3_gaming,cutoff
894.0,0.24833333333333332,0.9108279163322669,4.021655832664534,0.029358252076353637,1.4711164618869677,3.874608263641991,5.7,49.807624912406986,14.114439971970235,S3_gaming,cutoff
896.0,0.24888888888888888,0.9106235834009381,4.021247166801876,0.02936145647268208,1.4712777583219676,3.874183489668208,5.7,49.79734851353255,14.111151524330415,S3_gaming,cutoff
898.0,0.24944444444444444,0.910419228063545,4.02083845612709,0.02936466194593565,1.4714391092164019,3.8737586654486162,5.7,49.787072030109066,14.107863049634902,S3_gaming,cutoff
900.0,0.25,0.9102148503125219,4.020429700625044,0.029367868496727755,1.4716005146013926,3.8733337909649808,5.7,49.776795462098235,14.104574547871437,S3_gaming,cutoff
902.0,0.25055555555555553,0.9100104501402984,4.020020900280596,0.029371076125672253,1.4717619745080956,3.872908866199056,5.7,49.766518809461644,14.101286019027727,S3_gaming,cutoff
904.0,0.2511111111111111,0.9098060275392996,4.019612055078599,0.02937428483338347,1.4719234889676858,3.8724838911325827,5.7,49.75624207216097,14.097997463091511,S3_gaming,cutoff
906.0,0.25166666666666665,0.9096015825019469,4.019203165003894,0.02937749462047619,1.4720850580113687,3.8720588657472934,5.7,49.74596525015778,14.09470888005049,S3_gaming,cutoff
908.0,0.25222222222222224,0.9093971150206569,4.018794230041314,0.029380705487565655,1.472246681670372,3.8716337900249065,5.7,49.73568834341363,14.09142026989236,S3_gaming,cutoff
910.0,0.25277777777777777,0.9091926250878419,4.018385250175684,0.02938391743526758,1.4724083599759434,3.8712086639471317,5.7,49.72541135189006,14.088131632604819,S3_gaming,cutoff
912.0,0.25333333333333335,0.90898811269591,4.01797622539182,0.029387130464198156,1.4725700929593633,3.8707834874956664,5.7,49.715134275548586,14.084842968175547,S3_gaming,cutoff
914.0,0.2538888888888889,0.9087835778372648,4.01756715567453,0.029390344574974026,1.472731880651934,3.8703582606521967,5.7,49.704857114350695,14.081554276592222,S3_gaming,cutoff
916.0,0.2544444444444444,0.9085790205043057,4.017158041008612,0.029393559768212316,1.4728937230849892,3.869932983398399,5.7,49.69457986825785,14.078265557842512,S3_gaming,cutoff
918.0,0.255,0.9083744406894277,4.016748881378856,0.029396776044530625,1.4730556202898786,3.8695076557159354,5.7,49.68430253723149,14.074976811914077,S3_gaming,cutoff
920.0,0.25555555555555554,0.9081698383850214,4.016339676770043,0.029399993404547024,1.4732175722979828,3.869082277586462,5.7,49.674025121233,14.07168803879456,S3_gaming,cutoff
922.0,0.2561111111111111,0.907965213583473,4.015930427166946,0.02940321184888006,1.4733795791407072,3.8686568489916167,5.7,49.663747620223795,14.068399238471615,S3_gaming,cutoff
924.0,0.25666666666666665,0.9077605662771645,4.015521132554329,0.029406431378148763,1.4735416408494821,3.8682313699130315,5.7,49.65347003416522,14.06511041093287,S3_gaming,cutoff
926.0,0.25722222222222224,0.9075558964584733,4.015111792916946,0.02940965199297264,1.4737037574557632,3.8678058403323257,5.7,49.643192363018585,14.061821556165947,S3_gaming,cutoff
928.0,0.2577777777777778,0.9073512041197727,4.014702408239545,0.02941287369397168,1.4738659289910305,3.8673802602311067,5.7,49.63291460674523,14.058532674158474,S3_gaming,cutoff
930.0,0.25833333333333336,0.9071464892534313,4.014292978506862,0.029416096481766355,1.474028155486795,3.8669546295909707,5.7,49.6226367653064,14.05524376489805,S3_gaming,cutoff
932.0,0.2588888888888889,0.9069417518518137,4.013883503703627,0.029419320356977616,1.4741904369745873,3.866528948393504,5.7,49.612358838663376,14.051954828372281,S3_gaming,cutoff
934.0,0.2594444444444444,0.9067369919072799,4.01347398381456,0.02942254532022691,1.4743527734859623,3.86610321662028,5.7,49.60208082677738,14.048665864568763,S3_gaming,cutoff
936.0,0.26,0.9065322094121854,4.013064418824371,0.02942577137213616,1.474515165052509,3.86567743425286,5.7,49.59180272960959,14.04537687347507,S3_gaming,cutoff
938.0,0.26055555555555554,0.9063274043588816,4.012654808717763,0.02942899851332778,1.4746776117058351,3.8652516012727984,5.7,49.58152454712119,14.042087855078782,S3_gaming,cutoff
940.0,0.2611111111111111,0.9061225767397153,4.012245153479431,0.029432226744424684,1.474840113477574,3.864825717661633,5.7,49.57124627927334,14.038798809367469,S3_gaming,cutoff
942.0,0.26166666666666666,0.905917726547029,4.011835453094058,0.02943545606605026,1.475002670399389,3.864399783400892,5.7,49.56096792602711,14.035509736328676,S3_gaming,cutoff
944.0,0.26222222222222225,0.9057128537731607,4.011425707546321,0.0294386864788284,1.475165282502963,3.8639737984720934,5.7,49.55068948734364,14.032220635949965,S3_gaming,cutoff
946.0,0.2627777777777778,0.9055079584104442,4.011015916820888,0.02944191798338348,1.4753279498200127,3.863547762856744,5.7,49.540410963183994,14.028931508218879,S3_gaming,cutoff
948.0,0.2633333333333333,0.9053030404512086,4.010606080902417,0.029445150580340376,1.4754906723822763,3.8631216765363385,5.7,49.530132353509195,14.025642353122944,S3_gaming,cutoff
950.0,0.2638888888888889,0.9050980998877788,4.0101961997755575,0.02944838427032446,1.4756534502215146,3.8626955394923583,5.7,49.51985365828026,14.022353170649685,S3_gaming,cutoff
952.0,0.2644444444444444,0.9048931367124753,4.00978627342495,0.02945161905396159,1.4758162833695188,3.8622693517062765,5.7,49.50957487745818,14.019063960786617,S3_gaming,cutoff
954.0,0.265,0.9046881509176141,4.009376301835228,0.029454854931878133,1.475979171858105,3.8618431131595536,5.7,49.49929601100393,14.015774723521258,S3_gaming,cutoff
956.0,0.26555555555555554,0.9044831424955068,4.008966284991014,0.02945809190470095,1.4761421157191146,3.8614168238336384,5.7,49.4890170588784,14.01248545884109,S3_gaming,cutoff
958.0,0.26611111111111113,0.9042781114384605,4.008556222876921,0.029461329973057396,1.4763051149844135,3.860990483709968,5.7,49.47873802104253,14.009196166733611,S3_gaming,cutoff
960.0,0.26666666666666666,0.904073057738778,4.008146115477556,0.029464569137575336,1.4764681696858961,3.8605640927699696,5.7,49.468458897457204,14.005906847186305,S3_gaming,cutoff
962.0,0.26722222222222225,0.9038679813887576,4.007735962777515,0.029467809398883126,1.4766312798554864,3.860137650995056,5.7,49.45817968808322,14.00261750018663,S3_gaming,cutoff
964.0,0.2677777777777778,0.9036628823806931,4.0073257647613865,0.02947105075760963,1.476794445525123,3.8597111583666326,5.7,49.447900392881465,13.99932812572207,S3_gaming,cutoff
966.0,0.2683333333333333,0.9034577607068741,4.006915521413748,0.029474293214384214,1.476957666726783,3.8592846148660898,5.7,49.437621011812695,13.996038723780062,S3_gaming,cutoff
968.0,0.2688888888888889,0.9032526163595855,4.006505232719171,0.029477536769836745,1.4771209434924604,3.858858020474809,5.7,49.427341544837724,13.992749294348071,S3_gaming,cutoff
970.0,0.26944444444444443,0.9030474493311079,4.006094898662216,0.0294807814245976,1.4772842758541793,3.8584313751741584,5.7,49.41706199191726,13.989459837413524,S3_gaming,cutoff
972.0,0.27,0.9028422596137173,4.005684519227435,0.029484027179297656,1.4774476638439893,3.858004678945495,5.7,49.40678235301203,13.98617035296385,S3_gaming,cutoff
974.0,0.27055555555555555,0.9026370471996855,4.005274094399371,0.029487274034568297,1.4776111074939702,3.8575779317701655,5.7,49.39650262808271,13.982880840986468,S3_gaming,cutoff
976.0,0.27111111111111114,0.9024318120812795,4.004863624162559,0.029490521991041418,1.4777746068362185,3.8571511336295035,5.7,49.38622281708999,13.979591301468796,S3_gaming,cutoff
978.0,0.27166666666666667,0.9022265542507623,4.004453108501525,0.02949377104934942,1.4779381619028669,3.856724284504832,5.7,49.37594291999449,13.97630173439824,S3_gaming,cutoff
980.0,0.2722222222222222,0.9020212737003919,4.0040425474007835,0.029497021210125207,1.4781017727260675,3.8562973843774615,5.7,49.3656629367568,13.973012139762176,S3_gaming,cutoff
982.0,0.2727777777777778,0.9018159704224222,4.003631940844844,0.029500272474002203,1.4782654393380028,3.8558704332286937,5.7,49.35538286733754,13.969722517548012,S3_gaming,cutoff
984.0,0.2733333333333333,0.9016106444091025,4.003221288818205,0.02950352484161433,1.4784291617708778,3.8554434310398156,5.7,49.34510271169724,13.966432867743116,S3_gaming,cutoff
986.0,0.2738888888888889,0.9014052956526778,4.002810591305356,0.029506778313596035,1.4785929400569302,3.855016377792103,5.7,49.334822469796435,13.96314319033486,S3_gaming,cutoff
988.0,0.27444444444444444,0.9011999241453883,4.002399848290777,0.029510032890582266,1.4787567742284151,3.8545892734668215,5.7,49.32454214159559,13.95985348531059,S3_gaming,cutoff
990.0,0.275,0.9009945298794699,4.00198905975894,0.02951328857320849,1.4789206643176205,3.854162118045225,5.7,49.314261727055225,13.956563752657672,S3_gaming,cutoff
992.0,0.27555555555555555,0.9007891128471541,4.001578225694308,0.029516545362110683,1.4790846103568593,3.8537349115085555,5.7,49.30398122613575,13.953273992363439,S3_gaming,cutoff
994.0,0.2761111111111111,0.9005836730406679,4.001167346081336,0.029519803257925338,1.4792486123784698,3.8533076538380415,5.7,49.29370063879761,13.949984204415236,S3_gaming,cutoff
996.0,0.27666666666666667,0.9003782104522335,4.000756420904467,0.02952306226128946,1.4794126704148203,3.852880345014903,5.7,49.28341996500115,13.946694388800369,S3_gaming,cutoff
998.0,0.2772222222222222,0.900172725074069,4.000345450148138,0.029526322372840575,1.4795767844982959,3.852452985020349,5.7,49.27313920470678,13.943404545506171,S3_gaming,cutoff
1000.0,0.2777777777777778,0.8999672173495202,3.99998360867476,0.029529580345062294,1.479721464358108,3.852076307602106,5.7,49.264078722123514,13.940505191079525,S3_gaming,cutoff
1002.0,0.2783333333333333,0.8997616975631306,3.999880848781565,0.029532763717154943,1.4797634525125085,3.8519670083387583,5.7,49.26144973929571,13.939663916574629,S3_gaming,cutoff
1004.0,0.2788888888888889,0.8995561719479745,3.999778085973987,0.029535832769405503,1.479805398968581,3.851857820787848,5.7,49.25882359103435,13.938823549130992,S3_gaming,cutoff
1006.0,0.27944444444444444,0.8993506405096904,3.999675320254845,0.029538793037668803,1.4798473059120103,3.8517487422691445,5.7,49.25620013982519,13.937984044744061,S3_gaming,cutoff
1008.0,0.28,0.8991451032536204,3.99957255162681,0.029541649789892432,1.4798891754228576,3.851639767351023,5.7,49.25357925481265,13.937145361540049,S3_gaming,cutoff
1010.0,0.28055555555555556,0.898939560184825,3.9994697800924124,0.029544408039082242,1.4799310094806672,3.8515308908647024,5.7,49.25096081147742,13.936307459672774,S3_gaming,cutoff
1012.0,0.2811111111111111,0.8987340113080963,3.9993670056540482,0.029547072555640357,1.4799728099693237,3.8514221078915205,5.7,49.24834469132953,13.935470301225449,S3_gaming,cutoff
1014.0,0.2816666666666667,0.898528456627971,3.9992642283139856,0.029549647879106078,1.4800145786816736,3.8513134137508285,5.7,49.245730781616466,13.93463385011727,S3_gaming,cutoff
1016.0,0.2822222222222222,0.8983228961487432,3.9991614480743714,0.02955213832932859,1.48005631732393,3.8512048039884768,5.7,49.243118975045356,13.933798072014515,S3_gaming,cutoff
1018.0,0.2827777777777778,0.8981173298744755,3.9990586649372375,0.029554548017098937,1.4800980275198576,3.85109627436585,5.7,49.24050916951853,13.93296293424593,S3_gaming,cutoff
1020.0,0.2833333333333333,0.8979117578090106,3.998955878904505,0.029556880854267466,1.4801397108147567,3.850987820849441,5.7,49.237901267881966,13.93212840572223,S3_gaming,cutoff
1022.0,0.2838888888888889,0.8977061799559818,3.998853089977991,0.029559140563371618,1.4801813686792564,3.8508794396009187,5.7,49.235295177685956,13.931294456859506,S3_gaming,cutoff
1024.0,0.28444444444444444,0.8975005963188231,3.9987502981594116,0.029561330686797792,1.4802230025129204,3.85077112696769,5.7,49.23269081095724,13.930461059506316,S3_gaming,cutoff
1026.0,0.285,0.8972950069007788,3.9986475034503894,0.029563454595499795,1.4802646136476916,3.8506628794739055,5.7,49.23008808398226,13.929628186874323,S3_gaming,cutoff
1028.0,0.28555555555555556,0.8970894117049129,3.9985447058524564,0.029565515497295365,1.480306203351156,3.850554693811909,5.7,49.22748691710096,13.928795813472309,S3_gaming,cutoff
1030.0,0.2861111111111111,0.8968838107341174,3.998441905367059,0.029567516444761185,1.4803477728296432,3.850446566834097,5.7,49.22488723451044,13.92796391504334,S3_gaming,cutoff
1032.0,0.2866666666666667,0.896678203991121,3.9983391019955605,0.02956946034274579,1.4803893232312015,3.8503384955451754,5.7,49.22228896407816,13.927132468505013,S3_gaming,cutoff
1034.0,0.2872222222222222,0.8964725914784967,3.9982362957392485,0.029571349955518907,1.4804308556484125,3.8502304770947853,5.7,49.21969203716429,13.926301451892574,S3_gaming,cutoff
1036.0,0.2877777777777778,0.8962669731986695,3.9981334865993348,0.02957318791357479,1.4804723711210637,3.8501225087704913,5.7,49.21709638845252,13.925470844304806,S3_gaming,cutoff
1038.0,0.28833333333333333,0.8960613491539238,3.998030674576962,0.029574976720106293,1.4805138706387082,3.8500145879911067,5.7,49.21450195578919,13.924640625852541,S3_gaming,cutoff
1040.0,0.28888888888888886,0.8958557193464093,3.9979278596732044,0.02957671875716564,1.48055535514309,3.849906712300343,5.7,49.21190868003008,13.923810777609626,S3_gaming,cutoff
1042.0,0.28944444444444445,0.8956500837781486,3.997825041889074,0.02957841629152703,1.4805968255304558,3.849798879360761,5.7,49.20931650489475,13.92298128156632,S3_gaming,cutoff
1044.0,0.29,0.8954444424510426,3.9977222212255215,0.029580071480265535,1.4806382826537539,3.849691086948026,5.7,49.20672537682782,13.922152120584903,S3_gaming,cutoff
1046.0,0.29055555555555557,0.8952387953668767,3.9976193976834384,0.029581686376065976,1.4806797273247267,3.849583332945429,5.7,49.20413524486703,13.92132327835745,S3_gaming,cutoff
1048.0,0.2911111111111111,0.8950331425273262,3.997516571263663,0.02958326293227491,1.4807211603159065,3.849475615338681,5.7,49.201546060517735,13.920494739365676,S3_gaming,cutoff
1050.0,0.2916666666666667,0.894827483933962,3.997413741966981,0.029584803007708084,1.4807625823624992,3.849367932210956,5.7,49.19895777763334,13.919666488842669,S3_gaming,cutoff
1052.0,0.2922222222222222,0.8946218195882553,3.9973109097941277,0.02958630837122527,1.4808039941642037,3.8492602817381734,5.7,49.196370352301656,13.918838512736531,S3_gaming,cutoff
1054.0,0.2927777777777778,0.894416149491582,3.997208074745791,0.02958778070608367,1.4808453963869233,3.8491526621845127,5.7,49.19378374273667,13.918010797675734,S3_gaming,cutoff
1056.0,0.29333333333333333,0.8942104736452284,3.9971052368226143,0.029589221614080643,1.4808867896643845,3.849045071898137,5.7,49.19119790917563,13.917183330936203,S3_gaming,cutoff
1058.0,0.29388888888888887,0.8940047920503946,3.9970023960251972,0.02959063261949595,1.4809281745997187,3.848937509307135,5.7,49.18861281378105,13.916356100409935,S3_gaming,cutoff
1060.0,0.29444444444444445,0.8937991047081991,3.9968995523540993,0.029592015172843208,1.4809695517669224,3.8488299729156483,5.7,49.186028420547515,13.915529094575206,S3_gaming,cutoff
1062.0,0.295,0.8935934116196825,3.9967967058098415,0.029593370654439795,1.481010921712267,3.848722461300194,5.7,49.18344469521295,13.914702302468143,S3_gaming,cutoff
1064.0,0.29555555555555557,0.8933877127858114,3.9966938563929055,0.029594700377803977,1.4810522849556473,3.84861497310616,5.7,49.18086160517416,13.913875713655731,S3_gaming,cutoff
1066.0,0.2961111111111111,0.8931820082074821,3.996591004103741,0.02959600559288765,1.4810936419918512,3.848507507044474,5.7,49.17827911940664,13.913049318210124,S3_gaming,cutoff
1068.0,0.2966666666666667,0.8929762978855236,3.996488148942762,0.029597287489152607,1.4811349932917688,3.8484000618884315,5.7,49.17569720838799,13.912223106684158,S3_gaming,cutoff
1070.0,0.2972222222222222,0.8927705818207012,3.9963852909103506,0.029598547198497957,1.4811763393035609,3.848292636470675,5.7,49.173115844025254,13.911397070088082,S3_gaming,cutoff
1072.0,0.29777777777777775,0.8925648600137197,3.99628243000686,0.029599785798045845,1.4812176804537418,3.848185229680326,5.7,49.17053499958571,13.910571199867428,S3_gaming,cutoff
1074.0,0.29833333333333334,0.8923591324652258,3.996179566232613,0.029601004312792376,1.4812590171482425,3.848077840460249,5.7,49.16795464963097,13.909745487881912,S3_gaming,cutoff
1076.0,0.29888888888888887,0.8921533991758113,3.996076699587906,0.02960220371813023,1.4813003497733817,3.847970467804452,5.7,49.16537476995435,13.908919926385392,S3_gaming,cutoff
1078.0,0.29944444444444446,0.8919476601460156,3.995973830073008,0.029603384942249213,1.4813416786968459,3.847863110755612,5.7,49.16279533752117,13.908094508006775,S3_gaming,cutoff
1080.0,0.3,0.8917419153763283,3.9958709576881644,0.029604548868420618,1.4813830042685576,3.847755768402717,5.7,49.160216330412084,13.907269225731868,S3_gaming,cutoff
1082.0,0.3005555555555556,0.8915361648671917,3.995768082433596,0.029605696337171045,1.481424326821562,3.847648439878829,5.7,49.157637727769014,13.906444072886085,S3_gaming,cutoff
1084.0,0.3011111111111111,0.8913304086190028,3.9956652043095016,0.02960682814835101,1.481465646672822,3.847541124358947,5.7,49.15505950974382,13.905619043118023,S3_gaming,cutoff
1086.0,0.3016666666666667,0.8911246466321158,3.995562323316058,0.029607945063103446,1.481506964124002,3.847433821057981,5.7,49.152481657449314,13.904794130383781,S3_gaming,cutoff
1088.0,0.3022222222222222,0.8909188789068438,3.995459439453422,0.029609047805736942,1.4815482794622192,3.847326529228817,5.7,49.149904152912804,13.903969328932098,S3_gaming,cutoff
1090.0,0.30277777777777776,0.8907131054434614,3.9953565527217307,0.02961013706550833,1.4815895929607275,3.847219248160484,5.7,49.1473269790318,13.903144633290177,S3_gaming,cutoff
1092.0,0.30333333333333334,0.8905073262422056,3.995253663121103,0.029611213498318984,1.4816309048795966,3.8471119771763997,5.7,49.14475011953186,13.902320038250194,S3_gaming,cutoff
1094.0,0.3038888888888889,0.8903015413032787,3.995150770651639,0.029612277728329056,1.4816722154663564,3.8470047156327114,5.7,49.142173558926494,13.901495538856478,S3_gaming,cutoff
1096.0,0.30444444444444446,0.890095750626849,3.9950478753134244,0.029613330349493566,1.4817135249565905,3.8468974629167074,5.7,49.13959728247906,13.900671130393299,S3_gaming,cutoff
1098.0,0.305,0.8898899542130533,3.9949449771065266,0.029614371927024166,1.4817548335745223,3.846790218445313,5.7,49.13702127616637,13.899846808373239,S3_gaming,cutoff
1100.0,0.3055555555555556,0.8896841520619977,3.9948420760309986,0.029615402998780162,1.4817961415335617,3.846682981663655,5.7,49.13444552664423,13.899022568526155,S3_gaming,cutoff
1102.0,0.3061111111111111,0.8894783441737595,3.99473917208688,0.02961642407659221,1.4818374490368214,3.846575752043699,5.7,49.131870021214546,13.898198406788655,S3_gaming,cutoff
1104.0,0.30666666666666664,0.8892725305483885,3.9946362652741945,0.029617435647521964,1.4818787562776297,3.8464685290829452,5.7,49.12929474779396,13.897374319294068,S3_gaming,cutoff
1106.0,0.30722222222222223,0.8890667111859082,3.994533355592954,0.029618438175060748,1.481920063439987,3.8463613123032023,5.7,49.12671969488418,13.896550302362938,S3_gaming,cutoff
1108.0,0.30777777777777776,0.8888608860863173,3.9944304430431585,0.029619432100270224,1.4819613706990309,3.8462541012494005,5.7,49.124144851543655,13.89572635249397,S3_gaming,cutoff
1110.0,0.30833333333333335,0.8886550552495907,3.994327527624795,0.029620417842867876,1.4820026782214502,3.846146895488479,5.7,49.121570207360506,13.894902466355363,S3_gaming,cutoff
1112.0,0.3088888888888889,0.8884492186756806,3.99422460933784,0.02962139580225993,1.4820439861659096,3.8460396946083195,5.7,49.11899575242703,13.89407864077665,S3_gaming,cutoff
1114.0,0.30944444444444447,0.888243376364518,3.994121688182259,0.02962236635852432,1.4820852946834189,3.845932498216733,5.7,49.116421477315164,13.893254872740853,S3_gaming,cutoff
1116.0,0.31,0.8880375283160131,3.9940187641580067,0.029623329873346045,1.4821266039177243,3.845825305940494,5.7,49.113847373053325,13.892431159377065,S3_gaming,cutoff
1118.0,0.31055555555555553,0.8878316745300568,3.9939158372650283,0.029624286690907303,1.4821679140056387,3.8457181174244246,5.7,49.11127343110428,13.89160749795337,S3_gaming,cutoff
1120.0,0.3111111111111111,0.8876258150065215,3.9938129075032607,0.02962523713873451,1.4822092250773937,3.8456109323305196,5.7,49.10869964334415,13.890783885870128,S3_gaming,cutoff
1122.0,0.31166666666666665,0.8874199497452617,3.993709974872631,0.029626181528504346,1.4822505372569432,3.8455037503371177,5.7,49.10612600204238,13.889960320653563,S3_gaming,cutoff
1124.0,0.31222222222222223,0.8872140787461155,3.9936070393730576,0.029627120156810797,1.4822918506622844,3.845396571138106,5.7,49.103552499842635,13.889136799949643,S3_gaming,cutoff
1126.0,0.31277777777777777,0.8870082020089046,3.9935041010044525,0.029628053305895068,1.4823331654057248,3.8452893944421733,5.7,49.1009791297448,13.888313321518337,S3_gaming,cutoff
1128.0,0.31333333333333335,0.8868023195334358,3.993401159766718,0.02962898124434016,1.4823744815941757,3.8451822199720906,5.7,49.098405885087615,13.887489883228037,S3_gaming,cutoff
1130.0,0.3138888888888889,0.8865964313195013,3.9932982156597507,0.02962990422773187,1.4824157993294007,3.8450750474640305,5.7,49.09583275953235,13.886666483050353,S3_gaming,cutoff
1132.0,0.31444444444444447,0.8863905373668793,3.9931952686834395,0.029630822499287755,1.4824571187082718,3.844967876666916,5.7,49.09325974704713,13.885843119055082,S3_gaming,cutoff
1134.0,0.315,0.8861846376753353,3.9930923188376677,0.029631736290455696,1.4824984398230017,3.844860707341808,5.7,49.090686841892136,13.885019789405483,S3_gaming,cutoff
1136.0,0.31555555555555553,0.8859787322446219,3.992989366122311,0.029632645821483478,1.4825397627613728,3.8447535392613164,5.7,49.08811403860541,13.884196492353732,S3_gaming,cutoff
1138.0,0.3161111111111111,0.88577282107448,3.99288641053724,0.0296335513019608,1.482581087606946,3.8446463722090374,5.7,49.085541331989425,13.883373226236616,S3_gaming,cutoff
1140.0,0.31666666666666665,0.8855669041646391,3.9927834520823193,0.02963445293133508,1.482622414439272,3.8445392059790278,5.7,49.08296871709827,13.882549989471446,S3_gaming,cutoff
1142.0,0.31722222222222224,0.885360981514818,3.992680490757409,0.029635350899402266,1.4826637433340784,3.844432040375294,5.7,49.080396189225524,13.881726780552167,S3_gaming,cutoff
1144.0,0.31777777777777777,0.8851550531247252,3.9925775265623624,0.029636245386773903,1.4827050743634522,3.844324875211315,5.7,49.077823743892544,13.880903598045615,S3_gaming,cutoff
1146.0,0.31833333333333336,0.8849491189940595,3.9924745594970297,0.029637136565321624,1.4827464075960333,3.844217710309578,5.7,49.07525137683757,13.880080440588022,S3_gaming,cutoff
1148.0,0.3188888888888889,0.8847431791225102,3.9923715895612553,0.02963802459860009,1.482787743097158,3.8441105455011497,5.7,49.07267908400511,13.879257306881636,S3_gaming,cutoff
1150.0,0.3194444444444444,0.884537233509758,3.992268616754879,0.029638909642249484,1.482829080929035,3.8440033806252543,5.7,49.07010686153601,13.878434195691524,S3_gaming,cutoff
1152.0,0.32,0.8843312821554749,3.9921656410777375,0.029639791844378538,1.4828704211508836,3.8438962155288823,5.7,49.06753470575798,13.877611105842554,S3_gaming,cutoff
1154.0,0.32055555555555554,0.8841253250593251,3.9920626625296625,0.029640671345928987,1.4829117638190947,3.843789050066415,5.7,49.06496261317644,13.876788036216462,S3_gaming,cutoff
1156.0,0.3211111111111111,0.883919362220965,3.9919596811104823,0.02964154828102242,1.482953108987356,3.8436818840992673,5.7,49.062390580466044,13.875964985749135,S3_gaming,cutoff
1158.0,0.32166666666666666,0.8837133936400439,3.991856696820022,0.029642422777290334,1.4829944567067765,3.843574717495542,5.7,49.05981860446241,13.87514195342797,S3_gaming,cutoff
1160.0,0.32222222222222224,0.8835074193162039,3.991753709658102,0.02964329495618821,1.483035807026034,3.843467550129714,5.7,49.05724668215429,13.874318938289374,S3_gaming,cutoff
1162.0,0.3227777777777778,0.8833014392490808,3.9916507196245403,0.029644164933294394,1.4830771599914665,3.843360381882316,5.7,49.05467481067624,13.873495939416397,S3_gaming,cutoff
1164.0,0.3233333333333333,0.8830954534383039,3.991547726719152,0.029645032818594513,1.4831185156472027,3.8432532126396497,5.7,49.052102987301545,13.872672955936496,S3_gaming,cutoff
1166.0,0.3238888888888889,0.8828894618834967,3.9914447309417485,0.029645898716752134,1.4831598740352585,3.843146042293501,5.7,49.04953120943545,13.871849987019345,S3_gaming,cutoff
1168.0,0.3244444444444444,0.8826834645842768,3.9913417322921383,0.029646762727366306,1.4832012351956525,3.8430388707408802,5.7,49.04695947460881,13.87102703187482,S3_gaming,cutoff
1170.0,0.325,0.8824774615402566,3.9912387307701285,0.029647624945216663,1.4832425991664844,3.8429316978837673,5.7,49.04438778047203,13.870204089751049,S3_gaming,cutoff
1172.0,0.32555555555555554,0.8822714527510432,3.9911357263755214,0.02964848546049665,1.4832839659840447,3.8428245236288694,5.7,49.04181612478917,13.869381159932535,S3_gaming,cutoff
1174.0,0.32611111111111113,0.8820654382162388,3.9910327191081194,0.02964934435903546,1.483325335682889,3.842717347887396,5.7,49.03924450543263,13.868558241738441,S3_gaming,cutoff
1176.0,0.32666666666666666,0.8818594179354409,3.9909297089677205,0.02965020172250924,1.48336670829593,3.8426101705748366,5.7,49.0366729203777,13.867735334520864,S3_gaming,cutoff
1178.0,0.32722222222222225,0.8816533919082424,3.990826695954121,0.029651057628642074,1.4834080838545176,3.8425029916107567,5.7,49.03410136769771,13.866912437663267,S3_gaming,cutoff
1180.0,0.3277777777777778,0.8814473601342324,3.9907236800671164,0.02965191215139723,1.4834494623885057,3.842395810918601,5.7,49.03152984555925,13.86608955057896,S3_gaming,cutoff
1182.0,0.3283333333333333,0.8812413226129955,3.990620661306498,0.029652765361159173,1.4834908439263328,3.8422886284255013,5.7,49.02895835221763,13.865266672709643,S3_gaming,cutoff
1184.0,0.3288888888888889,0.8810352793441125,3.9905176396720563,0.02965361732490674,1.483532228495088,3.8421814440621045,5.7,49.026386886012624,13.86444380352404,S3_gaming,cutoff
1186.0,0.32944444444444443,0.8808292303271609,3.9904146151635804,0.029654468106377962,1.4835736161205786,3.842074257762397,5.7,49.02381544536435,13.863620942516592,S3_gaming,cutoff
1188.0,0.33,0.8806231755617142,3.990311587780857,0.02965531776622689,1.4836150068273823,3.8419670694635455,5.7,49.02124402876938,13.862798089206201,S3_gaming,cutoff
1190.0,0.33055555555555555,0.8804171150473429,3.9902085575236717,0.02965616636217285,1.483656400638922,3.841859879105743,5.7,49.01867263479708,13.861975243135065,S3_gaming,cutoff
1192.0,0.33111111111111113,0.8802110487836141,3.990105524391807,0.029657013949142445,1.4836977975775072,3.8417526866320615,5.7,49.016101262086,13.861152403867521,S3_gaming,cutoff
1194.0,0.33166666666666667,0.8800049767700922,3.9900024883850462,0.02965786057940473,1.483739197664402,3.841645491988315,5.7,49.01352990934063,13.860329570989004,S3_gaming,cutoff
1196.0,0.3322222222222222,0.8797988990063383,3.989899449503169,0.029658706302699806,1.483780600919854,3.8415382951229238,5.7,49.01095857532815,13.859506744105007,S3_gaming,cutoff
1198.0,0.3327777777777778,0.8795928154919113,3.989796407745956,0.0296595511663612,1.4838220073631752,3.8414310959867906,5.7,49.00838725887535,13.858683922840113,S3_gaming,cutoff
1200.0,0.3333333333333333,0.8793867262263668,3.9896933631131835,0.029660395215432334,1.4838634170127512,3.841323894533178,5.7,49.00581595886585,13.857861106837072,S3_gaming,cutoff
1202.0,0.3338888888888889,0.8791806312092585,3.9895903156046293,0.02966123849277736,1.483904829886115,3.8412166907175966,5.7,49.00324467423726,13.857038295755922,S3_gaming,cutoff
1204.0,0.33444444444444443,0.8789745304401373,3.9894872652200686,0.0296620810391866,1.4839462459999786,3.8411094844976956,5.7,49.00067340397861,13.856215489273156,S3_gaming,cutoff
1206.0,0.335,0.8787684239185521,3.989384211959276,0.02966292289347692,1.4839876653702648,3.8410022758331595,5.7,48.99810214712786,13.855392687080915,S3_gaming,cutoff
1208.0,0.33555555555555555,0.8785623116440496,3.9892811558220247,0.029663764092587235,1.4840290880121536,3.840895064685608,5.7,48.99553090276948,13.854569888886234,S3_gaming,cutoff
1210.0,0.33611111111111114,0.8783561936161743,3.989178096808087,0.029664604671669384,1.4840705139401167,3.840787851018505,5.7,48.99295967003228,13.853747094410329,S3_gaming,cutoff
1212.0,0.33666666666666667,0.878150069834469,3.9890750349172346,0.029665444664174607,1.484111943167954,3.840680634797066,5.7,48.99038844808721,13.852924303387907,S3_gaming,cutoff
1214.0,0.3372222222222222,0.8779439402984743,3.988971970149237,0.029666284101935853,1.4841533757088188,3.8405734159881773,5.7,48.98781723614528,13.852101515566492,S3_gaming,cutoff
1216.0,0.3377777777777778,0.8777378050077292,3.9888689025038646,0.02966712301524609,1.4841948115752623,3.840466194560311,5.7,48.985246033455766,13.851278730705845,S3_gaming,cutoff
1218.0,0.3383333333333333,0.8775316639617711,3.9887658319808854,0.029667961432932828,1.4842362507792417,3.8403589704834524,5.7,48.98267483930417,13.850455948577334,S3_gaming,cutoff
1220.0,0.3388888888888889,0.8773255171601355,3.988662758580068,0.029668799382429036,1.4842776933321726,3.8402517437290244,5.7,48.9801036530106,13.849633168963393,S3_gaming,cutoff
1222.0,0.33944444444444444,0.8771193646023566,3.988559682301178,0.029669636889840634,1.4843191392449384,3.840144514269816,5.7,48.97753247392807,13.848810391656983,S3_gaming,cutoff
1224.0,0.34,0.876913206287967,3.9884566031439834,0.029670473980010707,1.4843605885279192,3.8400372820799213,5.7,48.97496130144084,13.84798761646107,S3_gaming,cutoff
1226.0,0.34055555555555556,0.8767070422164979,3.988353521108249,0.02967131067658062,1.4844020411910241,3.839930047134671,5.7,48.97239013496301,13.847164843188162,S3_gaming,cutoff
1228.0,0.3411111111111111,0.8765008723874792,3.9882504361937396,0.02967214700204818,1.4844434972437064,3.839822809410578,5.7,48.96981897393694,13.846342071659821,S3_gaming,cutoff
1230.0,0.3416666666666667,0.8762946968004395,3.98814734840022,0.029672982977822962,1.4844849566949896,3.8397155688852744,5.7,48.967247817832025,13.845519301706249,S3_gaming,cutoff
1232.0,0.3422222222222222,0.8760885154549062,3.988044257727453,0.02967381862427898,1.4845264195534806,3.8396083255374616,5.7,48.964676666143305,13.844696533165857,S3_gaming,cutoff
1234.0,0.3427777777777778,0.8758823283504055,3.9879411641752025,0.02967465396080481,1.4845678858274036,3.8395010793468565,5.7,48.96210551839021,13.843873765884869,S3_gaming,cutoff
1236.0,0.3433333333333333,0.8756761354864624,3.987838067743231,0.029675489005851256,1.484609355524602,3.8393938302941435,5.7,48.95953437411546,13.843050999716946,S3_gaming,cutoff
1238.0,0.3438888888888889,0.875469936862601,3.9877349684313006,0.02967632377697675,1.4846508286525673,3.8392865783609267,5.7,48.95696323288382,13.842228234522825,S3_gaming,cutoff
1240.0,0.34444444444444444,0.8752637324783442,3.9876318662391723,0.029677158290890536,1.4846923052184602,3.839179323529686,5.7,48.954392094281154,13.841405470169969,S3_gaming,cutoff
1242.0,0.345,0.8750575223332141,3.9875287611666073,0.029677992563493755,1.4847337852291143,3.839072065783735,5.7,48.951820957913306,13.840582706532258,S3_gaming,cutoff
1244.0,0.34555555555555556,0.8748513064267318,3.987425653213366,0.029678826609918555,1.4847752686910602,3.8389648051071794,5.7,48.94924982340519,13.83975994348966,S3_gaming,cutoff
1246.0,0.3461111111111111,0.8746450847584176,3.987322542379209,0.029679660444565308,1.4848167556105407,3.83885754148488,5.7,48.94667869039984,13.83893718092795,S3_gaming,cutoff
1248.0,0.3466666666666667,0.8744388573277908,3.9872194286638956,0.029680494081138025,1.4848582459935145,3.8387502749024156,5.7,48.94410755855758,13.838114418738426,S3_gaming,cutoff
1250.0,0.3472222222222222,0.87423262413437,3.987116312067185,0.029681327532678048,1.4848997398456854,3.8386430053460483,5.7,48.94153642755511,13.837291656817634,S3_gaming,cutoff
1252.0,0.3477777777777778,0.8740263851776728,3.9870131925888366,0.02968216081159612,1.4849412371725017,3.8385357328026903,5.7,48.93896529708474,13.836468895067117,S3_gaming,cutoff
1254.0,0.34833333333333333,0.8738201404572165,3.986910070228608,0.029682993929702903,1.4849827379791791,3.838428457259873,5.7,48.936394166853695,13.835646133393183,S3_gaming,cutoff
1256.0,0.3488888888888889,0.8736138899725172,3.9868069449862586,0.029683826898238022,1.4850242422706994,3.838321178705715,5.7,48.9338230365833,13.834823371706657,S3_gaming,cutoff
1258.0,0.34944444444444445,0.8734076337230908,3.9867038168615454,0.029684659727897692,1.4850657500518338,3.838213897128899,5.7,48.931251906008384,13.834000609922684,S3_gaming,cutoff
1260.0,0.35,0.8732013717084522,3.986600685854226,0.02968549242886102,1.485107261327148,3.8381066125186356,5.7,48.92868077487654,13.833177847960494,S3_gaming,cutoff
1262.0,0.35055555555555556,0.8729951039281159,3.986497551964058,0.029686325010815025,1.4851487761010111,3.8379993248646467,5.7,48.92610964294759,13.832355085743227,S3_gaming,cutoff
1264.0,0.3511111111111111,0.8727888303815954,3.9863944151907975,0.029687157482978455,1.485190294377603,3.8378920341571363,5.7,48.92353850999291,13.831532323197731,S3_gaming,cutoff
1266.0,0.3516666666666667,0.8725825510684041,3.986291275534202,0.02968798985412445,1.4852318161609313,3.837784740386766,5.7,48.92096737579496,13.830709560254387,S3_gaming,cutoff
1268.0,0.3522222222222222,0.8723762659880547,3.986188132994027,0.029688822132602096,1.4852733414548374,3.8376774435446377,5.7,48.91839624014666,13.829886796846932,S3_gaming,cutoff
1270.0,0.3527777777777778,0.8721699751400595,3.9860849875700297,0.02968965432635696,1.4853148702629964,3.8375701436222673,5.7,48.915825102850974,13.829064032912312,S3_gaming,cutoff
1272.0,0.35333333333333333,0.8719636785239299,3.985981839261965,0.029690486442950612,1.4853564025889332,3.8374628406115674,5.7,48.91325396372033,13.828241268390506,S3_gaming,cutoff
1274.0,0.35388888888888886,0.8717573761391773,3.9858786880695884,0.0296913184895792,1.4853979384360283,3.837355534504826,5.7,48.91068282257622,13.827418503224392,S3_gaming,cutoff
1276.0,0.35444444444444445,0.8715510679853122,3.985775533992656,0.02969215047309115,1.4854394778075235,3.837248225294692,5.7,48.908111679248776,13.82659573735961,S3_gaming,cutoff
1278.0,0.355,0.8713447540618452,3.9856723770309226,0.029692982400003974,1.4854810207065332,3.8371409129741534,5.7,48.90554053357628,13.82577297074441,S3_gaming,cutoff
1280.0,0.35555555555555557,0.8711384343682859,3.985569217184143,0.029693814276520295,1.4855225671360355,3.837033597536524,5.7,48.90296938540483,13.824950203329546,S3_gaming,cutoff
1282.0,0.3561111111111111,0.8709321089041437,3.985466054452072,0.02969464610854309,1.4855641170989058,3.8369262789754264,5.7,48.900398234587946,13.824127435068144,S3_gaming,cutoff
1284.0,0.3566666666666667,0.870725777668928,3.985362888834464,0.029695477901690175,1.485605670597892,3.836818957284777,5.7,48.89782708098624,13.823304665915597,S3_gaming,cutoff
1286.0,0.3572222222222222,0.8705194406621471,3.9852597203310736,0.029696309661308023,1.4856472276356392,3.8367116324587727,5.7,48.89525592446696,13.822481895829428,S3_gaming,cutoff
1288.0,0.35777777777777775,0.8703130978833097,3.9851565489416547,0.029697141392484885,1.4856887882146952,3.8366043044918747,5.7,48.89268476490384,13.82165912476923,S3_gaming,cutoff
1290.0,0.35833333333333334,0.8701067493319234,3.9850533746659615,0.029697973100063283,1.4857303523375054,3.8364969733787992,5.7,48.89011360217665,13.820836352696528,S3_gaming,cutoff
1292.0,0.35888888888888887,0.8699003950074962,3.984950197503748,0.02969880478865191,1.485771920006418,3.8363896391145045,5.7,48.88754243617096,13.820013579574708,S3_gaming,cutoff
1294.0,0.35944444444444446,0.8696940349095351,3.9848470174547677,0.029699636462636937,1.4858134912237002,3.8362823016941756,5.7,48.884971266777846,13.819190805368912,S3_gaming,cutoff
1296.0,0.36,0.8694876690375474,3.9847438345187736,0.029700468126192793,1.4858550659915315,3.836174961113217,5.7,48.882400093893615,13.818368030045956,S3_gaming,cutoff
1298.0,0.3605555555555556,0.8692812973910397,3.9846406486955197,0.029701299783292397,1.4858966443120125,3.8360676173672426,5.7,48.879828917419594,13.817545253574272,S3_gaming,cutoff
1300.0,0.3611111111111111,0.8690749199695184,3.984537459984759,0.02970213143771692,1.4859382261871694,3.8359602704520617,5.7,48.87725773726185,13.816722475923791,S3_gaming,cutoff
1302.0,0.3616666666666667,0.8688685367724897,3.984434268386245,0.02970296309306507,1.4859798116189509,3.835852920363672,5.7,48.87468655333093,13.815899697065898,S3_gaming,cutoff
1304.0,0.3622222222222222,0.8686621477994595,3.98433107389973,0.0297037947527619,1.4860214006092414,3.835745567098252,5.7,48.872115365541724,13.815076916973352,S3_gaming,cutoff
1306.0,0.36277777777777775,0.8684557530499334,3.9842278765249666,0.029704626420067232,1.486062993159859,3.8356382106521485,5.7,48.869544173813175,13.814254135620217,S3_gaming,cutoff
1308.0,0.36333333333333334,0.8682493525234168,3.9841246762617084,0.02970545809808365,1.4861045892725548,3.8355308510218715,5.7,48.86697297806816,13.813431352981812,S3_gaming,cutoff
1310.0,0.3638888888888889,0.8680429462194149,3.9840214731097072,0.029706289789764095,1.486146188949028,3.835423488204085,5.7,48.86440177823324,13.812608569034635,S3_gaming,cutoff
1312.0,0.36444444444444446,0.8678365341374326,3.983918267068716,0.02970712149791913,1.4861877921909183,3.8353161221956,5.7,48.86183057423848,13.811785783756315,S3_gaming,cutoff
1314.0,0.365,0.8676301162769745,3.9838150581384872,0.029707953225223804,1.4862293989998054,3.8352087529933674,5.7,48.85925936601734,13.81096299712555,S3_gaming,cutoff
1316.0,0.3655555555555556,0.8674236926375452,3.9837118463187724,0.02970878497422423,1.4862710093772296,3.835101380594469,5.7,48.85668815350643,13.810140209122059,S3_gaming,cutoff
1318.0,0.3661111111111111,0.8672172632186489,3.983608631609324,0.02970961674734382,1.4863126233246704,3.8349940049961164,5.7,48.85411693664543,13.80931741972654,S3_gaming,cutoff
1320.0,0.36666666666666664,0.8670108280197897,3.983505414009895,0.029710448546889215,1.4863542408435682,3.83488662619564,5.7,48.85154571537691,13.808494628920611,S3_gaming,cutoff
1322.0,0.3672222222222222,0.8668043870404714,3.9834021935202357,0.029711280375055944,1.486395861935319,3.8347792441904835,5.7,48.848974489646146,13.807671836686767,S3_gaming,cutoff
1324.0,0.36777777777777776,0.8665979402801977,3.983298970140099,0.0297121122339338,1.4864374866012775,3.8346718589782016,5.7,48.84640325940108,13.806849043008345,S3_gaming,cutoff
1326.0,0.36833333333333335,0.8663914877384721,3.983195743869236,0.029712944125511946,1.4864791148427507,3.8345644705564514,5.7,48.8438320245921,13.806026247869474,S3_gaming,cutoff
1328.0,0.3688888888888889,0.8661850294147979,3.983092514707399,0.029713776051683807,1.4865207466610186,3.834457078922989,5.7,48.84126078517204,13.805203451255053,S3_gaming,cutoff
1330.0,0.36944444444444446,0.8659785653086783,3.982989282654339,0.029714608014251683,1.486562382057316,3.8343496840756655,5.7,48.8386895410959,13.80438065315069,S3_gaming,cutoff
1332.0,0.37,0.8657720954196163,3.9828860477098083,0.029715440014931167,1.4866040210328502,3.83424228601242,5.7,48.83611829232089,13.803557853542685,S3_gaming,cutoff
1334.0,0.3705555555555556,0.8655656197471145,3.9827828098735574,0.02971627205535534,1.4866456635887897,3.834134884731277,5.7,48.83354703880621,13.802735052417988,S3_gaming,cutoff
1336.0,0.3711111111111111,0.8653591382906758,3.982679569145338,0.029717104137078766,1.4866873097262812,3.8340274802303416,5.7,48.83097578051304,13.801912249764174,S3_gaming,cutoff
1338.0,0.37166666666666665,0.8651526510498024,3.982576325524901,0.029717936261581285,1.4867289594464261,3.833920072507797,5.7,48.828404517404394,13.801089445569406,S3_gaming,cutoff
1340.0,0.37222222222222223,0.8649461580239969,3.9824730790119984,0.029718768430271637,1.4867706127503126,3.8338126615618995,5.7,48.82583324944507,13.800266639822421,S3_gaming,cutoff
1342.0,0.37277777777777776,0.8647396592127613,3.9823698296063808,0.0297196006444909,1.4868122696389956,3.833705247390973,5.7,48.82326197660149,13.799443832512479,S3_gaming,cutoff
1344.0,0.37333333333333335,0.8645331546155978,3.982266577307799,0.02972043290551576,1.4868539301135046,3.8335978299934115,5.7,48.82069069884173,13.798621023629355,S3_gaming,cutoff
1346.0,0.3738888888888889,0.8643266442320081,3.982163322116004,0.02972126521456164,1.4868955941748474,3.8334904093676685,5.7,48.818119416135325,13.797798213163304,S3_gaming,cutoff
1348.0,0.37444444444444447,0.8641201280614942,3.982060064030747,0.029722097572785645,1.4869372618240033,3.83338298551226,5.7,48.8155481284533,13.796975401105056,S3_gaming,cutoff
1350.0,0.375,0.8639136061035575,3.9819568030517787,0.0297229299812894,1.4869789330619358,3.8332755584257594,5.7,48.812976835768,13.79615258744576,S3_gaming,cutoff
1352.0,0.37555555555555553,0.8637070783576997,3.9818535391788497,0.02972376244112173,1.4870206078895831,3.83316812810679,5.7,48.81040553805314,13.795329772177006,S3_gaming,cutoff
1354.0,0.3761111111111111,0.863500544823422,3.981750272411711,0.029724594953281214,1.487062286307869,3.833060694554033,5.7,48.80783423528362,13.79450695529076,S3_gaming,cutoff
1356.0,0.37666666666666665,0.8632940055002256,3.9816470027501127,0.02972542751871862,1.4871039683176879,3.832953257766216,5.7,48.80526292743557,13.793684136779383,S3_gaming,cutoff
1358.0,0.37722222222222224,0.8630874603876119,3.981543730193806,0.029726260138339212,1.4871456539199273,3.8328458177421143,5.7,48.80269161448623,13.792861316635593,S3_gaming,cutoff
1360.0,0.37777777777777777,0.8628809094850816,3.9814404547425406,0.029727092813004966,1.4871873431154536,3.8327383744805448,5.7,48.80012029641385,13.792038494852433,S3_gaming,cutoff
1362.0,0.37833333333333335,0.8626743527921357,3.981337176396068,0.02972792554353664,1.4872290359051132,3.8326309279803703,5.7,48.79754897319782,13.791215671423302,S3_gaming,cutoff
1364.0,0.3788888888888889,0.8624677903082748,3.9812338951541375,0.0297287583307158,1.4872707322897443,3.832523478240494,5.7,48.794977644818395,13.790392846341888,S3_gaming,cutoff
1366.0,0.3794444444444444,0.8622612220329998,3.9811306110165,0.02972959117528669,1.4873124322701603,3.8324160252598554,5.7,48.79240631125681,13.78957001960218,S3_gaming,cutoff
1368.0,0.38,0.8620546479658111,3.9810273239829055,0.029730424077958055,1.4873541358471714,3.8323085690374317,5.7,48.78983497249516,13.78874719119845,S3_gaming,cutoff
1370.0,0.38055555555555554,0.8618480681062091,3.9809240340531047,0.029731257039404848,1.4873958430215688,3.8322011095722353,5.7,48.78726362851635,13.787924361125233,S3_gaming,cutoff
1372.0,0.3811111111111111,0.8616414824536941,3.980820741226847,0.029732090060269875,1.4874375537941324,3.8320936468633104,5.7,48.784692279304124,13.78710152937732,S3_gaming,cutoff
1374.0,0.38166666666666665,0.8614348910077664,3.980717445503883,0.029732923141165345,1.4874792681656228,3.831986180909735,5.7,48.78212092484297,13.786278695949752,S3_gaming,cutoff
1376.0,0.38222222222222224,0.861228293767926,3.980614146883963,0.029733756282674346,1.4875209861368033,3.8318787117106132,5.7,48.77954956511809,13.78545586083779,S3_gaming,cutoff
1378.0,0.3827777777777778,0.8610216907336729,3.9805108453668363,0.029734589485352268,1.4875627077084175,3.8317712392650827,5.7,48.77697820011536,13.784633024036916,S3_gaming,cutoff
1380.0,0.38333333333333336,0.860815081904507,3.9804075409522532,0.02973542274972813,1.4876044328811955,3.831663763572304,5.7,48.77440682982133,13.783810185542826,S3_gaming,cutoff
1382.0,0.3838888888888889,0.860608467279928,3.980304233639964,0.02973625607630587,1.4876461616558672,3.831556284631465,5.7,48.771835454223165,13.782987345351414,S3_gaming,cutoff
1384.0,0.3844444444444444,0.8604018468594358,3.980200923429718,0.029737089465565542,1.4876878940331433,3.831448802441779,5.7,48.76926407330859,13.78216450345875,S3_gaming,cutoff
1386.0,0.385,0.8601952206425297,3.980097610321265,0.029737922917964482,1.4877296300137288,3.8313413170024826,5.7,48.766692687065934,13.7813416598611,S3_gaming,cutoff
1388.0,0.38555555555555554,0.8599885886287095,3.9799942943143547,0.029738756433938404,1.4877713695983257,3.8312338283128327,5.7,48.76412129548406,13.780518814554899,S3_gaming,cutoff
1390.0,0.3861111111111111,0.8597819508174744,3.979890975408737,0.029739590013902455,1.4878131127876197,3.831126336372109,5.7,48.76154989855229,13.779695967536732,S3_gaming,cutoff
1392.0,0.38666666666666666,0.8595753072083239,3.979787653604162,0.0297404236582522,1.4878548595822965,3.831018841179612,5.7,48.75897849626048,13.778873118803354,S3_gaming,cutoff
1394.0,0.38722222222222225,0.8593686578007569,3.9796843289003783,0.029741257367364573,1.4878966099830275,3.830911342734659,5.7,48.75640708859893,13.778050268351658,S3_gaming,cutoff
1396.0,0.3877777777777778,0.8591620025942727,3.979581001297136,0.029742091141598776,1.487938363990482,3.830803841036588,5.7,48.753835675558385,13.777227416178683,S3_gaming,cutoff
1398.0,0.3883333333333333,0.8589553415883703,3.9794776707941852,0.029742924981297148,1.4879801216053172,3.830696336084753,5.7,48.751264257129996,13.7764045622816,S3_gaming,cutoff
1400.0,0.3888888888888889,0.8587486747825486,3.9793743373912744,0.02974375888678597,1.4880218828281915,3.830588827878525,5.7,48.748692833305306,13.775581706657698,S3_gaming,cutoff
1402.0,0.3894444444444444,0.8585420021763065,3.9792710010881533,0.029744592858376242,1.4880636476597513,3.8304813164172904,5.7,48.74612140407626,13.774758849304405,S3_gaming,cutoff
1404.0,0.39,0.8583353237691427,3.9791676618845715,0.029745426896364432,1.4881054161006406,3.8303738017004503,5.7,48.743549969435136,13.773935990219243,S3_gaming,cutoff
1406.0,0.39055555555555554,0.8581286395605559,3.979064319780278,0.02974626100103317,1.4881471881514952,3.830266283727421,5.7,48.74097852937457,13.773113129399864,S3_gaming,cutoff
1408.0,0.39111111111111113,0.8579219495500445,3.9789609747750223,0.029747095172651918,1.4881889638129502,3.8301587624976317,5.7,48.738407083887516,13.772290266844006,S3_gaming,cutoff
1410.0,0.39166666666666666,0.8577152537371072,3.9788576268685536,0.029747929411477615,1.4882307430856305,3.830051238010524,5.7,48.735835632967245,13.771467402549519,S3_gaming,cutoff
1412.0,0.39222222222222225,0.8575085521212423,3.978754276060621,0.02974876371775528,1.4882725259701606,3.8299437102655527,5.7,48.73326417660731,13.770644536514338,S3_gaming,cutoff
1414.0,0.3927777777777778,0.8573018447019483,3.9786509223509743,0.029749598091718583,1.4883143124671594,3.829836179262183,5.7,48.73069271480157,13.769821668736503,S3_gaming,cutoff
1416.0,0.3933333333333333,0.8570951314787231,3.9785475657393614,0.0297504325335904,1.4883561025772374,3.8297286449998937,5.7,48.72812124754412,13.768998799214117,S3_gaming,cutoff
1418.0,0.3938888888888889,0.8568884124510651,3.9784442062255323,0.029751267043583343,1.4883978963010107,3.8296211074781707,5.7,48.725549774829304,13.768175927945379,S3_gaming,cutoff
1420.0,0.39444444444444443,0.8566816876184722,3.978340843809236,0.029752101621900236,1.4884396936390791,3.8295135666965123,5.7,48.72297829665176,13.767353054928565,S3_gaming,cutoff
1422.0,0.395,0.8564749569804424,3.9782374784902212,0.0297529362687346,1.4884814945920477,3.8294060226544264,5.7,48.72040681300631,13.766530180162022,S3_gaming,cutoff
1424.0,0.39555555555555555,0.8562682205364737,3.978134110268237,0.02975377098427112,1.4885232991605184,3.829298475351429,5.7,48.71783532388802,13.765707303644167,S3_gaming,cutoff
1426.0,0.39611111111111114,0.8560614782860637,3.9780307391430316,0.029754605768686035,1.4885651073450856,3.8291909247870444,5.7,48.715263829292105,13.764884425373474,S3_gaming,cutoff
1428.0,0.39666666666666667,0.8558547302287104,3.977927365114355,0.029755440622147588,1.488606919146343,3.8290833709608063,5.7,48.712692329214065,13.764061545348502,S3_gaming,cutoff
1430.0,0.3972222222222222,0.8556479763639112,3.9778239881819557,0.029756275544816385,1.4886487345648791,3.828975813872256,5.7,48.71012082364955,13.763238663567854,S3_gaming,cutoff
1432.0,0.3977777777777778,0.8554412166911638,3.977720608345582,0.02975711053684577,1.4886905536012796,3.828868253520941,5.7,48.707549312594345,13.76241578003019,S3_gaming,cutoff
1434.0,0.3983333333333333,0.8552344512099656,3.9776172256049827,0.029757945598382185,1.4887323762561326,3.8287606899064177,5.7,48.70497779604448,13.761592894734234,S3_gaming,cutoff
1436.0,0.3988888888888889,0.855027679919814,3.977513839959907,0.0297587807295655,1.4887742025300215,3.8286531230282486,5.7,48.70240627399611,13.760770007678756,S3_gaming,cutoff
1438.0,0.39944444444444444,0.8548209028202063,3.977410451410103,0.029759615930529327,1.4888160324235233,3.8285455528860015,5.7,48.69983474644555,13.759947118862577,S3_gaming,cutoff
1440.0,0.4,0.8546141199106398,3.97730705995532,0.029760451201401326,1.4888578659372154,3.8284379794792516,5.7,48.69726321338926,13.759124228284564,S3_gaming,cutoff
1442.0,0.40055555555555555,0.8544073311906117,3.977203665595306,0.029761286542303495,1.4888997030716722,3.828330402807579,5.7,48.69469167482384,13.758301335943628,S3_gaming,cutoff
1444.0,0.4011111111111111,0.854200536659619,3.9771002683298096,0.02976212195335244,1.4889415438274711,3.8282228228705706,5.7,48.692120130746005,13.757478441838723,S3_gaming,cutoff
1446.0,0.40166666666666667,0.8539937363171587,3.9769968681585794,0.029762957434659645,1.4889833882051784,3.828115239667817,5.7,48.68954858115265,13.756655545968849,S3_gaming,cutoff
1448.0,0.4022222222222222,0.8537869301627277,3.9768934650813637,0.0297637929863317,1.4890252362053658,3.828007653198915,5.7,48.686977026040736,13.755832648333035,S3_gaming,cutoff
1450.0,0.4027777777777778,0.8535801181958228,3.9767900590979113,0.029764628608470563,1.489067087828602,3.8279000634634657,5.7,48.68440546540735,13.755009748930354,S3_gaming,cutoff
1452.0,0.4033333333333333,0.8533733004159408,3.9766866502079705,0.02976546430117377,1.4891089430754538,3.8277924704610733,5.7,48.68183389924973,13.754186847759915,S3_gaming,cutoff
1454.0,0.4038888888888889,0.8531664768225785,3.976583238411289,0.029766300064534644,1.4891508019464816,3.8276848741913496,5.7,48.679262327565155,13.75336394482085,S3_gaming,cutoff
1456.0,0.40444444444444444,0.8529596474152323,3.976479823707616,0.029767135898642518,1.4891926644422515,3.827577274653907,5.7,48.676690750351035,13.752541040112332,S3_gaming,cutoff
1458.0,0.405,0.8527528121933989,3.9763764060966995,0.02976797180358291,1.489234530563327,3.8274696718483643,5.7,48.674119167604886,13.751718133633565,S3_gaming,cutoff
1460.0,0.40555555555555556,0.8525459711565747,3.9762729855782872,0.029768807779437717,1.4892764003102632,3.827362065774343,5.7,48.67154757932428,13.750895225383772,S3_gaming,cutoff
1462.0,0.4061111111111111,0.852339124304256,3.976169562152128,0.029769643826285382,1.4893182736836235,3.8272544564314672,5.7,48.668975985506925,13.750072315362216,S3_gaming,cutoff
1464.0,0.4066666666666667,0.8521322716359391,3.9760661358179696,0.029770479944201074,1.489360150683963,3.8271468438193668,5.7,48.66640438615056,13.749249403568179,S3_gaming,cutoff
1466.0,0.4072222222222222,0.8519254131511202,3.9759627065755603,0.029771316133256835,1.4894020313118428,3.827039227937671,5.7,48.663832781253,13.748426490000961,S3_gaming,cutoff
1468.0,0.4077777777777778,0.8517185488492957,3.9758592744246477,0.02977215239352174,1.4894439155678119,3.826931608786017,5.7,48.66126117081217,13.747603574659895,S3_gaming,cutoff
1470.0,0.4083333333333333,0.8515116787299613,3.9757558393649806,0.02977298872506203,1.4894858034524283,3.82682398636404,5.7,48.65868955482605,13.746780657544337,S3_gaming,cutoff
1472.0,0.4088888888888889,0.8513048027926131,3.9756524013963066,0.02977382512794127,1.4895276949662473,3.8267163606713814,5.7,48.6561179332927,13.745957738653663,S3_gaming,cutoff
1474.0,0.40944444444444444,0.8510979210367471,3.9755489605183736,0.029774661602220445,1.489569590109821,3.826608731707684,5.7,48.65354630621019,13.74513481798726,S3_gaming,cutoff
1476.0,0.41,0.850891033461859,3.9754455167309297,0.029775498147958115,1.4896114888836964,3.8265010994725923,5.7,48.650974673576705,13.744311895544547,S3_gaming,cutoff
1478.0,0.41055555555555556,0.8506841400674446,3.9753420700337223,0.029776334765210525,1.4896533912884313,3.826393463965754,5.7,48.648403035390466,13.74348897132495,S3_gaming,cutoff
1480.0,0.4111111111111111,0.8504772408529997,3.9752386204265,0.029777171454031706,1.4896952973245725,3.8262858251868197,5.7,48.64583139164978,13.74266604532793,S3_gaming,cutoff
1482.0,0.4116666666666667,0.8502703358180197,3.9751351679090097,0.029778008214473597,1.4897372069926667,3.8261781831354402,5.7,48.64325974235293,13.74184311755294,S3_gaming,cutoff
1484.0,0.4122222222222222,0.8500634249620003,3.975031712481,0.029778845046586132,1.489779120293269,3.82607053781127,5.7,48.640688087498326,13.741020187999464,S3_gaming,cutoff
1486.0,0.4127777777777778,0.8498565082844367,3.974928254142218,0.029779681950417355,1.4898210372269238,3.825962889213965,5.7,48.638116427084384,13.740197256667004,S3_gaming,cutoff
1488.0,0.41333333333333333,0.8496495857848245,3.974824792892412,0.02978051892601349,1.4898629577941802,3.8258552373431827,5.7,48.63554476110959,13.73937432355507,S3_gaming,cutoff
1490.0,0.41388888888888886,0.849442657462659,3.9747213287313294,0.029781355973419053,1.4899048819955851,3.825747582198582,5.7,48.632973089572445,13.738551388663183,S3_gaming,cutoff
1492.0,0.41444444444444445,0.8492357233174354,3.9746178616587176,0.02978219309267691,1.4899468098316826,3.8256399237798244,5.7,48.6304014124715,13.73772845199088,S3_gaming,cutoff
1494.0,0.415,0.8490287833486486,3.974514391674324,0.029783030283828376,1.4899887413030222,3.825532262086573,5.7,48.627829729805356,13.736905513537714,S3_gaming,cutoff
1496.0,0.41555555555555557,0.848821837555794,3.974410918777897,0.02978386754691328,1.490030676410145,3.825424597118491,5.7,48.62525804157265,13.736082573303248,S3_gaming,cutoff
1498.0,0.4161111111111111,0.8486148859383664,3.974307442969183,0.029784704881970044,1.4900726151536008,3.8253169288752438,5.7,48.62268634777202,13.735259631287045,S3_gaming,cutoff
1500.0,0.4166666666666667,0.8484079284958608,3.9742039642479305,0.029785542289035745,1.4901145575339307,3.8252092573564993,5.7,48.62011464840218,13.734436687488698,S3_gaming,cutoff
1502.0,0.4172222222222222,0.8482009652277719,3.9741004826138857,0.029786379768146184,1.4901565035516788,3.8251015825619246,5.7,48.61754294346184,13.73361374190779,S3_gaming,cutoff
1504.0,0.4177777777777778,0.8479939961335946,3.9739969980667973,0.029787217319335944,1.490198453207392,3.8249939044911896,5.7,48.6149712329498,13.732790794543936,S3_gaming,cutoff
1506.0,0.41833333333333333,0.8477870212128236,3.9738935106064117,0.029788054942638458,1.490240406501611,3.824886223143964,5.7,48.61239951686482,13.731967845396742,S3_gaming,cutoff
1508.0,0.41888888888888887,0.8475800404649534,3.9737900202324767,0.02978889263808605,1.4902823634348805,3.82477853851992,5.7,48.6098277952057,13.731144894465826,S3_gaming,cutoff
1510.0,0.41944444444444445,0.8473730538894787,3.9736865269447392,0.02978973040571,1.4903243240077413,3.8246708506187295,5.7,48.6072560679713,13.730321941750816,S3_gaming,cutoff
1512.0,0.42,0.8471660614858939,3.973583030742947,0.029790568245540595,1.4903662882207402,3.824563159440067,5.7,48.604684335160485,13.729498987251356,S3_gaming,cutoff
1514.0,0.42055555555555557,0.8469590632536933,3.9734795316268468,0.029791406157607173,1.490408256074413,3.8244554649836067,5.7,48.602112596772145,13.728676030967087,S3_gaming,cutoff
1516.0,0.4211111111111111,0.8467520591923713,3.9733760295961855,0.029792244141938165,1.4904502275693066,3.8243477672490234,5.7,48.599540852805156,13.72785307289765,S3_gaming,cutoff
1518.0,0.4216666666666667,0.846545049301422,3.973272524650711,0.029793082198561152,1.490492202705962,3.824240066235993,5.7,48.596969103258495,13.72703011304272,S3_gaming,cutoff
1520.0,0.4222222222222222,0.8463380335803399,3.97316901679017,0.02979392032750289,1.4905341814849176,3.8241323619441943,5.7,48.594397348131096,13.726207151401951,S3_gaming,cutoff
1522.0,0.42277777777777775,0.8461310120286187,3.973065506014309,0.029794758528789364,1.4905761639067205,3.8240246543733027,5.7,48.5918255874219,13.72538418797501,S3_gaming,cutoff
1524.0,0.42333333333333334,0.8459239846457527,3.9729619923228765,0.029795596802445815,1.4906181499719062,3.8239169435229985,5.7,48.58925382112996,13.724561222761587,S3_gaming,cutoff
1526.0,0.42388888888888887,0.8457169514312356,3.9728584757156176,0.029796435148496787,1.4906601396810186,3.8238092293929604,5.7,48.5866820492542,13.723738255761345,S3_gaming,cutoff
1528.0,0.42444444444444446,0.8455099123845614,3.9727549561922806,0.02979727356696615,1.4907021330345964,3.823701511982868,5.7,48.58411027179372,13.72291528697399,S3_gaming,cutoff
1530.0,0.425,0.8453028675052239,3.972651433752612,0.02979811205787714,1.4907441300331863,3.8235937912924007,5.7,48.58153848874751,13.722092316399204,S3_gaming,cutoff
1532.0,0.4255555555555556,0.8450958167927167,3.972547908396358,0.02979895062125238,1.4907861306773211,3.8234860673212414,5.7,48.578966700114634,13.721269344036683,S3_gaming,cutoff
1534.0,0.4261111111111111,0.8448887602465336,3.972444380123267,0.029799789257113928,1.490828134967545,3.8233783400690706,5.7,48.57639490589417,13.720446369886135,S3_gaming,cutoff
1536.0,0.4266666666666667,0.844681697866168,3.972340848933084,0.029800627965483283,1.4908701429043962,3.8232706095355704,5.7,48.57382310608517,13.719623393947256,S3_gaming,cutoff
1538.0,0.4272222222222222,0.8444746296511134,3.9722373148255565,0.02980146674638143,1.490912154488419,3.8231628757204232,5.7,48.57125130068676,13.718800416219764,S3_gaming,cutoff
1540.0,0.42777777777777776,0.8442675556008634,3.9721337778004315,0.029802305599828858,1.4909541697201516,3.823055138623312,5.7,48.56867948969804,13.717977436703373,S3_gaming,cutoff
1542.0,0.42833333333333334,0.8440604757149112,3.9720302378574557,0.029803144525845572,1.4909961886001326,3.822947398243921,5.7,48.566107673118104,13.717154455397795,S3_gaming,cutoff
1544.0,0.4288888888888889,0.84385338999275,3.971926694996375,0.02980398352445114,1.4910382111289033,3.8228396545819328,5.7,48.5635358509461,13.716331472302754,S3_gaming,cutoff
1546.0,0.42944444444444446,0.8436462984338731,3.9718231492169367,0.0298048225956647,1.491080237307002,3.822731907637033,5.7,48.560964023181164,13.715508487417972,S3_gaming,cutoff
1548.0,0.43,0.8434392010377735,3.971719600518887,0.02980566173950498,1.4911222671349726,3.822624157408906,5.7,48.558392189822435,13.71468550074318,S3_gaming,cutoff
1550.0,0.4305555555555556,0.8432320978039444,3.9716160489019723,0.02980650095599032,1.4911643006133513,3.822516403897236,5.7,48.555820350869084,13.713862512278107,S3_gaming,cutoff
1552.0,0.4311111111111111,0.8430249887318786,3.9715124943659394,0.029807340245138703,1.4912063377426759,3.8224086471017085,5.7,48.553248506320266,13.713039522022486,S3_gaming,cutoff
1554.0,0.43166666666666664,0.842817873821069,3.9714089369105343,0.029808179606967748,1.4912483785234936,3.82230088702201,5.7,48.550676656175156,13.71221652997605,S3_gaming,cutoff
1556.0,0.43222222222222223,0.8426107530710085,3.971305376535504,0.02980901904149475,1.4912904229563373,3.8221931236578244,5.7,48.54810480043295,13.711393536138544,S3_gaming,cutoff
1558.0,0.43277777777777776,0.8424036264811898,3.971201813240595,0.029809858548736683,1.491332471041748,3.8220853570088407,5.7,48.54553293909284,13.710570540509709,S3_gaming,cutoff
1560.0,0.43333333333333335,0.8421964940511056,3.971098247025553,0.029810698128710216,1.49137452278027,3.821977587074743,5.7,48.54296107215401,13.709747543089282,S3_gaming,cutoff
1562.0,0.4338888888888889,0.8419893557802485,3.970994677890124,0.02981153778143174,1.4914165781724358,3.8218698138552196,5.7,48.54038919961566,13.708924543877012,S3_gaming,cutoff
1564.0,0.43444444444444447,0.8417822116681108,3.9708911058340552,0.02981237750691737,1.4914586372187926,3.821762037349958,5.7,48.53781732147703,13.70810154287265,S3_gaming,cutoff
1566.0,0.435,0.8415750617141852,3.9707875308570926,0.029813217305182958,1.4915006999198732,3.821654257558642,5.7,48.53524543773733,13.707278540075945,S3_gaming,cutoff
1568.0,0.43555555555555553,0.8413679059179638,3.970683952958982,0.02981405717624411,1.4915427662762242,3.8215464744809626,5.7,48.53267354839577,13.706455535486647,S3_gaming,cutoff
1570.0,0.4361111111111111,0.8411607442789392,3.9705803721394695,0.029814897120116205,1.4915848362883788,3.8214386881166056,5.7,48.53010165345158,13.705632529104507,S3_gaming,cutoff
1572.0,0.43666666666666665,0.8409535767966033,3.970476788398302,0.029815737136814388,1.491626909956878,3.8213308984652596,5.7,48.52752975290404,13.704809520929292,S3_gaming,cutoff
1574.0,0.43722222222222223,0.8407464034704485,3.9703732017352245,0.0298165772263536,1.4916689872822657,3.821223105526612,5.7,48.52495784675233,13.703986510960746,S3_gaming,cutoff
1576.0,0.43777777777777777,0.8405392242999667,3.970269612149983,0.02981741738874857,1.4917110682650807,3.821115309300351,5.7,48.522385934995725,13.703163499198633,S3_gaming,cutoff
1578.0,0.43833333333333335,0.84033203928465,3.970166019642325,0.02981825762401385,1.4917531529058614,3.821007509786165,5.7,48.51981401763348,13.702340485642713,S3_gaming,cutoff
1580.0,0.4388888888888889,0.8401248484239902,3.970062424211995,0.029819097932163793,1.491795241205146,3.820899706983743,5.7,48.51724209466483,13.701517470292746,S3_gaming,cutoff
1582.0,0.43944444444444447,0.8399176517174791,3.9699588258587397,0.029819938313212592,1.491837333163476,3.820791900892772,5.7,48.514670166089076,13.700694453148504,S3_gaming,cutoff
1584.0,0.44,0.8397104491646087,3.969855224582304,0.029820778767174264,1.4918794287813923,3.8206840915129416,5.7,48.51209823190543,13.699871434209738,S3_gaming,cutoff
1586.0,0.44055555555555553,0.8395032407648705,3.9697516203824352,0.029821619294062674,1.4919215280594338,3.820576278843941,5.7,48.50952629211319,13.699048413476223,S3_gaming,cutoff
1588.0,0.4411111111111111,0.839296026517756,3.969648013258878,0.02982245989389154,1.4919636309981443,3.8204684628854584,5.7,48.50695434671162,13.69822539094772,S3_gaming,cutoff
1590.0,0.44166666666666665,0.839088806422757,3.9695444032113785,0.029823300566674434,1.4920057375980567,3.820360643637183,5.7,48.5043823957,13.697402366624,S3_gaming,cutoff
1592.0,0.44222222222222224,0.8388815804793648,3.969440790239682,0.029824141312424796,1.4920478478597177,3.820252821098804,5.7,48.5018104390776,13.696579340504833,S3_gaming,cutoff
1594.0,0.44277777777777777,0.8386743486870708,3.9693371743435355,0.029824982131155933,1.492089961783663,3.82014499527001,5.7,48.499238476843715,13.695756312589989,S3_gaming,cutoff
1596.0,0.44333333333333336,0.8384671110453664,3.969233555522683,0.029825823022881035,1.4921320793704367,3.8200371661504913,5.7,48.49666650899759,13.69493328287923,S3_gaming,cutoff
1598.0,0.4438888888888889,0.8382598675537428,3.9691299337768715,0.02982666398761317,1.4921742006205774,3.819929333739936,5.7,48.494094535538565,13.694110251372342,S3_gaming,cutoff
1600.0,0.4444444444444444,0.8380526182116911,3.9690263091058453,0.029827505025365304,1.492216325534626,3.819821498038034,5.7,48.491522556465895,13.693287218069086,S3_gaming,cutoff
1602.0,0.445,0.8378453630187024,3.9689226815093512,0.029828346136150288,1.4922584541131212,3.819713659044475,5.7,48.48895057177888,13.69246418296924,S3_gaming,cutoff
1604.0,0.44555555555555554,0.8376381019742677,3.968819050987134,0.029829187319980882,1.4923005863566068,3.819605816758948,5.7,48.48637858147681,13.691641146072579,S3_gaming,cutoff
1606.0,0.4461111111111111,0.837430835077878,3.968715417538939,0.029830028576869744,1.4923427222656216,3.819497971181143,5.7,48.483806585558966,13.69081810737887,S3_gaming,cutoff
1608.0,0.44666666666666666,0.8372235623290242,3.968611781164512,0.02983086990682945,1.4923848618407036,3.8193901223107503,5.7,48.48123458402469,13.689995066887901,S3_gaming,cutoff
1610.0,0.44722222222222224,0.8370162837271969,3.9685081418635986,0.029831711309872486,1.4924270050824,3.8192822701474576,5.7,48.47866257687325,13.68917202459944,S3_gaming,cutoff
1612.0,0.4477777777777778,0.836808999271887,3.9684044996359433,0.029832552786011254,1.4924691519912463,3.8191744146909565,5.7,48.476090564103956,13.688348980513267,S3_gaming,cutoff
1614.0,0.4483333333333333,0.8366017089625851,3.9683008544812925,0.02983339433525808,1.4925113025677865,3.8190665559409354,5.7,48.47351854571611,13.687525934629155,S3_gaming,cutoff
1616.0,0.4488888888888889,0.8363944127987817,3.968197206399391,0.029834235957625223,1.492553456812562,3.818958693897085,5.7,48.47094652170903,13.68670288694689,S3_gaming,cutoff
1618.0,0.4494444444444444,0.8361871107799673,3.9680935553899834,0.02983507765312486,1.492595614726111,3.818850828559094,5.7,48.468374492082,13.68587983746624,S3_gaming,cutoff
1620.0,0.45,0.8359798029056323,3.967989901452816,0.029835919421769115,1.4926377763089775,3.8187429599266527,5.7,48.465802456834346,13.685056786186992,S3_gaming,cutoff
1622.0,0.45055555555555554,0.8357724891752671,3.9678862445876337,0.02983676126357004,1.4926799415617003,3.8186350879994517,5.7,48.46323041596539,13.684233733108925,S3_gaming,cutoff
1624.0,0.45111111111111113,0.8355651695883619,3.967782584794181,0.02983760317853963,1.4927221104848232,3.81852721277718,5.7,48.46065836947441,13.683410678231812,S3_gaming,cutoff
1626.0,0.45166666666666666,0.835357844144407,3.9676789220722033,0.029838445166689827,1.4927642830788872,3.818419334259527,5.7,48.458086317360745,13.68258762155544,S3_gaming,cutoff
1628.0,0.45222222222222225,0.8351505128428923,3.967575256421446,0.029839287228032505,1.492806459344434,3.8183114524461836,5.7,48.45551425962372,13.681764563079591,S3_gaming,cutoff
1630.0,0.4527777777777778,0.834943175683308,3.967471587841654,0.029840129362579505,1.4928486392820017,3.818203567336839,5.7,48.45294219626264,13.680941502804046,S3_gaming,cutoff
1632.0,0.4533333333333333,0.834735832665144,3.967367916332572,0.029840971570342607,1.4928908228921371,3.8180956789311824,5.7,48.450370127276805,13.680118440728577,S3_gaming,cutoff
1634.0,0.4538888888888889,0.8345284837878901,3.967264241893945,0.02984181385133355,1.492933010175379,3.8179877872289056,5.7,48.44779805266554,13.679295376852973,S3_gaming,cutoff
1636.0,0.45444444444444443,0.8343211290510363,3.967160564525518,0.02984265620556403,1.492975201132271,3.817879892229697,5.7,48.44522597242818,13.67847231117702,S3_gaming,cutoff
1638.0,0.455,0.8341137684540721,3.967056884227036,0.029843498633045695,1.4930173957633546,3.8177719939332464,5.7,48.44265388656403,13.677649243700492,S3_gaming,cutoff
1640.0,0.45555555555555555,0.8339064019964875,3.9669532009982436,0.02984434113379016,1.4930595940691709,3.8176640923392444,5.7,48.440081795072416,13.676826174423175,S3_gaming,cutoff
1642.0,0.45611111111111113,0.8336990296777718,3.966849514838886,0.029845183707809003,1.493101796050264,3.8175561874473805,5.7,48.43750969795269,13.676003103344861,S3_gaming,cutoff
1644.0,0.45666666666666667,0.8334916514974144,3.966745825748707,0.02984602635511376,1.493144001707175,3.817448279257344,5.7,48.43493759520411,13.675180030465317,S3_gaming,cutoff
1646.0,0.4572222222222222,0.833284267454905,3.9666421337274524,0.029846869075715935,1.4931862110404481,3.8173403677688253,5.7,48.43236548682605,13.674356955784337,S3_gaming,cutoff
1648.0,0.4577777777777778,0.8330768775497329,3.9665384387748666,0.02984771186962701,1.4932284240506244,3.8172324529815147,5.7,48.42979337281783,13.673533879301704,S3_gaming,cutoff
1650.0,0.4583333333333333,0.8328694817813874,3.9664347408906937,0.02984855473685842,1.493270640738245,3.8171245348951004,5.7,48.42722125317874,13.672710801017198,S3_gaming,cutoff
1652.0,0.4588888888888889,0.8326620801493576,3.966331040074679,0.029849397677421587,1.493312861103857,3.817016613509274,5.7,48.42464912790815,13.671887720930608,S3_gaming,cutoff
1654.0,0.45944444444444443,0.8324546726531327,3.9662273363265665,0.029850240691327894,1.4933550851479986,3.8169086888237236,5.7,48.42207699700536,13.671064639041717,S3_gaming,cutoff
1656.0,0.46,0.8322472592922017,3.9661236296461007,0.029851083778588704,1.4933973128712141,3.8168007608381402,5.7,48.419504860469694,13.670241555350303,S3_gaming,cutoff
1658.0,0.46055555555555555,0.8320398400660536,3.966019920033027,0.029851926939215356,1.4934395442740471,3.8166928295522125,5.7,48.41693271830051,13.669418469856163,S3_gaming,cutoff
1660.0,0.46111111111111114,0.8318324149741774,3.965916207487089,0.029852770173219162,1.4934817793570447,3.8165848949656316,5.7,48.41436057049711,13.668595382559076,S3_gaming,cutoff
1662.0,0.46166666666666667,0.8316249840160618,3.965812492008031,0.029853613480611416,1.4935240181207425,3.8164769570780854,5.7,48.41178841705882,13.667772293458823,S3_gaming,cutoff
1664.0,0.4622222222222222,0.8314175471911956,3.9657087735955976,0.029854456861403388,1.4935662605656874,3.816369015889265,5.7,48.40921625798497,13.666949202555193,S3_gaming,cutoff
1666.0,0.4627777777777778,0.8312101044990675,3.9656050522495336,0.02985530031560633,1.4936085066924258,3.8162610713988583,5.7,48.40664409327491,13.666126109847973,S3_gaming,cutoff
1668.0,0.4633333333333333,0.8310026559391661,3.965501327969583,0.029856143843231476,1.4936507565014967,3.8161531236065573,5.7,48.40407192292795,13.665303015336944,S3_gaming,cutoff
1670.0,0.4638888888888889,0.83079520151098,3.96539760075549,0.02985698744429004,1.4936930099934465,3.81604517251205,5.7,48.40149974694343,13.664479919021897,S3_gaming,cutoff
1672.0,0.46444444444444444,0.8305877412139975,3.965293870606999,0.029857831118793223,1.493735267168819,3.8159372181150255,5.7,48.39892756532067,13.663656820902615,S3_gaming,cutoff
1674.0,0.465,0.830380275047707,3.9651901375238534,0.02985867486675221,1.4937775280281562,3.8158292604151742,5.7,48.396355378059,13.66283372097888,S3_gaming,cutoff
1676.0,0.46555555555555556,0.8301728030115968,3.9650864015057983,0.029859518688178165,1.4938197925720043,3.8157212994121856,5.7,48.39378318515776,13.662010619250482,S3_gaming,cutoff
1678.0,0.4661111111111111,0.8299653251051552,3.9649826625525777,0.029860362583082244,1.4938620608009046,3.815613335105749,5.7,48.39121098661629,13.661187515717211,S3_gaming,cutoff
1680.0,0.4666666666666667,0.8297578413278703,3.964878920663935,0.02986120655147559,1.4939043327154038,3.8155053674955535,5.7,48.388638782433894,13.660364410378847,S3_gaming,cutoff
1682.0,0.4672222222222222,0.8295503516792303,3.9647751758396153,0.029862050593369327,1.4939466083160462,3.8153973965812877,5.7,48.386066572609934,13.65954130323518,S3_gaming,cutoff
1684.0,0.4677777777777778,0.829342856158723,3.9646714280793613,0.029862894708774578,1.4939888876033758,3.815289422362643,5.7,48.383494357143704,13.658718194285987,S3_gaming,cutoff
1686.0,0.4683333333333333,0.8291353547658364,3.9645676773829184,0.029863738897702448,1.4940311705779334,3.8151814448393067,5.7,48.3809221360346,13.657895083531072,S3_gaming,cutoff
1688.0,0.4688888888888889,0.8289278475000584,3.964463923750029,0.02986458316016403,1.4940734572402719,3.815073464010969,5.7,48.37834990928188,13.657071970970202,S3_gaming,cutoff
1690.0,0.46944444444444444,0.8287203343608768,3.9643601671804385,0.029865427496170414,1.4941157475909295,3.8149654798773196,5.7,48.37577767688492,13.656248856603176,S3_gaming,cutoff
1692.0,0.47,0.8285128153477791,3.9642564076738895,0.02986627190573267,1.49415804163045,3.8148574924380467,5.7,48.373205438843044,13.655425740429775,S3_gaming,cutoff
1694.0,0.47055555555555556,0.828305290460253,3.9641526452301266,0.02986711638886187,1.4942003393593861,3.8147495016928397,5.7,48.370633195155584,13.654602622449788,S3_gaming,cutoff
1696.0,0.4711111111111111,0.8280977596977862,3.9640488798488933,0.02986796094556907,1.4942426407782732,3.814641507641389,5.7,48.36806094582189,13.653779502663005,S3_gaming,cutoff
1698.0,0.4716666666666667,0.827890223059866,3.963945111529933,0.029868805575865326,1.494284945887664,3.8145335102833804,5.7,48.36548869084127,13.652956381069206,S3_gaming,cutoff
1700.0,0.4722222222222222,0.8276826805459799,3.9638413402729897,0.02986965027976168,1.494327254688102,3.814425509618507,5.7,48.36291643021304,13.652133257668174,S3_gaming,cutoff
1702.0,0.4727777777777778,0.8274751321556152,3.963737566077808,0.02987049505726917,1.4943695671801316,3.8143175056464544,5.7,48.360344163936595,13.651310132459711,S3_gaming,cutoff
1704.0,0.47333333333333333,0.827267577888259,3.9636337889441293,0.02987133990839883,1.4944118833642965,3.814209498366913,5.7,48.357771892011215,13.650487005443589,S3_gaming,cutoff
1706.0,0.4738888888888889,0.8270600177433985,3.9635300088716994,0.02987218483316168,1.4944542032411468,3.8141014877795727,5.7,48.35519961443625,13.649663876619602,S3_gaming,cutoff
1708.0,0.47444444444444445,0.826852451720521,3.9634262258602604,0.029873029831568754,1.4944965268112231,3.81399347388412,5.7,48.35262733121105,13.648840745987536,S3_gaming,cutoff
1710.0,0.475,0.8266448798191134,3.9633224399095566,0.029873874903631054,1.4945388540750753,3.813885456680246,5.7,48.350055042334915,13.648017613547173,S3_gaming,cutoff
1712.0,0.47555555555555556,0.8264373020386625,3.9632186510193312,0.029874720049359597,1.4945811850332473,3.8137774361676384,5.7,48.34748274780721,13.647194479298308,S3_gaming,cutoff
1714.0,0.4761111111111111,0.8262297183786553,3.9631148591893277,0.029875565268765388,1.494623519686286,3.813669412345986,5.7,48.344910447627264,13.646371343240725,S3_gaming,cutoff
1716.0,0.4766666666666667,0.8260221288385786,3.9630110644192893,0.02987641056185943,1.4946658580347383,3.8135613852149772,5.7,48.342338141794386,13.645548205374205,S3_gaming,cutoff
1718.0,0.4772222222222222,0.825814533417919,3.9629072667089593,0.02987725592865272,1.4947082000791478,3.813453354774302,5.7,48.339765830307925,13.644725065698537,S3_gaming,cutoff
1720.0,0.4777777777777778,0.8256069321161632,3.9628034660580815,0.02987810136915625,1.4947505458200643,3.8133453210236463,5.7,48.337193513167236,13.643901924213516,S3_gaming,cutoff
1722.0,0.47833333333333333,0.8253993249327978,3.962699662466399,0.029878946883381018,1.4947928952580347,3.8132372839627022,5.7,48.33462119037162,13.64307878091892,S3_gaming,cutoff
1724.0,0.47888888888888886,0.8251917118673092,3.9625958559336545,0.02987979247133801,1.4948352483936027,3.8131292435911557,5.7,48.33204886192043,13.642255635814537,S3_gaming,cutoff
1726.0,0.47944444444444445,0.824984092919184,3.962492046459592,0.02988063813303821,1.4948776052273127,3.8130211999086954,5.7,48.329476527813,13.64143248890016,S3_gaming,cutoff
1728.0,0.48,0.8247764680879083,3.9623882340439542,0.029881483868492605,1.4949199657597168,3.8129131529150113,5.7,48.326904188048665,13.640609340175573,S3_gaming,cutoff
1730.0,0.48055555555555557,0.8245688373729684,3.962284418686484,0.029882329677712174,1.4949623299913617,3.81280510260979,5.7,48.324331842626734,13.639786189640555,S3_gaming,cutoff
1732.0,0.4811111111111111,0.8243612007738504,3.962180600386925,0.029883175560707898,1.4950046979227942,3.812697048992721,5.7,48.32175949154656,13.638963037294898,S3_gaming,cutoff
1734.0,0.4816666666666667,0.8241535582900407,3.96207677914502,0.029884021517490755,1.4950470695545586,3.812588992063492,5.7,48.31918713480748,13.638139883138393,S3_gaming,cutoff
1736.0,0.4822222222222222,0.823945909921025,3.9619729549605127,0.029884867548071722,1.4950894448872043,3.8124809318217916,5.7,48.31661477240884,13.637316727170829,S3_gaming,cutoff
1738.0,0.48277777777777775,0.8237382556662894,3.9618691278331446,0.029885713652461777,1.4951318239212752,3.812372868267308,5.7,48.31404240434994,13.63649356939198,S3_gaming,cutoff
1740.0,0.48333333333333334,0.8235305955253199,3.96176529776266,0.029886559830671885,1.4951742066573264,3.8122648013997296,5.7,48.31147003063014,13.635670409801644,S3_gaming,cutoff
1742.0,0.48388888888888887,0.8233229294976021,3.961661464748801,0.029887406082713026,1.4952165930958994,3.812156731218743,5.7,48.308897651248756,13.634847248399602,S3_gaming,cutoff
1744.0,0.48444444444444446,0.8231152575826218,3.961557628791311,0.029888252408596168,1.4952589832375434,3.8120486577240382,5.7,48.306325266205135,13.634024085185644,S3_gaming,cutoff
1746.0,0.485,0.8229075797798647,3.9614537898899322,0.029889098808332282,1.4953013770828054,3.8119405809153024,5.7,48.30375287549861,13.633200920159556,S3_gaming,cutoff
1748.0,0.4855555555555556,0.8226998960888163,3.961349948044408,0.02988994528193234,1.4953437746322378,3.8118325007922236,5.7,48.301180479128526,13.632377753321128,S3_gaming,cutoff
1750.0,0.4861111111111111,0.822492206508962,3.961246103254481,0.02989079182940731,1.4953861758863844,3.8117244173544904,5.7,48.29860807709418,13.631554584670138,S3_gaming,cutoff
1752.0,0.4866666666666667,0.8222845110397874,3.961142255519894,0.029891638450768164,1.495428580845795,3.8116163306017894,5.7,48.29603566939494,13.63073141420638,S3_gaming,cutoff
1754.0,0.4872222222222222,0.8220768096807777,3.961038404840389,0.029892485146025872,1.4954709895110163,3.811508240533809,5.7,48.29346325603013,13.629908241929641,S3_gaming,cutoff
1756.0,0.48777777777777775,0.8218691024314182,3.960934551215709,0.029893331915191397,1.4955134018825977,3.8114001471502372,5.7,48.29089083699907,13.629085067839702,S3_gaming,cutoff
1758.0,0.48833333333333334,0.8216613892911941,3.960830694645597,0.029894178758275713,1.4955558179610917,3.8112920504507617,5.7,48.2883184123011,13.628261891936353,S3_gaming,cutoff
1760.0,0.4888888888888889,0.8214536702595907,3.9607268351297953,0.02989502567528979,1.4955982377470394,3.81118395043507,5.7,48.28574598193557,13.627438714219382,S3_gaming,cutoff
1762.0,0.48944444444444446,0.8212459453360927,3.9606229726680464,0.029895872666244598,1.4956406612409934,3.81107584710285,5.7,48.2831735459018,13.626615534688577,S3_gaming,cutoff
1764.0,0.49,0.8210382145201853,3.9605191072600925,0.029896719731151107,1.4956830884435057,3.810967740453789,5.7,48.28060110419911,13.625792353343716,S3_gaming,cutoff
1766.0,0.4905555555555556,0.8208304778113533,3.960415238905677,0.029897566870020285,1.4957255193551204,3.8108596304875744,5.7,48.27802865682686,13.624969170184597,S3_gaming,cutoff
1768.0,0.4911111111111111,0.8206227352090816,3.960311367604541,0.029898414082863107,1.4957679539763902,3.8107515172038946,5.7,48.275456203784366,13.624145985210998,S3_gaming,cutoff
1770.0,0.49166666666666664,0.8204149867128547,3.9602074933564273,0.029899261369690542,1.4958103923078614,3.8106434006024354,5.7,48.272883745070956,13.623322798422707,S3_gaming,cutoff
1772.0,0.4922222222222222,0.8202072323221575,3.9601036161610788,0.02990010873051356,1.4958528343500836,3.8105352806828865,5.7,48.27031128068599,13.622499609819517,S3_gaming,cutoff
1774.0,0.49277777777777776,0.8199994720364745,3.9599997360182373,0.02990095616534314,1.4958952801036096,3.8104271574449338,5.7,48.26773881062878,13.62167641940121,S3_gaming,cutoff
1776.0,0.49333333333333335,0.8197917058552902,3.959895852927645,0.029901803674190257,1.4959377295689857,3.810319030888264,5.7,48.265166334898645,13.620853227167567,S3_gaming,cutoff
1778.0,0.4938888888888889,0.819583933778089,3.9597919668890444,0.029902651257065878,1.4959801827467645,3.8102109010125655,5.7,48.26259385349494,13.62003003311838,S3_gaming,cutoff
1780.0,0.49444444444444446,0.8193761558043553,3.9596880779021775,0.029903498913980985,1.4960226396374925,3.8101027678175257,5.7,48.26002136641699,13.619206837253438,S3_gaming,cutoff
1782.0,0.495,0.8191683719335734,3.959584185966787,0.029904346644946553,1.4960651002417225,3.8099946313028306,5.7,48.25744887366414,13.618383639572524,S3_gaming,cutoff
1784.0,0.4955555555555556,0.8189605821652274,3.9594802910826137,0.02990519444997356,1.4961075645600008,3.809886491468168,5.7,48.254876375235696,13.617560440075422,S3_gaming,cutoff
1786.0,0.4961111111111111,0.8187527864988015,3.959376393249401,0.02990604232907299,1.4961500325928827,3.809778348313225,5.7,48.252303871131005,13.616737238761923,S3_gaming,cutoff
1788.0,0.49666666666666665,0.8185449849337796,3.95927249246689,0.029906890282255818,1.4961925043409152,3.809670201837689,5.7,48.249731361349404,13.61591403563181,S3_gaming,cutoff
1790.0,0.49722222222222223,0.8183371774696458,3.9591685887348227,0.029907738309533027,1.4962349798046504,3.809562052041247,5.7,48.24715884589021,13.615090830684869,S3_gaming,cutoff
1792.0,0.49777777777777776,0.8181293641058841,3.959064682052942,0.029908586410915605,1.496277458984635,3.809453898923584,5.7,48.24458632475279,13.614267623920892,S3_gaming,cutoff
1794.0,0.49833333333333335,0.8179215448419781,3.958960772420989,0.02990943458641453,1.4963199418814244,3.8093457424843895,5.7,48.242013797936444,13.613444415339663,S3_gaming,cutoff
1796.0,0.4988888888888889,0.8177137196774116,3.958856859838706,0.029910282836040792,1.496362428495565,3.8092375827233487,5.7,48.2394412654405,13.61262120494096,S3_gaming,cutoff
1798.0,0.49944444444444447,0.8175058886116683,3.958752944305834,0.029911131159805378,1.4964049188276123,3.809129419640148,5.7,48.236868727264294,13.611797992724574,S3_gaming,cutoff
1800.0,0.5,0.8172980516442317,3.958649025822116,0.029911979557719275,1.4964474128781158,3.809021253234476,5.7,48.234296183407174,13.610974778690297,S3_gaming,cutoff
1802.0,0.5005555555555555,0.8170902087745855,3.9585451043872926,0.029912828029793476,1.4964899106476248,3.808913083506018,5.7,48.23172363386845,13.610151562837904,S3_gaming,cutoff
1804.0,0.5011111111111111,0.8168823600022129,3.9584411800011066,0.029913676576038974,1.4965324121366919,3.808804910454461,5.7,48.22915107864748,13.609328345167196,S3_gaming,cutoff
1806.0,0.5016666666666667,0.8166745053265975,3.9583372526632985,0.02991452519646676,1.4965749173458665,3.8086967340794917,5.7,48.22657851774356,13.60850512567794,S3_gaming,cutoff
1808.0,0.5022222222222222,0.8164666447472224,3.9582333223736113,0.02991537389108783,1.4966174262757037,3.808588554380796,5.7,48.224005951156066,13.607681904369942,S3_gaming,cutoff
1810.0,0.5027777777777778,0.8162587782635708,3.9581293891317855,0.029916222659913182,1.4966599389267532,3.808480371358061,5.7,48.22143337888429,13.606858681242974,S3_gaming,cutoff
1812.0,0.5033333333333333,0.816050905875126,3.958025452937563,0.029917071502953814,1.4967024552995645,3.808372185010973,5.7,48.21886080092757,13.606035456296825,S3_gaming,cutoff
1814.0,0.5038888888888889,0.8158430275813708,3.9579215137906854,0.029917920420220727,1.4967449753946926,3.808263995339218,5.7,48.21628821728526,13.605212229531283,S3_gaming,cutoff
1816.0,0.5044444444444445,0.8156351433817884,3.957817571690894,0.029918769411724926,1.4967874992126873,3.8081558023424833,5.7,48.21371562795666,13.604389000946131,S3_gaming,cutoff
1818.0,0.505,0.8154272532758616,3.957713626637931,0.02991961847747741,1.4968300267541035,3.8080476060204544,5.7,48.21114303294113,13.603565770541161,S3_gaming,cutoff
1820.0,0.5055555555555555,0.8152193572630733,3.9576096786315365,0.029920467617489187,1.496872558019488,3.8079394063728174,5.7,48.20857043223796,13.602742538316148,S3_gaming,cutoff
1822.0,0.5061111111111111,0.8150114553429061,3.957505727671453,0.029921316831771266,1.4969150930093988,3.8078312033992594,5.7,48.20599782584653,13.60191930427089,S3_gaming,cutoff
1824.0,0.5066666666666667,0.8148035475148427,3.957401773757421,0.02992216612033466,1.4969576317243853,3.8077229970994653,5.7,48.20342521376613,13.601096068405162,S3_gaming,cutoff
1826.0,0.5072222222222222,0.8145956337783657,3.957297816889183,0.029923015483190374,1.497000174165,3.807614787473122,5.7,48.200852595996125,13.60027283071876,S3_gaming,cutoff
1828.0,0.5077777777777778,0.8143877141329577,3.957193857066479,0.029923864920349423,1.4970427203317982,3.807506574519915,5.7,48.198279972535815,13.59944959121146,S3_gaming,cutoff
1830.0,0.5083333333333333,0.814179788578101,3.9570898942890507,0.029924714431822826,1.4970852702253261,3.807398358239531,5.7,48.195707343384534,13.598626349883052,S3_gaming,cutoff
1832.0,0.5088888888888888,0.8139718571132781,3.956985928556639,0.029925564017621597,1.497127823846145,3.8072901386316556,5.7,48.19313470854163,13.597803106733322,S3_gaming,cutoff
1834.0,0.5094444444444445,0.8137639197379712,3.9568819598689857,0.029926413677756756,1.4971703811948012,3.807181915695974,5.7,48.19056206800642,13.596979861762055,S3_gaming,cutoff
1836.0,0.51,0.8135559764516626,3.956777988225831,0.029927263412239325,1.4972129422718499,3.807073689432174,5.7,48.18798942177822,13.596156614969031,S3_gaming,cutoff
1838.0,0.5105555555555555,0.8133480272538343,3.956674013626917,0.02992811322108033,1.4972555070778464,3.8069654598399385,5.7,48.18541676985639,13.595333366354044,S3_gaming,cutoff
1840.0,0.5111111111111111,0.8131400721439683,3.956570036071984,0.02992896310429079,1.4972980756133403,3.8068572269189556,5.7,48.18284411224024,13.594510115916878,S3_gaming,cutoff
1842.0,0.5116666666666667,0.8129321111215467,3.9564660555607736,0.02992981306188174,1.497340647878889,3.8067489906689103,5.7,48.180271448929105,13.593686863657314,S3_gaming,cutoff
1844.0,0.5122222222222222,0.8127241441860514,3.9563620720930257,0.029930663093864204,1.4973832238750429,3.806640751089488,5.7,48.177698779922316,13.592863609575142,S3_gaming,cutoff
1846.0,0.5127777777777778,0.8125161713369643,3.956258085668482,0.029931513200249216,1.4974258036023562,3.806532508180374,5.7,48.17512610521919,13.592040353670141,S3_gaming,cutoff
1848.0,0.5133333333333333,0.812308192573767,3.9561540962868835,0.029932363381047808,1.4974683870613847,3.8064242619412547,5.7,48.17255342481907,13.591217095942103,S3_gaming,cutoff
1850.0,0.5138888888888888,0.8121002078959412,3.9560501039479705,0.029933213636271015,1.4975109742526804,3.8063160123718154,5.7,48.16998073872128,13.59039383639081,S3_gaming,cutoff
1852.0,0.5144444444444445,0.8118922173029685,3.955946108651484,0.029934063965929878,1.4975535651767984,3.8062077594717403,5.7,48.167408046925146,13.589570575016047,S3_gaming,cutoff
1854.0,0.515,0.8116842207943303,3.9558421103971653,0.029934914370035433,1.4975961598342913,3.8060995032407168,5.7,48.16483534942999,13.588747311817599,S3_gaming,cutoff
1856.0,0.5155555555555555,0.8114762183695082,3.955738109184754,0.029935764848598726,1.4976387582257111,3.805991243678429,5.7,48.162262646235156,13.587924046795251,S3_gaming,cutoff
1858.0,0.5161111111111111,0.8112682100279835,3.9556341050139916,0.029936615401630798,1.4976813603516186,3.805882980784562,5.7,48.15968993733998,13.587100779948793,S3_gaming,cutoff
1860.0,0.5166666666666667,0.8110601957692376,3.9555300978846186,0.029937466029142695,1.4977239662125634,3.8057747145588015,5.7,48.15711722274376,13.586277511278002,S3_gaming,cutoff
1862.0,0.5172222222222222,0.8108521755927516,3.9554260877963756,0.029938316731145467,1.4977665758091008,3.8056664450008326,5.7,48.154544502445845,13.58545424078267,S3_gaming,cutoff
1864.0,0.5177777777777778,0.8106441494980066,3.955322074749003,0.029939167507650164,1.4978091891417882,3.80555817211034,5.7,48.15197177644555,13.584630968462577,S3_gaming,cutoff
1866.0,0.5183333333333333,0.8104361174844836,3.9552180587422416,0.02994001835866784,1.4978518062111756,3.80544989588701,5.7,48.14939904474222,13.58380769431751,S3_gaming,cutoff
1868.0,0.5188888888888888,0.8102280795516638,3.955114039775832,0.02994086928420955,1.4978944270178234,3.805341616330527,5.7,48.146826307335175,13.582984418347257,S3_gaming,cutoff
1870.0,0.5194444444444445,0.8100200356990278,3.955010017849514,0.02994172028428635,1.497937051562284,3.8052333334405755,5.7,48.14425356422373,13.582161140551595,S3_gaming,cutoff
1872.0,0.52,0.8098119859260566,3.9549059929630284,0.0299425713589093,1.49797967984511,3.8051250472168405,5.7,48.141680815407234,13.581337860930315,S3_gaming,cutoff
1874.0,0.5205555555555555,0.809603930232231,3.9548019651161157,0.02994342250808946,1.4980223118668616,3.8050167576590077,5.7,48.13910806088499,13.580514579483198,S3_gaming,cutoff
1876.0,0.5211111111111111,0.8093958686170316,3.954697934308516,0.029944273731837896,1.4980649476280916,3.8049084647667613,5.7,48.13653530065635,13.579691296210031,S3_gaming,cutoff
1878.0,0.5216666666666666,0.8091878010799389,3.9545939005399693,0.02994512503016567,1.4981075871293548,3.804800168539786,5.7,48.13396253472062,13.578868011110599,S3_gaming,cutoff
1880.0,0.5222222222222223,0.8089797276204336,3.954489863810217,0.029945976403083857,1.4981502303712062,3.804691868977767,5.7,48.13138976307716,13.578044724184691,S3_gaming,cutoff
1882.0,0.5227777777777778,0.808771648237996,3.954385824118998,0.02994682785060352,1.4981928773542041,3.804583566080389,5.7,48.12881698572527,13.577221435432087,S3_gaming,cutoff
1884.0,0.5233333333333333,0.8085635629321064,3.954281781466053,0.029947679372735736,1.4982355280789033,3.8044752598473357,5.7,48.12624420266426,13.576398144852563,S3_gaming,cutoff
1886.0,0.5238888888888888,0.8083554717022452,3.9541777358511228,0.02994853096949158,1.498278182545859,3.804366950278293,5.7,48.1236714138935,13.57557485244592,S3_gaming,cutoff
1888.0,0.5244444444444445,0.8081473745478925,3.9540736872739464,0.029949382640882122,1.4983208407556292,3.804258637372945,5.7,48.12109861941228,13.57475155821193,S3_gaming,cutoff
1890.0,0.525,0.8079392714685286,3.953969635734264,0.029950234386918448,1.4983635027087687,3.804150321130975,5.7,48.11852581921995,13.573928262150384,S3_gaming,cutoff
1892.0,0.5255555555555556,0.8077311624636334,3.953865581231817,0.029951086207611638,1.498406168405833,3.804042001552069,5.7,48.11595301331582,13.573104964261063,S3_gaming,cutoff
1894.0,0.5261111111111111,0.807523047532687,3.9537615237663433,0.029951938102972777,1.4984488378473826,3.8039336786359117,5.7,48.11338020169922,13.572281664543752,S3_gaming,cutoff
1896.0,0.5266666666666666,0.8073149266751691,3.9536574633375845,0.02995279007301295,1.498491511033967,3.8038253523821854,5.7,48.110807384369494,13.571458362998237,S3_gaming,cutoff
1898.0,0.5272222222222223,0.8071067998905597,3.95355339994528,0.029953642117743245,1.4985341879661496,3.803717022790576,5.7,48.10823456132594,13.570635059624303,S3_gaming,cutoff
1900.0,0.5277777777777778,0.8068986671783384,3.953449333589169,0.029954494237174754,1.4985768686444856,3.803608689860767,5.7,48.10566173256791,13.569811754421732,S3_gaming,cutoff
1902.0,0.5283333333333333,0.806690528537985,3.9533452642689926,0.02995534643131857,1.4986195530695272,3.803500353592443,5.7,48.10308889809472,13.56898844739031,S3_gaming,cutoff
1904.0,0.5288888888888889,0.806482383968979,3.9532411919844894,0.02995619870018578,1.4986622412418382,3.803392013985288,5.7,48.10051605790568,13.568165138529817,S3_gaming,cutoff
1906.0,0.5294444444444445,0.8062742334707999,3.9531371167354,0.029957051043787493,1.4987049331619706,3.8032836710389857,5.7,48.09794321200014,13.567341827840044,S3_gaming,cutoff
1908.0,0.53,0.8060660770429271,3.9530330385214634,0.029957903462134804,1.498747628830485,3.8031753247532216,5.7,48.095370360377395,13.566518515320768,S3_gaming,cutoff
1910.0,0.5305555555555556,0.80585791468484,3.95292895734242,0.029958755955238812,1.498790328247937,3.8030669751276776,5.7,48.092797503036806,13.56569520097178,S3_gaming,cutoff
1912.0,0.5311111111111111,0.8056497463960179,3.952824873198009,0.029959608523110626,1.4988330314148839,3.802958622162039,5.7,48.0902246399777,13.564871884792863,S3_gaming,cutoff
1914.0,0.5316666666666666,0.80544157217594,3.95272078608797,0.02996046116576135,1.498875738331884,3.8028502658559895,5.7,48.08765177119935,13.564048566783791,S3_gaming,cutoff
1916.0,0.5322222222222223,0.8052333920240854,3.9526166960120426,0.029961313883202095,1.498918448999495,3.8027419062092123,5.7,48.08507889670112,13.56322524694436,S3_gaming,cutoff
1918.0,0.5327777777777778,0.8050252059399331,3.9525126029699664,0.029962166675443967,1.4989611634182747,3.8026335432213925,5.7,48.08250601648234,13.562401925274349,S3_gaming,cutoff
1920.0,0.5333333333333333,0.8048170139229621,3.952408506961481,0.02996301954249808,1.499003881588784,3.802525176892212,5.7,48.079933130542315,13.56157860177354,S3_gaming,cutoff
1922.0,0.5338888888888889,0.8046088159726513,3.9523044079863254,0.02996387248437556,1.4990466035115724,3.8024168072213564,5.7,48.07736023888039,13.560755276441725,S3_gaming,cutoff
1924.0,0.5344444444444445,0.8044006120884796,3.9522003060442397,0.029964725501087513,1.4990893291872087,3.802308434208508,5.7,48.07478734149587,13.55993194927868,S3_gaming,cutoff
1926.0,0.535,0.8041924022699256,3.952096201134963,0.029965578592645065,1.4991320586162427,3.80220005785335,5.7,48.072214438388094,13.55910862028419,S3_gaming,cutoff
1928.0,0.5355555555555556,0.803984186516468,3.9519920932582338,0.029966431759059334,1.4991747917992404,3.802091678155567,5.7,48.069641529556364,13.558285289458036,S3_gaming,cutoff
1930.0,0.5361111111111111,0.8037759648275853,3.9518879824137927,0.029967285000341452,1.4992175287367542,3.8019832951148427,5.7,48.06706861500003,13.55746195680001,S3_gaming,cutoff
1932.0,0.5366666666666666,0.8035677372027561,3.951783868601378,0.02996813831650254,1.4992602694293449,3.80187490873086,5.7,48.06449569471842,13.556638622309894,S3_gaming,cutoff
1934.0,0.5372222222222223,0.8033595036414588,3.9516797518207296,0.02996899170755373,1.4993030138775731,3.8017665190033023,5.7,48.06192276871082,13.555815285987464,S3_gaming,cutoff
1936.0,0.5377777777777778,0.8031512641431717,3.951575632071586,0.029969845173506156,1.4993457620819939,3.801658125931852,5.7,48.05934983697658,13.554991947832507,S3_gaming,cutoff
1938.0,0.5383333333333333,0.8029430187073732,3.9514715093536865,0.02997069871437095,1.4993885140431678,3.801549729516194,5.7,48.05677689951503,13.55416860784481,S3_gaming,cutoff
1940.0,0.5388888888888889,0.8027347673335413,3.9513673836667706,0.029971552330159242,1.4994312697616585,3.801441329756011,5.7,48.05420395632548,13.553345266024154,S3_gaming,cutoff
1942.0,0.5394444444444444,0.8025265100211543,3.951263255010577,0.02997240602088218,1.4994740292380182,3.801332926650985,5.7,48.05163100740726,13.552521922370323,S3_gaming,cutoff
1944.0,0.54,0.8023182467696901,3.951159123384845,0.029973259786550906,1.4995167924728103,3.801224520200802,5.7,48.04905805275968,13.5516985768831,S3_gaming,cutoff
1946.0,0.5405555555555556,0.8021099775786267,3.951054988789313,0.029974113627176557,1.4995595594665927,3.8011161104051423,5.7,48.04648509238208,13.550875229562266,S3_gaming,cutoff
1948.0,0.5411111111111111,0.801901702447442,3.950950851223721,0.029974967542770282,1.4996023302199235,3.8010076972636893,5.7,48.043912126273796,13.550051880407615,S3_gaming,cutoff
1950.0,0.5416666666666666,0.8016934213756137,3.9508467106878067,0.029975821533343227,1.4996451047333685,3.8008992807761266,5.7,48.0413391544341,13.549228529418912,S3_gaming,cutoff
1952.0,0.5422222222222223,0.8014851343626197,3.95074256718131,0.029976675598906544,1.4996878830074805,3.8007908609421373,5.7,48.03876617686237,13.548405176595958,S3_gaming,cutoff
1954.0,0.5427777777777778,0.8012768414079375,3.9506384207039686,0.029977529739471386,1.4997306650428255,3.8006824377614037,5.7,48.036193193557885,13.547581821938524,S3_gaming,cutoff
1956.0,0.5433333333333333,0.8010685425110448,3.9505342712555223,0.02997838395504891,1.4997734508399585,3.8005740112336093,5.7,48.033620204520005,13.546758465446402,S3_gaming,cutoff
1958.0,0.5438888888888889,0.8008602376714189,3.9504301188357096,0.02997923824565027,1.4998162403994457,3.800465581358436,5.7,48.03104720974803,13.545935107119371,S3_gaming,cutoff
1960.0,0.5444444444444444,0.8006519268885374,3.9503259634442687,0.029980092611286625,1.4998590337218398,3.800357148135568,5.7,48.02847420924128,13.545111746957211,S3_gaming,cutoff
1962.0,0.545,0.8004436101618775,3.950221805080939,0.02998094705196914,1.4999018308077066,3.8002487115646857,5.7,48.0259012029991,13.544288384959714,S3_gaming,cutoff
1964.0,0.5455555555555556,0.8002352874909165,3.9501176437454584,0.02998180156770898,1.4999446316576042,3.8001402716454735,5.7,48.02332819102079,13.543465021126654,S3_gaming,cutoff
1966.0,0.5461111111111111,0.8000269588751316,3.950013479437566,0.029982656158517307,1.499987436272096,3.800031828377614,5.7,48.02075517330567,13.542641655457816,S3_gaming,cutoff
1968.0,0.5466666666666666,0.799818624314,3.949909312157,0.029983510824405295,1.50003024465174,3.799923381760788,5.7,48.01818214985308,13.541818287952987,S3_gaming,cutoff
1970.0,0.5472222222222223,0.7996102838069985,3.949805141903499,0.029984365565384113,1.5000730567970966,3.79981493179468,5.7,48.015609120662326,13.540994918611945,S3_gaming,cutoff
1972.0,0.5477777777777778,0.7994019373536042,3.949700968676802,0.029985220381464936,1.500115872708732,3.7997064784789716,5.7,48.01303608573272,13.540171547434472,S3_gaming,cutoff
1974.0,0.5483333333333333,0.799193584953294,3.949596792476647,0.029986075272658938,1.500158692387199,3.799598021813345,5.7,48.01046304506363,13.539348174420363,S3_gaming,cutoff
1976.0,0.5488888888888889,0.7989852266055445,3.9494926133027723,0.0299869302389773,1.5002015158330662,3.799489561797483,5.7,48.00788999865433,13.538524799569386,S3_gaming,cutoff
1978.0,0.5494444444444444,0.7987768623098326,3.949388431154916,0.029987785280431202,1.5002443430468941,3.799381098431067,5.7,48.00531694650415,13.53770142288133,S3_gaming,cutoff
1980.0,0.55,0.7985684920656348,3.9492842460328172,0.029988640397031825,1.5002871740292412,3.7992726317137797,5.7,48.00274388861243,13.536878044355978,S3_gaming,cutoff
1982.0,0.5505555555555556,0.7983601158724278,3.9491800579362137,0.029989495588790358,1.5003300087806704,3.7991641616453036,5.7,48.00017082497847,13.536054663993111,S3_gaming,cutoff
1984.0,0.5511111111111111,0.798151733729688,3.949075866864844,0.02999035085571799,1.5003728473017424,3.7990556882253204,5.7,47.99759775560162,13.535231281792518,S3_gaming,cutoff
1986.0,0.5516666666666666,0.7979433456368917,3.9489716728184456,0.029991206197825904,1.500415689593021,3.7989472114535117,5.7,47.99502468048116,13.53440789775397,S3_gaming,cutoff
1988.0,0.5522222222222222,0.7977349515935154,3.9488674757967575,0.029992061615125302,1.5004585356550664,3.798838731329561,5.7,47.99245159961643,13.533584511877258,S3_gaming,cutoff
1990.0,0.5527777777777778,0.7975265515990352,3.9487632757995175,0.02999291710762737,1.5005013854884424,3.798730247853149,5.7,47.989878513006765,13.532761124162166,S3_gaming,cutoff
1992.0,0.5533333333333333,0.7973181456529274,3.9486590728264637,0.02999377267534331,1.5005442390937096,3.798621761023957,5.7,47.98730542065147,13.53193773460847,S3_gaming,cutoff
1994.0,0.5538888888888889,0.7971097337546679,3.948554866877334,0.02999462831828432,1.5005870964714312,3.7985132708416685,5.7,47.98473232254986,13.531114343215956,S3_gaming,cutoff
1996.0,0.5544444444444444,0.7969013159037328,3.9484506579518666,0.029995484036461607,1.5006299576221709,3.798404777305965,5.7,47.98215921870127,13.530290949984407,S3_gaming,cutoff
1998.0,0.555,0.7966928920995981,3.9483464460497992,0.029996339829886372,1.5006728225464894,3.7982962804165274,5.7,47.97958610910501,13.529467554913602,S3_gaming,cutoff
2000.0,0.5555555555555556,0.7964844623417396,3.9482422311708696,0.029997195698569817,1.5007156912449497,3.7981877801730377,5.7,47.97701299376039,13.528644158003326,S3_gaming,cutoff
2002.0,0.5561111111111111,0.7962760266296331,3.9481380133148165,0.029998051642523157,1.5007585637181158,3.7980792765751783,5.7,47.97443987266675,13.52782075925336,S3_gaming,cutoff
2004.0,0.5566666666666666,0.7960675849627543,3.948033792481377,0.029998907661757602,1.5008014399665481,3.7979707696226295,5.7,47.9718667458234,13.526997358663488,S3_gaming,cutoff
2006.0,0.5572222222222222,0.7958591373405788,3.9479295686702893,0.029999763756284364,1.50084431999081,3.7978622593150737,5.7,47.96929361322966,13.526173956233492,S3_gaming,cutoff
2008.0,0.5577777777777778,0.7956506837625821,3.947825341881291,0.03000061992611466,1.5008872037914704,3.797753745652193,5.7,47.96672047488486,13.525350551963156,S3_gaming,cutoff
2010.0,0.5583333333333333,0.7954422242282396,3.94772111211412,0.03000147617125971,1.5009300913690848,3.7976452286336673,5.7,47.9641473307883,13.524527145852256,S3_gaming,cutoff
2012.0,0.5588888888888889,0.7952337587370268,3.9476168793685136,0.030002332491730732,1.5009729827242217,3.7975367082591793,5.7,47.961574180939316,13.523703737900581,S3_gaming,cutoff
2014.0,0.5594444444444444,0.795025287288419,3.9475126436442096,0.030003188887538952,1.5010158778574423,3.7974281845284095,5.7,47.9590010253372,13.522880328107906,S3_gaming,cutoff
2016.0,0.56,0.7948168098818915,3.947408404940946,0.030004045358695594,1.5010587767693095,3.7973196574410397,5.7,47.95642786398132,13.522056916474023,S3_gaming,cutoff
2018.0,0.5605555555555556,0.7946083265169193,3.9473041632584596,0.03000490190521189,1.5011016794603897,3.797211126996751,5.7,47.95385469687094,13.521233502998701,S3_gaming,cutoff
2020.0,0.5611111111111111,0.7943998371929775,3.9471999185964886,0.030005758527099063,1.5011445859312438,3.7971025931952243,5.7,47.9512815240054,13.52041008768173,S3_gaming,cutoff
2022.0,0.5616666666666666,0.7941913419095411,3.9470956709547704,0.03000661522436835,1.5011874961824405,3.7969940560361413,5.7,47.948708345384034,13.51958667052289,S3_gaming,cutoff
2024.0,0.5622222222222222,0.793982840666085,3.9469914203330427,0.030007471997030986,1.501230410214538,3.796885515519183,5.7,47.94613516100616,13.518763251521971,S3_gaming,cutoff
2026.0,0.5627777777777778,0.7937743334620841,3.946887166731042,0.030008328845098207,1.5012733280281048,3.79677697164403,5.7,47.943561970871066,13.517939830678742,S3_gaming,cutoff
2028.0,0.5633333333333334,0.7935658202970132,3.9467829101485066,0.030009185768581255,1.5013162496237047,3.7966684244103632,5.7,47.940988774978095,13.517116407992992,S3_gaming,cutoff
2030.0,0.5638888888888889,0.7933573011703469,3.9466786505851736,0.03001004276749137,1.5013591750018984,3.796559873817865,5.7,47.93841557332657,13.516292983464503,S3_gaming,cutoff
2032.0,0.5644444444444444,0.7931487760815598,3.94657438804078,0.030010899841839796,1.5014021041632546,3.796451319866214,5.7,47.93584236591579,13.515469557093052,S3_gaming,cutoff
2034.0,0.565,0.7929402450301264,3.946470122515063,0.030011756991637783,1.501445037108337,3.7963427625550925,5.7,47.93326915274506,13.51464612887842,S3_gaming,cutoff
2036.0,0.5655555555555556,0.7927317080155212,3.9463658540077606,0.030012614216896577,1.5014879738377118,3.7962342018841815,5.7,47.93069593381374,13.513822698820396,S3_gaming,cutoff
2038.0,0.5661111111111111,0.7925231650372185,3.946261582518609,0.03001347151762743,1.5015309143519395,3.796125637853161,5.7,47.92812270912112,13.512999266918758,S3_gaming,cutoff
2040.0,0.5666666666666667,0.7923146160946927,3.946157308047346,0.030014328893841598,1.5015738586515919,3.7960170704617116,5.7,47.925549478666525,13.512175833173288,S3_gaming,cutoff
2042.0,0.5672222222222222,0.7921060611874178,3.946053030593709,0.030015186345550338,1.501616806737227,3.7959084997095154,5.7,47.922976242449266,13.511352397583765,S3_gaming,cutoff
2044.0,0.5677777777777778,0.791897500314868,3.945948750157434,0.030016043872764905,1.5016597586094165,3.795799925596251,5.7,47.92040300046866,13.510528960149973,S3_gaming,cutoff
2046.0,0.5683333333333334,0.7916889334765176,3.945844466738259,0.030016901475496564,1.5017027142687212,3.7956913481215993,5.7,47.91782975272403,13.509705520871691,S3_gaming,cutoff
2048.0,0.5688888888888889,0.7914803606718402,3.94574018033592,0.03001775915375658,1.5017456737157069,3.795582767285242,5.7,47.9152564992147,13.508882079748705,S3_gaming,cutoff
2050.0,0.5694444444444444,0.79127178190031,3.9456358909501548,0.03001861690755621,1.501788636950943,3.795474183086858,5.7,47.912683239939966,13.50805863678079,S3_gaming,cutoff
2052.0,0.57,0.7910631971614006,3.9455315985807005,0.030019474736906727,1.5018316039749902,3.7953655955261296,5.7,47.91010997489917,13.507235191967736,S3_gaming,cutoff
2054.0,0.5705555555555556,0.7908546064545859,3.945427303227293,0.030020332641819407,1.50187457478842,3.795257004602735,5.7,47.90753670409161,13.506411745309316,S3_gaming,cutoff
2056.0,0.5711111111111111,0.7906460097793395,3.9453230048896697,0.030021190622305516,1.501917549391793,3.795148410316356,5.7,47.904963427516606,13.505588296805314,S3_gaming,cutoff
2058.0,0.5716666666666667,0.790437407135135,3.9452187035675674,0.030022048678376333,1.5019605277856785,3.7950398126666713,5.7,47.90239014517348,13.504764846455513,S3_gaming,cutoff
2060.0,0.5722222222222222,0.7902287985214458,3.945114399260723,0.030022906810043135,1.5020035099706452,3.7949312116533633,5.7,47.89981685706153,13.50394139425969,S3_gaming,cutoff
2062.0,0.5727777777777778,0.7900201839377454,3.945010091968873,0.030023765017317204,1.502046495947254,3.79482260727611,5.7,47.8972435631801,13.503117940217631,S3_gaming,cutoff
2064.0,0.5733333333333334,0.7898115633835071,3.9449057816917534,0.03002462330020982,1.5020894857160738,3.794713999534593,5.7,47.89467026352848,13.502294484329115,S3_gaming,cutoff
2066.0,0.5738888888888889,0.7896029368582043,3.944801468429102,0.030025481658732266,1.5021324792776707,3.7946053884284914,5.7,47.89209695810601,13.501471026593924,S3_gaming,cutoff
2068.0,0.5744444444444444,0.78939430436131,3.944697152180655,0.030026340092895832,1.5021754766326139,3.7944967739574853,5.7,47.88952364691198,13.500647567011834,S3_gaming,cutoff
2070.0,0.575,0.7891856658922973,3.9445928329461486,0.03002719860271181,1.5022184777814696,3.7943881561212547,5.7,47.88695032994573,13.499824105582634,S3_gaming,cutoff
2072.0,0.5755555555555556,0.7889770214506394,3.9444885107253196,0.030028057188191487,1.5022614827248009,3.79427953491948,5.7,47.88437700720655,13.499000642306097,S3_gaming,cutoff
2074.0,0.5761111111111111,0.7887683710358092,3.9443841855179045,0.030028915849346163,1.5023044914631771,3.7941709103518395,5.7,47.881803678693785,13.498177177182011,S3_gaming,cutoff
2076.0,0.5766666666666667,0.7885597146472795,3.9442798573236395,0.03002977458618713,1.5023475039971672,3.7940622824180146,5.7,47.87923034440673,13.497353710210154,S3_gaming,cutoff
2078.0,0.5772222222222222,0.7883510522845231,3.9441755261422617,0.030030633398725685,1.5023905203273402,3.7939536511176843,5.7,47.876657004344715,13.496530241390309,S3_gaming,cutoff
2080.0,0.5777777777777777,0.7881423839470127,3.9440711919735065,0.030031492286973136,1.5024335404542566,3.7938450164505286,5.7,47.874083658507026,13.495706770722249,S3_gaming,cutoff
2082.0,0.5783333333333334,0.787933709634221,3.9439668548171105,0.030032351250940784,1.502476564378491,3.7937363784162264,5.7,47.871510306893,13.49488329820576,S3_gaming,cutoff
2084.0,0.5788888888888889,0.7877250293456206,3.9438625146728103,0.030033210290639937,1.502519592100604,3.7936277370144578,5.7,47.86893694950195,13.494059823840624,S3_gaming,cutoff
2086.0,0.5794444444444444,0.7875163430806839,3.943758171540342,0.030034069406081904,1.502562623621173,3.793519092244902,5.7,47.86636358633318,13.493236347626619,S3_gaming,cutoff
2088.0,0.58,0.7873076508388832,3.9436538254194415,0.030034928597277993,1.502605658940756,3.7934104441072387,5.7,47.86379021738603,13.49241286956353,S3_gaming,cutoff
2090.0,0.5805555555555556,0.787098952619691,3.9435494763098458,0.03003578786423952,1.5026486980599274,3.793301792601148,5.7,47.86121684265979,13.491589389651134,S3_gaming,cutoff
2092.0,0.5811111111111111,0.7868902484225795,3.94344512421129,0.030036647206977803,1.5026917409792533,3.7931931377263073,5.7,47.85864346215378,13.490765907889209,S3_gaming,cutoff
2094.0,0.5816666666666667,0.7866815382470208,3.9433407691235103,0.030037506625504154,1.502734787699303,3.7930844794823986,5.7,47.8560700758673,13.489942424277537,S3_gaming,cutoff
2096.0,0.5822222222222222,0.786472822092487,3.9432364110462435,0.0300383661198299,1.5027778382206451,3.792975817869098,5.7,47.853496683799705,13.489118938815906,S3_gaming,cutoff
2098.0,0.5827777777777777,0.7862640999584501,3.943132049979225,0.03003922568996636,1.5028208925438462,3.7928671528860867,5.7,47.85092328595027,13.488295451504088,S3_gaming,cutoff
2100.0,0.5833333333333334,0.7860553718443821,3.943027685922191,0.030040085335924862,1.5028639506694752,3.7927584845330444,5.7,47.84834988231832,13.487471962341862,S3_gaming,cutoff
2102.0,0.5838888888888889,0.7858466377497548,3.9429233188748776,0.030040945057716734,1.5029070125981037,3.792649812809649,5.7,47.84577647290319,13.486648471329021,S3_gaming,cutoff
2104.0,0.5844444444444444,0.7856378976740399,3.94281894883702,0.030041804855353307,1.5029500783302978,3.7925411377155793,5.7,47.84320305770415,13.48582497846533,S3_gaming,cutoff
2106.0,0.585,0.7854291516167091,3.9427145758083544,0.03004266472884591,1.502993147866627,3.792432459250515,5.7,47.840629636720536,13.485001483750573,S3_gaming,cutoff
2108.0,0.5855555555555556,0.7852203995772341,3.942610199788617,0.030043524678205882,1.5030362212076624,3.792323777414134,5.7,47.83805620995168,13.484177987184538,S3_gaming,cutoff
2110.0,0.5861111111111111,0.7850116415550864,3.9425058207775434,0.03004438470344456,1.503079298353971,3.7922150922061175,5.7,47.83548277739688,13.483354488767,S3_gaming,cutoff
2112.0,0.5866666666666667,0.7848028775497374,3.9424014387748687,0.03004524480457328,1.503122379306121,3.7921064036261423,5.7,47.832909339055426,13.482530988497736,S3_gaming,cutoff
2114.0,0.5872222222222222,0.7845941075606585,3.9422970537803295,0.03004610498160339,1.5031654640646845,3.791997711673888,5.7,47.83033589492666,13.481707486376532,S3_gaming,cutoff
2116.0,0.5877777777777777,0.7843853315873209,3.9421926657936606,0.03004696523454623,1.5032085526302308,3.791889016349032,5.7,47.82776244500989,13.480883982403165,S3_gaming,cutoff
2118.0,0.5883333333333334,0.784176549629196,3.942088274814598,0.03004782556341315,1.503251645003334,3.7917803176512552,5.7,47.8251889893044,13.480060476577409,S3_gaming,cutoff
2120.0,0.5888888888888889,0.7839677616857549,3.9419838808428773,0.030048685968215496,1.5032947411845548,3.7916716155802344,5.7,47.82261552780956,13.479236968899059,S3_gaming,cutoff
2122.0,0.5894444444444444,0.7837589677564685,3.9418794838782345,0.030049546448964622,1.503337841174468,3.791562910135649,5.7,47.820042060524635,13.478413459367884,S3_gaming,cutoff
2124.0,0.59,0.7835501678408079,3.9417750839204038,0.030050407005671884,1.5033809449736424,3.791454201317177,5.7,47.81746858744894,13.477589947983663,S3_gaming,cutoff
2126.0,0.5905555555555555,0.7833413619382439,3.941670680969122,0.030051267638348637,1.5034240525826497,3.7913454891244984,5.7,47.81489510858183,13.476766434746185,S3_gaming,cutoff
2128.0,0.5911111111111111,0.7831325500482473,3.941566275024124,0.03005212834700624,1.5034671640020618,3.7912367735572894,5.7,47.81232162392256,13.47594291965522,S3_gaming,cutoff
2130.0,0.5916666666666667,0.7829237321702891,3.9414618660851444,0.030052989131656056,1.5035102792324477,3.79112805461523,5.7,47.809748133470464,13.475119402710549,S3_gaming,cutoff
2132.0,0.5922222222222222,0.7827149083038397,3.9413574541519196,0.03005384999230945,1.5035533982743736,3.7910193322979975,5.7,47.80717463722486,13.474295883911957,S3_gaming,cutoff
2134.0,0.5927777777777777,0.7825060784483697,3.941253039224185,0.030054710928977785,1.5035965211284197,3.7909106066052707,5.7,47.80460113518507,13.473472363259223,S3_gaming,cutoff
2136.0,0.5933333333333334,0.7822972426033498,3.941148621301675,0.03005557194167243,1.5036396477951464,3.790801877536728,5.7,47.802027627350384,13.472648840752123,S3_gaming,cutoff
2138.0,0.5938888888888889,0.7820884007682501,3.941044200384125,0.03005643303040476,1.503682778275131,3.790693145092047,5.7,47.79945411372011,13.471825316390436,S3_gaming,cutoff
2140.0,0.5944444444444444,0.7818795529425412,3.9409397764712706,0.030057294195186143,1.5037259125689455,3.790584409270906,5.7,47.79688059429358,13.471001790173947,S3_gaming,cutoff
2142.0,0.595,0.7816706991256932,3.9408353495628465,0.03005815543602796,1.5037690506771562,3.7904756700729836,5.7,47.7943070690701,13.470178262102433,S3_gaming,cutoff
2144.0,0.5955555555555555,0.7814618393171764,3.9407309196585882,0.030059016752941585,1.5038121926003372,3.7903669274979572,5.7,47.791733538048966,13.46935473217567,S3_gaming,cutoff
2146.0,0.5961111111111111,0.7812529735164608,3.9406264867582306,0.030059878145938402,1.5038553383390607,3.7902581815455045,5.7,47.78916000122952,13.468531200393446,S3_gaming,cutoff
2148.0,0.5966666666666667,0.7810441017230166,3.9405220508615084,0.030060739615029794,1.5038984878938981,3.7901494322153044,5.7,47.786586458611026,13.467707666755528,S3_gaming,cutoff
2150.0,0.5972222222222222,0.7808352239363137,3.940417611968157,0.030061601160227144,1.503941641265416,3.790040679507034,5.7,47.784012910192835,13.466884131261708,S3_gaming,cutoff
2152.0,0.5977777777777777,0.7806263401558218,3.940313170077911,0.030062462781541843,1.5039847984541943,3.789931923420371,5.7,47.78143935597423,13.466060593911754,S3_gaming,cutoff
2154.0,0.5983333333333334,0.7804174503810107,3.940208725190505,0.03006332447898528,1.504027959460802,3.7898231639549937,5.7,47.77886579595454,13.465237054705453,S3_gaming,cutoff
2156.0,0.5988888888888889,0.7802085546113503,3.940104277305675,0.03006418625256885,1.5040711242858078,3.789714401110579,5.7,47.77629223013307,13.464413513642585,S3_gaming,cutoff
2158.0,0.5994444444444444,0.7799996528463101,3.939999826423155,0.030065048102303947,1.5041142929297868,3.7896056348868057,5.7,47.77371865850913,13.463589970722923,S3_gaming,cutoff
2160.0,0.6,0.7797907450853597,3.9398953725426797,0.030065910028201966,1.5041574653933132,3.7894968652833514,5.7,47.771145081082025,13.46276642594625,S3_gaming,cutoff
2162.0,0.6005555555555555,0.7795818313279685,3.939790915663984,0.03006677203027431,1.504200641676953,3.789388092299892,5.7,47.76857149785108,13.461942879312344,S3_gaming,cutoff
2164.0,0.6011111111111112,0.779372911573606,3.939686455786803,0.03006763410853238,1.504243821781287,3.7892793159361053,5.7,47.76599790881559,13.46111933082099,S3_gaming,cutoff
2166.0,0.6016666666666667,0.7791639858217413,3.9395819929108704,0.030068496262987583,1.5042870057068807,3.789170536191671,5.7,47.76342431397486,13.460295780471956,S3_gaming,cutoff
2168.0,0.6022222222222222,0.7789550540718437,3.9394775270359217,0.030069358493651322,1.5043301934543118,3.789061753066264,5.7,47.76085071332821,13.459472228265028,S3_gaming,cutoff
2170.0,0.6027777777777777,0.7787461163233825,3.9393730581616913,0.03007022080053501,1.5043733850241519,3.7889529665595623,5.7,47.75827710687496,13.458648674199987,S3_gaming,cutoff
2172.0,0.6033333333333334,0.7785371725758267,3.9392685862879135,0.030071083183650062,1.50441658041697,3.788844176671244,5.7,47.755703494614394,13.457825118276608,S3_gaming,cutoff
2174.0,0.6038888888888889,0.7783282228286452,3.9391641114143225,0.03007194564300789,1.5044597796333463,3.7887353834009856,5.7,47.753129876545835,13.457001560494668,S3_gaming,cutoff
2176.0,0.6044444444444445,0.7781192670813071,3.9390596335406536,0.030072808178619907,1.5045029826738499,3.7886265867484643,5.7,47.75055625266859,13.45617800085395,S3_gaming,cutoff
2178.0,0.605,0.777910305333281,3.9389551526666406,0.030073670790497536,1.5045461895390522,3.788517786713357,5.7,47.74798262298198,13.455354439354233,S3_gaming,cutoff
2180.0,0.6055555555555555,0.7777013375840358,3.9388506687920177,0.0300745334786522,1.5045894002295335,3.7884089832953416,5.7,47.74540898748528,13.454530875995289,S3_gaming,cutoff
2182.0,0.6061111111111112,0.7774923638330401,3.93874618191652,0.030075396243095322,1.50463261474586,3.788300176494094,5.7,47.742835346177834,13.453707310776908,S3_gaming,cutoff
2184.0,0.6066666666666667,0.7772833840797626,3.9386416920398815,0.03007625908383833,1.504675833088609,3.7881913663092925,5.7,47.74026169905894,13.452883743698862,S3_gaming,cutoff
2186.0,0.6072222222222222,0.7770743983236716,3.9385371991618356,0.030077122000892652,1.5047190552583523,3.7880825527406135,5.7,47.737688046127886,13.452060174760923,S3_gaming,cutoff
2188.0,0.6077777777777778,0.7768654065642359,3.938432703282118,0.030077984994269717,1.5047622812556698,3.787973735787733,5.7,47.735114387384016,13.451236603962887,S3_gaming,cutoff
2190.0,0.6083333333333333,0.7766564088009235,3.9383282044004617,0.030078848063980965,1.504805511081128,3.787864915450329,5.7,47.73254072282661,13.450413031304517,S3_gaming,cutoff
2192.0,0.6088888888888889,0.7764474050332028,3.938223702516601,0.030079711210037826,1.504848744735307,3.787756091728078,5.7,47.72996705245499,13.449589456785596,S3_gaming,cutoff
2194.0,0.6094444444444445,0.776238395260542,3.9381191976302707,0.030080574432451743,1.5048919822187783,3.787647264620656,5.7,47.72739337626845,13.448765880405904,S3_gaming,cutoff
2196.0,0.61,0.7760293794824091,3.9380146897412045,0.030081437731234156,1.5049352235321167,3.78753843412774,5.7,47.72481969426632,13.447942302165224,S3_gaming,cutoff
2198.0,0.6105555555555555,0.7758203576982724,3.937910178849136,0.03008230110639651,1.5049784686758938,3.787429600249007,5.7,47.72224600644789,13.447118722063324,S3_gaming,cutoff
2200.0,0.6111111111111112,0.7756113299075996,3.9378056649537996,0.030083164557950248,1.5050217176506924,3.787320762984133,5.7,47.71967231281246,13.44629514009999,S3_gaming,cutoff
2202.0,0.6116666666666667,0.7754022961098587,3.9377011480549293,0.03008402808590682,1.5050649704570789,3.787211922332795,5.7,47.71709861335936,13.445471556274997,S3_gaming,cutoff
2204.0,0.6122222222222222,0.7751932563045174,3.9375966281522587,0.030084891690277678,1.5051082270956333,3.787103078294669,5.7,47.714524908087895,13.444647970588127,S3_gaming,cutoff
2206.0,0.6127777777777778,0.7749842104910435,3.937492105245522,0.030085755371074274,1.5051514875669303,3.786994230869432,5.7,47.711951196997354,13.443824383039154,S3_gaming,cutoff
2208.0,0.6133333333333333,0.7747751586689047,3.9373875793344526,0.030086619128308064,1.505194751871544,3.78688538005676,5.7,47.70937748008706,13.44300079362786,S3_gaming,cutoff
2210.0,0.6138888888888889,0.7745661008375684,3.937283050418784,0.030087482961990507,1.5052380200100468,3.7867765258563293,5.7,47.706803757356305,13.442177202354017,S3_gaming,cutoff
2212.0,0.6144444444444445,0.7743570369965022,3.937178518498251,0.030088346872133062,1.505281291983021,3.7866676682678158,5.7,47.7042300288044,13.441353609217408,S3_gaming,cutoff
2214.0,0.615,0.7741479671451733,3.9370739835725868,0.030089210858747197,1.5053245677910359,3.786558807290896,5.7,47.70165629443066,13.440530014217813,S3_gaming,cutoff
2216.0,0.6155555555555555,0.7739388912830493,3.9369694456415245,0.030090074921844373,1.5053678474346714,3.786449942925246,5.7,47.69908255423439,13.439706417355005,S3_gaming,cutoff
2218.0,0.6161111111111112,0.7737298094095972,3.9368649047047986,0.030090939061436058,1.5054111309144995,3.7863410751705424,5.7,47.69650880821489,13.438882818628764,S3_gaming,cutoff
2220.0,0.6166666666666667,0.7735207215242843,3.9367603607621424,0.030091803277533725,1.5054544182311003,3.7862322040264598,5.7,47.69393505637147,13.438059218038871,S3_gaming,cutoff
2222.0,0.6172222222222222,0.7733116276265776,3.9366558138132888,0.030092667570148845,1.5054977093850452,3.7861233294926753,5.7,47.69136129870344,13.437235615585102,S3_gaming,cutoff
2224.0,0.6177777777777778,0.7731025277159441,3.936551263857972,0.030093531939292893,1.5055410043769173,3.786014451568865,5.7,47.68878753521009,13.43641201126723,S3_gaming,cutoff
2226.0,0.6183333333333333,0.7728934217918507,3.9364467108959253,0.030094396384977348,1.5055843032072858,3.7859055702547044,5.7,47.68621376589075,13.43558840508504,S3_gaming,cutoff
2228.0,0.6188888888888889,0.7726843098537644,3.936342154926882,0.030095260907213692,1.5056276058767304,3.7857966855498693,5.7,47.68363999074471,13.434764797038307,S3_gaming,cutoff
2230.0,0.6194444444444445,0.7724751919011517,3.9362375959505758,0.030096125506013403,1.5056709123858285,3.785687797454036,5.7,47.681066209771274,13.433941187126807,S3_gaming,cutoff
2232.0,0.62,0.7722660679334794,3.9361330339667395,0.030096990181387968,1.505714222735152,3.7855789059668794,5.7,47.678492422969754,13.433117575350321,S3_gaming,cutoff
2234.0,0.6205555555555555,0.7720569379502141,3.936028468975107,0.030097854933348874,1.505757536925284,3.785470011088075,5.7,47.67591863033945,13.432293961708625,S3_gaming,cutoff
2236.0,0.6211111111111111,0.7718478019508224,3.9359239009754114,0.030098719761907613,1.5058008549567985,3.7853611128172995,5.7,47.67334483187969,13.4314703462015,S3_gaming,cutoff
2238.0,0.6216666666666667,0.7716386599347705,3.9358193299673854,0.030099584667075675,1.5058441768302733,3.7852522111542273,5.7,47.670771027589744,13.430646728828718,S3_gaming,cutoff
2240.0,0.6222222222222222,0.771429511901525,3.9357147559507624,0.030100449648864557,1.5058875025462852,3.7851433060985347,5.7,47.66819721746892,13.429823109590055,S3_gaming,cutoff
2242.0,0.6227777777777778,0.771220357850552,3.935610178925276,0.030101314707285755,1.5059308321054121,3.7850343976498975,5.7,47.66562340151655,13.428999488485296,S3_gaming,cutoff
2244.0,0.6233333333333333,0.7710111977813178,3.935505598890659,0.03010217984235077,1.5059741655082282,3.7849254858079897,5.7,47.663049579731926,13.428175865514216,S3_gaming,cutoff
2246.0,0.6238888888888889,0.7708020316932884,3.935401015846644,0.0301030450540711,1.5060175027553135,3.7848165705724885,5.7,47.66047575211434,13.427352240676589,S3_gaming,cutoff
2248.0,0.6244444444444445,0.7705928595859299,3.935296429792965,0.030103910342458257,1.5060608438472483,3.7847076519430667,5.7,47.65790191866311,13.426528613972195,S3_gaming,cutoff
2250.0,0.625,0.7703836814587084,3.9351918407293542,0.03010477570752374,1.5061041887846072,3.7845987299194017,5.7,47.65532807937755,13.425704985400815,S3_gaming,cutoff
2252.0,0.6255555555555555,0.7701744973110896,3.935087248655545,0.030105641149279067,1.5061475375679672,3.7844898045011686,5.7,47.65275423425693,13.424881354962219,S3_gaming,cutoff
2254.0,0.6261111111111111,0.7699653071425392,3.9349826535712698,0.030106506667735743,1.5061908901979086,3.7843808756880413,5.7,47.650180383300594,13.42405772265619,S3_gaming,cutoff
2256.0,0.6266666666666667,0.769756110952523,3.9348780554762617,0.030107372262905285,1.506234246675009,3.784271943479696,5.7,47.647606526507815,13.4232340884825,S3_gaming,cutoff
2258.0,0.6272222222222222,0.7695469087405068,3.9347734543702533,0.030108237934799206,1.5062776069998451,3.7841630078758066,5.7,47.64503266387791,13.422410452440932,S3_gaming,cutoff
2260.0,0.6277777777777778,0.769337700505956,3.934668850252978,0.03010910368342903,1.5063209711730001,3.784054068876049,5.7,47.64245879541019,13.421586814531262,S3_gaming,cutoff
2262.0,0.6283333333333333,0.7691284862483361,3.934564243124168,0.03010996950880628,1.5063643391950459,3.783945126480098,5.7,47.63988492110395,13.420763174753263,S3_gaming,cutoff
2264.0,0.6288888888888889,0.7689192659671125,3.934459632983556,0.030110835410942473,1.506407711066568,3.7838361806876293,5.7,47.63731104095849,13.419939533106716,S3_gaming,cutoff
2266.0,0.6294444444444445,0.7687100396617504,3.934355019830875,0.030111701389849144,1.506451086788138,3.7837272314983155,5.7,47.63473715497311,13.419115889591396,S3_gaming,cutoff
2268.0,0.63,0.7685008073317152,3.9342504036658577,0.030112567445537815,1.506494466360342,3.783618278911833,5.7,47.63216326314712,13.418292244207079,S3_gaming,cutoff
2270.0,0.6305555555555555,0.768291568976472,3.934145784488236,0.030113433578020023,1.5065378497837512,3.7835093229278565,5.7,47.62958936547984,13.417468596953547,S3_gaming,cutoff
2272.0,0.6311111111111111,0.7680823245954859,3.934041162297743,0.0301142997873073,1.5065812370589515,3.78340036354606,5.7,47.627015461970544,13.416644947830575,S3_gaming,cutoff
2274.0,0.6316666666666667,0.7678730741882217,3.9339365370941106,0.03011516607341118,1.5066246281865203,3.7832914007661187,5.7,47.624441552618535,13.415821296837931,S3_gaming,cutoff
2276.0,0.6322222222222222,0.7676638177541445,3.9338319088770723,0.030116032436343202,1.5066680231670349,3.783182434587707,5.7,47.62186763742315,13.414997643975408,S3_gaming,cutoff
2278.0,0.6327777777777778,0.7674545552927191,3.9337272776463594,0.030116898876114913,1.506711422001078,3.7830734650104993,5.7,47.619293716383666,13.414173989242773,S3_gaming,cutoff
2280.0,0.6333333333333333,0.7672452868034102,3.933622643401705,0.03011776539273785,1.506754824689227,3.7829644920341696,5.7,47.61671978949938,13.413350332639801,S3_gaming,cutoff
2282.0,0.6338888888888888,0.7670360122856825,3.933518006142841,0.030118631986223564,1.506798231232062,3.782855515658394,5.7,47.6141458567696,13.412526674166273,S3_gaming,cutoff
2284.0,0.6344444444444445,0.7668267317390006,3.9334133658695003,0.0301194986565836,1.5068416416301604,3.7827465358828447,5.7,47.61157191819365,13.411703013821967,S3_gaming,cutoff
2286.0,0.635,0.766617445162829,3.9333087225814145,0.030120365403829515,1.5068850558841078,3.782637552707197,5.7,47.60899797377079,13.410879351606654,S3_gaming,cutoff
2288.0,0.6355555555555555,0.7664081525566321,3.933204076278316,0.030121232227972854,1.5069284739944815,3.7825285661311256,5.7,47.60642402350037,13.410055687520117,S3_gaming,cutoff
2290.0,0.6361111111111111,0.7661988539198742,3.933099426959937,0.03012209912902518,1.5069718959618617,3.782419576154304,5.7,47.60385006738165,13.409232021562127,S3_gaming,cutoff
2292.0,0.6366666666666667,0.7659895492520197,3.93299477462601,0.030122966106998047,1.507015321786828,3.7823105827764065,5.7,47.601276105413945,13.408408353732463,S3_gaming,cutoff
2294.0,0.6372222222222222,0.7657802385525326,3.932890119276266,0.03012383316190302,1.507058751469964,3.782201585997108,5.7,47.598702137596554,13.407584684030898,S3_gaming,cutoff
2296.0,0.6377777777777778,0.7655709218208772,3.9327854609104387,0.030124700293751663,1.5071021850118438,3.7820925858160805,5.7,47.59612816392881,13.406761012457219,S3_gaming,cutoff
2298.0,0.6383333333333333,0.7653615990565173,3.9326807995282587,0.030125567502555538,1.5071456224130557,3.781983582233,5.7,47.59355418440996,13.405937339011189,S3_gaming,cutoff
2300.0,0.6388888888888888,0.7651522702589171,3.932576135129459,0.030126434788326214,1.5071890636741774,3.7818745752475396,5.7,47.59098019903936,13.405113663692594,S3_gaming,cutoff
2302.0,0.6394444444444445,0.7649429354275402,3.93247146771377,0.03012730215107526,1.5072325087957887,3.7817655648593735,5.7,47.58840620781627,13.404289986501206,S3_gaming,cutoff
2304.0,0.64,0.7647335945618506,3.9323667972809253,0.030128169590814255,1.5072759577784727,3.7816565510681746,5.7,47.58583221074,13.403466307436801,S3_gaming,cutoff
2306.0,0.6405555555555555,0.7645242476613119,3.932262123830656,0.03012903710755477,1.5073194106228065,3.7815475338736184,5.7,47.58325820780987,13.402642626499158,S3_gaming,cutoff
2308.0,0.6411111111111111,0.7643148947253877,3.9321574473626937,0.03012990470130839,1.5073628673293786,3.781438513275377,5.7,47.58068419902514,13.401818943688047,S3_gaming,cutoff
2310.0,0.6416666666666667,0.7641055357535416,3.9320527678767707,0.030130772372086688,1.5074063278987637,3.781329489273124,5.7,47.57811018438518,13.400995259003258,S3_gaming,cutoff
2312.0,0.6422222222222222,0.763896170745237,3.9319480853726185,0.03013164011990125,1.50744979233155,3.7812204618665346,5.7,47.57553616388921,13.400171572444549,S3_gaming,cutoff
2314.0,0.6427777777777778,0.7636867996999372,3.931843399849969,0.030132507944763662,1.507493260628312,3.781111431055282,5.7,47.5729621375366,13.399347884011712,S3_gaming,cutoff
2316.0,0.6433333333333333,0.7634774226171057,3.9317387113085527,0.03013337584668551,1.5075367327896383,3.7810023968390385,5.7,47.570388105326586,13.398524193704509,S3_gaming,cutoff
2318.0,0.6438888888888888,0.7632680394962056,3.9316340197481026,0.03013424382567839,1.507580208816106,3.7808933592174783,5.7,47.567814067258524,13.397700501522728,S3_gaming,cutoff
2320.0,0.6444444444444445,0.7630586503367001,3.9315293251683503,0.030135111881753884,1.5076236887082983,3.7807843181902747,5.7,47.56524002333168,13.396876807466139,S3_gaming,cutoff
2322.0,0.645,0.7628492551380521,3.931424627569026,0.030135980014923597,1.5076671724668005,3.7806752737571006,5.7,47.562665973545364,13.396053111534517,S3_gaming,cutoff
2324.0,0.6455555555555555,0.7626398538997248,3.9313199269498624,0.030136848225199128,1.5077106600921901,3.78056622591763,5.7,47.56009191789888,13.395229413727643,S3_gaming,cutoff
2326.0,0.6461111111111111,0.7624304466211809,3.9312152233105904,0.03013771651259207,1.5077541515850557,3.780457174671536,5.7,47.55751785639152,13.394405714045286,S3_gaming,cutoff
2328.0,0.6466666666666666,0.7622210333018832,3.9311105166509415,0.030138584877114034,1.5077976469459713,3.780348120018492,5.7,47.55494378902259,13.39358201248723,S3_gaming,cutoff
2330.0,0.6472222222222223,0.7620116139412946,3.9310058069706475,0.03013945331877662,1.5078411461755286,3.7802390619581705,5.7,47.552369715791386,13.392758309053244,S3_gaming,cutoff
2332.0,0.6477777777777778,0.7618021885388776,3.930901094269439,0.030140321837591435,1.5078846492743048,3.780130000490245,5.7,47.5497956366972,13.391934603743103,S3_gaming,cutoff
2334.0,0.6483333333333333,0.7615927570940948,3.9307963785470474,0.030141190433570095,1.5079281562428852,3.7800209356143886,5.7,47.547221551739334,13.391110896556587,S3_gaming,cutoff
2336.0,0.6488888888888888,0.7613833196064087,3.9306916598032045,0.030142059106724208,1.5079716670818533,3.779911867330274,5.7,47.5446474609171,13.390287187493472,S3_gaming,cutoff
2338.0,0.6494444444444445,0.7611738760752818,3.930586938037641,0.03014292785706539,1.5080151817917913,3.7798027956375746,5.7,47.54207336422977,13.389463476553528,S3_gaming,cutoff
2340.0,0.65,0.7609644265001763,3.9304822132500883,0.03014379668460526,1.5080587003732797,3.779693720535963,5.7,47.53949926167669,13.38863976373654,S3_gaming,cutoff
2342.0,0.6505555555555556,0.7607549708805544,3.9303774854402773,0.030144665589355437,1.508102222826907,3.7795846420251116,5.7,47.5369251532571,13.387816049042273,S3_gaming,cutoff
2344.0,0.6511111111111111,0.7605455092158784,3.9302727546079392,0.030145534571327542,1.5081457491532557,3.7794755601046934,5.7,47.534351038970335,13.386992332470507,S3_gaming,cutoff
2346.0,0.6516666666666666,0.7603360415056103,3.930168020752805,0.030146403630533204,1.5081892793529088,3.779366474774382,5.7,47.53177691881568,13.386168614021019,S3_gaming,cutoff
2348.0,0.6522222222222223,0.7601265677492122,3.930063283874606,0.03014727276698405,1.5082328134264493,3.7792573860338488,5.7,47.529202792792454,13.385344893693587,S3_gaming,cutoff
2350.0,0.6527777777777778,0.7599170879461459,3.929958543973073,0.030148141980691708,1.5082763513744601,3.7791482938827667,5.7,47.526628660899924,13.384521171487977,S3_gaming,cutoff
2352.0,0.6533333333333333,0.7597076020958732,3.9298538010479365,0.030149011271667813,1.5083198931975295,3.7790391983208096,5.7,47.52405452313741,13.383697447403971,S3_gaming,cutoff
2354.0,0.6538888888888889,0.759498110197856,3.9297490550989282,0.030149880639924,1.5083634388962375,3.7789300993476482,5.7,47.52148037950422,13.38287372144135,S3_gaming,cutoff
2356.0,0.6544444444444445,0.7592886122515559,3.9296443061257778,0.030150750085471904,1.5084069884711697,3.7788209969629554,5.7,47.518906229999594,13.382049993599871,S3_gaming,cutoff
2358.0,0.655,0.7590791082564344,3.929539554128217,0.030151619608323167,1.5084505419229122,3.7787118911664037,5.7,47.51633207462289,13.381226263879324,S3_gaming,cutoff
2360.0,0.6555555555555556,0.7588695982119533,3.9294347991059766,0.03015248920848943,1.5084940992520501,3.778602781957666,5.7,47.51375791337338,13.380402532279483,S3_gaming,cutoff
2362.0,0.6561111111111111,0.7586600821175739,3.929330041058787,0.03015335888598234,1.5085376604591638,3.778493669336414,5.7,47.51118374625038,13.379578798800122,S3_gaming,cutoff
2364.0,0.6566666666666666,0.7584505599727573,3.9292252799863787,0.030154228640813543,1.5085812255448416,3.778384553302321,5.7,47.50860957325316,13.378755063441012,S3_gaming,cutoff
2366.0,0.6572222222222223,0.7582410317769651,3.9291205158884823,0.03015509847299469,1.5086247945096691,3.7782754338550575,5.7,47.506035394381016,13.377931326201926,S3_gaming,cutoff
2368.0,0.6577777777777778,0.7580314975296584,3.9290157487648294,0.030155968382537434,1.5086683673542294,3.7781663109942967,5.7,47.50346120963329,13.377107587082655,S3_gaming,cutoff
2370.0,0.6583333333333333,0.7578219572302982,3.928910978615149,0.030156838369453428,1.508711944079108,3.77805718471971,5.7,47.50088701900923,13.376283846082954,S3_gaming,cutoff
2372.0,0.6588888888888889,0.7576124108783456,3.928806205439173,0.03015770843375433,1.5087555246848905,3.7779480550309703,5.7,47.49831282250816,13.375460103202611,S3_gaming,cutoff
2374.0,0.6594444444444445,0.7574028584732616,3.928701429236631,0.0301585785754518,1.5087991091721624,3.7778389219277493,5.7,47.49573862012936,13.374636358441395,S3_gaming,cutoff
2376.0,0.66,0.757193300014507,3.9285966500072536,0.0301594487945575,1.5088426975415126,3.7777297854097185,5.7,47.49316441187212,13.37381261179908,S3_gaming,cutoff
2378.0,0.6605555555555556,0.7569837355015426,3.9284918677507714,0.0301603190910831,1.5088862897935207,3.77762064547655,5.7,47.490590197735756,13.372988863275442,S3_gaming,cutoff
2380.0,0.6611111111111111,0.7567741649338291,3.9283870824669145,0.03016118946504026,1.508929885928778,3.7775115021279158,5.7,47.48801597771956,13.37216511287026,S3_gaming,cutoff
2382.0,0.6616666666666666,0.7565645883108271,3.9282822941554136,0.030162059916440654,1.5089734859478647,3.777402355363487,5.7,47.48544175182283,13.371341360583306,S3_gaming,cutoff
2384.0,0.6622222222222223,0.7563550056319971,3.9281775028159984,0.030162930445295954,1.5090170898513722,3.777293205182936,5.7,47.48286752004484,13.37051760641435,S3_gaming,cutoff
2386.0,0.6627777777777778,0.7561454168967996,3.9280727084483997,0.030163801051617832,1.5090606976398857,3.7771840515859347,5.7,47.48029328238491,13.369693850363173,S3_gaming,cutoff
2388.0,0.6633333333333333,0.755935822104695,3.9279679110523475,0.03016467173541797,1.5091043093139882,3.777074894572154,5.7,47.47771903884234,13.36887009242955,S3_gaming,cutoff
2390.0,0.6638888888888889,0.7557262212551435,3.927863110627572,0.030165542496708043,1.5091479248742712,3.7769657341412657,5.7,47.4751447894164,13.368046332613249,S3_gaming,cutoff
2392.0,0.6644444444444444,0.7555166143476055,3.9277583071738027,0.03016641333549974,1.509191544321317,3.7768565702929413,5.7,47.4725705341064,13.36722257091405,S3_gaming,cutoff
2394.0,0.665,0.755307001381541,3.9276535006907705,0.03016728425180474,1.5092351676557147,3.7767474030268526,5.7,47.46999627291164,13.366398807331723,S3_gaming,cutoff
2396.0,0.6655555555555556,0.7550973823564101,3.927548691178205,0.03016815524563473,1.5092787948780522,3.7766382323426706,5.7,47.4674220058314,13.36557504186605,S3_gaming,cutoff
2398.0,0.6661111111111111,0.7548877572716727,3.9274438786358363,0.030169026317001402,1.5093224259889126,3.7765290582400657,5.7,47.46484773286499,13.364751274516797,S3_gaming,cutoff
2400.0,0.6666666666666666,0.7546781261267886,3.9273390630633944,0.03016989746591645,1.5093660609888842,3.776419880718711,5.7,47.462273454011694,13.363927505283742,S3_gaming,cutoff
2402.0,0.6672222222222223,0.7544684889212179,3.927234244460609,0.030170768692391565,1.5094096998785582,3.7763106997782767,5.7,47.45969916927081,13.36310373416666,S3_gaming,cutoff
2404.0,0.6677777777777778,0.75425884565442,3.92712942282721,0.030171639996438446,1.5094533426585177,3.776201515418434,5.7,47.457124878641636,13.362279961165324,S3_gaming,cutoff
2406.0,0.6683333333333333,0.7540491963258548,3.9270245981629275,0.030172511378068794,1.5094969893293535,3.7760923276388545,5.7,47.45455058212347,13.36145618627951,S3_gaming,cutoff
2408.0,0.6688888888888889,0.7538395409349817,3.926919770467491,0.03017338283729431,1.5095406398916489,3.775983136439209,5.7,47.45197627971559,13.360632409508987,S3_gaming,cutoff
2410.0,0.6694444444444444,0.7536298794812603,3.92681493974063,0.0301742543741267,1.5095842943459947,3.7758739418191682,5.7,47.44940197141729,13.359808630853532,S3_gaming,cutoff
2412.0,0.67,0.7534202119641499,3.926710105982075,0.030175125988577668,1.5096279526929794,3.775764743778403,5.7,47.44682765722789,13.358984850312925,S3_gaming,cutoff
2414.0,0.6705555555555556,0.7532105383831098,3.9266052691915547,0.030175997680658928,1.509671614933189,3.7756555423165854,5.7,47.444253337146655,13.35816106788693,S3_gaming,cutoff
2416.0,0.6711111111111111,0.7530008587375993,3.9265004293687995,0.030176869450382192,1.5097152810672088,3.7755463374333855,5.7,47.4416790111729,13.357337283575328,S3_gaming,cutoff
2418.0,0.6716666666666666,0.7527911730270774,3.9263955865135385,0.030177741297759172,1.5097589510956355,3.7754371291284734,5.7,47.439104679305906,13.35651349737789,S3_gaming,cutoff
2420.0,0.6722222222222223,0.7525814812510034,3.9262907406255017,0.03017861322280159,1.5098026250190522,3.775327917401521,5.7,47.43653034154497,13.355689709294392,S3_gaming,cutoff
2422.0,0.6727777777777778,0.7523717834088363,3.926185891704418,0.03017948522552116,1.5098463028380442,3.7752187022521984,5.7,47.433955997889406,13.35486591932461,S3_gaming,cutoff
2424.0,0.6733333333333333,0.7521620795000348,3.9260810397500174,0.030180357305929606,1.5098899845532059,3.775109483680176,5.7,47.43138164833847,13.354042127468311,S3_gaming,cutoff
2426.0,0.6738888888888889,0.7519523695240578,3.925976184762029,0.030181229464038655,1.5099336701651227,3.775000261685125,5.7,47.42880729289147,13.353218333725271,S3_gaming,cutoff
2428.0,0.6744444444444444,0.751742653480364,3.925871326740182,0.03018210169986003,1.509977359674386,3.774891036266716,5.7,47.4262329315477,13.352394538095265,S3_gaming,cutoff
2430.0,0.675,0.7515329313684121,3.925766465684206,0.03018297401340547,1.510021053081581,3.7747818074246187,5.7,47.423658564306464,13.351570740578069,S3_gaming,cutoff
2432.0,0.6755555555555556,0.7513232031876608,3.9256616015938306,0.030183846404686698,1.5100647503873021,3.7746725751585046,5.7,47.42108419116703,13.350746941173451,S3_gaming,cutoff
2434.0,0.6761111111111111,0.7511134689375685,3.9255567344687843,0.030184718873715453,1.5101084515921348,3.774563339468043,5.7,47.41850981212872,13.34992313988119,S3_gaming,cutoff
2436.0,0.6766666666666666,0.7509037286175936,3.925451864308797,0.03018559142050347,1.5101521566966674,3.7744541003529046,5.7,47.415935427190796,13.349099336701055,S3_gaming,cutoff
2438.0,0.6772222222222222,0.7506939822271944,3.925346991113597,0.03018646404506249,1.510195865701494,3.7743448578127605,5.7,47.413361036352576,13.348275531632826,S3_gaming,cutoff
2440.0,0.6777777777777778,0.7504842297658293,3.9252421148829146,0.03018733674740426,1.5102395786072003,3.774235611847279,5.7,47.41078663961334,13.347451724676269,S3_gaming,cutoff
2442.0,0.6783333333333333,0.7502744712329563,3.925137235616478,0.030188209527540515,1.5102832954143774,3.7741263624561325,5.7,47.40821223697238,13.346627915831164,S3_gaming,cutoff
2444.0,0.6788888888888889,0.7500647066280336,3.925032353314017,0.030189082385483013,1.5103270161236138,3.77401710963899,5.7,47.40563782842901,13.345804105097283,S3_gaming,cutoff
2446.0,0.6794444444444444,0.7498549359505191,3.9249274679752597,0.030189955321243498,1.5103707407355031,3.773907853395521,5.7,47.40306341398247,13.344980292474393,S3_gaming,cutoff
2448.0,0.68,0.7496451591998708,3.9248225795999354,0.030190828334833723,1.5104144692506316,3.773798593725396,5.7,47.4004889936321,13.344156477962272,S3_gaming,cutoff
2450.0,0.6805555555555556,0.7494353763755466,3.9247176881877732,0.030191701426265444,1.51045820166959,3.773689330628286,5.7,47.39791456737717,13.343332661560696,S3_gaming,cutoff
2452.0,0.6811111111111111,0.7492255874770041,3.9246127937385022,0.030192574595550418,1.5105019379929723,3.773580064103859,5.7,47.395340135217,13.342508843269439,S3_gaming,cutoff
2454.0,0.6816666666666666,0.7490157925037011,3.9245078962518507,0.030193447842700404,1.5105456782213644,3.7734707941517867,5.7,47.39276569715083,13.341685023088266,S3_gaming,cutoff
2456.0,0.6822222222222222,0.7488059914550952,3.9244029957275477,0.030194321167727165,1.51058942235536,3.7733615207717373,5.7,47.390191253177974,13.340861201016953,S3_gaming,cutoff
2458.0,0.6827777777777778,0.7485961843306438,3.924298092165322,0.030195194570642465,1.5106331703955505,3.7732522439633804,5.7,47.38761680329774,13.340037377055276,S3_gaming,cutoff
2460.0,0.6833333333333333,0.7483863711298044,3.9241931855649024,0.030196068051458077,1.5106769223425214,3.773142963726388,5.7,47.38504234750942,13.339213551203015,S3_gaming,cutoff
2462.0,0.6838888888888889,0.7481765518520345,3.9240882759260174,0.030196941610185764,1.5107206781968696,3.773033680060428,5.7,47.38246788581227,13.338389723459926,S3_gaming,cutoff
2464.0,0.6844444444444444,0.7479667264967911,3.9239833632483956,0.030197815246837303,1.5107644379591834,3.7729243929651695,5.7,47.37989341820561,13.337565893825795,S3_gaming,cutoff
2466.0,0.685,0.7477568950635315,3.9238784475317656,0.030198688961424466,1.5108082016300566,3.772815102440282,5.7,47.377318944688724,13.336742062300392,S3_gaming,cutoff
2468.0,0.6855555555555556,0.7475470575517128,3.9237735287758566,0.030199562753959033,1.510851969210078,3.7727058084854375,5.7,47.3747444652609,13.33591822888349,S3_gaming,cutoff
2470.0,0.6861111111111111,0.7473372139607921,3.923668606980396,0.030200436624452785,1.5108957406998413,3.772596511100302,5.7,47.372169979921416,13.335094393574854,S3_gaming,cutoff
2472.0,0.6866666666666666,0.7471273642902263,3.9235636821451134,0.0302013105729175,1.510939516099935,3.772487210284547,5.7,47.3695954886696,13.334270556374273,S3_gaming,cutoff
2474.0,0.6872222222222222,0.7469175085394723,3.923458754269736,0.030202184599364967,1.5109832954109503,3.772377906037841,5.7,47.36702099150471,13.333446717281507,S3_gaming,cutoff
2476.0,0.6877777777777778,0.7467076467079866,3.9233538233539935,0.030203058703806972,1.5110270786334867,3.7722685983598536,5.7,47.36444648842603,13.332622876296332,S3_gaming,cutoff
2478.0,0.6883333333333334,0.7464977787952263,3.9232488893976134,0.030203932886255308,1.511070865768127,3.772159287250254,5.7,47.361871979432884,13.331799033418523,S3_gaming,cutoff
2480.0,0.6888888888888889,0.7462879048006477,3.923143952400324,0.030204807146721763,1.511114656815468,3.7720499727087105,5.7,47.359297464524516,13.330975188647846,S3_gaming,cutoff
2482.0,0.6894444444444444,0.7460780247237074,3.923039012361854,0.030205681485218138,1.5111584517761012,3.7719406547348937,5.7,47.35672294370026,13.330151341984084,S3_gaming,cutoff
2484.0,0.69,0.745868138563862,3.922934069281931,0.030206555901756228,1.5112022506506229,3.771831333328471,5.7,47.35414841695937,13.329327493426998,S3_gaming,cutoff
2486.0,0.6905555555555556,0.7456582463205678,3.922829123160284,0.030207430396347833,1.5112460534396188,3.7717220084891125,5.7,47.35157388430116,13.328503642976372,S3_gaming,cutoff
2488.0,0.6911111111111111,0.7454483479932809,3.9227241739966403,0.030208304969004753,1.5112898601436857,3.7716126802164878,5.7,47.3489993457249,13.327679790631969,S3_gaming,cutoff
2490.0,0.6916666666666667,0.7452384435814576,3.922619221790729,0.030209179619738798,1.511333670763415,3.771503348510264,5.7,47.3464248012299,13.326855936393569,S3_gaming,cutoff
2492.0,0.6922222222222222,0.7450285330845542,3.922514266542277,0.030210054348561773,1.5113774852993977,3.77139401337011,5.7,47.343850250815436,13.326032080260939,S3_gaming,cutoff
2494.0,0.6927777777777778,0.7448186165020265,3.922409308251013,0.03021092915548549,1.5114213037522333,3.771284674795696,5.7,47.34127569448079,13.325208222233854,S3_gaming,cutoff
2496.0,0.6933333333333334,0.7446086938333306,3.922304346916665,0.030211804040521765,1.5114651261225076,3.7711753327866897,5.7,47.33870113222526,13.324384362312085,S3_gaming,cutoff
2498.0,0.6938888888888889,0.7443987650779222,3.9221993825389614,0.030212679003682408,1.5115089524108172,3.77106598734276,5.7,47.33612656404815,13.32356050049541,S3_gaming,cutoff
2500.0,0.6944444444444444,0.7441888302352573,3.9220944151176287,0.03021355404497924,1.5115527826177588,3.7709566384635753,5.7,47.33355198994871,13.322736636783588,S3_gaming,cutoff
2502.0,0.695,0.7439788893047914,3.9219894446523957,0.03021442916442408,1.511596616743918,3.7708472861488045,5.7,47.33097740992626,13.321912771176404,S3_gaming,cutoff
2504.0,0.6955555555555556,0.7437689422859802,3.92188447114299,0.03021530436202875,1.5116404547898976,3.7707379303981163,5.7,47.32840282398007,13.321088903673623,S3_gaming,cutoff
2506.0,0.6961111111111111,0.7435589891782793,3.9217794945891398,0.03021617963780508,1.5116842967562854,3.7706285712111782,5.7,47.325828232109444,13.320265034275023,S3_gaming,cutoff
2508.0,0.6966666666666667,0.7433490299811442,3.9216745149905723,0.030217054991764893,1.5117281426436757,3.77051920858766,5.7,47.32325363431365,13.31944116298037,S3_gaming,cutoff
2510.0,0.6972222222222222,0.7431390646940301,3.921569532347015,0.03021793042392002,1.5117719924526651,3.7704098425272288,5.7,47.320679030592,13.318617289789438,S3_gaming,cutoff
2512.0,0.6977777777777778,0.7429290933163925,3.9214645466581963,0.030218805934282302,1.511815846183845,3.770300473029553,5.7,47.31810442094375,13.317793414702,S3_gaming,cutoff
2514.0,0.6983333333333334,0.7427191158476864,3.921359557923843,0.030219681522863567,1.5118597038378117,3.7701911000943014,5.7,47.31552980536821,13.316969537717828,S3_gaming,cutoff
2516.0,0.6988888888888889,0.7425091322873669,3.9212545661436833,0.030220557189675652,1.5119035654151596,3.770081723721142,5.7,47.31295518386467,13.316145658836696,S3_gaming,cutoff
2518.0,0.6994444444444444,0.7422991426348893,3.9211495713174447,0.030221432934730404,1.5119474309164826,3.7699723439097426,5.7,47.31038055643242,13.315321778058376,S3_gaming,cutoff
2520.0,0.7,0.7420891468897084,3.9210445734448545,0.030222308758039662,1.5119913003423746,3.769862960659772,5.7,47.307805923070724,13.314497895382633,S3_gaming,cutoff
2522.0,0.7005555555555556,0.7418791450512792,3.9209395725256395,0.030223184659615272,1.5120351736934323,3.769753573970897,5.7,47.30523128377888,13.313674010809242,S3_gaming,cutoff
2524.0,0.7011111111111111,0.7416691371190562,3.920834568559528,0.030224060639469086,1.5120790509702497,3.7696441838427868,5.7,47.302656638556186,13.312850124337979,S3_gaming,cutoff
2526.0,0.7016666666666667,0.7414591230924945,3.9207295615462474,0.03022493669761295,1.5121229321734235,3.769534790275108,5.7,47.30008198740192,13.312026235968615,S3_gaming,cutoff
2528.0,0.7022222222222222,0.7412491029710485,3.920624551485524,0.030225812834058723,1.5121668173035452,3.7694253932675292,5.7,47.29750733031535,13.311202345700911,S3_gaming,cutoff
2530.0,0.7027777777777777,0.7410390767541728,3.9205195383770866,0.03022668904881826,1.5122107063612138,3.7693159928197186,5.7,47.294932667295804,13.310378453534657,S3_gaming,cutoff
2532.0,0.7033333333333334,0.7408290444413219,3.920414522220661,0.030227565341903417,1.512254599347021,3.7692065889313433,5.7,47.292357998342524,13.309554559469609,S3_gaming,cutoff
2534.0,0.7038888888888889,0.7406190060319501,3.920309503015975,0.030228441713326053,1.5122984962615686,3.769097181602071,5.7,47.28978332345483,13.308730663505544,S3_gaming,cutoff
2536.0,0.7044444444444444,0.7404089615255117,3.920204480762756,0.030229318163098037,1.5123423971054455,3.7689877708315698,5.7,47.28720864263198,13.307906765642235,S3_gaming,cutoff
2538.0,0.705,0.7401989109214611,3.9200994554607305,0.030230194691231234,1.512386301879251,3.768878356619507,5.7,47.28463395587328,13.307082865879451,S3_gaming,cutoff
2540.0,0.7055555555555556,0.7399888542192522,3.919994427109626,0.030231071297737513,1.5124302105835818,3.76876893896555,5.7,47.282059263178006,13.306258964216962,S3_gaming,cutoff
2542.0,0.7061111111111111,0.7397787914183392,3.91988939570917,0.03023194798262874,1.512474123219029,3.7686595178693665,5.7,47.27948456454546,13.305435060654549,S3_gaming,cutoff
2544.0,0.7066666666666667,0.7395687225181761,3.919784361259088,0.030232824745916796,1.5125180397861981,3.7685500933306235,5.7,47.27690985997491,13.30461115519197,S3_gaming,cutoff
2546.0,0.7072222222222222,0.7393586475182166,3.9196793237591083,0.030233701587613553,1.512561960285677,3.7684406653489884,5.7,47.27433514946564,13.303787247829005,S3_gaming,cutoff
2548.0,0.7077777777777777,0.7391485664179146,3.9195742832089575,0.030234578507730894,1.5126058847180657,3.7683312339241297,5.7,47.27176043301696,13.302963338565426,S3_gaming,cutoff
2550.0,0.7083333333333334,0.7389384792167238,3.919469239608362,0.030235455506280696,1.5126498130839576,3.7682217990557123,5.7,47.269185710628115,13.302139427400997,S3_gaming,cutoff
2552.0,0.7088888888888889,0.738728385914098,3.919364192957049,0.030236332583274843,1.5126937453839584,3.7681123607434057,5.7,47.2666109822984,13.30131551433549,S3_gaming,cutoff
2554.0,0.7094444444444444,0.7385182865094906,3.9192591432547452,0.030237209738725224,1.5127376816186533,3.7680029189868756,5.7,47.26403624802713,13.300491599368684,S3_gaming,cutoff
2556.0,0.71,0.7383081810023551,3.9191540905011775,0.030238086972643727,1.5127816217886474,3.7678934737857905,5.7,47.26146150781357,13.299667682500344,S3_gaming,cutoff
2558.0,0.7105555555555556,0.7380980693921448,3.9190490346960725,0.030238964285042247,1.5128255658945349,3.767784025139816,5.7,47.258886761657,13.298843763730241,S3_gaming,cutoff
2560.0,0.7111111111111111,0.7378879516783132,3.9189439758391567,0.030239841675932674,1.5128695139369124,3.767674573048619,5.7,47.25631200955671,13.298019843058148,S3_gaming,cutoff
2562.0,0.7116666666666667,0.7376778278603134,3.9188389139301565,0.030240719145326906,1.5129134659163794,3.767565117511868,5.7,47.253737251511986,13.297195920483835,S3_gaming,cutoff
2564.0,0.7122222222222222,0.7374676979375986,3.9187338489687993,0.030241596693236842,1.51295742183353,3.7674556585292285,5.7,47.251162487522116,13.296371996007077,S3_gaming,cutoff
2566.0,0.7127777777777777,0.7372575619096218,3.918628780954811,0.030242474319674386,1.5130013816889665,3.7673461961003674,5.7,47.24858771758637,13.295548069627639,S3_gaming,cutoff
2568.0,0.7133333333333334,0.737047419775836,3.9185237098879178,0.03024335202465144,1.5130453454832826,3.7672367302249525,5.7,47.24601294170404,13.294724141345291,S3_gaming,cutoff
2570.0,0.7138888888888889,0.7368372715356941,3.918418635767847,0.030244229808179916,1.513089313217078,3.767127260902649,5.7,47.243438159874415,13.293900211159814,S3_gaming,cutoff
2572.0,0.7144444444444444,0.7366271171886489,3.9183135585943245,0.030245107670271717,1.5131332848909522,3.7670177881331246,5.7,47.24086337209676,13.293076279070965,S3_gaming,cutoff
2574.0,0.715,0.7364169567341531,3.9182084783670765,0.030245985610938757,1.513177260505502,3.7669083119160462,5.7,47.23828857837037,13.29225234507852,S3_gaming,cutoff
2576.0,0.7155555555555555,0.7362067901716594,3.9181033950858297,0.030246863630192952,1.5132212400613243,3.7667988322510793,5.7,47.235713778694546,13.291428409182254,S3_gaming,cutoff
2578.0,0.7161111111111111,0.7359966175006203,3.91799830875031,0.03024774172804622,1.5132652235590183,3.7666893491378914,5.7,47.23313897306854,13.290604471381934,S3_gaming,cutoff
2580.0,0.7166666666666667,0.7357864387204883,3.917893219360244,0.030248619904510478,1.5133092109991835,3.766579862576147,5.7,47.23056416149166,13.28978053167733,S3_gaming,cutoff
2582.0,0.7172222222222222,0.7355762538307158,3.917788126915358,0.03024949815959765,1.5133532023824197,3.7664703725655158,5.7,47.22798934396318,13.288956590068219,S3_gaming,cutoff
2584.0,0.7177777777777777,0.7353660628307551,3.9176830314153777,0.030250376493319665,1.5133971977093235,3.766360879105661,5.7,47.225414520482374,13.28813264655436,S3_gaming,cutoff
2586.0,0.7183333333333334,0.7351558657200584,3.9175779328600293,0.030251254905688446,1.5134411969804917,3.76625138219625,5.7,47.22283969104854,13.287308701135533,S3_gaming,cutoff
2588.0,0.7188888888888889,0.7349456624980779,3.917472831249039,0.03025213339671592,1.5134852001965293,3.7661418818369494,5.7,47.22026485566094,13.286484753811502,S3_gaming,cutoff
2590.0,0.7194444444444444,0.7347354531642656,3.9173677265821327,0.030253011966414025,1.5135292073580302,3.7660323780274254,5.7,47.217690014318876,13.28566080458204,S3_gaming,cutoff
2592.0,0.72,0.7345252377180735,3.917262618859037,0.030253890614794696,1.513573218465597,3.7659228707673433,5.7,47.21511516702162,13.28483685344692,S3_gaming,cutoff
2594.0,0.7205555555555555,0.7343150161589536,3.9171575080794767,0.03025476934186987,1.5136172335198261,3.7658133600563697,5.7,47.212540313768464,13.284012900405909,S3_gaming,cutoff
2596.0,0.7211111111111111,0.7341047884863575,3.9170523942431785,0.030255648147651484,1.5136612525213227,3.765703845894171,5.7,47.20996545455868,13.283188945458777,S3_gaming,cutoff
2598.0,0.7216666666666667,0.7338945546997371,3.916947277349869,0.030256527032151485,1.5137052754706781,3.7655943282804123,5.7,47.207390589391565,13.282364988605302,S3_gaming,cutoff
2600.0,0.7222222222222222,0.7336843147985439,3.916842157399272,0.030257405995381816,1.5137493023685,3.7654848072147593,5.7,47.204815718266374,13.28154102984524,S3_gaming,cutoff
2602.0,0.7227777777777777,0.7334740687822296,3.9167370343911148,0.030258285037354424,1.5137933332153852,3.7653752826968794,5.7,47.2022408411824,13.280717069178369,S3_gaming,cutoff
2604.0,0.7233333333333334,0.7332638166502456,3.916631908325123,0.030259164158081265,1.5138373680119332,3.7652657547264368,5.7,47.19966595813894,13.27989310660446,S3_gaming,cutoff
2606.0,0.7238888888888889,0.7330535584020434,3.9165267792010217,0.030260043357574287,1.5138814067587436,3.765156223303098,5.7,47.19709106913526,13.279069142123284,S3_gaming,cutoff
2608.0,0.7244444444444444,0.7328432940370743,3.916421647018537,0.030260922635845445,1.5139254494564185,3.7650466884265277,5.7,47.19451617417065,13.27824517573461,S3_gaming,cutoff
2610.0,0.725,0.7326330235547893,3.916316511777395,0.030261801992906703,1.5139694961055576,3.764937150096393,5.7,47.19194127324438,13.277421207438202,S3_gaming,cutoff
2612.0,0.7255555555555555,0.7324227469546397,3.91621137347732,0.030262681428770016,1.5140135467067606,3.764827608312358,5.7,47.18936636635574,13.276597237233837,S3_gaming,cutoff
2614.0,0.7261111111111112,0.7322124642360767,3.916106232118038,0.03026356094344735,1.5140576012606322,3.7647180630740906,5.7,47.18679145350399,13.275773265121279,S3_gaming,cutoff
2616.0,0.7266666666666667,0.7320021753985511,3.9160010876992755,0.03026444053695067,1.5141016597677692,3.764608514381253,5.7,47.184216534688446,13.274949291100304,S3_gaming,cutoff
2618.0,0.7272222222222222,0.7317918804415138,3.915895940220757,0.03026532020929195,1.5141457222287713,3.764498962233513,5.7,47.18164160990838,13.274125315170684,S3_gaming,cutoff
2620.0,0.7277777777777777,0.7315815793644156,3.915790789682208,0.030266199960483155,1.5141897886442461,3.764389406630535,5.7,47.179066679163064,13.27330133733218,S3_gaming,cutoff
2622.0,0.7283333333333334,0.7313712721667073,3.915685636083354,0.03026707979053626,1.5142338590147908,3.7642798475719843,5.7,47.17649174245176,13.272477357584563,S3_gaming,cutoff
2624.0,0.7288888888888889,0.7311609588478395,3.9155804794239195,0.03026795969946324,1.5142779333410044,3.7641702850575265,5.7,47.17391679977376,13.271653375927603,S3_gaming,cutoff
2626.0,0.7294444444444445,0.7309506394072628,3.9154753197036314,0.03026883968727608,1.5143220116234923,3.7640607190868263,5.7,47.17134185112837,13.270829392361078,S3_gaming,cutoff
2628.0,0.73,0.7307403138444276,3.9153701569222137,0.030269719753986752,1.5143660938628538,3.7639511496595492,5.7,47.16876689651483,13.270005406884748,S3_gaming,cutoff
2630.0,0.7305555555555555,0.7305299821587844,3.9152649910793924,0.030270599899607245,1.5144101800596914,3.76384157677536,5.7,47.166191935932474,13.269181419498391,S3_gaming,cutoff
2632.0,0.7311111111111112,0.7303196443497834,3.915159822174892,0.030271480124149548,1.5144542702146102,3.763732000433923,5.7,47.16361696938051,13.268357430201764,S3_gaming,cutoff
2634.0,0.7316666666666667,0.7301093004168748,3.9150546502084373,0.030272360427625645,1.5144983643282066,3.763622420634906,5.7,47.16104199685827,13.267533438994647,S3_gaming,cutoff
2636.0,0.7322222222222222,0.7298989503595089,3.9149494751797542,0.030273240810047532,1.5145424624010861,3.763512837377971,5.7,47.15846701836501,13.266709445876803,S3_gaming,cutoff
2638.0,0.7327777777777778,0.7296885941771356,3.914844297088568,0.0302741212714272,1.5145865644338508,3.763403250662783,5.7,47.155892033900045,13.265885450848014,S3_gaming,cutoff
2640.0,0.7333333333333333,0.729478231869205,3.9147391159346023,0.030275001811776652,1.5146306704271029,3.7632936604890084,5.7,47.15331704346259,13.26506145390803,S3_gaming,cutoff
2642.0,0.7338888888888889,0.7292678634351669,3.9146339317175833,0.030275882431107883,1.5146747803814447,3.76318406685631,5.7,47.15074204705198,13.264237455056634,S3_gaming,cutoff
2644.0,0.7344444444444445,0.7290574888744712,3.9145287444372356,0.030276763129432893,1.5147188942974759,3.763074469764355,5.7,47.148167044667474,13.263413454293593,S3_gaming,cutoff
2646.0,0.735,0.7288471081865675,3.914423554093284,0.03027764390676369,1.514763012175807,3.7629648692128064,5.7,47.145592036308344,13.262589451618672,S3_gaming,cutoff
2648.0,0.7355555555555555,0.7286367213709055,3.914318360685453,0.030278524763112276,1.5148071340170322,3.762855265201328,5.7,47.14301702197389,13.261765447031644,S3_gaming,cutoff
2650.0,0.7361111111111112,0.7284263284269348,3.9142131642134674,0.030279405698490667,1.5148512598217616,3.7627456577295866,5.7,47.14044200166336,13.260941440532275,S3_gaming,cutoff
2652.0,0.7366666666666667,0.7282159293541048,3.9141079646770525,0.030280286712910876,1.5148953895905952,3.762636046797245,5.7,47.13786697537605,13.260117432120335,S3_gaming,cutoff
2654.0,0.7372222222222222,0.728005524151865,3.9140027620759326,0.030281167806384915,1.514939523324138,3.7625264324039676,5.7,47.13529194311124,13.259293421795597,S3_gaming,cutoff
2656.0,0.7377777777777778,0.7277951128196646,3.9138975564098324,0.0302820489789248,1.5149836610229894,3.762416814549419,5.7,47.13271690486821,13.258469409557827,S3_gaming,cutoff
2658.0,0.7383333333333333,0.7275846953569528,3.913792347678476,0.030282930230542557,1.5150278026877573,3.7623071932332643,5.7,47.13014186064621,13.257645395406788,S3_gaming,cutoff
2660.0,0.7388888888888889,0.7273742717631788,3.9136871358815895,0.030283811561250203,1.5150719483190411,3.762197568455167,5.7,47.12756681044457,13.256821379342263,S3_gaming,cutoff
2662.0,0.7394444444444445,0.7271638420377916,3.9135819210188956,0.030284692971059766,1.5151160979174516,3.762087940214791,5.7,47.12499175426252,13.255997361364006,S3_gaming,cutoff
2664.0,0.74,0.7269534061802403,3.91347670309012,0.030285574459983276,1.5151602514835854,3.7619783085118015,5.7,47.122416692099364,13.255173341471796,S3_gaming,cutoff
2666.0,0.7405555555555555,0.7267429641899736,3.9133714820949868,0.03028645602803276,1.5152044090180505,3.7618686733458606,5.7,47.11984162395436,13.254349319665396,S3_gaming,cutoff
2668.0,0.7411111111111112,0.7265325160664404,3.9132662580332203,0.030287337675220252,1.5152485705214491,3.7617590347166354,5.7,47.117266549826816,13.25352529594458,S3_gaming,cutoff
2670.0,0.7416666666666667,0.7263220618090894,3.913161030904545,0.03028821940155779,1.515292735994389,3.7616493926237866,5.7,47.11469146971597,13.25270127030911,S3_gaming,cutoff
2672.0,0.7422222222222222,0.7261116014173693,3.9130558007086846,0.030289101207057405,1.5153369054374726,3.7615397470669807,5.7,47.11211638362113,13.251877242758761,S3_gaming,cutoff
2674.0,0.7427777777777778,0.7259011348907285,3.9129505674453644,0.030289983091731146,1.515381078851305,3.76143009804588,5.7,47.10954129154155,13.251053213293295,S3_gaming,cutoff
2676.0,0.7433333333333333,0.7256906622286156,3.912845331114308,0.030290865055591053,1.5154252562364883,3.761320445560149,5.7,47.106966193476524,13.250229181912488,S3_gaming,cutoff
2678.0,0.7438888888888889,0.7254801834304789,3.9127400917152393,0.030291747098649173,1.5154694375936306,3.7612107896094513,5.7,47.10439108942531,13.2494051486161,S3_gaming,cutoff
2680.0,0.7444444444444445,0.7252696984957668,3.9126348492478833,0.030292629220917553,1.5155136229233368,3.7611011301934503,5.7,47.10181597938722,13.24858111340391,S3_gaming,cutoff
2682.0,0.745,0.7250592074239275,3.9125296037119637,0.030293511422408246,1.5155578122262092,3.7609914673118108,5.7,47.09924086336149,13.247757076275677,S3_gaming,cutoff
2684.0,0.7455555555555555,0.724848710214409,3.9124243551072047,0.030294393703133308,1.5156020055028585,3.7608818009641944,5.7,47.09666574134742,13.246933037231177,S3_gaming,cutoff
2686.0,0.7461111111111111,0.7246382068666594,3.9123191034333296,0.03029527606310479,1.5156462027538842,3.760772131150266,5.7,47.09409061334427,13.246108996270166,S3_gaming,cutoff
2688.0,0.7466666666666667,0.7244276973801267,3.9122138486900635,0.030296158502334757,1.515690403979894,3.760662457869689,5.7,47.091515479351344,13.245284953392432,S3_gaming,cutoff
2690.0,0.7472222222222222,0.7242171817542588,3.9121085908771294,0.030297041020835264,1.515734609181496,3.760552781122126,5.7,47.08894033936789,13.244460908597725,S3_gaming,cutoff
2692.0,0.7477777777777778,0.7240066599885033,3.912003329994252,0.030297923618618383,1.5157788183592924,3.760443100907242,5.7,47.086365193393185,13.24363686188582,S3_gaming,cutoff
2694.0,0.7483333333333333,0.7237961320823082,3.911898066041154,0.030298806295696173,1.515823031513891,3.7603334172246985,5.7,47.083790041426525,13.242812813256489,S3_gaming,cutoff
2696.0,0.7488888888888889,0.7235855980351209,3.9117927990175607,0.03029968905208071,1.5158672486458968,3.76022373007416,5.7,47.08121488346717,13.241988762709495,S3_gaming,cutoff
2698.0,0.7494444444444445,0.723375057846389,3.9116875289231947,0.030300571887784063,1.5159114697559177,3.760114039455289,5.7,47.078639719514385,13.241164710244604,S3_gaming,cutoff
2700.0,0.75,0.72316451151556,3.91158225575778,0.030301454802818307,1.5159556948445618,3.7600043453677494,5.7,47.07606454956746,13.240340655861589,S3_gaming,cutoff
2702.0,0.7505555555555555,0.7229539590420813,3.9114769795210407,0.03030233779719552,1.5159999239124282,3.759894647811203,5.7,47.073489373625684,13.239516599560218,S3_gaming,cutoff
2704.0,0.7511111111111111,0.7227434004254001,3.9113717002127,0.03030322087092778,1.5160441569601306,3.759784946785314,5.7,47.0709141916883,13.238692541340258,S3_gaming,cutoff
2706.0,0.7516666666666667,0.7225328356649636,3.911266417832482,0.03030410402402717,1.516088393988274,3.759675242289745,5.7,47.0683390037546,13.237868481201474,S3_gaming,cutoff
2708.0,0.7522222222222222,0.722322264760219,3.9111611323801094,0.03030498725650578,1.5161326349974635,3.7595655343241585,5.7,47.06576380982386,13.237044419143636,S3_gaming,cutoff
2710.0,0.7527777777777778,0.7221116877106133,3.9110558438553067,0.030305870568375692,1.5161768799883069,3.759455822888219,5.7,47.063188609895356,13.236220355166514,S3_gaming,cutoff
2712.0,0.7533333333333333,0.7219011045155934,3.9109505522577965,0.030306753959648998,1.5162211289614118,3.759346107981587,5.7,47.06061340396836,13.235396289269875,S3_gaming,cutoff
2714.0,0.7538888888888889,0.7216905151746063,3.910845257587303,0.030307637430337788,1.5162653819173866,3.759236389603927,5.7,47.05803819204213,13.234572221453483,S3_gaming,cutoff
2716.0,0.7544444444444445,0.7214799196870986,3.910739959843549,0.03030852098045416,1.5163096388568358,3.7591266677549013,5.7,47.05546297411597,13.23374815171711,S3_gaming,cutoff
2718.0,0.755,0.7212693180525171,3.9106346590262584,0.030309404610010214,1.5163538997803676,3.7590169424341715,5.7,47.05288775018913,13.23292408006052,S3_gaming,cutoff
2720.0,0.7555555555555555,0.7210587102703084,3.910529355135154,0.03031028831901805,1.5163981646885927,3.7589072136414017,5.7,47.050312520260896,13.232100006483487,S3_gaming,cutoff
2722.0,0.7561111111111111,0.7208480963399191,3.9104240481699595,0.030311172107489768,1.5164424335821158,3.7587974813762526,5.7,47.04773728433053,13.23127593098577,S3_gaming,cutoff
2724.0,0.7566666666666667,0.7206374762607956,3.910318738130398,0.030312055975437478,1.516486706461545,3.758687745638389,5.7,47.04516204239732,13.230451853567144,S3_gaming,cutoff
2726.0,0.7572222222222222,0.7204268500323842,3.910213425016192,0.03031293992287329,1.516530983327491,3.7585780064274723,5.7,47.04258679446054,13.229627774227373,S3_gaming,cutoff
2728.0,0.7577777777777778,0.7202162176541311,3.9101081088270657,0.030313823949809308,1.5165752641805585,3.7584682637431643,5.7,47.040011540519444,13.228803692966222,S3_gaming,cutoff
2730.0,0.7583333333333333,0.7200055791254827,3.9100027895627414,0.03031470805625765,1.5166195490213585,3.758358517585128,5.7,47.03743628057331,13.227979609783459,S3_gaming,cutoff
2732.0,0.7588888888888888,0.7197949344458849,3.9098974672229425,0.030315592242230436,1.516663837850496,3.7582487679530248,5.7,47.034861014621434,13.227155524678858,S3_gaming,cutoff
2734.0,0.7594444444444445,0.719584283614784,3.909792141807392,0.03031647650773978,1.5167081306685841,3.758139014846518,5.7,47.032285742663056,13.226331437652178,S3_gaming,cutoff
2736.0,0.76,0.7193736266316256,3.9096868133158127,0.030317360852797806,1.5167524274762283,3.7580292582652692,5.7,47.02971046469747,13.225507348703191,S3_gaming,cutoff
2738.0,0.7605555555555555,0.7191629634958558,3.909581481747928,0.030318245277416635,1.5167967282740362,3.7579194982089414,5.7,47.02713518072396,13.224683257831668,S3_gaming,cutoff
2740.0,0.7611111111111111,0.7189522942069203,3.9094761471034603,0.0303191297816084,1.516841033062624,3.757809734677195,5.7,47.02455989074176,13.223859165037364,S3_gaming,cutoff
2742.0,0.7616666666666667,0.7187416187642648,3.9093708093821324,0.030320014365385225,1.5168853418425914,3.757699967669693,5.7,47.02198459475019,13.22303507032006,S3_gaming,cutoff
2744.0,0.7622222222222222,0.7185309371673348,3.9092654685836674,0.030320899028759243,1.5169296546145516,3.757590197186097,5.7,47.01940929274848,13.222210973679513,S3_gaming,cutoff
2746.0,0.7627777777777778,0.7183202494155759,3.909160124707788,0.03032178377174259,1.5169739713791153,3.757480423226069,5.7,47.016833984735925,13.221386875115495,S3_gaming,cutoff
2748.0,0.7633333333333333,0.7181095555084336,3.909054777754217,0.030322668594347405,1.5170182921368929,3.7573706457892713,5.7,47.014258670711776,13.22056277462777,S3_gaming,cutoff
2750.0,0.7638888888888888,0.717898855445353,3.9089494277226766,0.030323553496585824,1.5170626168884898,3.7572608648753647,5.7,47.011683350675334,13.219738672216106,S3_gaming,cutoff
2752.0,0.7644444444444445,0.7176881492257796,3.90884407461289,0.03032443847846999,1.5171069456345192,3.7571510804840114,5.7,47.00910802462585,13.218914567880274,S3_gaming,cutoff
2754.0,0.765,0.7174774368491584,3.908738718424579,0.030325323540012054,1.5171512783755918,3.7570412926148737,5.7,47.006532692562594,13.218090461620031,S3_gaming,cutoff
2756.0,0.7655555555555555,0.7172667183149347,3.9086333591574673,0.030326208681224157,1.5171956151123127,3.756931501267612,5.7,47.00395735448486,13.217266353435155,S3_gaming,cutoff
2758.0,0.7661111111111111,0.7170559936225533,3.9085279968112765,0.030327093902118452,1.5172399558452954,3.7568217064418885,5.7,47.00138201039191,13.21644224332541,S3_gaming,cutoff
2760.0,0.7666666666666667,0.7168452627714593,3.9084226313857298,0.030327979202707092,1.5172843005751502,3.7567119081373646,5.7,46.998806660282995,13.21561813129056,S3_gaming,cutoff
2762.0,0.7672222222222222,0.7166345257610974,3.9083172628805487,0.030328864583002234,1.5173286493024878,3.7566021063537014,5.7,46.9962313041574,13.214794017330368,S3_gaming,cutoff
2764.0,0.7677777777777778,0.7164237825909124,3.908211891295456,0.030329750043016034,1.5173730020279135,3.7564923010905606,5.7,46.993655942014406,13.21396990144461,S3_gaming,cutoff
2766.0,0.7683333333333333,0.716213033260349,3.9081065166301743,0.030330635582760654,1.517417358752049,3.756382492347604,5.7,46.99108057385326,13.213145783633044,S3_gaming,cutoff
2768.0,0.7688888888888888,0.7160022777688517,3.908001138884426,0.03033152120224826,1.5174617194754936,3.756272680124492,5.7,46.98850519967326,13.212321663895445,S3_gaming,cutoff
2770.0,0.7694444444444445,0.7157915161158651,3.9078957580579328,0.030332406901491013,1.5175060841988663,3.7561628644208858,5.7,46.98592981947366,13.211497542231573,S3_gaming,cutoff
2772.0,0.77,0.7155807483008335,3.9077903741504167,0.030333292680501087,1.517550452922775,3.7560530452364476,5.7,46.983354433253744,13.210673418641198,S3_gaming,cutoff
2774.0,0.7705555555555555,0.7153699743232013,3.9076849871616006,0.03033417853929065,1.5175948256478304,3.7559432225708385,5.7,46.980779041012745,13.20984929312408,S3_gaming,cutoff
2776.0,0.7711111111111111,0.7151591941824127,3.9075795970912064,0.03033506447787188,1.5176392023746432,3.755833396423717,5.7,46.97820364274998,13.209025165679995,S3_gaming,cutoff
2778.0,0.7716666666666666,0.7149484078779119,3.907474203938956,0.03033595049625695,1.5176835831038265,3.7557235667947473,5.7,46.9756282384647,13.208201036308704,S3_gaming,cutoff
2780.0,0.7722222222222223,0.7147376154091429,3.9073688077045716,0.03033683659445804,1.5177279678359912,3.7556137336835884,5.7,46.97305282815617,13.207376905009975,S3_gaming,cutoff
2782.0,0.7727777777777778,0.7145268167755499,3.907263408387775,0.030337722772487332,1.5177723565717505,3.755503897089902,5.7,46.97047741182365,13.206552771783569,S3_gaming,cutoff
2784.0,0.7733333333333333,0.7143160119765766,3.9071580059882884,0.03033860903035701,1.5178167493117178,3.755394057013348,5.7,46.967901989466434,13.20572863662926,S3_gaming,cutoff
2786.0,0.7738888888888888,0.7141052010116667,3.9070526005058333,0.030339495368079266,1.5178611460564984,3.755284213453589,5.7,46.96532656108378,13.204904499546808,S3_gaming,cutoff
2788.0,0.7744444444444445,0.7138943838802643,3.906947191940132,0.030340381785666285,1.5179055468067082,3.7551743664102832,5.7,46.96275112667494,13.20408036053598,S3_gaming,cutoff
2790.0,0.775,0.7136835605818127,3.9068417802909066,0.03034126828313026,1.5179499515629606,3.7550645158830935,5.7,46.960175686239225,13.203256219596552,S3_gaming,cutoff
2792.0,0.7755555555555556,0.7134727311157557,3.9067363655578777,0.030342154860483386,1.5179943603258665,3.7549546618716794,5.7,46.957600239775864,13.202432076728277,S3_gaming,cutoff
2794.0,0.7761111111111111,0.7132618954815367,3.9066309477407684,0.030343041517737864,1.518038773096042,3.754844804375702,5.7,46.95502478728414,13.201607931930925,S3_gaming,cutoff
2796.0,0.7766666666666666,0.7130510536785991,3.9065255268392995,0.03034392825490589,1.5180831898740947,3.7547349433948205,5.7,46.95244932876332,13.200783785204264,S3_gaming,cutoff
2798.0,0.7772222222222223,0.7128402057063862,3.9064201028531933,0.03034481507199967,1.5181276106606383,3.7546250789286972,5.7,46.9498738642127,13.199959636548064,S3_gaming,cutoff
2800.0,0.7777777777777778,0.7126293515643412,3.9063146757821707,0.03034570196903141,1.5181720354562889,3.754515210976991,5.7,46.947298393631506,13.199135485962081,S3_gaming,cutoff
2802.0,0.7783333333333333,0.7124184912519071,3.906209245625954,0.030346588946013317,1.518216464261657,3.7544053395393626,5.7,46.944722917019014,13.198311333446085,S3_gaming,cutoff
2804.0,0.7788888888888889,0.7122076247685273,3.9061038123842637,0.030347476002957605,1.518260897077356,3.7542954646154727,5.7,46.94214743437452,13.197487178999847,S3_gaming,cutoff
2806.0,0.7794444444444445,0.7119967521136444,3.9059983760568224,0.030348363139876485,1.5183053339039991,3.7541855862049807,5.7,46.93957194569726,13.196663022623124,S3_gaming,cutoff
2808.0,0.78,0.7117858732867015,3.905892936643351,0.03034925035678217,1.5183497747422003,3.7540757043075477,5.7,46.93699645098652,13.195838864315688,S3_gaming,cutoff
2810.0,0.7805555555555556,0.7115749882871414,3.9057874941435706,0.030350137653686885,1.5183942195925753,3.7539658189228327,5.7,46.93442095024155,13.195014704077298,S3_gaming,cutoff
2812.0,0.7811111111111111,0.7113640971144067,3.9056820485572032,0.030351025030602847,1.518438668455735,3.753855930050497,5.7,46.93184544346165,13.194190541907728,S3_gaming,cutoff
2814.0,0.7816666666666666,0.7111531997679401,3.90557659988397,0.030351912487542283,1.5184831213322925,3.7537460376901994,5.7,46.92926993064606,13.19336637780674,S3_gaming,cutoff
2816.0,0.7822222222222223,0.7109422962471841,3.905471148123592,0.03035280002451742,1.518527578222864,3.753636141841601,5.7,46.92669441179406,13.1925422117741,S3_gaming,cutoff
2818.0,0.7827777777777778,0.7107313865515812,3.9053656932757908,0.030353687641540485,1.5185720391280633,3.7535262425043605,5.7,46.92411888690492,13.191718043809574,S3_gaming,cutoff
2820.0,0.7833333333333333,0.7105204706805738,3.905260235340287,0.030354575338623714,1.5186165040485005,3.753416339678138,5.7,46.92154335597789,13.190893873912925,S3_gaming,cutoff
2822.0,0.7838888888888889,0.7103095486336041,3.9051547743168022,0.030355463115779337,1.5186609729847977,3.7533064333625945,5.7,46.91896781901226,13.190069702083923,S3_gaming,cutoff
2824.0,0.7844444444444445,0.7100986204101143,3.905049310205057,0.030356350973019596,1.5187054459375653,3.753196523557388,5.7,46.91639227600726,13.189245528322322,S3_gaming,cutoff
2826.0,0.785,0.7098876860095465,3.9049438430047734,0.03035723891035673,1.5187499229074168,3.7530866102621783,5.7,46.913816726962196,13.188421352627904,S3_gaming,cutoff
2828.0,0.7855555555555556,0.7096767454313428,3.9048383727156715,0.03035812692780298,1.5187944038949686,3.7529766934766267,5.7,46.91124117187631,13.187597175000422,S3_gaming,cutoff
2830.0,0.7861111111111111,0.7094657986749452,3.9047328993374726,0.03035901502537059,1.5188388889008335,3.7528667732003904,5.7,46.90866561074889,13.186772995439645,S3_gaming,cutoff
2832.0,0.7866666666666666,0.7092548457397955,3.904627422869898,0.030359903203071813,1.518883377925631,3.752756849433131,5.7,46.90609004357919,13.185948813945341,S3_gaming,cutoff
2834.0,0.7872222222222223,0.7090438866253354,3.904521943312668,0.030360791460918895,1.5189278709699716,3.752646922174507,5.7,46.90351447036647,13.18512463051727,S3_gaming,cutoff
2836.0,0.7877777777777778,0.7088329213310066,3.9044164606655034,0.030361679798924093,1.5189723680344713,3.7525369914241766,5.7,46.90093889111,13.184300445155202,S3_gaming,cutoff
2838.0,0.7883333333333333,0.7086219498562508,3.9043109749281255,0.030362568217099657,1.5190168691197519,3.7524270571818015,5.7,46.89836330580904,13.183476257858894,S3_gaming,cutoff
2840.0,0.7888888888888889,0.7084109722005094,3.904205486100255,0.030363456715457853,1.5190613742264185,3.752317119447039,5.7,46.895787714462884,13.182652068628123,S3_gaming,cutoff
2842.0,0.7894444444444444,0.708199988363224,3.904099994181612,0.030364345294010938,1.5191058833550957,3.752207178219549,5.7,46.89321211707077,13.181827877462647,S3_gaming,cutoff
2844.0,0.79,0.7079889983438357,3.903994499171918,0.03036523395277118,1.519150396506394,3.752097233498991,5.7,46.89063651363196,13.181003684362228,S3_gaming,cutoff
2846.0,0.7905555555555556,0.7077780021417859,3.903889001070893,0.03036612269175084,1.5191949136809324,3.751987285285024,5.7,46.88806090414573,13.180179489326635,S3_gaming,cutoff
2848.0,0.7911111111111111,0.7075669997565158,3.9037834998782577,0.030367011510962192,1.519239434879327,3.7518773335773057,5.7,46.88548528861135,13.179355292355632,S3_gaming,cutoff
2850.0,0.7916666666666666,0.7073559911874665,3.9036779955937333,0.030367900410417505,1.5192839601021912,3.7517673783754963,5.7,46.88290966702809,13.178531093448989,S3_gaming,cutoff
2852.0,0.7922222222222223,0.7071449764340789,3.9035724882170397,0.030368789390129058,1.519328489350144,3.751657419679255,5.7,46.880334039395194,13.177706892606462,S3_gaming,cutoff
2854.0,0.7927777777777778,0.706933955495794,3.9034669777478967,0.03036967845010912,1.5193730226238016,3.75154745748824,5.7,46.87775840571192,13.176882689827815,S3_gaming,cutoff
2856.0,0.7933333333333333,0.7067229283720525,3.9033614641860264,0.03037056759036998,1.5194175599237774,3.7514374918021103,5.7,46.875182765977584,13.176058485112828,S3_gaming,cutoff
2858.0,0.7938888888888889,0.7065118950622954,3.9032559475311475,0.030371456810923916,1.519462101250693,3.7513275226205245,5.7,46.87260712019139,13.175234278461245,S3_gaming,cutoff
2860.0,0.7944444444444444,0.7063008555659631,3.9031504277829816,0.030372346111783213,1.519506646605162,3.7512175499431417,5.7,46.87003146835265,13.174410069872849,S3_gaming,cutoff
2862.0,0.795,0.7060898098824964,3.903044904941248,0.030373235492960157,1.519551195987806,3.7511075737696205,5.7,46.86745581046059,13.173585859347389,S3_gaming,cutoff
2864.0,0.7955555555555556,0.7058787580113356,3.9029393790056677,0.030374124954467046,1.5195957493992356,3.750997594099618,5.7,46.8648801465145,13.172761646884641,S3_gaming,cutoff
2866.0,0.7961111111111111,0.7056676999519211,3.9028338499759605,0.030375014496316168,1.5196403068400726,3.750887610932795,5.7,46.862304476513636,13.171937432484365,S3_gaming,cutoff
2868.0,0.7966666666666666,0.7054566357036934,3.902728317851847,0.030375904118519818,1.5196848683109332,3.750777624268809,5.7,46.85972880045726,13.171113216146324,S3_gaming,cutoff
2870.0,0.7972222222222223,0.7052455652660926,3.9026227826330464,0.030376793821090296,1.519729433812436,3.750667634107318,5.7,46.85715311834464,13.170288997870285,S3_gaming,cutoff
2872.0,0.7977777777777778,0.7050344886385589,3.9025172443192795,0.030377683604039904,1.5197740033451979,3.7505576404479806,5.7,46.854577430175034,13.16946477765601,S3_gaming,cutoff
2874.0,0.7983333333333333,0.7048234058205323,3.9024117029102663,0.030378573467380945,1.5198185769098342,3.7504476432904554,5.7,46.8520017359477,13.168640555503265,S3_gaming,cutoff
2876.0,0.7988888888888889,0.7046123168114528,3.902306158405726,0.030379463411125726,1.5198631545069674,3.7503376426344004,5.7,46.8494260356619,13.167816331411808,S3_gaming,cutoff
2878.0,0.7994444444444444,0.7044012216107602,3.90220061080538,0.030380353435286556,1.519907736137213,3.750227638479473,5.7,46.846850329316936,13.16699210538142,S3_gaming,cutoff
2880.0,0.8,0.7041901202178945,3.9020950601089472,0.030381243539875744,1.5199523218011879,3.7501176308253332,5.7,46.844274616912024,13.166167877411848,S3_gaming,cutoff
2882.0,0.8005555555555556,0.7039790126322953,3.9019895063161476,0.030382133724905606,1.519996911499516,3.7500076196716376,5.7,46.84169889844644,13.16534364750286,S3_gaming,cutoff
2884.0,0.8011111111111111,0.7037678988534023,3.901883949426701,0.03038302399038846,1.520041505232811,3.7498976050180453,5.7,46.839123173919454,13.164519415654226,S3_gaming,cutoff
2886.0,0.8016666666666666,0.7035567788806549,3.9017783894403273,0.03038391433633663,1.5200861030016914,3.749787586864213,5.7,46.836547443330325,13.163695181865705,S3_gaming,cutoff
2888.0,0.8022222222222222,0.7033456527134927,3.901672826356746,0.030384804762762434,1.5201307048067796,3.7496775652097987,5.7,46.83397170667832,13.162870946137062,S3_gaming,cutoff
2890.0,0.8027777777777778,0.703134520351355,3.9015672601756775,0.030385695269678197,1.5201753106486915,3.749567540054461,5.7,46.83139596396269,13.162046708468061,S3_gaming,cutoff
2892.0,0.8033333333333333,0.7029233817936812,3.9014616908968405,0.03038658585709625,1.5202199205280487,3.749457511397858,5.7,46.82882021518271,13.161222468858467,S3_gaming,cutoff
2894.0,0.8038888888888889,0.7027122370399104,3.9013561185199555,0.03038747652502892,1.5202645344454673,3.7493474792396464,5.7,46.82624446033764,13.160398227308045,S3_gaming,cutoff
2896.0,0.8044444444444444,0.7025010860894816,3.901250543044741,0.030388367273488544,1.5203091524015666,3.749237443579484,5.7,46.82366869942673,13.159573983816555,S3_gaming,cutoff
2898.0,0.805,0.702289928941834,3.901144964470917,0.030389258102487455,1.520353774396968,3.7491274044170293,5.7,46.82109293244925,13.15874973838376,S3_gaming,cutoff
2900.0,0.8055555555555556,0.7020787655964065,3.9010393827982033,0.030390149012037994,1.5203984004322935,3.7490173617519393,5.7,46.818517159404465,13.15792549100943,S3_gaming,cutoff
2902.0,0.8061111111111111,0.7018675960526379,3.900933798026319,0.030391040002152498,1.5204430305081562,3.7489073155838715,5.7,46.81594138029163,13.157101241693322,S3_gaming,cutoff
2904.0,0.8066666666666666,0.7016564203099671,3.900828210154984,0.030391931072843315,1.5204876646251808,3.7487972659124837,5.7,46.81336559511002,13.156276990435208,S3_gaming,cutoff
2906.0,0.8072222222222222,0.7014452383678327,3.9007226191839166,0.03039282222412279,1.520532302783989,3.7486872127374324,5.7,46.81078980385887,13.155452737234837,S3_gaming,cutoff
2908.0,0.8077777777777778,0.7012340502256733,3.9006170251128367,0.030393713456003273,1.520576944985197,3.748577156058375,5.7,46.808214006537455,13.154628482091987,S3_gaming,cutoff
2910.0,0.8083333333333333,0.7010228558829275,3.900511427941464,0.030394604768497115,1.5206215912294263,3.7484670958749704,5.7,46.805638203145044,13.153804225006414,S3_gaming,cutoff
2912.0,0.8088888888888889,0.7008116553390336,3.900405827669517,0.030395496161616672,1.520666241517296,3.748357032186874,5.7,46.803062393680904,13.15297996597789,S3_gaming,cutoff
2914.0,0.8094444444444444,0.7006004485934298,3.900300224296715,0.030396387635374302,1.520710895849428,3.748246964993744,5.7,46.80048657814427,13.152155705006168,S3_gaming,cutoff
2916.0,0.81,0.7003892356455548,3.9001946178227773,0.030397279189782363,1.5207555542264466,3.748136894295237,5.7,46.79791075653441,13.151331442091012,S3_gaming,cutoff
2918.0,0.8105555555555556,0.7001780164948463,3.900089008247423,0.03039817082485322,1.5208002166489654,3.748026820091011,5.7,46.795334928850586,13.150507177232189,S3_gaming,cutoff
2920.0,0.8111111111111111,0.6999667911407427,3.8999833955703713,0.030399062540599237,1.5208448831176113,3.7479167423807214,5.7,46.79275909509208,13.149682910429465,S3_gaming,cutoff
2922.0,0.8116666666666666,0.6997555595826819,3.899877779791341,0.030399954337032783,1.5208895536330007,3.7478066611640264,5.7,46.790183255258135,13.148858641682603,S3_gaming,cutoff
2924.0,0.8122222222222222,0.6995443218201017,3.899772160910051,0.03040084621416623,1.5209342281957583,3.7476965764405823,5.7,46.787607409348006,13.148034370991361,S3_gaming,cutoff
2926.0,0.8127777777777778,0.6993330778524401,3.89966653892622,0.030401738172011947,1.5209789068065054,3.747586488210046,5.7,46.78503155736094,13.147210098355501,S3_gaming,cutoff
2928.0,0.8133333333333334,0.6991218276791348,3.8995609138395673,0.030402630210582315,1.5210235894658612,3.7474763964720745,5.7,46.78245569929623,13.146385823774793,S3_gaming,cutoff
2930.0,0.8138888888888889,0.6989105712996233,3.899455285649812,0.030403522329889708,1.5210682761744476,3.7473663012263247,5.7,46.77987983515312,13.145561547248999,S3_gaming,cutoff
2932.0,0.8144444444444444,0.6986993087133433,3.899349654356672,0.03040441452994651,1.5211129669328887,3.7472562024724523,5.7,46.777303964930866,13.144737268777877,S3_gaming,cutoff
2934.0,0.815,0.6984880399197322,3.899244019959866,0.030405306810765108,1.5211576617418066,3.747146100210115,5.7,46.77472808862872,13.14391298836119,S3_gaming,cutoff
2936.0,0.8155555555555556,0.6982767649182274,3.899138382459114,0.030406199172357883,1.52120236060182,3.7470359944389693,5.7,46.77215220624597,13.14308870599871,S3_gaming,cutoff
2938.0,0.8161111111111111,0.6980654837082663,3.8990327418541333,0.03040709161473723,1.5212470635135504,3.7469258851586704,5.7,46.76957631778184,13.14226442169019,S3_gaming,cutoff
2940.0,0.8166666666666667,0.697854196289286,3.898927098144643,0.03040798413791554,1.5212917704776256,3.7468157723688758,5.7,46.767000423235615,13.141440135435397,S3_gaming,cutoff
2942.0,0.8172222222222222,0.6976429026607237,3.898821451330362,0.030408876741905205,1.5213364814946673,3.7467056560692416,5.7,46.76442452260653,13.140615847234091,S3_gaming,cutoff
2944.0,0.8177777777777778,0.6974316028220164,3.8987158014110084,0.030409769426718625,1.5213811965652912,3.746595536259425,5.7,46.76184861589388,13.139791557086042,S3_gaming,cutoff
2946.0,0.8183333333333334,0.6972202967726012,3.8986101483863007,0.030410662192368203,1.5214259156901278,3.746485412939081,5.7,46.75927270309688,13.138967264991003,S3_gaming,cutoff
2948.0,0.8188888888888889,0.6970089845119148,3.8985044922559573,0.030411555038866337,1.5214706388697956,3.7463752861078667,5.7,46.75669678421482,13.138142970948742,S3_gaming,cutoff
2950.0,0.8194444444444444,0.6967976660393941,3.898398833019697,0.030412447966225435,1.5215153661049168,3.7462651557654367,5.7,46.754120859246946,13.137318674959023,S3_gaming,cutoff
2952.0,0.82,0.6965863413544757,3.898293170677238,0.030413340974457907,1.5215600973961185,3.7461550219114494,5.7,46.75154492819252,13.136494377021608,S3_gaming,cutoff
2954.0,0.8205555555555556,0.6963750104565963,3.8981875052282984,0.030414234063576163,1.5216048327440224,3.74604488454556,5.7,46.7489689910508,13.135670077136258,S3_gaming,cutoff
2956.0,0.8211111111111111,0.6961636733451924,3.8980818366725964,0.030415127233592618,1.52164957214925,3.745934743667423,5.7,46.74639304782104,13.134845775302733,S3_gaming,cutoff
2958.0,0.8216666666666667,0.6959523300197004,3.89797616500985,0.030416020484519683,1.521694315612429,3.745824599276695,5.7,46.74381709850248,13.134021471520795,S3_gaming,cutoff
2960.0,0.8222222222222222,0.6957409804795566,3.8978704902397783,0.030416913816369785,1.5217390631341754,3.7457144513730336,5.7,46.74124114309441,13.133197165790213,S3_gaming,cutoff
2962.0,0.8227777777777778,0.6955296247241973,3.897764812362099,0.030417807229155342,1.521783814715122,3.7456042999560935,5.7,46.73866518159608,13.132372858110747,S3_gaming,cutoff
2964.0,0.8233333333333334,0.6953182627530589,3.897659131376529,0.03041870072288878,1.5218285703558876,3.7454941450255292,5.7,46.73608921400674,13.131548548482156,S3_gaming,cutoff
2966.0,0.8238888888888889,0.6951068945655772,3.897553447282789,0.030419594297582526,1.5218733300570968,3.745383986580998,5.7,46.73351324032565,13.130724236904209,S3_gaming,cutoff
2968.0,0.8244444444444444,0.6948955201611883,3.897447760080594,0.030420487953249007,1.5219180938193744,3.745273824622154,5.7,46.730937260552054,13.129899923376657,S3_gaming,cutoff
2970.0,0.825,0.6946841395393282,3.897342069769664,0.030421381689900658,1.5219628616433445,3.745163659148656,5.7,46.72836127468522,13.12907560789927,S3_gaming,cutoff
2972.0,0.8255555555555556,0.6944727526994326,3.897236376349716,0.030422275507549917,1.5220076335296318,3.745053490160155,5.7,46.72578528272441,13.128251290471812,S3_gaming,cutoff
2974.0,0.8261111111111111,0.6942613596409374,3.8971306798204686,0.03042316940620922,1.5220524094788606,3.7449433176563107,5.7,46.72320928466887,13.127426971094039,S3_gaming,cutoff
2976.0,0.8266666666666667,0.6940499603632782,3.897024980181639,0.030424063385891008,1.5220971894916584,3.744833141636775,5.7,46.720633280517866,13.126602649765717,S3_gaming,cutoff
2978.0,0.8272222222222222,0.6938385548658904,3.896919277432945,0.030424957446607722,1.5221419735686441,3.744722962101206,5.7,46.71805727027065,13.125778326486609,S3_gaming,cutoff
2980.0,0.8277777777777777,0.6936271431482097,3.896813571574105,0.030425851588371813,1.5221867617104479,3.7446127790492576,5.7,46.71548125392648,13.124954001256473,S3_gaming,cutoff
2982.0,0.8283333333333334,0.6934157252096715,3.8967078626048357,0.030426745811195727,1.5222315539176912,3.7445025924805844,5.7,46.71290523148461,13.124129674075077,S3_gaming,cutoff
2984.0,0.8288888888888889,0.6932043010497111,3.8966021505248554,0.030427640115091917,1.5222763501910042,3.744392402394843,5.7,46.71032920294429,13.123305344942173,S3_gaming,cutoff
2986.0,0.8294444444444444,0.6929928706677636,3.896496435333882,0.030428534500072837,1.5223211505310086,3.7442822087916885,5.7,46.70775316830479,13.122481013857534,S3_gaming,cutoff
2988.0,0.83,0.6927814340632642,3.896390717031632,0.030429428966150945,1.5223659549383317,3.744172011670775,5.7,46.705177127565356,13.121656680820914,S3_gaming,cutoff
2990.0,0.8305555555555556,0.692569991235648,3.8962849956178243,0.0304303235133387,1.5224107634135953,3.7440618110317576,5.7,46.702601080725245,13.12083234583208,S3_gaming,cutoff
2992.0,0.8311111111111111,0.6923585421843499,3.896179271092175,0.030431218141648564,1.522455575957432,3.743951606874292,5.7,46.70002502778371,13.120008008890787,S3_gaming,cutoff
2994.0,0.8316666666666667,0.6921470869088048,3.8960735434544023,0.030432112851093002,1.522500392570461,3.743841399198033,5.7,46.69744896874,13.119183669996799,S3_gaming,cutoff
2996.0,0.8322222222222222,0.6919356254084474,3.8959678127042237,0.030433007641684485,1.5225452132533124,3.7437311880026343,5.7,46.69487290359338,13.118359329149882,S3_gaming,cutoff
2998.0,0.8327777777777777,0.6917241576827127,3.8958620788413563,0.03043390251343548,1.522590038006613,3.7436209732877526,5.7,46.69229683234311,13.117534986349796,S3_gaming,cutoff
3000.0,0.8333333333333334,0.6915126837310349,3.8957563418655177,0.030434797466358462,1.5226348668309853,3.7435107550530407,5.7,46.68972075498844,13.116710641596303,S3_gaming,cutoff
3002.0,0.8338888888888889,0.6913012035528489,3.8956506017764245,0.030435692500465905,1.5226796997270586,3.7434005332981544,5.7,46.687144671528614,13.115886294889156,S3_gaming,cutoff
3004.0,0.8344444444444444,0.6910897171475888,3.8955448585737944,0.030436587615770293,1.5227245366954605,3.7432903080227478,5.7,46.6845685819629,13.115061946228128,S3_gaming,cutoff
3006.0,0.835,0.6908782245146893,3.8954391122573444,0.030437482812284103,1.5227693777368183,3.7431800792264758,5.7,46.68199248629053,13.114237595612972,S3_gaming,cutoff
3008.0,0.8355555555555556,0.6906667256535844,3.895333362826792,0.03043837809001982,1.5228142228517538,3.7430698469089925,5.7,46.679416384510795,13.113413243043455,S3_gaming,cutoff
3010.0,0.8361111111111111,0.6904552205637084,3.895227610281854,0.03043927344898993,1.5228590720408968,3.7429596110699537,5.7,46.676840276622926,13.112588888519337,S3_gaming,cutoff
3012.0,0.8366666666666667,0.6902437092444955,3.8951218546222477,0.030440168889206927,1.5229039253048775,3.7428493717090117,5.7,46.67426416262618,13.111764532040377,S3_gaming,cutoff
3014.0,0.8372222222222222,0.6900321916953795,3.89501609584769,0.0304410644106833,1.5229487826443204,3.7427391288258214,5.7,46.67168804251981,13.110940173606341,S3_gaming,cutoff
3016.0,0.8377777777777777,0.6898206679157945,3.894910333957897,0.030441960013431545,1.5229936440598528,3.742628882420038,5.7,46.669111916303066,13.110115813216982,S3_gaming,cutoff
3018.0,0.8383333333333334,0.6896091379051742,3.894804568952587,0.03044285569746416,1.523038509552102,3.7425186324913153,5.7,46.666535783975206,13.109291450872067,S3_gaming,cutoff
3020.0,0.8388888888888889,0.6893976016629524,3.8946988008314762,0.030443751462793645,1.523083379121698,3.7424083790393072,5.7,46.6639596455355,13.108467086571359,S3_gaming,cutoff
3022.0,0.8394444444444444,0.6891860591885627,3.894593029594281,0.030444647309432506,1.523128252769268,3.742298122063668,5.7,46.66138350098316,13.107642720314614,S3_gaming,cutoff
3024.0,0.84,0.6889745104814388,3.8944872552407195,0.030445543237393246,1.5231731304954392,3.742187861564052,5.7,46.658807350317495,13.106818352101598,S3_gaming,cutoff
3026.0,0.8405555555555555,0.688762955541014,3.894381477770507,0.030446439246688373,1.5232180123008392,3.7420775975401126,5.7,46.65623119353769,13.105993981932063,S3_gaming,cutoff
3028.0,0.8411111111111111,0.6885513943667219,3.894275697183361,0.0304473353373304,1.5232628981860978,3.741967329991504,5.7,46.653655030643066,13.105169609805781,S3_gaming,cutoff
3030.0,0.8416666666666667,0.6883398269579957,3.894169913478998,0.03044823150933184,1.5233077881518424,3.74185705891788,5.7,46.651078861632826,13.104345235722505,S3_gaming,cutoff
3032.0,0.8422222222222222,0.6881282533142685,3.8940641266571343,0.030449127762705214,1.5233526821987002,3.7417467843188943,5.7,46.64850268650625,13.103520859682,S3_gaming,cutoff
3034.0,0.8427777777777777,0.6879166734349736,3.893958336717487,0.030450024097463037,1.523397580327304,3.741636506194201,5.7,46.645926505262565,13.102696481684022,S3_gaming,cutoff
3036.0,0.8433333333333334,0.6877050873195442,3.893852543659772,0.03045092051361783,1.5234424825382786,3.7415262245434535,5.7,46.64335031790106,13.10187210172834,S3_gaming,cutoff
3038.0,0.8438888888888889,0.687493494967413,3.8937467474837066,0.030451817011182127,1.5234873888322535,3.7414159393663056,5.7,46.640774124420965,13.101047719814709,S3_gaming,cutoff
3040.0,0.8444444444444444,0.6872818963780128,3.8936409481890064,0.030452713590168448,1.523532299209862,3.7413056506624107,5.7,46.63819792482152,13.100223335942886,S3_gaming,cutoff
3042.0,0.845,0.6870702915507767,3.893535145775388,0.030453610250589326,1.5235772136717285,3.741195358431422,5.7,46.63562171910199,13.099398950112638,S3_gaming,cutoff
3044.0,0.8455555555555555,0.6868586804851372,3.8934293402425686,0.030454506992457293,1.5236221322184855,3.741085062672994,5.7,46.63304550726164,13.098574562323726,S3_gaming,cutoff
3046.0,0.8461111111111111,0.6866470631805269,3.8933235315902635,0.030455403815784887,1.523667054850758,3.740974763386779,5.7,46.63046928929971,13.097750172575907,S3_gaming,cutoff
3048.0,0.8466666666666667,0.6864354396363784,3.893217719818189,0.030456300720584646,1.5237119815691813,3.7408644605724315,5.7,46.62789306521544,13.09692578086894,S3_gaming,cutoff
3050.0,0.8472222222222222,0.6862238098521241,3.8931119049260623,0.03045719770686911,1.5237569123743855,3.740754154229604,5.7,46.62531683500809,13.096101387202589,S3_gaming,cutoff
3052.0,0.8477777777777777,0.6860121738271963,3.8930060869135983,0.030458094774650828,1.5238018472669923,3.74064384435795,5.7,46.62274059867693,13.095276991576617,S3_gaming,cutoff
3054.0,0.8483333333333334,0.6858005315610273,3.8929002657805136,0.03045899192394234,1.5238467862476401,3.740533530957122,5.7,46.62016435622117,13.094452593990773,S3_gaming,cutoff
3056.0,0.8488888888888889,0.6855888830530493,3.8927944415265245,0.0304598891547562,1.5238917293169563,3.7404232140267744,5.7,46.61758810764009,13.093628194444829,S3_gaming,cutoff
3058.0,0.8494444444444444,0.6853772283026944,3.8926886141513473,0.030460786467104962,1.5239366764755735,3.7403128935665584,5.7,46.61501185293294,13.092803792938541,S3_gaming,cutoff
3060.0,0.85,0.6851655673093946,3.8925827836546976,0.03046168386100118,1.5239816277241163,3.740202569576129,5.7,46.612435592098976,13.091979389471673,S3_gaming,cutoff
3062.0,0.8505555555555555,0.6849539000725817,3.892476950036291,0.03046258133645741,1.5240265830632205,3.7400922420551375,5.7,46.60985932513741,13.091154984043971,S3_gaming,cutoff
3064.0,0.8511111111111112,0.6847422265916876,3.8923711132958436,0.03046347889348621,1.5240715424935158,3.7399819110032384,5.7,46.607283052047535,13.090330576655212,S3_gaming,cutoff
3066.0,0.8516666666666667,0.684530546866144,3.892265273433072,0.03046437653210015,1.5241165060156325,3.739871576420083,5.7,46.60470677282859,13.089506167305151,S3_gaming,cutoff
3068.0,0.8522222222222222,0.6843188608953826,3.892159430447691,0.030465274252311794,1.5241614736302005,3.7397612383053254,5.7,46.60213048747982,13.088681755993543,S3_gaming,cutoff
3070.0,0.8527777777777777,0.684107168678835,3.8920535843394175,0.030466172054133708,1.5242064453378557,3.7396508966586177,5.7,46.59955419600048,13.087857342720154,S3_gaming,cutoff
3072.0,0.8533333333333334,0.6838954702159327,3.8919477351079665,0.030467069937578466,1.5242514211392222,3.7395405514796125,5.7,46.59697789838982,13.087032927484742,S3_gaming,cutoff
3074.0,0.8538888888888889,0.6836837655061069,3.891841882753053,0.03046796790265864,1.5242964010349385,3.739430202767962,5.7,46.59440159464707,13.086208510287062,S3_gaming,cutoff
3076.0,0.8544444444444445,0.683472054548789,3.8917360272743946,0.030468865949386813,1.524341385025632,3.73931985052332,5.7,46.59182528477151,13.085384091126883,S3_gaming,cutoff
3078.0,0.855,0.6832603373434102,3.891630168671705,0.03046976407777556,1.5243863731119327,3.7392094947453374,5.7,46.58924896876238,13.08455967000396,S3_gaming,cutoff
3080.0,0.8555555555555555,0.6830486138894016,3.8915243069447008,0.030470662287837465,1.524431365294479,3.739099135433668,5.7,46.586672646618894,13.083735246918046,S3_gaming,cutoff
3082.0,0.8561111111111112,0.6828368841861943,3.891418442093097,0.03047156057958511,1.524476361573898,3.7389887725879625,5.7,46.58409631834036,13.082910821868914,S3_gaming,cutoff
3084.0,0.8566666666666667,0.6826251482332192,3.8913125741166095,0.03047245895303109,1.5245213619508229,3.738878406207875,5.7,46.58151998392598,13.082086394856313,S3_gaming,cutoff
3086.0,0.8572222222222222,0.6824134060299071,3.8912067030149533,0.03047335740818799,1.5245663664258862,3.7387680362930573,5.7,46.57894364337502,13.081261965880007,S3_gaming,cutoff
3088.0,0.8577777777777778,0.6822016575756888,3.8911008287878444,0.030474255945068404,1.5246113749997208,3.7386576628431607,5.7,46.57636729668674,13.080437534939756,S3_gaming,cutoff
3090.0,0.8583333333333333,0.6819899028699952,3.8909949514349975,0.030475154563684933,1.5246563876729569,3.738547285857839,5.7,46.573790943860374,13.07961310203532,S3_gaming,cutoff
3092.0,0.8588888888888889,0.6817781419122566,3.8908890709561286,0.03047605326405017,1.5247014044462326,3.7384369053367426,5.7,46.57121458489518,13.078788667166458,S3_gaming,cutoff
3094.0,0.8594444444444445,0.6815663747019036,3.890783187350952,0.03047695204617672,1.5247464253201726,3.738326521279524,5.7,46.568638219790394,13.077964230332928,S3_gaming,cutoff
3096.0,0.86,0.6813546012383667,3.8906773006191835,0.03047785091007719,1.5247914502954152,3.7382161336858357,5.7,46.56606184854527,13.077139791534487,S3_gaming,cutoff
3098.0,0.8605555555555555,0.6811428215210761,3.890571410760538,0.030478749855764185,1.524836479372596,3.7381057425553292,5.7,46.563485471159055,13.076315350770898,S3_gaming,cutoff
3100.0,0.8611111111111112,0.6809310355494621,3.890465517774731,0.030479648883250315,1.5248815125523452,3.7379953478876566,5.7,46.56090908763099,13.075490908041917,S3_gaming,cutoff
3102.0,0.8616666666666667,0.6807192433229549,3.8903596216614775,0.03048054799254819,1.5249265498352926,3.7378849496824693,5.7,46.55833269796035,13.074666463347313,S3_gaming,cutoff
3104.0,0.8622222222222222,0.6805074448409845,3.8902537224204923,0.030481447183670428,1.5249715912220767,3.7377745479394187,5.7,46.55575630214635,13.073842016686832,S3_gaming,cutoff
3106.0,0.8627777777777778,0.6802956401029809,3.8901478200514905,0.030482346456629648,1.5250166367133304,3.7376641426581574,5.7,46.55317990018825,13.07301756806024,S3_gaming,cutoff
3108.0,0.8633333333333333,0.6800838291083741,3.890041914554187,0.03048324581143847,1.5250616863096838,3.7375537338383373,5.7,46.55060349208531,13.072193117467299,S3_gaming,cutoff
3110.0,0.8638888888888889,0.6798720118565937,3.889936005928297,0.030484145248109523,1.525106740011775,3.7374433214796086,5.7,46.54802707783676,13.071368664907762,S3_gaming,cutoff
3112.0,0.8644444444444445,0.6796601883470696,3.8898300941735346,0.030485044766655426,1.52515179782024,3.737332905581624,5.7,46.54545065744183,13.070544210381387,S3_gaming,cutoff
3114.0,0.865,0.6794483585792314,3.889724179289616,0.03048594436708881,1.5251968597357084,3.7372224861440335,5.7,46.54287423089982,13.069719753887943,S3_gaming,cutoff
3116.0,0.8655555555555555,0.6792365225525084,3.8896182612762544,0.030486844049422316,1.5252419257588135,3.73711206316649,5.7,46.540297798209934,13.068895295427179,S3_gaming,cutoff
3118.0,0.8661111111111112,0.6790246802663303,3.889512340133165,0.030487743813668568,1.525286995890196,3.7370016366486443,5.7,46.53772135937142,13.068070834998855,S3_gaming,cutoff
3120.0,0.8666666666666667,0.6788128317201264,3.889406415860063,0.030488643659840206,1.5253320701304833,3.736891206590148,5.7,46.53514491438354,13.067246372602732,S3_gaming,cutoff
3122.0,0.8672222222222222,0.678600976913326,3.889300488456663,0.030489543587949874,1.525377148480317,3.7367807729906515,5.7,46.53256846324553,13.06642190823857,S3_gaming,cutoff
3124.0,0.8677777777777778,0.6783891158453582,3.889194557922679,0.030490443598010213,1.5254222309403265,3.736670335849807,5.7,46.52999200595664,13.065597441906126,S3_gaming,cutoff
3126.0,0.8683333333333333,0.6781772485156522,3.889088624257826,0.030491343690033867,1.5254673175111504,3.7365598951672636,5.7,46.527415542516124,13.06477297360516,S3_gaming,cutoff
3128.0,0.8688888888888889,0.677965374923637,3.8889826874618185,0.03049224386403349,1.5255124081934217,3.736449450942675,5.7,46.52483907292322,13.063948503335432,S3_gaming,cutoff
3130.0,0.8694444444444445,0.6777534950687414,3.8888767475343706,0.03049314412002173,1.5255575029877788,3.736339003175691,5.7,46.522262597177175,13.063124031096697,S3_gaming,cutoff
3132.0,0.87,0.6775416089503944,3.888770804475197,0.030494044458011238,1.5256026018948543,3.736228551865962,5.7,46.51968611527724,13.062299556888716,S3_gaming,cutoff
3134.0,0.8705555555555555,0.6773297165680247,3.888664858284012,0.030494944878014678,1.525647704915284,3.736118097013139,5.7,46.51710962722264,13.061475080711244,S3_gaming,cutoff
3136.0,0.8711111111111111,0.6771178179210608,3.8885589089605306,0.030495845380044705,1.525692812049706,3.7360076386168735,5.7,46.514533133012634,13.060650602564044,S3_gaming,cutoff
3138.0,0.8716666666666667,0.6769059130089315,3.888452956504466,0.030496745964113982,1.5257379232987505,3.735897176676816,5.7,46.51195663264648,13.059826122446873,S3_gaming,cutoff
3140.0,0.8722222222222222,0.6766940018310652,3.8883470009155325,0.030497646630235176,1.5257830386630615,3.7357867111926173,5.7,46.509380126123396,13.059001640359487,S3_gaming,cutoff
3142.0,0.8727777777777778,0.6764820843868902,3.888241042193445,0.030498547378420955,1.525828158143269,3.735676242163927,5.7,46.50680361344264,13.058177156301646,S3_gaming,cutoff
3144.0,0.8733333333333333,0.6762701606758348,3.8881350803379173,0.03049944820868399,1.5258732817400116,3.735565769590397,5.7,46.50422709460347,13.057352670273112,S3_gaming,cutoff
3146.0,0.8738888888888889,0.6760582306973273,3.8880291153486635,0.03050034912103695,1.5259184094539273,3.735455293471677,5.7,46.501650569605104,13.056528182273635,S3_gaming,cutoff
3148.0,0.8744444444444445,0.6758462944507958,3.887923147225398,0.03050125011549252,1.5259635412856491,3.735344813807418,5.7,46.49907403844682,13.055703692302982,S3_gaming,cutoff
3150.0,0.875,0.6756343519356683,3.887817175967834,0.03050215119206337,1.5260086772358183,3.7352343305972697,5.7,46.49649750112783,13.054879200360904,S3_gaming,cutoff
3152.0,0.8755555555555555,0.6754224031513729,3.8877112015756863,0.03050305235076219,1.5260538173050675,3.735123843840883,5.7,46.49392095764738,13.054054706447163,S3_gaming,cutoff
3154.0,0.8761111111111111,0.6752104480973373,3.8876052240486687,0.03050395359160166,1.526098961494035,3.7350133535379086,5.7,46.49134440800475,13.053230210561521,S3_gaming,cutoff
3156.0,0.8766666666666667,0.6749984867729893,3.887499243386495,0.030504854914594468,1.5261441098033595,3.7349028596879967,5.7,46.48876785219916,13.052405712703731,S3_gaming,cutoff
3158.0,0.8772222222222222,0.6747865191777567,3.8873932595888783,0.030505756319753306,1.5261892622336763,3.734792362290796,5.7,46.486191290229826,13.051581212873545,S3_gaming,cutoff
3160.0,0.8777777777777778,0.674574545311067,3.8872872726555334,0.030506657807090866,1.5262344187856214,3.7346818613459574,5.7,46.483614722096036,13.050756711070731,S3_gaming,cutoff
3162.0,0.8783333333333333,0.6743625651723476,3.887181282586174,0.030507559376619843,1.5262795794598383,3.734571356853132,5.7,46.481038147797015,13.049932207295045,S3_gaming,cutoff
3164.0,0.8788888888888889,0.6741505787610261,3.887075289380513,0.030508461028352935,1.5263247442569599,3.7344608488119686,5.7,46.478461567332,13.04910770154624,S3_gaming,cutoff
3166.0,0.8794444444444445,0.6739385860765298,3.886969293038265,0.030509362762302848,1.5263699131776247,3.734350337222118,5.7,46.47588498070024,13.048283193824078,S3_gaming,cutoff
3168.0,0.88,0.6737265871182858,3.886863293559143,0.03051026457848228,1.5264150862224712,3.7342398220832282,5.7,46.47330838790099,13.047458684128319,S3_gaming,cutoff
3170.0,0.8805555555555555,0.6735145818857214,3.8867572909428607,0.030511166476903943,1.5264602633921376,3.734129303394951,5.7,46.47073178893347,13.046634172458711,S3_gaming,cutoff
3172.0,0.8811111111111111,0.6733025703782637,3.886651285189132,0.030512068457580543,1.5265054446872621,3.7340187811569354,5.7,46.46815518379695,13.045809658815024,S3_gaming,cutoff
3174.0,0.8816666666666667,0.6730905525953396,3.88654527629767,0.030512970520524794,1.5265506301084835,3.7339082553688314,5.7,46.46557857249065,13.044985143197009,S3_gaming,cutoff
3176.0,0.8822222222222222,0.6728785285363759,3.886439264268188,0.03051387266574941,1.52659581965644,3.733797726030289,5.7,46.46300195501381,13.04416062560442,S3_gaming,cutoff
3178.0,0.8827777777777778,0.6726664982007995,3.8863332491003995,0.030514774893267115,1.5266410133317698,3.7336871931409563,5.7,46.460425331365684,13.04333610603702,S3_gaming,cutoff
3180.0,0.8833333333333333,0.6724544615880371,3.8862272307940184,0.030515677203090622,1.5266862111351114,3.733576656700484,5.7,46.457848701545515,13.042511584494566,S3_gaming,cutoff
3182.0,0.8838888888888888,0.6722424186975153,3.8861212093487576,0.03051657959523266,1.5267314130671032,3.7334661167085224,5.7,46.45527206555255,13.041687060976816,S3_gaming,cutoff
3184.0,0.8844444444444445,0.6720303695286607,3.8860151847643305,0.03051748206970595,1.5267766191283894,3.7333555731647188,5.7,46.45269542338602,13.040862535483527,S3_gaming,cutoff
3186.0,0.885,0.6718183140808996,3.88590915704045,0.030518384626523228,1.5268218293196023,3.7332450260687238,5.7,46.45011877504516,13.040038008014452,S3_gaming,cutoff
3188.0,0.8855555555555555,0.6716062523536585,3.885803126176829,0.030519287265697224,1.526867043641386,3.733134475420187,5.7,46.44754212052923,13.039213478569353,S3_gaming,cutoff
3190.0,0.8861111111111111,0.6713941843463636,3.8856970921731815,0.03052018998724067,1.5269122620943791,3.733023921218756,5.7,46.444965459837455,13.038388947147986,S3_gaming,cutoff
3192.0,0.8866666666666667,0.671182110058441,3.8855910550292205,0.030521092791166306,1.526957484679217,3.7329133634640823,5.7,46.442388792969105,13.037564413750115,S3_gaming,cutoff
3194.0,0.8872222222222222,0.6709700294893168,3.8854850147446585,0.03052199567748687,1.5270027113965468,3.732802802155814,5.7,46.43981211992338,13.036739878375482,S3_gaming,cutoff
3196.0,0.8877777777777778,0.6707579426384173,3.8853789713192084,0.030522898646215105,1.5270479422470034,3.732692237293599,5.7,46.43723544069954,13.035915341023854,S3_gaming,cutoff
3198.0,0.8883333333333333,0.670545849505168,3.8852729247525843,0.03052380169736376,1.5270931772312284,3.7325816688770885,5.7,46.43465875529685,13.035090801694993,S3_gaming,cutoff
3200.0,0.8888888888888888,0.670333750088995,3.885166875044497,0.030524704830945583,1.527138416349863,3.7324710969059294,5.7,46.4320820637145,13.034266260388641,S3_gaming,cutoff
3202.0,0.8894444444444445,0.6701216443893239,3.885060822194662,0.030525608046973324,1.5271836596035453,3.7323605213797713,5.7,46.429505365951776,13.03344171710457,S3_gaming,cutoff
3204.0,0.89,0.6699095324055803,3.88495476620279,0.03052651134545974,1.5272289069929195,3.732249942298263,5.7,46.42692866200789,13.032617171842524,S3_gaming,cutoff
3206.0,0.8905555555555555,0.6696974141371899,3.8848487070685946,0.030527414726417585,1.5272741585186211,3.732139359661054,5.7,46.424351951882095,13.031792624602272,S3_gaming,cutoff
3208.0,0.8911111111111111,0.669485289583578,3.884742644791789,0.03052831818985962,1.527319414181294,3.732028773467792,5.7,46.421775235573634,13.030968075383564,S3_gaming,cutoff
3210.0,0.8916666666666667,0.6692731587441701,3.884636579372085,0.03052922173579861,1.5273646739815794,3.7319181837181263,5.7,46.41919851308174,13.030143524186157,S3_gaming,cutoff
3212.0,0.8922222222222222,0.6690610216183915,3.8845305108091956,0.030530125364247318,1.5274099379201156,3.731807590411705,5.7,46.416621784405656,13.029318971009811,S3_gaming,cutoff
3214.0,0.8927777777777778,0.6688488782056674,3.8844244391028337,0.030531029075218513,1.5274552059975466,3.731696993548178,5.7,46.414045049544626,13.028494415854281,S3_gaming,cutoff
3216.0,0.8933333333333333,0.6686367285054228,3.8843183642527115,0.030531932868724965,1.5275004782145134,3.7315863931271918,5.7,46.41146830849788,13.027669858719323,S3_gaming,cutoff
3218.0,0.8938888888888888,0.6684245725170828,3.884212286258541,0.030532836744779447,1.5275457545716575,3.731475789148396,5.7,46.40889156126466,13.026845299604691,S3_gaming,cutoff
3220.0,0.8944444444444445,0.6682124102400723,3.884106205120036,0.03053374070339474,1.5275910350696198,3.7313651816114386,5.7,46.406314807844204,13.026020738510146,S3_gaming,cutoff
3222.0,0.895,0.6680002416738161,3.884000120836908,0.030534644744583617,1.5276363197090415,3.7312545705159677,5.7,46.40373804823576,13.025196175435443,S3_gaming,cutoff
3224.0,0.8955555555555555,0.6677880668177391,3.8838940334088696,0.030535548868358867,1.527681608490569,3.731143955861632,5.7,46.401161282438565,13.024371610380342,S3_gaming,cutoff
3226.0,0.8961111111111111,0.6675758856712658,3.883787942835633,0.030536453074733273,1.5277269014148387,3.7310333376480793,5.7,46.39858451045185,13.023547043344593,S3_gaming,cutoff
3228.0,0.8966666666666666,0.6673636982338209,3.8836818491169103,0.030537357363719625,1.5277721984824937,3.7309227158749576,5.7,46.39600773227485,13.022722474327953,S3_gaming,cutoff
3230.0,0.8972222222222223,0.6671515045048289,3.8835757522524146,0.03053826173533071,1.5278174996941785,3.7308120905419164,5.7,46.39343094790683,13.021897903330187,S3_gaming,cutoff
3232.0,0.8977777777777778,0.666939304483714,3.883469652241857,0.03053916618957932,1.5278628050505338,3.7307014616486014,5.7,46.39085415734699,13.021073330351038,S3_gaming,cutoff
3234.0,0.8983333333333333,0.6667270981699006,3.88336354908495,0.030540070726478255,1.5279081145522038,3.730590829194663,5.7,46.3882773605946,13.020248755390273,S3_gaming,cutoff
3236.0,0.8988888888888888,0.666514885562813,3.8832574427814066,0.030540975346040312,1.5279534281998297,3.730480193179747,5.7,46.3857005576489,13.019424178447649,S3_gaming,cutoff
3238.0,0.8994444444444445,0.6663026666618753,3.8831513333309378,0.0305418800482783,1.527998745994058,3.7303695536035018,5.7,46.3831237485091,13.018599599522913,S3_gaming,cutoff
3240.0,0.9,0.6660904414665115,3.8830452207332558,0.030542784833205012,1.5280440679355245,3.730258910465576,5.7,46.38054693317445,13.017775018615824,S3_gaming,cutoff
3242.0,0.9005555555555556,0.6658782099761457,3.882939104988073,0.030543689700833262,1.5280893940248812,3.7301482637656163,5.7,46.3779701116442,13.016950435726145,S3_gaming,cutoff
3244.0,0.9011111111111111,0.6656659721902015,3.8828329860951007,0.03054459465117586,1.528134724262764,3.730037613503271,5.7,46.37539328391757,13.016125850853623,S3_gaming,cutoff
3246.0,0.9016666666666666,0.6654537281081029,3.8827268640540513,0.030545499684245622,1.5281800586498195,3.729926959678187,5.7,46.372816449993806,13.015301263998019,S3_gaming,cutoff
3248.0,0.9022222222222223,0.6652414777292733,3.8826207388646368,0.030546404800055358,1.5282253971866944,3.7298163022900135,5.7,46.37023960987215,13.014476675159088,S3_gaming,cutoff
3250.0,0.9027777777777778,0.6650292210531366,3.8825146105265684,0.03054730999861789,1.528270739874027,3.729705641338396,5.7,46.367662763551834,13.013652084336588,S3_gaming,cutoff
3252.0,0.9033333333333333,0.6648169580791161,3.882408479039558,0.030548215279946042,1.5283160867124612,3.7295949768229826,5.7,46.3650859110321,13.01282749153027,S3_gaming,cutoff
3254.0,0.9038888888888889,0.6646046888066354,3.8823023444033176,0.030549120644052633,1.5283614377026467,3.7294843087434204,5.7,46.362509052312156,13.01200289673989,S3_gaming,cutoff
3256.0,0.9044444444444445,0.6643924132351177,3.882196206617559,0.030550026090950495,1.5284067928452243,3.7293736370993584,5.7,46.35993218739128,13.011178299965211,S3_gaming,cutoff
3258.0,0.905,0.6641801313639861,3.882090065681993,0.030550931620652456,1.5284521521408383,3.7292629618904414,5.7,46.35735531626869,13.01035370120598,S3_gaming,cutoff
3260.0,0.9055555555555556,0.663967843192664,3.881983921596332,0.030551837233171352,1.5284975155901326,3.7291522831163175,5.7,46.35477843894363,13.009529100461963,S3_gaming,cutoff
3262.0,0.9061111111111111,0.6637555487205743,3.8818777743602872,0.03055274292852001,1.5285428831937509,3.7290416007766347,5.7,46.35220155541532,13.008704497732902,S3_gaming,cutoff
3264.0,0.9066666666666666,0.66354324794714,3.8817716239735702,0.03055364870671128,1.5285882549523426,3.7289309148710394,5.7,46.34962466568302,13.007879893018565,S3_gaming,cutoff
3266.0,0.9072222222222223,0.663330940871784,3.881665470435892,0.030554554567757995,1.5286336308665465,3.7288202253991782,5.7,46.34704776974593,13.007055286318698,S3_gaming,cutoff
3268.0,0.9077777777777778,0.6631186274939291,3.8815593137469646,0.030555460511673002,1.5286790109370119,3.7287095323606985,5.7,46.34447086760333,13.006230677633065,S3_gaming,cutoff
3270.0,0.9083333333333333,0.662906307812998,3.8814531539064987,0.03055636653846915,1.5287243951643825,3.728598835755247,5.7,46.341893959254406,13.005406066961411,S3_gaming,cutoff
3272.0,0.9088888888888889,0.6626939818284132,3.8813469909142064,0.030557272648159283,1.5287697835493024,3.7284881355824706,5.7,46.339317044698454,13.004581454303505,S3_gaming,cutoff
3274.0,0.9094444444444445,0.6624816495395973,3.8812408247697987,0.030558178840756258,1.5288151760924211,3.7283774318420164,5.7,46.33674012393467,13.003756839659093,S3_gaming,cutoff
3276.0,0.91,0.6622693109459727,3.8811346554729864,0.03055908511627293,1.5288605727943798,3.728266724533531,5.7,46.33416319696228,13.00293222302793,S3_gaming,cutoff
3278.0,0.9105555555555556,0.6620569660469618,3.881028483023481,0.030559991474722156,1.5289059736558253,3.7281560136566614,5.7,46.331586263780544,13.002107604409774,S3_gaming,cutoff
3280.0,0.9111111111111111,0.6618446148419869,3.8809223074209935,0.0305608979161168,1.5289513786774067,3.728045299211052,5.7,46.329009324388686,13.00128298380438,S3_gaming,cutoff
3282.0,0.9116666666666666,0.6616322573304699,3.880816128665235,0.030561804440469725,1.5289967878597654,3.7279345811963522,5.7,46.32643237878595,13.000458361211505,S3_gaming,cutoff
3284.0,0.9122222222222223,0.6614198935118332,3.8807099467559167,0.030562711047793796,1.529042201203551,3.727823859612207,5.7,46.32385542697156,12.999633736630901,S3_gaming,cutoff
3286.0,0.9127777777777778,0.6612075233854985,3.8806037616927496,0.030563617738101883,1.5290876187094042,3.7277131344582632,5.7,46.32127846894476,12.998809110062325,S3_gaming,cutoff
3288.0,0.9133333333333333,0.6609951469508878,3.880497573475444,0.030564524511406857,1.5291330403779806,3.7276024057341672,5.7,46.31870150470478,12.99798448150553,S3_gaming,cutoff
3290.0,0.9138888888888889,0.6607827642074229,3.8803913821037117,0.030565431367721597,1.529178466209921,3.727491673439565,5.7,46.31612453425084,12.99715985096027,S3_gaming,cutoff
3292.0,0.9144444444444444,0.6605703751545255,3.880285187577263,0.030566338307058977,1.5292238962058724,3.7273809375741025,5.7,46.31354755758219,12.996335218426301,S3_gaming,cutoff
3294.0,0.915,0.6603579797916174,3.880178989895809,0.03056724532943188,1.529269330366481,3.727270198137427,5.7,46.310970574698075,12.995510583903384,S3_gaming,cutoff
3296.0,0.9155555555555556,0.6601455781181198,3.88007278905906,0.030568152434853193,1.529314768692394,3.7271594551291836,5.7,46.308393585597706,12.994685947391266,S3_gaming,cutoff
3298.0,0.9161111111111111,0.6599331701334543,3.879966585066727,0.0305690596233358,1.5293602111842635,3.7270487085490185,5.7,46.30581659028032,12.993861308889704,S3_gaming,cutoff
3300.0,0.9166666666666666,0.6597207558370424,3.8798603779185212,0.030569966894892584,1.5294056578427306,3.7269379583965794,5.7,46.30323958874518,12.993036668398457,S3_gaming,cutoff
3302.0,0.9172222222222223,0.6595083352283051,3.8797541676141525,0.030570874249536445,1.5294511086684448,3.7268272046715096,5.7,46.30066258099147,12.992212025917272,S3_gaming,cutoff
3304.0,0.9177777777777778,0.6592959083066637,3.8796479541533317,0.030571781687280277,1.5294965636620554,3.726716447373456,5.7,46.29808556701846,12.991387381445909,S3_gaming,cutoff
3306.0,0.9183333333333333,0.6590834750715393,3.87954173753577,0.030572689208136973,1.5295420228242067,3.726605686502065,5.7,46.29550854682539,12.990562734984124,S3_gaming,cutoff
3308.0,0.9188888888888889,0.6588710355223528,3.879435517761176,0.03057359681211944,1.5295874861555507,3.726494922056982,5.7,46.29293152041145,12.989738086531665,S3_gaming,cutoff
3310.0,0.9194444444444444,0.6586585896585252,3.8793292948292626,0.03057450449924058,1.5296329536567315,3.7263841540378526,5.7,46.29035448777591,12.988913436088291,S3_gaming,cutoff
3312.0,0.92,0.6584461374794773,3.879223068739739,0.030575412269513297,1.5296784253284013,3.7262733824443224,5.7,46.28777744891799,12.988088783653758,S3_gaming,cutoff
3314.0,0.9205555555555556,0.6582336789846298,3.879116839492315,0.0305763201229505,1.5297239011712038,3.7261626072760374,5.7,46.28520040383693,12.98726412922782,S3_gaming,cutoff
3316.0,0.9211111111111111,0.6580212141734033,3.879010607086702,0.030577228059565104,1.5297693811857915,3.7260518285326425,5.7,46.28262335253196,12.986439472810225,S3_gaming,cutoff
3318.0,0.9216666666666666,0.6578087430452184,3.8789043715226095,0.030578136079370023,1.529814865372811,3.725941046213784,5.7,46.28004629500229,12.985614814400734,S3_gaming,cutoff
3320.0,0.9222222222222223,0.6575962655994955,3.878798132799748,0.030579044182378175,1.5298603537329092,3.725830260319106,5.7,46.27746923124719,12.9847901539991,S3_gaming,cutoff
3322.0,0.9227777777777778,0.6573837818356549,3.8786918909178274,0.03057995236860248,1.529905846266738,3.7257194708482553,5.7,46.27489216126585,12.983965491605073,S3_gaming,cutoff
3324.0,0.9233333333333333,0.6571712917531171,3.8785856458765586,0.03058086063805586,1.5299513429749472,3.7256086778008766,5.7,46.27231508505755,12.983140827218415,S3_gaming,cutoff
3326.0,0.9238888888888889,0.656958795351302,3.878479397675651,0.030581768990751244,1.5299968438581806,3.725497881176615,5.7,46.26973800262149,12.982316160838876,S3_gaming,cutoff
3328.0,0.9244444444444444,0.6567462926296298,3.8783731463148152,0.03058267742670156,1.530042348917096,3.7253870809751155,5.7,46.2671609139569,12.981491492466208,S3_gaming,cutoff
3330.0,0.925,0.6565337835875206,3.8782668917937606,0.030583585945919735,1.5300878581523347,3.7252762771960235,5.7,46.26458381906303,12.980666822100169,S3_gaming,cutoff
3332.0,0.9255555555555556,0.6563212682243942,3.878160634112197,0.03058449454841871,1.5301333715645515,3.7251654698389842,5.7,46.26200671793907,12.979842149740504,S3_gaming,cutoff
3334.0,0.9261111111111111,0.6561087465396704,3.878054373269835,0.03058540323421142,1.5301788891543904,3.725054658903642,5.7,46.25942961058433,12.979017475386986,S3_gaming,cutoff
3336.0,0.9266666666666666,0.655896218532769,3.8779481092663843,0.03058631200331081,1.5302244109225094,3.7249438443896428,5.7,46.256852496997965,12.978192799039348,S3_gaming,cutoff
3338.0,0.9272222222222222,0.6556836842031096,3.877841842101555,0.03058722085572982,1.530269936869552,3.724833026296631,5.7,46.25427537717924,12.977368120697356,S3_gaming,cutoff
3340.0,0.9277777777777778,0.6554711435501118,3.877735571775056,0.030588129791481393,1.530315466996171,3.724722204624251,5.7,46.25169825112738,12.976543440360762,S3_gaming,cutoff
3342.0,0.9283333333333333,0.655258596573195,3.8776292982865974,0.030589038810578482,1.5303610013030156,3.7246113793721483,5.7,46.249121118841614,12.975718758029316,S3_gaming,cutoff
3344.0,0.9288888888888889,0.6550460432717785,3.8775230216358896,0.03058994791303404,1.5304065397907378,3.7245005505399664,5.7,46.24654398032118,12.974894073702778,S3_gaming,cutoff
3346.0,0.9294444444444444,0.6548334836452817,3.877416741822641,0.03059085709886102,1.5304520824599877,3.7243897181273513,5.7,46.24396683556529,12.974069387380892,S3_gaming,cutoff
3348.0,0.93,0.6546209176931238,3.877310458846562,0.030591766368072378,1.530497629311414,3.7242788821339468,5.7,46.24138968457319,12.973244699063422,S3_gaming,cutoff
3350.0,0.9305555555555556,0.6544083454147238,3.877204172707362,0.030592675720681077,1.5305431803456697,3.7241680425593975,5.7,46.23881252734411,12.972420008750115,S3_gaming,cutoff
3352.0,0.9311111111111111,0.6541957668095008,3.8770978834047503,0.03059358515670008,1.530588735563404,3.724057199403348,5.7,46.23623536387726,12.971595316440725,S3_gaming,cutoff
3354.0,0.9316666666666666,0.6539831818768735,3.8769915909384367,0.03059449467614235,1.5306342949652718,3.7239463526654437,5.7,46.2336581941719,12.970770622135008,S3_gaming,cutoff
3356.0,0.9322222222222222,0.6537705906162611,3.8768852953081305,0.030595404279020858,1.5306798585519226,3.7238355023453265,5.7,46.23108101822725,12.96994592583272,S3_gaming,cutoff
3358.0,0.9327777777777778,0.6535579930270821,3.876778996513541,0.03059631396534858,1.5307254263240033,3.7237246484426425,5.7,46.22850383604253,12.96912122753361,S3_gaming,cutoff
3360.0,0.9333333333333333,0.6533453891087551,3.8766726945543777,0.03059722373513848,1.5307709982821742,3.7236137909570357,5.7,46.22592664761697,12.968296527237431,S3_gaming,cutoff
3362.0,0.9338888888888889,0.6531327788606988,3.8765663894303497,0.030598133588403548,1.5308165744270796,3.7235029298881503,5.7,46.22334945294982,12.967471824943942,S3_gaming,cutoff
3364.0,0.9344444444444444,0.6529201622823315,3.8764600811411656,0.030599043525156758,1.5308621547593741,3.7233920652356294,5.7,46.220772252040256,12.966647120652883,S3_gaming,cutoff
3366.0,0.935,0.6527075393730717,3.8763537696865358,0.030599953545411094,1.5309077392797077,3.723281196999119,5.7,46.21819504488757,12.965822414364023,S3_gaming,cutoff
3368.0,0.9355555555555556,0.6524949101323376,3.876247455066169,0.030600863649179542,1.5309533279887377,3.7231703251782613,5.7,46.21561783149097,12.96499770607711,S3_gaming,cutoff
3370.0,0.9361111111111111,0.6522822745595476,3.876141137279774,0.030601773836475093,1.530998920887111,3.7230594497727005,5.7,46.21304061184966,12.964172995791891,S3_gaming,cutoff
3372.0,0.9366666666666666,0.6520696326541195,3.87603481632706,0.030602684107310735,1.5310445179754855,3.7229485707820813,5.7,46.21046338596289,12.963348283508125,S3_gaming,cutoff
3374.0,0.9372222222222222,0.6518569844154716,3.875928492207736,0.030603594461699465,1.531090119254505,3.722837688206047,5.7,46.20788615382989,12.962523569225565,S3_gaming,cutoff
3376.0,0.9377777777777778,0.6516443298430216,3.8758221649215105,0.03060450489965428,1.531135724724833,3.722726802044241,5.7,46.20530891544987,12.96169885294396,S3_gaming,cutoff
3378.0,0.9383333333333334,0.6514316689361873,3.8757158344680938,0.030605415421188182,1.5311813343871161,3.7226159122963076,5.7,46.2027316708221,12.96087413466307,S3_gaming,cutoff
3380.0,0.9388888888888889,0.6512190016943866,3.8756095008471934,0.030606326026314173,1.5312269482420064,3.72250501896189,5.7,46.200154419945754,12.960049414382642,S3_gaming,cutoff
3382.0,0.9394444444444444,0.6510063281170371,3.8755031640585185,0.03060723671504526,1.5312725662901594,3.722394122040632,5.7,46.19757716282008,12.959224692102428,S3_gaming,cutoff
3384.0,0.94,0.6507936482035562,3.875396824101778,0.03060814748739445,1.5313181885322296,3.7222832215321766,5.7,46.19499989944433,12.958399967822187,S3_gaming,cutoff
3386.0,0.9405555555555556,0.6505809619533617,3.875290480976681,0.030609058343374757,1.5313638149688695,3.722172317436168,5.7,46.1924226298177,12.957575241541663,S3_gaming,cutoff
3388.0,0.9411111111111111,0.6503682693658707,3.8751841346829354,0.030609969282999198,1.5314094456007314,3.722061409752249,5.7,46.189845353939425,12.956750513260616,S3_gaming,cutoff
3390.0,0.9416666666666667,0.6501555704405005,3.8750777852202503,0.030610880306280785,1.5314550804284703,3.721950498480064,5.7,46.18726807180873,12.955925782978795,S3_gaming,cutoff
3392.0,0.9422222222222222,0.6499428651766684,3.8749714325883344,0.030611791413232545,1.5315007194527386,3.7218395836192544,5.7,46.18469078342486,12.955101050695957,S3_gaming,cutoff
3394.0,0.9427777777777778,0.6497301535737915,3.8748650767868957,0.030612702603867496,1.5315463626741936,3.721728665169464,5.7,46.182113488787024,12.954276316411848,S3_gaming,cutoff
3396.0,0.9433333333333334,0.6495174356312867,3.8747587178156433,0.030613613878198668,1.5315920100934826,3.7216177431303374,5.7,46.179536187894456,12.953451580126227,S3_gaming,cutoff
3398.0,0.9438888888888889,0.6493047113485712,3.874652355674286,0.030614525236239087,1.5316376617112686,3.721506817501517,5.7,46.17695888074639,12.952626841838844,S3_gaming,cutoff
3400.0,0.9444444444444444,0.6490919807250615,3.874545990362531,0.03061543667800179,1.5316833175282012,3.721395888282645,5.7,46.17438156734203,12.95180210154945,S3_gaming,cutoff
3402.0,0.945,0.6488792437601745,3.874439621880087,0.030616348203499805,1.5317289775449354,3.7212849554733647,5.7,46.171804247680605,12.950977359257795,S3_gaming,cutoff
3404.0,0.9455555555555556,0.6486665004533267,3.8743332502266634,0.030617259812746173,1.5317746417621263,3.721174019073319,5.7,46.16922692176137,12.95015261496364,S3_gaming,cutoff
3406.0,0.9461111111111111,0.648453750803935,3.8742268754019675,0.030618171505753935,1.5318203101804317,3.721063079082151,5.7,46.16664958958353,12.94932786866673,S3_gaming,cutoff
3408.0,0.9466666666666667,0.6482409948114155,3.8741204974057077,0.030619083282536135,1.531865982800501,3.7209521354995037,5.7,46.16407225114631,12.94850312036682,S3_gaming,cutoff
3410.0,0.9472222222222222,0.6480282324751847,3.8740141162375923,0.03061999514310582,1.531911659622992,3.720841188325019,5.7,46.16149490644894,12.94767837006366,S3_gaming,cutoff
3412.0,0.9477777777777778,0.6478154637946589,3.8739077318973294,0.030620907087476036,1.5319573406485625,3.72073023755834,5.7,46.15891755549063,12.946853617757004,S3_gaming,cutoff
3414.0,0.9483333333333334,0.6476026887692543,3.873801344384627,0.030621819115659837,1.532003025877865,3.7206192831991105,5.7,46.156340198270634,12.946028863446603,S3_gaming,cutoff
3416.0,0.9488888888888889,0.6473899073983871,3.873694953699194,0.03062273122767028,1.532048715311557,3.7205083252469713,5.7,46.153762834788175,12.945204107132216,S3_gaming,cutoff
3418.0,0.9494444444444444,0.6471771196814732,3.8735885598407367,0.03062364342352042,1.5320944089502908,3.720397363701565,5.7,46.151185465042445,12.944379348813582,S3_gaming,cutoff
3420.0,0.95,0.6469643256179285,3.873482162808964,0.030624555703223318,1.5321401067947271,3.7202863985625356,5.7,46.148608089032685,12.94355458849046,S3_gaming,cutoff
3422.0,0.9505555555555556,0.6467515252071688,3.8733757626035845,0.03062546806679204,1.532185808845518,3.7201754298295233,5.7,46.14603070675814,12.942729826162605,S3_gaming,cutoff
3424.0,0.9511111111111111,0.64653871844861,3.873269359224305,0.030626380514239653,1.5322315151033217,3.7200644575021724,5.7,46.143453318218015,12.941905061829765,S3_gaming,cutoff
3426.0,0.9516666666666667,0.6463259053416676,3.8731629526708335,0.030627293045579224,1.5322772255687955,3.7199534815801236,5.7,46.14087592341152,12.941080295491687,S3_gaming,cutoff
3428.0,0.9522222222222222,0.6461130858857571,3.8730565429428783,0.030628205660823825,1.5323229402425946,3.71984250206302,5.7,46.13829852233791,12.940255527148132,S3_gaming,cutoff
3430.0,0.9527777777777777,0.6459002600802942,3.872950130040147,0.030629118359986534,1.5323686591253716,3.7197315189505034,5.7,46.135721114996414,12.939430756798853,S3_gaming,cutoff
3432.0,0.9533333333333334,0.6456874279246941,3.872843713962347,0.030630031143080425,1.532414382217792,3.7196205322422164,5.7,46.133143701386224,12.938605984443592,S3_gaming,cutoff
3434.0,0.9538888888888889,0.6454745894183721,3.872737294709186,0.030630944010118583,1.532460109520506,3.7195095419377995,5.7,46.13056628150658,12.937781210082106,S3_gaming,cutoff
3436.0,0.9544444444444444,0.6452617445607435,3.8726308722803715,0.03063185696111409,1.5325058410341734,3.7193985480368967,5.7,46.1279888553567,12.936956433714144,S3_gaming,cutoff
3438.0,0.955,0.6450488933512232,3.8725244466756115,0.03063276999608003,1.53255157675945,3.719287550539148,5.7,46.12541142293582,12.936131655339462,S3_gaming,cutoff
3440.0,0.9555555555555556,0.6448360357892263,3.8724180178946135,0.0306336831150295,1.5325973166969957,3.7191765494441973,5.7,46.12283398424316,12.935306874957812,S3_gaming,cutoff
3442.0,0.9561111111111111,0.6446231718741678,3.872311585937084,0.03063459631797559,1.5326430608474662,3.7190655447516843,5.7,46.120256539277925,12.934482092568937,S3_gaming,cutoff
3444.0,0.9566666666666667,0.6444103016054625,3.8722051508027313,0.03063550960493139,1.5326888092115187,3.718954536461251,5.7,46.11767908803935,12.933657308172593,S3_gaming,cutoff
3446.0,0.9572222222222222,0.6441974249825251,3.8720987124912627,0.030636422975910002,1.5327345617898114,3.7188435245725406,5.7,46.11510163052667,12.932832521768534,S3_gaming,cutoff
3448.0,0.9577777777777777,0.6439845420047702,3.871992271002385,0.03063733643092453,1.5327803185830018,3.7187325090851937,5.7,46.11252416673909,12.93200773335651,S3_gaming,cutoff
3450.0,0.9583333333333334,0.6437716526716124,3.8718858263358062,0.030638249969988072,1.5328260795917508,3.7186214899988514,5.7,46.10994669667585,12.931182942936273,S3_gaming,cutoff
3452.0,0.9588888888888889,0.6435587569824662,3.871779378491233,0.03063916359311374,1.5328718448167105,3.7185104673131555,5.7,46.10736922033616,12.930358150507573,S3_gaming,cutoff
3454.0,0.9594444444444444,0.6433458549367459,3.871672927468373,0.03064007730031464,1.532917614258547,3.718399441027748,5.7,46.10479173771924,12.929533356070158,S3_gaming,cutoff
3456.0,0.96,0.6431329465338658,3.871566473266933,0.030640991091603887,1.5329633879179154,3.718288411142269,5.7,46.10221424882432,12.928708559623782,S3_gaming,cutoff
3458.0,0.9605555555555556,0.6429200317732401,3.87146001588662,0.0306419049669946,1.5330091657954708,3.718177377656361,5.7,46.09963675365062,12.927883761168198,S3_gaming,cutoff
3460.0,0.9611111111111111,0.6427071106542829,3.8713535553271416,0.030642818926499893,1.5330549478918791,3.7180663405696652,5.7,46.097059252197376,12.92705896070316,S3_gaming,cutoff
3462.0,0.9616666666666667,0.6424941831764082,3.871247091588204,0.030643732970132887,1.533100734207793,3.7179552998818215,5.7,46.09448174446377,12.926234158228407,S3_gaming,cutoff
3464.0,0.9622222222222222,0.6422812493390299,3.871140624669515,0.03064464709790671,1.5331465247438751,3.7178442555924716,5.7,46.09190423044906,12.9254093537437,S3_gaming,cutoff
3466.0,0.9627777777777777,0.6420683091415618,3.871034154570781,0.03064556130983449,1.5331923195007813,3.717733207701257,5.7,46.08932671015247,12.924584547248791,S3_gaming,cutoff
3468.0,0.9633333333333334,0.6418553625834176,3.870927681291709,0.03064647560592935,1.533238118479177,3.717622156207819,5.7,46.0867491835732,12.923759738743424,S3_gaming,cutoff
3470.0,0.9638888888888889,0.641642409664011,3.8708212048320054,0.03064738998620443,1.533283921679715,3.717511101111798,5.7,46.08417165071047,12.922934928227352,S3_gaming,cutoff
3472.0,0.9644444444444444,0.6414294503827555,3.8707147251913776,0.030648304450672865,1.5333297291030583,3.7174000424128337,5.7,46.081594111563525,12.922110115700328,S3_gaming,cutoff
3474.0,0.965,0.6412164847390646,3.8706082423695323,0.03064921899934779,1.5333755407498677,3.7172889801105686,5.7,46.079016566131564,12.9212853011621,S3_gaming,cutoff
3476.0,0.9655555555555555,0.6410035127323516,3.870501756366176,0.030650133632242352,1.5334213566208037,3.7171779142046435,5.7,46.07643901441382,12.920460484612423,S3_gaming,cutoff
3478.0,0.9661111111111111,0.6407905343620298,3.870395267181015,0.030651048349369693,1.5334671767165242,3.7170668446946977,5.7,46.0738614564095,12.919635666051041,S3_gaming,cutoff
3480.0,0.9666666666666667,0.6405775496275125,3.870288774813756,0.03065196315074296,1.5335130010376896,3.7169557715803725,5.7,46.07128389211784,12.91881084547771,S3_gaming,cutoff
3482.0,0.9672222222222222,0.6403645585282126,3.8701822792641063,0.030652878036375307,1.5335588295849578,3.716844694861309,5.7,46.06870632153805,12.917986022892178,S3_gaming,cutoff
3484.0,0.9677777777777777,0.6401515610635432,3.8700757805317716,0.03065379300627988,1.5336046623589976,3.716733614537146,5.7,46.06612874466936,12.917161198294197,S3_gaming,cutoff
3486.0,0.9683333333333334,0.6399385572329171,3.8699692786164586,0.030654708060469844,1.5336504993604616,3.7166225306075265,5.7,46.063551161510986,12.916336371683515,S3_gaming,cutoff
3488.0,0.9688888888888889,0.6397255470357474,3.8698627735178737,0.030655623198958353,1.5336963405900128,3.7165114430720885,5.7,46.06097357206214,12.915511543059885,S3_gaming,cutoff
3490.0,0.9694444444444444,0.6395125304714464,3.869756265235723,0.030656538421758573,1.5337421860483174,3.7164003519304742,5.7,46.05839597632204,12.914686712423054,S3_gaming,cutoff
3492.0,0.97,0.639299507539427,3.869649753769713,0.030657453728883666,1.5337880357360278,3.7162892571823223,5.7,46.055818374289935,12.91386187977278,S3_gaming,cutoff
3494.0,0.9705555555555555,0.6390864782391017,3.869543239119551,0.0306583691203468,1.53383388965381,3.7161781588272738,5.7,46.05324076596502,12.913037045108808,S3_gaming,cutoff
3496.0,0.9711111111111111,0.6388734425698829,3.8694367212849414,0.030659284596161147,1.5338797478023274,3.716067056864969,5.7,46.050663151346505,12.912212208430882,S3_gaming,cutoff
3498.0,0.9716666666666667,0.6386604005311829,3.8693302002655914,0.03066020015633988,1.5339256101822378,3.715955951295047,5.7,46.048085530433625,12.91138736973876,S3_gaming,cutoff
3500.0,0.9722222222222222,0.6384473521224141,3.869223676061207,0.03066111580089618,1.5339714767942048,3.715844842117149,5.7,46.0455079032256,12.910562529032191,S3_gaming,cutoff
3502.0,0.9727777777777777,0.6382342973429885,3.8691171486714944,0.030662031529843217,1.5340173476388912,3.715733729330915,5.7,46.04293026972165,12.909737686310928,S3_gaming,cutoff
3504.0,0.9733333333333334,0.6380212361923184,3.8690106180961594,0.03066294734319418,1.5340632227169553,3.7156226129359835,5.7,46.04035262992098,12.908912841574715,S3_gaming,cutoff
3506.0,0.9738888888888889,0.6378081686698156,3.8689040843349076,0.030663863240962257,1.5341091020290658,3.7155114929319955,5.7,46.03777498382281,12.908087994823298,S3_gaming,cutoff
3508.0,0.9744444444444444,0.6375950947748921,3.8687975473874463,0.030664779223160632,1.5341549855758778,3.7154003693185906,5.7,46.03519733142639,12.907263146056444,S3_gaming,cutoff
3510.0,0.975,0.6373820145069595,3.8686910072534797,0.030665695289802498,1.5342008733580574,3.7152892420954076,5.7,46.03261967273088,12.906438295273881,S3_gaming,cutoff
3512.0,0.9755555555555555,0.6371689278654298,3.8685844639327147,0.030666611440901048,1.5342467653762681,3.7151781112620874,5.7,46.030042007735545,12.905613442475374,S3_gaming,cutoff
3514.0,0.9761111111111112,0.6369558348497144,3.8684779174248574,0.03066752767646948,1.534292661631173,3.715066976818269,5.7,46.02746433643961,12.904788587660674,S3_gaming,cutoff
3516.0,0.9766666666666667,0.636742735459225,3.8683713677296128,0.030668443996520994,1.53433856212343,3.7149558387635926,5.7,46.024886658842256,12.903963730829522,S3_gaming,cutoff
3518.0,0.9772222222222222,0.6365296296933729,3.8682648148466865,0.030669360401068792,1.534384466853708,3.7148446970976967,5.7,46.02230897494272,12.90313887198167,S3_gaming,cutoff
3520.0,0.9777777777777777,0.6363165175515695,3.868158258775785,0.030670276890126084,1.5344303758226678,3.7147335518202205,5.7,46.01973128474021,12.902314011116868,S3_gaming,cutoff
3522.0,0.9783333333333334,0.636103399033226,3.868051699516613,0.030671193463706073,1.5344762890309727,3.7146224029308046,5.7,46.017153588233946,12.901489148234862,S3_gaming,cutoff
3524.0,0.9788888888888889,0.6358902741377536,3.867945137068877,0.030672110121821975,1.5345222064792856,3.7145112504290876,5.7,46.01457588542317,12.900664283335415,S3_gaming,cutoff
3526.0,0.9794444444444445,0.6356771428645632,3.867838571432282,0.030673026864487002,1.5345681281682704,3.7144000943147084,5.7,46.011998176307074,12.899839416418263,S3_gaming,cutoff
3528.0,0.98,0.635464005213066,3.867732002606533,0.030673943691714372,1.534614054098593,3.7142889345873065,5.7,46.00942046088486,12.899014547483157,S3_gaming,cutoff
3530.0,0.9805555555555555,0.6352508611826728,3.8676254305913362,0.030674860603517307,1.5346599842709168,3.714177771246521,5.7,46.00684273915578,12.89818967652985,S3_gaming,cutoff
3532.0,0.9811111111111112,0.6350377107727944,3.8675188553863973,0.030675777599909033,1.5347059186859051,3.714066604291992,5.7,46.00426501111904,12.897364803558093,S3_gaming,cutoff
3534.0,0.9816666666666667,0.6348245539828414,3.8674122769914208,0.030676694680902773,1.5347518573442187,3.7139554337233562,5.7,46.00168727677384,12.89653992856763,S3_gaming,cutoff
3536.0,0.9822222222222222,0.6346113908122245,3.8673056954061122,0.030677611846511754,1.534797800246529,3.713844259540254,5.7,45.999109536119406,12.895715051558211,S3_gaming,cutoff
3538.0,0.9827777777777778,0.6343982212603542,3.8671991106301773,0.030678529096749212,1.534843747393494,3.7137330817423244,5.7,45.99653178915498,12.894890172529594,S3_gaming,cutoff
3540.0,0.9833333333333333,0.6341850453266409,3.86709252266332,0.03067944643162838,1.5348896987857823,3.7136219003292052,5.7,45.99395403587973,12.894065291481514,S3_gaming,cutoff
3542.0,0.9838888888888889,0.6339718630104949,3.8669859315052477,0.0306803638511625,1.5349356544240578,3.7135107153005364,5.7,45.99137627629292,12.893240408413734,S3_gaming,cutoff
3544.0,0.9844444444444445,0.6337586743113265,3.8668793371556633,0.030681281355364808,1.534981614308986,3.7133995266559556,5.7,45.98879851039372,12.89241552332599,S3_gaming,cutoff
3546.0,0.985,0.6335454792285458,3.866772739614273,0.03068219894424855,1.5350275784412282,3.713288334395102,5.7,45.98622073818137,12.891590636218039,S3_gaming,cutoff
3548.0,0.9855555555555555,0.6333322777615628,3.8666661388807815,0.030683116617826977,1.5350735468214554,3.7131771385176138,5.7,45.98364295965509,12.89076574708963,S3_gaming,cutoff
3550.0,0.9861111111111112,0.6331190699097875,3.866559534954894,0.030684034376113334,1.5351195194503313,3.71306593902313,5.7,45.98106517481409,12.889940855940509,S3_gaming,cutoff
3552.0,0.9866666666666667,0.6329058556726298,3.866452927836315,0.030684952219120872,1.5351654963285193,3.712954735911289,5.7,45.97848738365759,12.889115962770429,S3_gaming,cutoff
3554.0,0.9872222222222222,0.6326926350494995,3.8663463175247497,0.030685870146862852,1.5352114774566854,3.712843529181728,5.7,45.975909586184784,12.888291067579132,S3_gaming,cutoff
3556.0,0.9877777777777778,0.6324794080398062,3.866239704019903,0.03068678815935253,1.5352574628354987,3.712732318834087,5.7,45.9733317823949,12.88746617036637,S3_gaming,cutoff
3558.0,0.9883333333333333,0.6322661746429594,3.8661330873214794,0.030687706256603168,1.5353034524656222,3.712621104868003,5.7,45.97075397228716,12.886641271131893,S3_gaming,cutoff
3560.0,0.9888888888888889,0.6320529348583688,3.8660264674291844,0.030688624438628027,1.5353494463477224,3.7125098872831153,5.7,45.968176155860796,12.885816369875455,S3_gaming,cutoff
3562.0,0.9894444444444445,0.6318396886854437,3.865919844342722,0.03068954270544038,1.535395444482468,3.7123986660790607,5.7,45.965598333114976,12.884991466596793,S3_gaming,cutoff
3564.0,0.99,0.6316264361235935,3.865813218061797,0.030690461057053496,1.5354414468705224,3.7122874412554783,5.7,45.96302050404895,12.884166561295665,S3_gaming,cutoff
3566.0,0.9905555555555555,0.6314131771722272,3.8657065885861135,0.030691379493480647,1.5354874535125544,3.7121762128120053,5.7,45.960442668661905,12.88334165397181,S3_gaming,cutoff
3568.0,0.9911111111111112,0.6311999118307541,3.865599955915377,0.030692298014735112,1.5355334644092278,3.7120649807482815,5.7,45.957864826953085,12.882516744624986,S3_gaming,cutoff
3570.0,0.9916666666666667,0.6309866400985832,3.865493320049292,0.030693216620830167,1.535579479561211,3.7119537450639415,5.7,45.95528697892169,12.88169183325494,S3_gaming,cutoff
3572.0,0.9922222222222222,0.6307733619751233,3.8653866809875614,0.030694135311779096,1.535625498969173,3.7118425057586255,5.7,45.952709124566915,12.880866919861413,S3_gaming,cutoff
3574.0,0.9927777777777778,0.6305600774597835,3.8652800387298916,0.030695054087595184,1.5356715226337803,3.711731262831971,5.7,45.950131263888004,12.880042004444162,S3_gaming,cutoff
3576.0,0.9933333333333333,0.6303467865519724,3.8651733932759864,0.030695972948291718,1.5357175505556986,3.7116200162836157,5.7,45.94755339688416,12.879217087002932,S3_gaming,cutoff
3578.0,0.9938888888888889,0.6301334892510987,3.8650667446255493,0.03069689189388199,1.5357635827355969,3.7115087661131967,5.7,45.94497552355459,12.878392167537468,S3_gaming,cutoff
3580.0,0.9944444444444445,0.6299201855565709,3.8649600927782854,0.030697810924379294,1.5358096191741415,3.7113975123203518,5.7,45.94239764389851,12.877567246047525,S3_gaming,cutoff
3582.0,0.995,0.6297068754677976,3.864853437733899,0.030698730039796927,1.5358556598720012,3.7112862549047194,5.7,45.939819757915146,12.876742322532847,S3_gaming,cutoff
3584.0,0.9955555555555555,0.629493558984187,3.8647467794920933,0.03069964924014819,1.5359017048298451,3.7111749938659346,5.7,45.937241865603674,12.875917396993177,S3_gaming,cutoff
3586.0,0.9961111111111111,0.6292802361051476,3.8646401180525736,0.030700568525446382,1.535947754048339,3.711063729203638,5.7,45.93466396696335,12.875092469428273,S3_gaming,cutoff
3588.0,0.9966666666666667,0.6290669068300875,3.864533453415044,0.030701487895704812,1.535993807528152,3.7109524609174644,5.7,45.93208606199337,12.874267539837879,S3_gaming,cutoff
3590.0,0.9972222222222222,0.6288535711584147,3.8644267855792074,0.030702407350936788,1.5360398652699503,3.7108411890070525,5.7,45.92950815069294,12.87344260822174,S3_gaming,cutoff
3592.0,0.9977777777777778,0.6286402290895373,3.8643201145447685,0.03070332689115562,1.536085927274408,3.7107299134720373,5.7,45.92693023306128,12.872617674579608,S3_gaming,cutoff
3594.0,0.9983333333333333,0.6284268806228633,3.8642134403114317,0.030704246516374628,1.536131993542189,3.71061863431206,5.7,45.92435230909759,12.87179273891123,S3_gaming,cutoff
3596.0,0.9988888888888889,0.6282135257578004,3.8641067628789,0.030705166226607124,1.5361780640739646,3.7105073515267533,5.7,45.921774378801096,12.87096780121635,S3_gaming,cutoff
3598.0,0.9994444444444445,0.6280001644937564,3.8640000822468785,0.030706086021866433,1.5362241388704012,3.7103960651157575,5.7,45.919196442171014,12.870142861494724,S3_gaming,cutoff
3600.0,1.0,0.6277867968301389,3.8638933984150694,0.030707005902165876,1.5362702179321701,3.710284775078708,5.7,45.91661849920652,12.869317919746088,S3_gaming,cutoff
3602.0,1.0005555555555556,0.6275734227663555,3.863786711383178,0.03070792586751878,1.5363163012599406,3.7101734814152416,5.7,45.91404054990687,12.8684929759702,S3_gaming,cutoff
3604.0,1.001111111111111,0.6273600423018136,3.863680021150907,0.03070884591793847,1.5363623888543814,3.7100621841249963,5.7,45.911462594271256,12.867668030166802,S3_gaming,cutoff
3606.0,1.0016666666666667,0.6271466554359206,3.86357332771796,0.030709766053438284,1.5364084807161615,3.709950883207607,5.7,45.908884632298886,12.866843082335643,S3_gaming,cutoff
3608.0,1.0022222222222221,0.6269332621680838,3.8634666310840418,0.03071068627403156,1.5364545768459525,3.709839578662712,5.7,45.90630666398898,12.866018132476475,S3_gaming,cutoff
3610.0,1.0027777777777778,0.6267198624977103,3.863359931248855,0.03071160657973163,1.5365006772444205,3.7097282704899484,5.7,45.903728689340745,12.865193180589038,S3_gaming,cutoff
3612.0,1.0033333333333334,0.6265064564242071,3.8632532282121037,0.030712526970551837,1.5365467819122403,3.7096169586889505,5.7,45.90115070835339,12.864368226673086,S3_gaming,cutoff
3614.0,1.0038888888888888,0.6262930439469814,3.8631465219734906,0.03071344744650553,1.5365928908500803,3.7095056432593565,5.7,45.89857272102612,12.863543270728359,S3_gaming,cutoff
3616.0,1.0044444444444445,0.6260796250654399,3.86303981253272,0.030714368007606047,1.5366390040586098,3.709394324200803,5.7,45.895994727358165,12.862718312754613,S3_gaming,cutoff
3618.0,1.005,0.6258661997789895,3.862933099889495,0.030715288653866742,1.5366851215384973,3.709283001512927,5.7,45.893416727348715,12.861893352751588,S3_gaming,cutoff
3620.0,1.0055555555555555,0.625652768087037,3.8628263840435184,0.03071620938530097,1.5367312432904205,3.7091716751953627,5.7,45.89083872099698,12.861068390719034,S3_gaming,cutoff
3622.0,1.0061111111111112,0.6254393299889888,3.8627196649944944,0.030717130201922085,1.5367773693150426,3.709060345247747,5.7,45.88826070830218,12.860243426656698,S3_gaming,cutoff
3624.0,1.0066666666666666,0.6252258854842515,3.8626129427421256,0.03071805110374345,1.5368234996130408,3.7089490116697172,5.7,45.885682689263525,12.85941846056433,S3_gaming,cutoff
3626.0,1.0072222222222222,0.6250124345722317,3.862506217286116,0.030718972090778427,1.5368696341850812,3.7088376744609097,5.7,45.88310466388023,12.858593492441674,S3_gaming,cutoff
3628.0,1.0077777777777779,0.6247989772523355,3.862399488626168,0.030719893163040378,1.5369157730318355,3.7087263336209593,5.7,45.88052663215149,12.857768522288477,S3_gaming,cutoff
3630.0,1.0083333333333333,0.6245855135239693,3.8622927567619847,0.030720814320542668,1.5369619161539783,3.708614989149502,5.7,45.877948594076514,12.856943550104486,S3_gaming,cutoff
3632.0,1.008888888888889,0.6243720433865392,3.8621860216932697,0.03072173556329867,1.5370080635521781,3.7085036410461756,5.7,45.875370549654534,12.85611857588945,S3_gaming,cutoff
3634.0,1.0094444444444444,0.6241585668394513,3.8620792834197255,0.030722656891321764,1.5370542152271072,3.7083922893106136,5.7,45.87279249888472,12.855293599643112,S3_gaming,cutoff
3636.0,1.01,0.6239450838821115,3.8619725419410558,0.03072357830462532,1.5371003711794367,3.708280933942454,5.7,45.87021444176633,12.854468621365225,S3_gaming,cutoff
3638.0,1.0105555555555557,0.6237315945139256,3.8618657972569626,0.03072449980322272,1.5371465314098443,3.7081695749413313,5.7,45.86763637829852,12.853643641055527,S3_gaming,cutoff
3640.0,1.011111111111111,0.6235180987342995,3.8617590493671496,0.030725421387127347,1.537192695918993,3.7080582123068817,5.7,45.865058308480535,12.852818658713772,S3_gaming,cutoff
3642.0,1.0116666666666667,0.6233045965426389,3.8616522982713195,0.030726343056352586,1.537238864707563,3.7079468460387406,5.7,45.86248023231158,12.851993674339706,S3_gaming,cutoff
3644.0,1.0122222222222221,0.6230910879383493,3.8615455439691746,0.030727264810911824,1.537285037776223,3.7078354761365446,5.7,45.85990214979085,12.851168687933072,S3_gaming,cutoff
3646.0,1.0127777777777778,0.6228775729208362,3.8614387864604183,0.03072818665081846,1.5373312151256424,3.7077241025999275,5.7,45.85732406091757,12.850343699493623,S3_gaming,cutoff
3648.0,1.0133333333333334,0.6226640514895051,3.8613320257447525,0.030729108576085882,1.5373773967565008,3.707612725428526,5.7,45.85474596569093,12.8495187090211,S3_gaming,cutoff
3650.0,1.0138888888888888,0.6224505236437612,3.8612252618218807,0.030730030586727488,1.537423582669467,3.7075013446219756,5.7,45.85216786411016,12.84869371651525,S3_gaming,cutoff
3652.0,1.0144444444444445,0.6222369893830098,3.861118494691505,0.030730952682756683,1.5374697728652131,3.7073899601799103,5.7,45.84958975617443,12.84786872197582,S3_gaming,cutoff
3654.0,1.015,0.6220234487066559,3.861011724353328,0.030731874864186867,1.537515967344416,3.7072785721019668,5.7,45.84701164188299,12.847043725402559,S3_gaming,cutoff
3656.0,1.0155555555555555,0.6218099016141047,3.8609049508070523,0.03073279713103145,1.5375621661077448,3.707167180387781,5.7,45.844433521235025,12.84621872679521,S3_gaming,cutoff
3658.0,1.0161111111111112,0.6215963481047609,3.8607981740523805,0.030733719483303838,1.5376083691558795,3.707055785036986,5.7,45.841855394229746,12.84539372615352,S3_gaming,cutoff
3660.0,1.0166666666666666,0.6213827881780296,3.860691394089015,0.030734641921017443,1.537654576489486,3.706944386049218,5.7,45.83927726086635,12.844568723477234,S3_gaming,cutoff
3662.0,1.0172222222222222,0.6211692218333155,3.860584610916658,0.030735564444185685,1.537700788109239,3.7068329834241127,5.7,45.83669912114408,12.843743718766106,S3_gaming,cutoff
3664.0,1.0177777777777777,0.6209556490700231,3.8604778245350113,0.03073648705282198,1.5377470040158185,3.706721577161304,5.7,45.834120975062085,12.842918712019868,S3_gaming,cutoff
3666.0,1.0183333333333333,0.6207420698875571,3.8603710349437783,0.03073740974693975,1.5377932242098935,3.7066101672604272,5.7,45.831542822619625,12.84209370323828,S3_gaming,cutoff
3668.0,1.018888888888889,0.6205284842853218,3.860264242142661,0.030738332526552416,1.537839448692138,3.706498753721118,5.7,45.82896466381588,12.841268692421083,S3_gaming,cutoff
3670.0,1.0194444444444444,0.6203148922627217,3.860157446131361,0.030739255391673413,1.53788567746323,3.7063873365430093,5.7,45.826386498650066,12.840443679568022,S3_gaming,cutoff
3672.0,1.02,0.6201012938191611,3.8600506469095803,0.030740178342316165,1.5379319105238431,3.706275915725737,5.7,45.82380832712137,12.83961866467884,S3_gaming,cutoff
3674.0,1.0205555555555557,0.6198876889540442,3.859943844477022,0.030741101378494107,1.5379781478746468,3.706164491268936,5.7,45.82123014922904,12.838793647753292,S3_gaming,cutoff
3676.0,1.021111111111111,0.6196740776667751,3.859837038833388,0.030742024500220677,1.5380243895163208,3.706053063172241,5.7,45.81865196497225,12.837968628791119,S3_gaming,cutoff
3678.0,1.0216666666666667,0.6194604599567577,3.859730229978379,0.030742947707509315,1.5380706354495426,3.705941631435286,5.7,45.81607377435019,12.83714360779206,S3_gaming,cutoff
3680.0,1.0222222222222221,0.6192468358233959,3.859623417911698,0.03074387100037346,1.538116885674981,3.7058301960577062,5.7,45.8134955773621,12.836318584755873,S3_gaming,cutoff
3682.0,1.0227777777777778,0.6190332052660936,3.8595166026330467,0.030744794378826563,1.538163140193316,3.705718757039135,5.7,45.81091737400716,12.835493559682291,S3_gaming,cutoff
3684.0,1.0233333333333334,0.6188195682842546,3.8594097841421275,0.03074571784288207,1.5382093990052192,3.705607314379208,5.7,45.808339164284604,12.834668532571074,S3_gaming,cutoff
3686.0,1.0238888888888888,0.6186059248772823,3.8593029624386412,0.03074664139255343,1.5382556621113679,3.7054958680775587,5.7,45.80576094819361,12.833843503421955,S3_gaming,cutoff
3688.0,1.0244444444444445,0.6183922750445804,3.8591961375222903,0.0307475650278541,1.5383019295124394,3.7053844181338214,5.7,45.80318272573339,12.833018472234686,S3_gaming,cutoff
3690.0,1.025,0.6181786187855522,3.8590893093927763,0.030748488748797535,1.538348201209108,3.7052729645476306,5.7,45.80060449690317,12.832193439009014,S3_gaming,cutoff
3692.0,1.0255555555555556,0.6179649560996012,3.8589824780498008,0.0307494125553972,1.5383944772020486,3.7051615073186204,5.7,45.79802626170212,12.83136840374468,S3_gaming,cutoff
3694.0,1.0261111111111112,0.6177512869861306,3.8588756434930653,0.030750336447666556,1.5384407574919405,3.705050046446424,5.7,45.79544802012946,12.830543366441429,S3_gaming,cutoff
3696.0,1.0266666666666666,0.6175376114445434,3.8587688057222715,0.030751260425619067,1.5384870420794587,3.704938581930677,5.7,45.792869772184396,12.829718327099007,S3_gaming,cutoff
3698.0,1.0272222222222223,0.6173239294742429,3.8586619647371214,0.030752184489268204,1.5385333309652776,3.704827113771012,5.7,45.790291517866144,12.828893285717166,S3_gaming,cutoff
3700.0,1.0277777777777777,0.6171102410746319,3.858555120537316,0.03075310863862744,1.5385796241500742,3.7047156419670633,5.7,45.787713257173905,12.82806824229565,S3_gaming,cutoff
3702.0,1.0283333333333333,0.6168965462451133,3.8584482731225567,0.03075403287371025,1.5386259216345288,3.7046041665184646,5.7,45.78513499010685,12.827243196834193,S3_gaming,cutoff
3704.0,1.028888888888889,0.6166828449850899,3.858341422492545,0.030754957194530114,1.5386722234193155,3.7044926874248505,5.7,45.782556716664224,12.826418149332552,S3_gaming,cutoff
3706.0,1.0294444444444444,0.6164691372939644,3.8582345686469823,0.030755881601100512,1.5387185295051091,3.7043812046858537,5.7,45.779978436845205,12.825593099790467,S3_gaming,cutoff
3708.0,1.03,0.6162554231711393,3.8581277115855697,0.030756806093434928,1.5387648398925924,3.704269718301108,5.7,45.77740015064901,12.824768048207684,S3_gaming,cutoff
3710.0,1.0305555555555554,0.6160417026160173,3.8580208513080088,0.03075773067154685,1.5388111545824394,3.7041582282702477,5.7,45.774821858074844,12.82394299458395,S3_gaming,cutoff
3712.0,1.031111111111111,0.6158279756280006,3.8579139878140003,0.03075865533544977,1.5388574735753306,3.704046734592905,5.7,45.77224355912188,12.823117938919003,S3_gaming,cutoff
3714.0,1.0316666666666667,0.6156142422064916,3.857807121103246,0.03075958008515718,1.5389037968719377,3.7039352372687144,5.7,45.76966525378938,12.8222928812126,S3_gaming,cutoff
3716.0,1.0322222222222222,0.6154005023508925,3.857700251175446,0.03076050492068258,1.538950124472943,3.7038237362973097,5.7,45.76708694207648,12.821467821464475,S3_gaming,cutoff
3718.0,1.0327777777777778,0.6151867560606054,3.8575933780303027,0.030761429842039462,1.5389964563790242,3.7037122316783226,5.7,45.76450862398244,12.82064275967438,S3_gaming,cutoff
3720.0,1.0333333333333334,0.6149730033350322,3.857486501667516,0.030762354849241336,1.5390427925908583,3.7036007234113875,5.7,45.76193029950642,12.819817695842055,S3_gaming,cutoff
3722.0,1.0338888888888889,0.6147592441735752,3.8573796220867873,0.030763279942301703,1.5390891331091254,3.7034892114961373,5.7,45.75935196864763,12.818992629967243,S3_gaming,cutoff
3724.0,1.0344444444444445,0.6145454785756359,3.8572727392878177,0.03076420512123407,1.5391354779345028,3.7033776959322053,5.7,45.756773631405295,12.818167562049695,S3_gaming,cutoff
3726.0,1.035,0.6143317065406162,3.857165853270308,0.030765130386051952,1.5391818270676676,3.7032661767192243,5.7,45.754195287778614,12.817342492089157,S3_gaming,cutoff
3728.0,1.0355555555555556,0.6141179280679177,3.8570589640339588,0.030766055736768865,1.539228180509297,3.7031546538568274,5.7,45.75161693776678,12.816517420085368,S3_gaming,cutoff
3730.0,1.0361111111111112,0.6139041431569419,3.856952071578471,0.030766981173398322,1.539274538260077,3.7030431273446482,5.7,45.74903858136898,12.815692346038073,S3_gaming,cutoff
3732.0,1.0366666666666666,0.6136903518070903,3.856845175903545,0.030767906695953844,1.5393209003206814,3.7029315971823187,5.7,45.746460218584424,12.814867269947017,S3_gaming,cutoff
3734.0,1.0372222222222223,0.6134765540177644,3.8567382770088825,0.03076883230444896,1.5393672666917906,3.702820063369472,5.7,45.74388184941235,12.814042191811952,S3_gaming,cutoff
3736.0,1.0377777777777777,0.6132627497883653,3.8566313748941825,0.030769757998897192,1.5394136373740845,3.70270852590574,5.7,45.74130347385189,12.813217111632607,S3_gaming,cutoff
3738.0,1.0383333333333333,0.6130489391182942,3.8565244695591474,0.03077068377931207,1.5394600123682405,3.702596984790758,5.7,45.73872509190232,12.812392029408741,S3_gaming,cutoff
3740.0,1.038888888888889,0.6128351220069522,3.856417561003476,0.03077160964570713,1.5395063916749385,3.7024854400241556,5.7,45.73614670356278,12.811566945140092,S3_gaming,cutoff
3742.0,1.0394444444444444,0.6126212984537404,3.85631064922687,0.030772535598095903,1.5395527752948612,3.702373891605567,5.7,45.7335683088325,12.8107418588264,S3_gaming,cutoff
3744.0,1.04,0.6124074684580595,3.85620373422903,0.030773461636491927,1.5395991632286858,3.702262339534625,5.7,45.73098990771068,12.809916770467417,S3_gaming,cutoff
3746.0,1.0405555555555555,0.6121936320193104,3.8560968160096554,0.030774387760908746,1.5396455554770954,3.7021507838109615,5.7,45.72841150019652,12.809091680062886,S3_gaming,cutoff
3748.0,1.041111111111111,0.6119797891368939,3.855989894568447,0.030775313971359908,1.5396919520407641,3.702039224434208,5.7,45.72583308628922,12.80826658761255,S3_gaming,cutoff
3750.0,1.0416666666666667,0.6117659398102104,3.855882969905105,0.030776240267858957,1.5397383529203805,3.701927661403998,5.7,45.72325466598796,12.807441493116148,S3_gaming,cutoff
3752.0,1.0422222222222222,0.6115520840386606,3.8557760420193303,0.030777166650419442,1.539784758116619,3.7018160947199643,5.7,45.720676239291976,12.806616396573434,S3_gaming,cutoff
3754.0,1.0427777777777778,0.6113382218216448,3.8556691109108225,0.03077809311905492,1.5398311676301624,3.701704524381737,5.7,45.718097806200454,12.805791297984145,S3_gaming,cutoff
3756.0,1.0433333333333332,0.6111243531585634,3.855562176579282,0.030779019673778947,1.5398775814616932,3.7015929503889495,5.7,45.71551936671258,12.804966197348024,S3_gaming,cutoff
3758.0,1.0438888888888889,0.6109104780488166,3.8554552390244083,0.030779946314605084,1.539923999611889,3.7014813727412346,5.7,45.712940920827556,12.804141094664818,S3_gaming,cutoff
3760.0,1.0444444444444445,0.6106965964918045,3.855348298245902,0.03078087304154689,1.5399704220814325,3.701369791438223,5.7,45.71036246854459,12.80331598993427,S3_gaming,cutoff
3762.0,1.045,0.6104827084869273,3.8552413542434634,0.030781799854617937,1.5400168488710064,3.7012582064795483,5.7,45.70778400986289,12.802490883156127,S3_gaming,cutoff
3764.0,1.0455555555555556,0.6102688140335848,3.8551344070167923,0.03078272675383179,1.5400632799812908,3.7011466178648402,5.7,45.705205544781656,12.80166577433013,S3_gaming,cutoff
3766.0,1.0461111111111112,0.6100549131311769,3.8550274565655887,0.030783653739202017,1.5401097154129684,3.701035025593732,5.7,45.70262707330007,12.800840663456023,S3_gaming,cutoff
3768.0,1.0466666666666666,0.6098410057791033,3.8549205028895517,0.030784580810742198,1.540156155166719,3.700923429665855,5.7,45.70004859541733,12.800015550533546,S3_gaming,cutoff
3770.0,1.0472222222222223,0.6096270919767637,3.8548135459883817,0.030785507968465912,1.540202599243226,3.700811830080841,5.7,45.697470111132645,12.799190435562448,S3_gaming,cutoff
3772.0,1.0477777777777777,0.6094131717235577,3.854706585861779,0.030786435212386738,1.540249047643169,3.7007002268383213,5.7,45.69489162044522,12.798365318542471,S3_gaming,cutoff
3774.0,1.0483333333333333,0.6091992450188848,3.8545996225094425,0.030787362542518258,1.5402955003672363,3.7005886199379283,5.7,45.69231312335424,12.797540199473357,S3_gaming,cutoff
3776.0,1.048888888888889,0.6089853118621443,3.854492655931072,0.030788289958874063,1.5403419574161026,3.700477009379293,5.7,45.6897346198589,12.79671507835485,S3_gaming,cutoff
3778.0,1.0494444444444444,0.6087713722527356,3.854385686126368,0.030789217461467743,1.5403884187904586,3.7003653951620468,5.7,45.687156109958416,12.795889955186693,S3_gaming,cutoff
3780.0,1.05,0.6085574261900578,3.854278713095029,0.030790145050312887,1.5404348844909792,3.7002537772858215,5.7,45.68457759365199,12.795064829968636,S3_gaming,cutoff
3782.0,1.0505555555555555,0.60834347367351,3.854171736836755,0.030791072725423096,1.5404813545183498,3.700142155750247,5.7,45.68199907093878,12.794239702700409,S3_gaming,cutoff
3784.0,1.051111111111111,0.6081295147024913,3.854064757351246,0.030792000486811966,1.540527828873256,3.700030530554957,5.7,45.679420541818025,12.793414573381769,S3_gaming,cutoff
3786.0,1.0516666666666667,0.6079155492764005,3.8539577746382,0.0307929283344931,1.5405743075563776,3.69991890169958,5.7,45.676842006288894,12.792589442012448,S3_gaming,cutoff
3788.0,1.0522222222222222,0.6077015773946364,3.853850788697318,0.030793856268480104,1.5406207905684033,3.69980726918375,5.7,45.67426346435061,12.791764308592196,S3_gaming,cutoff
3790.0,1.0527777777777778,0.6074875990565977,3.853743799528299,0.030794784288786584,1.54066727791001,3.699695633007096,5.7,45.67168491600236,12.790939173120757,S3_gaming,cutoff
3792.0,1.0533333333333332,0.607273614261683,3.8536368071308416,0.030795712395426153,1.5407137695818833,3.6995839931692487,5.7,45.669106361243344,12.79011403559787,S3_gaming,cutoff
3794.0,1.0538888888888889,0.6070596230092911,3.8535298115046457,0.030796640588412427,1.540760265584709,3.69947234966984,5.7,45.66652780007274,12.789288896023278,S3_gaming,cutoff
3796.0,1.0544444444444445,0.6068456252988201,3.85342281264941,0.030797568867759022,1.5408067659191698,3.699360702508501,5.7,45.66394923248978,12.788463754396728,S3_gaming,cutoff
3798.0,1.055,0.6066316211296685,3.853315810564834,0.030798497233479556,1.5408532705859483,3.699249051684862,5.7,45.66137065849362,12.787638610717957,S3_gaming,cutoff
3800.0,1.0555555555555556,0.6064176105012345,3.8532088052506173,0.030799425685587658,1.540899779585733,3.6991373971985553,5.7,45.65879207808348,12.786813464986714,S3_gaming,cutoff
3802.0,1.056111111111111,0.6062035934129163,3.8531017967064582,0.03080035422409695,1.5409462929192013,3.6990257390492087,5.7,45.65621349125856,12.78598831720274,S3_gaming,cutoff
3804.0,1.0566666666666666,0.6059895698641119,3.852994784932056,0.030801282849021065,1.540992810587044,3.6989140772364553,5.7,45.653634898018055,12.785163167365777,S3_gaming,cutoff
3806.0,1.0572222222222223,0.6057755398542193,3.8528877699271096,0.030802211560373632,1.541039332589944,3.698802411759924,5.7,45.651056298361134,12.784338015475564,S3_gaming,cutoff
3808.0,1.0577777777777777,0.6055615033826363,3.852780751691318,0.03080314035816829,1.541085858928584,3.698690742619247,5.7,45.64847769228703,12.78351286153185,S3_gaming,cutoff
3810.0,1.0583333333333333,0.6053474604487606,3.8526737302243803,0.030804069242418675,1.5411323896036555,3.6985790698140537,5.7,45.645899079794916,12.782687705534373,S3_gaming,cutoff
3812.0,1.058888888888889,0.60513341105199,3.8525667055259953,0.03080499821313843,1.5411789246158352,3.6984673933439747,5.7,45.643320460884,12.78186254748288,S3_gaming,cutoff
3814.0,1.0594444444444444,0.604919355191722,3.852459677595861,0.0308059272703412,1.5412254639658118,3.6983557132086395,5.7,45.64074183555346,12.781037387377108,S3_gaming,cutoff
3816.0,1.06,0.6047052928673542,3.852352646433677,0.030806856414040636,1.5412720076542707,3.698244029407679,5.7,45.63816320380251,12.780212225216806,S3_gaming,cutoff
3818.0,1.0605555555555555,0.6044912240782838,3.852245612039142,0.030807785644250383,1.5413185556818976,3.698132341940724,5.7,45.63558456563035,12.779387061001714,S3_gaming,cutoff
3820.0,1.0611111111111111,0.6042771488239083,3.852138574411954,0.0308087149609841,1.5413651080493778,3.6980206508074045,5.7,45.63300592103616,12.77856189473157,S3_gaming,cutoff
3822.0,1.0616666666666668,0.6040630671036247,3.8520315335518123,0.03080964436425544,1.5414116647573999,3.6979089560073497,5.7,45.630427270019126,12.777736726406122,S3_gaming,cutoff
3824.0,1.0622222222222222,0.6038489789168302,3.851924489458415,0.030810573854078063,1.5414582258066494,3.6977972575401896,5.7,45.62784861257846,12.776911556025107,S3_gaming,cutoff
3826.0,1.0627777777777778,0.6036348842629218,3.851817442131461,0.030811503430465636,1.541504791197809,3.697685555405555,5.7,45.62526994871335,12.776086383588273,S3_gaming,cutoff
3828.0,1.0633333333333332,0.6034207831412964,3.8517103915706485,0.03081243309343182,1.5415513609315672,3.697573849603076,5.7,45.622691278423005,12.775261209095362,S3_gaming,cutoff
3830.0,1.0638888888888889,0.6032066755513509,3.8516033377756758,0.030813362842990293,1.5415979350086095,3.6974621401323815,5.7,45.6201126017066,12.774436032546113,S3_gaming,cutoff
3832.0,1.0644444444444445,0.6029925614924818,3.851496280746241,0.03081429267915472,1.5416445134296242,3.6973504269931015,5.7,45.617533918563325,12.773610853940264,S3_gaming,cutoff
3834.0,1.065,0.602778440964086,3.851389220482043,0.03081522260193878,1.5416910961952968,3.697238710184865,5.7,45.614955228992386,12.772785673277564,S3_gaming,cutoff
3836.0,1.0655555555555556,0.6025643139655598,3.85128215698278,0.03081615261135615,1.5417376833063157,3.6971269897073036,5.7,45.612376532992975,12.771960490557753,S3_gaming,cutoff
3838.0,1.066111111111111,0.6023501804962996,3.85117509024815,0.03081708270742051,1.5417842747633663,3.697015265560045,5.7,45.60979783056429,12.771135305780573,S3_gaming,cutoff
3840.0,1.0666666666666667,0.602136040555702,3.851068020277851,0.030818012890145546,1.5418308705671402,3.6969035377427195,5.7,45.60721912170552,12.770310118945766,S3_gaming,cutoff
3842.0,1.0672222222222223,0.6019218941431631,3.8509609470715818,0.030818943159544948,1.541877470718317,3.6967918062549563,5.7,45.60464040641585,12.769484930053071,S3_gaming,cutoff
3844.0,1.0677777777777777,0.601707741258079,3.85085387062904,0.030819873515632406,1.5419240752175905,3.696680071096385,5.7,45.60206168469449,12.768659739102237,S3_gaming,cutoff
3846.0,1.0683333333333334,0.6014935818998458,3.850746790949923,0.03082080395842161,1.5419706840656466,3.696568332266635,5.7,45.59948295654061,12.767834546092997,S3_gaming,cutoff
3848.0,1.068888888888889,0.6012794160678594,3.8506397080339294,0.03082173448792626,1.5420172972631734,3.6964565897653348,5.7,45.596904221953416,12.767009351025093,S3_gaming,cutoff
3850.0,1.0694444444444444,0.6010652437615157,3.850532621880758,0.03082266510416005,1.5420639148108595,3.6963448435921142,5.7,45.59432548093212,12.76618415389828,S3_gaming,cutoff
3852.0,1.07,0.6008510649802105,3.8504255324901053,0.030823595807136693,1.5421105367093928,3.6962330937466024,5.7,45.59174673347589,12.765358954712283,S3_gaming,cutoff
3854.0,1.0705555555555555,0.6006368797233393,3.8503184398616694,0.030824526596869888,1.5421571629594593,3.6961213402284288,5.7,45.58916797958391,12.764533753466852,S3_gaming,cutoff
3856.0,1.0711111111111111,0.600422687990298,3.850211343995149,0.030825457473373348,1.5422037935617527,3.696009583037221,5.7,45.5865892192554,12.763708550161729,S3_gaming,cutoff
3858.0,1.0716666666666668,0.6002084897804818,3.850104244890241,0.030826388436660784,1.5422504285169558,3.695897822172609,5.7,45.584010452489544,12.762883344796654,S3_gaming,cutoff
3860.0,1.0722222222222222,0.5999942850932862,3.849997142546643,0.03082731948674591,1.5422970678257624,3.6957860576342214,5.7,45.581431679285515,12.762058137371366,S3_gaming,cutoff
3862.0,1.0727777777777778,0.5997800739281064,3.8498900369640534,0.030828250623642445,1.5423437114888583,3.695674289421688,5.7,45.578852899642534,12.761232927885612,S3_gaming,cutoff
3864.0,1.0733333333333333,0.5995658562843377,3.8497829281421687,0.03082918184736411,1.5423903595069315,3.6955625175346354,5.7,45.57627411355976,12.760407716339124,S3_gaming,cutoff
3866.0,1.073888888888889,0.5993516321613751,3.849675816080688,0.030830113157924628,1.5424370118806763,3.695450741972695,5.7,45.57369532103642,12.759582502731654,S3_gaming,cutoff
3868.0,1.0744444444444445,0.5991374015586136,3.849568700779307,0.03083104455533773,1.542483668610778,3.695338962735493,5.7,45.57111652207168,12.758757287062936,S3_gaming,cutoff
3870.0,1.075,0.5989231644754481,3.849461582237724,0.030831976039617143,1.5425303296979302,3.695227179822659,5.7,45.568537716664714,12.757932069332709,S3_gaming,cutoff
3872.0,1.0755555555555556,0.5987089209112735,3.8493544604556367,0.030832907610776606,1.5425769951428163,3.6951153932338214,5.7,45.56595890481476,12.757106849540722,S3_gaming,cutoff
3874.0,1.076111111111111,0.5984946708654845,3.849247335432742,0.03083383926882985,1.5426236649461327,3.6950036029686073,5.7,45.56338008652097,12.756281627686711,S3_gaming,cutoff
3876.0,1.0766666666666667,0.5982804143374756,3.8491402071687375,0.03083477101379062,1.542670339108565,3.694891809026648,5.7,45.56080126178256,12.755456403770419,S3_gaming,cutoff
3878.0,1.0772222222222223,0.5980661513266414,3.8490330756633204,0.030835702845672653,1.542717017630804,3.69478001140757,5.7,45.55822243059872,12.75463117779159,S3_gaming,cutoff
3880.0,1.0777777777777777,0.5978518818323764,3.848925940916188,0.0308366347644897,1.5427637005135442,3.694668210111001,5.7,45.555643592968615,12.753805949749957,S3_gaming,cutoff
3882.0,1.0783333333333334,0.5976376058540747,3.8488188029270374,0.030837566770255505,1.5428103877574706,3.6945564051365705,5.7,45.55306474889146,12.752980719645267,S3_gaming,cutoff
3884.0,1.0788888888888888,0.5974233233911307,3.8487116616955657,0.030838498862983826,1.5428570793632772,3.694444596483906,5.7,45.55048589836644,12.75215548747726,S3_gaming,cutoff
3886.0,1.0794444444444444,0.5972090344429385,3.848604517221469,0.030839431042688412,1.5429037753316526,3.6943327841526346,5.7,45.547907041392726,12.751330253245673,S3_gaming,cutoff
3888.0,1.08,0.5969947390088921,3.8484973695044458,0.03084036330938303,1.5429504756632906,3.6942209681423863,5.7,45.54532817796953,12.75050501695025,S3_gaming,cutoff
3890.0,1.0805555555555555,0.5967804370883856,3.8483902185441927,0.03084129566308143,1.5429971803588793,3.6941091484527875,5.7,45.54274930809605,12.749679778590735,S3_gaming,cutoff
3892.0,1.0811111111111111,0.5965661286808126,3.8482830643404062,0.030842228103797387,1.5430438894191156,3.6939973250834663,5.7,45.54017043177143,12.748854538166858,S3_gaming,cutoff
3894.0,1.0816666666666668,0.596351813785567,3.8481759068927834,0.030843160631544665,1.5430906028446822,3.6938854980340508,5.7,45.53759154899492,12.748029295678373,S3_gaming,cutoff
3896.0,1.0822222222222222,0.5961374924020425,3.8480687462010215,0.03084409324633703,1.5431373206362786,3.6937736673041686,5.7,45.53501265976566,12.747204051125012,S3_gaming,cutoff
3898.0,1.0827777777777778,0.5959231645296326,3.8479615822648165,0.030845025948188262,1.543184042794593,3.6936618328934476,5.7,45.53243376408286,12.746378804506515,S3_gaming,cutoff
3900.0,1.0833333333333333,0.5957088301677307,3.8478544150838654,0.030845958737112135,1.5432307693203167,3.693549994801515,5.7,45.5298548619457,12.745553555822625,S3_gaming,cutoff
3902.0,1.083888888888889,0.5954944893157302,3.847747244657865,0.03084689161312243,1.5432775002141434,3.6934381530279987,5.7,45.52727595335338,12.744728305073082,S3_gaming,cutoff
3904.0,1.0844444444444445,0.5952801419730245,3.847640070986512,0.03084782457623293,1.5433242354767673,3.693326307572525,5.7,45.524697038305064,12.743903052257622,S3_gaming,cutoff
3906.0,1.085,0.5950657881390066,3.847532894069503,0.030848757626457418,1.5433709751088764,3.6932144584347233,5.7,45.522118116799994,12.743077797375998,S3_gaming,cutoff
3908.0,1.0855555555555556,0.5948514278130697,3.847425713906535,0.030849690763809688,1.5434177191111647,3.693102605614219,5.7,45.519539188837314,12.742252540427941,S3_gaming,cutoff
3910.0,1.086111111111111,0.5946370609946067,3.8473185304973034,0.03085062398830353,1.543464467484326,3.6929907491106406,5.7,45.51696025441621,12.741427281413188,S3_gaming,cutoff
3912.0,1.0866666666666667,0.5944226876830105,3.847211343841505,0.030851557299952738,1.5435112202290517,3.6928788889236155,5.7,45.514381313535885,12.740602020331485,S3_gaming,cutoff
3914.0,1.0872222222222223,0.594208307877674,3.847104153938837,0.030852490698771114,1.5435579773460384,3.6927670250527704,5.7,45.511802366195525,12.739776757182568,S3_gaming,cutoff
3916.0,1.0877777777777777,0.5939939215779897,3.846996960788995,0.03085342418477246,1.5436047388359742,3.6926551574977315,5.7,45.50922341239431,12.738951491966182,S3_gaming,cutoff
3918.0,1.0883333333333334,0.5937795287833504,3.8468897643916753,0.03085435775797057,1.5436515046995558,3.6925432862581276,5.7,45.50664445213145,12.738126224682064,S3_gaming,cutoff
3920.0,1.0888888888888888,0.5935651294931484,3.846782564746574,0.030855291418379265,1.5436982749374744,3.6924314113335845,5.7,45.5040654854061,12.737300955329953,S3_gaming,cutoff
3922.0,1.0894444444444444,0.5933507237067763,3.8466753618533884,0.03085622516601235,1.5437450495504268,3.69231953272373,5.7,45.50148651221747,12.73647568390959,S3_gaming,cutoff
3924.0,1.09,0.5931363114236263,3.846568155711813,0.030857159000883642,1.543791828539101,3.6922076504281893,5.7,45.498907532564736,12.735650410420716,S3_gaming,cutoff
3926.0,1.0905555555555555,0.5929218926430907,3.846460946321545,0.030858092923006956,1.5438386119041996,3.6920957644465906,5.7,45.49632854644708,12.734825134863067,S3_gaming,cutoff
3928.0,1.0911111111111111,0.5927074673645615,3.846353733682281,0.03085902693239611,1.5438853996464108,3.6919838747785594,5.7,45.49374955386371,12.733999857236387,S3_gaming,cutoff
3930.0,1.0916666666666666,0.5924930355874307,3.8462465177937153,0.03085996102906493,1.5439321917664284,3.6918719814237235,5.7,45.4911705548138,12.733174577540415,S3_gaming,cutoff
3932.0,1.0922222222222222,0.5922785973110903,3.846139298655545,0.030860895213027238,1.543978988264949,3.69176008438171,5.7,45.48859154929652,12.732349295774888,S3_gaming,cutoff
3934.0,1.0927777777777778,0.5920641525349322,3.8460320762674662,0.030861829484296867,1.5440257891426667,3.691648183652144,5.7,45.48601253731109,12.731524011939548,S3_gaming,cutoff
3936.0,1.0933333333333333,0.5918497012583479,3.845924850629174,0.03086276384288765,1.544072594400278,3.6915362792346524,5.7,45.48343351885667,12.730698726034134,S3_gaming,cutoff
3938.0,1.093888888888889,0.5916352434807293,3.8458176217403643,0.030863698288813423,1.5441194040384743,3.6914243711288615,5.7,45.48085449393244,12.729873438058382,S3_gaming,cutoff
3940.0,1.0944444444444446,0.5914207792014677,3.845710389600734,0.030864632822088022,1.5441662180579518,3.691312459334398,5.7,45.478275462537624,12.72904814801204,S3_gaming,cutoff
3942.0,1.095,0.5912063084199548,3.8456031542099773,0.030865567442725294,1.5442130364594102,3.6912005438508877,5.7,45.47569642467137,12.728222855894838,S3_gaming,cutoff
3944.0,1.0955555555555556,0.5909918311355817,3.845495915567791,0.03086650215073908,1.5442598592435353,3.691088624677957,5.7,45.47311738033288,12.727397561706521,S3_gaming,cutoff
3946.0,1.096111111111111,0.5907773473477398,3.84538867367387,0.030867436946143228,1.5443066864110315,3.690976701815233,5.7,45.47053832952133,12.726572265446826,S3_gaming,cutoff
3948.0,1.0966666666666667,0.5905628570558201,3.84528142852791,0.03086837182895159,1.5443535179625905,3.6908647752623396,5.7,45.467959272235916,12.725746967115493,S3_gaming,cutoff
3950.0,1.0972222222222223,0.5903483602592138,3.845174180129607,0.03086930679917802,1.5444003538989086,3.690752845018905,5.7,45.46538020847581,12.724921666712259,S3_gaming,cutoff
3952.0,1.0977777777777777,0.5901338569573118,3.845066928478656,0.03087024185683638,1.5444471942206799,3.6906409110845533,5.7,45.4628011382402,12.724096364236866,S3_gaming,cutoff
3954.0,1.0983333333333334,0.589919347149505,3.8449596735747527,0.030871177001940524,1.5444940389286066,3.690528973458912,5.7,45.46022206152829,12.723271059689054,S3_gaming,cutoff
3956.0,1.0988888888888888,0.5897048308351841,3.8448524154175923,0.030872112234504315,1.5445408880233795,3.6904170321416063,5.7,45.457642978339244,12.722445753068559,S3_gaming,cutoff
3958.0,1.0994444444444444,0.5894903080137398,3.84474515400687,0.030873047554541625,1.5445877415056957,3.6903050871322614,5.7,45.45506388867225,12.72162044437512,S3_gaming,cutoff
3960.0,1.1,0.5892757786845627,3.8446378893422812,0.03087398296206632,1.5446345993762545,3.690193138430503,5.7,45.45248479252649,12.720795133608478,S3_gaming,cutoff
3962.0,1.1005555555555555,0.5890612428470432,3.8445306214235213,0.03087491845709228,1.5446814616357496,3.6900811860359584,5.7,45.44990568990114,12.719969820768366,S3_gaming,cutoff
3964.0,1.1011111111111112,0.5888467005005718,3.8444233502502856,0.03087585403963337,1.5447283282848778,3.689969229948251,5.7,45.44732658079542,12.719144505854535,S3_gaming,cutoff
3966.0,1.1016666666666666,0.5886321516445386,3.8443160758222694,0.030876789709703478,1.5447751993243386,3.6898572701670074,5.7,45.444747465208486,12.718319188866717,S3_gaming,cutoff
3968.0,1.1022222222222222,0.588417596278334,3.8442087981391673,0.030877725467316482,1.5448220747548285,3.6897453066918535,5.7,45.442168343139535,12.71749386980465,S3_gaming,cutoff
3970.0,1.1027777777777779,0.5882030344013479,3.844101517200674,0.03087866131248627,1.5448689545770444,3.6896333395224135,5.7,45.43958921458771,12.71666854866807,S3_gaming,cutoff
3972.0,1.1033333333333333,0.5879884660129704,3.843994233006485,0.03087959724522673,1.5449158387916855,3.6895213686583133,5.7,45.43701007955223,12.715843225456714,S3_gaming,cutoff
3974.0,1.103888888888889,0.5877738911125913,3.843886945556296,0.030880533265551752,1.544962727399446,3.6894093940991777,5.7,45.434430938032285,12.71501790017033,S3_gaming,cutoff
3976.0,1.1044444444444443,0.5875593096996005,3.8437796548498,0.03088146937347523,1.5450096204010249,3.6892974158446328,5.7,45.43185179002704,12.714192572808653,S3_gaming,cutoff
3978.0,1.105,0.5873447217733876,3.8436723608866936,0.030882405569011066,1.5450565177971247,3.689185433894302,5.7,45.429272635535675,12.713367243371417,S3_gaming,cutoff
3980.0,1.1055555555555556,0.5871301273333422,3.843565063666671,0.03088334185217316,1.5451034195884366,3.6890734482478122,5.7,45.42669347455739,12.712541911858365,S3_gaming,cutoff
3982.0,1.106111111111111,0.5869155263788539,3.843457763189427,0.030884278222975414,1.5451503257756627,3.688961458904788,5.7,45.42411430709136,12.711716578269236,S3_gaming,cutoff
3984.0,1.1066666666666667,0.5867009189093121,3.843350459454656,0.030885214681431735,1.5451972363595023,3.688849465864854,5.7,45.42153513313675,12.710891242603761,S3_gaming,cutoff
3986.0,1.1072222222222223,0.586486304924106,3.843243152462053,0.030886151227556037,1.5452441513406523,3.6887374691276342,5.7,45.41895595269277,12.710065904861686,S3_gaming,cutoff
3988.0,1.1077777777777778,0.586271684422625,3.8431358422113124,0.030887087861362232,1.5452910707198146,3.6886254686927544,5.7,45.416376765758585,12.709240565042748,S3_gaming,cutoff
3990.0,1.1083333333333334,0.5860570574042581,3.843028528702129,0.030888024582864236,1.5453379944976808,3.68851346455984,5.7,45.41379757233339,12.708415223146684,S3_gaming,cutoff
3992.0,1.1088888888888888,0.5858424238683942,3.842921211934197,0.03088896139207597,1.5453849226749583,3.6884014567285144,5.7,45.411218372416336,12.707589879173229,S3_gaming,cutoff
3994.0,1.1094444444444445,0.5856277838144225,3.8428138919072112,0.030889898289011352,1.5454318552523438,3.6882894451984027,5.7,45.408639166006644,12.706764533122126,S3_gaming,cutoff
3996.0,1.11,0.5854131372417316,3.8427065686208657,0.030890835273684313,1.545478792230534,3.6881774299691283,5.7,45.406059953103465,12.70593918499311,S3_gaming,cutoff
3998.0,1.1105555555555555,0.5851984841497103,3.842599242074855,0.030891772346108785,1.5455257336102313,3.688065411040318,5.7,45.403480733706004,12.705113834785921,S3_gaming,cutoff
4000.0,1.1111111111111112,0.5849838245377472,3.8424919122688737,0.030892709506298695,1.545572679392132,3.6879533884115943,5.7,45.40090150781343,12.704288482500298,S3_gaming,cutoff
4002.0,1.1116666666666666,0.5847691584052309,3.8423845792026157,0.03089364675426798,1.5456196295769413,3.6878413620825823,5.7,45.39832227542492,12.703463128135974,S3_gaming,cutoff
4004.0,1.1122222222222222,0.5845544857515498,3.8422772428757748,0.03089458409003058,1.545666584165356,3.6877293320529057,5.7,45.395743036539656,12.70263777169269,S3_gaming,cutoff
4006.0,1.1127777777777779,0.5843398065760922,3.8421699032880463,0.030895521513600435,1.5457135431580753,3.68761729832219,5.7,45.39316379115682,12.701812413170185,S3_gaming,cutoff
4008.0,1.1133333333333333,0.5841251208782464,3.842062560439123,0.03089645902499149,1.5457605065558016,3.687505260890058,5.7,45.390584539275594,12.70098705256819,S3_gaming,cutoff
4010.0,1.113888888888889,0.5839104286574005,3.8419552143287,0.030897396624217692,1.545807474359237,3.687393219756134,5.7,45.38800528089516,12.700161689886452,S3_gaming,cutoff
4012.0,1.1144444444444443,0.5836957299129426,3.8418478649564713,0.030898334311292998,1.5458544465690782,3.687281174920042,5.7,45.385426016014705,12.699336325124706,S3_gaming,cutoff
4014.0,1.115,0.5834810246442607,3.84174051232213,0.030899272086231357,1.5459014231860302,3.687169126381407,5.7,45.38284674463338,12.698510958282682,S3_gaming,cutoff
4016.0,1.1155555555555556,0.5832663128507425,3.841633156425371,0.030900209949046728,1.5459484042107896,3.6870570741398514,5.7,45.380267466750404,12.69768558936013,S3_gaming,cutoff
4018.0,1.116111111111111,0.5830515945317758,3.841525797265888,0.03090114789975307,1.5459953896440586,3.6869450181950008,5.7,45.377688182364935,12.696860218356779,S3_gaming,cutoff
4020.0,1.1166666666666667,0.5828368696867483,3.841418434843374,0.030902085938364347,1.5460423794865423,3.6868329585464776,5.7,45.37510889147615,12.696034845272369,S3_gaming,cutoff
4022.0,1.1172222222222221,0.5826221383150476,3.841311069157524,0.03090302406489453,1.5460893737389374,3.686720895193905,5.7,45.37252959408323,12.695209470106635,S3_gaming,cutoff
4024.0,1.1177777777777778,0.5824074004160611,3.8412037002080304,0.030903962279357582,1.5461363724019488,3.6866088281369076,5.7,45.36995029018536,12.694384092859314,S3_gaming,cutoff
4026.0,1.1183333333333334,0.5821926559891761,3.8410963279945882,0.030904900581767484,1.5461833754762788,3.686496757375109,5.7,45.36737097978171,12.693558713530148,S3_gaming,cutoff
4028.0,1.1188888888888888,0.5819779050337801,3.84098895251689,0.030905838972138208,1.5462303829626267,3.6863846829081326,5.7,45.364791662871475,12.692733332118872,S3_gaming,cutoff
4030.0,1.1194444444444445,0.5817631475492601,3.84088157377463,0.030906777450483734,1.5462773948616948,3.686272604735602,5.7,45.36221233945381,12.69190794862522,S3_gaming,cutoff
4032.0,1.12,0.5815483835350032,3.8407741917675016,0.030907716016818042,1.546324411174188,3.6861605228571395,5.7,45.35963300952792,12.691082563048935,S3_gaming,cutoff
4034.0,1.1205555555555555,0.5813336129903962,3.8406668064951983,0.030908654671155122,1.546371431900806,3.68604843727237,5.7,45.35705367309296,12.690257175389748,S3_gaming,cutoff
4036.0,1.1211111111111112,0.5811188359148263,3.8405594179574134,0.030909593413508962,1.5464184570422534,3.6859363479809155,5.7,45.35447433014813,12.689431785647402,S3_gaming,cutoff
4038.0,1.1216666666666666,0.58090405230768,3.84045202615384,0.030910532243893552,1.54646548659923,3.685824254982399,5.7,45.351894980692585,12.688606393821628,S3_gaming,cutoff
4040.0,1.1222222222222222,0.5806892621683443,3.8403446310841725,0.03091147116232289,1.5465125205724433,3.6857121582764454,5.7,45.34931562472552,12.687780999912167,S3_gaming,cutoff
4042.0,1.1227777777777779,0.5804744654962054,3.8402372327481027,0.030912410168810973,1.546559558962593,3.6856000578626755,5.7,45.3467362622461,12.68695560391875,S3_gaming,cutoff
4044.0,1.1233333333333333,0.5802596622906501,3.840129831145325,0.0309133492633718,1.546606601770384,3.685487953740714,5.7,45.34415689325351,12.686130205841124,S3_gaming,cutoff
4046.0,1.123888888888889,0.5800448525510646,3.8400224262755325,0.03091428844601938,1.5466536489965155,3.685375845910183,5.7,45.34157751774694,12.685304805679023,S3_gaming,cutoff
4048.0,1.1244444444444444,0.5798300362768354,3.8399150181384174,0.030915227716767718,1.5467007006416982,3.685263734370706,5.7,45.338998135725525,12.684479403432169,S3_gaming,cutoff
4050.0,1.125,0.5796152134673485,3.8398076067336744,0.030916167075630826,1.546747756706629,3.6851516191219047,5.7,45.33641874718852,12.683653999100326,S3_gaming,cutoff
4052.0,1.1255555555555556,0.57940038412199,3.839700192060995,0.03091710652262272,1.5467948171920154,3.6850395001634024,5.7,45.333839352135016,12.682828592683205,S3_gaming,cutoff
4054.0,1.126111111111111,0.579185548240146,3.839592774120073,0.030918046057757415,1.5468418820985597,3.684927377494822,5.7,45.33125995056423,12.682003184180555,S3_gaming,cutoff
4056.0,1.1266666666666667,0.5789707058212024,3.839485352910601,0.03091898568104893,1.5468889514269695,3.6848152511157863,5.7,45.32868054247533,12.681177773592108,S3_gaming,cutoff
4058.0,1.1272222222222221,0.5787558568645449,3.839377928432272,0.030919925392511288,1.5469360251779474,3.6847031210259176,5.7,45.32610112786751,12.680352360917603,S3_gaming,cutoff
4060.0,1.1277777777777778,0.5785410013695593,3.83927050068478,0.030920865192158524,1.5469831033521952,3.6845909872248375,5.7,45.323521706739946,12.679526946156782,S3_gaming,cutoff
4062.0,1.1283333333333334,0.5783261393356312,3.8391630696678156,0.03092180508000466,1.547030185950421,3.6844788497121694,5.7,45.32094227909178,12.67870152930937,S3_gaming,cutoff
4064.0,1.1288888888888888,0.578111270762146,3.839055635381073,0.03092274505606373,1.5470772729733266,3.684366708487535,5.7,45.31836284492221,12.67787611037511,S3_gaming,cutoff
4066.0,1.1294444444444445,0.5778963956484892,3.8389481978242443,0.030923685120349775,1.5471243644216204,3.6842545635505575,5.7,45.315783404230416,12.677050689353733,S3_gaming,cutoff
4068.0,1.13,0.5776815139940461,3.838840756997023,0.03092462527287683,1.547171460296004,3.6841424149008577,5.7,45.31320395701558,12.676225266244986,S3_gaming,cutoff
4070.0,1.1305555555555555,0.577466625798202,3.838733312899101,0.030925565513658937,1.5472185605971855,3.684030262538059,5.7,45.31062450327685,12.675399841048593,S3_gaming,cutoff
4072.0,1.1311111111111112,0.5772517310603419,3.838625865530171,0.030926505842710145,1.5472656653258698,3.6839181064617836,5.7,45.308045043013436,12.6745744137643,S3_gaming,cutoff
4074.0,1.1316666666666666,0.5770368297798508,3.8385184148899256,0.0309274462600445,1.547312774482762,3.6838059466716526,5.7,45.305465576224485,12.673748984391835,S3_gaming,cutoff
4076.0,1.1322222222222222,0.5768219219561138,3.838410960978057,0.030928386765676056,1.5473598880685668,3.683693783167288,5.7,45.30288610290917,12.672923552930936,S3_gaming,cutoff
4078.0,1.1327777777777779,0.5766070075885156,3.8383035037942577,0.03092932735961887,1.5474070060839895,3.683581615948312,5.7,45.300306623066696,12.672098119381344,S3_gaming,cutoff
4080.0,1.1333333333333333,0.5763920866764409,3.8381960433382205,0.030930268041886994,1.5474541285297405,3.683469445014347,5.7,45.297727136696224,12.671272683742792,S3_gaming,cutoff
4082.0,1.133888888888889,0.5761771592192744,3.838088579609637,0.030931208812494497,1.5475012554065248,3.683357270365014,5.7,45.29514764379691,12.67044724601501,S3_gaming,cutoff
4084.0,1.1344444444444444,0.5759622252164006,3.8379811126082,0.03093214967145544,1.5475483867150446,3.6832450919999338,5.7,45.29256814436794,12.669621806197743,S3_gaming,cutoff
4086.0,1.135,0.5757472846672039,3.837873642333602,0.03093309061878389,1.5475955224560134,3.68313290991873,5.7,45.28998863840851,12.668796364290724,S3_gaming,cutoff
4088.0,1.1355555555555557,0.5755323375710687,3.8377661687855342,0.030934031654493918,1.5476426626301303,3.6830207241210227,5.7,45.28740912591776,12.667970920293683,S3_gaming,cutoff
4090.0,1.136111111111111,0.5753173839273792,3.8376586919636897,0.030934972778599603,1.5476898072381062,3.6829085346064345,5.7,45.28482960689489,12.667145474206364,S3_gaming,cutoff
4092.0,1.1366666666666667,0.5751024237355195,3.8375512118677597,0.03093591399111502,1.5477369562806487,3.682796341374586,5.7,45.28225008133905,12.666320026028496,S3_gaming,cutoff
4094.0,1.1372222222222221,0.5748874569948736,3.837443728497437,0.030936855292054248,1.5477841097584626,3.6826841444250986,5.7,45.27967054924944,12.665494575759821,S3_gaming,cutoff
4096.0,1.1377777777777778,0.5746724837048256,3.837336241852413,0.030937796681431373,1.547831267672256,3.682571943757594,5.7,45.277091010625206,12.664669123400067,S3_gaming,cutoff
4098.0,1.1383333333333334,0.5744575038647592,3.8372287519323796,0.03093873815926048,1.5478784300227422,3.6824597393716934,5.7,45.27451146546554,12.663843668948973,S3_gaming,cutoff
4100.0,1.1388888888888888,0.5742425174740583,3.837121258737029,0.03093967972555566,1.5479255968106203,3.682347531267017,5.7,45.2719319137696,12.663018212406273,S3_gaming,cutoff
4102.0,1.1394444444444445,0.5740275245321064,3.837013762266053,0.030940621380331004,1.547972768036601,3.682235319443188,5.7,45.26935235553658,12.662192753771707,S3_gaming,cutoff
4104.0,1.14,0.5738125250382871,3.8369062625191432,0.030941563123600614,1.5480199437013953,3.6821231038998246,5.7,45.266772790765636,12.661367293045004,S3_gaming,cutoff
4106.0,1.1405555555555555,0.5735975189919837,3.836798759495992,0.030942504955378588,1.5480671238057075,3.6820108846365502,5.7,45.264193219455954,12.660541830225906,S3_gaming,cutoff
4108.0,1.1411111111111112,0.5733825063925798,3.83669125319629,0.030943446875679025,1.5481143083502458,3.6818986616529847,5.7,45.261613641606694,12.659716365314143,S3_gaming,cutoff
4110.0,1.1416666666666666,0.5731674872394585,3.8365837436197294,0.030944388884516037,1.5481614973357232,3.6817864349487492,5.7,45.259034057217036,12.658890898309451,S3_gaming,cutoff
4112.0,1.1422222222222222,0.5729524615320031,3.8364762307660016,0.03094533098190373,1.548208690762845,3.6816742045234636,5.7,45.256454466286144,12.658065429211566,S3_gaming,cutoff
4114.0,1.1427777777777777,0.5727374292695965,3.8363687146347982,0.030946273167856215,1.5482558886323188,3.6815619703767504,5.7,45.2538748688132,12.657239958020224,S3_gaming,cutoff
4116.0,1.1433333333333333,0.5725223904516217,3.836261195225811,0.03094721544238761,1.548303090944858,3.6814497325082285,5.7,45.251295264797356,12.656414484735155,S3_gaming,cutoff
4118.0,1.143888888888889,0.5723073450774616,3.836153672538731,0.030948157805512033,1.5483502977011676,3.681337490917519,5.7,45.248715654237806,12.655589009356099,S3_gaming,cutoff
4120.0,1.1444444444444444,0.572092293146499,3.8360461465732496,0.030949100257243605,1.548397508901958,3.681225245604243,5.7,45.24613603713373,12.654763531882795,S3_gaming,cutoff
4122.0,1.145,0.5718772346581165,3.835938617329058,0.03095004279759645,1.5484447245479398,3.681112996568021,5.7,45.243556413484264,12.653938052314965,S3_gaming,cutoff
4124.0,1.1455555555555557,0.5716621696116966,3.8358310848058483,0.030950985426584702,1.5484919446398209,3.681000743808472,5.7,45.24097678328861,12.653112570652356,S3_gaming,cutoff
4126.0,1.146111111111111,0.5714470980066217,3.835723549003311,0.030951928144222488,1.5485391691783117,3.6808884873252175,5.7,45.23839714654593,12.652287086894697,S3_gaming,cutoff
4128.0,1.1466666666666667,0.5712320198422745,3.835616009921137,0.030952870950523945,1.5485863981641257,3.6807762271178777,5.7,45.235817503255376,12.65146160104172,S3_gaming,cutoff
4130.0,1.1472222222222221,0.5710169351180369,3.8355084675590185,0.03095381384550321,1.5486336315979647,3.680663963186072,5.7,45.23323785341615,12.650636113093167,S3_gaming,cutoff
4132.0,1.1477777777777778,0.5708018438332912,3.8354009219166456,0.030954756829174424,1.548680869480548,3.680551695529422,5.7,45.230658197027395,12.649810623048767,S3_gaming,cutoff
4134.0,1.1483333333333334,0.5705867459874197,3.8352933729937098,0.030955699901551732,1.5487281118125806,3.6804394241475458,5.7,45.2280785340883,12.648985130908255,S3_gaming,cutoff
4136.0,1.1488888888888888,0.570371641579804,3.835185820789902,0.030956643062649284,1.5487753585947754,3.6803271490400644,5.7,45.22549886459803,12.64815963667137,S3_gaming,cutoff
4138.0,1.1494444444444445,0.5701565306098262,3.8350782653049134,0.030957586312481227,1.5488226098278406,3.6802148702065995,5.7,45.22291918855576,12.647334140337843,S3_gaming,cutoff
4140.0,1.15,0.569941413076868,3.834970706538434,0.030958529651061717,1.5488698655124893,3.6801025876467675,5.7,45.220339505960645,12.646508641907406,S3_gaming,cutoff
4142.0,1.1505555555555556,0.5697262889803111,3.8348631444901553,0.03095947307840491,1.548917125649432,3.6799903013601907,5.7,45.21775981681185,12.645683141379793,S3_gaming,cutoff
4144.0,1.1511111111111112,0.569511158319537,3.8347555791597685,0.030960416594524965,1.5489643902393795,3.6798780113464873,5.7,45.21518012110858,12.644857638754747,S3_gaming,cutoff
4146.0,1.1516666666666666,0.5692960210939273,3.834648010546964,0.030961360199436048,1.549011659283042,3.6797657176052794,5.7,45.21260041884999,12.644032134031995,S3_gaming,cutoff
4148.0,1.1522222222222223,0.5690808773028633,3.8345404386514317,0.030962303893152323,1.549058932781136,3.6796534201361837,5.7,45.210020710035224,12.643206627211272,S3_gaming,cutoff
4150.0,1.1527777777777777,0.5688657269457262,3.834432863472863,0.030963247675687963,1.549106210734369,3.6795411189388205,5.7,45.20744099466347,12.642381118292311,S3_gaming,cutoff
4152.0,1.1533333333333333,0.5686505700218975,3.834325285010949,0.03096419154705714,1.5491534931434514,3.67942881401281,5.7,45.2048612727339,12.64155560727485,S3_gaming,cutoff
4154.0,1.153888888888889,0.5684354065307579,3.834217703265379,0.030965135507274033,1.5492007800090994,3.679316505357772,5.7,45.202281544245686,12.64073009415862,S3_gaming,cutoff
4156.0,1.1544444444444444,0.5682202364716885,3.834110118235844,0.03096607955635282,1.5492480713320211,3.6792041929733243,5.7,45.199701809197975,12.639904578943352,S3_gaming,cutoff
4158.0,1.155,0.5680050598440703,3.834002529922035,0.03096702369430768,1.5492953671129321,3.6790918768590877,5.7,45.19712206758996,12.639079061628786,S3_gaming,cutoff
4160.0,1.1555555555555554,0.5677898766472841,3.833894938323642,0.030967967921152802,1.549342667352546,3.678979557014681,5.7,45.19454231942079,12.638253542214652,S3_gaming,cutoff
4162.0,1.156111111111111,0.5675746868807104,3.8337873434403553,0.030968912236902377,1.5493899720515707,3.678867233439722,5.7,45.19196256468965,12.637428020700689,S3_gaming,cutoff
4164.0,1.1566666666666667,0.5673594905437299,3.8336797452718647,0.030969856641570596,1.549437281210722,3.6787549061338316,5.7,45.189382803395695,12.636602497086622,S3_gaming,cutoff
4166.0,1.1572222222222222,0.5671442876357231,3.833572143817862,0.030970801135171654,1.5494845948307134,3.6786425750966285,5.7,45.18680303553813,12.6357769713722,S3_gaming,cutoff
4168.0,1.1577777777777778,0.5669290781560704,3.8334645390780353,0.03097174571771975,1.5495319129122553,3.6785302403277305,5.7,45.18422326111605,12.634951443557137,S3_gaming,cutoff
4170.0,1.1583333333333334,0.5667138621041521,3.833356931052076,0.030972690389229084,1.5495792354560667,3.678417901826757,5.7,45.18164348012867,12.634125913641176,S3_gaming,cutoff
4172.0,1.1588888888888889,0.5664986394793483,3.833249319739674,0.030973635149713862,1.5496265624628551,3.6783055595933276,5.7,45.179063692575156,12.63330038162405,S3_gaming,cutoff
4174.0,1.1594444444444445,0.5662834102810391,3.8331417051405197,0.030974579999188297,1.5496738939333343,3.67819321362706,5.7,45.17648389845468,12.632474847505497,S3_gaming,cutoff
4176.0,1.16,0.5660681745086046,3.833034087254302,0.030975524937666598,1.5497212298682228,3.6780808639275735,5.7,45.17390409776638,12.631649311285242,S3_gaming,cutoff
4178.0,1.1605555555555556,0.5658529321614245,3.8329264660807123,0.030976469965162977,1.5497685702682311,3.6779685104944866,5.7,45.17132429050945,12.630823772963025,S3_gaming,cutoff
4180.0,1.1611111111111112,0.5656376832388789,3.8328188416194395,0.030977415081691655,1.549815915134073,3.6778561533274177,5.7,45.16874447668305,12.629998232538577,S3_gaming,cutoff
4182.0,1.1616666666666666,0.5654224277403472,3.8327112138701738,0.030978360287266853,1.5498632644664638,3.6777437924259853,5.7,45.16616465628635,12.629172690011632,S3_gaming,cutoff
4184.0,1.1622222222222223,0.5652071656652092,3.8326035828326046,0.030979305581902795,1.5499106182661204,3.6776314277898083,5.7,45.1635848293185,12.628347145381921,S3_gaming,cutoff
4186.0,1.1627777777777777,0.5649918970128442,3.832495948506422,0.03098025096561371,1.5499579765337528,3.677519059418504,5.7,45.16100499577868,12.62752159864918,S3_gaming,cutoff
4188.0,1.1633333333333333,0.5647766217826318,3.832388310891316,0.03098119643841383,1.5500053392700774,3.677406687311692,5.7,45.15842515566607,12.626696049813143,S3_gaming,cutoff
4190.0,1.163888888888889,0.5645613399739512,3.8322806699869756,0.030982142000317386,1.55005270647581,3.6772943114689896,5.7,45.15584530897979,12.625870498873534,S3_gaming,cutoff
4192.0,1.1644444444444444,0.5643460515861816,3.832173025793091,0.030983087651338618,1.5501000781516672,3.6771819318900154,5.7,45.15326545571905,12.625044945830098,S3_gaming,cutoff
4194.0,1.165,0.564130756618702,3.832065378309351,0.030984033391491764,1.5501474542983618,3.6770695485743863,5.7,45.150685595883,12.62421939068256,S3_gaming,cutoff
4196.0,1.1655555555555555,0.5639154550708917,3.831957727535446,0.03098497922079107,1.55019483491661,3.6769571615217225,5.7,45.148105729470814,12.623393833430661,S3_gaming,cutoff
4198.0,1.166111111111111,0.5637001469421293,3.831850073471065,0.030985925139250782,1.5502422200071253,3.6768447707316403,5.7,45.14552585648165,12.622568274074128,S3_gaming,cutoff
4200.0,1.1666666666666667,0.5634848322317938,3.8317424161158966,0.030986871146885153,1.5502896095706291,3.676732376203758,5.7,45.142945976914646,12.621742712612686,S3_gaming,cutoff
4202.0,1.1672222222222222,0.5632695109392637,3.831634755469632,0.030987817243708433,1.5503370036078294,3.6766199779376936,5.7,45.14036609076902,12.620917149046088,S3_gaming,cutoff
4204.0,1.1677777777777778,0.5630541830639177,3.831527091531959,0.030988763429734882,1.5503844021194506,3.6765075759330643,5.7,45.1377861980439,12.620091583374048,S3_gaming,cutoff
4206.0,1.1683333333333332,0.5628388486051344,3.831419424302567,0.030989709704978757,1.5504318051062032,3.6763951701894895,5.7,45.13520629873846,12.619266015596308,S3_gaming,cutoff
4208.0,1.1688888888888889,0.5626235075622922,3.8313117537811463,0.030990656069454323,1.5504792125688032,3.6762827607065844,5.7,45.13262639285187,12.618440445712599,S3_gaming,cutoff
4210.0,1.1694444444444445,0.5624081599347692,3.8312040799673843,0.030991602523175843,1.5505266245079723,3.6761703474839678,5.7,45.13004648038327,12.617614873722648,S3_gaming,cutoff
4212.0,1.17,0.5621928057219437,3.8310964028609718,0.030992549066157594,1.550574040924424,3.676057930521257,5.7,45.127466561331865,12.616789299626197,S3_gaming,cutoff
4214.0,1.1705555555555556,0.561977444923194,3.830988722461597,0.030993495698413843,1.5506214618188712,3.67594550981807,5.7,45.12488663569679,12.615963723422974,S3_gaming,cutoff
4216.0,1.1711111111111112,0.5617620775378979,3.8308810387689487,0.03099444241995887,1.5506688871920387,3.675833085374024,5.7,45.122306703477214,12.61513814511271,S3_gaming,cutoff
4218.0,1.1716666666666666,0.5615467035654332,3.8307733517827165,0.03099538923080695,1.5507163170446396,3.6757206571887355,5.7,45.119726764672315,12.61431256469514,S3_gaming,cutoff
4220.0,1.1722222222222223,0.561331323005178,3.830665661502589,0.03099633613097237,1.5507637513773902,3.675608225261823,5.7,45.11714681928123,12.613486982169995,S3_gaming,cutoff
4222.0,1.1727777777777777,0.5611159358565098,3.8305579679282546,0.030997283120469416,1.550811190191012,3.675495789592902,5.7,45.11456686730314,12.612661397537005,S3_gaming,cutoff
4224.0,1.1733333333333333,0.5609005421188062,3.8304502710594033,0.030998230199312374,1.5508586334862184,3.6753833501815905,5.7,45.111986908737215,12.61183581079591,S3_gaming,cutoff
4226.0,1.173888888888889,0.5606851417914449,3.8303425708957226,0.030999177367515535,1.550906081263728,3.6752709070275063,5.7,45.109406943582606,12.611010221946435,S3_gaming,cutoff
4228.0,1.1744444444444444,0.5604697348738031,3.830234867436902,0.031000124625093196,1.5509535335242601,3.675158460130265,5.7,45.10682697183847,12.61018463098831,S3_gaming,cutoff
4230.0,1.175,0.5602543213652583,3.830127160682629,0.03100107197205966,1.5510009902685333,3.6750460094894835,5.7,45.10424699350396,12.60935903792127,S3_gaming,cutoff
4232.0,1.1755555555555555,0.5600389012651876,3.8300194506325935,0.031002019408429227,1.5510484514972667,3.6749335551047806,5.7,45.101667008578275,12.608533442745049,S3_gaming,cutoff
4234.0,1.176111111111111,0.5598234745729681,3.8299117372864844,0.031002966934216197,1.551095917211176,3.6748210969757715,5.7,45.09908701706057,12.607707845459382,S3_gaming,cutoff
4236.0,1.1766666666666667,0.5596080412879768,3.8298040206439885,0.031003914549434883,1.551143387410983,3.6747086351020726,5.7,45.09650701894997,12.606882246063991,S3_gaming,cutoff
4238.0,1.1772222222222222,0.5593926014095907,3.8296963007047955,0.0310048622540996,1.5511908620974013,3.6745961694833014,5.7,45.09392701424568,12.606056644558619,S3_gaming,cutoff
4240.0,1.1777777777777778,0.5591771549371864,3.829588577468593,0.03100581004822466,1.5512383412711577,3.6744837001190738,5.7,45.09134700294683,12.605231040942988,S3_gaming,cutoff
4242.0,1.1783333333333332,0.5589617018701409,3.82948085093507,0.031006757931824377,1.5512858249329657,3.6743712270090065,5.7,45.088766985052594,12.60440543521683,S3_gaming,cutoff
4244.0,1.1788888888888889,0.5587462422078306,3.8293731211039153,0.031007705904913082,1.5513333130835443,3.674258750152717,5.7,45.08618696056215,12.603579827379889,S3_gaming,cutoff
4246.0,1.1794444444444445,0.5585307759496321,3.829265387974816,0.031008653967505094,1.551380805723615,3.6741462695498197,5.7,45.08360692947465,12.602754217431887,S3_gaming,cutoff
4248.0,1.18,0.5583153030949217,3.829157651547461,0.03100960211961474,1.5514283028538993,3.674033785199932,5.7,45.08102689178923,12.601928605372553,S3_gaming,cutoff
4250.0,1.1805555555555556,0.5580998236430759,3.8290499118215378,0.031010550361256353,1.5514758044751136,3.6739212971026705,5.7,45.07844684750507,12.601102991201623,S3_gaming,cutoff
4252.0,1.181111111111111,0.5578843375934707,3.8289421687967353,0.031011498692444267,1.5515233105879793,3.673808805257651,5.7,45.07586679662134,12.60027737491883,S3_gaming,cutoff
4254.0,1.1816666666666666,0.5576688449454823,3.828834422472741,0.03101244711319282,1.5515708211932155,3.6736963096644897,5.7,45.07328673913719,12.5994517565239,S3_gaming,cutoff
4256.0,1.1822222222222223,0.5574533456984867,3.8287266728492435,0.031013395623516356,1.5516183362915437,3.6735838103228016,5.7,45.07070667505179,12.598626136016573,S3_gaming,cutoff
4258.0,1.1827777777777777,0.5572378398518599,3.8286189199259297,0.031014344223429215,1.5516658558836853,3.6734713072322043,5.7,45.068126604364274,12.59780051339657,S3_gaming,cutoff
4260.0,1.1833333333333333,0.5570223274049776,3.8285111637024887,0.031015292912945747,1.5517133799703597,3.6733588003923128,5.7,45.065546527073835,12.596974888663627,S3_gaming,cutoff
4262.0,1.183888888888889,0.5568068083572155,3.8284034041786077,0.0310162416920803,1.5517609085522854,3.673246289802743,5.7,45.062966443179626,12.59614926181748,S3_gaming,cutoff
4264.0,1.1844444444444444,0.5565912827079493,3.8282956413539746,0.03101719056084723,1.551808441630187,3.673133775463111,5.7,45.06038635268079,12.595323632857852,S3_gaming,cutoff
4266.0,1.185,0.5563757504565545,3.828187875228277,0.031018139519260895,1.551855979204786,3.6730212573730316,5.7,45.0578062555765,12.59449800178448,S3_gaming,cutoff
4268.0,1.1855555555555555,0.5561602116024065,3.8280801058012033,0.031019088567335654,1.551903521276801,3.672908735532122,5.7,45.05522615186591,12.593672368597092,S3_gaming,cutoff
4270.0,1.1861111111111111,0.5559446661448805,3.8279723330724402,0.031020037705085872,1.5519510678469517,3.6727962099399973,5.7,45.052646041548186,12.59284673329542,S3_gaming,cutoff
4272.0,1.1866666666666668,0.5557291140833518,3.827864557041676,0.031020986932525918,1.5519986189159645,3.6726836805962715,5.7,45.05006592462249,12.592021095879197,S3_gaming,cutoff
4274.0,1.1872222222222222,0.5555135554171955,3.827756777708598,0.03102193624967016,1.5520461744845586,3.6725711475005616,5.7,45.047485801087966,12.59119545634815,S3_gaming,cutoff
4276.0,1.1877777777777778,0.5552979901457866,3.8276489950728934,0.03102288565653297,1.5520937345534584,3.6724586106524826,5.7,45.04490567094378,12.590369814702008,S3_gaming,cutoff
4278.0,1.1883333333333332,0.5550824182685,3.82754120913425,0.031023835153128728,1.552141299123383,3.67234607005165,5.7,45.04232553418909,12.58954417094051,S3_gaming,cutoff
4280.0,1.1888888888888889,0.5548668397847105,3.827433419892355,0.031024784739471813,1.5521888681950562,3.672233525697678,5.7,45.03974539082306,12.588718525063378,S3_gaming,cutoff
4282.0,1.1894444444444445,0.554651254693793,3.8273256273468963,0.03102573441557661,1.5522364417692003,3.672120977590183,5.7,45.03716524084484,12.58789287707035,S3_gaming,cutoff
4284.0,1.19,0.5544356629951218,3.8272178314975607,0.031026684181457504,1.5522840198465364,3.6720084257287797,5.7,45.0345850842536,12.587067226961151,S3_gaming,cutoff
4286.0,1.1905555555555556,0.5542200646880716,3.827110032344036,0.031027634037128885,1.5523316024277867,3.671895870113083,5.7,45.032004921048504,12.58624157473552,S3_gaming,cutoff
4288.0,1.191111111111111,0.5540044597720167,3.8270022298860082,0.03102858398260515,1.5523791895136778,3.671783310742708,5.7,45.029424751228674,12.585415920393176,S3_gaming,cutoff
4290.0,1.1916666666666667,0.5537888482463315,3.8268944241231657,0.031029534017900685,1.552426781104932,3.67167074761727,5.7,45.026844574793294,12.584590263933855,S3_gaming,cutoff
4292.0,1.1922222222222223,0.5535732301103901,3.826786615055195,0.0310304841430299,1.552474377202273,3.6715581807363833,5.7,45.024264391741525,12.583764605357288,S3_gaming,cutoff
4294.0,1.1927777777777777,0.5533576053635666,3.8266788026817835,0.031031434358007197,1.5525219778064174,3.671445610099662,5.7,45.02168420207253,12.582938944663209,S3_gaming,cutoff
4296.0,1.1933333333333334,0.5531419740052351,3.8265709870026177,0.03103238466284698,1.5525695829180979,3.671333035706722,5.7,45.01910400578544,12.58211328185134,S3_gaming,cutoff
4298.0,1.193888888888889,0.5529263360347695,3.826463168017385,0.031033335057563654,1.5526171925380332,3.671220457557178,5.7,45.01652380287942,12.581287616921415,S3_gaming,cutoff
4300.0,1.1944444444444444,0.5527106914515435,3.826355345725772,0.03103428554217164,1.552664806666948,3.6711078756506437,5.7,45.01394359335365,12.580461949873168,S3_gaming,cutoff
4302.0,1.195,0.5524950402549309,3.8262475201274655,0.03103523611668535,1.552712425305569,3.6709952899867346,5.7,45.01136337720725,12.579636280706321,S3_gaming,cutoff
4304.0,1.1955555555555555,0.5522793824443053,3.826139691222153,0.031036186781119204,1.5527600484546156,3.670882700565064,5.7,45.00878315443942,12.578810609420614,S3_gaming,cutoff
4306.0,1.1961111111111111,0.5520637180190402,3.82603185900952,0.031037137535487626,1.5528076761148146,3.6707701073852466,5.7,45.00620292504928,12.57798493601577,S3_gaming,cutoff
4308.0,1.1966666666666668,0.551848046978509,3.8259240234892546,0.03103808837980504,1.5528553082868934,3.670657510446898,5.7,45.00362268903601,12.577159260491523,S3_gaming,cutoff
4310.0,1.1972222222222222,0.5516323693220849,3.8258161846610426,0.031039039314085876,1.5529029449715737,3.6705449097496308,5.7,45.001042446398735,12.576333582847596,S3_gaming,cutoff
4312.0,1.1977777777777778,0.5514166850491412,3.8257083425245706,0.031039990338344568,1.5529505861695796,3.67043230529306,5.7,44.998462197136654,12.575507903083729,S3_gaming,cutoff
4314.0,1.1983333333333333,0.551200994159051,3.8256004970795257,0.03104094145259555,1.5529982318816387,3.670319697076799,5.7,44.995881941248896,12.574682221199646,S3_gaming,cutoff
4316.0,1.198888888888889,0.5509852966511872,3.8254926483255938,0.03104189265685326,1.5530458821084752,3.6702070851004627,5.7,44.99330167873461,12.573856537195075,S3_gaming,cutoff
4318.0,1.1994444444444445,0.5507695925249229,3.8253847962624614,0.031042843951132146,1.5530935368508136,3.6700944693636646,5.7,44.990721409592965,12.573030851069749,S3_gaming,cutoff
4320.0,1.2,0.5505538817796307,3.8252769408898155,0.03104379533544665,1.5531411961093782,3.669981849866019,5.7,44.98814113382312,12.5722051628234,S3_gaming,cutoff
4322.0,1.2005555555555556,0.5503381644146834,3.8251690822073416,0.031044746809811216,1.553188859884899,3.669869226607139,5.7,44.98556085142422,12.571379472455751,S3_gaming,cutoff
4324.0,1.201111111111111,0.5501224404294536,3.8250612202147267,0.031045698374240302,1.5532365281781007,3.669756599586639,5.7,44.98298056239543,12.570553779966538,S3_gaming,cutoff
4326.0,1.2016666666666667,0.5499067098233137,3.8249533549116568,0.031046650028748363,1.5532842009897045,3.6696439688041327,5.7,44.9804002667359,12.569728085355488,S3_gaming,cutoff
4328.0,1.2022222222222223,0.5496909725956362,3.824845486297818,0.031047601773349857,1.5533318783204435,3.6695313342592333,5.7,44.97781996444478,12.568902388622329,S3_gaming,cutoff
4330.0,1.2027777777777777,0.5494752287457932,3.8247376143728964,0.03104855360805925,1.553379560171042,3.669418695951555,5.7,44.97523965552123,12.568076689766793,S3_gaming,cutoff
4332.0,1.2033333333333334,0.5492594782731571,3.8246297391365784,0.031049505532890997,1.5534272465422243,3.66930605388071,5.7,44.9726593399644,12.567250988788608,S3_gaming,cutoff
4334.0,1.2038888888888888,0.5490437211771,3.82452186058855,0.031050457547859574,1.5534749374347179,3.669193408046314,5.7,44.97007901777345,12.566425285687504,S3_gaming,cutoff
4336.0,1.2044444444444444,0.5488279574569938,3.824413978728497,0.031051409652979454,1.5535226328492495,3.6690807584479783,5.7,44.96749868894754,12.565599580463214,S3_gaming,cutoff
4338.0,1.205,0.5486121871122103,3.824306093556105,0.03105236184826511,1.5535703327865469,3.668968105085317,5.7,44.96491835348579,12.564773873115454,S3_gaming,cutoff
4340.0,1.2055555555555555,0.5483964101421214,3.8241982050710606,0.03105331413373102,1.5536180372473367,3.6688554479579434,5.7,44.962338011387395,12.563948163643966,S3_gaming,cutoff
4342.0,1.2061111111111111,0.5481806265460988,3.8240903132730493,0.031054266509391668,1.5536657462323493,3.6687427870654705,5.7,44.95975766265149,12.563122452048477,S3_gaming,cutoff
4344.0,1.2066666666666668,0.547964836323514,3.8239824181617568,0.03105521897526154,1.553713459742309,3.668630122407512,5.7,44.95717730727722,12.56229673832871,S3_gaming,cutoff
4346.0,1.2072222222222222,0.5477490394737385,3.8238745197368695,0.03105617153135512,1.553761177777943,3.66851745398368,5.7,44.954596945263766,12.561471022484405,S3_gaming,cutoff
4348.0,1.2077777777777778,0.5475332359961439,3.8237666179980723,0.031057124177686902,1.5538089003399813,3.668404781793588,5.7,44.95201657661026,12.560645304515283,S3_gaming,cutoff
4350.0,1.2083333333333333,0.5473174258901012,3.8236587129450506,0.03105807691427138,1.553856627429151,3.668292105836848,5.7,44.94943620131585,12.559819584421072,S3_gaming,cutoff
4352.0,1.208888888888889,0.5471016091549817,3.823550804577491,0.031059029741123057,1.553904359046182,3.6681794261130745,5.7,44.9468558193797,12.558993862201504,S3_gaming,cutoff
4354.0,1.2094444444444445,0.5468857857901566,3.8234428928950783,0.03105998265825643,1.5539520951917989,3.668066742621879,5.7,44.94427543080096,12.558168137856306,S3_gaming,cutoff
4356.0,1.21,0.5466699557949966,3.823334977897498,0.031060935665686004,1.5539998358667317,3.667954055362875,5.7,44.941695035578775,12.557342411385209,S3_gaming,cutoff
4358.0,1.2105555555555556,0.5464541191688727,3.823227059584436,0.03106188876342629,1.554047581071713,3.667841364335674,5.7,44.939114633712315,12.55651668278794,S3_gaming,cutoff
4360.0,1.211111111111111,0.5462382759111557,3.823119137955578,0.031062841951491796,1.5540953308074672,3.6677286695398905,5.7,44.93653422520071,12.555690952064227,S3_gaming,cutoff
4362.0,1.2116666666666667,0.5460224260212163,3.8230112130106084,0.03106379522989704,1.5541430850747244,3.667615970975135,5.7,44.933953810043135,12.554865219213804,S3_gaming,cutoff
4364.0,1.2122222222222223,0.5458065694984251,3.822903284749213,0.031064748598656537,1.5541908438742147,3.667503268641021,5.7,44.931373388238725,12.554039484236393,S3_gaming,cutoff
4366.0,1.2127777777777777,0.5455907063421525,3.8227953531710765,0.031065702057784812,1.554238607206665,3.6673905625371606,5.7,44.92879295978664,12.553213747131727,S3_gaming,cutoff
4368.0,1.2133333333333334,0.5453748365517689,3.8226874182758843,0.03106665560729639,1.554286375072808,3.667277852663165,5.7,44.92621252468601,12.552388007899523,S3_gaming,cutoff
4370.0,1.2138888888888888,0.5451589601266446,3.8225794800633226,0.031067609247205794,1.554334147473374,3.667165139018649,5.7,44.92363208293603,12.55156226653953,S3_gaming,cutoff
4372.0,1.2144444444444444,0.5449430770661496,3.8224715385330748,0.03106856297752756,1.55438192440909,3.667052421603222,5.7,44.9210516345358,12.550736523051457,S3_gaming,cutoff
4374.0,1.215,0.5447271873696542,3.822363593684827,0.03106951679827622,1.554429705880686,3.666939700416498,5.7,44.918471179484506,12.549910777435041,S3_gaming,cutoff
4376.0,1.2155555555555555,0.5445112910365283,3.822255645518264,0.031070470709466315,1.554477491888892,3.6668269754580884,5.7,44.915890717781295,12.549085029690014,S3_gaming,cutoff
4378.0,1.2161111111111111,0.5442953880661416,3.8221476940330708,0.03107142471111238,1.5545252824344407,3.6667142467276057,5.7,44.91331024942531,12.548259279816099,S3_gaming,cutoff
4380.0,1.2166666666666666,0.5440794784578641,3.822039739228932,0.031072378803228967,1.5545730775180648,3.66660151422466,5.7,44.9107297744157,12.547433527813023,S3_gaming,cutoff
4382.0,1.2172222222222222,0.5438635622110654,3.8219317811055324,0.03107333298583062,1.554620877140489,3.6664887779488655,5.7,44.90814929275161,12.546607773680515,S3_gaming,cutoff
4384.0,1.2177777777777778,0.543647639325115,3.8218238196625576,0.031074287258931892,1.5546686813024484,3.666376037899832,5.7,44.90556880443221,12.545782017418306,S3_gaming,cutoff
4386.0,1.2183333333333333,0.5434317097993823,3.8217158548996912,0.031075241622547337,1.5547164900046706,3.6662632940771727,5.7,44.90298830945663,12.544956259026122,S3_gaming,cutoff
4388.0,1.218888888888889,0.5432157736332367,3.8216078868166186,0.03107619607669151,1.5547643032478908,3.6661505464804978,5.7,44.90040780782403,12.54413049850369,S3_gaming,cutoff
4390.0,1.2194444444444446,0.5429998308260475,3.821499915413024,0.031077150621378977,1.5548121210328363,3.6660377951094203,5.7,44.897827299533546,12.543304735850736,S3_gaming,cutoff
4392.0,1.22,0.5427838813771839,3.821391940688592,0.031078105256624303,1.5548599433602428,3.665925039963551,5.7,44.89524678458436,12.542478971066995,S3_gaming,cutoff
4394.0,1.2205555555555556,0.5425679252860149,3.8212839626430073,0.031079059982442054,1.55490777023084,3.6658122810425002,5.7,44.892666262975574,12.541653204152183,S3_gaming,cutoff
4396.0,1.221111111111111,0.5423519625519094,3.821175981275955,0.031080014798846797,1.5549556016453607,3.665699518345882,5.7,44.89008573470638,12.540827435106044,S3_gaming,cutoff
4398.0,1.2216666666666667,0.5421359931742363,3.821067996587118,0.031080969705853112,1.5550034376045352,3.665586751873305,5.7,44.8875051997759,12.540001663928289,S3_gaming,cutoff
4400.0,1.2222222222222223,0.5419200171523644,3.820960008576182,0.031081924703475573,1.5550512781090957,3.6654739816243818,5.7,44.8849246581833,12.539175890618656,S3_gaming,cutoff
4402.0,1.2227777777777777,0.5417040344856622,3.820852017242831,0.031082879791728763,1.5550991231597726,3.665361207598724,5.7,44.88234410992772,12.538350115176872,S3_gaming,cutoff
4404.0,1.2233333333333334,0.5414880451734984,3.8207440225867493,0.031083834970627267,1.5551469727573042,3.6652484297959407,5.7,44.879763555008324,12.537524337602663,S3_gaming,cutoff
4406.0,1.2238888888888888,0.5412720492152413,3.8206360246076208,0.03108479024018567,1.555194826902423,3.6651356482156445,5.7,44.87718299342422,12.536698557895752,S3_gaming,cutoff
4408.0,1.2244444444444444,0.5410560466102593,3.8205280233051298,0.031085745600418567,1.555242685595856,3.665022862857446,5.7,44.87460242517459,12.535872776055868,S3_gaming,cutoff
4410.0,1.225,0.5408400373579207,3.82042001867896,0.03108670105134055,1.5552905488383395,3.664910073720956,5.7,44.87202185025856,12.53504699208274,S3_gaming,cutoff
4412.0,1.2255555555555555,0.5406240214575936,3.820312010728797,0.03108765659296622,1.5553384166306083,3.6647972808057854,5.7,44.869441268675324,12.534221205976104,S3_gaming,cutoff
4414.0,1.2261111111111112,0.540407998908646,3.820203999454323,0.03108861222531017,1.5553862889733927,3.664684484111545,5.7,44.86686068042398,12.533395417735674,S3_gaming,cutoff
4416.0,1.2266666666666666,0.5401919697104458,3.820095984855223,0.031089567948387013,1.555434165867428,3.664571683637846,5.7,44.86428008550368,12.532569627361179,S3_gaming,cutoff
4418.0,1.2272222222222222,0.539975933862361,3.8199879669311807,0.031090523762211355,1.5554820473134472,3.664458879384297,5.7,44.861699483913604,12.531743834852355,S3_gaming,cutoff
4420.0,1.2277777777777779,0.5397598913637591,3.8198799456818797,0.031091479666797806,1.5555299333121857,3.6643460713505105,5.7,44.85911887565286,12.530918040208917,S3_gaming,cutoff
4422.0,1.2283333333333333,0.5395438422140079,3.8197719211070043,0.031092435662160977,1.5555778238643736,3.6642332595360965,5.7,44.856538260720626,12.530092243430602,S3_gaming,cutoff
4424.0,1.228888888888889,0.5393277864124748,3.8196638932062372,0.03109339174831549,1.5556257189707516,3.6641204439406656,5.7,44.853957639116025,12.529266444517129,S3_gaming,cutoff
4426.0,1.2294444444444443,0.5391117239585274,3.8195558619792638,0.031094347925275965,1.5556736186320475,3.6640076245638276,5.7,44.85137701083823,12.528440643468233,S3_gaming,cutoff
4428.0,1.23,0.5388956548515328,3.8194478274257664,0.031095304193057026,1.5557215228490018,3.663894801405193,5.7,44.84879637588636,12.527614840283636,S3_gaming,cutoff
4430.0,1.2305555555555556,0.5386795790908584,3.8193397895454293,0.0310962605516733,1.5557694316223447,3.663781974464372,5.7,44.84621573425958,12.526789034963066,S3_gaming,cutoff
4432.0,1.231111111111111,0.5384634966758712,3.819231748337936,0.031097217001139422,1.5558173449528117,3.6636691437409756,5.7,44.84363508595704,12.525963227506253,S3_gaming,cutoff
4434.0,1.2316666666666667,0.5382474076059383,3.819123703802969,0.03109817354147002,1.5558652628411411,3.6635563092346115,5.7,44.84105443097784,12.52513741791291,S3_gaming,cutoff
4436.0,1.2322222222222223,0.5380313118804265,3.8190156559402135,0.03109913017267974,1.555913185288063,3.6634434709448924,5.7,44.83847376932119,12.524311606182781,S3_gaming,cutoff
4438.0,1.2327777777777778,0.5378152094987028,3.8189076047493513,0.03110008689478322,1.5559611122943184,3.6633306288714267,5.7,44.8358931009862,12.523485792315585,S3_gaming,cutoff
4440.0,1.2333333333333334,0.5375991004601337,3.818799550230067,0.0311010437077951,1.556009043860637,3.6632177830138253,5.7,44.833312425972025,12.522659976311049,S3_gaming,cutoff
4442.0,1.2338888888888888,0.537382984764086,3.818691492382043,0.03110200061173003,1.5560569799877604,3.6631049333716965,5.7,44.830731744277806,12.521834158168899,S3_gaming,cutoff
4444.0,1.2344444444444445,0.537166862409926,3.8185834312049627,0.03110295760660266,1.556104920676421,3.662992079944651,5.7,44.82815105590268,12.521008337888858,S3_gaming,cutoff
4446.0,1.235,0.5369507333970202,3.81847536669851,0.03110391469242765,1.5561528659273542,3.662879222732298,5.7,44.825570360845816,12.520182515470662,S3_gaming,cutoff
4448.0,1.2355555555555555,0.5367345977247349,3.818367298862367,0.031104871869219654,1.5562008157412988,3.6627663617342483,5.7,44.822989659106334,12.519356690914027,S3_gaming,cutoff
4450.0,1.2361111111111112,0.5365184553924363,3.818259227696218,0.03110582913699333,1.5562487701189898,3.6626534969501106,5.7,44.820408950683394,12.518530864218686,S3_gaming,cutoff
4452.0,1.2366666666666666,0.5363023063994905,3.818151153199745,0.03110678649576335,1.5562967290611656,3.6625406283794937,5.7,44.81782823557613,12.517705035384362,S3_gaming,cutoff
4454.0,1.2372222222222222,0.5360861507452636,3.818043075372632,0.031107743945544376,1.5563446925685591,3.6624277560220073,5.7,44.8152475137837,12.516879204410786,S3_gaming,cutoff
4456.0,1.2377777777777779,0.5358699884291213,3.8179349942145606,0.03110870148635108,1.5563926606419114,3.6623148798772616,5.7,44.81266678530524,12.516053371297676,S3_gaming,cutoff
4458.0,1.2383333333333333,0.5356538194504294,3.8178269097252144,0.03110965911819814,1.5564406332819551,3.662201999944865,5.7,44.81008605013988,12.515227536044762,S3_gaming,cutoff
4460.0,1.238888888888889,0.5354376438085537,3.817718821904277,0.031110616841100232,1.5564886104894315,3.6620891162244273,5.7,44.80750530828678,12.51440169865177,S3_gaming,cutoff
4462.0,1.2394444444444443,0.5352214615028598,3.81761073075143,0.031111574655072034,1.5565365922650758,3.6619762287155573,5.7,44.8049245597451,12.513575859118433,S3_gaming,cutoff
4464.0,1.24,0.535005272532713,3.817502636266356,0.031112532560128237,1.5565845786096266,3.661863337417863,5.7,44.80234380451394,12.51275001744446,S3_gaming,cutoff
4466.0,1.2405555555555556,0.5347890768974789,3.8173945384487395,0.031113490556283523,1.556632569523822,3.6617504423309555,5.7,44.79976304259248,12.511924173629595,S3_gaming,cutoff
4468.0,1.241111111111111,0.5345728745965226,3.8172864372982613,0.03111444864355259,1.5566805650084004,3.661637543454442,5.7,44.79718227397985,12.511098327673553,S3_gaming,cutoff
4470.0,1.2416666666666667,0.5343566656292094,3.8171783328146045,0.031115406821950124,1.5567285650640972,3.6615246407879316,5.7,44.794601498675185,12.51027247957606,S3_gaming,cutoff
4472.0,1.2422222222222221,0.5341404499949043,3.817070224997452,0.03111636509149083,1.5567765696916536,3.6614117343310344,5.7,44.79202071667764,12.509446629336846,S3_gaming,cutoff
4474.0,1.2427777777777778,0.5339242276929722,3.816962113846486,0.031117323452189406,1.556824578891805,3.6612988240833575,5.7,44.789439927986365,12.508620776955636,S3_gaming,cutoff
4476.0,1.2433333333333334,0.5337079987227781,3.8168539993613892,0.03111828190406056,1.5568725926652898,3.6611859100445105,5.7,44.78685913260048,12.507794922432154,S3_gaming,cutoff
4478.0,1.2438888888888888,0.5334917630836867,3.816745881541843,0.031119240447118997,1.556920611012852,3.661072992214102,5.7,44.784278330519136,12.506969065766123,S3_gaming,cutoff
4480.0,1.2444444444444445,0.5332755207750627,3.8166377603875317,0.031120199081379432,1.5569686339352267,3.66096007059174,5.7,44.78169752174149,12.506143206957278,S3_gaming,cutoff
4482.0,1.245,0.5330592717962707,3.816529635898135,0.031121157806856575,1.5570166614331526,3.660847145177032,5.7,44.77911670626665,12.505317346005329,S3_gaming,cutoff
4484.0,1.2455555555555555,0.532843016146675,3.8164215080733372,0.031122116623565146,1.5570646935073706,3.6607342159695886,5.7,44.77653588409379,12.504491482910014,S3_gaming,cutoff
4486.0,1.2461111111111112,0.5326267538256401,3.81631337691282,0.03112307553151987,1.557112730158619,3.660621282969016,5.7,44.77395505522206,12.50366561767106,S3_gaming,cutoff
4488.0,1.2466666666666666,0.5324104848325302,3.816205242416265,0.031124034530735468,1.557160771387639,3.660508346174924,5.7,44.77137421965056,12.50283975028818,S3_gaming,cutoff
4490.0,1.2472222222222222,0.5321942091667093,3.8160971045833545,0.03112499362122667,1.5572088171951686,3.660395405586921,5.7,44.76879337737845,12.502013880761105,S3_gaming,cutoff
4492.0,1.2477777777777779,0.5319779268275417,3.815988963413771,0.031125952803008207,1.5572568675819465,3.6602824612046128,5.7,44.76621252840489,12.501188009089566,S3_gaming,cutoff
4494.0,1.2483333333333333,0.5317616378143912,3.8158808189071953,0.031126912076094814,1.557304922548716,3.6601695130276095,5.7,44.763631672729,12.50036213527328,S3_gaming,cutoff
4496.0,1.248888888888889,0.5315453421266216,3.8157726710633106,0.03112787144050123,1.5573529820962162,3.6600565610555185,5.7,44.76105081034992,12.499536259311975,S3_gaming,cutoff
4498.0,1.2494444444444444,0.5313290397635968,3.8156645198817984,0.031128830896242198,1.5574010462251875,3.659943605287947,5.7,44.7584699412668,12.498710381205377,S3_gaming,cutoff
4500.0,1.25,0.5311127307246802,3.8155563653623403,0.031129790443332462,1.5574491149363712,3.6598306457245044,5.7,44.75588906547879,12.497884500953212,S3_gaming,cutoff
4502.0,1.2505555555555556,0.5308964150092356,3.815448207504618,0.03113075008178677,1.5574971882305055,3.6597176823647968,5.7,44.75330818298501,12.497058618555203,S3_gaming,cutoff
4504.0,1.251111111111111,0.5306800926166262,3.815340046308313,0.031131709811619872,1.5575452661083344,3.6596047152084332,5.7,44.75072729378459,12.49623273401107,S3_gaming,cutoff
4506.0,1.2516666666666667,0.5304637635462154,3.8152318817731077,0.031132669632846527,1.5575933485705988,3.65949174425502,5.7,44.7481463978767,12.495406847320545,S3_gaming,cutoff
4508.0,1.2522222222222221,0.5302474277973664,3.815123713898683,0.031133629545481493,1.5576414356180373,3.659378769504165,5.7,44.745565495260465,12.494580958483349,S3_gaming,cutoff
4510.0,1.2527777777777778,0.5300310853694424,3.815015542684721,0.031134589549539533,1.5576895272513935,3.6592657909554767,5.7,44.74298458593503,12.493755067499208,S3_gaming,cutoff
4512.0,1.2533333333333334,0.5298147362618064,3.8149073681309034,0.03113554964503541,1.5577376234714084,3.659152808608562,5.7,44.74040366989953,12.49292917436785,S3_gaming,cutoff
4514.0,1.2538888888888888,0.5295983804738214,3.8147991902369105,0.03113650983198389,1.5577857242788262,3.6590398224630274,5.7,44.7378227471531,12.492103279088994,S3_gaming,cutoff
4516.0,1.2544444444444445,0.52938201800485,3.8146910090024253,0.031137470110399756,1.5578338296743848,3.658926832518481,5.7,44.735241817694906,12.491277381662371,S3_gaming,cutoff
4518.0,1.255,0.529165648854255,3.8145828244271276,0.031138430480297775,1.557881939658831,3.65881383877453,5.7,44.73266088152404,12.490451482087693,S3_gaming,cutoff
4520.0,1.2555555555555555,0.5289492730213989,3.8144746365106994,0.031139390941692727,1.5579300542329004,3.658700841230782,5.7,44.73007993863967,12.489625580364695,S3_gaming,cutoff
4522.0,1.2561111111111112,0.5287328905056444,3.8143664452528223,0.031140351494599393,1.5579781733973423,3.658587839886842,5.7,44.72749898904094,12.488799676493102,S3_gaming,cutoff
4524.0,1.2566666666666666,0.5285165013063537,3.814258250653177,0.03114131213903256,1.558026297152898,3.6584748347423193,5.7,44.724918032726976,12.487973770472632,S3_gaming,cutoff
4526.0,1.2572222222222222,0.5283001054228893,3.8141500527114447,0.03114227287500702,1.558074425500308,3.65836182579682,5.7,44.72233706969691,12.487147862303013,S3_gaming,cutoff
4528.0,1.2577777777777779,0.5280837028546133,3.814041851427307,0.031143233702537562,1.558122558440314,3.658248813049951,5.7,44.719756099949905,12.486321951983971,S3_gaming,cutoff
4530.0,1.2583333333333333,0.5278672936008877,3.813933646800444,0.031144194621638983,1.5581706959736652,3.658135796501319,5.7,44.71717512348507,12.485496039515223,S3_gaming,cutoff
4532.0,1.258888888888889,0.5276508776610745,3.8138254388305373,0.031145155632326085,1.5582188381010968,3.6580227761505313,5.7,44.71459414030156,12.4846701248965,S3_gaming,cutoff
4534.0,1.2594444444444444,0.5274344550345358,3.8137172275172677,0.031146116734613667,1.5582669848233615,3.6579097519971926,5.7,44.712013150398505,12.483844208127522,S3_gaming,cutoff
4536.0,1.26,0.5272180257206331,3.813609012860317,0.031147077928516537,1.5583151361411944,3.657796724040912,5.7,44.70943215377506,12.48301828920802,S3_gaming,cutoff
4538.0,1.2605555555555557,0.5270015897187282,3.8135007948593644,0.031148039214049503,1.5583632920553452,3.6576836922812945,5.7,44.706851150430346,12.48219236813771,S3_gaming,cutoff
4540.0,1.261111111111111,0.5267851470281827,3.8133925735140917,0.03114900059122738,1.5584114525665576,3.657570656717947,5.7,44.70427014036349,12.481366444916317,S3_gaming,cutoff
4542.0,1.2616666666666667,0.526568697648358,3.8132843488241788,0.03114996206006498,1.5584596176755727,3.657457617350476,5.7,44.701689123573615,12.480540519543558,S3_gaming,cutoff
4544.0,1.2622222222222221,0.5263522415786155,3.813176120789308,0.03115092362057713,1.558507787383137,3.6573445741784876,5.7,44.699108100059924,12.479714592019176,S3_gaming,cutoff
4546.0,1.2627777777777778,0.5261357788183164,3.813067889409158,0.031151885272778644,1.5585559616899918,3.657231527201587,5.7,44.6965270698215,12.47888866234288,S3_gaming,cutoff
4548.0,1.2633333333333334,0.525919309366822,3.812959654683411,0.031152847016684356,1.5586041405968891,3.657118476419383,5.7,44.69394603285749,12.478062730514397,S3_gaming,cutoff
4550.0,1.2638888888888888,0.5257028332234932,3.8128514166117466,0.031153808852309093,1.5586523241045673,3.65700542183148,5.7,44.69136498916704,12.477236796533454,S3_gaming,cutoff
4552.0,1.2644444444444445,0.525486350387691,3.8127431751938454,0.031154770779667686,1.5587005122137731,3.656892363437484,5.7,44.68878393874927,12.476410860399767,S3_gaming,cutoff
4554.0,1.265,0.5252698608587762,3.812634930429388,0.031155732798774975,1.5587487049252502,3.656779301237001,5.7,44.68620288160332,12.475584922113063,S3_gaming,cutoff
4556.0,1.2655555555555555,0.5250533646361097,3.8125266823180546,0.0311566949096458,1.5587969022397479,3.6566662352296375,5.7,44.68362181772834,12.474758981673068,S3_gaming,cutoff
4558.0,1.2661111111111112,0.5248368617190521,3.812418430859526,0.031157657112294998,1.5588451041580076,3.6565531654149983,5.7,44.681040747123454,12.473933039079506,S3_gaming,cutoff
4560.0,1.2666666666666666,0.5246203521069638,3.812310176053482,0.031158619406737424,1.5588933106807783,3.6564400917926907,5.7,44.67845966978781,12.4731070943321,S3_gaming,cutoff
4562.0,1.2672222222222222,0.5244038357992054,3.8122019178996025,0.031159581792987924,1.5589415218088043,3.656327014362318,5.7,44.67587858572052,12.472281147430566,S3_gaming,cutoff
4564.0,1.2677777777777777,0.524187312795137,3.8120936563975683,0.031160544271061352,1.5589897375428319,3.656213933123489,5.7,44.673297494920725,12.471455198374633,S3_gaming,cutoff
4566.0,1.2683333333333333,0.523970783094119,3.8119853915470596,0.031161506840972568,1.5590379578836078,3.6561008480758064,5.7,44.67071639738758,12.470629247164027,S3_gaming,cutoff
4568.0,1.268888888888889,0.5237542466955116,3.811877123347756,0.03116246950273643,1.5590861828318785,3.6559877592188776,5.7,44.66813529312021,12.469803293798467,S3_gaming,cutoff
4570.0,1.2694444444444444,0.5235377035986747,3.8117688517993376,0.0311634322563678,1.559134412388391,3.6558746665523065,5.7,44.665554182117724,12.468977338277673,S3_gaming,cutoff
4572.0,1.27,0.5233211538029682,3.811660576901484,0.03116439510188155,1.5591826465538916,3.6557615700756996,5.7,44.662973064379294,12.468151380601375,S3_gaming,cutoff
4574.0,1.2705555555555557,0.5231045973077518,3.8115522986538757,0.031165358039292546,1.5592308853291241,3.6556484697886624,5.7,44.660391939904024,12.467325420769289,S3_gaming,cutoff
4576.0,1.271111111111111,0.5228880341123855,3.8114440170561927,0.031166321068615666,1.559279128714841,3.6555353656907985,5.7,44.657810808691075,12.466499458781145,S3_gaming,cutoff
4578.0,1.2716666666666667,0.5226714642162287,3.8113357321081143,0.031167284189865783,1.559327376711786,3.655422257781714,5.7,44.65522967073956,12.46567349463666,S3_gaming,cutoff
4580.0,1.2722222222222221,0.5224548876186409,3.8112274438093205,0.03116824740305778,1.5593756293207084,3.6553091460610148,5.7,44.65264852604863,12.464847528335563,S3_gaming,cutoff
4582.0,1.2727777777777778,0.5222383043189815,3.811119152159491,0.031169210708206545,1.5594238865423549,3.655196030528305,5.7,44.65006737461739,12.464021559877567,S3_gaming,cutoff
4584.0,1.2733333333333334,0.5220217143166099,3.811010857158305,0.03117017410532696,1.5594721483774747,3.655082911183189,5.7,44.647486216445,12.463195589262401,S3_gaming,cutoff
4586.0,1.2738888888888888,0.5218051176108852,3.8109025588054424,0.03117113759443392,1.559520414826812,3.654969788025273,5.7,44.644905051530586,12.462369616489788,S3_gaming,cutoff
4588.0,1.2744444444444445,0.5215885142011666,3.810794257100583,0.031172101175542317,1.5595686858911189,3.654856661054161,5.7,44.64232387987329,12.461543641559453,S3_gaming,cutoff
4590.0,1.275,0.5213719040868129,3.810685952043406,0.03117306484866705,1.559616961571142,3.654743530269457,5.7,44.63974270147222,12.460717664471112,S3_gaming,cutoff
4592.0,1.2755555555555556,0.5211552872671831,3.8105776436335916,0.031174028613823023,1.5596652418676304,3.6546303956707678,5.7,44.63716151632655,12.459891685224497,S3_gaming,cutoff
4594.0,1.2761111111111112,0.5209386637416359,3.8104693318708183,0.031174992471025138,1.5597135267813311,3.654517257257696,5.7,44.634580324435376,12.45906570381932,S3_gaming,cutoff
4596.0,1.2766666666666666,0.5207220335095301,3.810361016754765,0.031175956420288302,1.559761816312996,3.6544041150298465,5.7,44.63199912579782,12.458239720255301,S3_gaming,cutoff
4598.0,1.2772222222222223,0.5205053965702241,3.810252698285112,0.03117692046162743,1.5598101104633693,3.6542909689868246,5.7,44.629417920413054,12.457413734532178,S3_gaming,cutoff
4600.0,1.2777777777777777,0.5202887529230764,3.810144376461538,0.031177884595057437,1.5598584092332084,3.654177819128234,5.7,44.62683670828017,12.456587746649655,S3_gaming,cutoff
4602.0,1.2783333333333333,0.5200721025674454,3.810036051283723,0.031178848820593238,1.5599067126232546,3.654064665453679,5.7,44.624255489398344,12.45576175660747,S3_gaming,cutoff
4604.0,1.278888888888889,0.5198554455026894,3.8099277227513446,0.031179813138249756,1.5599550206342598,3.653951507962764,5.7,44.621674263766664,12.454935764405333,S3_gaming,cutoff
4606.0,1.2794444444444444,0.5196387817281664,3.8098193908640834,0.031180777548041917,1.5600033332669765,3.653838346655093,5.7,44.619093031384296,12.454109770042976,S3_gaming,cutoff
4608.0,1.28,0.5194221112432345,3.809711055621617,0.03118174204998465,1.5600516505221484,3.6537251815302705,5.7,44.61651179225035,12.453283773520113,S3_gaming,cutoff
4610.0,1.2805555555555554,0.5192054340472517,3.809602717023626,0.03118270664409289,1.560099972400533,3.6536120125879004,5.7,44.613930546363974,12.452457774836473,S3_gaming,cutoff
4612.0,1.281111111111111,0.5189887501395758,3.8094943750697876,0.03118367133038157,1.5601482989028748,3.653498839827586,5.7,44.611349293724274,12.451631773991767,S3_gaming,cutoff
4614.0,1.2816666666666667,0.5187720595195645,3.809386029759782,0.031184636108865627,1.560196630029928,3.6533856632489323,5.7,44.608768034330396,12.450805770985728,S3_gaming,cutoff
4616.0,1.2822222222222222,0.5185553621865755,3.809277681093288,0.031185600979560007,1.5602449657824424,3.653272482851543,5.7,44.60618676818147,12.449979765818073,S3_gaming,cutoff
4618.0,1.2827777777777778,0.5183386581399663,3.809169329069983,0.031186565942479653,1.5602933061611646,3.6531592986350208,5.7,44.603605495276646,12.449153758488528,S3_gaming,cutoff
4620.0,1.2833333333333334,0.5181219473790942,3.8090609736895473,0.031187530997639518,1.5603416511668493,3.6530461105989698,5.7,44.60102421561502,12.448327748996807,S3_gaming,cutoff
4622.0,1.2838888888888889,0.5179052299033168,3.808952614951658,0.03118849614505455,1.5603900008002491,3.652932918742994,5.7,44.59844292919573,12.447501737342634,S3_gaming,cutoff
4624.0,1.2844444444444445,0.517688505711991,3.8088442528559954,0.03118946138473971,1.560438355062113,3.6528197230666968,5.7,44.59586163601792,12.446675723525736,S3_gaming,cutoff
4626.0,1.285,0.517471774804474,3.808735887402237,0.031190426716709956,1.5604867139531908,3.652706523569683,5.7,44.59328033608072,12.44584970754583,S3_gaming,cutoff
4628.0,1.2855555555555556,0.517255037180123,3.8086275185900615,0.03119139214098025,1.560535077474237,3.652593320251553,5.7,44.590699029383245,12.445023689402639,S3_gaming,cutoff
4630.0,1.2861111111111112,0.5170382928382946,3.8085191464191475,0.031192357657565558,1.5605834456260042,3.652480113111912,5.7,44.58811771592463,12.444197669095884,S3_gaming,cutoff
4632.0,1.2866666666666666,0.5168215417783458,3.8084107708891732,0.031193323266480853,1.5606318184092387,3.652366902150364,5.7,44.585536395704025,12.443371646625287,S3_gaming,cutoff
4634.0,1.2872222222222223,0.5166047839996332,3.808302391999817,0.031194288967741107,1.5606801958246985,3.652253687366511,5.7,44.582955068720516,12.442545621990567,S3_gaming,cutoff
4636.0,1.2877777777777777,0.5163880195015134,3.808194009750757,0.031195254761361296,1.5607285778731328,3.652140468759956,5.7,44.580373734973264,12.441719595191445,S3_gaming,cutoff
4638.0,1.2883333333333333,0.5161712482833428,3.8080856241416714,0.031196220647356398,1.5607769645552938,3.6520272463303023,5.7,44.57779239446138,12.440893566227643,S3_gaming,cutoff
4640.0,1.288888888888889,0.515954470344478,3.807977235172239,0.0311971866257414,1.5608253558719392,3.6519140200771534,5.7,44.57521104718402,12.440067535098887,S3_gaming,cutoff
4642.0,1.2894444444444444,0.5157376856842749,3.8078688428421374,0.03119815269653129,1.560873751823813,3.6518007900001117,5.7,44.57262969314028,12.43924150180489,S3_gaming,cutoff
4644.0,1.29,0.51552089430209,3.807760447151045,0.031199118859741058,1.5609221524116756,3.6516875560987807,5.7,44.57004833232931,12.43841546634538,S3_gaming,cutoff
4646.0,1.2905555555555555,0.5153040961972792,3.8076520480986398,0.031200085115385696,1.5609705576362791,3.651574318372763,5.7,44.56746696475023,12.437589428720074,S3_gaming,cutoff
4648.0,1.291111111111111,0.5150872913691986,3.807543645684599,0.031201051463480206,1.5610189674983732,3.6514610768216604,5.7,44.56488559040215,12.436763388928687,S3_gaming,cutoff
4650.0,1.2916666666666667,0.5148704798172039,3.807435239908602,0.031202017904039585,1.5610673819987124,3.6513478314450767,5.7,44.56230420928425,12.435937346970961,S3_gaming,cutoff
4652.0,1.2922222222222222,0.5146536615406508,3.807326830770325,0.031202984437078838,1.5611158011380548,3.6512345822426138,5.7,44.55972282139559,12.43511130284659,S3_gaming,cutoff
4654.0,1.2927777777777778,0.5144368365388952,3.8072184182694473,0.031203951062612974,1.561164224917147,3.6511213292138742,5.7,44.557141426735356,12.434285256555315,S3_gaming,cutoff
4656.0,1.2933333333333332,0.5142200048112924,3.807110002405646,0.031204917780657003,1.5612126533367492,3.6510080723584606,5.7,44.55456002530264,12.433459208096846,S3_gaming,cutoff
4658.0,1.2938888888888889,0.5140031663571979,3.8070015831785993,0.03120588459122594,1.561261086397614,3.650894811675976,5.7,44.551978617096594,12.43263315747091,S3_gaming,cutoff
4660.0,1.2944444444444445,0.513786321175967,3.8068931605879834,0.031206851494334803,1.561309524100493,3.6507815471660208,5.7,44.54939720211631,12.43180710467722,S3_gaming,cutoff
4662.0,1.295,0.513569469266955,3.8067847346334776,0.031207818489998616,1.5613579664461446,3.6506682788281997,5.7,44.546815780360944,12.430981049715502,S3_gaming,cutoff
4664.0,1.2955555555555556,0.513352610629517,3.8066763053147588,0.031208785578232402,1.5614064134353205,3.6505550066621124,5.7,44.544234351829616,12.430154992585477,S3_gaming,cutoff
4666.0,1.2961111111111112,0.513135745263008,3.806567872631504,0.03120975275905119,1.5614548650687758,3.6504417306673624,5.7,44.54165291652145,12.429328933286865,S3_gaming,cutoff
4668.0,1.2966666666666666,0.5129188731667829,3.8064594365833915,0.031210720032470014,1.561503321347271,3.6503284508435514,5.7,44.539071474435566,12.428502871819381,S3_gaming,cutoff
4670.0,1.2972222222222223,0.5127019943401965,3.806350997170098,0.031211687398503905,1.561551782271553,3.6502151671902823,5.7,44.5364900255711,12.427676808182751,S3_gaming,cutoff
4672.0,1.2977777777777777,0.5124851087826034,3.806242554391302,0.031212654857167905,1.5616002478423818,3.650101879707155,5.7,44.53390856992716,12.426850742376693,S3_gaming,cutoff
4674.0,1.2983333333333333,0.5122682164933584,3.8061341082466793,0.031213622408477058,1.5616487180605154,3.6499885883937733,5.7,44.531327107502904,12.42602467440093,S3_gaming,cutoff
4676.0,1.298888888888889,0.5120513174718159,3.806025658735908,0.03121459005244641,1.5616971929267032,3.6498752932497376,5.7,44.52874563829744,12.42519860425518,S3_gaming,cutoff
4678.0,1.2994444444444444,0.5118344117173302,3.805917205858665,0.031215557789091006,1.5617456724417056,3.64976199427465,5.7,44.526164162309875,12.424372531939161,S3_gaming,cutoff
4680.0,1.3,0.5116174992292557,3.805808749614628,0.0312165256184259,1.5617941566062776,3.649648691468112,5.7,44.523582679539366,12.423546457452597,S3_gaming,cutoff
4682.0,1.3005555555555555,0.5114005800069465,3.8057002900034735,0.03121749354046615,1.5618426454211742,3.6495353848297256,5.7,44.521001189985014,12.422720380795205,S3_gaming,cutoff
4684.0,1.301111111111111,0.5111836540497567,3.8055918270248785,0.031218461555226815,1.561891138887156,3.6494220743590917,5.7,44.518419693645946,12.421894301966704,S3_gaming,cutoff
4686.0,1.3016666666666667,0.5109667213570404,3.80548336067852,0.03121942966272296,1.5619396370049747,3.6493087600558125,5.7,44.51583819052131,12.421068220966818,S3_gaming,cutoff
4688.0,1.3022222222222222,0.5107497819281511,3.8053748909640754,0.03122039786296965,1.5619881397753859,3.6491954419194874,5.7,44.513256680610205,12.420242137795267,S3_gaming,cutoff
4690.0,1.3027777777777778,0.5105328357624429,3.8052664178812217,0.031221366155981957,1.5620366471991554,3.64908211994972,5.7,44.51067516391177,12.419416052451767,S3_gaming,cutoff
4692.0,1.3033333333333332,0.5103158828592692,3.8051579414296346,0.031222334541774952,1.5620851592770295,3.64896879414611,5.7,44.50809364042512,12.41858996493604,S3_gaming,cutoff
4694.0,1.3038888888888889,0.5100989232179838,3.805049461608992,0.031223303020363715,1.5621336760097748,3.6488554645082587,5.7,44.50551211014938,12.417763875247802,S3_gaming,cutoff
4696.0,1.3044444444444445,0.5098819568379399,3.80494097841897,0.031224271591763324,1.5621821973981458,3.648742131035768,5.7,44.50293057308368,12.416937783386778,S3_gaming,cutoff
4698.0,1.305,0.509664983718491,3.8048324918592455,0.031225240255988863,1.562230723442895,3.648628793728238,5.7,44.50034902922714,12.416111689352684,S3_gaming,cutoff
4700.0,1.3055555555555556,0.5094480038589903,3.804724001929495,0.031226209013055423,1.5622792541447854,3.6485154525852694,5.7,44.49776747857887,12.41528559314524,S3_gaming,cutoff
4702.0,1.306111111111111,0.5092310172587907,3.8046155086293956,0.03122717786297809,1.562327789504575,3.648402107606464,5.7,44.49518592113804,12.414459494764172,S3_gaming,cutoff
4704.0,1.3066666666666666,0.5090140239172455,3.8045070119586226,0.03122814680577196,1.5623763295230242,3.648288758791422,5.7,44.4926043569037,12.413633394209183,S3_gaming,cutoff
4706.0,1.3072222222222223,0.5087970238337075,3.8043985119168537,0.031229115841452135,1.5624248742008822,3.648175406139744,5.7,44.490022785875034,12.41280729148001,S3_gaming,cutoff
4708.0,1.3077777777777777,0.5085800170075295,3.8042900085037648,0.03123008497003371,1.5624734235389182,3.6480620496510308,5.7,44.487441208051145,12.411981186576366,S3_gaming,cutoff
4710.0,1.3083333333333333,0.5083630034380643,3.8041815017190324,0.0312310541915318,1.5625219775378811,3.647948689324883,5.7,44.48485962343115,12.411155079497968,S3_gaming,cutoff
4712.0,1.308888888888889,0.5081459831246643,3.8040729915623324,0.0312320235059615,1.5625705361985402,3.647835325160901,5.7,44.48227803201417,12.410328970244535,S3_gaming,cutoff
4714.0,1.3094444444444444,0.5079289560666821,3.803964478033341,0.03123299291333793,1.5626190995216476,3.6477219571586854,5.7,44.479696433799326,12.409502858815785,S3_gaming,cutoff
4716.0,1.31,0.5077119222634702,3.803855961131735,0.031233962413676205,1.5626676675079636,3.6476085853178355,5.7,44.47711482878576,12.408676745211443,S3_gaming,cutoff
4718.0,1.3105555555555555,0.5074948817143806,3.8037474408571903,0.031234932006991442,1.5627162401582488,3.6474952096379525,5.7,44.47453321697257,12.407850629431222,S3_gaming,cutoff
4720.0,1.3111111111111111,0.5072778344187657,3.803638917209383,0.031235901693298766,1.5627648174732638,3.6473818301186363,5.7,44.471951598358885,12.407024511474845,S3_gaming,cutoff
4722.0,1.3116666666666668,0.5070607803759776,3.803530390187989,0.0312368714726133,1.5628133994537634,3.647268446759488,5.7,44.46936997294384,12.406198391342029,S3_gaming,cutoff
4724.0,1.3122222222222222,0.5068437195853681,3.8034218597926843,0.03123784134495017,1.5628619861005137,3.6471550595601063,5.7,44.466788340726545,12.405372269032496,S3_gaming,cutoff
4726.0,1.3127777777777778,0.5066266520462892,3.8033133260231446,0.031238811310324518,1.5629105774142726,3.647041668520092,5.7,44.46420670170612,12.404546144545959,S3_gaming,cutoff
4728.0,1.3133333333333332,0.5064095777580926,3.8032047888790466,0.03123978136875147,1.5629591733957975,3.646928273639045,5.7,44.46162505588169,12.403720017882142,S3_gaming,cutoff
4730.0,1.3138888888888889,0.5061924967201299,3.803096248360065,0.031240751520246177,1.563007774045852,3.6468148749165645,5.7,44.459043403252366,12.402893889040758,S3_gaming,cutoff
4732.0,1.3144444444444445,0.5059754089317526,3.8029877044658766,0.031241721764823774,1.563056379365199,3.6467014723522513,5.7,44.45646174381728,12.402067758021529,S3_gaming,cutoff
4734.0,1.315,0.5057583143923122,3.8028791571961564,0.031242692102499407,1.5631049893545939,3.646588065945704,5.7,44.45388007757555,12.401241624824175,S3_gaming,cutoff
4736.0,1.3155555555555556,0.5055412131011601,3.80277060655058,0.031243662533288235,1.5631536040147997,3.646474655696522,5.7,44.4512984045263,12.400415489448415,S3_gaming,cutoff
4738.0,1.316111111111111,0.5053241050576474,3.8026620525288237,0.031244633057205404,1.5632022233465797,3.646361241604306,5.7,44.44871672466863,12.399589351893962,S3_gaming,cutoff
4740.0,1.3166666666666667,0.5051069902611253,3.802553495130563,0.031245603674266074,1.5632508473506945,3.6462478236686553,5.7,44.446135038001685,12.39876321216054,S3_gaming,cutoff
4742.0,1.3172222222222223,0.5048898687109448,3.8024449343554725,0.031246574384485405,1.5632994760279018,3.646134401889169,5.7,44.443553344524574,12.397937070247865,S3_gaming,cutoff
4744.0,1.3177777777777777,0.5046727404064567,3.8023363702032285,0.031247545187878558,1.5633481093789674,3.6460209762654467,5.7,44.44097164423641,12.397110926155653,S3_gaming,cutoff
4746.0,1.3183333333333334,0.504455605347012,3.8022278026735057,0.031248516084460706,1.5633967474046522,3.6459075467970874,5.7,44.43838993713632,12.396284779883624,S3_gaming,cutoff
4748.0,1.318888888888889,0.5042384635319612,3.802119231765981,0.031249487074247018,1.5634453901057193,3.6457941134836904,5.7,44.43580822322345,12.395458631431502,S3_gaming,cutoff
4750.0,1.3194444444444444,0.504021314960655,3.8020106574803276,0.031250458157252664,1.5634940374829291,3.645680676324855,5.7,44.433226502496865,12.394632480798997,S3_gaming,cutoff
4752.0,1.32,0.503804159632444,3.801902079816222,0.03125142933349283,1.5635426895370452,3.6455672353201805,5.7,44.43064477495572,12.39380632798583,S3_gaming,cutoff
4754.0,1.3205555555555555,0.5035869975466782,3.801793498773339,0.03125240060298269,1.5635913462688305,3.6454537904692645,5.7,44.42806304059912,12.392980172991718,S3_gaming,cutoff
4756.0,1.3211111111111111,0.5033698287027082,3.801684914351354,0.03125337196573744,1.5636400076790458,3.6453403417717083,5.7,44.42548129942619,12.39215401581638,S3_gaming,cutoff
4758.0,1.3216666666666668,0.5031526530998841,3.801576326549942,0.03125434342177227,1.5636886737684568,3.645226889227109,5.7,44.42289955143604,12.391327856459533,S3_gaming,cutoff
4760.0,1.3222222222222222,0.5029354707375558,3.801467735368778,0.03125531497110236,1.5637373445378215,3.645113432835065,5.7,44.42031779662781,12.3905016949209,S3_gaming,cutoff
4762.0,1.3227777777777778,0.5027182816150735,3.801359140807537,0.031256286613742905,1.5637860199879088,3.644999972595176,5.7,44.4177360350006,12.389675531200192,S3_gaming,cutoff
4764.0,1.3233333333333333,0.5025010857317869,3.801250542865893,0.03125725834970911,1.563834700119479,3.6448865085070414,5.7,44.415154266553515,12.388849365297125,S3_gaming,cutoff
4766.0,1.323888888888889,0.5022838830870457,3.8011419415435226,0.03125823017901618,1.5638833849332983,3.6447730405702576,5.7,44.41257249128571,12.388023197211426,S3_gaming,cutoff
4768.0,1.3244444444444445,0.5020666736801997,3.8010333368401,0.031259202101679325,1.56393207443013,3.6446595687844257,5.7,44.40999070919628,12.38719702694281,S3_gaming,cutoff
4770.0,1.325,0.5018494575105984,3.800924728755299,0.03126017411771374,1.563980768610737,3.6445460931491422,5.7,44.407408920284325,12.386370854490984,S3_gaming,cutoff
4772.0,1.3255555555555556,0.5016322345775911,3.8008161172887958,0.031261146227134655,1.564029467475883,3.644432613664006,5.7,44.404827124549,12.38554467985568,S3_gaming,cutoff
4774.0,1.326111111111111,0.5014150048805271,3.8007075024402637,0.03126211842995728,1.5640781710263312,3.6443191303286153,5.7,44.40224532198939,12.384718503036606,S3_gaming,cutoff
4776.0,1.3266666666666667,0.5011977684187557,3.8005988842093776,0.031263090726196825,1.5641268792628504,3.644205643142569,5.7,44.399663512604626,12.38389232403348,S3_gaming,cutoff
4778.0,1.3272222222222223,0.5009805251916261,3.800490262595813,0.03126406311586853,1.564175592186201,3.6440921521054643,5.7,44.397081696393826,12.383066142846024,S3_gaming,cutoff
4780.0,1.3277777777777777,0.5007632751984871,3.8003816375992434,0.03126503559898761,1.564224309797149,3.6439786572168997,5.7,44.394499873356104,12.382239959473955,S3_gaming,cutoff
4782.0,1.3283333333333334,0.5005460184386876,3.8002730092193437,0.03126600817556931,1.5642730320964637,3.643865158476473,5.7,44.391918043490584,12.381413773916988,S3_gaming,cutoff
4784.0,1.3288888888888888,0.5003287549115766,3.800164377455788,0.03126698084562885,1.5643217590849023,3.6437516558837832,5.7,44.389336206796365,12.380587586174837,S3_gaming,cutoff
4786.0,1.3294444444444444,0.5001114846165026,3.8000557423082513,0.03126795360918148,1.5643704907632394,3.643638149438427,5.7,44.38675436327257,12.379761396247224,S3_gaming,cutoff
4788.0,1.33,0.4998942075528141,3.799947103776407,0.03126892646624243,1.5644192271322326,3.6435246391400025,5.7,44.384172512918326,12.378935204133866,S3_gaming,cutoff
4790.0,1.3305555555555555,0.4996769237198597,3.79983846185993,0.03126989941682695,1.5644679681926537,3.643411124988107,5.7,44.381590655732744,12.378109009834478,S3_gaming,cutoff
4792.0,1.3311111111111111,0.49945963311698777,3.799729816558494,0.03127087246095029,1.5645167139452631,3.6432976069823386,5.7,44.37900879171491,12.377282813348772,S3_gaming,cutoff
4794.0,1.3316666666666668,0.49924233574354654,3.7996211678717735,0.0312718455986277,1.5645654643908324,3.643184085122295,5.7,44.376426920863985,12.376456614676476,S3_gaming,cutoff
4796.0,1.3322222222222222,0.4990250315988841,3.799512515799442,0.031272818829874434,1.564614219530125,3.643070559407574,5.7,44.373845043179045,12.375630413817296,S3_gaming,cutoff
4798.0,1.3327777777777778,0.4988077206823486,3.799403860341174,0.03127379215470575,1.5646629793639066,3.642957029837772,5.7,44.37126315865924,12.374804210770957,S3_gaming,cutoff
4800.0,1.3333333333333333,0.4985904029932879,3.7992952014966437,0.031274765573136916,1.5647117438929437,3.642843496412488,5.7,44.36868126730366,12.373978005537172,S3_gaming,cutoff
4802.0,1.333888888888889,0.49837307853104984,3.799186539265525,0.0312757390851832,1.5647605131180047,3.642729959131318,5.7,44.366099369111446,12.373151798115662,S3_gaming,cutoff
4804.0,1.3344444444444445,0.49815574729498213,3.799077873647491,0.03127671269085986,1.564809287039856,3.6426164179938594,5.7,44.36351746408168,12.372325588506138,S3_gaming,cutoff
4806.0,1.335,0.4979384092844324,3.798969204642216,0.031277686390182184,1.5648580656592692,3.6425028729997093,5.7,44.36093555221348,12.371499376708316,S3_gaming,cutoff
4808.0,1.3355555555555556,0.49772106449874814,3.798860532249374,0.03127866018316544,1.5649068489770046,3.642389324148465,5.7,44.358353633505985,12.370673162721916,S3_gaming,cutoff
4810.0,1.336111111111111,0.4975037129372768,3.7987518564686384,0.03127963406982491,1.5649556369938311,3.642275771439724,5.7,44.355771707958304,12.369846946546657,S3_gaming,cutoff
4812.0,1.3366666666666667,0.4972863545993656,3.7986431772996827,0.03128060805017587,1.5650044297105203,3.6421622148730823,5.7,44.35318977556952,12.369020728182246,S3_gaming,cutoff
4814.0,1.3372222222222223,0.4970689894843618,3.7985344947421806,0.03128158212423362,1.5650532271278355,3.642048654448137,5.7,44.35060783633877,12.368194507628406,S3_gaming,cutoff
4816.0,1.3377777777777777,0.49685161759161245,3.7984258087958063,0.031282556292013444,1.5651020292465483,3.641935090164486,5.7,44.34802589026518,12.367368284884856,S3_gaming,cutoff
4818.0,1.3383333333333334,0.49663423892046454,3.7983171194602323,0.031283530553530635,1.5651508360674276,3.6418215220217243,5.7,44.345443937347824,12.366542059951305,S3_gaming,cutoff
4820.0,1.3388888888888888,0.49641685347026493,3.7982084267351324,0.0312845049088005,1.5651996475912366,3.6417079500194496,5.7,44.342861977585855,12.365715832827474,S3_gaming,cutoff
4822.0,1.3394444444444444,0.49619946124036035,3.79809973062018,0.031285479357838326,1.5652484638187496,3.641594374157259,5.7,44.34028001097836,12.364889603513076,S3_gaming,cutoff
4824.0,1.34,0.4959820622300975,3.797991031115049,0.03128645390065943,1.565297284750733,3.641480794434748,5.7,44.337698037524476,12.364063372007832,S3_gaming,cutoff
4826.0,1.3405555555555555,0.4957646564388229,3.797882328219411,0.031287428537279116,1.5653461103879551,3.6413672108515134,5.7,44.335116057223274,12.36323713831145,S3_gaming,cutoff
4828.0,1.3411111111111111,0.495547243865883,3.7977736219329414,0.0312884032677127,1.5653949407311851,3.641253623407152,5.7,44.33253407007393,12.362410902423658,S3_gaming,cutoff
4830.0,1.3416666666666666,0.49532982451062413,3.7976649122553123,0.03128937809197549,1.5654437757811945,3.6411400321012586,5.7,44.3299520760755,12.36158466434416,S3_gaming,cutoff
4832.0,1.3422222222222222,0.4951123983723925,3.7975561991861966,0.03129035301008281,1.5654926155387494,3.6410264369334304,5.7,44.327370075227115,12.360758424072678,S3_gaming,cutoff
4834.0,1.3427777777777778,0.4948949654505343,3.797447482725267,0.03129132802204998,1.5655414600046214,3.640912837903265,5.7,44.324788067527884,12.359932181608922,S3_gaming,cutoff
4836.0,1.3433333333333333,0.49467752574439544,3.7973387628721977,0.03129230312789233,1.5655903091795846,3.640799235010357,5.7,44.322206052976924,12.359105936952616,S3_gaming,cutoff
4838.0,1.343888888888889,0.4944600792533219,3.797230039626661,0.031293278327625185,1.5656391630644,3.6406856282543014,5.7,44.31962403157335,12.35827969010347,S3_gaming,cutoff
4840.0,1.3444444444444446,0.49424262597665947,3.7971213129883297,0.03129425362126388,1.5656880216598446,3.6405720176346965,5.7,44.31704200331625,12.357453441061201,S3_gaming,cutoff
4842.0,1.345,0.49402516591375384,3.797012582956877,0.03129522900882376,1.5657368849666842,3.6404584031511362,5.7,44.31445996820477,12.356627189825527,S3_gaming,cutoff
4844.0,1.3455555555555556,0.49380769906395056,3.7969038495319754,0.03129620449032016,1.565785752985696,3.6403447848032173,5.7,44.311877926238004,12.355800936396161,S3_gaming,cutoff
4846.0,1.346111111111111,0.49359022542659514,3.7967951127132977,0.03129718006576842,1.5658346257176436,3.6402311625905357,5.7,44.30929587741505,12.354974680772818,S3_gaming,cutoff
4848.0,1.3466666666666667,0.49337274500103295,3.796686372500517,0.03129815573518389,1.5658835031633012,3.6401175365126868,5.7,44.306713821735045,12.354148422955214,S3_gaming,cutoff
4850.0,1.3472222222222223,0.4931552577866093,3.7965776288933046,0.03129913149858192,1.5659323853234401,3.640003906569265,5.7,44.30413175919706,12.35332216294306,S3_gaming,cutoff
4852.0,1.3477777777777777,0.4929377637826693,3.7964688818913346,0.031300107355977866,1.5659812721988324,3.6398902727598688,5.7,44.301549689800254,12.35249590073608,S3_gaming,cutoff
4854.0,1.3483333333333334,0.492720262988558,3.7963601314942794,0.03130108330738708,1.5660301637902467,3.6397766350840906,5.7,44.29896761354371,12.351669636333988,S3_gaming,cutoff
4856.0,1.3488888888888888,0.4925027554036203,3.79625137770181,0.031302059352824936,1.5660790600984575,3.639662993541527,5.7,44.29638553042653,12.350843369736488,S3_gaming,cutoff
4858.0,1.3494444444444444,0.4922852410272011,3.7961426205136006,0.03130303549230679,1.5661279611242362,3.639549348131773,5.7,44.29380344044784,12.350017100943308,S3_gaming,cutoff
4860.0,1.35,0.4920677198586451,3.796033859929323,0.03130401172584802,1.5661768668683518,3.6394356988544247,5.7,44.29122134360675,12.34919082995416,S3_gaming,cutoff
4862.0,1.3505555555555555,0.49185019189729695,3.7959250959486486,0.03130498805346399,1.5662257773315784,3.639322045709077,5.7,44.28863923990235,12.348364556768752,S3_gaming,cutoff
4864.0,1.3511111111111112,0.49163265714250115,3.7958163285712505,0.031305964475170076,1.5662746925146909,3.6392083886953235,5.7,44.28605712933376,12.347538281386804,S3_gaming,cutoff
4866.0,1.3516666666666666,0.4914151155936021,3.795707557796801,0.031306940990981656,1.5663236124184603,3.639094727812761,5.7,44.283475011900094,12.346712003808031,S3_gaming,cutoff
4868.0,1.3522222222222222,0.4911975672499441,3.795598783624972,0.03130791760091412,1.5663725370436559,3.6389810630609842,5.7,44.28089288760047,12.34588572403215,S3_gaming,cutoff
4870.0,1.3527777777777779,0.4909800121108714,3.7954900060554357,0.031308894304982855,1.5664214663910547,3.6388673944395875,5.7,44.27831075643398,12.345059442058874,S3_gaming,cutoff
4872.0,1.3533333333333333,0.49076245017572795,3.795381225087864,0.03130987110320324,1.5664704004614283,3.6387537219481656,5.7,44.27572861839974,12.344233157887917,S3_gaming,cutoff
4874.0,1.353888888888889,0.4905448814438578,3.795272440721929,0.03131084799559068,1.566519339255551,3.638640045586313,5.7,44.27314647349685,12.343406871518994,S3_gaming,cutoff
4876.0,1.3544444444444443,0.4903273059146049,3.7951636529573025,0.03131182498216057,1.5665682827741945,3.6385263653536257,5.7,44.27056432172443,12.342580582951818,S3_gaming,cutoff
4878.0,1.355,0.49010972358731286,3.7950548617936564,0.03131280206292831,1.566617231018133,3.6384126812496964,5.7,44.26798216308157,12.341754292186103,S3_gaming,cutoff
4880.0,1.3555555555555556,0.48989213446132546,3.7949460672306627,0.0313137792379093,1.5666661839881384,3.638298993274122,5.7,44.2653999975674,12.340927999221568,S3_gaming,cutoff
4882.0,1.356111111111111,0.4896745385359862,3.794837269267993,0.03131475650711896,1.5667151416849878,3.638185301426494,5.7,44.26281782518102,12.340101704057926,S3_gaming,cutoff
4884.0,1.3566666666666667,0.48945693581063854,3.794728467905319,0.03131573387057269,1.5667641041094553,3.6380716057064095,5.7,44.26023564592152,12.339275406694886,S3_gaming,cutoff
4886.0,1.3572222222222223,0.4892393262846258,3.794619663142313,0.03131671132828591,1.5668130712623156,3.6379579061134617,5.7,44.257653459788024,12.338449107132169,S3_gaming,cutoff
4888.0,1.3577777777777778,0.48902170995729116,3.7945108549786455,0.03131768888027404,1.5668620431443403,3.6378442026472433,5.7,44.25507126677964,12.337622805369485,S3_gaming,cutoff
4890.0,1.3583333333333334,0.4888040868279778,3.7944020434139887,0.0313186665265525,1.5669110197563063,3.6377304953073515,5.7,44.25248906689547,12.336796501406551,S3_gaming,cutoff
4892.0,1.3588888888888888,0.48858645689602875,3.7942932284480144,0.03131964426713671,1.5669600010989881,3.6376167840933777,5.7,44.24990686013462,12.33597019524308,S3_gaming,cutoff
4894.0,1.3594444444444445,0.48836882016078687,3.794184410080393,0.03132062210204211,1.56700898717316,3.6375030690049184,5.7,44.24732464649621,12.335143886878788,S3_gaming,cutoff
4896.0,1.36,0.4881511766215949,3.7940755883107977,0.03132160003128413,1.5670579779795968,3.6373893500415657,5.7,44.24474242597933,12.334317576313387,S3_gaming,cutoff
4898.0,1.3605555555555555,0.4879335262777956,3.7939667631388976,0.03132257805487821,1.567106973519075,3.6372756272029134,5.7,44.24216019858308,12.333491263546586,S3_gaming,cutoff
4900.0,1.3611111111111112,0.48771586912873155,3.793857934564366,0.03132355617283978,1.5671559737923724,3.637161900488557,5.7,44.239577964306584,12.332664948578108,S3_gaming,cutoff
4902.0,1.3616666666666666,0.4874982051737452,3.7937491025868724,0.03132453438518429,1.56720497880026,3.6370481698980877,5.7,44.23699572314894,12.33183863140766,S3_gaming,cutoff
4904.0,1.3622222222222222,0.48728053441217895,3.7936402672060896,0.03132551269192719,1.5672539885435182,3.636934435431101,5.7,44.23441347510925,12.33101231203496,S3_gaming,cutoff
4906.0,1.3627777777777779,0.48706285684337497,3.7935314284216872,0.03132649109308392,1.5673030030229185,3.63682069708719,5.7,44.23183122018662,12.33018599045972,S3_gaming,cutoff
4908.0,1.3633333333333333,0.48684517246667547,3.7934225862333375,0.03132746958866995,1.5673520222392405,3.6367069548659487,5.7,44.229248958380175,12.329359666681656,S3_gaming,cutoff
4910.0,1.363888888888889,0.48662748128142247,3.7933137406407114,0.03132844817870073,1.567401046193262,3.6365932087669703,5.7,44.226666689689004,12.328533340700481,S3_gaming,cutoff
4912.0,1.3644444444444443,0.48640978328695794,3.7932048916434793,0.03132942686319172,1.5674500748857567,3.636479458789847,5.7,44.2240844141122,12.327707012515903,S3_gaming,cutoff
4914.0,1.365,0.4861920784826237,3.793096039241312,0.03133040564215839,1.567499108317502,3.6363657049341738,5.7,44.22150213164887,12.326880682127639,S3_gaming,cutoff
4916.0,1.3655555555555556,0.4859743668677614,3.7929871834338806,0.031331384515616206,1.5675481464892753,3.6362519471995425,5.7,44.21891984229815,12.326054349535408,S3_gaming,cutoff
4918.0,1.366111111111111,0.48575664844171274,3.7928783242208564,0.03133236348358064,1.5675971894018537,3.636138185585548,5.7,44.21633754605911,12.325228014738915,S3_gaming,cutoff
4920.0,1.3666666666666667,0.48553892320381914,3.7927694616019094,0.03133334254606718,1.567646237056014,3.6360244200917817,5.7,44.213755242930866,12.324401677737876,S3_gaming,cutoff
4922.0,1.3672222222222221,0.48532119115342204,3.7926605955767108,0.031334321703091285,1.5676952894525364,3.635910650717838,5.7,44.21117293291251,12.323575338532004,S3_gaming,cutoff
4924.0,1.3677777777777778,0.48510345228986274,3.7925517261449313,0.03133530095466845,1.5677443465921952,3.635796877463308,5.7,44.208590616003185,12.32274899712102,S3_gaming,cutoff
4926.0,1.3683333333333334,0.48488570661248237,3.792442853306241,0.03133628030081416,1.5677934084757705,3.6356831003277854,5.7,44.20600829220196,12.321922653504627,S3_gaming,cutoff
4928.0,1.3688888888888888,0.484667954120622,3.792333977060311,0.0313372597415439,1.567842475104042,3.6355693193108647,5.7,44.20342596150794,12.321096307682541,S3_gaming,cutoff
4930.0,1.3694444444444445,0.48445019481362267,3.7922250974068112,0.03133823927687318,1.5678915464777814,3.635455534412136,5.7,44.200843623920235,12.320269959654476,S3_gaming,cutoff
4932.0,1.37,0.4842324286908251,3.7921162143454126,0.031339218906817484,1.567940622597777,3.6353417456311936,5.7,44.19826127943796,12.319443609420146,S3_gaming,cutoff
4934.0,1.3705555555555555,0.48401465575157016,3.792007327875785,0.03134019863139232,1.5679897034647976,3.6352279529676297,5.7,44.1956789280602,12.318617256979262,S3_gaming,cutoff
4936.0,1.3711111111111112,0.48379687599519844,3.7918984379975993,0.03134117845061319,1.5680387890796288,3.6351141564210367,5.7,44.19309656978606,12.317790902331538,S3_gaming,cutoff
4938.0,1.3716666666666666,0.48357908942105043,3.791789544710525,0.0313421583644956,1.5680878794430475,3.6350003559910067,5.7,44.19051420461464,12.316964545476685,S3_gaming,cutoff
4940.0,1.3722222222222222,0.4833612960284666,3.7916806480142333,0.031343138373055066,1.568136974555831,3.634886551677133,5.7,44.18793183254506,12.31613818641442,S3_gaming,cutoff
4942.0,1.3727777777777779,0.4831434958167872,3.7915717479083937,0.0313441184763071,1.568186074418762,3.6347727434790067,5.7,44.1853494535764,12.315311825144448,S3_gaming,cutoff
4944.0,1.3733333333333333,0.4829256887853525,3.7914628443926763,0.03134509867426723,1.5682351790326203,3.634658931396221,5.7,44.18276706770778,12.31448546166649,S3_gaming,cutoff
4946.0,1.373888888888889,0.4827078749335026,3.7913539374667513,0.03134607896695096,1.5682842883981807,3.6345451154283674,5.7,44.180184674938296,12.313659095980256,S3_gaming,cutoff
4948.0,1.3744444444444444,0.48249005426057745,3.7912450271302887,0.03134705935437384,1.568333402516228,3.634431295575039,5.7,44.17760227526705,12.312832728085455,S3_gaming,cutoff
4950.0,1.375,0.4822722267659169,3.791136113382959,0.03134803983655138,1.5683825213875402,3.6343174718358258,5.7,44.17501986869314,12.312006357981806,S3_gaming,cutoff
4952.0,1.3755555555555556,0.4820543924488608,3.79102719622443,0.03134902041349912,1.5684316450128966,3.634203644210321,5.7,44.172437455215665,12.311179985669012,S3_gaming,cutoff
4954.0,1.376111111111111,0.48183655130874875,3.7909182756543744,0.03135000108523261,1.5684807733930828,3.634089812698117,5.7,44.16985503483373,12.310353611146795,S3_gaming,cutoff
4956.0,1.3766666666666667,0.48161870334492035,3.79080935167246,0.03135098185176737,1.5685299065288731,3.6339759772988045,5.7,44.16727260754644,12.30952723441486,S3_gaming,cutoff
4958.0,1.3772222222222221,0.481400848556715,3.7907004242783575,0.031351962713118964,1.5685790444210506,3.633862138011976,5.7,44.164690173352895,12.308700855472926,S3_gaming,cutoff
4960.0,1.3777777777777778,0.48118298694347206,3.790591493471736,0.03135294366930293,1.5686281870703978,3.6337482948372237,5.7,44.16210773225219,12.307874474320702,S3_gaming,cutoff
4962.0,1.3783333333333334,0.4809651185045307,3.7904825592522653,0.03135392472033482,1.5686773344776943,3.6336344477741367,5.7,44.15952528424343,12.307048090957897,S3_gaming,cutoff
4964.0,1.3788888888888888,0.4807472432392301,3.790373621619615,0.03135490586623019,1.5687264866437205,3.633520596822309,5.7,44.15694282932571,12.306221705384226,S3_gaming,cutoff
4966.0,1.3794444444444445,0.4805293611469093,3.7902646805734546,0.0313558871070046,1.5687756435692617,3.633406741981331,5.7,44.15436036749813,12.305395317599402,S3_gaming,cutoff
4968.0,1.38,0.4803114722269072,3.7901557361134537,0.03135686844267361,1.568824805255098,3.6332928832507947,5.7,44.15177789875981,12.304568927603139,S3_gaming,cutoff
4970.0,1.3805555555555555,0.4800935764785625,3.790046788239281,0.03135784987325279,1.5688739717020088,3.6331790206302896,5.7,44.149195423109816,12.303742535395141,S3_gaming,cutoff
4972.0,1.3811111111111112,0.47987567390121394,3.7899378369506067,0.03135883139875771,1.5689231429107802,3.633065154119409,5.7,44.146612940547264,12.302916140975125,S3_gaming,cutoff
4974.0,1.3816666666666666,0.4796577644942001,3.7898288822471,0.031359813019203944,1.5689723188821918,3.632951283717743,5.7,44.144030451071266,12.302089744342805,S3_gaming,cutoff
4976.0,1.3822222222222222,0.4794398482568595,3.7897199241284296,0.03136079473460706,1.5690214996170264,3.632837409424883,5.7,44.14144795468092,12.301263345497894,S3_gaming,cutoff
4978.0,1.3827777777777779,0.4792219251885304,3.7896109625942653,0.03136177654498265,1.5690706851160667,3.63272353124042,5.7,44.1388654513753,12.300436944440097,S3_gaming,cutoff
4980.0,1.3833333333333333,0.4790039952885511,3.7895019976442756,0.03136275845034629,1.5691198753800955,3.632609649163944,5.7,44.13628294115352,12.299610541169127,S3_gaming,cutoff
4982.0,1.383888888888889,0.4787860585562597,3.7893930292781297,0.03136374045071358,1.5691690704098982,3.632495763195047,5.7,44.13370042401468,12.298784135684697,S3_gaming,cutoff
4984.0,1.3844444444444444,0.47856811499099433,3.7892840574954976,0.03136472254610009,1.5692182702062545,3.6323818733333195,5.7,44.13111789995788,12.297957727986521,S3_gaming,cutoff
4986.0,1.385,0.47835016459209284,3.789175082296046,0.03136570473652144,1.5692674747699475,3.6322679795783523,5.7,44.1285353689822,12.297131318074305,S3_gaming,cutoff
4988.0,1.3855555555555557,0.47813220735889306,3.7890661036794464,0.03136668702199322,1.5693166841017652,3.6321540819297344,5.7,44.125952831086764,12.296304905947764,S3_gaming,cutoff
4990.0,1.386111111111111,0.4779142432907327,3.7889571216453666,0.03136766940253102,1.5693658982024876,3.63204018038706,5.7,44.123370286270664,12.295478491606612,S3_gaming,cutoff
4992.0,1.3866666666666667,0.47769627238694934,3.788848136193475,0.03136865187815046,1.5694151170729003,3.6319262749499157,5.7,44.12078773453298,12.294652075050555,S3_gaming,cutoff
4994.0,1.3872222222222221,0.47747829464688046,3.78873914732344,0.031369634448867145,1.5694643407137858,3.6318123656178933,5.7,44.11820517587284,12.293825656279308,S3_gaming,cutoff
4996.0,1.3877777777777778,0.47726031006986347,3.7886301550349315,0.031370617114696686,1.5695135691259299,3.631698452390584,5.7,44.11562261028931,12.292999235292578,S3_gaming,cutoff
4998.0,1.3883333333333334,0.47704231865523566,3.7885211593276176,0.03137159987565471,1.5695628023101176,3.6315845352675775,5.7,44.113040037781495,12.29217281209008,S3_gaming,cutoff
5000.0,1.3888888888888888,0.47682432040233413,3.788412160201167,0.031372582731756825,1.569612040267132,3.631470614248463,5.7,44.11045745834851,12.291346386671526,S3_gaming,cutoff
5002.0,1.3894444444444445,0.476606315310496,3.788303157655248,0.03137356568301866,1.5696612829977585,3.631356689332832,5.7,44.107874871989445,12.290519959036622,S3_gaming,cutoff
5004.0,1.39,0.4763883033790582,3.788194151689529,0.03137454872945585,1.5697105305027825,3.631242760520274,5.7,44.10529227870339,12.289693529185085,S3_gaming,cutoff
5006.0,1.3905555555555555,0.4761702846073575,3.7880851423036788,0.03137553187108402,1.5697597827829868,3.6311288278103793,5.7,44.102709678489425,12.288867097116617,S3_gaming,cutoff
5008.0,1.3911111111111112,0.4759522589947307,3.7879761294973653,0.031376515107918806,1.5698090398391622,3.6310148912027373,5.7,44.10012707134668,12.288040662830937,S3_gaming,cutoff
5010.0,1.3916666666666666,0.4757342265405144,3.7878671132702575,0.031377498439975844,1.569858301672089,3.630900950696938,5.7,44.09754445727424,12.287214226327757,S3_gaming,cutoff
5012.0,1.3922222222222222,0.47551618724404504,3.7877580936220223,0.03137848186727078,1.5699075682825525,3.630787006292571,5.7,44.09496183627118,12.28638778760678,S3_gaming,cutoff
5014.0,1.3927777777777777,0.4752981411046591,3.7876490705523294,0.03137946538981926,1.5699568396713464,3.630673057989226,5.7,44.09237920833662,12.285561346667718,S3_gaming,cutoff
5016.0,1.3933333333333333,0.4750800881216929,3.7875400440608464,0.03138044900763693,1.570006115839248,3.6305591057864937,5.7,44.08979657346966,12.284734903510293,S3_gaming,cutoff
5018.0,1.393888888888889,0.4748620282944825,3.7874310141472414,0.03138143272073945,1.5700553967870483,3.630445149683962,5.7,44.087213931669375,12.283908458134201,S3_gaming,cutoff
5020.0,1.3944444444444444,0.47464396162236405,3.787321980811182,0.03138241652914247,1.57010468251553,3.630331189681221,5.7,44.084631282934865,12.283082010539157,S3_gaming,cutoff
5022.0,1.395,0.4744258881046735,3.787212944052337,0.031383400432861655,1.570153973025487,3.6302172257778604,5.7,44.08204862726524,12.282255560724877,S3_gaming,cutoff
5024.0,1.3955555555555557,0.4742078077407467,3.7871039038703733,0.03138438443191267,1.5702032683176992,3.630103257973469,5.7,44.07946596465957,12.281429108691063,S3_gaming,cutoff
5026.0,1.396111111111111,0.4739897205299194,3.7869948602649597,0.03138536852631117,1.5702525683929547,3.6299892862676364,5.7,44.07688329511697,12.28060265443743,S3_gaming,cutoff
5028.0,1.3966666666666667,0.4737716264715272,3.786885813235764,0.031386352716072846,1.5703018732520446,3.6298753106599517,5.7,44.074300618636535,12.279776197963692,S3_gaming,cutoff
5030.0,1.3972222222222221,0.47355352556490565,3.786776762782453,0.031387337001213364,1.5703511828957517,3.6297613311500037,5.7,44.07171793521734,12.27894973926955,S3_gaming,cutoff
5032.0,1.3977777777777778,0.47333541780939015,3.7866677089046954,0.03138832138174841,1.5704004973248669,3.6296473477373823,5.7,44.0691352448585,12.27812327835472,S3_gaming,cutoff
5034.0,1.3983333333333334,0.47311730320431605,3.7865586516021583,0.03138930585769365,1.570449816540176,3.629533360421675,5.7,44.0665525475591,12.27729681521891,S3_gaming,cutoff
5036.0,1.3988888888888888,0.4728991817490185,3.7864495908745095,0.03139029042906479,1.5704991405424666,3.629419369202472,5.7,44.063969843318226,12.276470349861832,S3_gaming,cutoff
5038.0,1.3994444444444445,0.4726810534428326,3.7863405267214167,0.03139127509587751,1.5705484693325305,3.6293053740793617,5.7,44.061387132134996,12.275643882283198,S3_gaming,cutoff
5040.0,1.4,0.47246291828509335,3.786231459142547,0.0313922598581475,1.5705978029111527,3.6291913750519313,5.7,44.05880441400847,12.274817412482712,S3_gaming,cutoff
5042.0,1.4005555555555556,0.47224477627513556,3.786122388137568,0.031393244715890466,1.5706471412791216,3.629077372119773,5.7,44.056221688937754,12.273990940460083,S3_gaming,cutoff
5044.0,1.4011111111111112,0.472026627412294,3.786013313706147,0.0313942296691221,1.5706964844372284,3.6289633652824715,5.7,44.05363895692196,12.273164466215027,S3_gaming,cutoff
5046.0,1.4016666666666666,0.4718084716959034,3.7859042358479518,0.03139521471785811,1.5707458323862582,3.628849354539618,5.7,44.05105621796017,12.272337989747255,S3_gaming,cutoff
5048.0,1.4022222222222223,0.4715903091252982,3.785795154562649,0.031396199862114206,1.5707951851270023,3.6287353398907998,5.7,44.04847347205146,12.271511511056469,S3_gaming,cutoff
5050.0,1.4027777777777777,0.4713721396998129,3.7856860698499064,0.0313971851019061,1.5708445426602518,3.628621321335605,5.7,44.04589071919495,12.270685030142385,S3_gaming,cutoff
5052.0,1.4033333333333333,0.4711539634187818,3.785576981709391,0.03139817043724951,1.5708939049867947,3.628507298873623,5.7,44.043307959389715,12.26985854700471,S3_gaming,cutoff
5054.0,1.403888888888889,0.4709357802815391,3.7854678901407697,0.031399155868160146,1.5709432721074168,3.628393272504441,5.7,44.04072519263485,12.269032061643154,S3_gaming,cutoff
5056.0,1.4044444444444444,0.4707175902874189,3.7853587951437095,0.03140014139465374,1.5709926440229143,3.628279242227648,5.7,44.03814241892944,12.268205574057422,S3_gaming,cutoff
5058.0,1.405,0.47049939343575514,3.7852496967178775,0.031401127016746015,1.571042020734073,3.628165208042831,5.7,44.035559638272595,12.267379084247231,S3_gaming,cutoff
5060.0,1.4055555555555554,0.4702811897258818,3.7851405948629413,0.031402112734452696,1.5710914022416838,3.6280511699495794,5.7,44.0329768506634,12.266552592212289,S3_gaming,cutoff
5062.0,1.406111111111111,0.4700629791571326,3.785031489578566,0.031403098547789526,1.5711407885465378,3.627937127947479,5.7,44.03039405610093,12.265726097952298,S3_gaming,cutoff
5064.0,1.4066666666666667,0.46984476172884115,3.7849223808644203,0.03140408445677224,1.5711901796494259,3.62782308203612,5.7,44.027811254584286,12.264899601466972,S3_gaming,cutoff
5066.0,1.4072222222222222,0.4696265374403411,3.7848132687201703,0.03140507046141657,1.5712395755511392,3.6277090322150887,5.7,44.02522844611257,12.264073102756024,S3_gaming,cutoff
5068.0,1.4077777777777778,0.46940830629096586,3.784704153145483,0.031406056561738276,1.5712889762524662,3.6275949784839736,5.7,44.02264563068488,12.26324660181916,S3_gaming,cutoff
5070.0,1.4083333333333334,0.4691900682800487,3.7845950341400245,0.03140704275775309,1.5713383817541975,3.627480920842361,5.7,44.02006280830028,12.26242009865609,S3_gaming,cutoff
5072.0,1.4088888888888889,0.46897182340692295,3.7844859117034613,0.03140802904947678,1.57138779205713,3.62736685928984,5.7,44.01747997895786,12.261593593266515,S3_gaming,cutoff
5074.0,1.4094444444444445,0.46875357167092163,3.7843767858354607,0.03140901543692509,1.571437207162049,3.6272527938259977,5.7,44.014897142656736,12.260767085650155,S3_gaming,cutoff
5076.0,1.41,0.4685353130713778,3.7842676565356888,0.03141000192011379,1.5714866270697514,3.627138724450421,5.7,44.012314299395975,12.259940575806713,S3_gaming,cutoff
5078.0,1.4105555555555556,0.4683170476076243,3.7841585238038125,0.031410988499058635,1.5715360517810222,3.6270246511626976,5.7,44.0097314491747,12.259114063735904,S3_gaming,cutoff
5080.0,1.4111111111111112,0.46809877527899396,3.784049387639497,0.0314119751737754,1.5715854812966612,3.6269105739624146,5.7,44.00714859199196,12.258287549437426,S3_gaming,cutoff
5082.0,1.4116666666666666,0.4678804960848194,3.78394024804241,0.031412961944279845,1.5716349156174536,3.62679649284916,5.7,44.004565727846874,12.257461032911,S3_gaming,cutoff
5084.0,1.4122222222222223,0.46766221002443326,3.783831105012217,0.03141394881058775,1.5716843547441988,3.6266824078225195,5.7,44.00198285673851,12.256634514156323,S3_gaming,cutoff
5086.0,1.4127777777777777,0.4674439170971679,3.7837219585485844,0.03141493577271489,1.5717337986776825,3.626568318882081,5.7,43.99939997866597,12.25580799317311,S3_gaming,cutoff
5088.0,1.4133333333333333,0.4672256173023558,3.7836128086511778,0.031415922830677054,1.571783247418701,3.626454226027431,5.7,43.99681709362832,12.254981469961063,S3_gaming,cutoff
5090.0,1.413888888888889,0.46700731063932904,3.783503655319665,0.03141690998449002,1.5718327009680482,3.626340129258157,5.7,43.9942342016247,12.254154944519904,S3_gaming,cutoff
5092.0,1.4144444444444444,0.46678899710741983,3.78339449855371,0.03141789723416958,1.5718821593265153,3.6262260285738455,5.7,43.991651302654155,12.25332841684933,S3_gaming,cutoff
5094.0,1.415,0.46657067670596014,3.78328533835298,0.03141888457973153,1.5719316224948958,3.6261119239740838,5.7,43.98906839671579,12.252501886949052,S3_gaming,cutoff
5096.0,1.4155555555555555,0.4663523494342819,3.783176174717141,0.031419872021191654,1.571981090473984,3.625997815458457,5.7,43.98648548380868,12.251675354818778,S3_gaming,cutoff
5098.0,1.416111111111111,0.46613401529171683,3.7830670076458586,0.031420859558565765,1.572030563264573,3.6258837030265543,5.7,43.983902563931935,12.25084882045822,S3_gaming,cutoff
5100.0,1.4166666666666667,0.46591567427759667,3.7829578371387984,0.03142184719186966,1.5720800408674573,3.625769586677959,5.7,43.98131963708464,12.250022283867084,S3_gaming,cutoff
5102.0,1.4172222222222222,0.465697326391253,3.7828486631956264,0.03142283492111915,1.5721295232834303,3.6256554664122596,5.7,43.97873670326586,12.249195745045075,S3_gaming,cutoff
5104.0,1.4177777777777778,0.4654789716320173,3.782739485816009,0.03142382274633004,1.572179010513286,3.6255413422290435,5.7,43.97615376247471,12.248369203991906,S3_gaming,cutoff
5106.0,1.4183333333333332,0.46526060999922086,3.78263030499961,0.031424810667518156,1.5722285025578209,3.625427214127894,5.7,43.97357081471023,12.247542660707273,S3_gaming,cutoff
5108.0,1.4188888888888889,0.465042241492195,3.7825211207460976,0.03142579868469931,1.5722779994178286,3.625313082108399,5.7,43.97098785997158,12.246716115190905,S3_gaming,cutoff
5110.0,1.4194444444444445,0.4648238661102707,3.782411933055135,0.03142678679788932,1.5723275010941007,3.6251989461701455,5.7,43.96840489825779,12.245889567442493,S3_gaming,cutoff
5112.0,1.42,0.46460548385277917,3.7823027419263897,0.031427775007104024,1.572377007587436,3.6250848063127186,5.7,43.96582192956797,12.245063017461751,S3_gaming,cutoff
5114.0,1.4205555555555556,0.46438709471905115,3.7821935473595256,0.03142876331235924,1.5724265188986286,3.624970662535704,5.7,43.96323895390121,12.244236465248388,S3_gaming,cutoff
5116.0,1.4211111111111112,0.46416869870841754,3.782084349354209,0.03142975171367081,1.572476035028475,3.624856514838687,5.7,43.96065597125658,12.243409910802106,S3_gaming,cutoff
5118.0,1.4216666666666666,0.463950295820209,3.7819751479101043,0.03143074021105456,1.5725255559777689,3.624742363221256,5.7,43.95807298163317,12.242583354122615,S3_gaming,cutoff
5120.0,1.4222222222222223,0.46373188605375615,3.781865943026878,0.03143172880452634,1.5725750817473043,3.6246282076829957,5.7,43.955489985030084,12.241756795209628,S3_gaming,cutoff
5122.0,1.4227777777777777,0.4635134694083894,3.781756734704195,0.03143271749410199,1.5726246123378806,3.6245140482234905,5.7,43.952906981446404,12.24093023406285,S3_gaming,cutoff
5124.0,1.4233333333333333,0.46329504588343906,3.7816475229417197,0.03143370627979736,1.5726741477502941,3.6243998848423264,5.7,43.9503239708812,12.240103670681984,S3_gaming,cutoff
5126.0,1.423888888888889,0.4630766154782355,3.781538307739118,0.0314346951616283,1.572723687985339,3.6242857175390903,5.7,43.947740953333565,12.23927710506674,S3_gaming,cutoff
5128.0,1.4244444444444444,0.4628581781921087,3.7814290890960542,0.03143568413961066,1.5727732330438142,3.624171546313366,5.7,43.945157928802566,12.23845053721682,S3_gaming,cutoff
5130.0,1.425,0.46263973402438885,3.7813198670121944,0.03143667321376031,1.572822782926514,3.624057371164741,5.7,43.942574897287315,12.237623967131942,S3_gaming,cutoff
5132.0,1.4255555555555555,0.46242128297440577,3.7812106414872027,0.03143766238409312,1.5728723376342346,3.623943192092799,5.7,43.9399918587869,12.236797394811807,S3_gaming,cutoff
5134.0,1.426111111111111,0.46220282504148924,3.7811014125207447,0.031438651650624934,1.5729218971677754,3.623829009097126,5.7,43.9374088133004,12.235970820256128,S3_gaming,cutoff
5136.0,1.4266666666666667,0.461984360224969,3.7809921801124844,0.031439641013371634,1.5729714615279333,3.623714822177306,5.7,43.93482576082689,12.235144243464605,S3_gaming,cutoff
5138.0,1.4272222222222222,0.46176588852417466,3.7808829442620873,0.031440630472349095,1.5730210307155046,3.623600631332926,5.7,43.93224270136546,12.234317664436947,S3_gaming,cutoff
5140.0,1.4277777777777778,0.4615474099384356,3.780773704969218,0.0314416200275732,1.573070604731286,3.62348643656357,5.7,43.92965963491519,12.233491083172861,S3_gaming,cutoff
5142.0,1.4283333333333332,0.4613289244670813,3.7806644622335406,0.03144260967905982,1.5731201835760793,3.623372237868823,5.7,43.92707656147516,12.232664499672053,S3_gaming,cutoff
5144.0,1.4288888888888889,0.4611104321094409,3.7805552160547204,0.03144359942682484,1.5731697672506788,3.6232580352482695,5.7,43.92449348104447,12.231837913934232,S3_gaming,cutoff
5146.0,1.4294444444444445,0.4608919328648436,3.780445966432422,0.03144458927088416,1.5732193557558838,3.623143828701496,5.7,43.921910393622206,12.231011325959107,S3_gaming,cutoff
5148.0,1.43,0.46067342673261835,3.7803367133663093,0.03144557921125366,1.5732689490924934,3.623029618228085,5.7,43.91932729920743,12.230184735746379,S3_gaming,cutoff
5150.0,1.4305555555555556,0.4604549137120942,3.780227456856047,0.031446569247949245,1.5733185472613043,3.6229154038276223,5.7,43.91674419779925,12.22935814329576,S3_gaming,cutoff
5152.0,1.431111111111111,0.46023639380259984,3.7801181969013,0.03144755938098681,1.5733681502631158,3.622801185499693,5.7,43.91416108939672,12.22853154860695,S3_gaming,cutoff
5154.0,1.4316666666666666,0.460017867003464,3.7800089335017324,0.031448549610382265,1.5734177580987274,3.622686963243881,5.7,43.91157797399895,12.227704951679666,S3_gaming,cutoff
5156.0,1.4322222222222223,0.45979933331401523,3.7798996666570077,0.03144953993615151,1.5734673707689384,3.62257273705977,5.7,43.908994851605,12.226878352513602,S3_gaming,cutoff
5158.0,1.4327777777777777,0.4595807927335821,3.779790396366791,0.03145053035831046,1.5735169882745481,3.6224585069469457,5.7,43.90641172221398,12.226051751108475,S3_gaming,cutoff
5160.0,1.4333333333333333,0.4593622452614929,3.7796811226307465,0.031451520876875035,1.573566610616356,3.622344272904992,5.7,43.903828585824954,12.225225147463986,S3_gaming,cutoff
5162.0,1.433888888888889,0.45914369089707585,3.779571845448538,0.031452511491861145,1.5736162377951612,3.622230034933493,5.7,43.90124544243701,12.224398541579843,S3_gaming,cutoff
5164.0,1.4344444444444444,0.45892512963965915,3.7794625648198297,0.03145350220328472,1.5736658698117634,3.6221157930320333,5.7,43.898662292049224,12.223571933455752,S3_gaming,cutoff
5166.0,1.435,0.4587065614885708,3.7793532807442856,0.031454493011161676,1.5737155066669617,3.622001547200196,5.7,43.89607913466068,12.222745323091418,S3_gaming,cutoff
5168.0,1.4355555555555555,0.4584879864431387,3.779243993221569,0.031455483915507954,1.5737651483615582,3.621887297437566,5.7,43.893495970270465,12.221918710486548,S3_gaming,cutoff
5170.0,1.4361111111111111,0.4582694045026907,3.7791347022513455,0.03145647491633948,1.5738147948963555,3.621773043743727,5.7,43.890912798877665,12.221092095640852,S3_gaming,cutoff
5172.0,1.4366666666666668,0.4580508156665545,3.7790254078332772,0.0314574660136722,1.5738644462721467,3.6216587861182625,5.7,43.88832962048134,12.220265478554031,S3_gaming,cutoff
5174.0,1.4372222222222222,0.4578322199340576,3.7789161099670285,0.03145845720752204,1.57391410248974,3.621544524560757,5.7,43.8857464350806,12.219438859225791,S3_gaming,cutoff
5176.0,1.4377777777777778,0.45761361730452754,3.7788068086522637,0.03145944849790496,1.573963763549932,3.621430259070794,5.7,43.883163242674506,12.218612237655842,S3_gaming,cutoff
5178.0,1.4383333333333332,0.4573950077772917,3.7786975038886457,0.0314604398848369,1.5740134294535273,3.6213159896479565,5.7,43.880580043262135,12.217785613843883,S3_gaming,cutoff
5180.0,1.4388888888888889,0.4571763913516773,3.7785881956758387,0.03146143136833381,1.5740631002013254,3.6212017162918286,5.7,43.877996836842605,12.216958987789633,S3_gaming,cutoff
5182.0,1.4394444444444445,0.4569577680270115,3.7784788840135057,0.03146242294841166,1.5741127757941287,3.6210874390019936,5.7,43.875413623414936,12.21613235949278,S3_gaming,cutoff
5184.0,1.44,0.45673913780262126,3.7783695689013106,0.031463414625086394,1.574162456232736,3.620973157778035,5.7,43.87283040297826,12.215305728953044,S3_gaming,cutoff
5186.0,1.4405555555555556,0.45652050067783356,3.778260250338917,0.03146440639837398,1.57421214151795,3.620858872619537,5.7,43.87024717553165,12.214479096170129,S3_gaming,cutoff
5188.0,1.441111111111111,0.4563018566519752,3.7781509283259878,0.03146539826829039,1.5742618316505779,3.620744583526081,5.7,43.867663941074156,12.213652461143731,S3_gaming,cutoff
5190.0,1.4416666666666667,0.45608320572437283,3.778041602862187,0.031466390234851586,1.5743115266314167,3.6206302904972523,5.7,43.86508069960488,12.212825823873562,S3_gaming,cutoff
5192.0,1.4422222222222223,0.4558645478943531,3.777932273947177,0.031467382298073554,1.574361226461271,3.6205159935326314,5.7,43.8624974511229,12.211999184359328,S3_gaming,cutoff
5194.0,1.4427777777777777,0.45564588316124244,3.777822941580621,0.031468374457972265,1.5744109311409404,3.620401692631804,5.7,43.859914195627276,12.211172542600728,S3_gaming,cutoff
5196.0,1.4433333333333334,0.45542721152436716,3.777713605762184,0.031469366714563705,1.5744606406712325,3.620287387794352,5.7,43.85733093311713,12.210345898597483,S3_gaming,cutoff
5198.0,1.443888888888889,0.4552085329830536,3.777604266491527,0.03147035906786386,1.5745103550529465,3.6201730790198576,5.7,43.854747663591496,12.20951925234928,S3_gaming,cutoff
5200.0,1.4444444444444444,0.4549898475366278,3.7774949237683138,0.03147135151788871,1.5745600742868904,3.620058766307905,5.7,43.85216438704948,12.208692603855834,S3_gaming,cutoff
5202.0,1.445,0.45477115518441585,3.7773855775922085,0.03147234406465427,1.5746097983738605,3.619944449658076,5.7,43.84958110349018,12.207865953116858,S3_gaming,cutoff
5204.0,1.4455555555555555,0.45455245592574367,3.7772762279628713,0.031473336708176515,1.5746595273146646,3.619830129069953,5.7,43.8469978129126,12.207039300132031,S3_gaming,cutoff
5206.0,1.4461111111111111,0.454333749759937,3.7771668748799687,0.03147432944847146,1.5747092611101077,3.6197158045431195,5.7,43.844414515315904,12.20621264490109,S3_gaming,cutoff
5208.0,1.4466666666666668,0.4541150366863216,3.7770575183431614,0.031475322285555093,1.5747589997609917,3.6196014760771575,5.7,43.84183121069913,12.205385987423721,S3_gaming,cutoff
5210.0,1.4472222222222222,0.453896316704223,3.776948158352111,0.03147631521944344,1.5748087432681217,3.619487143671649,5.7,43.83924789906132,12.204559327699622,S3_gaming,cutoff
5212.0,1.4477777777777778,0.4536775898129667,3.7768387949064834,0.031477308250152505,1.5748584916323027,3.6193728073261777,5.7,43.836664580401624,12.20373266572852,S3_gaming,cutoff
5214.0,1.4483333333333333,0.453458856011878,3.7767294280059396,0.0314783013776983,1.5749082448543366,3.6192584670403254,5.7,43.834081254719095,12.202906001510112,S3_gaming,cutoff
5216.0,1.448888888888889,0.45324011530028224,3.776620057650141,0.031479294602096856,1.5749580029350312,3.6191441228136734,5.7,43.831497922012765,12.202079335044086,S3_gaming,cutoff
5218.0,1.4494444444444445,0.45302136767750445,3.7765106838387523,0.03148028792336419,1.5750077658751886,3.619029774645804,5.7,43.82891458228178,12.20125266633017,S3_gaming,cutoff
5220.0,1.45,0.4528026131428697,3.776401306571435,0.03148128134151633,1.5750575336756167,3.618915422536301,5.7,43.82633123552517,12.200425995368054,S3_gaming,cutoff
5222.0,1.4505555555555556,0.45258385169570287,3.7762919258478513,0.031482274856569306,1.5751073063371201,3.618801066484744,5.7,43.82374788174202,12.199599322157447,S3_gaming,cutoff
5224.0,1.451111111111111,0.45236508333532877,3.7761825416676644,0.031483268468539154,1.5751570838605011,3.618686706490716,5.7,43.821164520931426,12.198772646698057,S3_gaming,cutoff
5226.0,1.4516666666666667,0.45214630806107203,3.776073154030536,0.03148426217744191,1.5752068662465701,3.6185723425538,5.7,43.81858115309245,12.197945968989584,S3_gaming,cutoff
5228.0,1.4522222222222223,0.4519275258722573,3.775963762936129,0.03148525598329362,1.5752566534961292,3.6184579746735763,5.7,43.815997778224165,12.197119289031734,S3_gaming,cutoff
5230.0,1.4527777777777777,0.45170873676820905,3.7758543683841044,0.031486249886110325,1.5753064456099863,3.6183436028496274,5.7,43.813414396325655,12.19629260682421,S3_gaming,cutoff
5232.0,1.4533333333333334,0.45148994074825155,3.7757449703741264,0.03148724388590808,1.575356242588949,3.6182292270815335,5.7,43.810831007396,12.19546592236672,S3_gaming,cutoff
5234.0,1.4538888888888888,0.4512711378117091,3.7756355689058543,0.031488237982702935,1.5754060444338192,3.618114847368878,5.7,43.80824761143425,12.19463923565896,S3_gaming,cutoff
5236.0,1.4544444444444444,0.45105232795790573,3.7755261639789524,0.03148923217651095,1.5754558511454102,3.618000463711241,5.7,43.805664208439495,12.19381254670064,S3_gaming,cutoff
5238.0,1.455,0.45083351118616555,3.7754167555930827,0.031490226467348184,1.5755056627245245,3.6178860761082046,5.7,43.80308079841084,12.192985855491468,S3_gaming,cutoff
5240.0,1.4555555555555555,0.4506146874958124,3.7753073437479063,0.031491220855230706,1.5755554791719666,3.6177716845593504,5.7,43.80049738134733,12.192159162031144,S3_gaming,cutoff
5242.0,1.4561111111111111,0.4503958568861701,3.7751979284430845,0.03149221534017458,1.5756053004885473,3.617657289064259,5.7,43.79791395724802,12.191332466319368,S3_gaming,cutoff
5244.0,1.4566666666666668,0.45017701935656235,3.775088509678281,0.031493209922195876,1.5756551266750767,3.617542889622512,5.7,43.79533052611204,12.190505768355854,S3_gaming,cutoff
5246.0,1.4572222222222222,0.4499581749063127,3.7749790874531564,0.03149420460131067,1.5757049577323572,3.6174284862336896,5.7,43.79274708793843,12.189679068140299,S3_gaming,cutoff
5248.0,1.4577777777777778,0.4497393235347445,3.7748696617673723,0.03149519937753505,1.5757547936611993,3.6173140788973734,5.7,43.790163642726256,12.188852365672403,S3_gaming,cutoff
5250.0,1.4583333333333333,0.4495204652411812,3.7747602326205905,0.031496194250885096,1.5758046344624104,3.6171996676131455,5.7,43.787580190474614,12.188025660951876,S3_gaming,cutoff
5252.0,1.458888888888889,0.449301600024946,3.7746508000124734,0.0314971892213769,1.5758544801367957,3.617085252380585,5.7,43.78499673118257,12.187198953978422,S3_gaming,cutoff
5254.0,1.4594444444444445,0.449082727885362,3.774541363942681,0.03149818428902654,1.5759043306851683,3.6169708331992734,5.7,43.78241326484918,12.18637224475174,S3_gaming,cutoff
5256.0,1.46,0.44886384882175223,3.774431924410876,0.03149917945385012,1.575954186108336,3.616856410068791,5.7,43.77982979147355,12.185545533271538,S3_gaming,cutoff
5258.0,1.4605555555555556,0.4486449628334395,3.77432248141672,0.031500174715863735,1.5760040464071061,3.6167419829887204,5.7,43.77724631105474,12.184718819537517,S3_gaming,cutoff
5260.0,1.461111111111111,0.4484260699197467,3.774213034959873,0.03150117007508349,1.576053911582287,3.61662755195864,5.7,43.77466282359181,12.183892103549379,S3_gaming,cutoff
5262.0,1.4616666666666667,0.44820717007999644,3.774103585039998,0.031502165531525496,1.5761037816346883,3.61651311697813,5.7,43.77207932908385,12.183065385306833,S3_gaming,cutoff
5264.0,1.4622222222222223,0.44798826331351127,3.773994131656756,0.03150316108520586,1.5761536565651184,3.6163986780467736,5.7,43.769495827529944,12.182238664809582,S3_gaming,cutoff
5266.0,1.4627777777777777,0.4477693496196136,3.773884674809807,0.03150415673614069,1.5762035363743903,3.616284235164148,5.7,43.76691231892914,12.181411942057323,S3_gaming,cutoff
5268.0,1.4633333333333334,0.4475504289976258,3.773775214498813,0.03150515248434611,1.5762534210633088,3.616169788329835,5.7,43.764328803280506,12.180585217049762,S3_gaming,cutoff
5270.0,1.4638888888888888,0.44733150144687006,3.773665750723435,0.031506148329838245,1.5763033106326874,3.616055337543415,5.7,43.76174528058312,12.179758489786598,S3_gaming,cutoff
5272.0,1.4644444444444444,0.4471125669666685,3.7735562834833343,0.03150714427263321,1.5763532050833333,3.6159408828044675,5.7,43.759161750836086,12.178931760267547,S3_gaming,cutoff
5274.0,1.465,0.4468936255563431,3.7734468127781717,0.03150814031274714,1.5764031044160602,3.6158264241125733,5.7,43.75657821403845,12.178105028492304,S3_gaming,cutoff
5276.0,1.4655555555555555,0.44667467721521575,3.773337338607608,0.031509136450196165,1.5764530086316757,3.6157119614673108,5.7,43.75399467018927,12.177278294460567,S3_gaming,cutoff
5278.0,1.4661111111111111,0.4464557219426082,3.7732278609713044,0.031510132684996424,1.576502917730993,3.6155974948682617,5.7,43.75141111928766,12.176451558172051,S3_gaming,cutoff
5280.0,1.4666666666666666,0.4462367597378421,3.7731183798689205,0.03151112901716406,1.5765528317148196,3.6154830243150053,5.7,43.74882756133262,12.175624819626439,S3_gaming,cutoff
5282.0,1.4672222222222222,0.446017790600239,3.7730088953001197,0.031512125446715215,1.576602750583969,3.61536854980712,5.7,43.746243996323315,12.174798078823462,S3_gaming,cutoff
5284.0,1.4677777777777778,0.44579881452912035,3.7728994072645596,0.031513121973666035,1.5766526743392517,3.6152540713441876,5.7,43.74366042425872,12.173971335762792,S3_gaming,cutoff
5286.0,1.4683333333333333,0.4455798315238074,3.7727899157619036,0.03151411859803267,1.5767026029814806,3.615139588925786,5.7,43.74107684513799,12.173144590444156,S3_gaming,cutoff
5288.0,1.468888888888889,0.44536084158362144,3.772680420791811,0.03151511531983128,1.5767525365114636,3.615025102551497,5.7,43.73849325896016,12.172317842867251,S3_gaming,cutoff
5290.0,1.4694444444444446,0.4451418447078835,3.7725709223539416,0.031516112139078026,1.576802474930014,3.614910612220896,5.7,43.73590966572428,12.17149109303177,S3_gaming,cutoff
5292.0,1.47,0.44492284089591455,3.772461420447957,0.03151710905578907,1.576852418237945,3.614796117933566,5.7,43.73332606542945,12.170664340937424,S3_gaming,cutoff
5294.0,1.4705555555555556,0.44470383014703546,3.772351915073518,0.031518106069980574,1.5769023664360697,3.6146816196890854,5.7,43.73074245807473,12.169837586583913,S3_gaming,cutoff
5296.0,1.471111111111111,0.444484812460567,3.7722424062302835,0.031519103181668714,1.576952319525196,3.614567117487033,5.7,43.72815884365918,12.169010829970938,S3_gaming,cutoff
5298.0,1.4716666666666667,0.44426578783582976,3.772132893917915,0.031520100390869665,1.5770022775061425,3.614452611326988,5.7,43.72557522218188,12.168184071098203,S3_gaming,cutoff
5300.0,1.4722222222222223,0.4440467562721443,3.7720233781360726,0.0315210976975996,1.5770522403797171,3.6143381012085296,5.7,43.72299159364193,12.167357309965418,S3_gaming,cutoff
5302.0,1.4727777777777777,0.44382771776883106,3.7719138588844157,0.0315220951018747,1.5771022081467356,3.6142235871312365,5.7,43.72040795803834,12.166530546572268,S3_gaming,cutoff
5304.0,1.4733333333333334,0.4436086723252103,3.7718043361626052,0.03152309260371117,1.5771521808080058,3.6141090690946873,5.7,43.71782431537021,12.165703780918466,S3_gaming,cutoff
5306.0,1.4738888888888888,0.4433896199406022,3.771694809970301,0.031524090203125174,1.5772021583643492,3.6139945470984616,5.7,43.715240665636614,12.164877013003716,S3_gaming,cutoff
5308.0,1.4744444444444444,0.44317056061432686,3.7715852803071637,0.03152508790013292,1.5772521408165734,3.613880021142139,5.7,43.712657008836615,12.164050242827717,S3_gaming,cutoff
5310.0,1.475,0.44295149434570424,3.771475747172852,0.0315260856947506,1.5773021281654946,3.6137654912252963,5.7,43.71007334496926,12.163223470390164,S3_gaming,cutoff
5312.0,1.4755555555555555,0.44273242113405414,3.771366210567027,0.03152708358699442,1.577352120411926,3.6136509573475135,5.7,43.70748967403366,12.162396695690772,S3_gaming,cutoff
5314.0,1.4761111111111112,0.4425133409786964,3.771256670489348,0.031528081576880584,1.577402117556681,3.613536419508368,5.7,43.70490599602886,12.161569918729237,S3_gaming,cutoff
5316.0,1.4766666666666666,0.4422942538789505,3.771147126939476,0.0315290796644253,1.5774521196005753,3.613421877707439,5.7,43.702322310953946,12.160743139505263,S3_gaming,cutoff
5318.0,1.4772222222222222,0.44207515983413603,3.771037579917068,0.03153007784964478,1.5775021265444193,3.6133073319443043,5.7,43.699738618807935,12.15991635801854,S3_gaming,cutoff
5320.0,1.4777777777777779,0.4418560588435724,3.7709280294217864,0.03153107613255524,1.577552138389035,3.6131927822185435,5.7,43.697154919589956,12.159089574268785,S3_gaming,cutoff
5322.0,1.4783333333333333,0.44163695090657884,3.7708184754532894,0.0315320745131729,1.5776021551352297,3.613078228529733,5.7,43.694571213299035,12.15826278825569,S3_gaming,cutoff
5324.0,1.478888888888889,0.44141783602247453,3.7707089180112368,0.03153307299151399,1.5776521767838252,3.612963670877453,5.7,43.691987499934235,12.157435999978956,S3_gaming,cutoff
5326.0,1.4794444444444443,0.44119871419057854,3.770599357095289,0.03153407156759473,1.5777022033356292,3.61284910926128,5.7,43.68940377949468,12.1566092094383,S3_gaming,cutoff
5328.0,1.48,0.4409795854102098,3.7704897927051046,0.03153507024143136,1.577752234791463,3.612734543680792,5.7,43.68682005197939,12.155782416633405,S3_gaming,cutoff
5330.0,1.4805555555555556,0.44076044968068717,3.770380224840343,0.03153606901304011,1.57780227115214,3.612619974135568,5.7,43.68423631738743,12.154955621563978,S3_gaming,cutoff
5332.0,1.481111111111111,0.4405413070013293,3.7702706535006647,0.031537067882437216,1.577852312418479,3.6125054006251847,5.7,43.6816525757179,12.154128824229728,S3_gaming,cutoff
5334.0,1.4816666666666667,0.44032215737145486,3.770161078685728,0.03153806684963893,1.5779023585912904,3.612390823149221,5.7,43.67906882696984,12.15330202463035,S3_gaming,cutoff
5336.0,1.4822222222222223,0.4401030007903823,3.7700515003951915,0.0315390659146615,1.577952409671393,3.6122762417072543,5.7,43.67648507114231,12.152475222765538,S3_gaming,cutoff
5338.0,1.4827777777777778,0.43988383725743,3.769941918628715,0.03154006507752116,1.578002465659606,3.61216165629886,5.7,43.67390130823438,12.151648418635002,S3_gaming,cutoff
5340.0,1.4833333333333334,0.4396646667719163,3.769832333385958,0.031541064338234184,1.5780525265567418,3.61204706692362,5.7,43.67131753824513,12.150821612238442,S3_gaming,cutoff
5342.0,1.4838888888888888,0.4394454893331592,3.7697227446665798,0.03154206369681682,1.5781025923636198,3.611932473581109,5.7,43.66873376117363,12.149994803575561,S3_gaming,cutoff
5344.0,1.4844444444444445,0.4392263049404768,3.769613152470238,0.03154306315328533,1.578152663081056,3.6118178762709046,5.7,43.666149977018904,12.14916799264605,S3_gaming,cutoff
5346.0,1.485,0.43900711359318706,3.7695035567965935,0.03154406270765599,1.5782027387098663,3.611703274992584,5.7,43.66356618578008,12.148341179449625,S3_gaming,cutoff
5348.0,1.4855555555555555,0.43878791529060773,3.769393957645304,0.03154506235994506,1.5782528192508694,3.6115886697457245,5.7,43.66098238745617,12.147514363985977,S3_gaming,cutoff
5350.0,1.4861111111111112,0.43856871003205655,3.769284355016029,0.03154606211016882,1.578302904704884,3.6114740605299054,5.7,43.65839858204629,12.146687546254814,S3_gaming,cutoff
5352.0,1.4866666666666666,0.4383494978168511,3.7691747489084255,0.031547061958343545,1.5783529950727238,3.6113594473447,5.7,43.65581476954944,12.14586072625582,S3_gaming,cutoff
5354.0,1.4872222222222222,0.43813027864430887,3.769065139322155,0.031548061904485517,1.5784030903552126,3.611244830189688,5.7,43.653230949964744,12.145033903988718,S3_gaming,cutoff
5356.0,1.4877777777777779,0.4379110525137471,3.7689555262568737,0.03154906194861102,1.578453190553164,3.6111302090644455,5.7,43.650647123291215,12.144207079453189,S3_gaming,cutoff
5358.0,1.4883333333333333,0.43769181942448315,3.7688459097122413,0.031550062090736346,1.5785032956673966,3.61101558396855,5.7,43.64806328952795,12.143380252648944,S3_gaming,cutoff
5360.0,1.488888888888889,0.4374725793758341,3.7687362896879173,0.03155106233087779,1.578553405698732,3.6109009549015774,5.7,43.645479448674024,12.142553423575688,S3_gaming,cutoff
5362.0,1.4894444444444443,0.43725333236711694,3.7686266661835583,0.03155206266905164,1.5786035206479865,3.610786321863105,5.7,43.64289560072846,12.141726592233107,S3_gaming,cutoff
5364.0,1.49,0.43703407839764863,3.7685170391988247,0.031553063105274205,1.5786536405159783,3.6106716848527083,5.7,43.640311745690376,12.14089975862092,S3_gaming,cutoff
5366.0,1.4905555555555556,0.4368148174667459,3.768407408733373,0.031554063639561786,1.5787037653035267,3.610557043869966,5.7,43.637727883558775,12.140072922738808,S3_gaming,cutoff
5368.0,1.491111111111111,0.4365955495737254,3.7682977747868627,0.031555064271930694,1.5787538950114532,3.610442398914453,5.7,43.635144014332745,12.13924608458648,S3_gaming,cutoff
5370.0,1.4916666666666667,0.4363762747179038,3.768188137358952,0.031556065002397236,1.5788040296405763,3.6103277499857453,5.7,43.63256013801138,12.138419244163641,S3_gaming,cutoff
5372.0,1.4922222222222221,0.43615699289859744,3.7680784964492986,0.03155706583097773,1.578854169191715,3.6102130970834203,5.7,43.62997625459369,12.137592401469982,S3_gaming,cutoff
5374.0,1.4927777777777778,0.43593770411512267,3.7679688520575616,0.031558066757688505,1.5789043136656882,3.610098440207055,5.7,43.627392364078794,12.136765556505214,S3_gaming,cutoff
5376.0,1.4933333333333334,0.4357184083667957,3.767859204183398,0.03155906778254587,1.5789544630633172,3.6099837793562237,5.7,43.6248084664657,12.135938709269025,S3_gaming,cutoff
5378.0,1.4938888888888888,0.43549910565293265,3.767749552826466,0.03156006890556617,1.579004617385421,3.609869114530504,5.7,43.622224561753505,12.135111859761123,S3_gaming,cutoff
5380.0,1.4944444444444445,0.4352797959728495,3.7676398979864247,0.03156107012676572,1.5790547766328238,3.6097544457294704,5.7,43.61964064994126,12.134285007981203,S3_gaming,cutoff
5382.0,1.495,0.4350604793258621,3.767530239662931,0.03156207144616086,1.5791049408063418,3.6096397729526997,5.7,43.61705673102802,12.133458153928968,S3_gaming,cutoff
5384.0,1.4955555555555555,0.4348411557112863,3.767420577855643,0.03156307286376794,1.579155109906799,3.6095250961997682,5.7,43.61447280501286,12.132631297604116,S3_gaming,cutoff
5386.0,1.4961111111111112,0.43462182512843767,3.767310912564219,0.031564074379603284,1.5792052839350117,3.6094104154702515,5.7,43.611888871894855,12.131804439006354,S3_gaming,cutoff
5388.0,1.4966666666666666,0.43440248757663175,3.767201243788316,0.03156507599368325,1.579255462891807,3.6092957307637255,5.7,43.60930493167302,12.130977578135367,S3_gaming,cutoff
5390.0,1.4972222222222222,0.43418314305518396,3.767091571527592,0.031566077706024195,1.5793056467780036,3.609181042079765,5.7,43.60672098434647,12.13015071499087,S3_gaming,cutoff
5392.0,1.4977777777777779,0.4339637915634096,3.7669818957817043,0.03156707951664246,1.579355835594423,3.6090663494179465,5.7,43.6041370299142,12.129323849572545,S3_gaming,cutoff
5394.0,1.4983333333333333,0.4337444331006239,3.766872216550312,0.031568081425554416,1.5794060293418843,3.608951652777844,5.7,43.60155306837536,12.128496981880115,S3_gaming,cutoff
5396.0,1.498888888888889,0.43352506766614185,3.766762533833071,0.03156908343277642,1.579456228021217,3.608836952159035,5.7,43.598969099728926,12.127670111913258,S3_gaming,cutoff
5398.0,1.4994444444444444,0.4333056952592785,3.7666528476296395,0.031570085538324834,1.5795064316332346,3.6087222475610936,5.7,43.59638512397401,12.126843239671684,S3_gaming,cutoff
5400.0,1.5,0.43308631587934865,3.766543157939674,0.031571087742216036,1.5795566401787668,3.6086075389835943,5.7,43.59380114110964,12.126016365155085,S3_gaming,cutoff
5402.0,1.5005555555555556,0.4328669295256671,3.7664334647628337,0.03157209004446639,1.5796068536586299,3.6084928264261147,5.7,43.59121715113491,12.125189488363173,S3_gaming,cutoff
5404.0,1.501111111111111,0.43264753619754837,3.7663237680987742,0.031573092445092286,1.5796570720736507,3.6083781098882275,5.7,43.58863315404886,12.124362609295634,S3_gaming,cutoff
5406.0,1.5016666666666667,0.432428135894307,3.7662140679471534,0.0315740949441101,1.579707295424651,3.608263389369509,5.7,43.58604914985054,12.123535727952174,S3_gaming,cutoff
5408.0,1.5022222222222221,0.4322087286152574,3.766104364307629,0.031575097541536215,1.5797575237124521,3.608148664869534,5.7,43.583465138539026,12.12270884433249,S3_gaming,cutoff
5410.0,1.5027777777777778,0.4319893143597138,3.7659946571798564,0.03157610023738702,1.5798077569378843,3.6080339363878777,5.7,43.580881120113354,12.121881958436274,S3_gaming,cutoff
5412.0,1.5033333333333334,0.43176989312699043,3.765884946563496,0.03157710303167892,1.5798579951017604,3.6079192039241144,5.7,43.578297094572655,12.12105507026325,S3_gaming,cutoff
5414.0,1.5038888888888888,0.4315504649164013,3.765775232458201,0.03157810592442829,1.5799082382049134,3.607804467477818,5.7,43.575713061915884,12.120228179813083,S3_gaming,cutoff
5416.0,1.5044444444444445,0.43133102972726034,3.76566551486363,0.031579108915651556,1.579958486248162,3.607689727048564,5.7,43.57312902214216,12.119401287085493,S3_gaming,cutoff
5418.0,1.505,0.4311115875588814,3.7655557937794413,0.031580112005365105,1.5800087392323303,3.607574982635928,5.7,43.570544975250556,12.118574392080179,S3_gaming,cutoff
5420.0,1.5055555555555555,0.43089213841057816,3.7654460692052893,0.03158111519358535,1.5800589971582484,3.6074602342394826,5.7,43.56796092124007,12.117747494796824,S3_gaming,cutoff
5422.0,1.5061111111111112,0.4306726822816642,3.7653363411408316,0.03158211848032871,1.5801092600267352,3.6073454818588035,5.7,43.565376860109794,12.116920595235134,S3_gaming,cutoff
5424.0,1.5066666666666666,0.430453219171453,3.7652266095857265,0.03158312186561159,1.580159527838612,3.6072307254934644,5.7,43.562792791858826,12.116093693394824,S3_gaming,cutoff
5426.0,1.5072222222222222,0.43023374907925793,3.765116874539629,0.03158412534945042,1.5802098005947145,3.60711596514304,5.7,43.560208716486166,12.115266789275573,S3_gaming,cutoff
5428.0,1.5077777777777779,0.43001427200439224,3.7650071360021964,0.03158512893186162,1.5802600782958587,3.607001200807105,5.7,43.55762463399089,12.114439882877086,S3_gaming,cutoff
5430.0,1.5083333333333333,0.42979478794616904,3.7648973939730848,0.031586132612861625,1.5803103609428741,3.606886432485232,5.7,43.55504054437206,12.11361297419906,S3_gaming,cutoff
5432.0,1.508888888888889,0.42957529690390134,3.764787648451951,0.03158713639246686,1.5803606485365855,3.606771660176996,5.7,43.552456447628735,12.112786063241195,S3_gaming,cutoff
5434.0,1.5094444444444444,0.42935579887690206,3.764677899438451,0.03158814027069376,1.580410941077817,3.6066568838819704,5.7,43.54987234375995,12.111959150003184,S3_gaming,cutoff
5436.0,1.51,0.429136293864484,3.764568146932242,0.03158914424755877,1.580461238567396,3.6065421035997307,5.7,43.54728823276479,12.111132234484733,S3_gaming,cutoff
5438.0,1.5105555555555557,0.4289167818659598,3.7644583909329796,0.03159014832307833,1.5805115410061492,3.6064273193298493,5.7,43.54470411464229,12.110305316685533,S3_gaming,cutoff
5440.0,1.511111111111111,0.42869726288064197,3.7643486314403214,0.03159115249726889,1.5805618483949013,3.6063125310718998,5.7,43.542119989391544,12.109478396605294,S3_gaming,cutoff
5442.0,1.5116666666666667,0.4284777369078431,3.7642388684539214,0.0315921567701469,1.5806121607344792,3.606197738825456,5.7,43.53953585701154,12.108651474243695,S3_gaming,cutoff
5444.0,1.5122222222222221,0.42825820394687536,3.7641291019734378,0.03159316114172882,1.5806624780257073,3.606082942590091,5.7,43.53695171750141,12.107824549600451,S3_gaming,cutoff
5446.0,1.5127777777777778,0.4280386639970511,3.764019331998526,0.0315941656120311,1.5807128002694182,3.6059681423653807,5.7,43.53436757086017,12.106997622675255,S3_gaming,cutoff
5448.0,1.5133333333333334,0.42781911705768233,3.763909558528841,0.031595170181070206,1.5807631274664362,3.605853338150896,5.7,43.53178341708685,12.106170693467792,S3_gaming,cutoff
5450.0,1.5138888888888888,0.42759956312808106,3.7637997815640407,0.03159617484886261,1.580813459617586,3.605738529946211,5.7,43.529199256180576,12.105343761977785,S3_gaming,cutoff
5452.0,1.5144444444444445,0.4273800022075592,3.7636900011037797,0.03159717961542478,1.5808637967236971,3.6056237177508987,5.7,43.52661508814034,12.10451682820491,S3_gaming,cutoff
5454.0,1.515,0.4271604342954284,3.763580217147714,0.03159818448077319,1.5809141387855967,3.6055089015645336,5.7,43.52403091296523,12.103689892148873,S3_gaming,cutoff
5456.0,1.5155555555555555,0.42694085939100035,3.7634704296955004,0.03159918944492432,1.580964485804112,3.6053940813866867,5.7,43.5214467306543,12.102862953809375,S3_gaming,cutoff
5458.0,1.5161111111111112,0.4267212774935866,3.7633606387467937,0.03160019450789465,1.581014837780073,3.605279257216933,5.7,43.51886254120657,12.102036013186105,S3_gaming,cutoff
5460.0,1.5166666666666666,0.4265016886024986,3.7632508443012496,0.031601199669700666,1.5810651947143066,3.6051644290548444,5.7,43.51627834462114,12.101209070278767,S3_gaming,cutoff
5462.0,1.5172222222222222,0.42628209271704753,3.763141046358524,0.03160220493035887,1.581115556607643,3.605049596899994,5.7,43.513694140897044,12.100382125087055,S3_gaming,cutoff
5464.0,1.5177777777777777,0.42606248983654466,3.7630312449182726,0.03160321028988574,1.5811659234609088,3.604934760751954,5.7,43.511109930033335,12.099555177610668,S3_gaming,cutoff
5466.0,1.5183333333333333,0.42584287996030096,3.7629214399801505,0.03160421574829778,1.5812162952749342,3.604819920610298,5.7,43.50852571202906,12.0987282278493,S3_gaming,cutoff
5468.0,1.518888888888889,0.42562326308762743,3.762811631543814,0.031605221305611504,1.5812666720505464,3.604705076474599,5.7,43.50594148688329,12.097901275802652,S3_gaming,cutoff
5470.0,1.5194444444444444,0.4254036392178349,3.7627018196089175,0.031606226961843405,1.581317053788575,3.6045902283444287,5.7,43.50335725459506,12.09707432147042,S3_gaming,cutoff
5472.0,1.52,0.4251840083502341,3.7625920041751173,0.03160723271700999,1.5813674404898503,3.6044753762193595,5.7,43.50077301516345,12.096247364852307,S3_gaming,cutoff
5474.0,1.5205555555555557,0.42496437048413566,3.7624821852420682,0.03160823857112778,1.581417832155199,3.604360520098965,5.7,43.498188768587504,12.095420405948001,S3_gaming,cutoff
5476.0,1.521111111111111,0.42474472561885,3.762372362809425,0.03160924452421329,1.581468228785457,3.6042456599828157,5.7,43.495604514866244,12.094593444757198,S3_gaming,cutoff
5478.0,1.5216666666666667,0.4245250737536876,3.7622625368768436,0.03161025057628305,1.5815186303814481,3.6041307958704856,5.7,43.49302025399875,12.093766481279602,S3_gaming,cutoff
5480.0,1.5222222222222221,0.4243054148879586,3.7621527074439793,0.03161125672735357,1.5815690369440083,3.604015927761546,5.7,43.490435985984085,12.092939515514908,S3_gaming,cutoff
5482.0,1.5227777777777778,0.4240857490209732,3.7620428745104864,0.031612262977441394,1.5816194484739643,3.603901055655569,5.7,43.48785171082127,12.092112547462806,S3_gaming,cutoff
5484.0,1.5233333333333334,0.42386607615204136,3.7619330380760205,0.03161326932656305,1.5816698649721461,3.6037861795521278,5.7,43.485267428509395,12.091285577123006,S3_gaming,cutoff
5486.0,1.5238888888888888,0.42364639628047307,3.761823198140237,0.031614275774735065,1.5817202864393864,3.6036712994507916,5.7,43.482683139047495,12.090458604495199,S3_gaming,cutoff
5488.0,1.5244444444444445,0.4234267094055781,3.7617133547027892,0.031615282321974,1.5817707128765124,3.6035564153511355,5.7,43.4800988424346,12.089631629579072,S3_gaming,cutoff
5490.0,1.525,0.4232070155266661,3.7616035077633336,0.03161628896829639,1.5818211442843622,3.6034415272527296,5.7,43.477514538669794,12.088804652374336,S3_gaming,cutoff
5492.0,1.5255555555555556,0.42298731464304673,3.7614936573215236,0.031617295713718775,1.58187158066376,3.603326635155146,5.7,43.47493022775212,12.087977672880678,S3_gaming,cutoff
5494.0,1.5261111111111112,0.42276760675402936,3.761383803377014,0.03161830255825772,1.5819220220155417,3.603211739057955,5.7,43.472345909680584,12.087150691097788,S3_gaming,cutoff
5496.0,1.5266666666666666,0.42254789185892333,3.7612739459294615,0.03161930950192978,1.5819724683405394,3.6030968389607305,5.7,43.46976158445432,12.086323707025382,S3_gaming,cutoff
5498.0,1.5272222222222223,0.4223281699570378,3.7611640849785184,0.03162031654475152,1.5820229196395807,3.6029819348630423,5.7,43.46717725207232,12.085496720663143,S3_gaming,cutoff
5500.0,1.5277777777777777,0.42210844104768197,3.761054220523841,0.03162132368673949,1.5820733759135035,3.6028670267644625,5.7,43.464592912533675,12.084669732010775,S3_gaming,cutoff
5502.0,1.5283333333333333,0.4218887051301648,3.7609443525650823,0.031622330927910274,1.5821238371631352,3.602752114664563,5.7,43.46200856583739,12.083842741067963,S3_gaming,cutoff
5504.0,1.528888888888889,0.42166896220379513,3.7608344811018974,0.03162333826828043,1.582174303389311,3.602637198562914,5.7,43.45942421198254,12.083015747834413,S3_gaming,cutoff
5506.0,1.5294444444444444,0.42144921226788173,3.760724606133941,0.03162434570786655,1.5822247745928635,3.6025222784590873,5.7,43.45683985096817,12.082188752309815,S3_gaming,cutoff
5508.0,1.53,0.4212294553217333,3.760614727660866,0.0316253532466852,1.5822752507746256,3.6024073543526534,5.7,43.45425548279332,12.081361754493864,S3_gaming,cutoff
5510.0,1.5305555555555554,0.42100969136465827,3.7605048456823296,0.03162636088475298,1.58232573193543,3.602292426243184,5.7,43.451671107457095,12.080534754386271,S3_gaming,cutoff
5512.0,1.531111111111111,0.42078992039596513,3.760394960197983,0.03162736862208647,1.5823762180761092,3.60217749413025,5.7,43.44908672495848,12.079707751986714,S3_gaming,cutoff
5514.0,1.5316666666666667,0.4205701424149621,3.760285071207481,0.031628376458702256,1.5824267091974986,3.6020625580134213,5.7,43.446502335296515,12.078880747294885,S3_gaming,cutoff
5516.0,1.5322222222222222,0.4203503574209574,3.7601751787104787,0.03162938439461695,1.5824772053004281,3.60194761789227,5.7,43.44391793847031,12.0780537403105,S3_gaming,cutoff
5518.0,1.5327777777777778,0.42013056541325905,3.7600652827066297,0.03163039242984713,1.582527706385739,3.6018326737663653,5.7,43.441333534478886,12.077226731033244,S3_gaming,cutoff
5520.0,1.5333333333333334,0.4199107663911751,3.7599553831955874,0.03163140056440942,1.582578212454258,3.6017177256352797,5.7,43.43874912332127,12.076399719462808,S3_gaming,cutoff
5522.0,1.5338888888888889,0.41969096035401326,3.7598454801770065,0.03163240879832042,1.5826287235068237,3.6016027734985827,5.7,43.43616470499654,12.075572705598894,S3_gaming,cutoff
5524.0,1.5344444444444445,0.4194711473010813,3.759735573650541,0.03163341713159674,1.5826792395442684,3.601487817355845,5.7,43.43358027950376,12.074745689441203,S3_gaming,cutoff
5526.0,1.535,0.41925132723168684,3.759625663615844,0.031634425564255,1.5827297605674278,3.601372857206637,5.7,43.43099584684193,12.07391867098942,S3_gaming,cutoff
5528.0,1.5355555555555556,0.4190315001451373,3.759515750072569,0.03163543409631182,1.5827802865771372,3.601257893050528,5.7,43.42841140701012,12.073091650243239,S3_gaming,cutoff
5530.0,1.5361111111111112,0.41881166604074005,3.75940583302037,0.03163644272778381,1.5828308175742323,3.6011429248870903,5.7,43.42582696000737,12.07226462720236,S3_gaming,cutoff
5532.0,1.5366666666666666,0.4185918249178024,3.759295912458901,0.03163745145868762,1.582881353559548,3.6010279527158926,5.7,43.42324250583275,12.07143760186648,S3_gaming,cutoff
5534.0,1.5372222222222223,0.4183719767756314,3.7591859883878156,0.03163846028903987,1.5829318945339177,3.600912976536506,5.7,43.42065804448529,12.070610574235294,S3_gaming,cutoff
5536.0,1.5377777777777777,0.41815212161353416,3.759076060806767,0.03163946921885719,1.582982440498179,3.6007979963484984,5.7,43.418073575964044,12.069783544308494,S3_gaming,cutoff
5538.0,1.5383333333333333,0.4179322594308175,3.758966129715408,0.03164047824815623,1.5830329914531676,3.6006830121514426,5.7,43.41548910026805,12.068956512085776,S3_gaming,cutoff
5540.0,1.538888888888889,0.4177123902267883,3.7588561951133936,0.03164148737695363,1.583083547399719,3.6005680239449065,5.7,43.412904617396364,12.068129477566837,S3_gaming,cutoff
5542.0,1.5394444444444444,0.41749251400075316,3.7587462570003765,0.03164249660526604,1.5831341083386712,3.6004530317284598,5.7,43.41032012734804,12.067302440751373,S3_gaming,cutoff
5544.0,1.54,0.41727263075201865,3.7586363153760094,0.0316435059331101,1.58318467427086,3.600338035501673,5.7,43.40773563012211,12.066475401639076,S3_gaming,cutoff
5546.0,1.5405555555555555,0.41705274047989116,3.7585263702399456,0.03164451536050247,1.5832352451971177,3.6002230352641162,5.7,43.40515112571763,12.065648360229641,S3_gaming,cutoff
5548.0,1.541111111111111,0.4168328431836771,3.7584164215918383,0.03164552488745982,1.583285821118291,3.6001080310153593,5.7,43.40256661413361,12.064821316522757,S3_gaming,cutoff
5550.0,1.5416666666666667,0.4166129388626826,3.758306469431341,0.031646534513998806,1.583336402035207,3.5999930227549695,5.7,43.39998209536916,12.063994270518132,S3_gaming,cutoff
5552.0,1.5422222222222222,0.41639302751621377,3.758196513758107,0.03164754424013609,1.5833869879487095,3.5998780104825174,5.7,43.39739756942328,12.063167222215451,S3_gaming,cutoff
5554.0,1.5427777777777778,0.4161731091435766,3.7580865545717885,0.031648554065888346,1.583437578859631,3.5997629941975733,5.7,43.394813036295034,12.06234017161441,S3_gaming,cutoff
5556.0,1.5433333333333332,0.4159531837440769,3.7579765918720387,0.03164956399127225,1.5834881747688128,3.5996479738997045,5.7,43.39222849598346,12.061513118714707,S3_gaming,cutoff
5558.0,1.5438888888888889,0.4157332513170205,3.7578666256585103,0.03165057401630448,1.583538775677093,3.5995329495884816,5.7,43.38964394848759,12.060686063516028,S3_gaming,cutoff
5560.0,1.5444444444444445,0.4155133118617129,3.757756655930856,0.03165158414100172,1.5835893815853097,3.599417921263474,5.7,43.38705939380648,12.059859006018074,S3_gaming,cutoff
5562.0,1.545,0.4152933653774597,3.75764668268873,0.03165259436538066,1.5836399924942983,3.599302888924249,5.7,43.38447483193921,12.059031946220546,S3_gaming,cutoff
5564.0,1.5455555555555556,0.4150734118635663,3.7575367059317832,0.03165360468945799,1.5836906084049,3.599187852570377,5.7,43.38189026288477,12.058204884123127,S3_gaming,cutoff
5566.0,1.5461111111111112,0.4148534513193379,3.757426725659669,0.031654615113250406,1.5837412293179502,3.599072812201426,5.7,43.379305686642226,12.057377819725513,S3_gaming,cutoff
5568.0,1.5466666666666666,0.41463348374407966,3.7573167418720397,0.0316556256367746,1.5837918552342927,3.598957767816967,5.7,43.37672110321063,12.056550753027402,S3_gaming,cutoff
5570.0,1.5472222222222223,0.4144135091370967,3.7572067545685486,0.03165663626004728,1.5838424861547629,3.5988427194165644,5.7,43.374136512589025,12.05572368402849,S3_gaming,cutoff
5572.0,1.5477777777777777,0.41419352749769384,3.757096763748847,0.031657646983085146,1.5838931220802044,3.59872766699979,5.7,43.37155191477644,12.054896612728461,S3_gaming,cutoff
5574.0,1.5483333333333333,0.41397353882517596,3.7569867694125882,0.03165865780590492,1.58394376301145,3.5986126105662115,5.7,43.368967309771925,12.054069539127017,S3_gaming,cutoff
5576.0,1.548888888888889,0.41375354311884777,3.7568767715594245,0.031659668728523306,1.5839944089493434,3.5984975501153977,5.7,43.366382697574544,12.053242463223855,S3_gaming,cutoff
5578.0,1.5494444444444444,0.41353354037801376,3.7567667701890066,0.03166067975095703,1.5840450598947258,3.5983824856469164,5.7,43.36379807818329,12.052415385018652,S3_gaming,cutoff
5580.0,1.55,0.41331353060197845,3.7566567653009892,0.031661690873222806,1.5840957158484352,3.5982674171603364,5.7,43.36121345159725,12.051588304511121,S3_gaming,cutoff
5582.0,1.5505555555555555,0.41309351379004616,3.7565467568950233,0.03166270209533737,1.5841463768113129,3.598152344655226,5.7,43.35862881781547,12.05076122170095,S3_gaming,cutoff
5584.0,1.551111111111111,0.4128734899415211,3.7564367449707605,0.03166371341731745,1.5841970427841967,3.598037268131152,5.7,43.35604417683695,12.049934136587826,S3_gaming,cutoff
5586.0,1.5516666666666667,0.41265345905570744,3.7563267295278537,0.03166472483917977,1.5842477137679334,3.5979221875876837,5.7,43.35345952866078,12.04910704917145,S3_gaming,cutoff
5588.0,1.5522222222222222,0.4124334211319091,3.7562167105659547,0.03166573636094109,1.5842983897633556,3.59780710302439,5.7,43.350874873285996,12.048279959451518,S3_gaming,cutoff
5590.0,1.5527777777777778,0.41221337616943,3.7561066880847145,0.031666747982618135,1.5843490707713097,3.597692014440837,5.7,43.34829021071159,12.047452867427708,S3_gaming,cutoff
5592.0,1.5533333333333332,0.41199332416757384,3.755996662083787,0.03166775970422766,1.5843997567926371,3.5975769218365925,5.7,43.34570554093667,12.046625773099734,S3_gaming,cutoff
5594.0,1.5538888888888889,0.4117732651256443,3.7558866325628224,0.031668771525786406,1.5844504478281785,3.5974618252112265,5.7,43.34312086396023,12.045798676467275,S3_gaming,cutoff
5596.0,1.5544444444444445,0.41155319904294496,3.7557765995214725,0.03166978344731113,1.5845011438787748,3.597346724564304,5.7,43.34053617978134,12.04497157753003,S3_gaming,cutoff
5598.0,1.555,0.41133312591877913,3.755666562959389,0.031670795468818604,1.58455184494527,3.5972316198953953,5.7,43.337951488399014,12.044144476287684,S3_gaming,cutoff
5600.0,1.5555555555555556,0.4111130457524501,3.7555565228762253,0.031671807590325576,1.5846025510285022,3.597116511204065,5.7,43.33536678981233,12.043317372739947,S3_gaming,cutoff
5602.0,1.556111111111111,0.41089295854326113,3.7554464792716304,0.031672819811848815,1.584653262129318,3.5970013984898817,5.7,43.33278208402029,12.042490266886492,S3_gaming,cutoff
5604.0,1.5566666666666666,0.4106728642905152,3.755336432145258,0.03167383213340509,1.5847039782485555,3.596886281752414,5.7,43.33019737102198,12.041663158727035,S3_gaming,cutoff
5606.0,1.5572222222222223,0.41045276299351524,3.7552263814967577,0.03167484455501118,1.5847546993870614,3.596771160991226,5.7,43.327612650816384,12.040836048261244,S3_gaming,cutoff
5608.0,1.5577777777777777,0.4102326546515641,3.755116327325782,0.03167585707668386,1.5848054255456767,3.5966560362058893,5.7,43.32502792340259,12.040008935488828,S3_gaming,cutoff
5610.0,1.5583333333333333,0.4100125392639645,3.7550062696319824,0.03167686969843992,1.5848561567252477,3.596540907395968,5.7,43.3224431887796,12.039181820409473,S3_gaming,cutoff
5612.0,1.558888888888889,0.40979241683001905,3.7548962084150093,0.031677882420296136,1.584906892926613,3.5964257745610304,5.7,43.319858446946476,12.038354703022874,S3_gaming,cutoff
5614.0,1.5594444444444444,0.4095722873490302,3.754786143674515,0.0316788952422693,1.584957634150616,3.5963106377006424,5.7,43.31727369790228,12.03752758332873,S3_gaming,cutoff
5616.0,1.56,0.4093521508203002,3.75467607541015,0.031679908164376214,1.5850083803981063,3.596195496814371,5.7,43.314688941646004,12.036700461326722,S3_gaming,cutoff
5618.0,1.5605555555555555,0.4091320072431314,3.754566003621566,0.03168092118663367,1.5850591316699219,3.5960803519017843,5.7,43.31210417817672,12.03587333701655,S3_gaming,cutoff
5620.0,1.5611111111111111,0.40891185661682594,3.7544559283084125,0.03168193430905847,1.5851098879669094,3.5959652029624483,5.7,43.30951940749345,12.035046210397903,S3_gaming,cutoff
5622.0,1.5616666666666668,0.40869169894068574,3.7543458494703428,0.03168294753166742,1.5851606492899128,3.5958500499959287,5.7,43.30693462959525,12.03421908147048,S3_gaming,cutoff
5624.0,1.5622222222222222,0.4084715342140127,3.754235767107007,0.03168396085447733,1.5852114156397727,3.5957348930017927,5.7,43.30434984448115,12.03339195023397,S3_gaming,cutoff
5626.0,1.5627777777777778,0.4082513624361086,3.7541256812180546,0.03168497427750502,1.5852621870173444,3.5956197319796086,5.7,43.301765052150174,12.032564816688057,S3_gaming,cutoff
5628.0,1.5633333333333332,0.4080311836062751,3.754015591803137,0.0316859878007673,1.5853129634234602,3.5955045669289403,5.7,43.29918025260137,12.031737680832439,S3_gaming,cutoff
5630.0,1.5638888888888889,0.4078109977238137,3.753905498861907,0.03168700142428099,1.5853637448589752,3.595389397849354,5.7,43.29659544583381,12.030910542666819,S3_gaming,cutoff
5632.0,1.5644444444444445,0.40759080478802584,3.753795402394013,0.03168801514806293,1.5854145313247303,3.5952742247404177,5.7,43.294010631846476,12.030083402190874,S3_gaming,cutoff
5634.0,1.565,0.4073706047982128,3.7536853023991066,0.03168902897212994,1.5854653228215665,3.5951590476016975,5.7,43.29142581063844,12.0292562594043,S3_gaming,cutoff
5636.0,1.5655555555555556,0.4071503977536758,3.7535751988768378,0.031690042896498856,1.5855161193503386,3.595043866432759,5.7,43.28884098220872,12.02842911430679,S3_gaming,cutoff
5638.0,1.566111111111111,0.4069301836537158,3.753465091826858,0.03169105692118652,1.5855669209118877,3.594928681233167,5.7,43.28625614655638,12.027601966898043,S3_gaming,cutoff
5640.0,1.5666666666666667,0.40670996249763386,3.753354981248817,0.03169207104620977,1.5856177275070604,3.5948134920024897,5.7,43.283671303680435,12.02677481717774,S3_gaming,cutoff
5642.0,1.5672222222222223,0.4064897342847308,3.7532448671423655,0.03169308527158545,1.5856685391367031,3.5946982987402905,5.7,43.28108645357993,12.025947665145578,S3_gaming,cutoff
5644.0,1.5677777777777777,0.40626949901430726,3.753134749507154,0.03169409959733042,1.5857193558016625,3.594583101446137,5.7,43.2785015962539,12.02512051080125,S3_gaming,cutoff
5646.0,1.5683333333333334,0.40604925668566383,3.753024628342832,0.03169511402346153,1.5857701775027848,3.5944679001195956,5.7,43.27591673170138,12.024293354144442,S3_gaming,cutoff
5648.0,1.568888888888889,0.40582900729810106,3.7529145036490505,0.03169612854999563,1.585821004240917,3.5943526947602282,5.7,43.273331859921406,12.02346619517485,S3_gaming,cutoff
5650.0,1.5694444444444444,0.40560875085091924,3.75280437542546,0.03169714317694959,1.5858718360169055,3.5942374853676053,5.7,43.27074698091302,12.022639033892167,S3_gaming,cutoff
5652.0,1.57,0.40538848734341865,3.7526942436717095,0.03169815790434028,1.5859226728315994,3.594122271941288,5.7,43.26816209467526,12.021811870296084,S3_gaming,cutoff
5654.0,1.5705555555555555,0.4051682167748994,3.75258410838745,0.03169917273218457,1.5859735146858456,3.594007054480845,5.7,43.265577201207144,12.020984704386287,S3_gaming,cutoff
5656.0,1.5711111111111111,0.4049479391446615,3.7524739695723306,0.03170018766049932,1.5860243615804903,3.5938918329858396,5.7,43.262992300507726,12.020157536162472,S3_gaming,cutoff
5658.0,1.5716666666666668,0.40472765445200476,3.7523638272260023,0.03170120268930142,1.5860752135163858,3.593776607455838,5.7,43.260407392576035,12.01933036562433,S3_gaming,cutoff
5660.0,1.5722222222222222,0.40450736269622906,3.7522536813481144,0.03170221781860775,1.5861260704943758,3.5936613778904043,5.7,43.2578224774111,12.018503192771554,S3_gaming,cutoff
5662.0,1.5727777777777778,0.404287063876634,3.7521435319383167,0.0317032330484352,1.5861769325153097,3.593546144289105,5.7,43.25523755501197,12.017676017603833,S3_gaming,cutoff
5664.0,1.5733333333333333,0.40406675799251907,3.75203337899626,0.031704248378800655,1.5862277995800367,3.593430906651504,5.7,43.25265262537769,12.016848840120863,S3_gaming,cutoff
5666.0,1.573888888888889,0.40384644504318373,3.751923222521592,0.03170526380972102,1.5862786716894033,3.5933156649771663,5.7,43.25006768850725,12.016021660322322,S3_gaming,cutoff
5668.0,1.5744444444444445,0.4036261250279273,3.751813062513964,0.03170627934121318,1.5863295488442646,3.5932004192656573,5.7,43.247482744399726,12.015194478207913,S3_gaming,cutoff
5670.0,1.575,0.4034057979460489,3.7517028989730243,0.03170729497329404,1.5863804310454643,3.5930851695165416,5.7,43.244897793054115,12.014367293777317,S3_gaming,cutoff
5672.0,1.5755555555555556,0.40318546379684767,3.7515927318984237,0.031708310705980514,1.5864313182938516,3.592969915729383,5.7,43.242312834469494,12.013540107030238,S3_gaming,cutoff
5674.0,1.576111111111111,0.40296512257962247,3.7514825612898113,0.031709326539289505,1.5864822105902758,3.5928546579037475,5.7,43.23972786864487,12.01271291796636,S3_gaming,cutoff
5676.0,1.5766666666666667,0.40274477429367217,3.7513723871468363,0.03171034247323793,1.586533107935592,3.592739396039199,5.7,43.23714289557929,12.011885726585373,S3_gaming,cutoff
5678.0,1.5772222222222223,0.4025244189382955,3.7512622094691483,0.031711358507842714,1.586584010330644,3.592624130135302,5.7,43.23455791527179,12.011058532886974,S3_gaming,cutoff
5680.0,1.5777777777777777,0.402304056512791,3.7511520282563957,0.03171237464312077,1.5866349177762862,3.5925088601916206,5.7,43.23197292772137,12.01023133687084,S3_gaming,cutoff
5682.0,1.5783333333333334,0.40208368701645714,3.7510418435082284,0.03171339087908903,1.5866858302733682,3.592393586207719,5.7,43.22938793292709,12.009404138536668,S3_gaming,cutoff
5684.0,1.5788888888888888,0.4018633104485923,3.750931655224296,0.03171440721576443,1.5867367478227368,3.592278308183161,5.7,43.22680293088799,12.008576937884158,S3_gaming,cutoff
5686.0,1.5794444444444444,0.40164292680849467,3.7508214634042476,0.03171542365316389,1.5867876704252464,3.5921630261175124,5.7,43.22421792160309,12.00774973491299,S3_gaming,cutoff
5688.0,1.58,0.4014225360954624,3.7507112680477315,0.03171644019130436,1.5868385980817468,3.5920477400103357,5.7,43.221632905071424,12.006922529622857,S3_gaming,cutoff
5690.0,1.5805555555555555,0.4012021383087935,3.7506010691543965,0.03171745683020278,1.5868895307930924,3.5919324498611953,5.7,43.219047881292006,12.006095322013442,S3_gaming,cutoff
5692.0,1.5811111111111111,0.4009817334477858,3.7504908667238928,0.031718473569876095,1.5869404685601274,3.591817155669656,5.7,43.216462850263916,12.005268112084455,S3_gaming,cutoff
5694.0,1.5816666666666668,0.40076132151173716,3.7503806607558685,0.03171949041034126,1.5869914113837118,3.5917018574352793,5.7,43.21387781198615,12.004440899835569,S3_gaming,cutoff
5696.0,1.5822222222222222,0.4005409024999451,3.750270451249972,0.031720507351615225,1.5870423592646898,3.5915865551576314,5.7,43.211292766457724,12.003613685266473,S3_gaming,cutoff
5698.0,1.5827777777777778,0.40032047641170726,3.750160238205854,0.03172152439371495,1.5870933122039188,3.5914712488362746,5.7,43.20870771367773,12.002786468376875,S3_gaming,cutoff
5700.0,1.5833333333333333,0.4001000432463209,3.7500500216231605,0.0317225415366574,1.587144270202251,3.5913559384707723,5.7,43.20612265364513,12.001959249166443,S3_gaming,cutoff
5702.0,1.583888888888889,0.39987960300308345,3.749939801501542,0.03172355878045954,1.5871952332605355,3.591240624060689,5.7,43.203537586359005,12.001132027634883,S3_gaming,cutoff
5704.0,1.5844444444444445,0.399659155681292,3.749829577840646,0.03172457612513835,1.5872462013796245,3.5911253056055865,5.7,43.200952511818365,12.000304803781876,S3_gaming,cutoff
5706.0,1.585,0.39943870128024367,3.749719350640122,0.031725593570710794,1.587297174560373,3.5910099831050304,5.7,43.198367430022245,11.999477577607118,S3_gaming,cutoff
5708.0,1.5855555555555556,0.3992182397992353,3.7496091198996178,0.031726611117193854,1.587348152803636,3.5908946565585826,5.7,43.195782340969664,11.998650349110292,S3_gaming,cutoff
5710.0,1.586111111111111,0.3989977712375638,3.749498885618782,0.03172762876460452,1.5873991361102624,3.5907793259658063,5.7,43.19319724465966,11.997823118291091,S3_gaming,cutoff
5712.0,1.5866666666666667,0.3987772955945258,3.7493886477972627,0.03172864651295977,1.5874501244811101,3.590663991326264,5.7,43.19061214109126,11.996995885149202,S3_gaming,cutoff
5714.0,1.5872222222222223,0.3985568128694179,3.7492784064347084,0.0317296643622766,1.5875011179170284,3.5905486526395203,5.7,43.1880270302635,11.99616864968432,S3_gaming,cutoff
5716.0,1.5877777777777777,0.39833632306153655,3.7491681615307684,0.031730682312572006,1.5875521164188722,3.590433309905136,5.7,43.185441912175435,11.99534141189614,S3_gaming,cutoff
5718.0,1.5883333333333334,0.3981158261701781,3.749057913085089,0.03173170036386299,1.5876031199874963,3.590317963122676,5.7,43.18285678682604,11.994514171784333,S3_gaming,cutoff
5720.0,1.5888888888888888,0.39789532219463875,3.7489476610973194,0.03173271851616655,1.5876541286237555,3.590202612291703,5.7,43.18027165421439,11.993686929348604,S3_gaming,cutoff
5722.0,1.5894444444444444,0.3976748111342146,3.748837405567108,0.03173373676949969,1.587705142328505,3.5900872574117777,5.7,43.1776865143395,11.99285968458864,S3_gaming,cutoff
5724.0,1.59,0.3974542929882017,3.748727146494101,0.03173475512387943,1.5877561611025937,3.5899718984824642,5.7,43.17510136720037,11.992032437504118,S3_gaming,cutoff
5726.0,1.5905555555555555,0.3972337677558958,3.748616883877948,0.031735773579322786,1.5878071849468878,3.5898565355033245,5.7,43.17251621279606,11.99120518809474,S3_gaming,cutoff
5728.0,1.5911111111111111,0.3970132354365928,3.7485066177182964,0.03173679213584678,1.587858213862231,3.589741168473921,5.7,43.1699310511256,11.990377936360193,S3_gaming,cutoff
5730.0,1.5916666666666666,0.39679269602958817,3.748396348014794,0.03173781079346842,1.5879092478494838,3.5896257973938175,5.7,43.16734588218801,11.989550682300163,S3_gaming,cutoff
5732.0,1.5922222222222222,0.3965721495341775,3.7482860747670887,0.03173882955220475,1.5879602869094982,3.5895104222625744,5.7,43.164760705982324,11.988723425914344,S3_gaming,cutoff
5734.0,1.5927777777777778,0.3963515959496562,3.7481757979748282,0.0317398484120728,1.5880113310431347,3.589395043079755,5.7,43.16217552250755,11.987896167202418,S3_gaming,cutoff
5736.0,1.5933333333333333,0.3961310352753195,3.74806551763766,0.0317408673730896,1.5880623802512484,3.5892796598449204,5.7,43.15959033176275,11.987068906164081,S3_gaming,cutoff
5738.0,1.593888888888889,0.39591046751046255,3.7479552337552313,0.03174188643527219,1.5881134345346937,3.5891642725576345,5.7,43.15700513374692,11.986241642799015,S3_gaming,cutoff
5740.0,1.5944444444444446,0.3956898926543804,3.7478449463271897,0.03174290559863762,1.5881644938943256,3.5890488812174572,5.7,43.154419928459085,11.985414377106908,S3_gaming,cutoff
5742.0,1.595,0.395469310706368,3.747734655353184,0.03174392486320294,1.588215558331002,3.588933485823951,5.7,43.151834715898325,11.984587109087464,S3_gaming,cutoff
5744.0,1.5955555555555556,0.39524872166572006,3.74762436083286,0.031744944228985196,1.5882666278455804,3.588818086376679,5.7,43.149249496063604,11.983759838740355,S3_gaming,cutoff
5746.0,1.596111111111111,0.39502812553173133,3.747514062765866,0.031745963696001446,1.5883177024389155,3.588702682875202,5.7,43.146664268953984,11.982932566065275,S3_gaming,cutoff
5748.0,1.5966666666666667,0.3948075223036963,3.747403761151848,0.03174698326426875,1.588368782111868,3.588587275319081,5.7,43.14407903456846,11.982105291061908,S3_gaming,cutoff
5750.0,1.5972222222222223,0.3945869119809095,3.747293455990455,0.03174800293380418,1.5884198668652927,3.5884718637078787,5.7,43.141493792906104,11.981278013729954,S3_gaming,cutoff
5752.0,1.5977777777777777,0.3943662945626652,3.7471831472813326,0.03174902270462479,1.588470956700047,3.588356448041155,5.7,43.1389085439659,11.980450734069088,S3_gaming,cutoff
5754.0,1.5983333333333334,0.39414567004825757,3.7470728350241282,0.03175004257674766,1.588522051616989,3.5882410283184734,5.7,43.136323287746876,11.979623452079002,S3_gaming,cutoff
5756.0,1.5988888888888888,0.39392503843698073,3.7469625192184903,0.03175106255018987,1.5885731516169759,3.5881256045393943,5.7,43.13373802424811,11.978796167759397,S3_gaming,cutoff
5758.0,1.5994444444444444,0.3937043997281286,3.7468521998640645,0.0317520826249685,1.5886242567008713,3.5880101767034778,5.7,43.13115275346857,11.977968881109943,S3_gaming,cutoff
5760.0,1.6,0.39348375392099505,3.746741876960498,0.031753102801100636,1.5886753668695242,3.5878947448102867,5.7,43.128567475407316,11.977141592130343,S3_gaming,cutoff
5762.0,1.6005555555555555,0.39326310101487383,3.746631550507437,0.03175412307860336,1.5887264821237979,3.587779308859382,5.7,43.12598219006334,11.976314300820269,S3_gaming,cutoff
5764.0,1.6011111111111112,0.3930424410090585,3.7465212205045293,0.03175514345749377,1.5887776024645528,3.587663868850323,5.7,43.12339689743569,11.97548700717942,S3_gaming,cutoff
5766.0,1.6016666666666666,0.39282177390284256,3.7464108869514208,0.03175616393778897,1.5888287278926465,3.5875484247826726,5.7,43.120811597523385,11.974659711207483,S3_gaming,cutoff
5768.0,1.6022222222222222,0.39260109969551943,3.74630054984776,0.03175718451950605,1.588879858408934,3.587432976655991,5.7,43.11822629032547,11.97383241290415,S3_gaming,cutoff
5770.0,1.6027777777777779,0.39238041838638227,3.746190209193191,0.03175820520266212,1.5889309940142815,3.5873175244698383,5.7,43.11564097584093,11.9730051122691,S3_gaming,cutoff
5772.0,1.6033333333333333,0.39215972997472426,3.7460798649873626,0.031759225987274285,1.588982134709546,3.587202068223776,5.7,43.11305565406882,11.972177809302025,S3_gaming,cutoff
5774.0,1.603888888888889,0.3919390344598384,3.7459695172299194,0.03176024687335967,1.5890332804955858,3.587086607917365,5.7,43.11047032500815,11.971350504002608,S3_gaming,cutoff
5776.0,1.6044444444444443,0.39171833184101756,3.7458591659205087,0.03176126786093538,1.5890844313732637,3.586971143550164,5.7,43.107884988657936,11.97052319637054,S3_gaming,cutoff
5778.0,1.605,0.3914976221175545,3.7457488110587773,0.03176228895001854,1.5891355873434347,3.5868556751217358,5.7,43.10529964501723,11.969695886405514,S3_gaming,cutoff
5780.0,1.6055555555555556,0.3912769052887419,3.7456384526443705,0.031763310140626284,1.5891867484069648,3.5867402026316397,5.7,43.10271429408502,11.968868574107207,S3_gaming,cutoff
5782.0,1.606111111111111,0.3910561813538723,3.7455280906769364,0.03176433143277573,1.5892379145647144,3.5866247260794357,5.7,43.10012893586037,11.968041259475319,S3_gaming,cutoff
5784.0,1.6066666666666667,0.3908354503122381,3.745417725156119,0.031765352826484024,1.5892890858175384,3.586509245464685,5.7,43.09754357034227,11.967213942509526,S3_gaming,cutoff
5786.0,1.6072222222222223,0.39061471216313154,3.7453073560815655,0.0317663743217683,1.5893402621663026,3.586393760786946,5.7,43.09495819752974,11.966386623209518,S3_gaming,cutoff
5788.0,1.6077777777777778,0.3903939669058448,3.7451969834529226,0.0317673959186457,1.5893914436118677,3.58627827204578,5.7,43.09237281742184,11.96555930157499,S3_gaming,cutoff
5790.0,1.6083333333333334,0.39017321453967,3.745086607269835,0.031768417617133365,1.589442630155094,3.586162779240747,5.7,43.08978743001756,11.964731977605618,S3_gaming,cutoff
5792.0,1.6088888888888888,0.38995245506389903,3.7449762275319496,0.03176943941724845,1.5894938217968473,3.5860472823714056,5.7,43.08720203531592,11.963904651301094,S3_gaming,cutoff
5794.0,1.6094444444444445,0.3897316884778237,3.7448658442389124,0.031770461319008104,1.5895450185379827,3.5859317814373184,5.7,43.08461663331597,11.96307732266111,S3_gaming,cutoff
5796.0,1.61,0.3895109147807357,3.744755457390368,0.031771483322429496,1.589596220379366,3.585816276438042,5.7,43.08203122401669,11.96224999168534,S3_gaming,cutoff
5798.0,1.6105555555555555,0.3892901339719266,3.744645066985963,0.03177250542752978,1.589647427321858,3.5857007673731376,5.7,43.07944580741712,11.96142265837348,S3_gaming,cutoff
5800.0,1.6111111111111112,0.3890693460506878,3.744534673025344,0.031773527634326136,1.5896986393663215,3.585585254242165,5.7,43.076860383516326,11.960595322725224,S3_gaming,cutoff
5802.0,1.6116666666666666,0.3888485510163108,3.7444242755081554,0.03177454994283572,1.5897498565136226,3.5854697370446833,5.7,43.07427495231326,11.959767984740244,S3_gaming,cutoff
5804.0,1.6122222222222222,0.38862774886808665,3.7443138744340434,0.03177557235307571,1.5898010787646188,3.585354215780251,5.7,43.07168951380698,11.958940644418234,S3_gaming,cutoff
5806.0,1.6127777777777779,0.38840693960530653,3.7442034698026534,0.03177659486506329,1.5898523061201764,3.585238690448429,5.7,43.069104067996506,11.958113301758882,S3_gaming,cutoff
5808.0,1.6133333333333333,0.38818612322726137,3.7440930616136305,0.03177761747881564,1.5899035385811582,3.5851231610487755,5.7,43.066518614880835,11.957285956761869,S3_gaming,cutoff
5810.0,1.613888888888889,0.387965299733242,3.743982649866621,0.03177864019434995,1.5899547761484278,3.585007627580851,5.7,43.063933154459015,11.956458609426885,S3_gaming,cutoff
5812.0,1.6144444444444443,0.38774446912253924,3.7438722345612696,0.03177966301168341,1.5900060188228509,3.584892090044212,5.7,43.06134768673005,11.955631259753618,S3_gaming,cutoff
5814.0,1.615,0.3875236313944436,3.743761815697222,0.03178068593083322,1.5900572666052852,3.5847765484384193,5.7,43.05876221169298,11.954803907741754,S3_gaming,cutoff
5816.0,1.6155555555555556,0.3873027865482457,3.743651393274123,0.03178170895181657,1.5901085194965996,3.584661002763032,5.7,43.0561767293468,11.953976553390978,S3_gaming,cutoff
5818.0,1.616111111111111,0.38708193458323575,3.743540967291618,0.03178273207465067,1.5901597774976572,3.584545453017608,5.7,43.05359123969054,11.953149196700974,S3_gaming,cutoff
5820.0,1.6166666666666667,0.38686107549870413,3.7434305377493526,0.03178375529935273,1.590211040609324,3.5844298992017074,5.7,43.05100574272324,11.952321837671438,S3_gaming,cutoff
5822.0,1.6172222222222221,0.38664020929394094,3.74332010464697,0.03178477862593996,1.590262308832463,3.584314341314888,5.7,43.04842023844385,11.951494476302035,S3_gaming,cutoff
5824.0,1.6177777777777778,0.3864193359682362,3.743209667984118,0.031785802054429574,1.5903135821679404,3.5841987793567074,5.7,43.045834726851474,11.950667112592473,S3_gaming,cutoff
5826.0,1.6183333333333334,0.3861984555208798,3.74309922776044,0.0317868255848388,1.5903648606166192,3.5840832133267253,5.7,43.0432492079451,11.949839746542432,S3_gaming,cutoff
5828.0,1.6188888888888888,0.38597756795116145,3.742988783975581,0.03178784921718485,1.5904161441793656,3.5839676432245007,5.7,43.04066368172372,11.949012378151592,S3_gaming,cutoff
5830.0,1.6194444444444445,0.38575667325837093,3.7428783366291856,0.03178887295148497,1.5904674328570456,3.583852069049591,5.7,43.038078148186386,11.948185007419644,S3_gaming,cutoff
5832.0,1.62,0.3855357714417977,3.742767885720899,0.03178989678775638,1.5905187266505276,3.5837364908015545,5.7,43.035492607332095,11.947357634346272,S3_gaming,cutoff
5834.0,1.6205555555555555,0.3853148625007311,3.7426574312503655,0.03179092072601632,1.5905700255606752,3.5836209084799497,5.7,43.032907059159875,11.94653025893116,S3_gaming,cutoff
5836.0,1.6211111111111112,0.38509394643446054,3.7425469732172303,0.031791944766282026,1.5906213295883513,3.5835053220843345,5.7,43.03032150366874,11.945702881173997,S3_gaming,cutoff
5838.0,1.6216666666666666,0.3848730232422751,3.742436511621138,0.03179296890857075,1.5906726387344277,3.5833897316142673,5.7,43.02773594085773,11.944875501074474,S3_gaming,cutoff
5840.0,1.6222222222222222,0.384652092923464,3.742326046461732,0.03179399315289974,1.59072395299977,3.5832741370693046,5.7,43.025150370725804,11.944048118632258,S3_gaming,cutoff
5842.0,1.6227777777777779,0.38443115547731593,3.7422155777386585,0.031795017499286246,1.590775272385242,3.5831585384490077,5.7,43.02256479327205,11.943220733847058,S3_gaming,cutoff
5844.0,1.6233333333333333,0.38421021090311985,3.74210510545156,0.03179604194774753,1.5908265968917117,3.58304293575293,5.7,43.019979208495435,11.94239334671854,S3_gaming,cutoff
5846.0,1.623888888888889,0.3839892592001644,3.7419946296000823,0.03179706649830085,1.5908779265200483,3.5829273289806323,5.7,43.01739361639499,11.941565957246398,S3_gaming,cutoff
5848.0,1.6244444444444444,0.38376830036773824,3.7418841501838696,0.03179809115096348,1.590929261271118,3.582811718131671,5.7,43.01480801696975,11.94073856543032,S3_gaming,cutoff
5850.0,1.625,0.3835473344051297,3.7417736672025654,0.03179911590575268,1.5909806011457888,3.5826961032056044,5.7,43.01222241021871,11.939911171269989,S3_gaming,cutoff
5852.0,1.6255555555555556,0.3833263613116272,3.741663180655814,0.031800140762685725,1.5910319461449274,3.582580484201989,5.7,43.00963679614088,11.939083774765082,S3_gaming,cutoff
5854.0,1.626111111111111,0.3831053810865188,3.7415526905432595,0.0318011657217799,1.5910832962694021,3.582464861120382,5.7,43.00705117473528,11.93825637591529,S3_gaming,cutoff
5856.0,1.6266666666666667,0.3828843937290928,3.741442196864546,0.03180219078305248,1.591134651520082,3.5823492339603424,5.7,43.00446554600095,11.937428974720305,S3_gaming,cutoff
5858.0,1.6272222222222221,0.382663399238637,3.7413316996193187,0.03180321594652075,1.5911860118978354,3.582233602721426,5.7,43.0018799099369,11.936601571179809,S3_gaming,cutoff
5860.0,1.6277777777777778,0.3824423976144393,3.74122119880722,0.03180424121220202,1.5912373774035315,3.58211796740319,5.7,42.99929426654212,11.93577416529348,S3_gaming,cutoff
5862.0,1.6283333333333334,0.3822213888557875,3.741110694427894,0.03180526658011356,1.5912887480380389,3.5820023280051925,5.7,42.99670861581564,11.934946757061006,S3_gaming,cutoff
5864.0,1.6288888888888888,0.3820003729619691,3.741000186480985,0.03180629205027268,1.5913401238022262,3.5818866845269897,5.7,42.994122957756474,11.934119346482072,S3_gaming,cutoff
5866.0,1.6294444444444445,0.3817793499322716,3.7408896749661356,0.03180731762269669,1.5913915046969622,3.5817710369681377,5.7,42.99153729236363,11.933291933556362,S3_gaming,cutoff
5868.0,1.63,0.38155831976598237,3.740779159882991,0.03180834329740288,1.5914428907231186,3.5816553853281947,5.7,42.98895161963615,11.932464518283567,S3_gaming,cutoff
5870.0,1.6305555555555555,0.3813372824623887,3.740668641231194,0.03180936907440858,1.5914942818815614,3.581539729606717,5.7,42.98636593957299,11.931637100663357,S3_gaming,cutoff
5872.0,1.6311111111111112,0.38111623802077765,3.7405581190103887,0.0318103949537311,1.5915456781731645,3.5814240698032607,5.7,42.98378025217324,11.930809680695438,S3_gaming,cutoff
5874.0,1.6316666666666666,0.38089518644043624,3.7404475932202184,0.03181142093538775,1.5915970795987944,3.5813084059173828,5.7,42.98119455743588,11.92998225837948,S3_gaming,cutoff
5876.0,1.6322222222222222,0.38067412772065135,3.7403370638603257,0.03181244701939587,1.5916484861593276,3.58119273794864,5.7,42.978608855359894,11.929154833715167,S3_gaming,cutoff
5878.0,1.6327777777777779,0.38045306186070976,3.7402265309303546,0.031813473205772776,1.5916998978556252,3.581077065896588,5.7,42.97602314594432,11.928327406702183,S3_gaming,cutoff
5880.0,1.6333333333333333,0.3802319888598981,3.740115994429949,0.031814499494535804,1.5917513146885665,3.5809613897607844,5.7,42.97343742918819,11.92749997734022,S3_gaming,cutoff
5882.0,1.633888888888889,0.38001090871750287,3.7400054543587515,0.03181552588570229,1.5918027366590175,3.5808457095407835,5.7,42.97085170509049,11.926672545628957,S3_gaming,cutoff
5884.0,1.6344444444444444,0.3797898214328105,3.739894910716405,0.03181655237928957,1.591854163767853,3.5807300252361434,5.7,42.96826597365024,11.925845111568078,S3_gaming,cutoff
5886.0,1.635,0.3795687270051072,3.7397843635025536,0.031817578975314995,1.5919055960159412,3.5806143368464194,5.7,42.96568023486646,11.92501767515727,S3_gaming,cutoff
5888.0,1.6355555555555557,0.37934762543367917,3.73967381271684,0.031818605673795915,1.5919570334041566,3.580498644371168,5.7,42.963094488738165,11.924190236396214,S3_gaming,cutoff
5890.0,1.636111111111111,0.37912651671781245,3.7395632583589062,0.03181963247474968,1.592008475933368,3.5803829478099436,5.7,42.960508735264355,11.923362795284595,S3_gaming,cutoff
5892.0,1.6366666666666667,0.378905400856793,3.739452700428397,0.031820659378193644,1.5920599236044468,3.580267247162304,5.7,42.95792297444406,11.922535351822098,S3_gaming,cutoff
5894.0,1.6372222222222221,0.3786842778499065,3.7393421389249535,0.031821686384145176,1.5921113764182704,3.5801515424278034,5.7,42.95533720627624,11.921707906008399,S3_gaming,cutoff
5896.0,1.6377777777777778,0.3784631476964387,3.7392315738482194,0.03182271349262164,1.592162834375707,3.5800358336059976,5.7,42.952751430759974,11.920880457843193,S3_gaming,cutoff
5898.0,1.6383333333333334,0.37824201039567507,3.7391210051978376,0.0318237407036404,1.5922142974776314,3.5799201206964435,5.7,42.950165647894245,11.920053007326159,S3_gaming,cutoff
5900.0,1.6388888888888888,0.3780208659469011,3.739010432973451,0.031824768017218834,1.592265765724915,3.579804403698695,5.7,42.94757985767806,11.919225554456979,S3_gaming,cutoff
5902.0,1.6394444444444445,0.37779971434940207,3.738899857174701,0.03182579543337432,1.592317239118432,3.5796886826123093,5.7,42.94499406011043,11.918398099235338,S3_gaming,cutoff
5904.0,1.64,0.37757855560246323,3.7387892778012315,0.03182682295212424,1.592368717659054,3.579572957436841,5.7,42.94240825519037,11.91757064166092,S3_gaming,cutoff
5906.0,1.6405555555555555,0.3773573897053696,3.738678694852685,0.03182785057348598,1.5924202013476552,3.5794572281718433,5.7,42.9398224429169,11.916743181733409,S3_gaming,cutoff
5908.0,1.6411111111111112,0.3771362166574061,3.7385681083287032,0.03182887829747693,1.59247169018511,3.579341494816875,5.7,42.937236623289024,11.915915719452489,S3_gaming,cutoff
5910.0,1.6416666666666666,0.37691503645785757,3.738457518228929,0.03182990612411449,1.5925231841722924,3.5792257573714887,5.7,42.934650796305746,11.915088254817839,S3_gaming,cutoff
5912.0,1.6422222222222222,0.37669384910600867,3.7383469245530048,0.03183093405341605,1.5925746833100745,3.57911001583524,5.7,42.932064961966084,11.914260787829146,S3_gaming,cutoff
5914.0,1.6427777777777777,0.37647265460114404,3.738236327300572,0.03183196208539901,1.5926261875993357,3.5789942702076836,5.7,42.929479120269036,11.913433318486092,S3_gaming,cutoff
5916.0,1.6433333333333333,0.3762514529425481,3.7381257264712735,0.0318329902200808,1.592677697040945,3.5788785204883755,5.7,42.92689327121361,11.912605846788354,S3_gaming,cutoff
5918.0,1.643888888888889,0.3760302441295052,3.738015122064753,0.03183401845747881,1.5927292116357794,3.5787627666768693,5.7,42.92430741479885,11.91177837273563,S3_gaming,cutoff
5920.0,1.6444444444444444,0.3758090281612995,3.7379045140806495,0.03183504679761046,1.592780731384713,3.57864700877272,5.7,42.921721551023715,11.91095089632759,S3_gaming,cutoff
5922.0,1.645,0.3755878050372152,3.737793902518608,0.03183607524049318,1.5928322562886232,3.578531246775483,5.7,42.91913567988727,11.910123417563927,S3_gaming,cutoff
5924.0,1.6455555555555557,0.37536657475653623,3.7376832873782684,0.031837103786144384,1.5928837863483813,3.5784154806847113,5.7,42.91654980138847,11.90929593644431,S3_gaming,cutoff
5926.0,1.646111111111111,0.3751453373185464,3.737572668659273,0.0318381324345815,1.59293532156487,3.57829971049996,5.7,42.91396391552634,11.908468452968428,S3_gaming,cutoff
5928.0,1.6466666666666667,0.3749240927225294,3.737462046361265,0.03183916118582197,1.5929868619389553,3.5781839362207846,5.7,42.91137802229992,11.907640967135976,S3_gaming,cutoff
5930.0,1.6472222222222221,0.37470284096776896,3.7373514204838845,0.03184019003988321,1.5930384074715225,3.578068157846738,5.7,42.908792121708174,11.906813478946615,S3_gaming,cutoff
5932.0,1.6477777777777778,0.3744815820535485,3.7372407910267746,0.03184121899678268,1.5930899581634406,3.5779523753773743,5.7,42.90620621375015,11.90598598840005,S3_gaming,cutoff
5934.0,1.6483333333333334,0.3742603159791513,3.7371301579895757,0.03184224805653782,1.5931415140155918,3.5778365888122488,5.7,42.90362029842481,11.905158495495941,S3_gaming,cutoff
5936.0,1.6488888888888888,0.37403904274386074,3.7370195213719306,0.03184327721916608,1.5931930750288508,3.5777207981509145,5.7,42.90103437573121,11.904331000233986,S3_gaming,cutoff
5938.0,1.6494444444444445,0.37381776234695985,3.7369088811734805,0.03184430648468491,1.5932446412040917,3.5776050033929265,5.7,42.898448445668336,11.903503502613868,S3_gaming,cutoff
5940.0,1.65,0.37359647478773167,3.7367982373938657,0.03184533585311178,1.5932962125421946,3.5774892045378364,5.7,42.89586250823517,11.902676002635253,S3_gaming,cutoff
5942.0,1.6505555555555556,0.37337518006545906,3.73668759003273,0.03184636532446413,1.5933477890440388,3.5773734015852017,5.7,42.89327656343076,11.901848500297843,S3_gaming,cutoff
5944.0,1.6511111111111112,0.37315387817942475,3.736576939089712,0.03184739489875944,1.5933993707104965,3.577257594534572,5.7,42.89069061125407,11.901020995601304,S3_gaming,cutoff
5946.0,1.6516666666666666,0.37293256912891143,3.7364662845644556,0.03184842457601518,1.5934509575424471,3.5771417833855033,5.7,42.88810465170416,11.900193488545332,S3_gaming,cutoff
5948.0,1.6522222222222223,0.37271125291320156,3.736355626456601,0.03184945435624882,1.5935025495407706,3.577025968137549,5.7,42.88551868478001,11.899365979129604,S3_gaming,cutoff
5950.0,1.6527777777777777,0.37248992953157756,3.7362449647657883,0.031850484239477846,1.593554146706344,3.5769101487902626,5.7,42.8829327104806,11.898538467353793,S3_gaming,cutoff
5952.0,1.6533333333333333,0.37226859898332165,3.736134299491661,0.03185151422571973,1.5936057490400473,3.5767943253431964,5.7,42.880346728804994,11.897710953217599,S3_gaming,cutoff
5954.0,1.653888888888889,0.37204726126771603,3.736023630633858,0.031852544314991973,1.5936573565427548,3.576678497795905,5.7,42.87776073975215,11.896883436720687,S3_gaming,cutoff
5956.0,1.6544444444444444,0.37182591638404267,3.735912958192021,0.031853574507312056,1.5937089692153488,3.5765626661479404,5.7,42.87517474332109,11.896055917862748,S3_gaming,cutoff
5958.0,1.655,0.3716045643315835,3.7358022821657917,0.03185460480269748,1.5937605870587068,3.5764468303988566,5.7,42.87258873951082,11.895228396643462,S3_gaming,cutoff
5960.0,1.6555555555555554,0.3713832051096203,3.7356916025548106,0.03185563520116574,1.5938122100737084,3.5763309905482075,5.7,42.870002728320344,11.89440087306251,S3_gaming,cutoff
5962.0,1.656111111111111,0.3711618387174347,3.735580919358717,0.031856665702734335,1.5938638382612336,3.576215146595544,5.7,42.867416709748646,11.893573347119567,S3_gaming,cutoff
5964.0,1.6566666666666667,0.37094046515430823,3.7354702325771543,0.03185769630742079,1.5939154716221593,3.57609929854042,5.7,42.86483068379478,11.89274581881433,S3_gaming,cutoff
5966.0,1.6572222222222222,0.37071908441952234,3.7353595422097614,0.0318587270152426,1.593967110157371,3.5759834463823883,5.7,42.86224465045771,11.891918288146467,S3_gaming,cutoff
5968.0,1.6577777777777778,0.37049769651235825,3.735248848256179,0.03185975782621729,1.5940187538677457,3.5758675901210015,5.7,42.859658609736435,11.891090755115659,S3_gaming,cutoff
5970.0,1.6583333333333334,0.3702763014320972,3.7351381507160486,0.031860788740362384,1.5940704027541608,3.5757517297558135,5.7,42.85707256162999,11.890263219721598,S3_gaming,cutoff
5972.0,1.6588888888888889,0.3700548991780202,3.73502744958901,0.0318618197576954,1.5941220568174985,3.5756358652863747,5.7,42.85448650613737,11.88943568196396,S3_gaming,cutoff
5974.0,1.6594444444444445,0.36983348974940816,3.7349167448747043,0.031862850878233866,1.5941737160586416,3.575519996712239,5.7,42.85190044325757,11.888608141842422,S3_gaming,cutoff
5976.0,1.66,0.3696120731455419,3.7348060365727704,0.03186388210199532,1.59422538047847,3.5754041240329584,5.7,42.849314372989575,11.887780599356665,S3_gaming,cutoff
5978.0,1.6605555555555556,0.3693906493657021,3.734695324682851,0.0318649134289973,1.5942770500778636,3.5752882472480843,5.7,42.84672829533245,11.886953054506384,S3_gaming,cutoff
5980.0,1.6611111111111112,0.36916921840916933,3.734584609204585,0.031865944859257346,1.5943287248577047,3.575172366357171,5.7,42.84414221028515,11.886125507291247,S3_gaming,cutoff
5982.0,1.6616666666666666,0.368947780275224,3.734473890137612,0.031866976392793005,1.5943804048188737,3.5750564813597685,5.7,42.84155611784667,11.885297957710936,S3_gaming,cutoff
5984.0,1.6622222222222223,0.36872633496314644,3.7343631674815727,0.03186800802962183,1.5944320899622555,3.5749405922554316,5.7,42.83897001801603,11.884470405765128,S3_gaming,cutoff
5986.0,1.6627777777777777,0.3685048824722168,3.7342524412361087,0.03186903976976137,1.5944837802887302,3.574824699043709,5.7,42.83638391079225,11.883642851453521,S3_gaming,cutoff
5988.0,1.6633333333333333,0.36828342280171517,3.7341417114008575,0.03187007161322918,1.5945354757991774,3.574708801724154,5.7,42.833797796174295,11.882815294775774,S3_gaming,cutoff
5990.0,1.663888888888889,0.36806195595092145,3.734030977975461,0.031871103560042836,1.594587176494483,3.5745929002963193,5.7,42.831211674161196,11.881987735731583,S3_gaming,cutoff
5992.0,1.6644444444444444,0.3678404819191155,3.733920240959558,0.0318721356102199,1.5946388823755264,3.5744769947597566,5.7,42.82862554475195,11.881160174320625,S3_gaming,cutoff
5994.0,1.665,0.367619000705577,3.7338095003527885,0.03187316776377794,1.5946905934431959,3.574361085114016,5.7,42.82603940794554,11.880332610542572,S3_gaming,cutoff
5996.0,1.6655555555555555,0.36739751230958556,3.7336987561547925,0.03187420002073453,1.5947423096983686,3.5742451713586494,5.7,42.82345326374099,11.879505044397117,S3_gaming,cutoff
5998.0,1.666111111111111,0.3671760167304206,3.733588008365211,0.03187523238110726,1.59479403114193,3.57412925349321,5.7,42.820867112137314,11.87867747588394,S3_gaming,cutoff
6000.0,1.6666666666666667,0.36695451396736145,3.733477256983681,0.03187626484491371,1.5948457577747654,3.5740133315172473,5.7,42.81828095313346,11.877849905002709,S3_gaming,cutoff
6002.0,1.6672222222222222,0.36673300401968734,3.7333665020098437,0.03187729741217146,1.5948974895977546,3.573897405430313,5.7,42.815694786728464,11.877022331753109,S3_gaming,cutoff
6004.0,1.6677777777777778,0.36651148688667734,3.7332557434433387,0.031878330082898115,1.594949226611783,3.573781475231959,5.7,42.813108612921326,11.876194756134826,S3_gaming,cutoff
6006.0,1.6683333333333332,0.36628996256761037,3.7331449812838047,0.031879362857111265,1.5950009688177391,3.5736655409217364,5.7,42.810522431711036,11.875367178147531,S3_gaming,cutoff
6008.0,1.6688888888888889,0.36606843106176534,3.733034215530883,0.031880395734828516,1.5950527162164996,3.5735496024991953,5.7,42.807936243096634,11.874539597790923,S3_gaming,cutoff
6010.0,1.6694444444444445,0.36584689236842094,3.732923446184211,0.031881428716067466,1.5951044688089526,3.573433659963888,5.7,42.805350047077084,11.873712015064667,S3_gaming,cutoff
6012.0,1.67,0.36562534648685574,3.732812673243428,0.03188246180084573,1.5951562265959867,3.573317713315365,5.7,42.80276384365137,11.872884429968439,S3_gaming,cutoff
6014.0,1.6705555555555556,0.3654037934163482,3.732701896708174,0.03188349498918092,1.5952079895784814,3.573201762553177,5.7,42.80017763281851,11.872056842501923,S3_gaming,cutoff
6016.0,1.6711111111111112,0.3651822331561767,3.732591116578088,0.03188452828109066,1.5952597577573224,3.5730858076768737,5.7,42.797591414577504,11.8712292526648,S3_gaming,cutoff
6018.0,1.6716666666666666,0.36496066570561947,3.73248033285281,0.03188556167659256,1.5953115311333976,3.572969848686007,5.7,42.79500518892738,11.87040166045676,S3_gaming,cutoff
6020.0,1.6722222222222223,0.3647390910639546,3.732369545531977,0.03188659517570425,1.5953633097075897,3.572853885580127,5.7,42.79241895586708,11.869574065877465,S3_gaming,cutoff
6022.0,1.6727777777777777,0.36451750923046,3.7322587546152306,0.03188762877844337,1.595415093480787,3.572737918358786,5.7,42.78983271539566,11.868746468926613,S3_gaming,cutoff
6024.0,1.6733333333333333,0.3642959202044136,3.732147960102207,0.03188866248482755,1.5954668824538747,3.5726219470215312,5.7,42.78724646751208,11.867918869603864,S3_gaming,cutoff
6026.0,1.673888888888889,0.36407432398509315,3.7320371619925465,0.03188969629487443,1.5955186766277385,3.572505971567915,5.7,42.784660212215336,11.867091267908908,S3_gaming,cutoff
6028.0,1.6744444444444444,0.3638527205717762,3.731926360285888,0.031890730208601656,1.5955704760032663,3.572389991997487,5.7,42.782073949504436,11.86626366384142,S3_gaming,cutoff
6030.0,1.675,0.36363110996374026,3.7318155549818703,0.03189176422602687,1.5956222805813436,3.5722740083097984,5.7,42.779487679378406,11.86543605740109,S3_gaming,cutoff
6032.0,1.6755555555555555,0.3634094921602627,3.7317047460801316,0.031892798347167725,1.5956740903628557,3.5721580205043972,5.7,42.77690140183621,11.864608448587589,S3_gaming,cutoff
6034.0,1.676111111111111,0.36318786716062074,3.73159393358031,0.03189383257204188,1.5957259053486939,3.572042028580835,5.7,42.77431511687685,11.863780837400592,S3_gaming,cutoff
6036.0,1.6766666666666667,0.3629662349640915,3.731483117482046,0.031894866900667,1.5957777255397403,3.571926032538662,5.7,42.77172882449934,11.862953223839789,S3_gaming,cutoff
6038.0,1.6772222222222222,0.36274459556995203,3.7313722977849766,0.031895901333060736,1.5958295509368863,3.571810032377427,5.7,42.769142524702666,11.862125607904854,S3_gaming,cutoff
6040.0,1.6777777777777778,0.3625229489774791,3.73126147448874,0.03189693586924077,1.59588138154102,3.57169402809668,5.7,42.76655621748581,11.861297989595458,S3_gaming,cutoff
6042.0,1.6783333333333332,0.3623012951859495,3.7311506475929748,0.03189797050922477,1.5959332173530265,3.5715780196959703,5.7,42.76396990284778,11.86047036891129,S3_gaming,cutoff
6044.0,1.6788888888888889,0.3620796341946399,3.73103981709732,0.03189900525303042,1.5959850583737945,3.571462007174848,5.7,42.76138358078759,11.859642745852028,S3_gaming,cutoff
6046.0,1.6794444444444445,0.3618579660028267,3.7309289830014136,0.031900040100675396,1.5960369046042115,3.5713459905328637,5.7,42.75879725130422,11.858815120417352,S3_gaming,cutoff
6048.0,1.68,0.36163629060978636,3.730818145304893,0.03190107505217739,1.596088756045172,3.571229969769565,5.7,42.75621091439667,11.857987492606934,S3_gaming,cutoff
6050.0,1.6805555555555556,0.3614146080147951,3.7307073040073977,0.03190211010755408,1.596140612697558,3.5711139448845017,5.7,42.75362457006393,11.857159862420458,S3_gaming,cutoff
6052.0,1.681111111111111,0.361192918217129,3.7305964591085647,0.031903145266823175,1.5961924745622607,3.5709979158772236,5.7,42.751038218305006,11.856332229857603,S3_gaming,cutoff
6054.0,1.6816666666666666,0.3609712212160642,3.730485610608032,0.031904180530002366,1.5962443416401684,3.5708818827472792,5.7,42.74845185911888,11.855504594918042,S3_gaming,cutoff
6056.0,1.6822222222222223,0.36074951701087643,3.7303747585054383,0.03190521589710936,1.5962962139321746,3.570765845494218,5.7,42.74586549250458,11.854676957601464,S3_gaming,cutoff
6058.0,1.6827777777777777,0.3605278056008416,3.730263902800421,0.031906251368161866,1.5963480914391648,3.570649804117589,5.7,42.74327911846104,11.853849317907533,S3_gaming,cutoff
6060.0,1.6833333333333333,0.3603060869852352,3.730153043492618,0.03190728694317759,1.5963999741620298,3.5705337586169414,5.7,42.74069273698732,11.853021675835944,S3_gaming,cutoff
6062.0,1.683888888888889,0.3600843611633328,3.730042180581666,0.03190832262217425,1.596451862101661,3.570417708991823,5.7,42.738106348082354,11.852194031386354,S3_gaming,cutoff
6064.0,1.6844444444444444,0.35986262813440983,3.729931314067205,0.03190935840516958,1.596503755258946,3.5703016552417837,5.7,42.73551995174519,11.851366384558462,S3_gaming,cutoff
6066.0,1.685,0.3596408878977415,3.7298204439488707,0.03191039429218128,1.5965556536347791,3.5701855973663705,5.7,42.7329335479748,11.850538735351938,S3_gaming,cutoff
6068.0,1.6855555555555555,0.359419140452603,3.7297095702263015,0.0319114302832271,1.596607557230048,3.5700695353651346,5.7,42.730347136770185,11.84971108376646,S3_gaming,cutoff
6070.0,1.6861111111111111,0.35919738579826926,3.7295986928991347,0.03191246637832476,1.596659466045644,3.569953469237622,5.7,42.727760718130334,11.848883429801708,S3_gaming,cutoff
6072.0,1.6866666666666668,0.3589756239340153,3.729487811967008,0.03191350257749201,1.5967113800824606,3.569837398983383,5.7,42.72517429205424,11.848055773457357,S3_gaming,cutoff
6074.0,1.6872222222222222,0.3587538548591157,3.7293769274295583,0.03191453888074658,1.5967632993413887,3.5697213246019643,5.7,42.722587858540884,11.847228114733083,S3_gaming,cutoff
6076.0,1.6877777777777778,0.3585320785728453,3.7292660392864225,0.03191557528810622,1.5968152238233169,3.569605246092915,5.7,42.720001417589266,11.846400453628565,S3_gaming,cutoff
6078.0,1.6883333333333332,0.35831029507447854,3.7291551475372393,0.03191661179958869,1.5968671535291383,3.5694891634557835,5.7,42.717414969198394,11.845572790143487,S3_gaming,cutoff
6080.0,1.6888888888888889,0.35808850436328976,3.729044252181645,0.03191764841521173,1.5969190884597444,3.569373076690117,5.7,42.71482851336725,11.844745124277521,S3_gaming,cutoff
6082.0,1.6894444444444445,0.35786670643855334,3.7289333532192765,0.03191868513499311,1.5969710286160315,3.569256985795466,5.7,42.71224205009482,11.843917456030344,S3_gaming,cutoff
6084.0,1.69,0.35764490129954335,3.728822450649772,0.03191972195895059,1.5970229739988877,3.5691408907713744,5.7,42.709655579380126,11.84308978540164,S3_gaming,cutoff
6086.0,1.6905555555555556,0.3574230889455339,3.728711544472767,0.031920758887101934,1.5970749246092097,3.5690247916173927,5.7,42.70706910122212,11.842262112391078,S3_gaming,cutoff
6088.0,1.691111111111111,0.35720126937579877,3.7286006346878993,0.03192179591946492,1.5971268804478826,3.5689086883330683,5.7,42.70448261561981,11.84143443699834,S3_gaming,cutoff
6090.0,1.6916666666666667,0.35697944258961184,3.728489721294806,0.031922833056057316,1.5971788415158088,3.568792580917948,5.7,42.7018961225722,11.840606759223105,S3_gaming,cutoff
6092.0,1.6922222222222223,0.3567576085862467,3.7283788042931234,0.03192387029689691,1.5972308078138764,3.5686764693715807,5.7,42.69930962207828,11.83977907906505,S3_gaming,cutoff
6094.0,1.6927777777777777,0.35653576736497694,3.7282678836824887,0.03192490764200149,1.597282779342979,3.5685603536935138,5.7,42.696723114137015,11.838951396523845,S3_gaming,cutoff
6096.0,1.6933333333333334,0.3563139189250759,3.728156959462538,0.03192594509138884,1.597334756104013,3.5684442338832927,5.7,42.69413659874742,11.838123711599176,S3_gaming,cutoff
6098.0,1.693888888888889,0.3560920632658169,3.7280460316329087,0.03192698264507675,1.5973867380978695,3.568328109940467,5.7,42.69155007590849,11.837296024290715,S3_gaming,cutoff
6100.0,1.6944444444444444,0.35587020038647305,3.7279351001932364,0.03192802030308302,1.5974387253254452,3.568211981864583,5.7,42.68896354561918,11.83646833459814,S3_gaming,cutoff
6102.0,1.695,0.3556483302863174,3.7278241651431587,0.03192905806542545,1.5974907177876334,3.5680958496551876,5.7,42.686377007878534,11.835640642521131,S3_gaming,cutoff
6104.0,1.6955555555555555,0.35542645296462294,3.7277132264823116,0.03193009593212186,1.5975427154853283,3.567979713311828,5.7,42.68379046268551,11.834812948059362,S3_gaming,cutoff
6106.0,1.6961111111111111,0.3552045684206624,3.727602284210332,0.031931133903190044,1.5975947184194261,3.5678635728340526,5.7,42.6812039100391,11.833985251212512,S3_gaming,cutoff
6108.0,1.6966666666666668,0.3549826766537084,3.727491338326854,0.031932171978647825,1.5976467265908179,3.567747428221406,5.7,42.678617349938285,11.833157551980252,S3_gaming,cutoff
6110.0,1.6972222222222222,0.35476077766303354,3.7273803888315173,0.031933210158513026,1.5976987400004055,3.567631279473437,5.7,42.67603078238208,11.832329850362266,S3_gaming,cutoff
6112.0,1.6977777777777778,0.3545388714479102,3.7272694357239553,0.03193424844280346,1.5977507586490773,3.567515126589691,5.7,42.67344420736946,11.831502146358227,S3_gaming,cutoff
6114.0,1.6983333333333333,0.35431695800761065,3.727158479003805,0.031935286831536965,1.5978027825377354,3.567398969569715,5.7,42.67085762489939,11.830674439967805,S3_gaming,cutoff
6116.0,1.698888888888889,0.35409503734140707,3.7270475186707035,0.03193632532473137,1.5978548116672735,3.567282808413056,5.7,42.668271034970914,11.829846731190694,S3_gaming,cutoff
6118.0,1.6994444444444445,0.3538731094485715,3.7269365547242863,0.0319373639224045,1.5979068460385852,3.5671666431192595,5.7,42.665684437583,11.829019020026562,S3_gaming,cutoff
6120.0,1.7,0.35365117432837584,3.7268255871641878,0.031938402624574216,1.59795888565257,3.567050473687874,5.7,42.6630978327346,11.828191306475071,S3_gaming,cutoff
6122.0,1.7005555555555556,0.3534292319800919,3.726714615990046,0.031939441431258354,1.5980109305101213,3.5669343001184437,5.7,42.66051122042475,11.82736359053592,S3_gaming,cutoff
6124.0,1.701111111111111,0.3532072824029913,3.7266036412014962,0.031940480342474764,1.5980629806121387,3.566818122410515,5.7,42.65792460065242,11.826535872208776,S3_gaming,cutoff
6126.0,1.7016666666666667,0.35298532559634566,3.7264926627981727,0.0319415193582413,1.5981150359595213,3.566701940563636,5.7,42.65533797341658,11.825708151493306,S3_gaming,cutoff
6128.0,1.7022222222222223,0.35276336155942634,3.7263816807797134,0.031942558478575814,1.5981670965531602,3.5665857545773507,5.7,42.65275133871625,11.8248804283892,S3_gaming,cutoff
6130.0,1.7027777777777777,0.3525413902915046,3.726270695145752,0.031943597703496175,1.5982191623939572,3.566469564451206,5.7,42.650164696550384,11.824052702896124,S3_gaming,cutoff
6132.0,1.7033333333333334,0.35231941179185167,3.7261597058959257,0.03194463703302025,1.5982712334828064,3.566353370184748,5.7,42.64757804691801,11.823224975013762,S3_gaming,cutoff
6134.0,1.7038888888888888,0.3520974260597386,3.7260487130298694,0.03194567646716591,1.5983233098206122,3.5662371717775208,5.7,42.64499138981809,11.822397244741788,S3_gaming,cutoff
6136.0,1.7044444444444444,0.35187543309443625,3.725937716547218,0.031946716005951024,1.598375391408266,3.566120969229072,5.7,42.6424047252496,11.821569512079872,S3_gaming,cutoff
6138.0,1.705,0.35165343289521545,3.725826716447608,0.031947755649393485,1.5984274782466694,3.566004762538947,5.7,42.639818053211556,11.820741777027697,S3_gaming,cutoff
6140.0,1.7055555555555555,0.3514314254613468,3.7257157127306733,0.031948795397511165,1.598479570336722,3.5658885517066916,5.7,42.6372313737029,11.81991403958493,S3_gaming,cutoff
6142.0,1.7061111111111111,0.35120941079210094,3.7256047053960506,0.03194983525032196,1.5985316676793175,3.5657723367318495,5.7,42.63464468672269,11.81908629975126,S3_gaming,cutoff
6144.0,1.7066666666666668,0.35098738888674824,3.725493694443374,0.03195087520784376,1.5985837702753607,3.5656561176139685,5.7,42.63205799226984,11.81825855752635,S3_gaming,cutoff
6146.0,1.7072222222222222,0.35076535974455897,3.7253826798722796,0.03195191527009446,1.5986358781257481,3.565539894352591,5.7,42.629471290343375,11.81743081290988,S3_gaming,cutoff
6148.0,1.7077777777777778,0.3505433233648033,3.7252716616824015,0.031952955437091965,1.598687991231379,3.5654236669472663,5.7,42.62688458094227,11.816603065901527,S3_gaming,cutoff
6150.0,1.7083333333333333,0.35032127974675137,3.7251606398733754,0.031953995708854176,1.5987401095931553,3.565307435397536,5.7,42.62429786406551,11.815775316500964,S3_gaming,cutoff
6152.0,1.708888888888889,0.350099228889673,3.7250496144448366,0.031955036085399006,1.5987922332119735,3.5651911997029466,5.7,42.6217111397121,11.814947564707872,S3_gaming,cutoff
6154.0,1.7094444444444445,0.349877170792838,3.724938585396419,0.031956076566744374,1.5988443620887332,3.565074959863043,5.7,42.619124407881,11.814119810521921,S3_gaming,cutoff
6156.0,1.71,0.349655105455516,3.724827552727758,0.03195711715290819,1.598896496224339,3.5649587158773697,5.7,42.6165376685712,11.813292053942783,S3_gaming,cutoff
6158.0,1.7105555555555556,0.3494330328769766,3.7247165164384883,0.03195815784390839,1.5989486356196874,3.5648424677454718,5.7,42.61395092178167,11.812464294970136,S3_gaming,cutoff
6160.0,1.711111111111111,0.3492109530564892,3.724605476528245,0.03195919863976289,1.5990007802756834,3.5647262154668944,5.7,42.61136416751143,11.811636533603659,S3_gaming,cutoff
6162.0,1.7116666666666667,0.34898886599332307,3.7244944329966616,0.03196023954048963,1.5990529301932233,3.5646099590411815,5.7,42.60877740575945,11.810808769843025,S3_gaming,cutoff
6164.0,1.7122222222222223,0.3487667716867474,3.7243833858433737,0.03196128054610654,1.5991050853732092,3.564493698467878,5.7,42.606190636524694,11.809981003687902,S3_gaming,cutoff
6166.0,1.7127777777777777,0.34854467013603124,3.724272335068016,0.03196232165663156,1.599157245816546,3.564377433746528,5.7,42.603603859806185,11.809153235137979,S3_gaming,cutoff
6168.0,1.7133333333333334,0.34832256134044354,3.724161280670222,0.03196336287208264,1.5992094115241329,3.564261164876676,5.7,42.601017075602854,11.808325464192913,S3_gaming,cutoff
6170.0,1.7138888888888888,0.34810044529925305,3.7240502226496264,0.03196440419247772,1.5992615824968692,3.5641448918578673,5.7,42.59843028391373,11.807497690852394,S3_gaming,cutoff
6172.0,1.7144444444444444,0.3478783220117284,3.7239391610058643,0.03196544561783477,1.5993137587356598,3.564028614689644,5.7,42.595843484737784,11.806669915116093,S3_gaming,cutoff
6174.0,1.715,0.3476561914771382,3.723828095738569,0.03196648714817174,1.5993659402414095,3.5639123333715523,5.7,42.59325667807399,11.805842136983678,S3_gaming,cutoff
6176.0,1.7155555555555555,0.34743405369475083,3.7237170268473756,0.03196752878350659,1.5994181270150147,3.5637960479031356,5.7,42.590669863921335,11.805014356454828,S3_gaming,cutoff
6178.0,1.7161111111111111,0.34721190866383456,3.7236059543319175,0.031968570523857286,1.5994703190573833,3.5636797582839375,5.7,42.588083042278804,11.804186573529218,S3_gaming,cutoff
6180.0,1.7166666666666666,0.3469897563836576,3.723494878191829,0.0319696123692418,1.5995225163694142,3.563563464513502,5.7,42.58549621314539,11.803358788206525,S3_gaming,cutoff
6182.0,1.7172222222222222,0.34676759685348796,3.7233837984267444,0.03197065431967811,1.5995747189520153,3.563447166591373,5.7,42.58290937652004,11.802531000486415,S3_gaming,cutoff
6184.0,1.7177777777777778,0.34654543007259353,3.723272715036297,0.0319716963751842,1.5996269268060859,3.563330864517094,5.7,42.58032253240177,11.801703210368569,S3_gaming,cutoff
6186.0,1.7183333333333333,0.34632325604024217,3.7231616280201214,0.03197273853577804,1.5996791399325305,3.563214558290209,5.7,42.577735680789566,11.80087541785266,S3_gaming,cutoff
6188.0,1.718888888888889,0.3461010747557015,3.7230505373778504,0.031973780801477635,1.5997313583322514,3.563098247910261,5.7,42.57514882168236,11.800047622938356,S3_gaming,cutoff
6190.0,1.7194444444444446,0.34587888621823903,3.7229394431091194,0.031974823172300965,1.5997835820061561,3.5629819333767947,5.7,42.572561955079195,11.799219825625343,S3_gaming,cutoff
6192.0,1.72,0.3456566904271222,3.722828345213561,0.03197586564826604,1.599835810955147,3.562865614689352,5.7,42.56997508097902,11.798392025913287,S3_gaming,cutoff
6194.0,1.7205555555555556,0.34543448738161836,3.722717243690809,0.031976908229390845,1.5998880451801283,3.5627492918474775,5.7,42.567388199380815,11.797564223801862,S3_gaming,cutoff
6196.0,1.721111111111111,0.34521227708099456,3.722606138540497,0.0319779509156934,1.5999402846820054,3.5626329648507125,5.7,42.56480131028358,11.796736419290745,S3_gaming,cutoff
6198.0,1.7216666666666667,0.3449900595245179,3.722495029762259,0.03197899370719171,1.5999925294616828,3.5625166336986007,5.7,42.56221441368628,11.795908612379609,S3_gaming,cutoff
6200.0,1.7222222222222223,0.3447678347114553,3.722383917355728,0.03198003660390379,1.6000447795200683,3.562400298390688,5.7,42.55962750958789,11.795080803068124,S3_gaming,cutoff
6202.0,1.7227777777777777,0.3445456026410735,3.7222728013205364,0.03198107960584766,1.6000970348580612,3.5622839589265127,5.7,42.557040597987374,11.794252991355961,S3_gaming,cutoff
6204.0,1.7233333333333334,0.34432336331263913,3.7221616816563197,0.03198212271304134,1.6001492954765717,3.5621676153056216,5.7,42.55445367888378,11.79342517724281,S3_gaming,cutoff
6206.0,1.7238888888888888,0.3441011167254188,3.7220505583627093,0.03198316592550286,1.6002015613765046,3.562051267527555,5.7,42.551866752276005,11.792597360728323,S3_gaming,cutoff
6208.0,1.7244444444444444,0.3438788628786789,3.72193943143934,0.03198420924325026,1.600253832558765,3.561934915591857,5.7,42.54927981816311,11.791769541812195,S3_gaming,cutoff
6210.0,1.725,0.34365660177168567,3.721828300885843,0.03198525266630157,1.6003061090242603,3.5618185594980702,5.7,42.546692876543986,11.790941720494077,S3_gaming,cutoff
6212.0,1.7255555555555555,0.34343433340370527,3.7217171667018527,0.03198629619467482,1.6003583907738954,3.5617021992457354,5.7,42.544105927417675,11.790113896773656,S3_gaming,cutoff
6214.0,1.7261111111111112,0.34321205777400376,3.721606028887002,0.03198733982838808,1.600410677808578,3.561585834834397,5.7,42.541518970783144,11.789286070650606,S3_gaming,cutoff
6216.0,1.7266666666666666,0.34298977488184706,3.7214948874409233,0.03198838356745937,1.6004629701292183,3.5614694662635964,5.7,42.53893200663934,11.788458242124591,S3_gaming,cutoff
6218.0,1.7272222222222222,0.3427674847265009,3.7213837423632503,0.03198942741190677,1.6005152677367156,3.561353093532876,5.7,42.536345034985295,11.787630411195295,S3_gaming,cutoff
6220.0,1.7277777777777779,0.342545187307231,3.721272593653615,0.03199047136174833,1.6005675706319833,3.561236716641778,5.7,42.533758055819945,11.786802577862382,S3_gaming,cutoff
6222.0,1.7283333333333333,0.3423228826233028,3.7211614413116516,0.03199151541700211,1.6006198788159258,3.5611203355898455,5.7,42.53117106914229,11.785974742125534,S3_gaming,cutoff
6224.0,1.728888888888889,0.3421005706739817,3.721050285336991,0.03199255957768618,1.600672192289454,3.5610039503766187,5.7,42.52858407495129,11.785146903984414,S3_gaming,cutoff
6226.0,1.7294444444444443,0.341878251458533,3.7209391257292666,0.031993603843818615,1.6007245110534751,3.56088756100164,5.7,42.52599707324594,11.784319063438701,S3_gaming,cutoff
6228.0,1.73,0.3416559249762219,3.7208279624881104,0.03199464821541748,1.600776835108894,3.560771167464452,5.7,42.52341006402519,11.783491220488061,S3_gaming,cutoff
6230.0,1.7305555555555556,0.34143359122631334,3.720716795613156,0.03199569269250087,1.6008291644566242,3.560654769764596,5.7,42.52082304728805,11.782663375132175,S3_gaming,cutoff
6232.0,1.731111111111111,0.34121125020807225,3.720605625104036,0.03199673727508686,1.60088149909757,3.5605383679016134,5.7,42.518236023033495,11.781835527370719,S3_gaming,cutoff
6234.0,1.7316666666666667,0.34098890192076337,3.720494450960382,0.03199778196319354,1.6009338390326422,3.560421961875047,5.7,42.515648991260484,11.781007677203355,S3_gaming,cutoff
6236.0,1.7322222222222223,0.3407665463636514,3.7203832731818256,0.03199882675683901,1.6009861842627509,3.5603055516844364,5.7,42.51306195196798,11.780179824629753,S3_gaming,cutoff
6238.0,1.7327777777777778,0.3405441835360008,3.720272091768,0.03199987165604136,1.6010385347888039,3.5601891373293255,5.7,42.51047490515498,11.779351969649595,S3_gaming,cutoff
6240.0,1.7333333333333334,0.34032181343707596,3.7201609067185384,0.032000916660818696,1.6010908906117087,3.560072718809253,5.7,42.50788785082049,11.778524112262557,S3_gaming,cutoff
6242.0,1.7338888888888888,0.3400994360661412,3.7200497180330707,0.03200196177118913,1.6011432517323787,3.5599562961237616,5.7,42.50530078896343,11.7776962524683,S3_gaming,cutoff
6244.0,1.7344444444444445,0.33987705142246055,3.719938525711231,0.03200300698717076,1.601195618151721,3.5598398692723925,5.7,42.502713719582815,11.776868390266502,S3_gaming,cutoff
6246.0,1.735,0.3396546595052981,3.719827329752649,0.03200405230878172,1.6012479898706493,3.5597234382546867,5.7,42.50012664267758,11.776040525656827,S3_gaming,cutoff
6248.0,1.7355555555555555,0.33943226031391777,3.719716130156959,0.032005097736040114,1.601300366890071,3.5596070030701843,5.7,42.49753955824675,11.77521265863896,S3_gaming,cutoff
6250.0,1.7361111111111112,0.33920985384758323,3.7196049269237923,0.032006143268964074,1.6013527492108992,3.5594905637184264,5.7,42.49495246628927,11.774384789212567,S3_gaming,cutoff
6252.0,1.7366666666666666,0.33898744010555815,3.719493720052779,0.03200718890757173,1.6014051368340414,3.559374120198955,5.7,42.4923653668041,11.773556917377313,S3_gaming,cutoff
6254.0,1.7372222222222222,0.33876501908710605,3.719382509543553,0.03200823465188122,1.601457529760411,3.55925767251131,5.7,42.489778259790256,11.772729043132882,S3_gaming,cutoff
6256.0,1.7377777777777779,0.33854259079149024,3.719271295395745,0.03200928050191067,1.601509927990921,3.559141220655032,5.7,42.48719114524669,11.77190116647894,S3_gaming,cutoff
6258.0,1.7383333333333333,0.33832015521797404,3.7191600776089873,0.03201032645767823,1.6015623315264764,3.559024764629662,5.7,42.48460402317237,11.77107328741516,S3_gaming,cutoff
6260.0,1.738888888888889,0.33809771236582054,3.7190488561829103,0.03201137251920204,1.601614740367996,3.5589083044347407,5.7,42.48201689356628,11.77024540594121,S3_gaming,cutoff
6262.0,1.7394444444444443,0.33787526223429276,3.7189376311171465,0.03201241868650025,1.6016671545163896,3.5587918400698064,5.7,42.47942975642739,11.769417522056767,S3_gaming,cutoff
6264.0,1.74,0.3376528048226536,3.7188264024113264,0.03201346495959103,1.601719573972568,3.558675371534401,5.7,42.47684261175467,11.768589635761495,S3_gaming,cutoff
6266.0,1.7405555555555556,0.3374303401301657,3.718715170065083,0.03201451133849253,1.6017719987374472,3.5585588988280663,5.7,42.4742554595471,11.767761747055074,S3_gaming,cutoff
6268.0,1.741111111111111,0.3372078681560918,3.718603934078046,0.03201555782322291,1.601824428811932,3.5584424219503403,5.7,42.47166829980366,11.766933855937172,S3_gaming,cutoff
6270.0,1.7416666666666667,0.3369853888996943,3.7184926944498473,0.03201660441380034,1.6018768641969439,3.5583259409007635,5.7,42.469081132523314,11.76610596240746,S3_gaming,cutoff
6272.0,1.7422222222222221,0.33676290236023565,3.718381451180118,0.032017651110243,1.6019293048933902,3.5582094556788757,5.7,42.46649395770503,11.765278066465612,S3_gaming,cutoff
6274.0,1.7427777777777778,0.33654040853697803,3.7182702042684888,0.03201869791256907,1.6019817509021899,3.5580929662842165,5.7,42.46390677534777,11.764450168111289,S3_gaming,cutoff
6276.0,1.7433333333333334,0.33631790742918355,3.718158953714592,0.03201974482079672,1.6020342022242506,3.5579764727163266,5.7,42.46131958545055,11.763622267344177,S3_gaming,cutoff
6278.0,1.7438888888888888,0.3360953990361142,3.718047699518057,0.03202079183494414,1.602086658860488,3.5578599749747455,5.7,42.458732388012294,11.762794364163934,S3_gaming,cutoff
6280.0,1.7444444444444445,0.3358728833570318,3.717936441678516,0.03202183895502953,1.6021391208118185,3.5577434730590136,5.7,42.456145183031985,11.761966458570235,S3_gaming,cutoff
6282.0,1.745,0.3356503603911981,3.7178251801955993,0.03202288618107108,1.6021915880791548,3.5576269669686678,5.7,42.45355797050861,11.761138550562757,S3_gaming,cutoff
6284.0,1.7455555555555555,0.33542783013787475,3.717713915068938,0.03202393351308699,1.6022440606634103,3.5575104567032505,5.7,42.450970750441144,11.760310640141167,S3_gaming,cutoff
6286.0,1.7461111111111112,0.3352052925963232,3.7176026462981615,0.032024980951095454,1.602296538565498,3.557393942262299,5.7,42.448383522828536,11.759482727305132,S3_gaming,cutoff
6288.0,1.7466666666666666,0.3349827477658048,3.7174913738829023,0.0320260284951147,1.6023490217863368,3.557277423645353,5.7,42.445796287669765,11.758654812054324,S3_gaming,cutoff
6290.0,1.7472222222222222,0.33476019564558074,3.71738009782279,0.03202707614516292,1.6024015103268423,3.5571609008519527,5.7,42.44320904496381,11.757826894388419,S3_gaming,cutoff
6292.0,1.7477777777777779,0.3345376362349121,3.7172688181174562,0.032028123901258344,1.6024540041879254,3.557044373881636,5.7,42.44062179470963,11.756998974307082,S3_gaming,cutoff
6294.0,1.7483333333333333,0.33431506953305995,3.71715753476653,0.03202917176341919,1.6025065033705015,3.5569278427339435,5.7,42.43803453690621,11.756171051809988,S3_gaming,cutoff
6296.0,1.748888888888889,0.33409249553928505,3.7170462477696424,0.03203021973166369,1.6025590078754925,3.5568113074084122,5.7,42.4354472715525,11.7553431268968,S3_gaming,cutoff
6298.0,1.7494444444444444,0.3338699142528481,3.7169349571264236,0.032031267806010066,1.6026115177038085,3.5566947679045824,5.7,42.43285999864748,11.754515199567194,S3_gaming,cutoff
6300.0,1.75,0.33364732567300975,3.716823662836505,0.03203231598647656,1.6026640328563684,3.5565782242219925,5.7,42.43027271819014,11.753687269820846,S3_gaming,cutoff
6302.0,1.7505555555555556,0.3334247297990304,3.7167123648995153,0.03203336427308141,1.6027165533340852,3.55646167636018,5.7,42.42768543017943,11.752859337657418,S3_gaming,cutoff
6304.0,1.751111111111111,0.33320212663017035,3.7166010633150854,0.032034412665842865,1.6027690791378835,3.5563451243186854,5.7,42.42509813461431,11.752031403076579,S3_gaming,cutoff
6306.0,1.7516666666666667,0.3329795161656899,3.7164897580828455,0.032035461164779164,1.6028216102686732,3.5562285680970454,5.7,42.42251083149375,11.751203466078001,S3_gaming,cutoff
6308.0,1.7522222222222221,0.33275689840484907,3.716378449202425,0.032036509769908565,1.6028741467273704,3.5561120076947996,5.7,42.419923520816745,11.750375526661358,S3_gaming,cutoff
6310.0,1.7527777777777778,0.3325342733469078,3.716267136673454,0.03203755848124932,1.6029266885148967,3.5559954431114864,5.7,42.41733620258223,11.749547584826313,S3_gaming,cutoff
6312.0,1.7533333333333334,0.332311640991126,3.7161558204955636,0.032038607298819695,1.6029792356321682,3.5558788743466434,5.7,42.41474887678919,11.748719640572542,S3_gaming,cutoff
6314.0,1.7538888888888888,0.3320890013367632,3.7160445006683815,0.03203965622263796,1.603031788080103,3.555762301399809,5.7,42.41216154343658,11.747891693899707,S3_gaming,cutoff
6316.0,1.7544444444444445,0.3318663543830791,3.71593317719154,0.03204070525272239,1.6030843458596178,3.555645724270522,5.7,42.40957420252341,11.747063744807491,S3_gaming,cutoff
6318.0,1.755,0.3316437001293331,3.7158218500646667,0.032041754389091244,1.6031369089716334,3.5555291429583185,5.7,42.4069868540486,11.746235793295552,S3_gaming,cutoff
6320.0,1.7555555555555555,0.3314210385747845,3.7157105192873923,0.03204280363176281,1.6031894774170663,3.5554125574627378,5.7,42.40439949801114,11.745407839363565,S3_gaming,cutoff
6322.0,1.7561111111111112,0.3311983697186925,3.715599184859346,0.03204385298075538,1.6032420511968348,3.5552959677833185,5.7,42.40181213440999,11.744579883011196,S3_gaming,cutoff
6324.0,1.7566666666666666,0.33097569356031614,3.715487846780158,0.03204490243608723,1.6032946303118578,3.555179373919596,5.7,42.39922476324412,11.743751924238119,S3_gaming,cutoff
6326.0,1.7572222222222222,0.3307530100989144,3.7153765050494574,0.032045951997776656,1.6033472147630567,3.5550627758711104,5.7,42.396637384512495,11.742923963044,S3_gaming,cutoff
6328.0,1.7577777777777779,0.330530319333746,3.715265159666873,0.032047001665841957,1.6033998045513447,3.5549461736373975,5.7,42.394049998214086,11.742095999428509,S3_gaming,cutoff
6330.0,1.7583333333333333,0.33030762126406965,3.7151538106320343,0.032048051440301435,1.6034523996776517,3.554829567217996,5.7,42.39146260434784,11.74126803339131,S3_gaming,cutoff
6332.0,1.758888888888889,0.3300849158891439,3.715042457944572,0.032049101321173404,1.6035050001428879,3.554712956612442,5.7,42.38887520291277,11.740440064932088,S3_gaming,cutoff
6334.0,1.7594444444444444,0.3298622032082272,3.7149311016041136,0.03205015130847617,1.6035576059479777,3.5545963418202744,5.7,42.3862877939078,11.739612094050496,S3_gaming,cutoff
6336.0,1.76,0.32963948322057773,3.714819741610289,0.03205120140222804,1.6036102170938427,3.5544797228410276,5.7,42.38370037733192,11.738784120746214,S3_gaming,cutoff
6338.0,1.7605555555555557,0.3294167559254538,3.714708377962727,0.03205225160244734,1.6036628335813985,3.5543630996742417,5.7,42.38111295318405,11.737956145018897,S3_gaming,cutoff
6340.0,1.761111111111111,0.32919402132211334,3.7145970106610564,0.0320533019091524,1.6037154554115696,3.554246472319453,5.7,42.37852552146322,11.73712816686823,S3_gaming,cutoff
6342.0,1.7616666666666667,0.3289712794098143,3.7144856397049066,0.03205435232236154,1.6037680825852774,3.554129840776198,5.7,42.37593808216834,11.73630018629387,S3_gaming,cutoff
6344.0,1.7622222222222221,0.32874853018781447,3.714374265093907,0.0320554028420931,1.6038207151034405,3.5540132050440145,5.7,42.373350635298415,11.735472203295494,S3_gaming,cutoff
6346.0,1.7627777777777778,0.32852577365537144,3.7142628868276857,0.032056453468365415,1.6038733529669806,3.5538965651224372,5.7,42.37076318085239,11.734644217872766,S3_gaming,cutoff
6348.0,1.7633333333333334,0.32830300981174276,3.714151504905872,0.032057504201196824,1.603925996176822,3.553779921011005,5.7,42.36817571882926,11.733816230025361,S3_gaming,cutoff
6350.0,1.7638888888888888,0.32808023865618585,3.714040119328093,0.03205855504060568,1.6039786447338833,3.5536632727092514,5.7,42.36558824922791,11.732988239752933,S3_gaming,cutoff
6352.0,1.7644444444444445,0.32785746018795797,3.713928730093979,0.03205960598661033,1.6040312986390886,3.5535466202167165,5.7,42.36300077204738,11.732160247055162,S3_gaming,cutoff
6354.0,1.765,0.3276346744063163,3.713817337203158,0.03206065703922913,1.6040839578933568,3.5534299635329356,5.7,42.360413287286605,11.731332251931715,S3_gaming,cutoff
6356.0,1.7655555555555555,0.32741188131051774,3.7137059406552586,0.03206170819848044,1.6041366224976177,3.553313302657444,5.7,42.35782579494456,11.730504254382259,S3_gaming,cutoff
6358.0,1.7661111111111112,0.32718908089981924,3.71359454044991,0.032062759464382626,1.6041892924527845,3.55319663758978,5.7,42.35523829502022,11.72967625440647,S3_gaming,cutoff
6360.0,1.7666666666666666,0.32696627317347754,3.713483136586739,0.03206381083695406,1.6042419677597868,3.5530799683294783,5.7,42.3526507875125,11.728848252004001,S3_gaming,cutoff
6362.0,1.7672222222222222,0.3267434581307493,3.7133717290653747,0.03206486231621311,1.6042946484195464,3.5529632948760734,5.7,42.3500632724204,11.728020247174529,S3_gaming,cutoff
6364.0,1.7677777777777777,0.32652063577089097,3.7132603178854455,0.03206591390217816,1.6043473344329844,3.5528466172291044,5.7,42.347475749742884,11.727192239917724,S3_gaming,cutoff
6366.0,1.7683333333333333,0.3262978060931589,3.713148903046579,0.03206696559486758,1.6044000258010283,3.552729935388105,5.7,42.3448882194789,11.726364230233248,S3_gaming,cutoff
6368.0,1.768888888888889,0.3260749690968094,3.713037484548405,0.03206801739429977,1.604452722524599,3.552613249352613,5.7,42.34230068162742,11.725536218120775,S3_gaming,cutoff
6370.0,1.7694444444444444,0.32585212478109854,3.712926062390549,0.03206906930049312,1.6045054246046213,3.552496559122163,5.7,42.3397131361874,11.724708203579969,S3_gaming,cutoff
6372.0,1.77,0.32562927314528234,3.7128146365726407,0.032070121313466024,1.6045581320420192,3.55237986469629,5.7,42.3371255831578,11.723880186610497,S3_gaming,cutoff
6374.0,1.7705555555555557,0.3254064141886166,3.7127032070943082,0.03207117343323688,1.6046108448377199,3.5522631660745305,5.7,42.3345380225376,11.723052167212034,S3_gaming,cutoff
6376.0,1.771111111111111,0.3251835479103571,3.712591773955179,0.032072225659824094,1.6046635629926447,3.5521464632564195,5.7,42.33195045432576,11.722224145384242,S3_gaming,cutoff
6378.0,1.7716666666666667,0.3249606743097594,3.7124803371548794,0.03207327799324608,1.604716286507718,3.552029756241492,5.7,42.329362878521195,11.721396121126782,S3_gaming,cutoff
6380.0,1.7722222222222221,0.324737793386079,3.7123688966930395,0.03207433043352125,1.6047690153838694,3.5519130450292855,5.7,42.32677529512293,11.720568094439336,S3_gaming,cutoff
6382.0,1.7727777777777778,0.32451490513857123,3.7122574525692857,0.032075382980668025,1.6048217496220178,3.551796329619333,5.7,42.32418770412988,11.719740065321563,S3_gaming,cutoff
6384.0,1.7733333333333334,0.3242920095664913,3.7121460047832455,0.032076435634704824,1.6048744892230986,3.5516796100111705,5.7,42.321600105541016,11.718912033773126,S3_gaming,cutoff
6386.0,1.7738888888888888,0.3240691066690943,3.712034553334547,0.03207748839565007,1.6049272341880276,3.5515628862043322,5.7,42.31901249935531,11.7180839997937,S3_gaming,cutoff
6388.0,1.7744444444444445,0.3238461964456351,3.711923098222818,0.0320785412635222,1.6049799845177348,3.5514461581983534,5.7,42.316424885571735,11.717255963382955,S3_gaming,cutoff
6390.0,1.775,0.3236232788953687,3.7118116394476846,0.03207959423833965,1.6050327402131497,3.5513294259927695,5.7,42.31383726418921,11.716427924540547,S3_gaming,cutoff
6392.0,1.7755555555555556,0.3234003540175497,3.7117001770087747,0.032080647320120864,1.6050855012751941,3.5512126895871154,5.7,42.31124963520672,11.715599883266151,S3_gaming,cutoff
6394.0,1.7761111111111112,0.32317742181143266,3.7115887109057164,0.03208170050888429,1.6051382677047976,3.551095948980925,5.7,42.30866199862322,11.714771839559432,S3_gaming,cutoff
6396.0,1.7766666666666666,0.32295448227627205,3.7114772411381356,0.03208275380464837,1.6051910395028846,3.550979204173734,5.7,42.30607435443767,11.713943793420055,S3_gaming,cutoff
6398.0,1.7772222222222223,0.32273153541132216,3.711365767705661,0.032083807207431564,1.6052438166703875,3.550862455165076,5.7,42.303486702649046,11.713115744847695,S3_gaming,cutoff
6400.0,1.7777777777777777,0.3225085812158372,3.7112542906079184,0.03208486071725233,1.605296599208228,3.5507457019544852,5.7,42.30089904325628,11.71228769384201,S3_gaming,cutoff
6402.0,1.7783333333333333,0.3222856196890712,3.7111428098445356,0.03208591433412913,1.6053493871173357,3.5506289445414976,5.7,42.29831137625834,11.71145964040267,S3_gaming,cutoff
6404.0,1.778888888888889,0.32206265083027813,3.7110313254151395,0.03208696805808043,1.6054021803986378,3.550512182925645,5.7,42.295723701654204,11.710631584529345,S3_gaming,cutoff
6406.0,1.7794444444444444,0.3218396746387117,3.7109198373193557,0.03208802188912471,1.6054549790530697,3.5503954171064627,5.7,42.29313601944278,11.70980352622169,S3_gaming,cutoff
6408.0,1.78,0.3216166911136257,3.710808345556813,0.03208907582728045,1.6055077830815472,3.550278647083486,5.7,42.29054832962308,11.708975465479385,S3_gaming,cutoff
6410.0,1.7805555555555554,0.32139370025427355,3.7106968501271367,0.03209012987256611,1.6055605924850085,3.550161872856248,5.7,42.28796063219402,11.708147402302087,S3_gaming,cutoff
6412.0,1.781111111111111,0.3211707020599087,3.7105853510299545,0.0320911840250002,1.605613407264378,3.5500450944242816,5.7,42.285372927154604,11.707319336689475,S3_gaming,cutoff
6414.0,1.7816666666666667,0.3209476965297845,3.7104738482648925,0.0320922382846012,1.605666227420588,3.5499283117871214,5.7,42.28278521450374,11.706491268641198,S3_gaming,cutoff
6416.0,1.7822222222222222,0.32072468366315404,3.710362341831577,0.032093292651387606,1.6057190529545655,3.5498115249443023,5.7,42.280197494240426,11.705663198156936,S3_gaming,cutoff
6418.0,1.7827777777777778,0.32050166345927034,3.710250831729635,0.032094347125377926,1.6057718838672408,3.549694733895356,5.7,42.27760976636358,11.704835125236347,S3_gaming,cutoff
6420.0,1.7833333333333334,0.3202786359173863,3.710139317958693,0.03209540170659065,1.6058247201595404,3.549577938639817,5.7,42.275022030872194,11.704007049879102,S3_gaming,cutoff
6422.0,1.7838888888888889,0.32005560103675473,3.710027800518377,0.0320964563950443,1.6058775618324,3.549461139177219,5.7,42.27243428776521,11.703178972084867,S3_gaming,cutoff
6424.0,1.7844444444444445,0.3198325588166282,3.709916279408314,0.03209751119075738,1.6059304088867465,3.5493443355070955,5.7,42.26984653704158,11.702350891853305,S3_gaming,cutoff
6426.0,1.785,0.31960950925625925,3.70980475462813,0.032098566093748414,1.6059832613235097,3.5492275276289784,5.7,42.26725877870028,11.70152280918409,S3_gaming,cutoff
6428.0,1.7855555555555556,0.3193864523549002,3.7096932261774502,0.03209962110403592,1.6060361191436223,3.5491107155424024,5.7,42.26467101274023,11.700694724076873,S3_gaming,cutoff
6430.0,1.7861111111111112,0.3191633881118034,3.7095816940559017,0.03210067622163843,1.606088982348014,3.5489938992469012,5.7,42.262083239160404,11.699866636531329,S3_gaming,cutoff
6432.0,1.7866666666666666,0.3189403165262209,3.7094701582631107,0.03210173144657447,1.6061418509376173,3.548877078742005,5.7,42.25949545795977,11.699038546547127,S3_gaming,cutoff
6434.0,1.7872222222222223,0.3187172375974047,3.7093586187987024,0.03210278677886259,1.6061947249133595,3.548760254027249,5.7,42.25690766913726,11.698210454123926,S3_gaming,cutoff
6436.0,1.7877777777777777,0.3184941513246067,3.7092470756623035,0.032103842218521306,1.6062476042761786,3.5486434251021666,5.7,42.25431987269185,11.697382359261393,S3_gaming,cutoff
6438.0,1.7883333333333333,0.31827105770707853,3.7091355288535395,0.032104897765569185,1.6063004890270016,3.5485265919662887,5.7,42.25173206862249,11.696554261959196,S3_gaming,cutoff
6440.0,1.788888888888889,0.3180479567440719,3.709023978372036,0.032105953420024765,1.606353379166761,3.548409754619149,5.7,42.24914425692812,11.695726162217,S3_gaming,cutoff
6442.0,1.7894444444444444,0.3178248484348382,3.708912424217419,0.03210700918190661,1.6064062746963896,3.5482929130602803,5.7,42.246556437607715,11.694898060034468,S3_gaming,cutoff
6444.0,1.79,0.31760173277862885,3.708800866389314,0.032108065051233266,1.60645917561682,3.548176067289214,5.7,42.243968610660204,11.694069955411265,S3_gaming,cutoff
6446.0,1.7905555555555555,0.317378609774695,3.7086893048873475,0.0321091210280233,1.6065120819289873,3.548059217305485,5.7,42.24138077608457,11.693241848347062,S3_gaming,cutoff
6448.0,1.791111111111111,0.3171554794222878,3.708577739711144,0.03211017711229529,1.6065649936338215,3.5479423631086218,5.7,42.23879293387974,11.692413738841518,S3_gaming,cutoff
6450.0,1.7916666666666667,0.3169323417206581,3.708466170860329,0.032111233304067795,1.6066179107322553,3.5478255046981606,5.7,42.2362050840447,11.691585626894303,S3_gaming,cutoff
6452.0,1.7922222222222222,0.31670919666905684,3.7083545983345285,0.0321122896033594,1.6066708332252237,3.5477086420736303,5.7,42.23361722657837,11.690757512505078,S3_gaming,cutoff
6454.0,1.7927777777777778,0.31648604426673466,3.7082430221333675,0.032113346010188684,1.6067237611136598,3.547591775234565,5.7,42.23102936147971,11.689929395673508,S3_gaming,cutoff
6456.0,1.7933333333333332,0.3162628845129421,3.7081314422564713,0.03211440252457424,1.6067766943984985,3.5474749041804965,5.7,42.22844148874769,11.689101276399262,S3_gaming,cutoff
6458.0,1.7938888888888889,0.31603971740692965,3.708019858703465,0.032115459146534645,1.6068296330806724,3.5473580289109563,5.7,42.225853608381236,11.688273154681996,S3_gaming,cutoff
6460.0,1.7944444444444445,0.3158165429479476,3.7079082714739737,0.032116515876088506,1.6068825771611173,3.5472411494254756,5.7,42.223265720379324,11.687445030521385,S3_gaming,cutoff
6462.0,1.795,0.31559336113524605,3.7077966805676232,0.03211757271325442,1.6069355266407652,3.5471242657235873,5.7,42.220677824740896,11.686616903917088,S3_gaming,cutoff
6464.0,1.7955555555555556,0.31537017196807515,3.707685085984038,0.032118629658050984,1.6069884815205548,3.547007377804822,5.7,42.21808992146491,11.68578877486877,S3_gaming,cutoff
6466.0,1.7961111111111112,0.31514697544568476,3.7075734877228426,0.032119686710496816,1.6070414418014156,3.5468904856687122,5.7,42.21550201055032,11.684960643376101,S3_gaming,cutoff
6468.0,1.7966666666666666,0.31492377156732465,3.7074618857836623,0.03212074387061053,1.6070944074842886,3.5467735893147894,5.7,42.21291409199605,11.684132509438736,S3_gaming,cutoff
6470.0,1.7972222222222223,0.3147005603322445,3.7073502801661222,0.03212180113841074,1.6071473785701063,3.5466566887425843,5.7,42.21032616580108,11.683304373056345,S3_gaming,cutoff
6472.0,1.7977777777777777,0.3144773417396939,3.707238670869847,0.03212285851391607,1.607200355059804,3.546539783951627,5.7,42.207738231964356,11.682476234228593,S3_gaming,cutoff
6474.0,1.7983333333333333,0.31425411578892215,3.707127057894461,0.03212391599714514,1.6072533369543174,3.5464228749414515,5.7,42.20515029048482,11.681648092955143,S3_gaming,cutoff
6476.0,1.798888888888889,0.31403088247917854,3.7070154412395895,0.03212497358811659,1.6073063242545842,3.546305961711586,5.7,42.20256234136144,11.680819949235662,S3_gaming,cutoff
6478.0,1.7994444444444444,0.3138076418097122,3.706903820904856,0.03212603128684906,1.60735931696154,3.546189044261564,5.7,42.19997438459315,11.679991803069807,S3_gaming,cutoff
6480.0,1.8,0.3135843937797722,3.7067921968898867,0.03212708909336118,1.607412315076126,3.5460721225909158,5.7,42.19738642017891,11.67916365445725,S3_gaming,cutoff
6482.0,1.8005555555555555,0.31336113838860735,3.7066805691943037,0.032128147007671595,1.6074653185992687,3.545955196699172,5.7,42.194798448117645,11.678335503397646,S3_gaming,cutoff
6484.0,1.801111111111111,0.3131378756354664,3.706568937817733,0.03212920502979896,1.607518327531915,3.5458382665858617,5.7,42.192210468408334,11.677507349890666,S3_gaming,cutoff
6486.0,1.8016666666666667,0.312914605519598,3.706457302759799,0.03213026315976194,1.6075713418749997,3.5457213322505186,5.7,42.18962248104991,11.676679193935971,S3_gaming,cutoff
6488.0,1.8022222222222222,0.31269132804025057,3.7063456640201253,0.032131321397579175,1.607624361629456,3.5456043936926704,5.7,42.187034486041334,11.675851035533228,S3_gaming,cutoff
6490.0,1.8027777777777778,0.31246804319667254,3.7062340215983363,0.032132379743269344,1.6076773867962246,3.54548745091185,5.7,42.18444648338156,11.675022874682098,S3_gaming,cutoff
6492.0,1.8033333333333332,0.3122447509881121,3.706122375494056,0.032133438196851105,1.6077304173762463,3.545370503907587,5.7,42.18185847306951,11.674194711382244,S3_gaming,cutoff
6494.0,1.8038888888888889,0.3120214514138174,3.706010725706909,0.03213449675834314,1.6077834533704538,3.5452535526794104,5.7,42.179270455104174,11.673366545633336,S3_gaming,cutoff
6496.0,1.8044444444444445,0.3117981444730363,3.7058990722365177,0.03213555542776411,1.6078364947797907,3.5451365972268527,5.7,42.17668242948444,11.672538377435021,S3_gaming,cutoff
6498.0,1.805,0.3115748301650167,3.7057874150825088,0.03213661420513272,1.6078895416051924,3.545019637549442,5.7,42.17409439620933,11.671710206786985,S3_gaming,cutoff
6500.0,1.8055555555555556,0.3113515084890063,3.705675754244503,0.03213767309046764,1.607942593847597,3.5449026736467095,5.7,42.171506355277735,11.670882033688875,S3_gaming,cutoff
6502.0,1.806111111111111,0.31112817944425264,3.7055640897221265,0.03213873208378757,1.6079956515079485,3.5447857055181844,5.7,42.16891830668862,11.670053858140358,S3_gaming,cutoff
6504.0,1.8066666666666666,0.3109048430300032,3.7054524215150018,0.032139791185111205,1.6080487145871818,3.5446687331633977,5.7,42.166330250440936,11.6692256801411,S3_gaming,cutoff
6506.0,1.8072222222222223,0.3106814992455053,3.705340749622753,0.032140850394457236,1.608101783086238,3.5445517565818783,5.7,42.16374218653363,11.668397499690762,S3_gaming,cutoff
6508.0,1.8077777777777777,0.3104581480900061,3.705229074045003,0.03214190971184438,1.6081548570060555,3.544434775773156,5.7,42.16115411496564,11.667569316789006,S3_gaming,cutoff
6510.0,1.8083333333333333,0.31023478956275263,3.705117394781377,0.03214296913729134,1.6082079363475776,3.544317790736761,5.7,42.15856603573594,11.6667411314355,S3_gaming,cutoff
6512.0,1.808888888888889,0.31001142366299184,3.705005711831496,0.03214402867081683,1.6082610211117425,3.544200801472222,5.7,42.15597794884342,11.665912943629895,S3_gaming,cutoff
6514.0,1.8094444444444444,0.3097880503899705,3.704894025194985,0.03214508831243957,1.6083141112994914,3.544083807979068,5.7,42.15338985428709,11.66508475337187,S3_gaming,cutoff
6516.0,1.81,0.3095646697429353,3.7047823348714677,0.03214614806217828,1.608367206911765,3.5439668102568307,5.7,42.150801752065874,11.66425656066108,S3_gaming,cutoff
6518.0,1.8105555555555555,0.30934128172113273,3.7046706408605665,0.0321472079200517,1.6084203079495012,3.5438498083050365,5.7,42.1482136421787,11.663428365497186,S3_gaming,cutoff
6520.0,1.8111111111111111,0.3091178863238092,3.7045589431619046,0.03214826788607855,1.608473414413647,3.5437328021232166,5.7,42.14562552462453,11.66260016787985,S3_gaming,cutoff
6522.0,1.8116666666666668,0.308894483550211,3.7044472417751058,0.03214932796027758,1.60852652630514,3.543615791710899,5.7,42.14303739940231,11.66177196780874,S3_gaming,cutoff
6524.0,1.8122222222222222,0.3086710733995842,3.704335536699792,0.03215038814266752,1.6085796436249244,3.543498777067613,5.7,42.14044926651097,11.66094376528351,S3_gaming,cutoff
6526.0,1.8127777777777778,0.3084476558711749,3.7042238279355875,0.032151448433267116,1.608632766373938,3.543381758192888,5.7,42.13786112594948,11.660115560303833,S3_gaming,cutoff
6528.0,1.8133333333333332,0.3082242309642289,3.704112115482114,0.032152508832095125,1.6086858945531273,3.543264735086252,5.7,42.13527297771675,11.659287352869361,S3_gaming,cutoff
6530.0,1.8138888888888889,0.308000798677992,3.7040003993389963,0.0321535693391703,1.6087390281634306,3.5431477077472344,5.7,42.132684821811786,11.658459142979773,S3_gaming,cutoff
6532.0,1.8144444444444445,0.30777735901170983,3.7038886795058548,0.032154629954511404,1.608792167205797,3.5430306761753627,5.7,42.130096658233455,11.657630930634706,S3_gaming,cutoff
6534.0,1.815,0.3075539119646278,3.703776955982314,0.0321556906781372,1.6088453116811618,3.542913640370167,5.7,42.127508486980766,11.656802715833845,S3_gaming,cutoff
6536.0,1.8155555555555556,0.30733045753599125,3.7036652287679956,0.03215675151006645,1.6088984615904716,3.542796600331174,5.7,42.12492030805262,11.655974498576839,S3_gaming,cutoff
6538.0,1.816111111111111,0.30710699572504546,3.7035534978625226,0.032157812450317944,1.60895161693467,3.5426795560579145,5.7,42.122332121447975,11.655146278863352,S3_gaming,cutoff
6540.0,1.8166666666666667,0.3068835265310355,3.7034417632655177,0.032158873498910445,1.609004777714698,3.5425625075499148,5.7,42.11974392716578,11.65431805669305,S3_gaming,cutoff
6542.0,1.8172222222222223,0.30666004995320634,3.7033300249766032,0.03215993465586275,1.609057943931505,3.5424454548067033,5.7,42.11715572520499,11.653489832065596,S3_gaming,cutoff
6544.0,1.8177777777777777,0.30643656599080277,3.7032182829954015,0.03216099592119363,1.6091111155860287,3.5423283978278093,5.7,42.1145675155645,11.652661604980642,S3_gaming,cutoff
6546.0,1.8183333333333334,0.3062130746430695,3.703106537321535,0.0321620572949219,1.6091642926792187,3.5422113366127586,5.7,42.11197929824331,11.65183337543786,S3_gaming,cutoff
6548.0,1.818888888888889,0.30598957590925113,3.7029947879546254,0.03216311877706634,1.6092174752120159,3.5420942711610817,5.7,42.10939107324033,11.651005143436906,S3_gaming,cutoff
6550.0,1.8194444444444444,0.30576606978859205,3.7028830348942963,0.032164180367645755,1.6092706631853637,3.5419772014723043,5.7,42.106802840554515,11.650176908977446,S3_gaming,cutoff
6552.0,1.82,0.3055425562803366,3.702771278140168,0.03216524206667895,1.6093238566002115,3.541860127545956,5.7,42.10421460018478,11.649348672059132,S3_gaming,cutoff
6554.0,1.8205555555555555,0.30531903538372895,3.702659517691865,0.032166303874184746,1.609377055457503,3.541743049381563,5.7,42.10162635213014,11.648520432681645,S3_gaming,cutoff
6556.0,1.8211111111111111,0.3050955070980131,3.7025477535490072,0.03216736579018195,1.6094302597581822,3.541625966978654,5.7,42.09903809638945,11.647692190844625,S3_gaming,cutoff
6558.0,1.8216666666666668,0.30487197142243294,3.702435985711216,0.032168427814689385,1.609483469503195,3.5415088803367554,5.7,42.09644983296167,11.646863946547734,S3_gaming,cutoff
6560.0,1.8222222222222222,0.3046484283562323,3.702324214178116,0.03216948994772587,1.6095366846934882,3.541391789455395,5.7,42.09386156184578,11.64603569979065,S3_gaming,cutoff
6562.0,1.8227777777777778,0.3044248778986548,3.7022124389493274,0.032170552189310246,1.6095899053300082,3.541274694334101,5.7,42.09127328304071,11.645207450573027,S3_gaming,cutoff
6564.0,1.8233333333333333,0.30420132004894396,3.702100660024472,0.03217161453946134,1.6096431314137016,3.541157594972399,5.7,42.088684996545375,11.644379198894521,S3_gaming,cutoff
6566.0,1.823888888888889,0.3039777548063432,3.7019888774031715,0.03217267699819799,1.6096963629455119,3.5410404913698166,5.7,42.08609670235874,11.643550944754796,S3_gaming,cutoff
6568.0,1.8244444444444445,0.30375418217009575,3.7018770910850485,0.03217373956553903,1.6097495999263856,3.540923383525882,5.7,42.08350840047976,11.642722688153523,S3_gaming,cutoff
6570.0,1.825,0.3035306021394447,3.701765301069722,0.03217480224150333,1.6098028423572774,3.540806271440121,5.7,42.0809200909073,11.641894429090335,S3_gaming,cutoff
6572.0,1.8255555555555556,0.3033070147136331,3.7016535073568164,0.03217586502610972,1.6098560902391257,3.540689155112062,5.7,42.07833177364038,11.64106616756492,S3_gaming,cutoff
6574.0,1.826111111111111,0.3030834198919037,3.7015417099459524,0.03217692791937708,1.609909343572885,3.5405720345412286,5.7,42.075743448677926,11.640237903576937,S3_gaming,cutoff
6576.0,1.8266666666666667,0.3028598176734993,3.7014299088367495,0.032177990921324263,1.6099626023594964,3.540454909727151,5.7,42.073155116018825,11.639409637126025,S3_gaming,cutoff
6578.0,1.8272222222222223,0.30263620805766245,3.7013181040288314,0.032179054031970133,1.610015866599912,3.5403377806693532,5.7,42.070566775662094,11.63858136821187,S3_gaming,cutoff
6580.0,1.8277777777777777,0.30241259104363566,3.7012062955218177,0.03218011725133356,1.6100691362950807,3.5402206473673625,5.7,42.06797842760661,11.637753096834116,S3_gaming,cutoff
6582.0,1.8283333333333334,0.30218896663066125,3.7010944833153308,0.03218118057943342,1.6101224114459467,3.5401035098207068,5.7,42.06539007185135,11.636924822992432,S3_gaming,cutoff
6584.0,1.8288888888888888,0.3019653348179814,3.700982667408991,0.0321822440162886,1.6101756920534642,3.53998636802891,5.7,42.06280170839523,11.636096546686472,S3_gaming,cutoff
6586.0,1.8294444444444444,0.30174169560483816,3.7008708478024195,0.03218330756191798,1.6102289781185775,3.5398692219915002,5.7,42.06021333723719,11.635268267915901,S3_gaming,cutoff
6588.0,1.83,0.3015180489904735,3.7007590244952366,0.03218437121634045,1.610282269642238,3.539752071708003,5.7,42.057624958376174,11.634439986680375,S3_gaming,cutoff
6590.0,1.8305555555555555,0.30129439497412924,3.700647197487065,0.032185434979574906,1.6103355666253982,3.5396349171779433,5.7,42.05503657181113,11.633611702979561,S3_gaming,cutoff
6592.0,1.8311111111111111,0.301070733555047,3.7005353667775234,0.032186498851640245,1.6103888690689987,3.539517758400849,5.7,42.05244817754096,11.632783416813108,S3_gaming,cutoff
6594.0,1.8316666666666668,0.3008470647324683,3.700423532366234,0.032187562832555375,1.6104421769739974,3.539400595376245,5.7,42.04985977556465,11.631955128180689,S3_gaming,cutoff
6596.0,1.8322222222222222,0.30062338850563464,3.7003116942528176,0.032188626922339196,1.6104954903413404,3.539283428103656,5.7,42.04727136588112,11.63112683708196,S3_gaming,cutoff
6598.0,1.8327777777777778,0.30039970487378725,3.7001998524368935,0.03218969112101063,1.6105488091719826,3.53916625658261,5.7,42.04468294848928,11.63029854351657,S3_gaming,cutoff
6600.0,1.8333333333333333,0.30017601383616727,3.7000880069180835,0.0321907554285886,1.6106021334668679,3.539049080812631,5.7,42.042094523388094,11.629470247484191,S3_gaming,cutoff
6602.0,1.833888888888889,0.29995231539201567,3.6999761576960077,0.03219181984509201,1.610655463226951,3.538931900793245,5.7,42.0395060905765,11.628641948984482,S3_gaming,cutoff
6604.0,1.8344444444444445,0.2997286095405734,3.6998643047702866,0.0321928843705398,1.6107087984531836,3.5388147165239783,5.7,42.036917650053425,11.627813648017097,S3_gaming,cutoff
6606.0,1.835,0.2995048962810811,3.699752448140541,0.0321939490049509,1.6107621391465154,3.5386975280043544,5.7,42.03432920181781,11.626985344581701,S3_gaming,cutoff
6608.0,1.8355555555555556,0.2992811756127795,3.69964058780639,0.03219501374834425,1.6108154853079009,3.5385803352338994,5.7,42.031740745868575,11.626157038677945,S3_gaming,cutoff
6610.0,1.836111111111111,0.29905744753490904,3.699528723767455,0.03219607860073878,1.610868836938284,3.538463138212139,5.7,42.0291522822047,11.625328730305503,S3_gaming,cutoff
6612.0,1.8366666666666667,0.29883371204671005,3.6994168560233547,0.032197143562153446,1.6109221940386247,3.5383459369385974,5.7,42.02656381082505,11.624500419464017,S3_gaming,cutoff
6614.0,1.8372222222222223,0.29860996914742277,3.6993049845737116,0.032198208632607195,1.6109755566098727,3.5382287314128003,5.7,42.02397533172862,11.62367210615316,S3_gaming,cutoff
6616.0,1.8377777777777777,0.2983862188362873,3.6991931094181436,0.032199273812118984,1.6110289246529796,3.538111521634273,5.7,42.021386844914325,11.622843790372585,S3_gaming,cutoff
6618.0,1.8383333333333334,0.2981624611125436,3.699081230556272,0.03220033910070777,1.6110822981689004,3.5379943076025384,5.7,42.0187983503811,11.622015472121952,S3_gaming,cutoff
6620.0,1.8388888888888888,0.29793869597543143,3.698969347987716,0.03220140449839252,1.6111356771585843,3.5378770893171234,5.7,42.01620984812788,11.621187151400921,S3_gaming,cutoff
6622.0,1.8394444444444444,0.29771492342419054,3.6988574617120955,0.0322024700051922,1.6111890616229863,3.537759866777551,5.7,42.01362133815359,11.62035882820915,S3_gaming,cutoff
6624.0,1.84,0.29749114345806044,3.69874557172903,0.03220353562112579,1.6112424515630608,3.537642639983346,5.7,42.011032820457174,11.619530502546297,S3_gaming,cutoff
6626.0,1.8405555555555555,0.2972673560762806,3.6986336780381404,0.03220460134621226,1.6112958469797571,3.5375254089340338,5.7,42.008444295037584,11.618702174412027,S3_gaming,cutoff
6628.0,1.8411111111111111,0.29704356127809023,3.6985217806390454,0.0322056671804706,1.6113492478740388,3.5374081736291383,5.7,42.00585576189371,11.617873843805988,S3_gaming,cutoff
6630.0,1.8416666666666666,0.29681975906272856,3.6984098795313645,0.03220673312391979,1.6114026542468463,3.5372909340681837,5.7,42.00326722102452,11.617045510727849,S3_gaming,cutoff
6632.0,1.8422222222222222,0.2965959494294346,3.698297974714718,0.03220779917657884,1.6114560660991455,3.5371736902506936,5.7,42.000678672428954,11.616217175177265,S3_gaming,cutoff
6634.0,1.8427777777777778,0.2963721323774473,3.6981860661887236,0.03220886533846672,1.611509483431886,3.537056442176193,5.7,41.998090116105885,11.615388837153883,S3_gaming,cutoff
6636.0,1.8433333333333333,0.2961483079060053,3.698074153953003,0.03220993160960246,1.611562906246025,3.536939189844205,5.7,41.99550155205433,11.614560496657385,S3_gaming,cutoff
6638.0,1.843888888888889,0.29592447601434735,3.697962238007174,0.032210997990005055,1.611616334542512,3.536821933254255,5.7,41.99291298027316,11.613732153687412,S3_gaming,cutoff
6640.0,1.8444444444444446,0.29570063670171187,3.697850318350856,0.03221206447969351,1.6116697683223074,3.5367046724058646,5.7,41.99032440076133,11.612903808243626,S3_gaming,cutoff
6642.0,1.845,0.29547678996733723,3.697738394983668,0.032213131078686855,1.6117232075863657,3.53658740729856,5.7,41.98773581351776,11.612075460325682,S3_gaming,cutoff
6644.0,1.8455555555555556,0.2952529358104617,3.6976264679052315,0.032214197787004094,1.6117766523356418,3.536470137931863,5.7,41.98514721854142,11.611247109933256,S3_gaming,cutoff
6646.0,1.846111111111111,0.2950290742303233,3.6975145371151616,0.032215264604664264,1.6118301025710935,3.536352864305298,5.7,41.98255861583119,11.61041875706598,S3_gaming,cutoff
6648.0,1.8466666666666667,0.2948052052261601,3.69740260261308,0.03221633153168639,1.6118835582936724,3.536235586418387,5.7,41.979970005386036,11.609590401723532,S3_gaming,cutoff
6650.0,1.8472222222222223,0.2945813287972099,3.697290664398605,0.03221739856808951,1.6119370195043392,3.5361183042706563,5.7,41.977381387204886,11.608762043905564,S3_gaming,cutoff
6652.0,1.8477777777777777,0.2943574449427103,3.697178722471355,0.03221846571389266,1.6119904862040513,3.536001017861626,5.7,41.97479276128663,11.607933683611723,S3_gaming,cutoff
6654.0,1.8483333333333334,0.294133553661899,3.69706677683095,0.03221953296911489,1.6120439583937634,3.5358837271908214,5.7,41.97220412763028,11.60710532084169,S3_gaming,cutoff
6656.0,1.8488888888888888,0.2939096549540134,3.6969548274770068,0.03222060033377524,1.6120974360744333,3.535766432257765,5.7,41.96961548623468,11.606276955595098,S3_gaming,cutoff
6658.0,1.8494444444444444,0.29368574881829074,3.6968428744091453,0.03222166780789277,1.6121509192470156,3.5356491330619795,5.7,41.96702683709881,11.605448587871619,S3_gaming,cutoff
6660.0,1.85,0.29346183525396824,3.6967309176269842,0.03222273539148654,1.6122044079124735,3.5355318296029883,5.7,41.9644381802216,11.604620217670913,S3_gaming,cutoff
6662.0,1.8505555555555555,0.29323791426028295,3.6966189571301413,0.03222380308457561,1.6122579020717591,3.5354145218803135,5.7,41.961849515601955,11.603791844992626,S3_gaming,cutoff
6664.0,1.8511111111111112,0.2930139858364717,3.696506992918236,0.03222487088717905,1.6123114017258355,3.535297209893478,5.7,41.95926084323882,11.602963469836425,S3_gaming,cutoff
6666.0,1.8516666666666666,0.2927900499817713,3.6963950249908857,0.03222593879931593,1.6123649068756574,3.5351798936420056,5.7,41.95667216313113,11.602135092201962,S3_gaming,cutoff
6668.0,1.8522222222222222,0.29256610669541844,3.696283053347709,0.03222700682100532,1.612418417522185,3.535062573125418,5.7,41.954083475277805,11.601306712088899,S3_gaming,cutoff
6670.0,1.8527777777777779,0.29234215597664953,3.696171077988325,0.03222807495226632,1.6124719336663762,3.534945248343237,5.7,41.95149477967778,11.60047832949689,S3_gaming,cutoff
6672.0,1.8533333333333333,0.292118197824701,3.696059098912351,0.032229143193117996,1.612525455309191,3.534827919294986,5.7,41.94890607633,11.599649944425598,S3_gaming,cutoff
6674.0,1.853888888888889,0.29189423223880906,3.695947116119404,0.032230211543579454,1.6125789824515873,3.5347105859801866,5.7,41.94631736523333,11.598821556874665,S3_gaming,cutoff
6676.0,1.8544444444444443,0.2916702592182098,3.695835129609105,0.03223128000366979,1.612632515094528,3.5345932483983615,5.7,41.94372864638676,11.597993166843763,S3_gaming,cutoff
6678.0,1.855,0.29144627876213924,3.69572313938107,0.03223234857340809,1.6126860532389709,3.5344759065490328,5.7,41.94113991978921,11.597164774332548,S3_gaming,cutoff
6680.0,1.8555555555555556,0.29122229086983314,3.6956111454349165,0.03223341725281348,1.6127395968858704,3.534358560431723,5.7,41.938551185439586,11.596336379340668,S3_gaming,cutoff
6682.0,1.856111111111111,0.29099829554052725,3.695499147770264,0.032234486041905056,1.6127931460361955,3.5342412100459524,5.7,41.935962443336834,11.595507981867787,S3_gaming,cutoff
6684.0,1.8566666666666667,0.2907742927734571,3.6953871463867287,0.03223555494070193,1.6128467006909035,3.5341238553912433,5.7,41.93337369347987,11.59467958191356,S3_gaming,cutoff
6686.0,1.8572222222222223,0.2905502825678582,3.695275141283929,0.032236623949223234,1.612900260850955,3.534006496467119,5.7,41.93078493586763,11.59385117947764,S3_gaming,cutoff
6688.0,1.8577777777777778,0.2903262649229658,3.695163132461483,0.03223769306748809,1.6129538265173105,3.5338891332730995,5.7,41.928196170499035,11.59302277455969,S3_gaming,cutoff
6690.0,1.8583333333333334,0.2901022398380151,3.6950511199190075,0.03223876229551562,1.6130073976909298,3.5337717658087073,5.7,41.92560739737301,11.592194367159363,S3_gaming,cutoff
6692.0,1.8588888888888888,0.28987820731224107,3.6949391036561208,0.032239831633324965,1.613060974372779,3.533654394073463,5.7,41.92301861648849,11.591365957276318,S3_gaming,cutoff
6694.0,1.8594444444444445,0.2896541673448787,3.6948270836724393,0.032240901080935254,1.6131145565638132,3.5335370180668892,5.7,41.92042982784439,11.590537544910205,S3_gaming,cutoff
6696.0,1.86,0.2894301199351627,3.6947150599675815,0.03224197063836564,1.6131681442650008,3.5334196377885054,5.7,41.91784103143966,11.58970913006069,S3_gaming,cutoff
6698.0,1.8605555555555555,0.2892060650823277,3.694603032541164,0.03224304030563527,1.6132217374772966,3.5333022532378346,5.7,41.9152522272732,11.588880712727423,S3_gaming,cutoff
6700.0,1.8611111111111112,0.28898200278560826,3.6944910013928043,0.03224411008276329,1.6132753362016694,3.5331848644143973,5.7,41.912663415343935,11.58805229291006,S3_gaming,cutoff
6702.0,1.8616666666666666,0.2887579330442387,3.6943789665221196,0.03224517996976886,1.613328940439082,3.533067471317714,5.7,41.910074595650805,11.587223870608257,S3_gaming,cutoff
6704.0,1.8622222222222222,0.2885338558574532,3.6942669279287266,0.032246249966671144,1.6133825501904924,3.5329500739473065,5.7,41.90748576819273,11.586395445821672,S3_gaming,cutoff
6706.0,1.8627777777777779,0.288309771224486,3.6941548856122433,0.03224732007348931,1.6134361654568663,3.532832672302695,5.7,41.90489693296863,11.585567018549963,S3_gaming,cutoff
6708.0,1.8633333333333333,0.28808567914457095,3.6940428395722855,0.032248390290242526,1.6134897862391666,3.5327152663834003,5.7,41.90230808997744,11.584738588792781,S3_gaming,cutoff
6710.0,1.863888888888889,0.2878615796169419,3.693930789808471,0.03224946061694997,1.6135434125383568,3.532597856188943,5.7,41.89971923921807,11.583910156549784,S3_gaming,cutoff
6712.0,1.8644444444444443,0.2876374726408326,3.6938187363204165,0.03225053105363083,1.6135970443554026,3.5324804417188442,5.7,41.89713038068947,11.58308172182063,S3_gaming,cutoff
6714.0,1.865,0.2874133582154766,3.693706679107738,0.03225160160030428,1.6136506816912644,3.532363022972624,5.7,41.894541514390525,11.582253284604969,S3_gaming,cutoff
6716.0,1.8655555555555556,0.2871892363401073,3.693594618170054,0.03225267225698952,1.6137043245469107,3.5322455999498024,5.7,41.891952640320206,11.581424844902466,S3_gaming,cutoff
6718.0,1.866111111111111,0.286965107013958,3.693482553506979,0.03225374302370575,1.613757972923302,3.5321281726499,5.7,41.88936375847739,11.580596402712764,S3_gaming,cutoff
6720.0,1.8666666666666667,0.2867409702362619,3.6933704851181313,0.03225481390047215,1.6138116268214069,3.5320107410724373,5.7,41.886774868861025,11.579767958035529,S3_gaming,cutoff
6722.0,1.8672222222222221,0.28651682600625195,3.693258413003126,0.03225588488730794,1.6138652862421887,3.531893305216934,5.7,41.88418597147003,11.578939510870411,S3_gaming,cutoff
6724.0,1.8677777777777778,0.2862926743231611,3.6931463371615805,0.03225695598423233,1.6139189511866103,3.5317758650829103,5.7,41.88159706630333,11.578111061217065,S3_gaming,cutoff
6726.0,1.8683333333333334,0.2860685151862221,3.693034257593111,0.032258027191264534,1.6139726216556405,3.5316584206698867,5.7,41.879008153359855,11.577282609075155,S3_gaming,cutoff
6728.0,1.8688888888888888,0.2858443485946676,3.6929221742973337,0.03225909850842376,1.6140262976502422,3.5315409719773823,5.7,41.876419232638504,11.576454154444322,S3_gaming,cutoff
6730.0,1.8694444444444445,0.2856201745477301,3.692810087273865,0.03226016993572924,1.6140799791713845,3.5314235190049166,5.7,41.873830304138224,11.575625697324233,S3_gaming,cutoff
6732.0,1.87,0.28539599304464186,3.692697996522321,0.03226124147320021,1.61413366622003,3.53130606175201,5.7,41.87124136785793,11.574797237714538,S3_gaming,cutoff
6734.0,1.8705555555555555,0.2851718040846352,3.6925859020423175,0.032262313120855896,1.6141873587971505,3.531188600218181,5.7,41.86865242379653,11.57396877561489,S3_gaming,cutoff
6736.0,1.8711111111111112,0.2849476076669422,3.692473803833471,0.03226338487871553,1.6142410569037091,3.531071134402951,5.7,41.866063471952955,11.573140311024947,S3_gaming,cutoff
6738.0,1.8716666666666666,0.2847234037907948,3.6923617018953974,0.03226445674679836,1.6142947605406714,3.5309536643058372,5.7,41.863474512326135,11.572311843944364,S3_gaming,cutoff
6740.0,1.8722222222222222,0.2844991924554248,3.692249596227712,0.03226552872512364,1.6143484697090038,3.5308361899263603,5.7,41.86088554491498,11.571483374372793,S3_gaming,cutoff
6742.0,1.8727777777777779,0.28427497366006393,3.692137486830032,0.03226660081371062,1.61440218440968,3.5307187112640386,5.7,41.85829656971842,11.570654902309894,S3_gaming,cutoff
6744.0,1.8733333333333333,0.2840507474039437,3.6920253737019717,0.03226767301257855,1.6144559046436635,3.530601228318392,5.7,41.85570758673535,11.569826427755313,S3_gaming,cutoff
6746.0,1.873888888888889,0.2838265136862956,3.6919132568431476,0.03226874532174671,1.61450963041192,3.5304837410889394,5.7,41.85311859596473,11.568997950708713,S3_gaming,cutoff
6748.0,1.8744444444444444,0.2836022725063508,3.6918011362531753,0.032269817741234344,1.614563361715421,3.5303662495752,5.7,41.850529597405455,11.568169471169746,S3_gaming,cutoff
6750.0,1.875,0.28337802386334054,3.6916890119316705,0.03227089027106073,1.6146170985551322,3.530248753776691,5.7,41.84794059105646,11.567340989138065,S3_gaming,cutoff
6752.0,1.8755555555555556,0.2831537677564958,3.691576883878248,0.03227196291124516,1.6146708409320254,3.5301312536929332,5.7,41.845351576916634,11.566512504613323,S3_gaming,cutoff
6754.0,1.876111111111111,0.2829295041850475,3.6914647520925237,0.03227303566180689,1.614724588847069,3.5300137493234445,5.7,41.84276255498492,11.565684017595176,S3_gaming,cutoff
6756.0,1.8766666666666667,0.2827052331482263,3.6913526165741133,0.03227410852276523,1.614778342301229,3.529896240667742,5.7,41.84017352526025,11.56485552808328,S3_gaming,cutoff
6758.0,1.8772222222222221,0.2824809546452629,3.6912404773226317,0.03227518149413945,1.614832101295477,3.5297787277253465,5.7,41.837584487741516,11.564027036077285,S3_gaming,cutoff
6760.0,1.8777777777777778,0.28225666867538773,3.691128334337694,0.03227625457594886,1.6148858658307812,3.529661210495775,5.7,41.834995442427655,11.563198541576849,S3_gaming,cutoff
6762.0,1.8783333333333334,0.28203237523783115,3.6910161876189163,0.03227732776821276,1.6149396359081136,3.529543688978546,5.7,41.83240638931758,11.562370044581627,S3_gaming,cutoff
6764.0,1.8788888888888888,0.2818080743318233,3.690904037165912,0.032278401070950445,1.6149934115284426,3.5294261631731785,5.7,41.829817328410186,11.561541545091261,S3_gaming,cutoff
6766.0,1.8794444444444445,0.28158376595659435,3.690791882978297,0.03227947448418123,1.6150471926927394,3.52930863307919,5.7,41.82722825970443,11.560713043105416,S3_gaming,cutoff
6768.0,1.88,0.2813594501113742,3.6906797250556873,0.03228054800792443,1.6151009794019733,3.529191098696098,5.7,41.82463918319921,11.559884538623749,S3_gaming,cutoff
6770.0,1.8805555555555555,0.2811351267953926,3.690567563397696,0.032281621642199367,1.615154771657115,3.529073560023421,5.7,41.82205009889345,11.559056031645904,S3_gaming,cutoff
6772.0,1.8811111111111112,0.28091079600787927,3.6904553980039396,0.03228269538702536,1.6152085694591394,3.5289560170606764,5.7,41.819461006786064,11.55822752217154,S3_gaming,cutoff
6774.0,1.8816666666666666,0.2806864577480638,3.690343228874032,0.032283769242421746,1.615262372809012,3.5288384698073822,5.7,41.81687190687596,11.557399010200308,S3_gaming,cutoff
6776.0,1.8822222222222222,0.28046211201517546,3.6902310560075877,0.032284843208407854,1.615316181707707,3.5287209182630574,5.7,41.81428279916207,11.556570495731863,S3_gaming,cutoff
6778.0,1.8827777777777779,0.2802377588084436,3.6901188794042215,0.03228591728500302,1.6153699961561963,3.528603362427216,5.7,41.811693683643306,11.555741978765857,S3_gaming,cutoff
6780.0,1.8833333333333333,0.2800133981270973,3.6900066990635487,0.032286991472226585,1.6154238161554535,3.5284858022993792,5.7,41.80910456031858,11.554913459301947,S3_gaming,cutoff
6782.0,1.883888888888889,0.2797890299703656,3.6898945149851827,0.03228806577009791,1.6154776417064476,3.528368237879063,5.7,41.80651542918682,11.554084937339782,S3_gaming,cutoff
6784.0,1.8844444444444444,0.27956465433747735,3.689782327168739,0.032289140178636336,1.61553147281015,3.528250669165784,5.7,41.80392629024693,11.553256412879017,S3_gaming,cutoff
6786.0,1.885,0.27934027122766125,3.689670135613831,0.032290214697861225,1.6155853094675376,3.52813309615906,5.7,41.80133714349782,11.552427885919302,S3_gaming,cutoff
6788.0,1.8855555555555557,0.27911588064014586,3.689557940320073,0.03229128932779194,1.615639151679582,3.5280155188584086,5.7,41.79874798893843,11.551599356460297,S3_gaming,cutoff
6790.0,1.886111111111111,0.2788914825741597,3.68944574128708,0.03229236406844785,1.6156929994472546,3.5278979372633454,5.7,41.79615882656764,11.550770824501646,S3_gaming,cutoff
6792.0,1.8866666666666667,0.278667077028931,3.6893335385144654,0.032293438919848316,1.6157468527715324,3.527780351373389,5.7,41.7935696563844,11.549942290043008,S3_gaming,cutoff
6794.0,1.8872222222222221,0.27844266400368806,3.689221332001844,0.03229451388201273,1.615800711653384,3.527662761188055,5.7,41.79098047838761,11.549113753084034,S3_gaming,cutoff
6796.0,1.8877777777777778,0.27821824349765883,3.689109121748829,0.032295588954960465,1.6158545760937864,3.5275451667068607,5.7,41.78839129257617,11.548285213624375,S3_gaming,cutoff
6798.0,1.8883333333333334,0.2779938155100713,3.688996907755036,0.032296664138710914,1.6159084460937139,3.5274275679293225,5.7,41.785802098949034,11.547456671663692,S3_gaming,cutoff
6800.0,1.8888888888888888,0.27776938004015317,3.6888846900200765,0.032297739433283464,1.6159623216541408,3.5273099648549566,5.7,41.783212897505074,11.546628127201624,S3_gaming,cutoff
6802.0,1.8894444444444445,0.2775449370871321,3.6887724685435663,0.03229881483869751,1.616016202776041,3.5271923574832793,5.7,41.78062368824323,11.545799580237833,S3_gaming,cutoff
6804.0,1.89,0.2773204866502357,3.688660243325118,0.03229989035497245,1.616070089460389,3.5270747458138088,5.7,41.77803447116239,11.544971030771967,S3_gaming,cutoff
6806.0,1.8905555555555555,0.27709602872869116,3.6885480143643457,0.0323009659821277,1.616123981708159,3.5269571298460596,5.7,41.7754452462615,11.54414247880368,S3_gaming,cutoff
6808.0,1.8911111111111112,0.2768715633217258,3.688435781660863,0.03230204172018267,1.6161778795203308,3.5268395095795486,5.7,41.77285601353945,11.543313924332626,S3_gaming,cutoff
6810.0,1.8916666666666666,0.2766470904285667,3.6883235452142835,0.03230311756915676,1.6162317828978756,3.526721885013791,5.7,41.77026677299517,11.542485367358456,S3_gaming,cutoff
6812.0,1.8922222222222222,0.2764226100484409,3.68821130502422,0.03230419352906941,1.6162856918417734,3.526604256148304,5.7,41.767677524627544,11.541656807880814,S3_gaming,cutoff
6814.0,1.8927777777777777,0.2761981221805751,3.6880990610902877,0.03230526959994003,1.6163396063529927,3.526486622982603,5.7,41.765088268435534,11.540828245899371,S3_gaming,cutoff
6816.0,1.8933333333333333,0.2759736268241961,3.687986813412098,0.032306345781788065,1.616393526432519,3.5263689855162035,5.7,41.762499004418004,11.53999968141376,S3_gaming,cutoff
6818.0,1.893888888888889,0.27574912397853046,3.687874561989265,0.03230742207463294,1.6164474520813237,3.5262513437486223,5.7,41.75990973257389,11.539171114423645,S3_gaming,cutoff
6820.0,1.8944444444444444,0.27552461364280456,3.6877623068214023,0.032308498478494097,1.6165013833003838,3.526133697679373,5.7,41.75732045290209,11.538342544928671,S3_gaming,cutoff
6822.0,1.895,0.27530009581624465,3.6876500479081225,0.032309574993390974,1.6165553200906762,3.5260160473079725,5.7,41.754731165401545,11.537513972928494,S3_gaming,cutoff
6824.0,1.8955555555555557,0.27507557049807696,3.6875377852490385,0.03231065161934303,1.6166092624531807,3.525898392633937,5.7,41.75214187007112,11.536685398422758,S3_gaming,cutoff
6826.0,1.896111111111111,0.27485103768752744,3.6874255188437637,0.032311728356369716,1.6166632103888716,3.5257807336567804,5.7,41.74955256690976,11.535856821411125,S3_gaming,cutoff
6828.0,1.8966666666666667,0.274626497383822,3.687313248691911,0.03231280520449049,1.6167171638987288,3.5256630703760177,5.7,41.746963255916384,11.535028241893244,S3_gaming,cutoff
6830.0,1.8972222222222221,0.27440194958618636,3.687200974793093,0.032313882163724814,1.616771122983729,3.525545402791166,5.7,41.74437393708986,11.534199659868756,S3_gaming,cutoff
6832.0,1.8977777777777778,0.27417739429384613,3.687088697146923,0.03231495923409215,1.6168250876448547,3.5254277309017388,5.7,41.74178461042914,11.533371075337326,S3_gaming,cutoff
6834.0,1.8983333333333334,0.2739528315060268,3.6869764157530134,0.03231603641561199,1.6168790578830776,3.5253100547072513,5.7,41.73919527593311,11.532542488298597,S3_gaming,cutoff
6836.0,1.8988888888888888,0.2737282612219537,3.686864130610977,0.0323171137083038,1.6169330336993804,3.5251923742072186,5.7,41.736605933600714,11.53171389875223,S3_gaming,cutoff
6838.0,1.8994444444444445,0.273503683440852,3.686751841720426,0.03231819111218706,1.6169870150947423,3.525074689401156,5.7,41.73401658343081,11.53088530669786,S3_gaming,cutoff
6840.0,1.9,0.27327909816194684,3.6866395490809736,0.03231926862728127,1.617041002070141,3.524957000288577,5.7,41.73142722542236,11.530056712135154,S3_gaming,cutoff
6842.0,1.9005555555555556,0.2730545053844631,3.6865272526922315,0.03232034625360591,1.6170949946265583,3.524839306868998,5.7,41.72883785957423,11.529228115063752,S3_gaming,cutoff
6844.0,1.9011111111111112,0.2728299051076255,3.686414952553813,0.03232142399118049,1.6171489927649718,3.5247216091419307,5.7,41.72624848588534,11.52839951548331,S3_gaming,cutoff
6846.0,1.9016666666666666,0.2726052973306588,3.686302648665329,0.0323225018400245,1.617202996486361,3.524603907106892,5.7,41.72365910435461,11.527570913393475,S3_gaming,cutoff
6848.0,1.9022222222222223,0.2723806820527875,3.6861903410263936,0.03232357980015745,1.6172570057917084,3.5244862007633966,5.7,41.72106971498095,11.526742308793905,S3_gaming,cutoff
6850.0,1.9027777777777777,0.2721560592732359,3.686078029636618,0.03232465787159887,1.6173110206819912,3.5243684901109558,5.7,41.71848031776326,11.525913701684244,S3_gaming,cutoff
6852.0,1.9033333333333333,0.2719314289912283,3.685965714495614,0.032325736054368254,1.6173650411581946,3.5242507751490875,5.7,41.71589091270046,11.525085092064147,S3_gaming,cutoff
6854.0,1.903888888888889,0.27170679120598884,3.6858533956029946,0.03232681434848513,1.6174190672212956,3.5241330558773023,5.7,41.713301499791456,11.524256479933266,S3_gaming,cutoff
6856.0,1.9044444444444444,0.27148214591674147,3.685741072958371,0.03232789275396904,1.6174730988722767,3.524015332295116,5.7,41.71071207903513,11.523427865291243,S3_gaming,cutoff
6858.0,1.905,0.27125749312271,3.685628746561355,0.032328971270839495,1.6175271361121235,3.5238976044020425,5.7,41.708122650430404,11.52259924813773,S3_gaming,cutoff
6860.0,1.9055555555555554,0.2710328328231182,3.6855164164115592,0.03233004989911604,1.617581178941807,3.5237798721975953,5.7,41.70553321397622,11.521770628472389,S3_gaming,cutoff
6862.0,1.906111111111111,0.2708081650171896,3.6854040825085947,0.032331128638818214,1.6176352273623211,3.5236621356812887,5.7,41.70294376967142,11.520942006294854,S3_gaming,cutoff
6864.0,1.9066666666666667,0.2705834897041476,3.6852917448520737,0.03233220748996557,1.6176892813746429,3.5235443948526344,5.7,41.70035431751496,11.520113381604787,S3_gaming,cutoff
6866.0,1.9072222222222222,0.2703588068832155,3.685179403441608,0.03233328645257765,1.617743340979752,3.523426649711147,5.7,41.69776485750574,11.519284754401836,S3_gaming,cutoff
6868.0,1.9077777777777778,0.27013411655361647,3.6850670582768084,0.03233436552667402,1.6177974061786338,3.5233089002563407,5.7,41.69517538964265,11.518456124685649,S3_gaming,cutoff
6870.0,1.9083333333333334,0.2699094187145735,3.684954709357287,0.03233544471227424,1.6178514769722734,3.5231911464877284,5.7,41.6925859139246,11.517627492455873,S3_gaming,cutoff
6872.0,1.9088888888888889,0.2696847133653095,3.6848423566826547,0.03233652400939786,1.6179055533616482,3.5230733884048226,5.7,41.6899964303505,11.51679885771216,S3_gaming,cutoff
6874.0,1.9094444444444445,0.26946000050504726,3.684730000252524,0.03233760341806447,1.6179596353477488,3.5229556260071364,5.7,41.68740693891927,11.515970220454166,S3_gaming,cutoff
6876.0,1.91,0.26923528013300935,3.684617640066505,0.03233868293829364,1.618013722931552,3.5228378592941847,5.7,41.684817439629796,11.515141580681535,S3_gaming,cutoff
6878.0,1.9105555555555556,0.2690105522484182,3.6845052761242094,0.03233976257010494,1.6180678161140465,3.522720088265478,5.7,41.68222793248099,11.514312938393918,S3_gaming,cutoff
6880.0,1.9111111111111112,0.2687858168504962,3.6843929084252482,0.03234084231351796,1.6181219148962145,3.522602312920531,5.7,41.67963841747174,11.513484293590958,S3_gaming,cutoff
6882.0,1.9116666666666666,0.2685610739384655,3.684280536969233,0.0323419221685523,1.618176019279041,3.522484533258855,5.7,41.67704889460098,11.512655646272313,S3_gaming,cutoff
6884.0,1.9122222222222223,0.26833632351154824,3.6841681617557738,0.03234300213522754,1.6182301292635093,3.5223667492799637,5.7,41.67445936386759,11.511826996437629,S3_gaming,cutoff
6886.0,1.9127777777777777,0.26811156556896626,3.6840557827844833,0.032344082213563295,1.6182842448506067,3.5222489609833696,5.7,41.6718698252705,11.51099834408656,S3_gaming,cutoff
6888.0,1.9133333333333333,0.2678868001099414,3.6839434000549707,0.03234516240357916,1.6183383660413164,3.5221311683685856,5.7,41.669280278808586,11.510169689218747,S3_gaming,cutoff
6890.0,1.913888888888889,0.26766202713369536,3.6838310135668477,0.032346242705294743,1.6183924928366233,3.522013371435121,5.7,41.66669072448077,11.509341031833847,S3_gaming,cutoff
6892.0,1.9144444444444444,0.2674372466394495,3.6837186233197254,0.03234732311872967,1.618446625237513,3.5218955701824926,5.7,41.664101162285974,11.508512371931511,S3_gaming,cutoff
6894.0,1.915,0.26721245862642534,3.6836062293132126,0.032348403643903546,1.618500763244976,3.52177776461021,5.7,41.66151159222303,11.50768370951137,S3_gaming,cutoff
6896.0,1.9155555555555555,0.2669876630938441,3.683493831546922,0.032349484280836005,1.6185549068599925,3.521659954717786,5.7,41.658922014290916,11.506855044573093,S3_gaming,cutoff
6898.0,1.916111111111111,0.2667628600409268,3.6833814300204635,0.03235056502954667,1.6186090560835502,3.5215421405047316,5.7,41.656332428488504,11.50602637711632,S3_gaming,cutoff
6900.0,1.9166666666666667,0.2665380494668945,3.6832690247334474,0.032351645890055174,1.6186632109166348,3.52142432197056,5.7,41.65374283481471,11.505197707140708,S3_gaming,cutoff
6902.0,1.9172222222222222,0.266313231370968,3.6831566156854842,0.032352726862381165,1.6187173713602399,3.5213064991147824,5.7,41.65115323326841,11.504369034645892,S3_gaming,cutoff
6904.0,1.9177777777777778,0.266088405752368,3.683044202876184,0.03235380794654428,1.6187715374153422,3.521188671936911,5.7,41.648563623848524,11.503540359631529,S3_gaming,cutoff
6906.0,1.9183333333333332,0.265863572610315,3.682931786305158,0.03235488914256417,1.6188257090829383,3.5210708404364572,5.7,41.64597400655396,11.502711682097269,S3_gaming,cutoff
6908.0,1.9188888888888889,0.2656387319440295,3.6828193659720148,0.032355970450460486,1.6188798863640108,3.5209530046129327,5.7,41.64338438138361,11.501883002042756,S3_gaming,cutoff
6910.0,1.9194444444444445,0.2654138837527317,3.682706941876366,0.03235705187025289,1.6189340692595477,3.5208351644658484,5.7,41.640794748336376,11.501054319467642,S3_gaming,cutoff
6912.0,1.92,0.26518902803564187,3.682594514017821,0.032358133401961045,1.61898825777054,3.520717319994716,5.7,41.63820510741117,11.500225634371574,S3_gaming,cutoff
6914.0,1.9205555555555556,0.26496416479197993,3.68248208239599,0.03235921504560462,1.619042451897973,3.5205994711990476,5.7,41.63561545860687,11.4993969467542,S3_gaming,cutoff
6916.0,1.9211111111111112,0.26473929402096574,3.682369647010483,0.03236029680120329,1.6190966516428345,3.5204816180783522,5.7,41.6330258019224,11.498568256615169,S3_gaming,cutoff
6918.0,1.9216666666666666,0.26451441572181905,3.6822572078609097,0.032361378668776725,1.6191508570061157,3.5203637606321427,5.7,41.630436137356654,11.497739563954129,S3_gaming,cutoff
6920.0,1.9222222222222223,0.2642895298937594,3.6821447649468797,0.03236246064834461,1.6192050679888075,3.5202458988599306,5.7,41.62784646490851,11.496910868770723,S3_gaming,cutoff
6922.0,1.9227777777777777,0.26406463653600637,3.682032318268003,0.032363542739926636,1.6192592845918923,3.520128032761225,5.7,41.625256784576905,11.496082171064609,S3_gaming,cutoff
6924.0,1.9233333333333333,0.2638397356477792,3.68191986782389,0.032364624943542496,1.6193135068163667,3.520010162335538,5.7,41.62266709636072,11.495253470835431,S3_gaming,cutoff
6926.0,1.923888888888889,0.26361482722829704,3.681807413614149,0.03236570725921188,1.6193677346632185,3.5198922875823793,5.7,41.62007740025886,11.494424768082835,S3_gaming,cutoff
6928.0,1.9244444444444444,0.263389911276779,3.6816949556383896,0.03236678968695451,1.6194219681334359,3.51977440850126,5.7,41.617487696270196,11.493596062806464,S3_gaming,cutoff
6930.0,1.925,0.263164987792444,3.6815824938962223,0.03236787222679007,1.61947620722801,3.519656525091692,5.7,41.61489798439368,11.492767355005977,S3_gaming,cutoff
6932.0,1.9255555555555555,0.2629400567745108,3.6814700283872557,0.03236895487873829,1.6195304519479314,3.519538637353182,5.7,41.61230826462817,11.491938644681014,S3_gaming,cutoff
6934.0,1.926111111111111,0.262715118222198,3.681357559111099,0.03237003764281888,1.6195847022941938,3.5194207452852457,5.7,41.609718536972565,11.491109931831222,S3_gaming,cutoff
6936.0,1.9266666666666667,0.26249017213472414,3.6812450860673622,0.03237112051905156,1.6196389582677828,3.5193028488873885,5.7,41.607128801425795,11.490281216456255,S3_gaming,cutoff
6938.0,1.9272222222222222,0.2622652185113075,3.6811326092556538,0.032372203507456065,1.6196932198696916,3.5191849481591233,5.7,41.604539057986734,11.489452498555755,S3_gaming,cutoff
6940.0,1.9277777777777778,0.2620402573511664,3.6810201286755833,0.03237328660805212,1.619747487100917,3.519067043099958,5.7,41.60194930665427,11.488623778129368,S3_gaming,cutoff
6942.0,1.9283333333333332,0.26181528865351883,3.6809076443267594,0.032374369820859464,1.6198017599624441,3.518949133709405,5.7,41.59935954742732,11.487795055176743,S3_gaming,cutoff
6944.0,1.9288888888888889,0.2615903124175828,3.6807951562087915,0.03237545314589784,1.6198560384552667,3.5188312199869727,5.7,41.59676978030479,11.486966329697534,S3_gaming,cutoff
6946.0,1.9294444444444445,0.26136532864257606,3.680682664321288,0.032376536583186996,1.6199103225803784,3.5187133019321717,5.7,41.59418000528556,11.486137601691379,S3_gaming,cutoff
6948.0,1.93,0.2611403373277163,3.6805701686638583,0.03237762013274668,1.61996461233877,3.5185953795445104,5.7,41.59159022236852,11.485308871157926,S3_gaming,cutoff
6950.0,1.9305555555555556,0.2609153384722211,3.6804576692361106,0.03237870379459665,1.6200189077314353,3.5184774528235003,5.7,41.58900043155258,11.484480138096826,S3_gaming,cutoff
6952.0,1.931111111111111,0.2606903320753078,3.680345166037654,0.03237978756875667,1.6200732087593677,3.518359521768649,5.7,41.58641063283664,11.483651402507725,S3_gaming,cutoff
6954.0,1.9316666666666666,0.26046531813619367,3.680232659068097,0.032380871455246506,1.620127515423561,3.518241586379467,5.7,41.58382082621959,11.48282266439027,S3_gaming,cutoff
6956.0,1.9322222222222223,0.2602402966540958,3.680120148327048,0.032381955454085926,1.6201818277250062,3.5181236466554626,5.7,41.58123101170032,11.481993923744103,S3_gaming,cutoff
6958.0,1.9327777777777777,0.26001526762823124,3.6800076338141157,0.03238303956529471,1.6202361456646996,3.518005702596146,5.7,41.57864118927773,11.481165180568874,S3_gaming,cutoff
6960.0,1.9333333333333333,0.2597902310578168,3.6798951155289084,0.03238412378889264,1.620290469243632,3.5178877542010274,5.7,41.576051358950735,11.480336434864235,S3_gaming,cutoff
6962.0,1.933888888888889,0.25956518694206915,3.6797825934710344,0.032385208124899506,1.6203447984628028,3.517769801469613,5.7,41.57346152071819,11.479507686629821,S3_gaming,cutoff
6964.0,1.9344444444444444,0.2593401352802049,3.6796700676401026,0.03238629257333509,1.6203991333232026,3.5176518444014127,5.7,41.57087167457903,11.478678935865291,S3_gaming,cutoff
6966.0,1.935,0.2591150760714404,3.6795575380357204,0.0323873771342192,1.6204534738258252,3.5175338829959366,5.7,41.56828182053213,11.47785018257028,S3_gaming,cutoff
6968.0,1.9355555555555555,0.258890009314992,3.679445004657496,0.03238846180757163,1.6205078199716698,3.5174159172526926,5.7,41.56569195857638,11.477021426744441,S3_gaming,cutoff
6970.0,1.9361111111111111,0.25866493501007587,3.679332467505038,0.03238954659341218,1.6205621717617273,3.5172979471711896,5.7,41.56310208871069,11.476192668387421,S3_gaming,cutoff
6972.0,1.9366666666666668,0.25843985315590795,3.679219926577954,0.03239063149176067,1.620616529196997,3.5171799727509354,5.7,41.56051221093394,11.475363907498863,S3_gaming,cutoff
6974.0,1.9372222222222222,0.25821476375170416,3.679107381875852,0.03239171650263691,1.6206708922784752,3.5170619939914394,5.7,41.55792232524503,11.474535144078411,S3_gaming,cutoff
6976.0,1.9377777777777778,0.25798966679668023,3.67899483339834,0.03239280162606073,1.6207252610071525,3.5169440108922094,5.7,41.55533243164285,11.473706378125714,S3_gaming,cutoff
6978.0,1.9383333333333332,0.2577645622900518,3.678882281145026,0.03239388686205195,1.6207796353840287,3.516826023452754,5.7,41.55274253012632,11.472877609640422,S3_gaming,cutoff
6980.0,1.9388888888888889,0.25753945023103425,3.678769725115518,0.032394972210630396,1.6208340154100969,3.5167080316725814,5.7,41.55015262069431,11.47204883862218,S3_gaming,cutoff
6982.0,1.9394444444444445,0.25731433061884296,3.6786571653094216,0.032396057671815914,1.6208884010863622,3.516590035551199,5.7,41.54756270334568,11.471220065070618,S3_gaming,cutoff
6984.0,1.94,0.2570892034526931,3.6785446017263466,0.03239714324562834,1.6209427924138124,3.5164720350881153,5.7,41.544972778079384,11.470391288985402,S3_gaming,cutoff
6986.0,1.9405555555555556,0.2568640687317997,3.6784320343659,0.03239822893208752,1.6209971893934498,3.516354030282839,5.7,41.54238284489426,11.469562510366165,S3_gaming,cutoff
6988.0,1.941111111111111,0.2566389264553776,3.6783194632276888,0.032399314731213304,1.6210515920262707,3.5162360211348767,5.7,41.53979290378925,11.46873372921256,S3_gaming,cutoff
6990.0,1.9416666666666667,0.2564137766226417,3.678206888311321,0.03240040064302555,1.6211060003132742,3.516118007643737,5.7,41.537202954763224,11.467904945524232,S3_gaming,cutoff
6992.0,1.9422222222222223,0.25618861923280656,3.6780943096164034,0.03240148666754412,1.621160414255457,3.5159999898089254,5.7,41.53461299781507,11.467076159300822,S3_gaming,cutoff
6994.0,1.9427777777777777,0.25596345428508666,3.6779817271425435,0.03240257280478887,1.621214833853815,3.5158819676299524,5.7,41.532023032943684,11.466247370541979,S3_gaming,cutoff
6996.0,1.9433333333333334,0.25573828177869634,3.677869140889348,0.03240365905477968,1.621269259109348,3.515763941106324,5.7,41.529433060147944,11.465418579247343,S3_gaming,cutoff
6998.0,1.943888888888889,0.25551310171284985,3.677756550856425,0.03240474541753643,1.6213236900230577,3.515645910237547,5.7,41.52684307942677,11.464589785416566,S3_gaming,cutoff
7000.0,1.9444444444444444,0.25528791408676127,3.6776439570433808,0.03240583189307898,1.621378126595943,3.515527875023129,5.7,41.52425309077902,11.463760989049286,S3_gaming,cutoff
7002.0,1.945,0.2550627188996445,3.6775313594498225,0.03240691848142724,1.621432568828998,3.5154098354625782,5.7,41.52166309420361,11.462932190145155,S3_gaming,cutoff
7004.0,1.9455555555555555,0.2548375161507133,3.6774187580753566,0.032408005182601084,1.6214870167232276,3.515291791555401,5.7,41.51907308969941,11.462103388703811,S3_gaming,cutoff
7006.0,1.9461111111111111,0.25461230583918143,3.6773061529195914,0.03240909199662041,1.6215414702796276,3.5151737433011037,5.7,41.51648307726535,11.461274584724912,S3_gaming,cutoff
7008.0,1.9466666666666668,0.25438708796426235,3.6771935439821313,0.03241017892350513,1.6215959294992004,3.515055690699193,5.7,41.513893056900265,11.460445778208085,S3_gaming,cutoff
7010.0,1.9472222222222222,0.2541618625251694,3.6770809312625854,0.03241126596327514,1.621650394382948,3.5149376337491773,5.7,41.51130302860308,11.459616969152986,S3_gaming,cutoff
7012.0,1.9477777777777778,0.2539366295211159,3.676968314760558,0.03241235311595035,1.6217048649318666,3.514819572450562,5.7,41.508712992372665,11.458788157559253,S3_gaming,cutoff
7014.0,1.9483333333333333,0.2537113889513149,3.6768556944756576,0.032413440381550675,1.6217593411469582,3.514701506802854,5.7,41.50612294820792,11.457959343426534,S3_gaming,cutoff
7016.0,1.948888888888889,0.2534861408149794,3.6767430704074897,0.03241452776009604,1.621813823029225,3.5145834368055593,5.7,41.503532896107735,11.457130526754476,S3_gaming,cutoff
7018.0,1.9494444444444445,0.25326088511132216,3.6766304425556613,0.03241561525160636,1.6218683105796687,3.514465362458185,5.7,41.500942836071005,11.456301707542723,S3_gaming,cutoff
7020.0,1.95,0.2530356218395559,3.676517810919778,0.03241670285610158,1.6219228037992888,3.514347283760237,5.7,41.4983527680966,11.455472885790913,S3_gaming,cutoff
7022.0,1.9505555555555556,0.2528103509988932,3.6764051754994465,0.03241779057360162,1.6219773026890871,3.5142292007112226,5.7,41.495762692183426,11.454644061498696,S3_gaming,cutoff
7024.0,1.951111111111111,0.2525850725885464,3.676292536294273,0.03241887840412643,1.6220318072500683,3.514111113310646,5.7,41.49317260833036,11.453815234665717,S3_gaming,cutoff
7026.0,1.9516666666666667,0.2523597866077278,3.676179893303864,0.03241996634769596,1.6220863174832345,3.513993021558014,5.7,41.49058251653631,11.452986405291618,S3_gaming,cutoff
7028.0,1.9522222222222223,0.2521344930556495,3.676067246527825,0.03242105440433015,1.6221408333895848,3.5138749254528325,5.7,41.48799241680013,11.452157573376043,S3_gaming,cutoff
7030.0,1.9527777777777777,0.25190919193152356,3.675954595965762,0.03242214257404896,1.6221953549701211,3.5137568249946076,5.7,41.48540230912074,11.451328738918637,S3_gaming,cutoff
7032.0,1.9533333333333334,0.25168388323456176,3.6758419416172807,0.032423230856872355,1.622249882225854,3.5136387201828447,5.7,41.48281219349699,11.450499901919036,S3_gaming,cutoff
7034.0,1.9538888888888888,0.25145856696397584,3.675729283481988,0.03242431925282029,1.6223044151577797,3.5135206110170505,5.7,41.4802220699278,11.449671062376897,S3_gaming,cutoff
7036.0,1.9544444444444444,0.2512332431189773,3.675616621559489,0.032425407761912745,1.622358953766903,3.513402497496729,5.7,41.47763193841206,11.448842220291858,S3_gaming,cutoff
7038.0,1.955,0.2510079116987777,3.675503955849389,0.03242649638416968,1.6224134980542315,3.5132843796213855,5.7,41.47504179894861,11.448013375663555,S3_gaming,cutoff
7040.0,1.9555555555555555,0.2507825727025882,3.675391286351294,0.032427585119611094,1.6224680480207643,3.5131662573905276,5.7,41.47245165153638,11.447184528491642,S3_gaming,cutoff
7042.0,1.9561111111111111,0.25055722612962006,3.67527861306481,0.03242867396825696,1.622522603667506,3.513048130803657,5.7,41.469861496174246,11.44635567877576,S3_gaming,cutoff
7044.0,1.9566666666666668,0.25033187197908424,3.675165935989542,0.032429762930127275,1.6225771649954646,3.512929999860283,5.7,41.4672713328611,11.445526826515552,S3_gaming,cutoff
7046.0,1.9572222222222222,0.2501065102501916,3.675053255125096,0.03243085200524203,1.6226317320056443,3.5128118645599073,5.7,41.464681161595806,11.444697971710658,S3_gaming,cutoff
7048.0,1.9577777777777778,0.24988114094215289,3.6749405704710765,0.03243194119362123,1.6226863046990474,3.512693724902037,5.7,41.46209098237727,11.443869114360727,S3_gaming,cutoff
7050.0,1.9583333333333333,0.2496557640541787,3.674827882027089,0.03243303049528487,1.6227408830766814,3.512575580886175,5.7,41.45950079520436,11.443040254465396,S3_gaming,cutoff
7052.0,1.958888888888889,0.24943037958547948,3.6747151897927397,0.032434119910252975,1.622795467139551,3.512457432511828,5.7,41.45691060007597,11.44221139202431,S3_gaming,cutoff
7054.0,1.9594444444444445,0.24920498753526557,3.6746024937676327,0.03243520943854555,1.622850056888661,3.5123392797785002,5.7,41.45432039699099,11.441382527037117,S3_gaming,cutoff
7056.0,1.96,0.24897958790274713,3.6744897939513734,0.03243629908018261,1.622904652325019,3.512221122685695,5.7,41.4517301859483,11.440553659503456,S3_gaming,cutoff
7058.0,1.9605555555555556,0.24875418068713417,3.674377090343567,0.0324373888351842,1.6229592534496322,3.512102961232919,5.7,41.449139966946774,11.439724789422968,S3_gaming,cutoff
7060.0,1.961111111111111,0.24852876588763662,3.674264382943818,0.032438478703570334,1.6230138602635058,3.5119847954196732,5.7,41.4465497399853,11.438895916795296,S3_gaming,cutoff
7062.0,1.9616666666666667,0.2483033435034642,3.674151671751732,0.032439568685361055,1.623068472767644,3.511866625245465,5.7,41.44395950506278,11.43806704162009,S3_gaming,cutoff
7064.0,1.9622222222222223,0.24807791353382655,3.674038956766913,0.0324406587805764,1.6231230909630578,3.5117484507097987,5.7,41.44136926217807,11.437238163896984,S3_gaming,cutoff
7066.0,1.9627777777777777,0.24785247597793314,3.6739262379889666,0.032441748989236414,1.6231777148507542,3.511630271812176,5.7,41.438779011330084,11.436409283625627,S3_gaming,cutoff
7068.0,1.9633333333333334,0.24762703083499332,3.6738135154174962,0.03244283931136115,1.623232344431738,3.511512088552103,5.7,41.436188752517666,11.435580400805653,S3_gaming,cutoff
7070.0,1.9638888888888888,0.24740157810421626,3.6737007890521083,0.03244392974697066,1.6232869797070197,3.5113939009290824,5.7,41.43359848573973,11.434751515436714,S3_gaming,cutoff
7072.0,1.9644444444444444,0.24717611778481102,3.6735880588924057,0.03244502029608501,1.6233416206776068,3.5112757089426188,5.7,41.43100821099515,11.433922627518449,S3_gaming,cutoff
7074.0,1.965,0.24695064987598653,3.6734753249379932,0.03244611095872426,1.6233962673445068,3.5111575125922156,5.7,41.42841792828279,11.433093737050493,S3_gaming,cutoff
7076.0,1.9655555555555555,0.24672517437695154,3.6733625871884756,0.03244720173490848,1.623450919708727,3.5110393118773757,5.7,41.42582763760155,11.432264844032495,S3_gaming,cutoff
7078.0,1.9661111111111111,0.24649969128691473,3.6732498456434577,0.03244829262465776,1.6235055777712781,3.5109211067976043,5.7,41.42323733895032,11.431435948464104,S3_gaming,cutoff
7080.0,1.9666666666666666,0.24627420060508456,3.6731371003025424,0.032449383627992164,1.62356024153317,3.5108028973524035,5.7,41.42064703232796,11.43060705034495,S3_gaming,cutoff
7082.0,1.9672222222222222,0.2460487023306694,3.673024351165335,0.03245047474493178,1.6236149109954106,3.5106846835412773,5.7,41.41805671773338,11.429778149674682,S3_gaming,cutoff
7084.0,1.9677777777777778,0.24582319646287742,3.6729115982314386,0.032451565975496706,1.62366958615901,3.5105664653637283,5.7,41.41546639516542,11.428949246452934,S3_gaming,cutoff
7086.0,1.9683333333333333,0.24559768300091678,3.6727988415004584,0.032452657319707034,1.6237242670249785,3.51044824281926,5.7,41.41287606462299,11.428120340679358,S3_gaming,cutoff
7088.0,1.968888888888889,0.24537216194399533,3.6726860809719977,0.032453748777582864,1.6237789535943237,3.510330015907377,5.7,41.41028572610496,11.427291432353588,S3_gaming,cutoff
7090.0,1.9694444444444446,0.24514663329132091,3.6725733166456607,0.0324548403491443,1.6238336458680585,3.510211784627579,5.7,41.40769537961022,11.42646252147527,S3_gaming,cutoff
7092.0,1.97,0.24492109704210116,3.672460548521051,0.03245593203441146,1.6238883438471907,3.510093548979371,5.7,41.405105025137644,11.425633608044047,S3_gaming,cutoff
7094.0,1.9705555555555556,0.24469555319554362,3.6723477765977717,0.03245702383340445,1.6239430475327359,3.5099753089622556,5.7,41.402514662686094,11.424804692059551,S3_gaming,cutoff
7096.0,1.971111111111111,0.24447000175085562,3.6722350008754283,0.0324581157461434,1.6239977569257018,3.509857064575735,5.7,41.3999242922545,11.42397577352144,S3_gaming,cutoff
7098.0,1.9716666666666667,0.2442444427072444,3.6721222213536224,0.03245920777264843,1.6240524720271015,3.5097388158193135,5.7,41.397333913841685,11.423146852429339,S3_gaming,cutoff
7100.0,1.9722222222222223,0.2440188760639171,3.6720094380319592,0.032460299912939666,1.6241071928379425,3.5096205626924912,5.7,41.39474352744655,11.422317928782897,S3_gaming,cutoff
7102.0,1.9727777777777777,0.2437933018200806,3.671896650910041,0.03246139216703726,1.6241619193592405,3.5095023051947716,5.7,41.39215313306798,11.421489002581755,S3_gaming,cutoff
7104.0,1.9733333333333334,0.24356771997494175,3.671783859987471,0.03246248453496134,1.6242166515920087,3.5093840433256567,5.7,41.38956273070484,11.420660073825548,S3_gaming,cutoff
7106.0,1.9738888888888888,0.24334213052770723,3.671671065263854,0.03246357701673206,1.6242713895372574,3.5092657770846487,5.7,41.386972320356016,11.419831142513925,S3_gaming,cutoff
7108.0,1.9744444444444444,0.24311653347758355,3.671558266738792,0.032464669612369566,1.6243261331959968,3.5091475064712507,5.7,41.38438190202039,11.419002208646525,S3_gaming,cutoff
7110.0,1.975,0.2428909288237771,3.671445464411889,0.03246576232189402,1.6243808825692456,3.509029231484963,5.7,41.381791475696836,11.418173272222989,S3_gaming,cutoff
7112.0,1.9755555555555555,0.24266531656549414,3.671332658282747,0.03246685514532558,1.6244356376580116,3.508910952125289,5.7,41.37920104138422,11.417344333242951,S3_gaming,cutoff
7114.0,1.9761111111111112,0.24243969670194077,3.6712198483509706,0.03246794808268441,1.6244903984633101,3.5087926683917297,5.7,41.376610599081445,11.416515391706064,S3_gaming,cutoff
7116.0,1.9766666666666666,0.24221406923232294,3.6711070346161616,0.032469041133990684,1.6245451649861575,3.5086743802837863,5.7,41.37402014878737,11.415686447611959,S3_gaming,cutoff
7118.0,1.9772222222222222,0.2419884341558465,3.6709942170779235,0.03247013429926458,1.6245999372275637,3.5085560878009634,5.7,41.371429690500875,11.41485750096028,S3_gaming,cutoff
7120.0,1.9777777777777779,0.24176279147171714,3.670881395735859,0.03247122757852628,1.624654715188542,3.5084377909427573,5.7,41.368839224220835,11.414028551750668,S3_gaming,cutoff
7122.0,1.9783333333333333,0.2415371411791404,3.67076857058957,0.03247232097179597,1.624709498870111,3.5083194897086742,5.7,41.366248749946124,11.41319959998276,S3_gaming,cutoff
7124.0,1.978888888888889,0.2413114832773217,3.6706557416386607,0.03247341447909384,1.6247642882732838,3.5082011840982137,5.7,41.36365826767563,11.412370645656203,S3_gaming,cutoff
7126.0,1.9794444444444443,0.24108581776546623,3.6705429088827333,0.032474508100440086,1.6248190833990732,3.508082874110876,5.7,41.36106777740823,11.411541688770633,S3_gaming,cutoff
7128.0,1.98,0.24086014464277916,3.67043007232139,0.03247560183585491,1.624873884248501,3.507964559746164,5.7,41.35847727914278,11.41071272932569,S3_gaming,cutoff
7130.0,1.9805555555555556,0.2406344639084655,3.6703172319542334,0.03247669568535853,1.6249286908225717,3.507846241003578,5.7,41.35588677287817,11.409883767321015,S3_gaming,cutoff
7132.0,1.981111111111111,0.24040877556173004,3.670204387780865,0.03247778964897114,1.6249835031223097,3.5077279178826184,5.7,41.353296258613256,11.409054802756243,S3_gaming,cutoff
7134.0,1.9816666666666667,0.2401830796017775,3.6700915398008886,0.032478883726712975,1.6250383211487278,3.507609590382787,5.7,41.35070573634694,11.40822583563102,S3_gaming,cutoff
7136.0,1.9822222222222223,0.23995737602781245,3.6699786880139063,0.03247997791860425,1.625093144902845,3.507491258503584,5.7,41.34811520607808,11.407396865944985,S3_gaming,cutoff
7138.0,1.9827777777777778,0.23973166483903927,3.6698658324195197,0.03248107222466519,1.6251479743856738,3.50737292224451,5.7,41.34552466780556,11.40656789369778,S3_gaming,cutoff
7140.0,1.9833333333333334,0.23950594603466227,3.669752973017331,0.03248216664491602,1.6252028095982334,3.5072545816050664,5.7,41.342934121528245,11.405738918889039,S3_gaming,cutoff
7142.0,1.9838888888888888,0.23928021961388557,3.6696401098069424,0.032483261179377,1.6252576505415395,3.5071362365847523,5.7,41.340343567245014,11.404909941518405,S3_gaming,cutoff
7144.0,1.9844444444444445,0.23905448557591316,3.669527242787957,0.03248435582806835,1.6253124972166078,3.507017887183069,5.7,41.33775300495475,11.40408096158552,S3_gaming,cutoff
7146.0,1.985,0.23882874391994888,3.6694143719599746,0.03248545059101033,1.6253673496244596,3.506899533399517,5.7,41.335162434656304,11.403251979090019,S3_gaming,cutoff
7148.0,1.9855555555555555,0.23860299464519646,3.669301497322598,0.03248654546822319,1.6254222077661111,3.5067811752335962,5.7,41.332571856348565,11.402422994031541,S3_gaming,cutoff
7150.0,1.9861111111111112,0.23837723775085948,3.6691886188754297,0.032487640459727185,1.6254770716425808,3.5066628126848065,5.7,41.329981270030395,11.401594006409727,S3_gaming,cutoff
7152.0,1.9866666666666666,0.23815147323614133,3.669075736618071,0.03248873556554258,1.6255319412548819,3.506544445752648,5.7,41.32739067570069,11.400765016224222,S3_gaming,cutoff
7154.0,1.9872222222222222,0.2379257011002453,3.668962850550123,0.03248983078568965,1.625586816604041,3.5064260744366202,5.7,41.324800073358304,11.399936023474657,S3_gaming,cutoff
7156.0,1.9877777777777779,0.23769992134237455,3.668849960671187,0.03249092612018866,1.6256416976910715,3.506307698736223,5.7,41.32220946300208,11.399107028160667,S3_gaming,cutoff
7158.0,1.9883333333333333,0.2374741339617321,3.6687370669808663,0.03249202156905989,1.6256965845169946,3.506189318650957,5.7,41.31961884463097,11.398278030281912,S3_gaming,cutoff
7160.0,1.988888888888889,0.23724833895752076,3.6686241694787602,0.032493117132323626,1.625751477082829,3.5060709341803213,5.7,41.31702821824377,11.397449029838006,S3_gaming,cutoff
7162.0,1.9894444444444443,0.2370225363289433,3.6685112681644716,0.03249421281000015,1.6258063753895935,3.5059525453238147,5.7,41.31443758383938,11.396620026828602,S3_gaming,cutoff
7164.0,1.99,0.23679672607520227,3.668398363037601,0.032495308602109765,1.6258612794383065,3.505834152080938,5.7,41.31184694141668,11.395791021253338,S3_gaming,cutoff
7166.0,1.9905555555555556,0.2365709081955001,3.66828545409775,0.03249640450867276,1.625916189229995,3.5057157544511885,5.7,41.30925629097452,11.394962013111845,S3_gaming,cutoff
7168.0,1.991111111111111,0.23634508268903912,3.6681725413445196,0.03249750052970945,1.6259711047656722,3.505597352434067,5.7,41.30666563251179,11.394133002403771,S3_gaming,cutoff
7170.0,1.9916666666666667,0.23611924955502145,3.6680596247775106,0.03249859666524013,1.6260260260463593,3.505478946029073,5.7,41.304074966027336,11.393303989128748,S3_gaming,cutoff
7172.0,1.9922222222222221,0.2358934087926491,3.667946704396325,0.03249969291528513,1.626080953073078,3.5053605352357047,5.7,41.301484291520076,11.392474973286424,S3_gaming,cutoff
7174.0,1.9927777777777778,0.23566756040112397,3.667833780200562,0.03250078927986475,1.6261358858468522,3.50524212005346,5.7,41.29889360898881,11.39164595487642,S3_gaming,cutoff
7176.0,1.9933333333333334,0.23544170437964776,3.667720852189824,0.03250188575899933,1.6261908243687007,3.5051237004818403,5.7,41.29630291843248,11.390816933898394,S3_gaming,cutoff
7178.0,1.9938888888888888,0.23521584072742205,3.667607920363711,0.032502982352709195,1.6262457686396448,3.505005276520342,5.7,41.2937122198499,11.38998791035197,S3_gaming,cutoff
7180.0,1.9944444444444445,0.2349899694436483,3.667494984721824,0.03250407906101468,1.626300718660706,3.5048868481684647,5.7,41.29112151323997,11.389158884236792,S3_gaming,cutoff
7182.0,1.995,0.2347640905275278,3.6673820452637638,0.03250517588393612,1.6263556744329082,3.5047684154257066,5.7,41.28853079860155,11.388329855552495,S3_gaming,cutoff
7184.0,1.9955555555555555,0.23453820397826175,3.667269101989131,0.03250627282149387,1.6264106359572732,3.504649978291567,5.7,41.28594007593351,11.387500824298725,S3_gaming,cutoff
7186.0,1.9961111111111112,0.2343123097950511,3.6671561548975258,0.03250736987370827,1.6264656032348224,3.504531536765543,5.7,41.283349345234726,11.386671790475113,S3_gaming,cutoff
7188.0,1.9966666666666666,0.2340864079770968,3.6670432039885483,0.032508467040599676,1.6265205762665824,3.504413090847134,5.7,41.280758606504044,11.385842754081295,S3_gaming,cutoff
7190.0,1.9972222222222222,0.2338604985235995,3.6669302492618,0.032509564322188454,1.626575555053572,3.5042946405358375,5.7,41.27816785974035,11.385013715116912,S3_gaming,cutoff
7192.0,1.9977777777777779,0.23363458143375984,3.66681729071688,0.03251066171849496,1.6266305395968155,3.504176185831152,5.7,41.27557710494251,11.384184673581604,S3_gaming,cutoff
7194.0,1.9983333333333333,0.23340865670677827,3.666704328353389,0.032511759229539576,1.626685529897337,3.504057726732575,5.7,41.27298634210939,11.383355629475005,S3_gaming,cutoff
7196.0,1.998888888888889,0.2331827243418551,3.6665913621709274,0.03251285685534267,1.6267405259561607,3.5039392632396043,5.7,41.27039557123985,11.382526582796753,S3_gaming,cutoff
7198.0,1.9994444444444444,0.2329567843381905,3.666478392169095,0.03251395459592463,1.6267955277743107,3.5038207953517384,5.7,41.267804792332775,11.381697533546488,S3_gaming,cutoff
7200.0,2.0,0.23273083669498446,3.666365418347492,0.03251505245130583,1.626850535352811,3.503702323068474,5.7,41.265214005387016,11.380868481723846,S3_gaming,cutoff
7202.0,2.0005555555555556,0.23250488141143688,3.6662524407057187,0.032516150421506664,1.6269055486926864,3.5035838463893096,5.7,41.26262321040146,11.380039427328468,S3_gaming,cutoff
7204.0,2.0011111111111113,0.2322789184867475,3.6661394592433743,0.03251724850654753,1.6269605677949632,3.503465365313742,5.7,41.26003240737494,11.379210370359983,S3_gaming,cutoff
7206.0,2.0016666666666665,0.2320529479201159,3.666026473960058,0.032518346706448834,1.627015592660666,3.5033468798412684,5.7,41.257441596306336,11.378381310818028,S3_gaming,cutoff
7208.0,2.002222222222222,0.23182696971074157,3.6659134848553707,0.03251944502123098,1.6270706232908188,3.5032283899713867,5.7,41.25485077719453,11.37755224870225,S3_gaming,cutoff
7210.0,2.0027777777777778,0.23160098385782377,3.6658004919289118,0.03252054345091438,1.6271256596864485,3.503109895703595,5.7,41.25225995003837,11.37672318401228,S3_gaming,cutoff
7212.0,2.0033333333333334,0.2313749903605617,3.665687495180281,0.03252164199551945,1.6271807018485795,3.502991397037388,5.7,41.249669114836735,11.375894116747755,S3_gaming,cutoff
7214.0,2.003888888888889,0.23114898921815438,3.665574494609077,0.032522740655066606,1.6272357497782413,3.5028728939722646,5.7,41.24707827158847,11.375065046908311,S3_gaming,cutoff
7216.0,2.0044444444444443,0.2309229804298007,3.6654614902149003,0.03252383942957628,1.6272908034764582,3.502754386507721,5.7,41.244487420292465,11.374235974493589,S3_gaming,cutoff
7218.0,2.005,0.23069696399469938,3.66534848199735,0.032524938319068906,1.6273458629442572,3.5026358746432535,5.7,41.241896560947566,11.373406899503221,S3_gaming,cutoff
7220.0,2.0055555555555555,0.23047093991204903,3.665235469956025,0.03252603732356492,1.6274009281826622,3.50251735837836,5.7,41.23930569355265,11.372577821936849,S3_gaming,cutoff
7222.0,2.006111111111111,0.23024490818104812,3.665122454090524,0.03252713644308476,1.627455999192709,3.502398837712536,5.7,41.23671481810656,11.3717487417941,S3_gaming,cutoff
7224.0,2.006666666666667,0.23001886880089492,3.6650094344004476,0.03252823567764888,1.6275110759754157,3.502280312645279,5.7,41.234123934608185,11.37091965907462,S3_gaming,cutoff
7226.0,2.007222222222222,0.22979282177078764,3.664896410885394,0.03252933502727773,1.627566158531815,3.502161783176084,5.7,41.23153304305638,11.370090573778041,S3_gaming,cutoff
7228.0,2.0077777777777777,0.2295667670899243,3.6647833835449624,0.032530434491991764,1.627621246862934,3.5020432493044487,5.7,41.228942143450006,11.369261485904003,S3_gaming,cutoff
7230.0,2.0083333333333333,0.22934070475750276,3.6646703523787516,0.032531534071811447,1.6276763409698025,3.501924711029869,5.7,41.22635123578793,11.368432395452137,S3_gaming,cutoff
7232.0,2.008888888888889,0.2291146347727208,3.66455731738636,0.03253263376675725,1.6277314408534498,3.5018061683518407,5.7,41.22376032006899,11.367603302422078,S3_gaming,cutoff
7234.0,2.0094444444444446,0.228888557134776,3.664444278567388,0.03253373357684965,1.6277865465148977,3.5016876212698604,5.7,41.22116939629208,11.366774206813467,S3_gaming,cutoff
7236.0,2.01,0.22866247184286578,3.664331235921433,0.03253483350210911,1.627841657955184,3.5015690697834234,5.7,41.218578464456066,11.365945108625942,S3_gaming,cutoff
7238.0,2.0105555555555554,0.2284363788961875,3.6642181894480936,0.03253593354255613,1.627896775175333,3.5014505138920256,5.7,41.215987524559786,11.365116007859132,S3_gaming,cutoff
7240.0,2.011111111111111,0.22821027829393833,3.6641051391469697,0.03253703369821119,1.6279518981763745,3.5013319535951624,5.7,41.213396576602136,11.364286904512683,S3_gaming,cutoff
7242.0,2.0116666666666667,0.2279841700353153,3.6639920850176577,0.03253813396909479,1.6280070269593383,3.50121338889233,5.7,41.21080562058194,11.36345779858622,S3_gaming,cutoff
7244.0,2.0122222222222224,0.22775805411951525,3.6638790270597577,0.032539234355227424,1.6280621615252593,3.5010948197830234,5.7,41.20821465649806,11.36262869007938,S3_gaming,cutoff
7246.0,2.012777777777778,0.22753193054573495,3.6637659652728676,0.032540334856629605,1.628117301875162,3.5009762462667395,5.7,41.20562368434939,11.361799578991805,S3_gaming,cutoff
7248.0,2.013333333333333,0.227305799313171,3.6636528996565856,0.032541435473321834,1.6281724480100817,3.500857668342972,5.7,41.20303270413476,11.360970465323124,S3_gaming,cutoff
7250.0,2.013888888888889,0.22707966042101982,3.6635398302105098,0.03254253620532462,1.6282275999310425,3.5007390860112166,5.7,41.20044171585306,11.360141349072979,S3_gaming,cutoff
7252.0,2.0144444444444445,0.22685351386847777,3.663426756934239,0.032543637052658496,1.6282827576390824,3.5006204992709686,5.7,41.19785071950312,11.359312230241,S3_gaming,cutoff
7254.0,2.015,0.22662735965474098,3.6633136798273704,0.03254473801534398,1.6283379211352311,3.500501908121723,5.7,41.195259715083814,11.358483108826821,S3_gaming,cutoff
7256.0,2.0155555555555558,0.22640119777900553,3.6632005988895027,0.032545839093401606,1.6283930904205213,3.500383312562975,5.7,41.192668702594005,11.357653984830083,S3_gaming,cutoff
7258.0,2.016111111111111,0.22617502824046723,3.6630875141202335,0.03254694028685191,1.6284482654959798,3.500264712594219,5.7,41.19007768203256,11.35682485825042,S3_gaming,cutoff
7260.0,2.0166666666666666,0.22594885103832185,3.662974425519161,0.03254804159571542,1.6285034463626418,3.5001461082149494,5.7,41.187486653398324,11.355995729087464,S3_gaming,cutoff
7262.0,2.0172222222222222,0.225722666171765,3.6628613330858824,0.0325491430200127,1.628558633021543,3.500027499424662,5.7,41.184895616690156,11.355166597340851,S3_gaming,cutoff
7264.0,2.017777777777778,0.22549647363999212,3.662748236819996,0.032550244559764296,1.6286138254737126,3.49990888622285,5.7,41.18230457190693,11.35433746301022,S3_gaming,cutoff
7266.0,2.0183333333333335,0.2252702734421985,3.662635136721099,0.032551346214990756,1.6286690237201862,3.499790268609009,5.7,41.17971351904749,11.353508326095197,S3_gaming,cutoff
7268.0,2.0188888888888887,0.2250440655775793,3.6625220327887895,0.03255244798571265,1.6287242277619933,3.4996716465826334,5.7,41.177122458110695,11.352679186595424,S3_gaming,cutoff
7270.0,2.0194444444444444,0.2248178500453296,3.662408925022665,0.032553549871950534,1.6287794376001696,3.4995530201432166,5.7,41.17453138909541,11.351850044510531,S3_gaming,cutoff
7272.0,2.02,0.2245916268446442,3.6622958134223222,0.03255465187372499,1.6288346532357472,3.4994343892902533,5.7,41.1719403120005,11.35102089984016,S3_gaming,cutoff
7274.0,2.0205555555555557,0.22436539597471788,3.662182697987359,0.0325557539910566,1.6288898746697615,3.499315754023237,5.7,41.16934922682481,11.350191752583939,S3_gaming,cutoff
7276.0,2.0211111111111113,0.22413915743474522,3.6620695787173725,0.03255685622396593,1.6289451019032508,3.4991971143416625,5.7,41.166758133567185,11.3493626027415,S3_gaming,cutoff
7278.0,2.0216666666666665,0.22391291122392065,3.6619564556119606,0.03255795857247357,1.6290003349372444,3.4990784702450233,5.7,41.16416703222652,11.348533450312488,S3_gaming,cutoff
7280.0,2.022222222222222,0.2236866573414385,3.6618433286707193,0.032559061036600126,1.6290555737727779,3.4989598217328135,5.7,41.16157592280163,11.347704295296523,S3_gaming,cutoff
7282.0,2.022777777777778,0.2234603957864929,3.6617301978932466,0.03256016361636618,1.6291108184108838,3.4988411688045256,5.7,41.15898480529142,11.346875137693253,S3_gaming,cutoff
7284.0,2.0233333333333334,0.2232341265582779,3.661617063279139,0.03256126631179235,1.6291660688526055,3.4987225114596554,5.7,41.156393679694695,11.346045977502303,S3_gaming,cutoff
7286.0,2.023888888888889,0.22300784965598736,3.6615039248279944,0.03256236912289923,1.6292213250989729,3.4986038496976937,5.7,41.15380254601036,11.345216814723315,S3_gaming,cutoff
7288.0,2.0244444444444443,0.22278156507881497,3.6613907825394074,0.03256347204970745,1.629276587151021,3.498485183518135,5.7,41.151211404237216,11.344387649355909,S3_gaming,cutoff
7290.0,2.025,0.22255527282595436,3.661277636412977,0.03256457509223761,1.6293318550097884,3.498366512920473,5.7,41.148620254374165,11.343558481399732,S3_gaming,cutoff
7292.0,2.0255555555555556,0.22232897289659895,3.6611644864482997,0.03256567825051034,1.62938712867631,3.498247837904201,5.7,41.14602909642006,11.342729310854418,S3_gaming,cutoff
7294.0,2.026111111111111,0.22210266528994202,3.661051332644971,0.03256678152454628,1.6294424081516268,3.498129158468812,5.7,41.14343793037373,11.341900137719593,S3_gaming,cutoff
7296.0,2.026666666666667,0.22187635000517675,3.6609381750025882,0.032567884914366046,1.629497693436771,3.498010474613797,5.7,41.140846756234026,11.34107096199489,S3_gaming,cutoff
7298.0,2.027222222222222,0.2216500270414961,3.660825013520748,0.03256898841999029,1.6295529845327783,3.4978917863386525,5.7,41.13825557399985,11.340241783679952,S3_gaming,cutoff
7300.0,2.0277777777777777,0.221423696398093,3.660711848199046,0.03257009204143966,1.6296082814406891,3.4977730936428686,5.7,41.135664383670004,11.339412602774402,S3_gaming,cutoff
7302.0,2.0283333333333333,0.22119735807416013,3.66059867903708,0.032571195778734796,1.629663584161542,3.497654396525939,5.7,41.13307318524338,11.338583419277883,S3_gaming,cutoff
7304.0,2.028888888888889,0.22097101206889008,3.660485506034445,0.032572299631896354,1.6297188926963746,3.497535694987356,5.7,41.13048197871882,11.337754233190022,S3_gaming,cutoff
7306.0,2.0294444444444446,0.22074465838147528,3.6603723291907375,0.032573403600945,1.629774207046225,3.4974169890266125,5.7,41.12789076409517,11.336925044510455,S3_gaming,cutoff
7308.0,2.03,0.220518297011108,3.660259148505554,0.0325745076859014,1.6298295272121315,3.4972982786432,5.7,41.12529954137129,11.336095853238813,S3_gaming,cutoff
7310.0,2.0305555555555554,0.22029192795698038,3.6601459639784903,0.03257561188678622,1.6298848531951293,3.4971795638366108,5.7,41.12270831054604,11.335266659374732,S3_gaming,cutoff
7312.0,2.031111111111111,0.22006555121828444,3.6600327756091424,0.03257671620362013,1.6299401849962618,3.497060844606339,5.7,41.12011707161825,11.33443746291784,S3_gaming,cutoff
7314.0,2.0316666666666667,0.21983916679421203,3.659919583397106,0.03257782063642383,1.62999552261657,3.496942120951874,5.7,41.117525824586785,11.333608263867772,S3_gaming,cutoff
7316.0,2.0322222222222224,0.21961277468395485,3.6598063873419773,0.03257892518521799,1.6300508660570867,3.496823392872711,5.7,41.11493456945052,11.332779062224166,S3_gaming,cutoff
7318.0,2.0327777777777776,0.21938637488670445,3.6596931874433523,0.032580029850023305,1.6301062153188577,3.496704660368338,5.7,41.11234330620828,11.33194985798665,S3_gaming,cutoff
7320.0,2.033333333333333,0.21915996740165228,3.659579983700826,0.03258113463086048,1.6301615704029215,3.4965859234382504,5.7,41.109752034858914,11.331120651154853,S3_gaming,cutoff
7322.0,2.033888888888889,0.2189335522279896,3.659466776113995,0.032582239527750204,1.6302169313103159,3.4964671820819375,5.7,41.10716075540131,11.33029144172842,S3_gaming,cutoff
7324.0,2.0344444444444445,0.21870712936490755,3.659353564682454,0.0325833445407132,1.6302722980420847,3.496348436298892,5.7,41.10456946783428,11.329462229706971,S3_gaming,cutoff
7326.0,2.035,0.2184806988115971,3.659240349405798,0.032584449669770164,1.6303276705992686,3.496229686088605,5.7,41.10197817215668,11.328633015090137,S3_gaming,cutoff
7328.0,2.0355555555555553,0.21825426056724911,3.6591271302836246,0.032585554914941826,1.6303830489829056,3.496110931450569,5.7,41.099386868367404,11.32780379787757,S3_gaming,cutoff
7330.0,2.036111111111111,0.21802781463105428,3.659013907315527,0.0325866602762489,1.6304384331940425,3.4959921723842737,5.7,41.09679555646524,11.326974578068876,S3_gaming,cutoff
7332.0,2.0366666666666666,0.21780136100220315,3.6589006805011017,0.032587765753712125,1.630493823233714,3.495873408889211,5.7,41.094204236449094,11.32614535566371,S3_gaming,cutoff
7334.0,2.0372222222222223,0.21757489967988614,3.6587874498399433,0.03258887134735223,1.630549219102967,3.495754640964872,5.7,41.09161290831778,11.325316130661689,S3_gaming,cutoff
7336.0,2.037777777777778,0.2173484306632935,3.6586742153316467,0.03258997705718995,1.6306046208028446,3.4956358686107483,5.7,41.089021572070145,11.324486903062446,S3_gaming,cutoff
7338.0,2.0383333333333336,0.21712195395161538,3.658560976975808,0.03259108288324604,1.6306600283343824,3.4955170918263296,5.7,41.08643022770507,11.323657672865624,S3_gaming,cutoff
7340.0,2.0388888888888888,0.2168954695440417,3.658447734772021,0.03259218882554124,1.6307154416986325,3.495398310611108,5.7,41.08383887522138,11.322828440070843,S3_gaming,cutoff
7342.0,2.0394444444444444,0.21666897743976235,3.6583344887198814,0.032593294884096305,1.6307708608966298,3.495279524964573,5.7,41.08124751461796,11.321999204677747,S3_gaming,cutoff
7344.0,2.04,0.21644247763796698,3.6582212388189834,0.032594401058932,1.6308262859294236,3.495160734886217,5.7,41.078656145893596,11.321169966685952,S3_gaming,cutoff
7346.0,2.0405555555555557,0.21621597013784513,3.6581079850689227,0.03259550735006908,1.630881716798055,3.4950419403755277,5.7,41.076064769047186,11.3203407260951,S3_gaming,cutoff
7348.0,2.0411111111111113,0.2159894549385862,3.657994727469293,0.03259661375752833,1.630937153503567,3.4949231414319986,5.7,41.07347338407757,11.319511482904824,S3_gaming,cutoff
7350.0,2.0416666666666665,0.21576293203937943,3.6578814660196897,0.03259772028133051,1.630992596047004,3.494804338055119,5.7,41.07088199098359,11.318682237114748,S3_gaming,cutoff
7352.0,2.042222222222222,0.21553640143941394,3.6577682007197065,0.03259882692149641,1.6310480444294089,3.494685530244378,5.7,41.06829058976409,11.317852988724509,S3_gaming,cutoff
7354.0,2.042777777777778,0.21530986313787867,3.6576549315689393,0.03259993367804682,1.6311034986518314,3.4945667179992657,5.7,41.06569918041794,11.31702373773374,S3_gaming,cutoff
7356.0,2.0433333333333334,0.21508331713396245,3.6575416585669815,0.032601040551002526,1.631158958715312,3.4944479013192735,5.7,41.06310776294396,11.316194484142066,S3_gaming,cutoff
7358.0,2.043888888888889,0.21485676342685395,3.6574283817134265,0.032602147540384326,1.6312144246208942,3.494329080203891,5.7,41.060516337341,11.31536522794912,S3_gaming,cutoff
7360.0,2.0444444444444443,0.21463020201574168,3.657315101007871,0.03260325464621302,1.6312698963696275,3.4942102546526077,5.7,41.05792490360794,11.31453596915454,S3_gaming,cutoff
7362.0,2.045,0.21440363289981404,3.657201816449907,0.032604361868509416,1.6313253739625555,3.4940914246649135,5.7,41.05533346174358,11.313706707757946,S3_gaming,cutoff
7364.0,2.0455555555555556,0.21417705607825924,3.6570885280391296,0.03260546920729433,1.6313808574007242,3.4939725902402974,5.7,41.05274201174681,11.312877443758978,S3_gaming,cutoff
7366.0,2.046111111111111,0.2139504715502654,3.656975235775133,0.03260657666258858,1.6314363466851804,3.4938537513782495,5.7,41.05015055361644,11.312048177157262,S3_gaming,cutoff
7368.0,2.046666666666667,0.21372387931502043,3.65686193965751,0.03260768423441298,1.6314918418169704,3.4937349080782596,5.7,41.04755908735134,11.311218907952428,S3_gaming,cutoff
7370.0,2.047222222222222,0.21349727937171215,3.6567486396858557,0.03260879192278837,1.6315473427971432,3.493616060339817,5.7,41.04496761295034,11.310389636144109,S3_gaming,cutoff
7372.0,2.0477777777777777,0.21327067171952818,3.656635335859764,0.03260989972773558,1.6316028496267398,3.49349720816241,5.7,41.04237613041231,11.309560361731938,S3_gaming,cutoff
7374.0,2.0483333333333333,0.21304405635765608,3.656522028178828,0.03261100764927544,1.6316583623068148,3.4933783515455277,5.7,41.03978463973606,11.308731084715541,S3_gaming,cutoff
7376.0,2.048888888888889,0.2128174332852832,3.6564087166426416,0.03261211568742881,1.6317138808384062,3.493259490488661,5.7,41.03719314092048,11.307901805094554,S3_gaming,cutoff
7378.0,2.0494444444444446,0.2125908025015967,3.6562954012507984,0.03261322384221653,1.6317694052225717,3.493140624991297,5.7,41.034601633964385,11.307072522868603,S3_gaming,cutoff
7380.0,2.05,0.2123641640057837,3.656182082002892,0.03261433211365946,1.6318249354603547,3.4930217550529252,5.7,41.03201011886661,11.306243238037315,S3_gaming,cutoff
7382.0,2.0505555555555555,0.2121375177970311,3.6560687588985155,0.032615440501778455,1.6318804715528017,3.492902880673034,5.7,41.02941859562601,11.305413950600325,S3_gaming,cutoff
7384.0,2.051111111111111,0.2119108638745257,3.6559554319372634,0.03261654900659438,1.6319360135009646,3.4927840018511125,5.7,41.02682706424146,11.304584660557268,S3_gaming,cutoff
7386.0,2.0516666666666667,0.21168420223745413,3.655842101118727,0.032617657628128106,1.63199156130589,3.492665118586649,5.7,41.02423552471175,11.30375536790776,S3_gaming,cutoff
7388.0,2.0522222222222224,0.21145753288500288,3.6557287664425013,0.032618766366400515,1.6320471149686293,3.4925462308791317,5.7,41.021643977035765,11.302926072651445,S3_gaming,cutoff
7390.0,2.0527777777777776,0.21123085581635828,3.655615427908179,0.03261987522143248,1.6321026744902323,3.4924273387280493,5.7,41.01905242121232,11.302096774787945,S3_gaming,cutoff
7392.0,2.0533333333333332,0.21100417103070654,3.6555020855153533,0.0326209841932449,1.632158239871745,3.4923084421328907,5.7,41.0164608572403,11.301267474316894,S3_gaming,cutoff
7394.0,2.053888888888889,0.2107774785272337,3.655388739263617,0.03262209328185865,1.6322138111142193,3.4921895410931425,5.7,41.01386928511849,11.300438171237918,S3_gaming,cutoff
7396.0,2.0544444444444445,0.21055077830512564,3.6552753891525627,0.03262320248729464,1.6322693882187045,3.4920706356082936,5.7,41.011277704845774,11.299608865550649,S3_gaming,cutoff
7398.0,2.055,0.21032407036356815,3.6551620351817844,0.032624311809573765,1.6323249711862524,3.4919517256778323,5.7,41.008686116420996,11.298779557254718,S3_gaming,cutoff
7400.0,2.0555555555555554,0.21009735470174684,3.6550486773508735,0.03262542124871694,1.6323805600179153,3.491832811301245,5.7,41.00609451984296,11.297950246349748,S3_gaming,cutoff
7402.0,2.056111111111111,0.20987063131884717,3.6549353156594235,0.03262653080474507,1.6324361547147392,3.491713892478022,5.7,41.00350291511055,11.297120932835377,S3_gaming,cutoff
7404.0,2.0566666666666666,0.2096439002140545,3.6548219501070274,0.03262764047767908,1.6324917552777762,3.4915949692076476,5.7,41.0009113022226,11.296291616711231,S3_gaming,cutoff
7406.0,2.0572222222222223,0.20941716138655395,3.654708580693277,0.0326287502675399,1.6325473617080837,3.491476041489612,5.7,40.99831968117792,11.295462297976934,S3_gaming,cutoff
7408.0,2.057777777777778,0.20919041483553058,3.6545952074177652,0.03262986017434844,1.6326029740067083,3.4913571093234026,5.7,40.995728051975384,11.294632976632123,S3_gaming,cutoff
7410.0,2.058333333333333,0.20896366056016927,3.6544818302800848,0.03263097019812565,1.6326585921747043,3.491238172708505,5.7,40.993136414613836,11.293803652676427,S3_gaming,cutoff
7412.0,2.0588888888888888,0.20873689855965474,3.6543684492798274,0.032632080338892464,1.6327142162131214,3.4911192316444075,5.7,40.99054476909209,11.29297432610947,S3_gaming,cutoff
7414.0,2.0594444444444444,0.20851012883317158,3.654255064416586,0.03263319059666983,1.6327698461230138,3.491000286130597,5.7,40.987953115409006,11.292144996930881,S3_gaming,cutoff
7416.0,2.06,0.20828335137990425,3.654141675689952,0.0326343009714787,1.6328254819054366,3.490881336166561,5.7,40.9853614535634,11.291315665140289,S3_gaming,cutoff
7418.0,2.0605555555555557,0.20805656619903704,3.6540282830995188,0.03263541146334002,1.632881123561436,3.4907623817517868,5.7,40.982769783554154,11.29048633073733,S3_gaming,cutoff
7420.0,2.061111111111111,0.2078297732897541,3.653914886644877,0.032636522072274764,1.6329367710920721,3.4906434228857597,5.7,40.98017810538006,11.28965699372162,S3_gaming,cutoff
7422.0,2.0616666666666665,0.20760297265123945,3.65380148632562,0.03263763279830389,1.6329924244983973,3.490524459567967,5.7,40.97758641904,11.2888276540928,S3_gaming,cutoff
7424.0,2.062222222222222,0.20737616428267694,3.653688082141339,0.032638743641448364,1.6330480837814632,3.490405491797896,5.7,40.9749947245328,11.287998311850496,S3_gaming,cutoff
7426.0,2.062777777777778,0.20714934818325026,3.653574674091625,0.032639854601729176,1.6331037489423272,3.490286519575033,5.7,40.97240302185727,11.287168966994326,S3_gaming,cutoff
7428.0,2.0633333333333335,0.206922524352143,3.6534612621760716,0.0326409656791673,1.6331594199820387,3.490167542898864,5.7,40.969811311012286,11.286339619523932,S3_gaming,cutoff
7430.0,2.063888888888889,0.20669569278853858,3.6533478463942695,0.032642076873783725,1.6332150969016606,3.4900485617688757,5.7,40.96721959199666,11.285510269438932,S3_gaming,cutoff
7432.0,2.0644444444444443,0.20646885349162028,3.6532344267458106,0.03264318818559945,1.6332707797022394,3.4899295761845552,5.7,40.964627864809266,11.284680916738965,S3_gaming,cutoff
7434.0,2.065,0.2062420064605712,3.653121003230286,0.03264429961463547,1.6333264683848352,3.489810586145387,5.7,40.96203612944889,11.283851561423646,S3_gaming,cutoff
7436.0,2.0655555555555556,0.20601515169457435,3.6530075758472873,0.03264541116091278,1.6333821629505,3.489691591650858,5.7,40.9594443859144,11.28302220349261,S3_gaming,cutoff
7438.0,2.0661111111111112,0.20578828919281256,3.6528941445964063,0.0326465228244524,1.6334378634002944,3.489572592700454,5.7,40.95685263420465,11.282192842945488,S3_gaming,cutoff
7440.0,2.066666666666667,0.2055614189544685,3.652780709477234,0.03264763460527534,1.6334935697352697,3.489453589293661,5.7,40.95426087431845,11.281363479781904,S3_gaming,cutoff
7442.0,2.067222222222222,0.2053345409787247,3.6526672704893626,0.03264874650340262,1.6335492819564867,3.489334581429965,5.7,40.95166910625465,11.280534114001489,S3_gaming,cutoff
7444.0,2.0677777777777777,0.20510765526476357,3.652553827632382,0.03264985851885526,1.633605000064997,3.4892155691088504,5.7,40.949077330012074,11.279704745603864,S3_gaming,cutoff
7446.0,2.0683333333333334,0.20488076181176737,3.6524403809058836,0.0326509706516543,1.633660724061864,3.489096552329805,5.7,40.94648554558956,11.27887537458866,S3_gaming,cutoff
7448.0,2.068888888888889,0.2046538606189182,3.652326930309459,0.03265208290182078,1.6337164539481364,3.4889775310923117,5.7,40.94389375298597,11.278046000955511,S3_gaming,cutoff
7450.0,2.0694444444444446,0.20442695168539796,3.652213475842699,0.03265319526937572,1.6337721897248774,3.4888585053958567,5.7,40.941301952200114,11.277216624704037,S3_gaming,cutoff
7452.0,2.07,0.2042000350103885,3.6521000175051945,0.03265430775434018,1.6338279313931448,3.488739475239927,5.7,40.93871014323083,11.276387245833865,S3_gaming,cutoff
7454.0,2.0705555555555555,0.2039731105930715,3.651986555296536,0.032655420356735215,1.6338836789539957,3.488620440624005,5.7,40.93611832607695,11.275557864344625,S3_gaming,cutoff
7456.0,2.071111111111111,0.20374617843262843,3.6518730892163145,0.032656533076581874,1.6339394324084848,3.488501401547578,5.7,40.93352650073733,11.274728480235947,S3_gaming,cutoff
7458.0,2.0716666666666668,0.2035192385282407,3.65175961926412,0.032657645913901225,1.6339951917576756,3.48838235801013,5.7,40.93093466721077,11.273899093507447,S3_gaming,cutoff
7460.0,2.0722222222222224,0.20329229087908948,3.6516461454395452,0.03265875886871433,1.6340509570026251,3.4882633100111446,5.7,40.928342825496166,11.273069704158774,S3_gaming,cutoff
7462.0,2.0727777777777776,0.20306533548435587,3.6515326677421784,0.03265987194104227,1.634106728144391,3.488144257550109,5.7,40.92575097559229,11.272240312189533,S3_gaming,cutoff
7464.0,2.0733333333333333,0.20283837234322077,3.6514191861716103,0.03266098513090612,1.6341625051840336,3.4880252006265065,5.7,40.92315911749798,11.271410917599354,S3_gaming,cutoff
7466.0,2.073888888888889,0.20261140145486498,3.6513057007274323,0.032662098438326966,1.634218288122613,3.487906139239821,5.7,40.920567251212105,11.270581520387873,S3_gaming,cutoff
7468.0,2.0744444444444445,0.2023844228184691,3.6511922114092346,0.032663211863325894,1.6342740769611896,3.4877870733895393,5.7,40.91797537673348,11.269752120554715,S3_gaming,cutoff
7470.0,2.075,0.20215743643321366,3.6510787182166067,0.032664325405924,1.6343298717008208,3.4876680030751426,5.7,40.91538349406094,11.268922718099502,S3_gaming,cutoff
7472.0,2.0755555555555554,0.20193044229827897,3.6509652211491392,0.03266543906614238,1.6343856723425698,3.4875489282961167,5.7,40.91279160319332,11.268093313021863,S3_gaming,cutoff
7474.0,2.076111111111111,0.20170344041284521,3.650851720206423,0.03266655284400215,1.6344414788874966,3.487429849051946,5.7,40.91019970412946,11.267263905321428,S3_gaming,cutoff
7476.0,2.0766666666666667,0.20147643077609242,3.650738215388046,0.032667666739524405,1.6344972913366589,3.487310765342115,5.7,40.90760779686816,11.266434494997814,S3_gaming,cutoff
7478.0,2.0772222222222223,0.2012494133872005,3.6506247066936,0.03266878075273027,1.6345531096911226,3.4871916771661056,5.7,40.9050158814083,11.265605082050659,S3_gaming,cutoff
7480.0,2.077777777777778,0.2010223882453492,3.650511194122675,0.03266989488364087,1.6346089339519447,3.4870725845234034,5.7,40.9024239577487,11.264775666479585,S3_gaming,cutoff
7482.0,2.078333333333333,0.20079535534971812,3.6503976776748592,0.03267100913227732,1.6346647641201943,3.4869534874134924,5.7,40.89983202588815,11.263946248284208,S3_gaming,cutoff
7484.0,2.078888888888889,0.20056831469948672,3.6502841573497435,0.03267212349866077,1.6347206001969232,3.4868343858358544,5.7,40.89724008582552,11.263116827464167,S3_gaming,cutoff
7486.0,2.0794444444444444,0.20034126629383428,3.6501706331469173,0.032673237982812346,1.6347764421832,3.486715279789975,5.7,40.894648137559635,11.262287404019084,S3_gaming,cutoff
7488.0,2.08,0.20011421013193997,3.65005710506597,0.032674352584753194,1.6348322900800876,3.4865961692753356,5.7,40.89205618108933,11.261457977948586,S3_gaming,cutoff
7490.0,2.0805555555555557,0.19988714621298279,3.6499435731064915,0.03267546730450446,1.6348881438886465,3.486477054291421,5.7,40.889464216413415,11.260628549252294,S3_gaming,cutoff
7492.0,2.081111111111111,0.1996600745361416,3.649830037268071,0.0326765821420873,1.634944003609942,3.4863579348377143,5.7,40.88687224353075,11.259799117929841,S3_gaming,cutoff
7494.0,2.0816666666666666,0.19943299510059512,3.6497164975502976,0.03267769709752288,1.6349998692450352,3.4862388109136986,5.7,40.88428026244015,11.258969683980848,S3_gaming,cutoff
7496.0,2.082222222222222,0.19920590790552192,3.649602953952761,0.03267881217083235,1.6350557407949884,3.4861196825188556,5.7,40.88168827314043,11.25814024740494,S3_gaming,cutoff
7498.0,2.082777777777778,0.19897881295010042,3.6494894064750505,0.032679927362036884,1.6351116182608705,3.4860005496526703,5.7,40.87909627563047,11.25731080820175,S3_gaming,cutoff
7500.0,2.0833333333333335,0.19875171023350888,3.6493758551167543,0.032681042671157665,1.6351675016437417,3.4858814123146242,5.7,40.876504269909034,11.256481366370892,S3_gaming,cutoff
7502.0,2.0838888888888887,0.1985245997549254,3.6492622998774626,0.03268215809821587,1.6352233909446678,3.4857622705042,5.7,40.87391225597499,11.255651921911998,S3_gaming,cutoff
7504.0,2.0844444444444443,0.19829748151352797,3.649148740756764,0.03268327364323268,1.6352792861647119,3.4856431242208807,5.7,40.87132023382717,11.254822474824694,S3_gaming,cutoff
7506.0,2.085,0.19807035550849444,3.6490351777542473,0.03268438930622929,1.6353351873049427,3.485523973464149,5.7,40.86872820346438,11.253993025108603,S3_gaming,cutoff
7508.0,2.0855555555555556,0.19784322173900248,3.6489216108695013,0.03268550508722691,1.63539109436642,3.4854048182334876,5.7,40.86613616488546,11.253163572763349,S3_gaming,cutoff
7510.0,2.0861111111111112,0.1976160802042296,3.648808040102115,0.03268662098624672,1.6354470073502159,3.4852856585283782,5.7,40.863544118089244,11.252334117788559,S3_gaming,cutoff
7512.0,2.0866666666666664,0.1973889309033532,3.6486944654516766,0.032687737003309944,1.6355029262573928,3.4851664943483027,5.7,40.860952063074556,11.251504660183858,S3_gaming,cutoff
7514.0,2.087222222222222,0.19716177383555047,3.648580886917775,0.032688853138437786,1.635558851089014,3.485047325692744,5.7,40.85835999984022,11.250675199948871,S3_gaming,cutoff
7516.0,2.0877777777777777,0.19693460899999857,3.6484673044999996,0.032689969391651474,1.635614781846148,3.4849281525611833,5.7,40.85576792838509,11.249845737083229,S3_gaming,cutoff
7518.0,2.0883333333333334,0.1967074363958744,3.6483537181979373,0.03269108576297222,1.6356707185298636,3.484808974953103,5.7,40.85317584870794,11.249016271586543,S3_gaming,cutoff
7520.0,2.088888888888889,0.19648025602235475,3.6482401280111776,0.03269220225242126,1.6357266611412262,3.484689792867985,5.7,40.85058376080764,11.248186803458445,S3_gaming,cutoff
7522.0,2.0894444444444447,0.19625306787861627,3.6481265339393083,0.03269331886001983,1.6357826096813022,3.4845706063053115,5.7,40.847991664683,11.247357332698561,S3_gaming,cutoff
7524.0,2.09,0.19602587196383542,3.648012935981918,0.03269443558578917,1.6358385641511597,3.4844514152645636,5.7,40.84539956033286,11.246527859306514,S3_gaming,cutoff
7526.0,2.0905555555555555,0.1957986682771886,3.6478993341385944,0.03269555242975052,1.6358945245518675,3.484332219745222,5.7,40.84280744775602,11.245698383281928,S3_gaming,cutoff
7528.0,2.091111111111111,0.19557145681785196,3.647785728408926,0.03269666939192514,1.6359504908844913,3.4842130197467696,5.7,40.84021532695133,11.244868904624425,S3_gaming,cutoff
7530.0,2.091666666666667,0.19534423758500155,3.647672118792501,0.03269778647233428,1.6360064631500997,3.484093815268687,5.7,40.837623197917615,11.244039423333637,S3_gaming,cutoff
7532.0,2.0922222222222224,0.1951170105778133,3.647558505288907,0.03269890367099921,1.6360624413497642,3.483974606310454,5.7,40.83503106065368,11.243209939409176,S3_gaming,cutoff
7534.0,2.0927777777777776,0.19488977579546296,3.6474448878977315,0.032700020987941184,1.6361184254845478,3.4838553928715554,5.7,40.83243891515836,11.242380452850677,S3_gaming,cutoff
7536.0,2.0933333333333333,0.19466253323712612,3.647331266618563,0.03270113842318149,1.6361744155555273,3.4837361749514675,5.7,40.829846761430495,11.24155096365776,S3_gaming,cutoff
7538.0,2.093888888888889,0.19443528290197823,3.647217641450989,0.03270225597674139,1.6362304115637631,3.483616952549675,5.7,40.8272545994689,11.24072147183005,S3_gaming,cutoff
7540.0,2.0944444444444446,0.1942080247891946,3.6471040123945975,0.032703373648642176,1.636286413510332,3.483497725665657,5.7,40.824662429272415,11.239891977367172,S3_gaming,cutoff
7542.0,2.095,0.19398075889795038,3.646990379448975,0.032704491438905144,1.6363424213963056,3.4833784942988943,5.7,40.822070250839815,11.23906248026874,S3_gaming,cutoff
7544.0,2.0955555555555554,0.1937534852274206,3.6468767426137103,0.03270560934755158,1.6363984352227439,3.483259258448868,5.7,40.81947806416997,11.238232980534391,S3_gaming,cutoff
7546.0,2.096111111111111,0.19352620377678012,3.64676310188839,0.032706727374602784,1.6364544549907267,3.483140018115058,5.7,40.81688586926169,11.23740347816374,S3_gaming,cutoff
7548.0,2.0966666666666667,0.19329891454520362,3.646649457272602,0.03270784552008006,1.6365104807013198,3.4830207732969454,5.7,40.814293666113805,11.236573973156418,S3_gaming,cutoff
7550.0,2.0972222222222223,0.1930716175318657,3.646535808765933,0.03270896378400473,1.6365665123555972,3.4829015239940095,5.7,40.81170145472512,11.235744465512038,S3_gaming,cutoff
7552.0,2.097777777777778,0.19284431273594074,3.6464221563679704,0.0327100821663981,1.6366225499546276,3.482782270205732,5.7,40.80910923509447,11.23491495523023,S3_gaming,cutoff
7554.0,2.098333333333333,0.19261700015660302,3.6463085000783018,0.03271120066728149,1.6366785934994799,3.482663011931591,5.7,40.80651700722069,11.23408544231062,S3_gaming,cutoff
7556.0,2.098888888888889,0.19238967979302668,3.6461948398965136,0.03271231928667623,1.636734642991236,3.4825437491710676,5.7,40.80392477110257,11.233255926752824,S3_gaming,cutoff
7558.0,2.0994444444444444,0.19216235164438566,3.646081175822193,0.03271343802460366,1.6367906984309593,3.4824244819236414,5.7,40.80133252673897,11.232426408556469,S3_gaming,cutoff
7560.0,2.1,0.19193501570985377,3.6459675078549267,0.032714556881085106,1.6368467598197238,3.4823052101887937,5.7,40.79874027412867,11.231596887721174,S3_gaming,cutoff
7562.0,2.1005555555555557,0.1917076719886047,3.6458538359943025,0.03271567585614192,1.636902827158604,3.4821859339660017,5.7,40.79614801327054,11.230767364246573,S3_gaming,cutoff
7564.0,2.101111111111111,0.19148032047981198,3.645740160239906,0.032716794949795444,1.6369589004486707,3.482066653254747,5.7,40.79355574416336,11.229937838132276,S3_gaming,cutoff
7566.0,2.1016666666666666,0.19125296118264895,3.6456264805913245,0.03271791416206704,1.6370149796909954,3.481947368054507,5.7,40.79096346680598,11.229108309377912,S3_gaming,cutoff
7568.0,2.102222222222222,0.19102559409628886,3.6455127970481445,0.03271903349297806,1.6370710648866582,3.4818280783647637,5.7,40.7883711811972,11.228278777983105,S3_gaming,cutoff
7570.0,2.102777777777778,0.19079821921990478,3.6453991096099525,0.03272015294254988,1.6371271560367244,3.481708784184994,5.7,40.78577888733585,11.227449243947472,S3_gaming,cutoff
7572.0,2.1033333333333335,0.19057083655266963,3.645285418276335,0.03272127251080386,1.637183253142277,3.481589485514679,5.7,40.783186585220754,11.226619707270642,S3_gaming,cutoff
7574.0,2.1038888888888887,0.19034344609375617,3.6451717230468783,0.03272239219776138,1.637239356204384,3.4814701823532963,5.7,40.78059427485072,11.225790167952232,S3_gaming,cutoff
7576.0,2.1044444444444443,0.19011604784233704,3.6450580239211687,0.032723512003443825,1.63729546522412,3.4813508747003254,5.7,40.778001956224585,11.224960625991868,S3_gaming,cutoff
7578.0,2.105,0.18988864179758472,3.6449443208987926,0.03272463192787258,1.6373515802025644,3.4812315625552452,5.7,40.775409629341155,11.224131081389169,S3_gaming,cutoff
7580.0,2.1055555555555556,0.18966122795867152,3.6448306139793356,0.032725751971069035,1.6374077011407862,3.4811122459175343,5.7,40.77281729419924,11.223301534143758,S3_gaming,cutoff
7582.0,2.1061111111111113,0.18943380632476964,3.6447169031623847,0.03272687213305459,1.6374638280398646,3.4809929247866718,5.7,40.7702249507977,11.222471984255263,S3_gaming,cutoff
7584.0,2.1066666666666665,0.1892063768950511,3.6446031884475256,0.03272799241385065,1.6375199609008766,3.480873599162135,5.7,40.767632599135304,11.221642431723298,S3_gaming,cutoff
7586.0,2.107222222222222,0.18897893966868778,3.644489469834344,0.03272911281347862,1.6375760997248938,3.480754269043404,5.7,40.7650402392109,11.220812876547487,S3_gaming,cutoff
7588.0,2.1077777777777778,0.18875149464485141,3.644375747322426,0.03273023333195992,1.6376322445129932,3.4806349344299568,5.7,40.762447871023305,11.219983318727458,S3_gaming,cutoff
7590.0,2.1083333333333334,0.18852404182271357,3.6442620209113565,0.032731353969315966,1.637688395266254,3.4805155953212714,5.7,40.75985549457131,11.21915375826282,S3_gaming,cutoff
7592.0,2.108888888888889,0.18829658120144568,3.644148290600723,0.032732474725568186,1.6377445519857536,3.4803962517168254,5.7,40.757263109853774,11.218324195153208,S3_gaming,cutoff
7594.0,2.1094444444444442,0.18806911278021904,3.6440345563901095,0.03273359560073801,1.637800714672566,3.4802769036160974,5.7,40.7546707168695,11.217494629398239,S3_gaming,cutoff
7596.0,2.11,0.18784163655820477,3.6439208182791023,0.03273471659484688,1.6378568833277707,3.480157551018565,5.7,40.752078315617275,11.216665060997528,S3_gaming,cutoff
7598.0,2.1105555555555555,0.18761415253457384,3.643807076267287,0.03273583770791622,1.6379130579524392,3.4800381939237073,5.7,40.74948590609596,11.21583548995071,S3_gaming,cutoff
7600.0,2.111111111111111,0.1873866607084971,3.6436933303542487,0.032736958939967496,1.6379692385476596,3.4799188323309997,5.7,40.74689348830435,11.215005916257393,S3_gaming,cutoff
7602.0,2.111666666666667,0.18715916107914524,3.6435795805395728,0.032738080291022154,1.6380254251145032,3.4797994662399216,5.7,40.74430106224126,11.214176339917206,S3_gaming,cutoff
7604.0,2.112222222222222,0.18693165364568878,3.643465826822845,0.03273920176110165,1.6380816176540496,3.4796800956499507,5.7,40.74170862790552,11.213346760929767,S3_gaming,cutoff
7606.0,2.1127777777777776,0.1867041384072981,3.643352069203649,0.03274032335022745,1.6381378161673787,3.479560720560563,5.7,40.73911618529592,11.212517179294695,S3_gaming,cutoff
7608.0,2.1133333333333333,0.18647661536314344,3.643238307681572,0.032741445058421026,1.6381940206555672,3.4794413409712375,5.7,40.7365237344113,11.211687595011616,S3_gaming,cutoff
7610.0,2.113888888888889,0.18624908451239489,3.6431245422561975,0.03274256688570385,1.638250231119695,3.47932195688145,5.7,40.73393127525046,11.210858008080148,S3_gaming,cutoff
7612.0,2.1144444444444446,0.18602154585422237,3.643010772927111,0.032743688832097405,1.6383064475608444,3.4792025682906784,5.7,40.73133880781222,11.210028418499911,S3_gaming,cutoff
7614.0,2.115,0.18579399938779567,3.642896999693898,0.03274481089762317,1.6383626699800924,3.4790831751983995,5.7,40.72874633209541,11.209198826270532,S3_gaming,cutoff
7616.0,2.1155555555555554,0.18556644511228443,3.642783222556142,0.03274593308230264,1.6384188983785213,3.4789637776040903,5.7,40.726153848098825,11.208369231391625,S3_gaming,cutoff
7618.0,2.116111111111111,0.1853388830268581,3.642669441513429,0.03274705538615732,1.6384751327572082,3.478844375507227,5.7,40.72356135582129,11.207539633862813,S3_gaming,cutoff
7620.0,2.1166666666666667,0.18511131313068607,3.642555656565343,0.0327481778092087,1.6385313731172357,3.478724968907288,5.7,40.72096885526162,11.206710033683718,S3_gaming,cutoff
7622.0,2.1172222222222223,0.18488373542293748,3.6424418677114687,0.0327493003514783,1.638587619459686,3.478605557803748,5.7,40.71837634641862,11.20588043085396,S3_gaming,cutoff
7624.0,2.117777777777778,0.18465614990278137,3.642328074951391,0.032750423012987626,1.638643871785636,3.478486142196085,5.7,40.715783829291105,11.205050825373155,S3_gaming,cutoff
7626.0,2.118333333333333,0.18442855656938661,3.6422142782846936,0.0327515457937582,1.6387001300961712,3.478366722083774,5.7,40.7131913038779,11.204221217240928,S3_gaming,cutoff
7628.0,2.118888888888889,0.18420095542192197,3.642100477710961,0.032752668693811535,1.638756394392371,3.4782472974662926,5.7,40.71059877017781,11.2033916064569,S3_gaming,cutoff
7630.0,2.1194444444444445,0.18397334645955601,3.641986673229778,0.032753791713169174,1.638812664675321,3.4781278683431167,5.7,40.70800622818963,11.202561993020682,S3_gaming,cutoff
7632.0,2.12,0.18374572968145717,3.6418728648407286,0.03275491485185265,1.6388689409460977,3.4780084347137215,5.7,40.705413677912205,11.201732376931906,S3_gaming,cutoff
7634.0,2.1205555555555557,0.18351810508679373,3.6417590525433967,0.03275603810988349,1.6389252232057894,3.477888996577583,5.7,40.70282111934432,11.200902758190184,S3_gaming,cutoff
7636.0,2.121111111111111,0.1832904726747338,3.641645236337367,0.03275716148728326,1.6389815114554755,3.477769553934179,5.7,40.70022855248482,11.200073136795144,S3_gaming,cutoff
7638.0,2.1216666666666666,0.1830628324444454,3.641531416222223,0.03275828498407351,1.639037805696239,3.477650106782983,5.7,40.69763597733249,11.199243512746397,S3_gaming,cutoff
7640.0,2.1222222222222222,0.18283518439509633,3.641417592197548,0.032759408600275784,1.6390941059291646,3.477530655123472,5.7,40.69504339388614,11.198413886043564,S3_gaming,cutoff
7642.0,2.122777777777778,0.18260752852585427,3.6413037642629273,0.032760532335911655,1.639150412155338,3.4774111989551217,5.7,40.6924508021446,11.197584256686273,S3_gaming,cutoff
7644.0,2.1233333333333335,0.18237986483588678,3.6411899324179435,0.03276165619100269,1.6392067243758384,3.4772917382774073,5.7,40.689858202106656,11.196754624674131,S3_gaming,cutoff
7646.0,2.1238888888888887,0.1821521933243612,3.6410760966621805,0.032762780165570465,1.6392630425917543,3.4771722730898036,5.7,40.687265593771144,11.195924990006766,S3_gaming,cutoff
7648.0,2.1244444444444444,0.18192451399044476,3.6409622569952225,0.03276390425963656,1.6393193668041677,3.477052803391786,5.7,40.684672977136856,11.195095352683795,S3_gaming,cutoff
7650.0,2.125,0.18169682683330457,3.6408484134166526,0.03276502847322255,1.6393756970141615,3.476933329182831,5.7,40.682080352202625,11.19426571270484,S3_gaming,cutoff
7652.0,2.1255555555555556,0.18146913185210756,3.6407345659260537,0.032766152806350035,1.6394320332228263,3.476813850462412,5.7,40.67948771896723,11.193436070069515,S3_gaming,cutoff
7654.0,2.1261111111111113,0.18124142904602047,3.6406207145230103,0.032767277259040606,1.6394883754312444,3.476694367230004,5.7,40.6768950774295,11.19260642477744,S3_gaming,cutoff
7656.0,2.1266666666666665,0.18101371841420996,3.6405068592071053,0.03276840183131587,1.6395447236405014,3.4765748794850837,5.7,40.67430242758825,11.191776776828242,S3_gaming,cutoff
7658.0,2.127222222222222,0.1807859999558425,3.640392999977921,0.03276952652319744,1.6396010778516823,3.4764553872271233,5.7,40.671709769442266,11.190947126221525,S3_gaming,cutoff
7660.0,2.1277777777777778,0.18055827367008437,3.6402791368350425,0.032770651334706906,1.6396574380658724,3.4763358904555997,5.7,40.66911710299039,11.190117472956926,S3_gaming,cutoff
7662.0,2.1283333333333334,0.1803305395561018,3.640165269778051,0.03277177626586591,1.6397138042841624,3.476216389169986,5.7,40.666524428231405,11.18928781703405,S3_gaming,cutoff
7664.0,2.128888888888889,0.18010279761306075,3.6400513988065306,0.032772901316696065,1.6397701765076378,3.4760968833697583,5.7,40.66393174516412,11.18845815845252,S3_gaming,cutoff
7666.0,2.1294444444444443,0.17987504784012714,3.6399375239200635,0.032774026487219,1.6398265547373836,3.475977373054388,5.7,40.66133905378735,11.187628497211952,S3_gaming,cutoff
7668.0,2.13,0.1796472902364667,3.6398236451182333,0.03277515177745635,1.6398829389744878,3.4758578582233532,5.7,40.6587463540999,11.186798833311968,S3_gaming,cutoff
7670.0,2.1305555555555555,0.17941952480124496,3.6397097624006225,0.03277627718742976,1.639939329220036,3.475738338876125,5.7,40.65615364610059,11.18596916675219,S3_gaming,cutoff
7672.0,2.131111111111111,0.17919175153362735,3.6395958757668136,0.03277740271716087,1.6399957254751212,3.475618815012178,5.7,40.65356092978822,11.18513949753223,S3_gaming,cutoff
7674.0,2.131666666666667,0.17896397043277915,3.6394819852163893,0.03277852836667134,1.6400521277408264,3.4754992866309875,5.7,40.65096820516158,11.184309825651706,S3_gaming,cutoff
7676.0,2.132222222222222,0.17873618149786547,3.639368090748933,0.03277965413598282,1.6401085360182448,3.4753797537320255,5.7,40.64837547221951,11.183480151110244,S3_gaming,cutoff
7678.0,2.1327777777777777,0.17850838472805128,3.639254192364026,0.03278078002511697,1.6401649503084592,3.4752602163147674,5.7,40.645782730960796,11.182650473907454,S3_gaming,cutoff
7680.0,2.1333333333333333,0.17828058012250136,3.639140290061251,0.032781906034095476,1.6402213706125628,3.4751406743786855,5.7,40.64318998138423,11.181820794042954,S3_gaming,cutoff
7682.0,2.133888888888889,0.17805276768038042,3.63902638384019,0.03278303216293999,1.6402777969316467,3.475021127923254,5.7,40.64059722348864,11.180991111516366,S3_gaming,cutoff
7684.0,2.1344444444444446,0.17782494740085295,3.6389124737004264,0.032784158411672204,1.6403342292667933,3.4749015769479468,5.7,40.63800445727284,11.18016142632731,S3_gaming,cutoff
7686.0,2.135,0.1775971192830833,3.6387985596415415,0.0327852847803138,1.6403906676190987,3.474782021452236,5.7,40.635411682735615,11.179331738475398,S3_gaming,cutoff
7688.0,2.1355555555555554,0.1773692833262357,3.638684641663118,0.03278641126888646,1.6404471119896513,3.474662461435595,5.7,40.63281889987578,11.17850204796025,S3_gaming,cutoff
7690.0,2.136111111111111,0.17714143952947417,3.6385707197647372,0.0327875378774119,1.6405035623795416,3.474542896897497,5.7,40.63022610869214,11.177672354781485,S3_gaming,cutoff
7692.0,2.1366666666666667,0.17691358789196265,3.6384567939459815,0.0327886646059118,1.6405600187898577,3.4744233278374166,5.7,40.627633309183494,11.17684265893872,S3_gaming,cutoff
7694.0,2.1372222222222224,0.1766857284128649,3.6383428642064324,0.032789791454407885,1.6406164812216961,3.474303754254825,5.7,40.62504050134864,11.176012960431565,S3_gaming,cutoff
7696.0,2.137777777777778,0.17645786109134448,3.6382289305456723,0.03279091842292186,1.6406729496761419,3.474184176149195,5.7,40.6224476851864,11.175183259259649,S3_gaming,cutoff
7698.0,2.138333333333333,0.17622998592656486,3.6381149929632826,0.03279204551147544,1.6407294241542913,3.47406459352,5.7,40.619854860695575,11.174353555422584,S3_gaming,cutoff
7700.0,2.138888888888889,0.17600210291768936,3.638001051458845,0.03279317272009035,1.6407859046572326,3.473945006366712,5.7,40.61726202787496,11.173523848919988,S3_gaming,cutoff
7702.0,2.1394444444444445,0.1757742120638811,3.6378871060319407,0.032794300048788326,1.6408423911860592,3.473825414688804,5.7,40.61466918672337,11.172694139751478,S3_gaming,cutoff
7704.0,2.14,0.1755463133643031,3.6377731566821514,0.032795427497591095,1.6408988837418619,3.473705818485748,5.7,40.612076337239586,11.171864427916669,S3_gaming,cutoff
7706.0,2.1405555555555558,0.17531840681811817,3.637659203409059,0.0327965550665204,1.6409553823257372,3.473586217757017,5.7,40.609483479422444,11.171034713415182,S3_gaming,cutoff
7708.0,2.141111111111111,0.17509049242448904,3.6375452462122446,0.03279768275559799,1.6410118869387758,3.4734666125020808,5.7,40.60689061327072,11.170204996246632,S3_gaming,cutoff
7710.0,2.1416666666666666,0.17486257018257823,3.637431285091289,0.03279881056484561,1.641068397582071,3.4733470027204154,5.7,40.604297738783224,11.169375276410632,S3_gaming,cutoff
7712.0,2.1422222222222222,0.1746346400915481,3.6373173200457742,0.03279993849428503,1.6411249142567168,3.4732273884114884,5.7,40.60170485595876,11.168545553906803,S3_gaming,cutoff
7714.0,2.142777777777778,0.17440670215056095,3.6372033510752804,0.032801066543938,1.6411814369638038,3.473107769574775,5.7,40.59911196479612,11.16771582873476,S3_gaming,cutoff
7716.0,2.1433333333333335,0.17417875635877883,3.6370893781793896,0.0328021947138263,1.6412379657044285,3.4729881462097456,5.7,40.59651906529414,11.166886100894125,S3_gaming,cutoff
7718.0,2.1438888888888887,0.17395080271536367,3.636975401357682,0.0328033230039717,1.6412945004796868,3.4728685183158725,5.7,40.59392615745158,11.166056370384505,S3_gaming,cutoff
7720.0,2.1444444444444444,0.17372284121947726,3.6368614206097387,0.032804451414395974,1.64135104129067,3.472748885892626,5.7,40.59133324126724,11.165226637205519,S3_gaming,cutoff
7722.0,2.145,0.17349487187028123,3.6367474359351406,0.03280557994512091,1.641407588138477,3.472629248939479,5.7,40.58874031673996,11.164396901356787,S3_gaming,cutoff
7724.0,2.1455555555555557,0.17326689466693704,3.6366334473334687,0.03280670859616831,1.6414641410241986,3.4725096074559016,5.7,40.58614738386852,11.163567162837927,S3_gaming,cutoff
7726.0,2.1461111111111113,0.17303890960860602,3.636519454804303,0.03280783736755996,1.641520699948934,3.4723899614413662,5.7,40.58355444265171,11.162737421648547,S3_gaming,cutoff
7728.0,2.1466666666666665,0.17281091669444937,3.636405458347225,0.032808966259317666,1.6415772649137765,3.4722703108953428,5.7,40.580961493088346,11.161907677788271,S3_gaming,cutoff
7730.0,2.147222222222222,0.17258291592362807,3.636291457961814,0.03281009527146323,1.6416338359198202,3.472150655817303,5.7,40.57836853517722,11.16107793125671,S3_gaming,cutoff
7732.0,2.147777777777778,0.172354907295303,3.6361774536476514,0.03281122440401847,1.6416904129681664,3.4720309962067177,5.7,40.575775568917116,11.160248182053477,S3_gaming,cutoff
7734.0,2.1483333333333334,0.17212689080863489,3.6360634454043175,0.0328123536570052,1.641746996059909,3.4719113320630575,5.7,40.573182594306864,11.159418430178198,S3_gaming,cutoff
7736.0,2.148888888888889,0.1718988664627843,3.635949433231392,0.032813483030445255,1.6418035851961443,3.471791663385794,5.7,40.57058961134525,11.15858867563048,S3_gaming,cutoff
7738.0,2.1494444444444443,0.17167083425691163,3.635835417128456,0.03281461252436046,1.6418601803779713,3.471671990174396,5.7,40.567996620031074,11.157758918409945,S3_gaming,cutoff
7740.0,2.15,0.17144279419017713,3.6357213970950886,0.03281574213877264,1.641916781606484,3.4715523124283356,5.7,40.56540362036313,11.156929158516201,S3_gaming,cutoff
7742.0,2.1505555555555556,0.17121474626174094,3.6356073731308705,0.032816871873703655,1.6419733888827837,3.471432630147083,5.7,40.56281061234021,11.156099395948866,S3_gaming,cutoff
7744.0,2.151111111111111,0.17098669047076298,3.6354933452353815,0.032818001729175345,1.642030002207967,3.471312943330107,5.7,40.56021759596113,11.155269630707561,S3_gaming,cutoff
7746.0,2.151666666666667,0.17075862681640308,3.6353793134082015,0.03281913170520956,1.6420866215831331,3.4711932519768802,5.7,40.557624571224665,11.154439862791893,S3_gaming,cutoff
7748.0,2.152222222222222,0.17053055529782085,3.6352652776489105,0.032820261801828156,1.6421432470093782,3.471073556086871,5.7,40.55503153812964,11.153610092201484,S3_gaming,cutoff
7750.0,2.1527777777777777,0.17030247591417583,3.635151237957088,0.032821392019053,1.6421998784878045,3.4709538556595496,5.7,40.55243849667483,11.152780318935946,S3_gaming,cutoff
7752.0,2.1533333333333333,0.17007438866462732,3.635037194332314,0.03282252235690596,1.642256516019505,3.470834150694386,5.7,40.549845446859045,11.151950542994895,S3_gaming,cutoff
7754.0,2.153888888888889,0.16984629354833455,3.634923146774167,0.03282365281540892,1.6423131596055878,3.4707144411908506,5.7,40.54725238868107,11.151120764377943,S3_gaming,cutoff
7756.0,2.1544444444444446,0.16961819056445654,3.634809095282229,0.03282478339458376,1.6423698092471433,3.470594727148412,5.7,40.54465932213973,11.150290983084714,S3_gaming,cutoff
7758.0,2.155,0.16939007971215217,3.634695039856076,0.032825914094452346,1.6424264649452818,3.470475008566541,5.7,40.542066247233755,11.149461199114802,S3_gaming,cutoff
7760.0,2.1555555555555554,0.16916196099058017,3.63458098049529,0.032827044915036595,1.6424831267010942,3.4703552854447053,5.7,40.53947316396201,11.148631412467843,S3_gaming,cutoff
7762.0,2.156111111111111,0.16893383439889914,3.6344669171994495,0.03282817585635839,1.642539794515685,3.470235557782376,5.7,40.53688007232327,11.147801623143447,S3_gaming,cutoff
7764.0,2.1566666666666667,0.1687056999362675,3.634352849968134,0.03282930691843964,1.6425964683901533,3.470115825579021,5.7,40.53428697231632,11.146971831141224,S3_gaming,cutoff
7766.0,2.1572222222222224,0.1684775576018435,3.634238778800922,0.03283043810130225,1.642653148325604,3.4699960888341104,5.7,40.531693863939964,11.14614203646079,S3_gaming,cutoff
7768.0,2.1577777777777776,0.16824940739478528,3.6341247036973927,0.03283156940496814,1.642709834323136,3.469876347547113,5.7,40.52910074719298,11.145312239101754,S3_gaming,cutoff
7770.0,2.158333333333333,0.1680212493142508,3.6340106246571255,0.03283270082945923,1.6427665263838513,3.469756601717498,5.7,40.526507622074185,11.14448243906374,S3_gaming,cutoff
7772.0,2.158888888888889,0.16779308335939788,3.633896541679699,0.03283383237479744,1.6428232245088492,3.4696368513447338,5.7,40.52391448858236,11.143652636346356,S3_gaming,cutoff
7774.0,2.1594444444444445,0.1675649095293842,3.633782454764692,0.03283496404100471,1.642879928699234,3.469517096428288,5.7,40.52132134671632,11.142822830949223,S3_gaming,cutoff
7776.0,2.16,0.16733672782336723,3.6336683639116836,0.032836095828102964,1.6429366389561133,3.469397336967632,5.7,40.518728196474825,11.141993022871944,S3_gaming,cutoff
7778.0,2.1605555555555553,0.16710853824050437,3.633554269120252,0.03283722773611416,1.6429933552805809,3.469277572962232,5.7,40.51613503785668,11.141163212114138,S3_gaming,cutoff
7780.0,2.161111111111111,0.16688034077995278,3.6334401703899766,0.03283835976506024,1.6430500776737438,3.469157804411557,5.7,40.5135418708607,11.140333398675425,S3_gaming,cutoff
7782.0,2.1616666666666666,0.16665213544086954,3.633326067720435,0.03283949191496316,1.6431068061367071,3.4690380313150753,5.7,40.51094869548566,11.139503582555411,S3_gaming,cutoff
7784.0,2.1622222222222223,0.16642392222241154,3.633211961111206,0.03284062418584487,1.6431635406705725,3.4689182536722556,5.7,40.50835551173035,11.138673763753712,S3_gaming,cutoff
7786.0,2.162777777777778,0.1661957011237355,3.633097850561868,0.03284175657772735,1.6432202812764474,3.468798471482565,5.7,40.50576231959356,11.137843942269939,S3_gaming,cutoff
7788.0,2.1633333333333336,0.165967472143998,3.632983736071999,0.032842889090632564,1.643277027955431,3.468678684745473,5.7,40.503169119074094,11.13701411810371,S3_gaming,cutoff
7790.0,2.1638888888888888,0.16573923528235554,3.6328696176411777,0.03284402172458249,1.643333780708628,3.468558893460446,5.7,40.50057591017074,11.136184291254636,S3_gaming,cutoff
7792.0,2.1644444444444444,0.16551099053796436,3.6327554952689822,0.03284515447959911,1.6433905395371455,3.4684390976269523,5.7,40.497982692882296,11.135354461722335,S3_gaming,cutoff
7794.0,2.165,0.16528273790998058,3.6326413689549906,0.03284628735570441,1.6434473044420888,3.4683192972444594,5.7,40.49538946720754,11.134524629506412,S3_gaming,cutoff
7796.0,2.1655555555555557,0.16505447739756018,3.6325272386987804,0.03284742035292039,1.6435040754245622,3.468199492312436,5.7,40.49279623314526,11.133694794606484,S3_gaming,cutoff
7798.0,2.1661111111111113,0.164826208999859,3.6324131044999297,0.03284855347126905,1.643560852485673,3.4680796828303473,5.7,40.49020299069426,11.132864957022162,S3_gaming,cutoff
7800.0,2.1666666666666665,0.1645979327160327,3.6322989663580163,0.03284968671077238,1.6436176356265235,3.4679598687976627,5.7,40.487609739853326,11.132035116753064,S3_gaming,cutoff
7802.0,2.167222222222222,0.16436964854523678,3.6321848242726182,0.03285082007145241,1.6436744248482265,3.4678400502138493,5.7,40.48501648062124,11.131205273798798,S3_gaming,cutoff
7804.0,2.167777777777778,0.16414135648662662,3.632070678243313,0.03285195355333114,1.643731220151881,3.4677202270783734,5.7,40.48242321299682,11.130375428158983,S3_gaming,cutoff
7806.0,2.1683333333333334,0.16391305653935742,3.631956528269679,0.03285308715643061,1.6437880215385974,3.467600399390702,5.7,40.479829936978824,11.129545579833223,S3_gaming,cutoff
7808.0,2.168888888888889,0.16368474870258423,3.631842374351292,0.03285422088077283,1.6438448290094803,3.4674805671503024,5.7,40.477236652566056,11.128715728821138,S3_gaming,cutoff
7810.0,2.1694444444444443,0.16345643297546195,3.631728216487731,0.03285535472637985,1.6439016425656428,3.467360730356641,5.7,40.47464335975731,11.127885875122338,S3_gaming,cutoff
7812.0,2.17,0.16322810935714532,3.6316140546785727,0.0328564886932737,1.6439584622081864,3.4672408890091857,5.7,40.47205005855135,11.127056018736434,S3_gaming,cutoff
7814.0,2.1705555555555556,0.16299977784678896,3.6314998889233947,0.03285762278147642,1.644015287938222,3.4671210431074018,5.7,40.469456748947,11.126226159663041,S3_gaming,cutoff
7816.0,2.171111111111111,0.16277143844354727,3.6313857192217736,0.03285875699101007,1.644072119756859,3.467001192650757,5.7,40.46686343094302,11.125396297901768,S3_gaming,cutoff
7818.0,2.171666666666667,0.16254309114657456,3.6312715455732874,0.0328598913218967,1.644128957665203,3.4668813376387164,5.7,40.46427010453822,11.124566433452232,S3_gaming,cutoff
7820.0,2.172222222222222,0.16231473595502496,3.6311573679775124,0.03286102577415838,1.6441858016643662,3.4667614780707465,5.7,40.46167676973136,11.123736566314037,S3_gaming,cutoff
7822.0,2.1727777777777777,0.16208637286805244,3.6310431864340265,0.032862160347817165,1.644242651755451,3.466641613946315,5.7,40.459083426521275,11.122906696486808,S3_gaming,cutoff
7824.0,2.1733333333333333,0.1618580018848108,3.6309290009424053,0.03286329504289514,1.6442995079395755,3.466521745264887,5.7,40.45649007490669,11.12207682397014,S3_gaming,cutoff
7826.0,2.173888888888889,0.16162962300445374,3.6308148115022267,0.03286442985941438,1.644356370217842,3.4664018720259278,5.7,40.45389671488644,11.12124694876366,S3_gaming,cutoff
7828.0,2.1744444444444446,0.16140123622613478,3.6307006181130674,0.03286556479739697,1.6444132385913661,3.4662819942289036,5.7,40.45130334645929,11.120417070866973,S3_gaming,cutoff
7830.0,2.175,0.16117284154900724,3.6305864207745038,0.032866699856864995,1.6444701130612553,3.466162111873281,5.7,40.44870996962403,11.119587190279692,S3_gaming,cutoff
7832.0,2.1755555555555555,0.16094443897222435,3.630472219486112,0.032867835037840555,1.64452699362862,3.466042224958525,5.7,40.44611658437945,11.118757307001426,S3_gaming,cutoff
7834.0,2.176111111111111,0.16071602849493916,3.6303580142474696,0.032868970340345756,1.64458388029457,3.465922333484101,5.7,40.44352319072434,11.11792742103179,S3_gaming,cutoff
7836.0,2.1766666666666667,0.16048761011630458,3.6302438050581523,0.032870105764402704,1.6446407730602186,3.465802437449476,5.7,40.44092978865749,11.117097532370398,S3_gaming,cutoff
7838.0,2.1772222222222224,0.16025918383547333,3.6301295919177368,0.03287124131003351,1.644697671926676,3.4656825368541124,5.7,40.43833637817767,11.116267641016854,S3_gaming,cutoff
7840.0,2.1777777777777776,0.160030749651598,3.630015374825799,0.03287237697726029,1.6447545768950522,3.465562631697478,5.7,40.435742959283665,11.115437746970773,S3_gaming,cutoff
7842.0,2.1783333333333332,0.15980230756383104,3.6299011537819155,0.03287351276610517,1.644811487966466,3.4654427219790365,5.7,40.433149531974266,11.114607850231765,S3_gaming,cutoff
7844.0,2.178888888888889,0.15957385757132472,3.629786928785663,0.03287464867659029,1.6448684051420193,3.465322807698254,5.7,40.43055609624827,11.113777950799447,S3_gaming,cutoff
7846.0,2.1794444444444445,0.15934539967323116,3.6296726998366156,0.032875784708737775,1.6449253284228331,3.465202888854595,5.7,40.42796265210443,11.112948048673418,S3_gaming,cutoff
7848.0,2.18,0.15911693386870235,3.629558466934351,0.03287692086256977,1.6449822578100153,3.4650829654475235,5.7,40.425369199541564,11.1121181438533,S3_gaming,cutoff
7850.0,2.1805555555555554,0.15888846015689007,3.629444230078445,0.03287805713810842,1.6450391933046815,3.4649630374765064,5.7,40.42277573855844,11.111288236338702,S3_gaming,cutoff
7852.0,2.181111111111111,0.158659978536946,3.629329989268473,0.03287919353537589,1.6450961349079445,3.4648431049410053,5.7,40.420182269153834,11.110458326129228,S3_gaming,cutoff
7854.0,2.1816666666666666,0.15843148900802165,3.6292157445040107,0.03288033005439433,1.6451530826209204,3.464723167840487,5.7,40.417588791326544,11.109628413224494,S3_gaming,cutoff
7856.0,2.1822222222222223,0.15820299156926837,3.629101495784634,0.0328814666951859,1.6452100364447164,3.4646032261744146,5.7,40.41499530507535,11.108798497624113,S3_gaming,cutoff
7858.0,2.182777777777778,0.15797448621983737,3.628987243109919,0.032882603457772774,1.6452669963804538,3.464483279942254,5.7,40.412401810399025,11.10796857932769,S3_gaming,cutoff
7860.0,2.183333333333333,0.15774597295887968,3.62887298647944,0.032883740342177135,1.645323962429243,3.4643633291434677,5.7,40.409808307296366,11.107138658334838,S3_gaming,cutoff
7862.0,2.1838888888888888,0.1575174517855462,3.6287587258927734,0.03288487734842116,1.6453809345922,3.4642433737775207,5.7,40.40721479576616,11.106308734645172,S3_gaming,cutoff
7864.0,2.1844444444444444,0.15728892269898762,3.6286444613494937,0.03288601447652703,1.64543791287044,3.464123413843876,5.7,40.40462127580716,11.10547880825829,S3_gaming,cutoff
7866.0,2.185,0.15706038569835457,3.6285301928491775,0.03288715172651695,1.6454948972650818,3.4640034493419987,5.7,40.402027747418174,11.104648879173816,S3_gaming,cutoff
7868.0,2.1855555555555557,0.15683184078279744,3.6284159203913986,0.03288828909841311,1.6455518877772328,3.4638834802713516,5.7,40.39943421059796,11.103818947391348,S3_gaming,cutoff
7870.0,2.186111111111111,0.1566032879514665,3.628301643975733,0.032889426592237724,1.6456088844080174,3.463763506631399,5.7,40.396840665345316,11.102989012910502,S3_gaming,cutoff
7872.0,2.1866666666666665,0.15637472720351187,3.628187363601756,0.03289056420801299,1.6456658871585454,3.4636435284216045,5.7,40.394247111659034,11.102159075730892,S3_gaming,cutoff
7874.0,2.187222222222222,0.1561461585380835,3.6280730792690417,0.03289170194576114,1.6457228960299386,3.4635235456414306,5.7,40.39165354953787,11.101329135852119,S3_gaming,cutoff
7876.0,2.187777777777778,0.15591758195433122,3.6279587909771656,0.03289283980550438,1.6457799110233096,3.463403558290342,5.7,40.38905997898063,11.100499193273803,S3_gaming,cutoff
7878.0,2.1883333333333335,0.15568899745140466,3.6278444987257026,0.032893977787264946,1.6458369321397797,3.4632835663678003,5.7,40.38646639998608,11.099669247995545,S3_gaming,cutoff
7880.0,2.188888888888889,0.15546040502845332,3.627730202514227,0.03289511589106507,1.6458939593804622,3.46316356987327,5.7,40.38387281255299,11.098839300016955,S3_gaming,cutoff
7882.0,2.1894444444444443,0.15523180468462652,3.6276159023423133,0.032896254116926996,1.645950992746481,3.463043568806213,5.7,40.381279216680134,11.098009349337644,S3_gaming,cutoff
7884.0,2.19,0.15500319641907345,3.6275015982095367,0.032897392464872964,1.6460080322389437,3.462923563166094,5.7,40.37868561236633,11.097179395957227,S3_gaming,cutoff
7886.0,2.1905555555555556,0.15477458023094315,3.627387290115472,0.03289853093492522,1.646065077858977,3.4628035529523737,5.7,40.37609199961033,11.096349439875306,S3_gaming,cutoff
7888.0,2.1911111111111112,0.15454595611938446,3.6272729780596924,0.03289966952710603,1.6461221296076993,3.462683538164516,5.7,40.3734983784109,11.09551948109149,S3_gaming,cutoff
7890.0,2.191666666666667,0.15431732408354612,3.627158662041773,0.03290080824143765,1.6461791874862268,3.462563518801984,5.7,40.370904748766854,11.094689519605394,S3_gaming,cutoff
7892.0,2.192222222222222,0.15408868412257667,3.6270443420612883,0.032901947077942355,1.6462362514956779,3.4624434948642384,5.7,40.36831111067695,11.093859555416623,S3_gaming,cutoff
7894.0,2.1927777777777777,0.15386003623562453,3.6269300181178123,0.03290308603664241,1.6462933216371738,3.462323466350742,5.7,40.36571746413996,11.093029588524788,S3_gaming,cutoff
7896.0,2.1933333333333334,0.15363138042183794,3.626815690210919,0.0329042251175601,1.6463503979118332,3.462203433260958,5.7,40.36312380915468,11.092199618929497,S3_gaming,cutoff
7898.0,2.193888888888889,0.153402716680365,3.6267013583401826,0.032905364320717716,1.64640748032078,3.4620833955943486,5.7,40.360530145719856,11.091369646630355,S3_gaming,cutoff
7900.0,2.1944444444444446,0.15317404501035367,3.626587022505177,0.032906503646137536,1.6464645688651274,3.4619633533503755,5.7,40.35793647383431,11.090539671626978,S3_gaming,cutoff
7902.0,2.195,0.15294536541095172,3.626472682705476,0.032907643093841865,1.6465216635460023,3.4618433065285,5.7,40.35534279349676,11.089709693918964,S3_gaming,cutoff
7904.0,2.1955555555555555,0.15271667788130674,3.6263583389406535,0.032908782663853005,1.6465787643645229,3.461723255128185,5.7,40.35274910470604,11.088879713505934,S3_gaming,cutoff
7906.0,2.196111111111111,0.15248798242056624,3.6262439912102833,0.032909922356193264,1.646635871321808,3.461603199148892,5.7,40.35015540746091,11.08804973038749,S3_gaming,cutoff
7908.0,2.1966666666666668,0.15225927902787753,3.626129639513939,0.03291106217088495,1.6466929844189848,3.4614831385900815,5.7,40.34756170176013,11.087219744563242,S3_gaming,cutoff
7910.0,2.1972222222222224,0.15203056770238776,3.626015283851194,0.03291220210795039,1.6467501036571712,3.4613630734512166,5.7,40.34496798760248,11.086389756032794,S3_gaming,cutoff
7912.0,2.1977777777777776,0.15180184844324396,3.625900924221622,0.032913342167411916,1.6468072290374918,3.461243003731758,5.7,40.342374264986745,11.085559764795759,S3_gaming,cutoff
7914.0,2.1983333333333333,0.15157312124959293,3.6257865606247965,0.03291448234929185,1.6468643605610649,3.4611229294311663,5.7,40.3397805339117,11.084729770851744,S3_gaming,cutoff
7916.0,2.198888888888889,0.1513443861205814,3.6256721930602906,0.032915622653612524,1.6469214982290175,3.461002850548904,5.7,40.33718679437611,11.083899774200354,S3_gaming,cutoff
7918.0,2.1994444444444445,0.1511156430553559,3.625557821527678,0.03291676308039629,1.6469786420424681,3.4608827670844313,5.7,40.334593046378764,11.083069774841205,S3_gaming,cutoff
7920.0,2.2,0.15088689205306283,3.6254434460265315,0.03291790362966549,1.6470357920025436,3.46076267903721,5.7,40.33199928991842,11.082239772773896,S3_gaming,cutoff
7922.0,2.2005555555555554,0.15065813311284837,3.625329066556424,0.03291904430144249,1.647092948110368,3.4606425864067,5.7,40.32940552499387,11.081409767998037,S3_gaming,cutoff
7924.0,2.201111111111111,0.1504293662338586,3.6252146831169294,0.03292018509574965,1.6471501103670627,3.4605224891923623,5.7,40.32681175160388,11.08057976051324,S3_gaming,cutoff
7926.0,2.2016666666666667,0.15020059141523945,3.62510029570762,0.032921326012609324,1.6472072787737517,3.4604023873936582,5.7,40.32421796974721,11.079749750319108,S3_gaming,cutoff
7928.0,2.2022222222222223,0.14997180865613666,3.6249859043280686,0.032922467052043894,1.6472644533315595,3.460282281010047,5.7,40.321624179422656,11.07891973741525,S3_gaming,cutoff
7930.0,2.202777777777778,0.14974301795569583,3.624871508977848,0.03292360821407573,1.6473216340416152,3.4601621700409906,5.7,40.319030380628966,11.07808972180127,S3_gaming,cutoff
7932.0,2.203333333333333,0.14951421931306244,3.6247571096565316,0.03292474949872722,1.6473788209050348,3.460042054485949,5.7,40.31643657336495,11.077259703476786,S3_gaming,cutoff
7934.0,2.203888888888889,0.14928541272738174,3.624642706363691,0.03292589090602076,1.6474360139229538,3.459921934344382,5.7,40.31384275762934,11.076429682441388,S3_gaming,cutoff
7936.0,2.2044444444444444,0.14905659819779887,3.6245282990988996,0.032927032435978734,1.6474932130964903,3.45980180961575,5.7,40.31124893342093,11.075599658694697,S3_gaming,cutoff
7938.0,2.205,0.1488277757234588,3.6244138878617296,0.03292817408862355,1.6475504184267742,3.459681680299512,5.7,40.30865510073849,11.074769632236316,S3_gaming,cutoff
7940.0,2.2055555555555557,0.14859894530350634,3.6242994726517535,0.03292931586397761,1.6476076299149267,3.45956154639513,5.7,40.3060612595808,11.073939603065856,S3_gaming,cutoff
7942.0,2.206111111111111,0.14837010693708616,3.624185053468543,0.03293045776206333,1.6476648475620803,3.459441407902062,5.7,40.3034674099466,11.073109571182913,S3_gaming,cutoff
7944.0,2.2066666666666666,0.1481412606233428,3.6240706303116714,0.03293159978290313,1.647722071369359,3.4593212648197684,5.7,40.3008735518347,11.072279536587104,S3_gaming,cutoff
7946.0,2.207222222222222,0.14791240636142056,3.62395620318071,0.03293274192651943,1.6477793013378927,3.459201117147708,5.7,40.298279685243834,11.071449499278028,S3_gaming,cutoff
7948.0,2.207777777777778,0.14768354415046364,3.623841772075232,0.032933884192934665,1.6478365374688024,3.4590809648853416,5.7,40.295685810172806,11.0706194592553,S3_gaming,cutoff
7950.0,2.2083333333333335,0.1474546739896161,3.623727336994808,0.03293502658217126,1.647893779763221,3.4589608080321277,5.7,40.293091926620384,11.069789416518523,S3_gaming,cutoff
7952.0,2.2088888888888887,0.1472257958780218,3.6236128979390108,0.03293616909425167,1.647951028222272,3.4588406465875265,5.7,40.29049803458531,11.068959371067299,S3_gaming,cutoff
7954.0,2.2094444444444443,0.14699690981482444,3.6234984549074123,0.03293731172919834,1.6480082828470881,3.4587204805509955,5.7,40.28790413406638,11.068129322901243,S3_gaming,cutoff
7956.0,2.21,0.14676801579916762,3.623384007899584,0.03293845448703372,1.6480655436387963,3.4586003099219953,5.7,40.28531022506235,11.067299272019952,S3_gaming,cutoff
7958.0,2.2105555555555556,0.14653911383019477,3.6232695569150977,0.032939597367780266,1.6481228105985262,3.4584801346999847,5.7,40.282716307572,11.066469218423041,S3_gaming,cutoff
7960.0,2.2111111111111112,0.1463102039070491,3.6231551019535244,0.03294074037146045,1.6481800837274045,3.4583599548844215,5.7,40.280122381594076,11.065639162110106,S3_gaming,cutoff
7962.0,2.2116666666666664,0.1460812860288737,3.623040643014437,0.032941883498096736,1.6482373630265612,3.4582397704747647,5.7,40.27752844712739,11.064809103080766,S3_gaming,cutoff
7964.0,2.212222222222222,0.14585236019481157,3.622926180097406,0.03294302674771161,1.6482946484971255,3.458119581470474,5.7,40.27493450417067,11.063979041334616,S3_gaming,cutoff
7966.0,2.2127777777777777,0.1456234264040054,3.622811713202003,0.03294417012032754,1.6483519401402302,3.457999387871006,5.7,40.272340552722696,11.063148976871263,S3_gaming,cutoff
7968.0,2.2133333333333334,0.1453944846555979,3.622697242327799,0.03294531361596703,1.6484092379570048,3.4578791896758214,5.7,40.26974659278225,11.062318909690319,S3_gaming,cutoff
7970.0,2.213888888888889,0.1451655349487315,3.622582767474366,0.03294645723465257,1.648466541948579,3.4577589868843766,5.7,40.267152624348064,11.061488839791382,S3_gaming,cutoff
7972.0,2.2144444444444447,0.1449365772825485,3.6224682886412745,0.03294760097640665,1.648523852116082,3.457638779496131,5.7,40.26455864741896,11.060658767174067,S3_gaming,cutoff
7974.0,2.215,0.14470761165619106,3.6223538058280957,0.032948744841251786,1.6485811684606444,3.457518567510542,5.7,40.261964661993645,11.059828691837968,S3_gaming,cutoff
7976.0,2.2155555555555555,0.14447863806880118,3.6222393190344007,0.03294988882921048,1.6486384909834033,3.457398350927068,5.7,40.25937066807093,11.058998613782698,S3_gaming,cutoff
7978.0,2.216111111111111,0.1442496565195207,3.6221248282597602,0.03295103294030526,1.6486958196854862,3.457278129745167,5.7,40.25677666564956,11.05816853300786,S3_gaming,cutoff
7980.0,2.216666666666667,0.1440206670074913,3.622010333503746,0.03295217717455865,1.6487531545680223,3.4571579039642955,5.7,40.25418265472833,11.057338449513066,S3_gaming,cutoff
7982.0,2.2172222222222224,0.14379166953185452,3.6218958347659274,0.03295332153199317,1.6488104956321497,3.457037673583913,5.7,40.251588635305964,11.056508363297908,S3_gaming,cutoff
7984.0,2.2177777777777776,0.1435626640917517,3.6217813320458756,0.03295446601263136,1.6488678428789982,3.456917438603475,5.7,40.24899460738124,11.055678274361998,S3_gaming,cutoff
7986.0,2.2183333333333333,0.14333365068632406,3.621666825343162,0.03295561061649577,1.648925196309703,3.456797199022441,5.7,40.24640057095295,11.054848182704944,S3_gaming,cutoff
7988.0,2.218888888888889,0.14310462931471266,3.6215523146573565,0.03295675534360892,1.6489825559253934,3.456676954840267,5.7,40.24380652601984,11.054018088326348,S3_gaming,cutoff
7990.0,2.2194444444444446,0.1428755999760584,3.621437799988029,0.032957900193993396,1.649039921727205,3.45655670605641,5.7,40.24121247258066,11.053187991225812,S3_gaming,cutoff
7992.0,2.22,0.142646562669502,3.621323281334751,0.03295904516767174,1.649097293716273,3.456436452670329,5.7,40.2386184106342,11.052357891402945,S3_gaming,cutoff
7994.0,2.2205555555555554,0.14241751739418404,3.621208758697092,0.032960190264666504,1.6491546718937267,3.4563161946814787,5.7,40.23602434017923,11.051527788857353,S3_gaming,cutoff
7996.0,2.221111111111111,0.14218846414924496,3.6210942320746224,0.03296133548500028,1.649212056260707,3.4561959320893174,5.7,40.23343026121447,11.05069768358863,S3_gaming,cutoff
7998.0,2.2216666666666667,0.14195940293382503,3.6209797014669127,0.03296248082869563,1.649269446818341,3.4560756648933006,5.7,40.230836173738744,11.049867575596398,S3_gaming,cutoff
8000.0,2.2222222222222223,0.14173033374706434,3.620865166873532,0.03296362629577514,1.6493268435677721,3.455955393092887,5.7,40.22824207775075,11.049037464880241,S3_gaming,cutoff
8002.0,2.222777777777778,0.14150125658810284,3.6207506282940516,0.03296477188626141,1.6493842465101298,3.455835116687531,5.7,40.225647973249316,11.048207351439782,S3_gaming,cutoff
8004.0,2.223333333333333,0.14127217145608031,3.6206360857280404,0.03296591760017702,1.6494416556465497,3.455714835676691,5.7,40.22305386023316,11.047377235274611,S3_gaming,cutoff
8006.0,2.223888888888889,0.1410430783501364,3.6205215391750682,0.03296706343754456,1.649499070978172,3.455594550059822,5.7,40.22045973870105,11.046547116384337,S3_gaming,cutoff
8008.0,2.2244444444444444,0.1408139772694106,3.6204069886347052,0.032968209398386655,1.6495564925061295,3.45547425983638,5.7,40.21786560865178,11.045716994768568,S3_gaming,cutoff
8010.0,2.225,0.14058486821304222,3.620292434106521,0.03296935548272591,1.6496139202315574,3.4553539650058225,5.7,40.215271470084076,11.044886870426904,S3_gaming,cutoff
8012.0,2.2255555555555557,0.14035575118017043,3.6201778755900853,0.032970501690584936,1.6496713541555963,3.455233665567605,5.7,40.21267732299672,11.04405674335895,S3_gaming,cutoff
8014.0,2.226111111111111,0.1401266261699342,3.6200633130849673,0.03297164802198636,1.6497287942793786,3.4551133615211826,5.7,40.21008316738847,11.043226613564311,S3_gaming,cutoff
8016.0,2.2266666666666666,0.1398974931814724,3.6199487465907363,0.03297279447695282,1.6497862406040453,3.4549930528660115,5.7,40.207489003258075,11.042396481042585,S3_gaming,cutoff
8018.0,2.227222222222222,0.13966835221392374,3.619834176106962,0.03297394105550693,1.6498436931307314,3.454872739601549,5.7,40.20489483060431,11.04156634579338,S3_gaming,cutoff
8020.0,2.227777777777778,0.1394392032664267,3.6197196016332134,0.03297508775767135,1.6499011518605804,3.4547524217272483,5.7,40.20230064942593,11.040736207816298,S3_gaming,cutoff
8022.0,2.2283333333333335,0.13921004633811968,3.61960502316906,0.03297623458346872,1.6499586167947222,3.4546320992425654,5.7,40.1997064597217,11.039906067110946,S3_gaming,cutoff
8024.0,2.2288888888888887,0.13898088142814088,3.6194904407140704,0.03297738153292169,1.6500160879343,3.4545117721469576,5.7,40.19711226149039,11.039075923676924,S3_gaming,cutoff
8026.0,2.2294444444444443,0.13875170853562838,3.619375854267814,0.03297852860605292,1.6500735652804548,3.4543914404398777,5.7,40.19451805473072,11.038245777513831,S3_gaming,cutoff
8028.0,2.23,0.13852252765972004,3.61926126382986,0.03297967580288508,1.6501310488343217,3.4542711041207825,5.7,40.19192383944151,11.037415628621282,S3_gaming,cutoff
8030.0,2.2305555555555556,0.1382933387995536,3.6191466693997767,0.032980823123440826,1.6501885385970387,3.454150763189126,5.7,40.18932961562147,11.03658547699887,S3_gaming,cutoff
8032.0,2.2311111111111113,0.1380641419542667,3.6190320709771333,0.03298197056774285,1.6502460345697523,3.454030417644363,5.7,40.186735383269365,11.035755322646198,S3_gaming,cutoff
8034.0,2.2316666666666665,0.1378349371229967,3.618917468561498,0.032983118135813824,1.6503035367535972,3.45391006748595,5.7,40.184141142383986,11.034925165562875,S3_gaming,cutoff
8036.0,2.232222222222222,0.13760572430488086,3.6188028621524406,0.03298426582767644,1.650361045149712,3.45378971271334,5.7,40.18154689296408,11.034095005748505,S3_gaming,cutoff
8038.0,2.2327777777777778,0.13737650349905633,3.618688251749528,0.03298541364335339,1.6504185597592425,3.4536693533259886,5.7,40.178952635008365,11.033264843202677,S3_gaming,cutoff
8040.0,2.2333333333333334,0.13714727470466004,3.61857363735233,0.03298656158286737,1.6504760805833267,3.4535489893233504,5.7,40.17635836851564,11.032434677925005,S3_gaming,cutoff
8042.0,2.233888888888889,0.13691803792082877,3.6184590189604147,0.03298770964624109,1.6505336076231085,3.4534286207048783,5.7,40.173764093484664,11.031604509915093,S3_gaming,cutoff
8044.0,2.2344444444444442,0.13668879314669916,3.6183443965733497,0.03298885783349727,1.650591140879723,3.453308247470028,5.7,40.17116980991418,11.030774339172538,S3_gaming,cutoff
8046.0,2.235,0.13645954038140765,3.6182297701907036,0.03299000614465861,1.650648680354319,3.453187869618254,5.7,40.16857551780294,11.029944165696941,S3_gaming,cutoff
8048.0,2.2355555555555555,0.13623027962409057,3.6181151398120455,0.03299115457974784,1.6507062260480347,3.4530674871490086,5.7,40.16598121714973,11.029113989487913,S3_gaming,cutoff
8050.0,2.236111111111111,0.13600101087388408,3.618000505436942,0.03299230313878769,1.6507637779620166,3.4529471000617473,5.7,40.16338690795326,11.028283810545044,S3_gaming,cutoff
8052.0,2.236666666666667,0.1357717341299242,3.6178858670649623,0.0329934518218009,1.6508213360973993,3.452826708355923,5.7,40.16079259021234,11.02745362886795,S3_gaming,cutoff
8054.0,2.237222222222222,0.13554244939134671,3.6177712246956735,0.0329946006288102,1.6508789004553353,3.4527063120309904,5.7,40.15819826392568,11.026623444456217,S3_gaming,cutoff
8056.0,2.2377777777777776,0.13531315665728735,3.617656578328644,0.03299574955983835,1.6509364710369623,3.452585911086403,5.7,40.15560392909206,11.02579325730946,S3_gaming,cutoff
8058.0,2.2383333333333333,0.1350838559268816,3.617541927963441,0.03299689861490809,1.6509940478434209,3.452465505521613,5.7,40.15300958571023,11.024963067427274,S3_gaming,cutoff
8060.0,2.238888888888889,0.13485454719926482,3.6174272735996325,0.03299804779404219,1.6510516308758632,3.4523450953360757,5.7,40.15041523377894,11.024132874809263,S3_gaming,cutoff
8062.0,2.2394444444444446,0.13462523047357222,3.617312615236786,0.03299919709726341,1.6511092201354272,3.452224680529243,5.7,40.14782087329696,11.023302679455027,S3_gaming,cutoff
8064.0,2.24,0.13439590574893884,3.6171979528744695,0.033000346524594514,1.6511668156232617,3.4521042611005686,5.7,40.145226504263036,11.022472481364172,S3_gaming,cutoff
8066.0,2.2405555555555554,0.13416657302449958,3.61708328651225,0.03300149607605829,1.6512244173405048,3.4519838370495064,5.7,40.14263212667593,11.021642280536296,S3_gaming,cutoff
8068.0,2.241111111111111,0.13393723229938914,3.616968616149695,0.03300264575167751,1.6512820252883087,3.4518634083755075,5.7,40.140037740534375,11.020812076971001,S3_gaming,cutoff
8070.0,2.2416666666666667,0.1337078835727421,3.616853941786371,0.03300379555147497,1.6513396394678164,3.4517429750780257,5.7,40.13744334583715,11.019981870667888,S3_gaming,cutoff
8072.0,2.2422222222222223,0.13347852684369285,3.6167392634218465,0.03300494547547347,1.6513972598801718,3.451622537156515,5.7,40.134848942582984,11.019151661626555,S3_gaming,cutoff
8074.0,2.242777777777778,0.13324916211137566,3.616624581055688,0.033006095523695794,1.651454886526521,3.451502094610426,5.7,40.13225453077065,11.018321449846608,S3_gaming,cutoff
8076.0,2.243333333333333,0.1330197893749246,3.6165098946874625,0.033007245696164755,1.6515125194080131,3.4513816474392116,5.7,40.1296601103989,11.017491235327649,S3_gaming,cutoff
8078.0,2.243888888888889,0.1327904086334736,3.6163952043167367,0.033008395992903165,1.6515701585257947,3.4512611956423256,5.7,40.12706568146647,11.016661018069271,S3_gaming,cutoff
8080.0,2.2444444444444445,0.13256101988615646,3.616280509943078,0.033009546413933846,1.6516278038810062,3.4511407392192197,5.7,40.12447124397213,11.015830798071082,S3_gaming,cutoff
8082.0,2.245,0.13233162313210672,3.6161658115660535,0.03301069695927962,1.6516854554748022,3.451020278169345,5.7,40.12187679791464,11.015000575332683,S3_gaming,cutoff
8084.0,2.2455555555555557,0.1321022183704579,3.616051109185229,0.033011847628963316,1.6517431133083265,3.450899812492156,5.7,40.119282343292724,11.014170349853671,S3_gaming,cutoff
8086.0,2.246111111111111,0.13187280560034326,3.6159364028001715,0.03301299842300777,1.6518007773827308,3.450779342187101,5.7,40.11668788010514,11.013340121633645,S3_gaming,cutoff
8088.0,2.2466666666666666,0.13164338482089594,3.615821692410448,0.03301414934143583,1.651858447699156,3.4506588672536354,5.7,40.11409340835066,11.012509890672213,S3_gaming,cutoff
8090.0,2.2472222222222222,0.1314139560312489,3.6157069780156244,0.033015300384270335,1.6519161242587566,3.4505383876912097,5.7,40.11149892802802,11.011679656968967,S3_gaming,cutoff
8092.0,2.247777777777778,0.13118451923053495,3.6155922596152674,0.03301645155153415,1.6519738070626788,3.4504179034992757,5.7,40.10890443913597,11.01084942052351,S3_gaming,cutoff
8094.0,2.2483333333333335,0.13095507441788679,3.6154775372089434,0.033017602843250116,1.652031496112069,3.4502974146772845,5.7,40.106309941673274,11.010019181335448,S3_gaming,cutoff
8096.0,2.2488888888888887,0.13072562159243686,3.6153628107962184,0.03301875425944111,1.652089191408082,3.4501769212246876,5.7,40.10371543563867,11.009188939404375,S3_gaming,cutoff
8098.0,2.2494444444444444,0.13049616075331752,3.615248080376659,0.033019905800130006,1.652146892951864,3.450056423140936,5.7,40.101120921030905,11.00835869472989,S3_gaming,cutoff
8100.0,2.25,0.13026669189966092,3.6151333459498307,0.03302105746533968,1.6522046007445668,3.449935920425482,5.7,40.09852639784874,11.007528447311596,S3_gaming,cutoff
8102.0,2.2505555555555556,0.13003721503059912,3.6150186075152995,0.03302220925509302,1.6522623147873365,3.449815413077776,5.7,40.09593186609091,11.00669819714909,S3_gaming,cutoff
8104.0,2.2511111111111113,0.12980773014526392,3.614903865072632,0.03302336116941291,1.6523200350813283,3.4496949010972697,5.7,40.09333732575618,11.00586794424198,S3_gaming,cutoff
8106.0,2.2516666666666665,0.12957823724278705,3.6147891186213936,0.03302451320832224,1.6523777616276907,3.4495743844834132,5.7,40.09074277684329,11.005037688589855,S3_gaming,cutoff
8108.0,2.252222222222222,0.12934873632230004,3.61467436816115,0.03302566537184392,1.6524354944275759,3.4494538632356573,5.7,40.088148219351,11.00420743019232,S3_gaming,cutoff
8110.0,2.2527777777777778,0.12911922738293427,3.6145596136914673,0.03302681766000085,1.652493233482133,3.4493333373534525,5.7,40.08555365327804,11.003377169048973,S3_gaming,cutoff
8112.0,2.2533333333333334,0.12888971042382094,3.6144448552119104,0.03302797007281596,1.6525509787925134,3.449212806836251,5.7,40.08295907862316,11.002546905159413,S3_gaming,cutoff
8114.0,2.253888888888889,0.1286601854440911,3.6143300927220454,0.03302912261031215,1.6526087303598724,3.449092271683501,5.7,40.08036449538513,11.001716638523243,S3_gaming,cutoff
8116.0,2.2544444444444443,0.1284306524428757,3.614215326221438,0.03303027527251235,1.6526664881853614,3.448971731894654,5.7,40.07776990356268,11.000886369140058,S3_gaming,cutoff
8118.0,2.255,0.1282011114193054,3.6141005557096526,0.0330314280594395,1.6527242522701295,3.44885118746916,5.7,40.07517530315455,11.000056097009457,S3_gaming,cutoff
8120.0,2.2555555555555555,0.1279715623725108,3.6139857811862557,0.033032580971116526,1.6527820226153345,3.4487306384064698,5.7,40.07258069415952,10.999225822131047,S3_gaming,cutoff
8122.0,2.256111111111111,0.12774200530162236,3.613871002650811,0.03303373400756638,1.6528397992221278,3.4486100847060324,5.7,40.06998607657629,10.998395544504413,S3_gaming,cutoff
8124.0,2.256666666666667,0.1275124402057703,3.613756220102885,0.03303488716881201,1.6528975820916614,3.448489526367298,5.7,40.06739145040364,10.997565264129166,S3_gaming,cutoff
8126.0,2.257222222222222,0.1272828670840847,3.6136414335420426,0.033036040454876375,1.652955371225087,3.448368963389717,5.7,40.064796815640314,10.9967349810049,S3_gaming,cutoff
8128.0,2.2577777777777777,0.1270532859356955,3.6135266429678476,0.033037193865782424,1.6530131666235652,3.4482483957727386,5.7,40.06220217228503,10.99590469513121,S3_gaming,cutoff
8130.0,2.2583333333333333,0.1268236967597325,3.6134118483798665,0.033038347401553134,1.653070968288245,3.4481278235158115,5.7,40.05960752033658,10.995074406507705,S3_gaming,cutoff
8132.0,2.258888888888889,0.1265940995553253,3.6132970497776626,0.03303950106221148,1.6531287762202833,3.448007246618387,5.7,40.05701285979366,10.994244115133972,S3_gaming,cutoff
8134.0,2.2594444444444446,0.12636449432160335,3.6131822471608017,0.03304065484778043,1.6531865904208354,3.4478866650799134,5.7,40.05441819065504,10.993413821009614,S3_gaming,cutoff
8136.0,2.26,0.12613488105769594,3.613067440528848,0.033041808758282984,1.6532444108910527,3.447766078899839,5.7,40.05182351291948,10.992583524134234,S3_gaming,cutoff
8138.0,2.2605555555555554,0.1259052597627322,3.612952629881366,0.03304296279374212,1.6533022376320954,3.4476454880776153,5.7,40.0492288265857,10.991753224507423,S3_gaming,cutoff
8140.0,2.261111111111111,0.1256756304358411,3.6128378152179206,0.03304411695418085,1.6533600706451184,3.4475248926126887,5.7,40.046634131652446,10.990922922128783,S3_gaming,cutoff
8142.0,2.2616666666666667,0.12544599307615145,3.612722996538076,0.03304527123962216,1.6534179099312762,3.44740429250451,5.7,40.044039428118474,10.990092616997911,S3_gaming,cutoff
8144.0,2.2622222222222224,0.1252163476827919,3.612608173841396,0.03304642565008908,1.653475755491729,3.4472836877525275,5.7,40.04144471598252,10.989262309114407,S3_gaming,cutoff
8146.0,2.262777777777778,0.12498669425489098,3.6124933471274456,0.03304758018560461,1.6535336073276286,3.4471630783561893,5.7,40.038849995243325,10.988431998477864,S3_gaming,cutoff
8148.0,2.263333333333333,0.12475703279157697,3.6123785163957884,0.03304873484619177,1.6535914654401351,3.4470424643149453,5.7,40.036255265899634,10.987601685087883,S3_gaming,cutoff
8150.0,2.263888888888889,0.12452736329197807,3.612263681645989,0.0330498896318736,1.6536493298304034,3.446921845628242,5.7,40.0336605279502,10.986771368944064,S3_gaming,cutoff
8152.0,2.2644444444444445,0.12429768575522228,3.612148842877611,0.03305104454267312,1.653707200499596,3.4468012222955298,5.7,40.03106578139376,10.985941050046002,S3_gaming,cutoff
8154.0,2.265,0.12406800018043744,3.612034000090219,0.03305219957861338,1.6537650774488655,3.4466805943162555,5.7,40.02847102622904,10.985110728393295,S3_gaming,cutoff
8156.0,2.2655555555555558,0.12383830656675124,3.6119191532833756,0.03305335473971742,1.6538229606793742,3.4465599616898683,5.7,40.0258762624548,10.984280403985537,S3_gaming,cutoff
8158.0,2.266111111111111,0.1236086049132912,3.6118043024566457,0.03305451002600829,1.6538808501922768,3.446439324415815,5.7,40.02328149006978,10.98345007682233,S3_gaming,cutoff
8160.0,2.2666666666666666,0.1233788952191847,3.611689447609592,0.03305566543750905,1.6539387459887367,3.4463186824935446,5.7,40.02068670907271,10.982619746903268,S3_gaming,cutoff
8162.0,2.2672222222222222,0.12314917748355893,3.6115745887417794,0.033056820974242764,1.6539966480699109,3.4461980359225035,5.7,40.01809191946236,10.981789414227954,S3_gaming,cutoff
8164.0,2.267777777777778,0.12291945170554093,3.6114597258527703,0.0330579766362325,1.6540545564369569,3.446077384702141,5.7,40.01549712123742,10.980959078795976,S3_gaming,cutoff
8166.0,2.2683333333333335,0.12268971788425759,3.611344858942129,0.033059132423501336,1.6541124710910349,3.4459567288319044,5.7,40.0129023143967,10.980128740606943,S3_gaming,cutoff
8168.0,2.2688888888888887,0.12245997601883563,3.611229988009418,0.03306028833607235,1.6541703920333106,3.445836068311241,5.7,40.01030749893888,10.979298399660442,S3_gaming,cutoff
8170.0,2.2694444444444444,0.1222302261084016,3.611115113054201,0.033061444373968636,1.6542283192649387,3.4457154031395976,5.7,40.00771267486272,10.97846805595607,S3_gaming,cutoff
8172.0,2.27,0.12200046815208192,3.611000234076041,0.033062600537213285,1.654286252787082,3.4455947333164216,5.7,40.00511784216695,10.977637709493425,S3_gaming,cutoff
8174.0,2.2705555555555557,0.1217707021490028,3.6108853510745016,0.03306375682582939,1.654344192600901,3.4454740588411603,5.7,40.002523000850346,10.97680736027211,S3_gaming,cutoff
8176.0,2.2711111111111113,0.12154092809829034,3.6107704640491454,0.033064913239840066,1.6544021387075558,3.445353379713261,5.7,39.99992815091161,10.975977008291714,S3_gaming,cutoff
8178.0,2.2716666666666665,0.12131114599907043,3.6106555729995353,0.033066069779268424,1.654460091108209,3.4452326959321704,5.7,39.99733329234949,10.975146653551837,S3_gaming,cutoff
8180.0,2.272222222222222,0.12108135585046884,3.6105406779252345,0.03306722644413758,1.6545180498040268,3.4451120074973356,5.7,39.99473842516272,10.974316296052072,S3_gaming,cutoff
8182.0,2.272777777777778,0.12085155765161115,3.610425778825806,0.03306838323447065,1.6545760147961663,3.444991314408203,5.7,39.99214354935007,10.973485935792022,S3_gaming,cutoff
8184.0,2.2733333333333334,0.1206217514016228,3.6103108757008116,0.033069540150290774,1.6546339860857906,3.4448706166642187,5.7,39.989548664910224,10.972655572771272,S3_gaming,cutoff
8186.0,2.273888888888889,0.12039193709962906,3.6101959685498146,0.03307069719162108,1.6546919636740625,3.4447499142648295,5.7,39.98695377184197,10.971825206989429,S3_gaming,cutoff
8188.0,2.2744444444444443,0.12016211474475502,3.6100810573723776,0.033071854358484726,1.6547499475621479,3.444629207209482,5.7,39.98435887014401,10.970994838446083,S3_gaming,cutoff
8190.0,2.275,0.11993228433612564,3.6099661421680627,0.03307301165090484,1.654807937751207,3.444508495497623,5.7,39.9817639598151,10.970164467140831,S3_gaming,cutoff
8192.0,2.2755555555555556,0.1197024458728657,3.609851222936433,0.03307416906890459,1.6548659342424026,3.4443877791286974,5.7,39.979169040853975,10.969334093073273,S3_gaming,cutoff
8194.0,2.276111111111111,0.11947259935409982,3.60973629967705,0.03307532661250713,1.6549239370369033,3.444267058102152,5.7,39.97657411325939,10.968503716243005,S3_gaming,cutoff
8196.0,2.276666666666667,0.11924274477895246,3.6096213723894763,0.03307648428173563,1.6549819461358721,3.444146332417432,5.7,39.97397917703004,10.967673336649613,S3_gaming,cutoff
8198.0,2.277222222222222,0.11901288214654793,3.609506441073274,0.03307764207661326,1.655039961540472,3.444025602073985,5.7,39.97138423216468,10.966842954292698,S3_gaming,cutoff
8200.0,2.2777777777777777,0.11878301145601035,3.6093915057280053,0.0330787999971632,1.6550979832518686,3.4439048670712538,5.7,39.968789278662044,10.966012569171856,S3_gaming,cutoff
8202.0,2.2783333333333333,0.1185531327064637,3.609276566353232,0.03307995804340863,1.6551560112712276,3.443784127408687,5.7,39.966194316520884,10.965182181286684,S3_gaming,cutoff
8204.0,2.278888888888889,0.1183232458970318,3.609161622948516,0.03308111621537275,1.6552140455997149,3.443663383085728,5.7,39.96359934573993,10.964351790636778,S3_gaming,cutoff
8206.0,2.2794444444444446,0.11809335102683831,3.609046675513419,0.03308227451307874,1.6552720862384962,3.4435426341018234,5.7,39.96100436631789,10.963521397221724,S3_gaming,cutoff
8208.0,2.28,0.11786344809500669,3.6089317240475034,0.03308343293654982,1.6553301331887371,3.4434218804564174,5.7,39.95840937825352,10.962691001041128,S3_gaming,cutoff
8210.0,2.2805555555555554,0.1176335371006603,3.60881676855033,0.03308459148580919,1.6553881864516033,3.443301122148955,5.7,39.95581438154555,10.961860602094577,S3_gaming,cutoff
8212.0,2.281111111111111,0.11740361804292228,3.6087018090214613,0.03308575016088006,1.6554462460282637,3.4431803591788825,5.7,39.95321937619274,10.961030200381677,S3_gaming,cutoff
8214.0,2.2816666666666667,0.11717369092091565,3.608586845460458,0.03308690896178567,1.6555043119198836,3.443059591545644,5.7,39.95062436219378,10.960199795902009,S3_gaming,cutoff
8216.0,2.2822222222222224,0.11694375573376324,3.6084718778668816,0.03308806788854923,1.6555623841276346,3.4429388192486847,5.7,39.948029339547425,10.959369388655176,S3_gaming,cutoff
8218.0,2.2827777777777776,0.11671381248058774,3.608356906240294,0.03308922694119398,1.6556204626526765,3.4428180422874486,5.7,39.94543430825241,10.958538978640771,S3_gaming,cutoff
8220.0,2.283333333333333,0.11648386116051165,3.608241930580256,0.03309038611974316,1.6556785474961837,3.442697260661381,5.7,39.942839268307466,10.95770856585839,S3_gaming,cutoff
8222.0,2.283888888888889,0.11625390177265733,3.6081269508863287,0.033091545424220006,1.6557366386593275,3.4425764743699254,5.7,39.94024421971132,10.956878150307622,S3_gaming,cutoff
8224.0,2.2844444444444445,0.11602393431614698,3.6080119671580735,0.033092704854647784,1.655794736143265,3.4424556834125277,5.7,39.93764916246271,10.956047731988068,S3_gaming,cutoff
8226.0,2.285,0.11579395879010262,3.6078969793950515,0.033093864411049737,1.655852839949176,3.442334887788631,5.7,39.93505409656038,10.955217310899322,S3_gaming,cutoff
8228.0,2.2855555555555553,0.11556397519364614,3.607781987596823,0.03309502409344914,1.6559109500782236,3.4422140874976797,5.7,39.93245902200304,10.954386887040972,S3_gaming,cutoff
8230.0,2.286111111111111,0.11533398352589921,3.60766699176295,0.033096183901869254,1.6559690665315818,3.4420932825391177,5.7,39.92986393878943,10.953556460412619,S3_gaming,cutoff
8232.0,2.2866666666666666,0.11510398378598341,3.6075519918929917,0.03309734383633336,1.6560271893104188,3.441972472912389,5.7,39.92726884691828,10.95272603101385,S3_gaming,cutoff
8234.0,2.2872222222222223,0.1148739759730201,3.6074369879865102,0.03309850389686474,1.6560853184159035,3.4418516586169363,5.7,39.924673746388336,10.951895598844267,S3_gaming,cutoff
8236.0,2.287777777777778,0.1146439600861305,3.607321980043065,0.03309966408348668,1.656143453849207,3.441730839652206,5.7,39.92207863719829,10.951065163903452,S3_gaming,cutoff
8238.0,2.2883333333333336,0.11441393612443565,3.607206968062218,0.03310082439622247,1.6562015956114977,3.441610016017639,5.7,39.91948351934692,10.950234726191015,S3_gaming,cutoff
8240.0,2.2888888888888888,0.11418390408705646,3.6070919520435285,0.03310198483509542,1.6562597437039555,3.4414891877126803,5.7,39.916888392832924,10.949404285706535,S3_gaming,cutoff
8242.0,2.2894444444444444,0.11395386397311366,3.606976931986557,0.033103145400128826,1.6563178981277404,3.441368354736773,5.7,39.91429325765504,10.948573842449612,S3_gaming,cutoff
8244.0,2.29,0.11372381578172781,3.606861907890864,0.03310430609134601,1.656376058884032,3.44124751708936,5.7,39.91169811381201,10.947743396419844,S3_gaming,cutoff
8246.0,2.2905555555555557,0.11349375951201932,3.6067468797560096,0.03310546690877028,1.6564342259739988,3.4411266747698837,5.7,39.90910296130254,10.946912947616813,S3_gaming,cutoff
8248.0,2.2911111111111113,0.11326369516310841,3.6066318475815544,0.03310662785242497,1.656492399398815,3.441005827777788,5.7,39.90650780012539,10.946082496040125,S3_gaming,cutoff
8250.0,2.2916666666666665,0.1130336227341152,3.6065168113670576,0.03310778892233341,1.6565505791596518,3.440884976112517,5.7,39.903912630279244,10.94525204168936,S3_gaming,cutoff
8252.0,2.292222222222222,0.11280354222415957,3.60640177111208,0.033108950118518936,1.6566087652576833,3.440764119773511,5.7,39.90131745176288,10.944421584564122,S3_gaming,cutoff
8254.0,2.292777777777778,0.11257345363236129,3.606286726816181,0.03311011144100489,1.6566669576940807,3.4406432587602143,5.7,39.89872226457499,10.943591124663998,S3_gaming,cutoff
8256.0,2.2933333333333334,0.11234335695783994,3.60617167847892,0.033111272889814615,1.6567251564700236,3.4405223930720688,5.7,39.896127068714314,10.942760661988581,S3_gaming,cutoff
8258.0,2.293888888888889,0.11211325219971495,3.6060566260998574,0.033112434464971474,1.656783361586675,3.4404015227085174,5.7,39.893531864179586,10.941930196537468,S3_gaming,cutoff
8260.0,2.2944444444444443,0.11188313935710559,3.605941569678553,0.03311359616649883,1.6568415730452202,3.4402806476690015,5.7,39.89093665096953,10.941099728310249,S3_gaming,cutoff
8262.0,2.295,0.11165301842913095,3.6058265092145656,0.03311475799442005,1.6568997908468275,3.4401597679529643,5.7,39.88834142908287,10.94026925730652,S3_gaming,cutoff
8264.0,2.2955555555555556,0.11142288941490998,3.605711444707455,0.033115919948758496,1.6569580149926737,3.440038883559848,5.7,39.88574619851833,10.939438783525867,S3_gaming,cutoff
8266.0,2.296111111111111,0.11119275231356145,3.6055963761567806,0.03311708202953756,1.6570162454839332,3.439917994489094,5.7,39.88315095927464,10.938608306967884,S3_gaming,cutoff
8268.0,2.296666666666667,0.11096260712420396,3.605481303562102,0.03311824423678062,1.6570744823217798,3.4397971007401447,5.7,39.88055571135053,10.93777782763217,S3_gaming,cutoff
8270.0,2.297222222222222,0.11073245384595597,3.6053662269229783,0.03311940657051108,1.657132725507393,3.439676202312441,5.7,39.87796045474472,10.93694734551831,S3_gaming,cutoff
8272.0,2.2977777777777777,0.11050229247793575,3.605251146238968,0.03312056903075233,1.6571909750419471,3.4395552992054257,5.7,39.87536518945594,10.936116860625901,S3_gaming,cutoff
8274.0,2.2983333333333333,0.11027212301926144,3.6051360615096306,0.033121731617527767,1.657249230926619,3.4394343914185392,5.7,39.8727699154829,10.935286372954527,S3_gaming,cutoff
8276.0,2.298888888888889,0.11004194546905098,3.6050209727345255,0.03312289433086081,1.6573074931625853,3.439313478951224,5.7,39.870174632824344,10.93445588250379,S3_gaming,cutoff
8278.0,2.2994444444444446,0.10981175982642218,3.604905879913211,0.03312405717077488,1.6573657617510174,3.43919256180292,5.7,39.86757934147901,10.933625389273283,S3_gaming,cutoff
8280.0,2.3,0.10958156609049266,3.6047907830452464,0.03312522013729339,1.657424036693103,3.4390716399730707,5.7,39.864984041445574,10.932794893262585,S3_gaming,cutoff
8282.0,2.3005555555555555,0.10935136426037989,3.60467568213019,0.033126383230439774,1.6574823179900111,3.4389507134611157,5.7,39.862388732722806,10.931964394471299,S3_gaming,cutoff
8284.0,2.301111111111111,0.10912115433520117,3.6045605771676006,0.033127546450237466,1.6575406056429265,3.4388297822664957,5.7,39.859793415309404,10.93113389289901,S3_gaming,cutoff
8286.0,2.3016666666666667,0.10889093631407365,3.604445468157037,0.03312870979670991,1.6575988996530204,3.4387088463886517,5.7,39.857198089204104,10.930303388545314,S3_gaming,cutoff
8288.0,2.3022222222222224,0.1086607101961143,3.604330355098057,0.03312987326988055,1.6576572000214755,3.4385879058270246,5.7,39.854602754405626,10.9294728814098,S3_gaming,cutoff
8290.0,2.3027777777777776,0.10843047598043994,3.60421523799022,0.03313103686977285,1.6577155067494713,3.4384669605810565,5.7,39.852007410912684,10.92864237149206,S3_gaming,cutoff
8292.0,2.3033333333333332,0.1082002336661672,3.6041001168330835,0.033132200596410255,1.6577738198381846,3.4383460106501857,5.7,39.84941205872403,10.927811858791689,S3_gaming,cutoff
8294.0,2.303888888888889,0.10796998325241257,3.6039849916262066,0.03313336444981624,1.6578321392887951,3.438225056033853,5.7,39.846816697838356,10.926981343308274,S3_gaming,cutoff
8296.0,2.3044444444444445,0.10773972473829238,3.6038698623691463,0.03313452843001427,1.6578904651024822,3.4381040967315,5.7,39.844221328254385,10.926150825041404,S3_gaming,cutoff
8298.0,2.305,0.10750945812292279,3.6037547290614613,0.033135692537027826,1.6579487972804285,3.4379831327425663,5.7,39.841625949970854,10.925320303990674,S3_gaming,cutoff
8300.0,2.3055555555555554,0.10727918340541978,3.6036395917027098,0.033136856770880393,1.6580071358238135,3.437862164066492,5.7,39.83903056298648,10.924489780155675,S3_gaming,cutoff
8302.0,2.306111111111111,0.1070489005848992,3.6035244502924497,0.03313802113159547,1.658065480733814,3.437741190702716,5.7,39.836435167299996,10.923659253535998,S3_gaming,cutoff
8304.0,2.3066666666666666,0.1068186096604767,3.6034093048302385,0.033139185619196536,1.658123832011618,3.437620212650679,5.7,39.83383976291008,10.922828724131227,S3_gaming,cutoff
8306.0,2.3072222222222223,0.10658831063126778,3.603294155315634,0.03314035023370711,1.6581821896584026,3.4374992299098217,5.7,39.8312443498155,10.921998191940961,S3_gaming,cutoff
8308.0,2.307777777777778,0.10635800349638778,3.603179001748194,0.03314151497515069,1.6582405536753497,3.4373782424795833,5.7,39.82864892801496,10.921167656964787,S3_gaming,cutoff
8310.0,2.308333333333333,0.10612768825495188,3.603063844127476,0.0331426798435508,1.6582989240636419,3.4372572503594014,5.7,39.82605349750717,10.920337119202294,S3_gaming,cutoff
8312.0,2.3088888888888888,0.10589736490607508,3.6029486824530377,0.03314384483893096,1.658357300824459,3.4371362535487173,5.7,39.82345805829087,10.919506578653078,S3_gaming,cutoff
8314.0,2.3094444444444444,0.10566703344887224,3.602833516724436,0.03314500996131469,1.6584156839589859,3.437015252046971,5.7,39.820862610364756,10.918676035316723,S3_gaming,cutoff
8316.0,2.31,0.10543669388245802,3.602718346941229,0.03314617521072553,1.658474073468405,3.4368942458535994,5.7,39.81826715372757,10.917845489192823,S3_gaming,cutoff
8318.0,2.3105555555555557,0.10520634620594695,3.6026031731029735,0.03314734058718702,1.6585324693539016,3.436773234968043,5.7,39.815671688378025,10.917014940280968,S3_gaming,cutoff
8320.0,2.311111111111111,0.10497599041845336,3.6024879952092266,0.0331485060907227,1.6585908716166553,3.4366522193897397,5.7,39.81307621431482,10.916184388580742,S3_gaming,cutoff
8322.0,2.3116666666666665,0.10474562651909146,3.602372813259546,0.03314967172135613,1.6586492802578512,3.4365311991181295,5.7,39.8104807315367,10.915353834091745,S3_gaming,cutoff
8324.0,2.312222222222222,0.10451525450697527,3.6022576272534876,0.03315083747911087,1.6587076952786772,3.436410174152651,5.7,39.80788524004236,10.914523276813556,S3_gaming,cutoff
8326.0,2.312777777777778,0.10428487438121864,3.6021424371906092,0.03315200336401048,1.658766116680313,3.4362891444927426,5.7,39.805289739830535,10.913692716745771,S3_gaming,cutoff
8328.0,2.3133333333333335,0.10405448614093528,3.602027243070468,0.03315316937607853,1.6588245444639464,3.436168110137842,5.7,39.80269423089995,10.912862153887986,S3_gaming,cutoff
8330.0,2.313888888888889,0.1038240897852387,3.6019120448926194,0.033154335515338605,1.6588829786307573,3.436047071087389,5.7,39.8000987132493,10.912031588239776,S3_gaming,cutoff
8332.0,2.3144444444444443,0.10359368531324227,3.601796842656621,0.03315550178181428,1.658941419181939,3.435926027340821,5.7,39.797503186877314,10.91120101980074,S3_gaming,cutoff
8334.0,2.315,0.1033632727240592,3.60168163636203,0.03315666817552914,1.6589998661186711,3.435804978897576,5.7,39.79490765178271,10.910370448570466,S3_gaming,cutoff
8336.0,2.3155555555555556,0.10313285201680251,3.6015664260084015,0.033157834696506794,1.6590583194421442,3.435683925757092,5.7,39.792312107964186,10.90953987454854,S3_gaming,cutoff
8338.0,2.3161111111111112,0.1029024231905851,3.601451211595293,0.03315900134477084,1.6591167791535382,3.435562867918808,5.7,39.78971655542048,10.908709297734555,S3_gaming,cutoff
8340.0,2.316666666666667,0.10267198624451963,3.6013359931222597,0.03316016812034488,1.6591752452540436,3.435441805382161,5.7,39.7871209941503,10.907878718128096,S3_gaming,cutoff
8342.0,2.317222222222222,0.10244154117771868,3.6012207705888595,0.03316133502325253,1.6592337177448513,3.4353207381465882,5.7,39.78452542415236,10.907048135728758,S3_gaming,cutoff
8344.0,2.3177777777777777,0.10221108798929461,3.6011055439946476,0.03316250205351742,1.6592921966271406,3.435199666211528,5.7,39.78192984542539,10.906217550536125,S3_gaming,cutoff
8346.0,2.3183333333333334,0.10198062667835964,3.60099031333918,0.03316366921116317,1.6593506819021024,3.435078589576418,5.7,39.77933425796808,10.905386962549787,S3_gaming,cutoff
8348.0,2.318888888888889,0.1017501572440258,3.600875078622013,0.033164836496213414,1.6594091735709275,3.434957508240695,5.7,39.77673866177916,10.904556371769333,S3_gaming,cutoff
8350.0,2.3194444444444446,0.10151967968540497,3.6007598398427025,0.03316600390869179,1.6594676716348011,3.4348364222037966,5.7,39.77414305685735,10.903725778194351,S3_gaming,cutoff
8352.0,2.32,0.10128919400160889,3.6006445970008043,0.03316717144862194,1.6595261760949136,3.43471533146516,5.7,39.77154744320133,10.902895181824425,S3_gaming,cutoff
8354.0,2.3205555555555555,0.1010587001917491,3.600529350095875,0.033168339116027526,1.6595846869524504,3.434594236024221,5.7,39.76895182080987,10.902064582659158,S3_gaming,cutoff
8356.0,2.321111111111111,0.10082819825493698,3.6004140991274687,0.0331695069109322,1.6596432042086022,3.434473135880418,5.7,39.76635618968163,10.901233980698123,S3_gaming,cutoff
8358.0,2.3216666666666668,0.10059768819028375,3.600298844095142,0.03317067483335963,1.6597017278645598,3.4343520310331876,5.7,39.76376054981536,10.900403375940915,S3_gaming,cutoff
8360.0,2.3222222222222224,0.10036716999690048,3.6001835849984505,0.033171842883333476,1.6597602579215136,3.434230921481966,5.7,39.761164901209746,10.89957276838712,S3_gaming,cutoff
8362.0,2.3227777777777776,0.10013664367389805,3.600068321836949,0.03317301106087742,1.659818794380652,3.43410980722619,5.7,39.758569243863526,10.89874215803633,S3_gaming,cutoff
8364.0,2.3233333333333333,0.0999061032089693,3.5994366192538156,0.03317422264822389,1.6601370704069112,3.433451513517238,5.7,39.74446087950956,10.89422748144306,S3_gaming,cutoff
8366.0,2.323888888888889,0.09967548021589327,3.59805288129536,0.03317595626963603,1.6608342313164963,3.432010189248424,5.7,39.71358590806519,10.884347490580861,S3_gaming,cutoff
8368.0,2.3244444444444445,0.0994447603112594,3.5966685618675562,0.03317828595246494,1.661532594921558,3.430567670921649,5.7,39.68269670794192,10.874462946541415,S3_gaming,cutoff
8370.0,2.325,0.09921394332881052,3.5952836599728633,0.03318118379402601,1.6622321500426,3.4291239066541537,5.7,39.65179390874813,10.864574050799403,S3_gaming,cutoff
8372.0,2.3255555555555554,0.09898302910379767,3.593898174622786,0.033184623241875405,1.6629328861366004,3.4276789228530298,5.7,39.620878109336424,10.854680994987657,S3_gaming,cutoff
8374.0,2.326111111111111,0.0987520174728937,3.5925121048373625,0.03318857902856407,1.6636347932670574,3.4262327446004,5.7,39.58994987929992,10.844783961375976,S3_gaming,cutoff
8376.0,2.3266666666666667,0.09852090827411109,3.5911254496446663,0.03319302710954524,1.6643378620754516,3.4247853957172985,5.7,39.55900976039573,10.834883123326636,S3_gaming,cutoff
8378.0,2.3272222222222223,0.09828970134672355,3.589738208080341,0.03319794460408308,1.665042083754073,3.4233368988244615,5.7,39.52805826789928,10.824978645727771,S3_gaming,cutoff
8380.0,2.327777777777778,0.09805839653119135,3.588350379187148,0.033203309739017445,1.6657474500201663,3.4218872754001852,5.7,39.4970958918926,10.815070685405631,S3_gaming,cutoff
8382.0,2.328333333333333,0.0978269936690901,3.5869619620145405,0.03320910179524655,1.6664539530912792,3.4204365458353907,5.7,39.46612309849004,10.805159391516812,S3_gaming,cutoff
8384.0,2.328888888888889,0.09759549260304294,3.585572955618258,0.03321530105679635,1.6671615856617972,3.418984729486018,5.7,39.435140331004405,10.79524490592141,S3_gaming,cutoff
8386.0,2.3294444444444444,0.09736389317665586,3.584183359059935,0.03322188876235146,1.6678703408806062,3.4175318447228937,5.7,39.40414801105618,10.785327363537977,S3_gaming,cutoff
8388.0,2.33,0.09713219523445607,3.5827931714067365,0.033228847059128666,1.6685802123298232,3.4160779089791977,5.7,39.37314653962902,10.775406892681287,S3_gaming,cutoff
8390.0,2.3305555555555557,0.09690039862183325,3.581402391731,0.033236158958979835,1.6692911940045074,3.4146229387956173,5.7,39.34213629807371,10.765483615383589,S3_gaming,cutoff
8392.0,2.331111111111111,0.09666850318498353,3.580011019109901,0.0332438082966164,1.6700032802934,3.4131669498633386,5.7,39.31111764906327,10.755557647700247,S3_gaming,cutoff
8394.0,2.3316666666666666,0.09643650877085613,3.578619052625137,0.03325177968985288,1.67071646596052,3.411709957064947,5.7,39.28009093750179,10.745629100000572,S3_gaming,cutoff
8396.0,2.332222222222222,0.09620441522710244,3.5772264913626146,0.033260058501771925,1.671430746127686,3.410251974513358,5.7,39.24905649138877,10.735698077244408,S3_gaming,cutoff
8398.0,2.332777777777778,0.09597222240202748,3.575833334412165,0.03326863080471786,1.6721461162578388,3.4087930155888655,5.7,39.21801462264162,10.72576467924532,S3_gaming,cutoff
8400.0,2.3333333333333335,0.09573993014454366,3.5744395808672618,0.03327748334603047,1.6728625721391777,3.4073330929743992,5.7,39.186965627878024,10.715829000920968,S3_gaming,cutoff
8402.0,2.3338888888888887,0.09550753830412667,3.57304522982476,0.03328660351543486,1.6735801098700487,3.405872218689078,5.7,39.155909789160255,10.705891132531281,S3_gaming,cutoff
8404.0,2.3344444444444443,0.09527504673077339,3.5716502803846404,0.03329597931400732,1.6742987258445585,3.404410404120142,5.7,39.12484737470327,10.695951159905047,S3_gaming,cutoff
8406.0,2.335,0.09504245527496176,3.570254731649771,0.03330559932464111,1.675018416738866,3.402947660053347,5.7,39.093778639548404,10.68600916465549,S3_gaming,cutoff
8408.0,2.3355555555555556,0.09480976378761254,3.5688585827256754,0.033315452683939525,1.675739179498134,3.401483996701877,5.7,39.0627038262041,10.676065224385313,S3_gaming,cutoff
8410.0,2.3361111111111112,0.09457697212005282,3.567461832720317,0.03332552905546737,1.6764610113240985,3.400019423733874,5.7,39.03162316525576,10.666119412881844,S3_gaming,cutoff
8412.0,2.3366666666666664,0.09434408012398124,3.5660644807438873,0.03333581860429518,1.677183909663238,3.3985539502986324,5.7,39.0005368759456,10.656171800302593,S3_gaming,cutoff
8414.0,2.337222222222222,0.0941110876514347,3.564666525908608,0.03334631197277359,1.6779078721955054,3.397087585051518,5.7,38.969445166724455,10.646222453351827,S3_gaming,cutoff
8416.0,2.3377777777777777,0.09387799455475675,3.5632679673285406,0.03335700025747854,1.6786328968235953,3.3956203361777035,5.7,38.93834823577675,10.63627143544856,S3_gaming,cutoff
8418.0,2.3383333333333334,0.09364480068656739,3.5618688041194044,0.03336787498727068,1.679358981662718,3.3941522114147324,5.7,38.90724627151978,10.626318806886331,S3_gaming,cutoff
8420.0,2.338888888888889,0.09341150589973418,3.5604690353984054,0.033378928102415,1.6800861250308885,3.3926832180740165,5.7,38.876139453078885,10.616364624985243,S3_gaming,cutoff
8422.0,2.3394444444444447,0.09317811004734476,3.559068660284068,0.03339015193470968,1.6808143254396362,3.391213363061272,5.7,38.845027950739244,10.60640894423656,S3_gaming,cutoff
8424.0,2.34,0.09294461298268056,3.5576676778960836,0.03340153918857514,1.6815435815851876,3.3897426528959875,5.7,38.813911926376036,10.596451816440332,S3_gaming,cutoff
8426.0,2.3405555555555555,0.09271101455919176,3.5562660873551506,0.03341308292305707,1.6822738923400804,3.3882710937299367,5.7,38.78279153386321,10.586493290836227,S3_gaming,cutoff
8428.0,2.341111111111111,0.09247731463047336,3.5548638877828402,0.033424776534699115,1.6830052567451348,3.3867986913648065,5.7,38.7516669194628,10.576533414228097,S3_gaming,cutoff
8430.0,2.341666666666667,0.09224351305024232,3.553461078301454,0.03343661374124331,1.6837376740018617,3.385325451268964,5.7,38.720538222194996,10.5665722311024,S3_gaming,cutoff
8432.0,2.3422222222222224,0.09200960967231578,3.5520576580338945,0.033448588566118154,1.6844711434651827,3.383851378593422,5.7,38.68940557419029,10.556609783740893,S3_gaming,cutoff
8434.0,2.3427777777777776,0.0917756043505902,3.550653626103541,0.03346069532367638,1.6852056646365492,3.3823764781870262,5.7,38.658269101024544,10.546646112327855,S3_gaming,cutoff
8436.0,2.3433333333333333,0.09154149693902153,3.5492489816341295,0.033472928605146036,1.6859412371573317,3.3809007546109147,5.7,38.627128922037684,10.53668125505206,S3_gaming,cutoff
8438.0,2.343888888888889,0.09130728729160612,3.5478437237496365,0.033485283265260485,1.6866778608025934,3.3794242121522675,5.7,38.5959851506368,10.526715248203777,S3_gaming,cutoff
8440.0,2.3444444444444446,0.09107297526236267,3.5464378515741757,0.03349775440953457,1.687415535475098,3.3779468548374054,5.7,38.56483789458475,10.51674812626712,S3_gaming,cutoff
8442.0,2.345,0.09083856070531485,3.545031364231889,0.0335103373821556,1.6881542611996425,3.376468686444248,5.7,38.53368725627439,10.506779922007805,S3_gaming,cutoff
8444.0,2.3455555555555554,0.09060404347447468,3.543624260846848,0.033523027754459506,1.6888940381176498,3.374989710514166,5.7,38.50253333298971,10.496810666556707,S3_gaming,cutoff
8446.0,2.346111111111111,0.09036942342382678,3.5422165405429604,0.03353582131396387,1.689634866482023,3.3735099303632703,5.7,38.47137621715409,10.486840389489307,S3_gaming,cutoff
8448.0,2.3466666666666667,0.09013470040731318,3.5408082024438787,0.03354871405393096,1.6903767466522417,3.3720293490931463,5.7,38.44021599656662,10.47686911890132,S3_gaming,cutoff
8450.0,2.3472222222222223,0.08989987427881885,3.539399245672913,0.033561702163435035,1.6911196790896947,3.3705479696010765,5.7,38.409052754626785,10.46689688148057,S3_gaming,cutoff
8452.0,2.347777777777778,0.08966494489215784,3.537989669352947,0.03357478201790975,1.6918636643532408,3.36906579458976,5.7,38.37788657054825,10.456923702575441,S3_gaming,cutoff
8454.0,2.348333333333333,0.0894299121010601,3.536579472606361,0.03358795017015221,1.6926087030949692,3.3675828265765744,5.7,38.34671751956233,10.446949606259947,S3_gaming,cutoff
8456.0,2.348888888888889,0.08919477575915873,3.5351686545549525,0.03360120334176185,1.6933547960561928,3.366099067902376,5.7,38.31554567311138,10.436974615395643,S3_gaming,cutoff
8458.0,2.3494444444444444,0.0889595357199779,3.5337572143198677,0.033614538414992935,1.6941019440635945,3.3646145207398845,5.7,38.284371099032924,10.426998751690537,S3_gaming,cutoff
8460.0,2.35,0.08872419183692129,3.532345151021528,0.03362795242500083,1.6948501480255866,3.363129187101661,5.7,38.253193861734786,10.417022035755132,S3_gaming,cutoff
8462.0,2.3505555555555557,0.0884887439632609,3.5309324637795654,0.033641442552462895,1.6955994089288329,3.3616430688476955,5.7,38.22201402236159,10.407044487155709,S3_gaming,cutoff
8464.0,2.351111111111111,0.08825319195212644,3.5295191517127584,0.033655006116555995,1.696349727834942,3.3601561676926286,5.7,38.190831638953334,10.397066124465066,S3_gaming,cutoff
8466.0,2.3516666666666666,0.0880175356564952,3.5281052139389715,0.03366864056827334,1.69710110587733,3.358668485212629,5.7,38.15964676659609,10.387086965310749,S3_gaming,cutoff
8468.0,2.352222222222222,0.0877817749291822,3.526690649575093,0.03368234348406428,1.697853544258207,3.357180022851933,5.7,38.12845945756538,10.377107026420921,S3_gaming,cutoff
8470.0,2.352777777777778,0.08754590962283088,3.5252754577369854,0.03369611255978142,1.6986070442457313,3.35569078192907,5.7,38.09726976146273,10.367126323668073,S3_gaming,cutoff
8472.0,2.3533333333333335,0.08730993958990413,3.523859637539425,0.03370994560492026,1.6993616071712958,3.354200763642785,5.7,38.06607772534537,10.35714487211052,S3_gaming,cutoff
8474.0,2.3538888888888887,0.0870738646826757,3.5224431880960543,0.03372384053713712,1.7001172344269455,3.3527099690776763,5.7,38.034883393849746,10.347162686031918,S3_gaming,cutoff
8476.0,2.3544444444444443,0.0868376847532219,3.5210261085193317,0.03373779537703206,1.7008739274629092,3.351218399209561,5.7,38.00368680930895,10.337179778978866,S3_gaming,cutoff
8478.0,2.355,0.08660139965341374,3.519608397920482,0.03375180824318383,1.701631687785271,3.3497260549105787,5.7,37.97248801186451,10.327196163796645,S3_gaming,cutoff
8480.0,2.3555555555555556,0.08636500923490928,3.5181900554094554,0.03376587734742476,1.702390516953736,3.3482329369540467,5.7,37.94128703957268,10.317211852663258,S3_gaming,cutoff
8482.0,2.3561111111111113,0.08612851334914638,3.516771080094878,0.033780000990344006,1.7031504165795075,3.346739046019089,5.7,37.91008392850552,10.307226857121767,S3_gaming,cutoff
8484.0,2.3566666666666665,0.08589191184733566,3.515351471084014,0.03379417755700802,1.703911388323273,3.3452443826950278,5.7,37.878878712847154,10.29724118811109,S3_gaming,cutoff
8486.0,2.357222222222222,0.08565520458045374,3.5139312274827224,0.033808405512887905,1.704673433893289,3.3437489474855746,5.7,37.847671424985265,10.287254855995284,S3_gaming,cutoff
8488.0,2.3577777777777778,0.0854183913992368,3.5125103483954208,0.03382268339998352,1.705436555043549,3.3422527408128095,5.7,37.81646209559815,10.277267870591407,S3_gaming,cutoff
8490.0,2.3583333333333334,0.08518147215417435,3.511088832925046,0.03383700983313483,1.706200753572043,3.340755763020974,5.7,37.78525075373756,10.26728024119602,S3_gaming,cutoff
8492.0,2.358888888888889,0.08494444669550318,3.509666680173019,0.03385138349651163,1.7069660313191208,3.3392580143800776,5.7,37.75403742690749,10.257291976610396,S3_gaming,cutoff
8494.0,2.3594444444444442,0.08470731487320166,3.50824388923921,0.033865803140272745,1.7077323901658918,3.337759495089326,5.7,37.72282214113911,10.247303085164516,S3_gaming,cutoff
8496.0,2.36,0.08447007653698413,3.5068204592219048,0.03388026757738678,1.7084998320327587,3.336260205280392,5.7,37.691604921062066,10.237313574739861,S3_gaming,cutoff
8498.0,2.3605555555555555,0.0842327315362956,3.5053963892177733,0.03389477568060646,1.7092683588779745,3.3347601450205184,5.7,37.66038578997235,10.227323452791152,S3_gaming,cutoff
8500.0,2.361111111111111,0.08399527972030649,3.5039716783218386,0.03390932637958915,1.710037972696296,3.33325931431548,5.7,37.629164769896796,10.217332726366976,S3_gaming,cutoff
8502.0,2.361666666666667,0.08375772093790776,3.5025463256274465,0.03392391865815657,1.7108086755176943,3.331757713112387,5.7,37.59794188165447,10.207341402129432,S3_gaming,cutoff
8504.0,2.362222222222222,0.08352005503770604,3.5011203302262364,0.03393855155168692,1.7115804694061403,3.330255341302375,5.7,37.56671714491503,10.197349486372811,S3_gaming,cutoff
8506.0,2.3627777777777776,0.083282281868019,3.499693691208114,0.03395322414463301,1.7123533564584292,3.328752198723142,5.7,37.53549057825436,10.187356985041395,S3_gaming,cutoff
8508.0,2.3633333333333333,0.08304440127687088,3.4982664076612253,0.03396793556816033,1.7131273388030777,3.3272482851613776,5.7,37.504262199207325,10.177363903746345,S3_gaming,cutoff
8510.0,2.363888888888889,0.08280641311198814,3.496838478671929,0.033982684997899276,1.713902418599275,3.3257436003550613,5.7,37.47303202431811,10.167370247781795,S3_gaming,cutoff
8512.0,2.3644444444444446,0.08256831722079529,3.495409903324772,0.033997471651806,1.7146785980358847,3.32423814399567,5.7,37.441800069187984,10.157376022140156,S3_gaming,cutoff
8514.0,2.365,0.08233011345041082,3.493980680702465,0.03401229478812661,1.7154558793304853,3.322731915730251,5.7,37.41056634852086,10.147381231526674,S3_gaming,cutoff
8516.0,2.3655555555555554,0.08209180164764329,3.4925508098858598,0.03402715370345979,1.7162342647284778,3.321224915163417,5.7,37.379330876166485,10.137385880373277,S3_gaming,cutoff
8518.0,2.366111111111111,0.0818533816589875,3.4911202899539253,0.034042047730913,1.7170137565022197,3.3197171418592335,5.7,37.34809366516173,10.127389972851754,S3_gaming,cutoff
8520.0,2.3666666666666667,0.08161485333062085,3.4896891199837254,0.034056976238347886,1.7177943569502196,3.3182085953430125,5.7,37.3168547277696,10.117393512886274,S3_gaming,cutoff
8522.0,2.3672222222222223,0.0813762165083997,3.488257299050398,0.034071938626710326,1.7185760683963518,3.3166992751030318,5.7,37.28561407551663,10.10739650416532,S3_gaming,cutoff
8524.0,2.367777777777778,0.08113747103785594,3.4868248262271355,0.03408693432844133,1.7193588931891213,3.315189180592154,5.7,37.25437171922825,10.09739895015304,S3_gaming,cutoff
8526.0,2.368333333333333,0.08089861676419363,3.485391700585162,0.03410196280596468,1.7201428337009828,3.3136783112293746,5.7,37.22312766906249,10.087400854099998,S3_gaming,cutoff
8528.0,2.368888888888889,0.08065965353228567,3.483957921193714,0.034117023550247684,1.7209278923276505,3.3121666664013016,5.7,37.19188193454212,10.077402219053477,S3_gaming,cutoff
8530.0,2.3694444444444445,0.08042058118667066,3.482523487120024,0.03413211607943143,1.7217140714874957,3.3106542454635512,5.7,37.16063452458505,10.067403047867217,S3_gaming,cutoff
8532.0,2.37,0.08018139957154975,3.481088397429299,0.034147239937527364,1.7225013736209243,3.309141047742079,5.7,37.12938544753348,10.057403343210714,S3_gaming,cutoff
8534.0,2.3705555555555557,0.07994210853078369,3.4796526511847023,0.03416239469317675,1.7232898011898339,3.307627072534451,5.7,37.09813471118137,10.04740310757804,S3_gaming,cutoff
8536.0,2.371111111111111,0.07970270790788982,3.478216247447339,0.03417757993847017,1.7240793566770578,3.3061123191110493,5.7,37.06688232280082,10.037402343296263,S3_gaming,cutoff
8538.0,2.3716666666666666,0.07946319754603919,3.4767791852762353,0.034192795287824054,1.7248700425858603,3.3045967867162185,5.7,37.03562828916701,10.027401052533442,S3_gaming,cutoff
8540.0,2.3722222222222222,0.07922357728805382,3.4753414637283226,0.03420804037691153,1.7256618614394592,3.303080474569354,5.7,37.00437261658188,10.017399237306202,S3_gaming,cutoff
8542.0,2.372777777777778,0.07898384697640391,3.473903081858423,0.034223314861644955,1.726454815780562,3.3015633818659444,5.7,36.9731153108969,10.00739689948701,S3_gaming,cutoff
8544.0,2.3733333333333335,0.07874400645320519,3.4724640387192314,0.03423861841720762,1.7272489081709308,3.300045507778556,5.7,36.941856377534464,9.99739404081103,S3_gaming,cutoff
8546.0,2.3738888888888887,0.07850405556021627,3.4710243333612976,0.0342539507371323,1.7280441411909764,3.2985268514577704,5.7,36.91059582150829,9.987390662882651,S3_gaming,cutoff
