scenario_id,scenario_title_zh,alpha,alpha_ref,seed,tte_h,tte_ref_h,delta_tte_pct,status,min_headroom_margin
S4_mixed_day,混合使用（标准一天）,0.5,0.5,1007000000,17.836112016630274,17.836112016630274,0.0,cutoff,0.9435305909831079
S4_mixed_day,混合使用（标准一天）,0.5,0.5,1007000001,17.796984544141523,17.796984544141523,0.0,cutoff,0.9440141725262944
S4_mixed_day,混合使用（标准一天）,0.5,0.5,1007000002,17.906992508194698,17.906992508194698,0.0,cutoff,0.9435224035758732
S4_mixed_day,混合使用（标准一天）,0.5,0.5,1007000003,17.81111111111111,17.81111111111111,0.0,cutoff,0.9435513565609329
S4_mixed_day,混合使用（标准一天）,0.5,0.5,1007000004,17.91502908965693,17.91502908965693,0.0,cutoff,0.9437508770049148
S4_mixed_day,混合使用（标准一天）,0.5,0.5,1007000005,17.89710022061708,17.89710022061708,0.0,cutoff,0.9436603935190988
S4_mixed_day,混合使用（标准一天）,0.5,0.5,1007000006,17.79897445282101,17.79897445282101,0.0,cutoff,0.9434877561708754
S4_mixed_day,混合使用（标准一天）,0.5,0.5,1007000007,17.833333333333332,17.833333333333332,0.0,cutoff,0.9435084313471376
S4_mixed_day,混合使用（标准一天）,0.5,0.5,1007000008,17.83888888888889,17.83888888888889,0.0,cutoff,0.9437512434382076
S4_mixed_day,混合使用（标准一天）,0.5,0.5,1007000009,17.845646614776044,17.845646614776044,0.0,cutoff,0.9432010825798869
S4_mixed_day,混合使用（标准一天）,0.5,0.5,1007000010,17.844444444444445,17.844444444444445,0.0,cutoff,0.9436099866126081
S4_mixed_day,混合使用（标准一天）,0.5,0.5,1007000011,17.881337756074593,17.881337756074593,0.0,cutoff,0.943696012390523
S4_mixed_day,混合使用（标准一天）,0.5,0.5,1007000012,17.872222222222224,17.872222222222224,0.0,cutoff,0.9435263887650872
S4_mixed_day,混合使用（标准一天）,0.5,0.5,1007000013,17.822223739055595,17.822223739055595,0.0,cutoff,0.9436081894916838
S4_mixed_day,混合使用（标准一天）,0.5,0.5,1007000014,17.792000001449427,17.792000001449427,0.0,cutoff,0.943082076579993
S4_mixed_day,混合使用（标准一天）,0.5,0.5,1007000015,17.826457121146774,17.826457121146774,0.0,cutoff,0.943602633279056
S4_mixed_day,混合使用（标准一天）,0.5,0.5,1007000016,17.858333333333334,17.858333333333334,0.0,cutoff,0.943807185988896
S4_mixed_day,混合使用（标准一天）,0.5,0.5,1007000017,17.866666666666667,17.866666666666667,0.0,cutoff,0.9438412044971417
S4_mixed_day,混合使用（标准一天）,0.5,0.5,1007000018,17.924118319196637,17.924118319196637,0.0,cutoff,0.9436337698040216
S4_mixed_day,混合使用（标准一天）,0.5,0.5,1007000019,17.819717998306388,17.819717998306388,0.0,cutoff,0.9434957022580841
S4_mixed_day,混合使用（标准一天）,0.5,0.5,1007000020,17.869345841092645,17.869345841092645,0.0,cutoff,0.9436121149359608
S4_mixed_day,混合使用（标准一天）,0.5,0.5,1007000021,17.836942824329526,17.836942824329526,0.0,cutoff,0.943704046964892
S4_mixed_day,混合使用（标准一天）,0.5,0.5,1007000022,17.870346869312726,17.870346869312726,0.0,cutoff,0.9435375705773363
S4_mixed_day,混合使用（标准一天）,0.5,0.5,1007000023,17.84886449734573,17.84886449734573,0.0,cutoff,0.9437835791653383
S4_mixed_day,混合使用（标准一天）,0.5,0.5,1007000024,17.836111111111112,17.836111111111112,0.0,cutoff,0.9435732342647603
S4_mixed_day,混合使用（标准一天）,0.5,0.5,1007000025,17.77985847160231,17.77985847160231,0.0,cutoff,0.9440402126084666
S4_mixed_day,混合使用（标准一天）,0.5,0.5,1007000026,17.764698822968604,17.764698822968604,0.0,cutoff,0.9436482310431232
S4_mixed_day,混合使用（标准一天）,0.5,0.5,1007000027,17.81111111111111,17.81111111111111,0.0,cutoff,0.9435634425783638
S4_mixed_day,混合使用（标准一天）,0.5,0.5,1007000028,17.88122777962298,17.88122777962298,0.0,cutoff,0.9440275748889719
S4_mixed_day,混合使用（标准一天）,0.5,0.5,1007000029,17.86111111111111,17.86111111111111,0.0,cutoff,0.9430127060612524
S4_mixed_day,混合使用（标准一天）,0.5,0.5,1007000030,17.805679869795522,17.805679869795522,0.0,cutoff,0.9437084431977643
S4_mixed_day,混合使用（标准一天）,0.5,0.5,1007000031,17.919875003716424,17.919875003716424,0.0,cutoff,0.9435032135609741
S4_mixed_day,混合使用（标准一天）,0.5,0.5,1007000032,17.872167770130716,17.872167770130716,0.0,cutoff,0.9436707032666174
S4_mixed_day,混合使用（标准一天）,0.5,0.5,1007000033,17.78501056543783,17.78501056543783,0.0,cutoff,0.9435707453970499
S4_mixed_day,混合使用（标准一天）,0.5,0.5,1007000034,17.808333333333334,17.808333333333334,0.0,cutoff,0.9438445368311182
S4_mixed_day,混合使用（标准一天）,0.5,0.5,1007000035,17.78611111111111,17.78611111111111,0.0,cutoff,0.9436637067636389
S4_mixed_day,混合使用（标准一天）,0.5,0.5,1007000036,17.83050886615497,17.83050886615497,0.0,cutoff,0.943489970686595
S4_mixed_day,混合使用（标准一天）,0.5,0.5,1007000037,17.841666666666665,17.841666666666665,0.0,cutoff,0.9436742819694759
S4_mixed_day,混合使用（标准一天）,0.5,0.5,1007000038,17.854978090658726,17.854978090658726,0.0,cutoff,0.9437235023605672
S4_mixed_day,混合使用（标准一天）,0.5,0.5,1007000039,17.892452582796693,17.892452582796693,0.0,cutoff,0.9437511397979977
S4_mixed_day,混合使用（标准一天）,0.5,0.5,1007000040,17.834536732441876,17.834536732441876,0.0,cutoff,0.9438016942658903
S4_mixed_day,混合使用（标准一天）,0.5,0.5,1007000041,17.86306942605874,17.86306942605874,0.0,cutoff,0.9437582093626592
S4_mixed_day,混合使用（标准一天）,0.5,0.5,1007000042,17.844444444444445,17.844444444444445,0.0,cutoff,0.943542640470295
S4_mixed_day,混合使用（标准一天）,0.5,0.5,1007000043,17.805555555555557,17.805555555555557,0.0,cutoff,0.9436982962998969
S4_mixed_day,混合使用（标准一天）,0.5,0.5,1007000044,17.868333629295382,17.868333629295382,0.0,cutoff,0.9436669387007667
S4_mixed_day,混合使用（标准一天）,0.5,0.5,1007000045,17.77370055499539,17.77370055499539,0.0,cutoff,0.9435625241000976
S4_mixed_day,混合使用（标准一天）,0.5,0.5,1007000046,17.852777777777778,17.852777777777778,0.0,cutoff,0.9436106020857765
S4_mixed_day,混合使用（标准一天）,0.5,0.5,1007000047,17.766007525855606,17.766007525855606,0.0,cutoff,0.9434967670779096
S4_mixed_day,混合使用（标准一天）,0.5,0.5,1007000048,17.840476406076306,17.840476406076306,0.0,cutoff,0.9435264193909323
S4_mixed_day,混合使用（标准一天）,0.5,0.5,1007000049,17.874110474390772,17.874110474390772,0.0,cutoff,0.943778397298784
S4_mixed_day,混合使用（标准一天）,0.5,0.5,1007000050,17.84764795692291,17.84764795692291,0.0,cutoff,0.943518283363663
S4_mixed_day,混合使用（标准一天）,0.5,0.5,1007000051,17.741666666666667,17.741666666666667,0.0,cutoff,0.9436401330202848
S4_mixed_day,混合使用（标准一天）,0.5,0.5,1007000052,17.776693537606594,17.776693537606594,0.0,cutoff,0.9435429377679088
S4_mixed_day,混合使用（标准一天）,0.5,0.5,1007000053,17.822222222222223,17.822222222222223,0.0,cutoff,0.9436435935728528
S4_mixed_day,混合使用（标准一天）,0.5,0.5,1007000054,17.8493759230092,17.8493759230092,0.0,cutoff,0.9434822888112907
S4_mixed_day,混合使用（标准一天）,0.5,0.5,1007000055,17.82777777777778,17.82777777777778,0.0,cutoff,0.9435527184154587
S4_mixed_day,混合使用（标准一天）,0.5,0.5,1007000056,17.84722222222222,17.84722222222222,0.0,cutoff,0.9435181663859326
S4_mixed_day,混合使用（标准一天）,0.5,0.5,1007000057,17.872940574288457,17.872940574288457,0.0,cutoff,0.9435075263147791
S4_mixed_day,混合使用（标准一天）,0.5,0.5,1007000058,17.831179322072092,17.831179322072092,0.0,cutoff,0.9435767964212514
S4_mixed_day,混合使用（标准一天）,0.5,0.5,1007000059,17.79722222222222,17.79722222222222,0.0,cutoff,0.9429461979323245
S4_mixed_day,混合使用（标准一天）,0.5,0.5,1007000060,17.872271039366403,17.872271039366403,0.0,cutoff,0.9436300325710363
S4_mixed_day,混合使用（标准一天）,0.5,0.5,1007000061,17.778972837683476,17.778972837683476,0.0,cutoff,0.9435384673729185
S4_mixed_day,混合使用（标准一天）,0.5,0.5,1007000062,17.89838416502505,17.89838416502505,0.0,cutoff,0.9435979017709103
S4_mixed_day,混合使用（标准一天）,0.5,0.5,1007000063,17.925896605657822,17.925896605657822,0.0,cutoff,0.9435747169707583
S4_mixed_day,混合使用（标准一天）,0.5,0.5,1007000064,17.87489838591792,17.87489838591792,0.0,cutoff,0.9438958993746953
S4_mixed_day,混合使用（标准一天）,0.5,0.5,1007000065,17.83452243229448,17.83452243229448,0.0,cutoff,0.9435612452078458
S4_mixed_day,混合使用（标准一天）,0.5,0.5,1007000066,17.844444444444445,17.844444444444445,0.0,cutoff,0.9435622233006306
S4_mixed_day,混合使用（标准一天）,0.5,0.5,1007000067,17.82639534736626,17.82639534736626,0.0,cutoff,0.9439258309836036
S4_mixed_day,混合使用（标准一天）,0.5,0.5,1007000068,17.841666666666665,17.841666666666665,0.0,cutoff,0.9438787696419179
S4_mixed_day,混合使用（标准一天）,0.5,0.5,1007000069,17.923248729516068,17.923248729516068,0.0,cutoff,0.9435222809793625
S4_mixed_day,混合使用（标准一天）,0.5,0.5,1007000070,17.9,17.9,0.0,cutoff,0.9436276797157576
S4_mixed_day,混合使用（标准一天）,0.5,0.5,1007000071,17.830423174636326,17.830423174636326,0.0,cutoff,0.9438830112010735
S4_mixed_day,混合使用（标准一天）,0.5,0.5,1007000072,17.788888888888888,17.788888888888888,0.0,cutoff,0.9437811668959
S4_mixed_day,混合使用（标准一天）,0.5,0.5,1007000073,17.809299420172312,17.809299420172312,0.0,cutoff,0.943575511653811
S4_mixed_day,混合使用（标准一天）,0.5,0.5,1007000074,17.769565065738167,17.769565065738167,0.0,cutoff,0.9435287627292752
S4_mixed_day,混合使用（标准一天）,0.5,0.5,1007000075,17.828144482296384,17.828144482296384,0.0,cutoff,0.9434863556551804
S4_mixed_day,混合使用（标准一天）,0.5,0.5,1007000076,17.876861040121085,17.876861040121085,0.0,cutoff,0.9435111471219408
S4_mixed_day,混合使用（标准一天）,0.5,0.5,1007000077,17.853532627305285,17.853532627305285,0.0,cutoff,0.943564798062971
S4_mixed_day,混合使用（标准一天）,0.5,0.5,1007000078,17.841006285125406,17.841006285125406,0.0,cutoff,0.9435186119268061
S4_mixed_day,混合使用（标准一天）,0.5,0.5,1007000079,17.819444444444443,17.819444444444443,0.0,cutoff,0.9435107561503989
S4_mixed_day,混合使用（标准一天）,1.0,0.5,1007000000,18.06388888888889,17.836112016630274,1.2770545063085403,cutoff,0.9434112616099057
S4_mixed_day,混合使用（标准一天）,1.0,0.5,1007000001,18.058333333333334,17.796984544141523,1.4685003998491544,cutoff,0.943470719676791
S4_mixed_day,混合使用（标准一天）,1.0,0.5,1007000002,18.11351163657384,17.906992508194698,1.1532876237292984,cutoff,0.9435777186475787
S4_mixed_day,混合使用（标准一天）,1.0,0.5,1007000003,18.022614433054635,17.81111111111111,1.1874796615668888,cutoff,0.9439304315981856
S4_mixed_day,混合使用（标准一天）,1.0,0.5,1007000004,18.132027655981073,17.91502908965693,1.211265498024926,cutoff,0.9431353552129701
S4_mixed_day,混合使用（标准一天）,1.0,0.5,1007000005,18.05646920756362,17.89710022061708,0.8904737917428078,cutoff,0.9433736634589812
S4_mixed_day,混合使用（标准一天）,1.0,0.5,1007000006,18.089503317928994,17.79897445282101,1.6322786791906252,cutoff,0.9432874549386107
S4_mixed_day,混合使用（标准一天）,1.0,0.5,1007000007,18.00658820304554,17.833333333333332,0.9715226339002222,cutoff,0.9438655919337593
S4_mixed_day,混合使用（标准一天）,1.0,0.5,1007000008,18.011111111111113,17.83888888888889,0.965431329803811,cutoff,0.9432377836831363
S4_mixed_day,混合使用（标准一天）,1.0,0.5,1007000009,18.09340024260028,17.845646614776044,1.3883140979553905,cutoff,0.9440559907043209
S4_mixed_day,混合使用（标准一天）,1.0,0.5,1007000010,18.03833063119378,17.844444444444445,1.0865352931158256,cutoff,0.944093433588527
S4_mixed_day,混合使用（标准一天）,1.0,0.5,1007000011,18.02777777777778,17.881337756074593,0.818954508330547,cutoff,0.9440138629063428
S4_mixed_day,混合使用（标准一天）,1.0,0.5,1007000012,18.095204423851897,17.872222222222224,1.2476467607504238,cutoff,0.9434372549658215
S4_mixed_day,混合使用（标准一天）,1.0,0.5,1007000013,17.99549687092919,17.822223739055595,0.9722307070687594,cutoff,0.9435696620382673
S4_mixed_day,混合使用（标准一天）,1.0,0.5,1007000014,18.06388888888889,17.792000001449427,1.5281524697465911,cutoff,0.9430908682847824
S4_mixed_day,混合使用（标准一天）,1.0,0.5,1007000015,18.063371345012143,17.826457121146774,1.329003414729717,cutoff,0.9428885867225266
S4_mixed_day,混合使用（标准一天）,1.0,0.5,1007000016,18.03599793196667,17.858333333333334,0.9948554286514322,cutoff,0.9433301446387597
S4_mixed_day,混合使用（标准一天）,1.0,0.5,1007000017,18.044444444444444,17.866666666666667,0.995024875621887,cutoff,0.9432310731315623
S4_mixed_day,混合使用（标准一天）,1.0,0.5,1007000018,18.088044038942733,17.924118319196637,0.9145538811274906,cutoff,0.9432111027132118
S4_mixed_day,混合使用（标准一天）,1.0,0.5,1007000019,18.04722222222222,17.819717998306388,1.2766993503345871,cutoff,0.9434071069732105
S4_mixed_day,混合使用（标准一天）,1.0,0.5,1007000020,18.05634401517334,17.869345841092645,1.04647464850488,cutoff,0.9436074002258509
S4_mixed_day,混合使用（标准一天）,1.0,0.5,1007000021,18.0112037486371,17.836942824329526,0.9769663222213366,cutoff,0.9431001926063387
S4_mixed_day,混合使用（标准一天）,1.0,0.5,1007000022,18.028524006176266,17.870346869312726,0.8851374739410569,cutoff,0.943052517231481
S4_mixed_day,混合使用（标准一天）,1.0,0.5,1007000023,18.13518734068086,17.84886449734573,1.6041515883417135,cutoff,0.9431702510658766
S4_mixed_day,混合使用（标准一天）,1.0,0.5,1007000024,18.021490445272736,17.836111111111112,1.0393483927454383,cutoff,0.943000450656039
S4_mixed_day,混合使用（标准一天）,1.0,0.5,1007000025,18.047664330527343,17.77985847160231,1.5062316685634387,cutoff,0.941760060232368
S4_mixed_day,混合使用（标准一天）,1.0,0.5,1007000026,17.958587580421977,17.764698822968604,1.091427214080808,cutoff,0.9431575546392669
S4_mixed_day,混合使用（标准一天）,1.0,0.5,1007000027,18.098676244353722,17.81111111111111,1.6145266370452347,cutoff,0.943309957393819
S4_mixed_day,混合使用（标准一天）,1.0,0.5,1007000028,18.072096904709838,17.88122777962298,1.067427401737867,cutoff,0.9431083855585888
S4_mixed_day,混合使用（标准一天）,1.0,0.5,1007000029,18.03190140519523,17.86111111111111,0.9562131550588414,cutoff,0.9434569426703839
S4_mixed_day,混合使用（标准一天）,1.0,0.5,1007000030,18.01125076652036,17.805679869795522,1.1545242766806925,cutoff,0.9429201530618209
S4_mixed_day,混合使用（标准一天）,1.0,0.5,1007000031,18.100976409501843,17.919875003716424,1.0106175726552815,cutoff,0.9433886307539792
S4_mixed_day,混合使用（标准一天）,1.0,0.5,1007000032,18.060774723268246,17.872167770130716,1.055311004033566,cutoff,0.9431245372313343
S4_mixed_day,混合使用（标准一天）,1.0,0.5,1007000033,18.064868037691273,17.78501056543783,1.5735580882774345,cutoff,0.9435093325091324
S4_mixed_day,混合使用（标准一天）,1.0,0.5,1007000034,18.013073846219147,17.808333333333334,1.1496893564013837,cutoff,0.943421836381506
S4_mixed_day,混合使用（标准一天）,1.0,0.5,1007000035,18.014348147054086,17.78611111111111,1.2832318122672333,cutoff,0.9431209873729668
S4_mixed_day,混合使用（标准一天）,1.0,0.5,1007000036,18.082588125996796,17.83050886615497,1.413752471867528,cutoff,0.9434226858567938
S4_mixed_day,混合使用（标准一天）,1.0,0.5,1007000037,18.015926100016337,17.841666666666665,0.9766992994843824,cutoff,0.9435055800598156
S4_mixed_day,混合使用（标准一天）,1.0,0.5,1007000038,18.04670353192283,17.854978090658726,1.0737926436572343,cutoff,0.9432104388776372
S4_mixed_day,混合使用（标准一天）,1.0,0.5,1007000039,18.166144965547613,17.892452582796693,1.5296526928570446,cutoff,0.9431459564520068
S4_mixed_day,混合使用（标准一天）,1.0,0.5,1007000040,18.035425605898105,17.834536732441876,1.1264036541571758,cutoff,0.9437663882152841
S4_mixed_day,混合使用（标准一天）,1.0,0.5,1007000041,18.119444444444444,17.86306942605874,1.4352237696154426,cutoff,0.943124571269729
S4_mixed_day,混合使用（标准一天）,1.0,0.5,1007000042,18.03988708528983,17.844444444444445,1.0952576386105042,cutoff,0.9430346942239879
S4_mixed_day,混合使用（标准一天）,1.0,0.5,1007000043,18.028828796690544,17.805555555555557,1.2539526803212968,cutoff,0.9435632745290606
S4_mixed_day,混合使用（标准一天）,1.0,0.5,1007000044,18.076201921603506,17.868333629295382,1.1633333953834448,cutoff,0.9435218965195613
S4_mixed_day,混合使用（标准一天）,1.0,0.5,1007000045,17.976609338543454,17.77370055499539,1.1416237317615658,cutoff,0.9435536339217745
S4_mixed_day,混合使用（标准一天）,1.0,0.5,1007000046,18.09647502266116,17.852777777777778,1.3650382473629616,cutoff,0.9430681788656605
S4_mixed_day,混合使用（标准一天）,1.0,0.5,1007000047,18.066590473723373,17.766007525855606,1.6918992487778475,cutoff,0.9431025357901596
S4_mixed_day,混合使用（标准一天）,1.0,0.5,1007000048,18.044626046154626,17.840476406076306,1.1443059895462697,cutoff,0.943387548704077
S4_mixed_day,混合使用（标准一天）,1.0,0.5,1007000049,18.03215930526003,17.874110474390772,0.8842332662971061,cutoff,0.9436195071344522
S4_mixed_day,混合使用（标准一天）,1.0,0.5,1007000050,18.031458303523042,17.84764795692291,1.0298855459485619,cutoff,0.9431100479720367
S4_mixed_day,混合使用（标准一天）,1.0,0.5,1007000051,18.031866843231274,17.741666666666667,1.6356985057657507,cutoff,0.9435659857931368
S4_mixed_day,混合使用（标准一天）,1.0,0.5,1007000052,18.07224623088977,17.776693537606594,1.6625852983173481,cutoff,0.9426890908763321
S4_mixed_day,混合使用（标准一天）,1.0,0.5,1007000053,18.113888888888887,17.822222222222223,1.6365336658353982,cutoff,0.9427543859225294
S4_mixed_day,混合使用（标准一天）,1.0,0.5,1007000054,18.142392457585355,17.8493759230092,1.6416066076485798,cutoff,0.9435011831327224
S4_mixed_day,混合使用（标准一天）,1.0,0.5,1007000055,18.072222222222223,17.82777777777778,1.3711436584605747,cutoff,0.9426498379820006
S4_mixed_day,混合使用（标准一天）,1.0,0.5,1007000056,18.094643201833804,17.84722222222222,1.386327667862566,cutoff,0.9432086270931045
S4_mixed_day,混合使用（标准一天）,1.0,0.5,1007000057,18.121404955090103,17.872940574288457,1.3901706871844066,cutoff,0.9431767737980534
S4_mixed_day,混合使用（标准一天）,1.0,0.5,1007000058,18.094165964406997,17.831179322072092,1.4748695954696076,cutoff,0.9432764844725
S4_mixed_day,混合使用（标准一天）,1.0,0.5,1007000059,17.997222222222224,17.79722222222222,1.1237708756048232,cutoff,0.9434311816270509
S4_mixed_day,混合使用（标准一天）,1.0,0.5,1007000060,18.05118933953997,17.872271039366403,1.0010943756362713,cutoff,0.9431959165128215
S4_mixed_day,混合使用（标准一天）,1.0,0.5,1007000061,18.05341135747844,17.778972837683476,1.543612908914938,cutoff,0.9432448342416727
S4_mixed_day,混合使用（标准一天）,1.0,0.5,1007000062,18.068534972552204,17.89838416502505,0.9506489857315895,cutoff,0.9434062867309251
S4_mixed_day,混合使用（标准一天）,1.0,0.5,1007000063,18.055555555555557,17.925896605657822,0.7233052424100863,cutoff,0.9440918595641158
S4_mixed_day,混合使用（标准一天）,1.0,0.5,1007000064,18.117537795521418,17.87489838591792,1.3574309871022976,cutoff,0.9441033381673157
S4_mixed_day,混合使用（标准一天）,1.0,0.5,1007000065,18.068915510036216,17.83452243229448,1.314266073743024,cutoff,0.9435636520460123
S4_mixed_day,混合使用（标准一天）,1.0,0.5,1007000066,18.02579205602032,17.844444444444445,1.0162693052197327,cutoff,0.9433456288341792
S4_mixed_day,混合使用（标准一天）,1.0,0.5,1007000067,18.120673073274663,17.82639534736626,1.6507977085332552,cutoff,0.9433795380737534
S4_mixed_day,混合使用（标准一天）,1.0,0.5,1007000068,18.06993217578632,17.841666666666665,1.2793956606426264,cutoff,0.9430857662182233
S4_mixed_day,混合使用（标准一天）,1.0,0.5,1007000069,18.139573675615768,17.923248729516068,1.206951649024741,cutoff,0.9434193258792009
S4_mixed_day,混合使用（标准一天）,1.0,0.5,1007000070,18.07777777777778,17.9,0.9931719428926297,cutoff,0.9434656993737496
S4_mixed_day,混合使用（标准一天）,1.0,0.5,1007000071,18.040152138105114,17.830423174636326,1.1762422092546059,cutoff,0.9430203466340475
S4_mixed_day,混合使用（标准一天）,1.0,0.5,1007000072,18.03960128162715,17.788888888888888,1.409376348934637,cutoff,0.9430367174162388
S4_mixed_day,混合使用（标准一天）,1.0,0.5,1007000073,18.025608278143427,17.809299420172312,1.214583756877627,cutoff,0.9431189058537489
S4_mixed_day,混合使用（标准一天）,1.0,0.5,1007000074,18.102063557064657,17.769565065738167,1.8711684281321352,cutoff,0.9435343234081217
S4_mixed_day,混合使用（标准一天）,1.0,0.5,1007000075,18.04797704372355,17.828144482296384,1.233064728892351,cutoff,0.9436473710675745
S4_mixed_day,混合使用（标准一天）,1.0,0.5,1007000076,18.086414954945546,17.876861040121085,1.172207550051202,cutoff,0.9434559646678997
S4_mixed_day,混合使用（标准一天）,1.0,0.5,1007000077,18.075960515361896,17.853532627305285,1.245848049793959,cutoff,0.9431506224081615
S4_mixed_day,混合使用（标准一天）,1.0,0.5,1007000078,18.09406373692406,17.841006285125406,1.4184034675759036,cutoff,0.9436857779083289
S4_mixed_day,混合使用（标准一天）,1.0,0.5,1007000079,18.018310362200406,17.819444444444443,1.1160051503062633,cutoff,0.9431491027800069
S4_mixed_day,混合使用（标准一天）,2.0,0.5,1007000000,18.20329366772167,17.836112016630274,2.0586417642423336,cutoff,0.9425749222050075
S4_mixed_day,混合使用（标准一天）,2.0,0.5,1007000001,18.16058881608201,17.796984544141523,2.0430667399786047,cutoff,0.9379709306454548
S4_mixed_day,混合使用（标准一天）,2.0,0.5,1007000002,18.18973669352519,17.906992508194698,1.5789596449604941,cutoff,0.938010208470129
S4_mixed_day,混合使用（标准一天）,2.0,0.5,1007000003,18.212786238717218,17.81111111111111,2.2551941038396577,cutoff,0.9369924379624307
S4_mixed_day,混合使用（标准一天）,2.0,0.5,1007000004,18.266666666666666,17.91502908965693,1.962807736732902,cutoff,0.9427444798594414
S4_mixed_day,混合使用（标准一天）,2.0,0.5,1007000005,18.204556846825195,17.89710022061708,1.7179130832263618,cutoff,0.938565214159024
S4_mixed_day,混合使用（标准一天）,2.0,0.5,1007000006,18.19251960936385,17.79897445282101,2.211055235715924,cutoff,0.9381421350348721
S4_mixed_day,混合使用（标准一天）,2.0,0.5,1007000007,18.20277777777778,17.833333333333332,2.0716510903426943,cutoff,0.9421954692542188
S4_mixed_day,混合使用（标准一天）,2.0,0.5,1007000008,18.147222222222222,17.83888888888889,1.7284335098100294,cutoff,0.9372079015605735
S4_mixed_day,混合使用（标准一天）,2.0,0.5,1007000009,18.23171263290518,17.845646614776044,2.1633624517111962,cutoff,0.9431846383067359
S4_mixed_day,混合使用（标准一天）,2.0,0.5,1007000010,18.22146331006405,17.844444444444445,2.1128080887773577,cutoff,0.9425977309842432
S4_mixed_day,混合使用（标准一天）,2.0,0.5,1007000011,18.188098528192246,17.881337756074593,1.7155359196402424,cutoff,0.9375921438657102
S4_mixed_day,混合使用（标准一天）,2.0,0.5,1007000012,18.189934602643934,17.872222222222224,1.7776881714612327,cutoff,0.937811246770122
S4_mixed_day,混合使用（标准一天）,2.0,0.5,1007000013,18.17002531080621,17.822223739055595,1.9515049123103727,cutoff,0.9426997590751974
S4_mixed_day,混合使用（标准一天）,2.0,0.5,1007000014,18.234868674735168,17.792000001449427,2.489144971052509,cutoff,0.9421547963774358
S4_mixed_day,混合使用（标准一天）,2.0,0.5,1007000015,18.269355578769922,17.826457121146774,2.4845007317677053,cutoff,0.9377824911026369
S4_mixed_day,混合使用（标准一天）,2.0,0.5,1007000016,18.220553289390455,17.858333333333334,2.0282965341509347,cutoff,0.9372584673746919
S4_mixed_day,混合使用（标准一天）,2.0,0.5,1007000017,18.15238339985593,17.866666666666667,1.5991608200891483,cutoff,0.937010974699831
S4_mixed_day,混合使用（标准一天）,2.0,0.5,1007000018,18.23510416774568,17.924118319196637,1.7350133658511788,cutoff,0.9425031435371525
S4_mixed_day,混合使用（标准一天）,2.0,0.5,1007000019,18.141666666666666,17.819717998306388,1.8066990083169476,cutoff,0.9274846257209036
S4_mixed_day,混合使用（标准一天）,2.0,0.5,1007000020,18.217595459029614,17.869345841092645,1.9488660694905109,cutoff,0.937890945271527
S4_mixed_day,混合使用（标准一天）,2.0,0.5,1007000021,18.220684928636793,17.836942824329526,2.1513894398082827,cutoff,0.9385827406664304
S4_mixed_day,混合使用（标准一天）,2.0,0.5,1007000022,18.17591750157698,17.870346869312726,1.709931175365063,cutoff,0.9377045155497714
S4_mixed_day,混合使用（标准一天）,2.0,0.5,1007000023,18.278515657545704,17.84886449734573,2.4071624290938316,cutoff,0.9424093049682971
S4_mixed_day,混合使用（标准一天）,2.0,0.5,1007000024,18.140623182030275,17.836111111111112,1.7072783916975336,cutoff,0.9423383861577039
S4_mixed_day,混合使用（标准一天）,2.0,0.5,1007000025,18.20666251495363,17.77985847160231,2.40049179262594,cutoff,0.9360060839923883
S4_mixed_day,混合使用（标准一天）,2.0,0.5,1007000026,18.090860818304368,17.764698822968604,1.8360119616216446,cutoff,0.9373766184839057
S4_mixed_day,混合使用（标准一天）,2.0,0.5,1007000027,18.221403268604536,17.81111111111111,2.303574184304952,cutoff,0.9431078403202288
S4_mixed_day,混合使用（标准一天）,2.0,0.5,1007000028,18.20277777777778,17.88122777962298,1.7982545836211057,cutoff,0.9425261634058847
S4_mixed_day,混合使用（标准一天）,2.0,0.5,1007000029,18.19318655366524,17.86111111111111,1.8592093206763005,cutoff,0.9433312121104472
S4_mixed_day,混合使用（标准一天）,2.0,0.5,1007000030,18.177180090604534,17.805679869795522,2.0864141303539987,cutoff,0.9378292842848606
S4_mixed_day,混合使用（标准一天）,2.0,0.5,1007000031,18.224129840819085,17.919875003716424,1.69786249647144,cutoff,0.9378644205027324
S4_mixed_day,混合使用（标准一天）,2.0,0.5,1007000032,18.194035778894765,17.872167770130716,1.8009455422748373,cutoff,0.9387050800585395
S4_mixed_day,混合使用（标准一天）,2.0,0.5,1007000033,18.21416244988492,17.78501056543783,2.4129976356667173,cutoff,0.9372163116078011
S4_mixed_day,混合使用（标准一天）,2.0,0.5,1007000034,18.229838828465905,17.808333333333334,2.366900300229693,cutoff,0.9375119714148775
S4_mixed_day,混合使用（标准一天）,2.0,0.5,1007000035,18.18316929858309,17.78611111111111,2.2324058642809885,cutoff,0.9371334352481739
S4_mixed_day,混合使用（标准一天）,2.0,0.5,1007000036,18.25603927893907,17.83050886615497,2.386529829172853,cutoff,0.9379541575422211
S4_mixed_day,混合使用（标准一天）,2.0,0.5,1007000037,18.197730226993457,17.841666666666665,1.9956855319577314,cutoff,0.9423067563983311
S4_mixed_day,混合使用（标准一天）,2.0,0.5,1007000038,18.15629215593397,17.854978090658726,1.6875633436530653,cutoff,0.9285185914915609
S4_mixed_day,混合使用（标准一天）,2.0,0.5,1007000039,18.272698051660207,17.892452582796693,2.125172427334605,cutoff,0.9376825159459213
S4_mixed_day,混合使用（标准一天）,2.0,0.5,1007000040,18.15755623392116,17.834536732441876,1.8112020868571004,cutoff,0.9374730256020875
S4_mixed_day,混合使用（标准一天）,2.0,0.5,1007000041,18.210233683629376,17.86306942605874,1.9434748266957478,cutoff,0.94339976777612
S4_mixed_day,混合使用（标准一天）,2.0,0.5,1007000042,18.211587079609377,17.844444444444445,2.0574618408993675,cutoff,0.9370641827373998
S4_mixed_day,混合使用（标准一天）,2.0,0.5,1007000043,18.266788501180788,17.805555555555557,2.5903878381448195,cutoff,0.9375173961959417
S4_mixed_day,混合使用（标准一天）,2.0,0.5,1007000044,18.135922125916714,17.868333629295382,1.49755708715119,cutoff,0.943431822529452
S4_mixed_day,混合使用（标准一天）,2.0,0.5,1007000045,18.108333333333334,17.77370055499539,1.8827411731311863,cutoff,0.9427152792645732
S4_mixed_day,混合使用（标准一天）,2.0,0.5,1007000046,18.216666666666665,17.852777777777778,2.0382760230278416,cutoff,0.9380698002381382
S4_mixed_day,混合使用（标准一天）,2.0,0.5,1007000047,18.22874525742662,17.766007525855606,2.6046242010061786,cutoff,0.9423523780289048
S4_mixed_day,混合使用（标准一天）,2.0,0.5,1007000048,18.201558615989764,17.840476406076306,2.0239493704914593,cutoff,0.936935209198065
S4_mixed_day,混合使用（标准一天）,2.0,0.5,1007000049,18.171348499801393,17.874110474390772,1.6629528268636957,cutoff,0.9380166444825095
S4_mixed_day,混合使用（标准一天）,2.0,0.5,1007000050,18.188544186996705,17.84764795692291,1.910034481274971,cutoff,0.9377225399698399
S4_mixed_day,混合使用（标准一天）,2.0,0.5,1007000051,18.18236514679399,17.741666666666667,2.483974523968007,cutoff,0.9379980850141008
S4_mixed_day,混合使用（标准一天）,2.0,0.5,1007000052,18.208333333333332,17.776693537606594,2.42812193850113,cutoff,0.9374737866812707
S4_mixed_day,混合使用（标准一天）,2.0,0.5,1007000053,18.183602640938652,17.822222222222223,2.0276956162393156,cutoff,0.9379691396523027
S4_mixed_day,混合使用（标准一天）,2.0,0.5,1007000054,18.26381884850715,17.8493759230092,2.321890285047442,cutoff,0.938366870995602
S4_mixed_day,混合使用（标准一天）,2.0,0.5,1007000055,18.221814757100802,17.82777777777778,2.2102417038997832,cutoff,0.9284539141245626
S4_mixed_day,混合使用（标准一天）,2.0,0.5,1007000056,18.211593011313024,17.84722222222222,2.0416106470457422,cutoff,0.9374339737122444
S4_mixed_day,混合使用（标准一天）,2.0,0.5,1007000057,18.34555202888347,17.872940574288457,2.644284820567809,cutoff,0.9420918413457264
S4_mixed_day,混合使用（标准一天）,2.0,0.5,1007000058,18.24050809002152,17.831179322072092,2.2955787755594304,cutoff,0.9429801529322284
S4_mixed_day,混合使用（标准一天）,2.0,0.5,1007000059,18.16487814363587,17.79722222222222,2.0658050836415502,cutoff,0.9423758355844651
S4_mixed_day,混合使用（标准一天）,2.0,0.5,1007000060,18.119713075089663,17.872271039366403,1.3845024797253325,cutoff,0.9420150863430167
S4_mixed_day,混合使用（标准一天）,2.0,0.5,1007000061,18.115552310169175,17.778972837683476,1.893132272367844,cutoff,0.9370237836188294
S4_mixed_day,混合使用（标准一天）,2.0,0.5,1007000062,18.166008995167118,17.89838416502505,1.4952457589162154,cutoff,0.9373557699632106
S4_mixed_day,混合使用（标准一天）,2.0,0.5,1007000063,18.247308271648574,17.925896605657822,1.7930018958678302,cutoff,0.9426240271551511
S4_mixed_day,混合使用（标准一天）,2.0,0.5,1007000064,18.244444444444444,17.87489838591792,2.067402289781166,cutoff,0.9433075517610742
S4_mixed_day,混合使用（标准一天）,2.0,0.5,1007000065,18.195189272163848,17.83452243229448,2.0222960342143903,cutoff,0.9369531921828249
S4_mixed_day,混合使用（标准一天）,2.0,0.5,1007000066,18.228095295549412,17.844444444444445,2.149973636329206,cutoff,0.9372133053817908
S4_mixed_day,混合使用（标准一天）,2.0,0.5,1007000067,18.269444444444446,17.82639534736626,2.48535437728661,cutoff,0.9423692466391812
S4_mixed_day,混合使用（标准一天）,2.0,0.5,1007000068,18.19521023090855,17.841666666666665,1.9815613128923983,cutoff,0.9432052883246935
S4_mixed_day,混合使用（标准一天）,2.0,0.5,1007000069,18.234809361148,17.923248729516068,1.7383044577116853,cutoff,0.9368665883295998
S4_mixed_day,混合使用（标准一天）,2.0,0.5,1007000070,18.228005504526582,17.9,1.8324329861820297,cutoff,0.9420005310087297
S4_mixed_day,混合使用（标准一天）,2.0,0.5,1007000071,18.155555555555555,17.830423174636326,1.8234697950507843,cutoff,0.937185848243223
S4_mixed_day,混合使用（标准一天）,2.0,0.5,1007000072,18.1342807411561,17.788888888888888,1.941615659216061,cutoff,0.942503305806224
S4_mixed_day,混合使用（标准一天）,2.0,0.5,1007000073,18.102097474290805,17.809299420172312,1.6440739593992368,cutoff,0.9420920950704513
S4_mixed_day,混合使用（标准一天）,2.0,0.5,1007000074,18.23585571431819,17.769565065738167,2.624097139434707,cutoff,0.9421988169116069
S4_mixed_day,混合使用（标准一天）,2.0,0.5,1007000075,18.266643435720248,17.828144482296384,2.459588286707568,cutoff,0.9421887412058919
S4_mixed_day,混合使用（标准一天）,2.0,0.5,1007000076,18.206971609224397,17.876861040121085,1.8465801594723117,cutoff,0.9426311199633424
S4_mixed_day,混合使用（标准一天）,2.0,0.5,1007000077,18.263603159794865,17.853532627305285,2.29685934458941,cutoff,0.9369367644506266
S4_mixed_day,混合使用（标准一天）,2.0,0.5,1007000078,18.263838461573435,17.841006285125406,2.370001835605861,cutoff,0.9421312298489206
S4_mixed_day,混合使用（标准一天）,2.0,0.5,1007000079,18.186204805490693,17.819444444444443,2.0582031173289166,cutoff,0.9374572292926745
S4_mixed_day,混合使用（标准一天）,4.0,0.5,1007000000,18.20851297696096,17.836112016630274,2.0879043593326987,cutoff,0.9275225519685616
S4_mixed_day,混合使用（标准一天）,4.0,0.5,1007000001,18.17732907521461,17.796984544141523,2.1371290744773495,cutoff,0.9281828150028544
S4_mixed_day,混合使用（标准一天）,4.0,0.5,1007000002,18.175,17.906992508194698,1.496663896422897,cutoff,0.909761307520048
S4_mixed_day,混合使用（标准一天）,4.0,0.5,1007000003,18.172557034207806,17.81111111111111,2.0293283268061524,cutoff,0.9282612929211178
S4_mixed_day,混合使用（标准一天）,4.0,0.5,1007000004,18.255569079308444,17.91502908965693,1.9008620524547277,cutoff,0.9241894075741174
S4_mixed_day,混合使用（标准一天）,4.0,0.5,1007000005,18.273161440529584,17.89710022061708,2.1012410685351677,cutoff,0.9291822760523478
S4_mixed_day,混合使用（标准一天）,4.0,0.5,1007000006,18.232309115695283,17.79897445282101,2.434604667942499,cutoff,0.9280321835631102
S4_mixed_day,混合使用（标准一天）,4.0,0.5,1007000007,18.174014608314845,17.833333333333332,1.9103622896159616,cutoff,0.927661182747863
S4_mixed_day,混合使用（标准一天）,4.0,0.5,1007000008,18.161211725428164,17.83888888888889,1.8068548918427123,cutoff,0.9279713685644566
S4_mixed_day,混合使用（标准一天）,4.0,0.5,1007000009,18.34695240559867,17.845646614776044,2.809120911357453,cutoff,0.9277796971865305
S4_mixed_day,混合使用（标准一天）,4.0,0.5,1007000010,18.308333333333334,17.844444444444445,2.599626400996262,cutoff,0.9442214579216712
S4_mixed_day,混合使用（标准一天）,4.0,0.5,1007000011,18.194444444444443,17.881337756074593,1.7510249660346682,cutoff,0.9272785263181185
S4_mixed_day,混合使用（标准一天）,4.0,0.5,1007000012,18.228583065667635,17.872222222222224,1.9939369543106655,cutoff,0.9094578528044418
S4_mixed_day,混合使用（标准一天）,4.0,0.5,1007000013,18.362327407574575,17.822223739055595,3.030506610324942,cutoff,0.9277910118624156
S4_mixed_day,混合使用（标准一天）,4.0,0.5,1007000014,18.27401089150266,17.792000001449427,2.7091439411756113,cutoff,0.928543905505322
S4_mixed_day,混合使用（标准一天）,4.0,0.5,1007000015,18.3011691639936,17.826457121146774,2.662963479623184,cutoff,0.9281169051756922
S4_mixed_day,混合使用（标准一天）,4.0,0.5,1007000016,18.283076834566977,17.858333333333334,2.3784050465719595,cutoff,0.9275729720546078
S4_mixed_day,混合使用（标准一天）,4.0,0.5,1007000017,18.20277777777778,17.866666666666667,1.8812189054726425,cutoff,0.9273190044353655
S4_mixed_day,混合使用（标准一天）,4.0,0.5,1007000018,18.25684116312379,17.924118319196637,1.8562856928410807,cutoff,0.9273326928297623
S4_mixed_day,混合使用（标准一天）,4.0,0.5,1007000019,18.313082534476557,17.819717998306388,2.7686439045615616,cutoff,0.929205197367121
S4_mixed_day,混合使用（标准一天）,4.0,0.5,1007000020,18.20264602205812,17.869345841092645,1.8652063927209386,cutoff,0.909660320354151
S4_mixed_day,混合使用（标准一天）,4.0,0.5,1007000021,18.255555555555556,17.836942824329526,2.3468860967309046,cutoff,0.9105434215131751
S4_mixed_day,混合使用（标准一天）,4.0,0.5,1007000022,18.286073033115244,17.870346869312726,2.326346359378227,cutoff,0.9278855014378883
S4_mixed_day,混合使用（标准一天）,4.0,0.5,1007000023,18.265109007903853,17.84886449734573,2.3320503700390667,cutoff,0.9276598511282832
S4_mixed_day,混合使用（标准一天）,4.0,0.5,1007000024,18.194734826574518,17.836111111111112,2.010660918343342,cutoff,0.9286263867947185
S4_mixed_day,混合使用（标准一天）,4.0,0.5,1007000025,18.2382447422198,17.77985847160231,2.5781210314447396,cutoff,0.9286882895360148
S4_mixed_day,混合使用（标准一天）,4.0,0.5,1007000026,18.186463333212817,17.764698822968604,2.374172027610727,cutoff,0.9276133176856798
S4_mixed_day,混合使用（标准一天）,4.0,0.5,1007000027,18.21429552400249,17.81111111111111,2.2636679451169246,cutoff,0.9413372082544251
S4_mixed_day,混合使用（标准一天）,4.0,0.5,1007000028,18.199245290300258,17.88122777962298,1.7784992987991828,cutoff,0.9272138490753964
S4_mixed_day,混合使用（标准一天）,4.0,0.5,1007000029,18.262238934190233,17.86111111111111,2.2458167388566705,cutoff,0.9284449606301516
S4_mixed_day,混合使用（标准一天）,4.0,0.5,1007000030,18.202201722839632,17.805679869795522,2.22694025694995,cutoff,0.9098000997075116
S4_mixed_day,混合使用（标准一天）,4.0,0.5,1007000031,18.216002565323087,17.919875003716424,1.6525090802544626,cutoff,0.9280456062399962
S4_mixed_day,混合使用（标准一天）,4.0,0.5,1007000032,18.238888888888887,17.872167770130716,2.051911796458529,cutoff,0.9276537287243457
S4_mixed_day,混合使用（标准一天）,4.0,0.5,1007000033,18.30492871473384,17.78501056543783,2.923350241390264,cutoff,0.9084737806384194
S4_mixed_day,混合使用（标准一天）,4.0,0.5,1007000034,18.21737144405779,17.808333333333334,2.2968915904040585,cutoff,0.927859223556411
S4_mixed_day,混合使用（标准一天）,4.0,0.5,1007000035,18.179534408306456,17.78611111111111,2.211969186167795,cutoff,0.9275914160214845
S4_mixed_day,混合使用（标准一天）,4.0,0.5,1007000036,18.20925543325554,17.83050886615497,2.1241489513486953,cutoff,0.9272151954553659
S4_mixed_day,混合使用（标准一天）,4.0,0.5,1007000037,18.296902264545746,17.841666666666665,2.5515306747076028,cutoff,0.9274073127073698
S4_mixed_day,混合使用（标准一天）,4.0,0.5,1007000038,18.150843417721326,17.854978090658726,1.6570467102246933,cutoff,0.8907333769835212
S4_mixed_day,混合使用（标准一天）,4.0,0.5,1007000039,18.369858178232093,17.892452582796693,2.668195392589262,cutoff,0.928114340977645
S4_mixed_day,混合使用（标准一天）,4.0,0.5,1007000040,18.247789333663256,17.834536732441876,2.3171479440206255,cutoff,0.9277408452515117
S4_mixed_day,混合使用（标准一天）,4.0,0.5,1007000041,18.228951662038885,17.86306942605874,2.0482607286203223,cutoff,0.927776305639267
S4_mixed_day,混合使用（标准一天）,4.0,0.5,1007000042,18.23545699359175,17.844444444444445,2.1912284821455468,cutoff,0.9279528066036516
S4_mixed_day,混合使用（标准一天）,4.0,0.5,1007000043,18.238888888888887,17.805555555555557,2.433697347893897,cutoff,0.9278810869119714
S4_mixed_day,混合使用（标准一天）,4.0,0.5,1007000044,18.23118422366322,17.868333629295382,2.0306907286135503,cutoff,0.9272762508810565
S4_mixed_day,混合使用（标准一天）,4.0,0.5,1007000045,18.236005535702187,17.77370055499539,2.601062053883112,cutoff,0.927556426204397
S4_mixed_day,混合使用（标准一天）,4.0,0.5,1007000046,18.14089171691682,17.852777777777778,1.6138325515801284,cutoff,0.90974042001257
S4_mixed_day,混合使用（标准一天）,4.0,0.5,1007000047,18.188199628327812,17.766007525855606,2.3764039380134907,cutoff,0.9275165784426904
S4_mixed_day,混合使用（标准一天）,4.0,0.5,1007000048,18.276385575900065,17.840476406076306,2.4433718018611454,cutoff,0.9081311107407146
S4_mixed_day,混合使用（标准一天）,4.0,0.5,1007000049,18.166666666666668,17.874110474390772,1.6367594499041358,cutoff,0.9275962353218238
S4_mixed_day,混合使用（标准一天）,4.0,0.5,1007000050,18.326156956601395,17.84764795692291,2.681075964930589,cutoff,0.9442379986975089
S4_mixed_day,混合使用（标准一天）,4.0,0.5,1007000051,18.246185091504206,17.741666666666667,2.8436923898780937,cutoff,0.928391097336132
S4_mixed_day,混合使用（标准一天）,4.0,0.5,1007000052,18.138109121097276,17.776693537606594,2.033086652059945,cutoff,0.9091721097250645
S4_mixed_day,混合使用（标准一天）,4.0,0.5,1007000053,18.24222953861503,17.822222222222223,2.356649530882344,cutoff,0.9277737248405497
S4_mixed_day,混合使用（标准一天）,4.0,0.5,1007000054,18.25,17.8493759230092,2.2444710600462137,cutoff,0.9279936703505784
S4_mixed_day,混合使用（标准一天）,4.0,0.5,1007000055,18.229032798740313,17.82777777777778,2.250729316711003,cutoff,0.9277113962084151
S4_mixed_day,混合使用（标准一天）,4.0,0.5,1007000056,18.272222222222222,17.84722222222222,2.3813229571984476,cutoff,0.927487957685608
S4_mixed_day,混合使用（标准一天）,4.0,0.5,1007000057,18.24530654633868,17.872940574288457,2.0834063119188,cutoff,0.9274241258544244
S4_mixed_day,混合使用（标准一天）,4.0,0.5,1007000058,18.29389949674002,17.831179322072092,2.595006007791963,cutoff,0.927983134047929
S4_mixed_day,混合使用（标准一天）,4.0,0.5,1007000059,18.308333333333334,17.79722222222222,2.8718589043234064,cutoff,0.9275231121931441
S4_mixed_day,混合使用（标准一天）,4.0,0.5,1007000060,18.198137825266343,17.872271039366403,1.823309333112557,cutoff,0.9089165477402361
S4_mixed_day,混合使用（标准一天）,4.0,0.5,1007000061,18.220002187161494,17.778972837683476,2.480623338054903,cutoff,0.9275624927457803
S4_mixed_day,混合使用（标准一天）,4.0,0.5,1007000062,18.198303508367605,17.89838416502505,1.6756783214465973,cutoff,0.927908226038668
S4_mixed_day,混合使用（标准一天）,4.0,0.5,1007000063,18.37654829571213,17.925896605657822,2.513970151496197,cutoff,0.9410825708134464
S4_mixed_day,混合使用（标准一天）,4.0,0.5,1007000064,18.314183850371485,17.87489838591792,2.457555030352733,cutoff,0.9274392875299383
S4_mixed_day,混合使用（标准一天）,4.0,0.5,1007000065,18.151154589509037,17.83452243229448,1.7753890434498185,cutoff,0.9082807574604957
S4_mixed_day,混合使用（标准一天）,4.0,0.5,1007000066,18.213344659404495,17.844444444444445,2.0673112918060075,cutoff,0.9278738583777666
S4_mixed_day,混合使用（标准一天）,4.0,0.5,1007000067,18.301519463030793,17.82639534736626,2.6652842955978087,cutoff,0.9413789421131737
S4_mixed_day,混合使用（标准一天）,4.0,0.5,1007000068,18.167802021524224,17.841666666666665,1.82794220377894,cutoff,0.927789870665965
S4_mixed_day,混合使用（标准一天）,4.0,0.5,1007000069,18.316666666666666,17.923248729516068,2.1950146599411764,cutoff,0.9283212744374514
S4_mixed_day,混合使用（标准一天）,4.0,0.5,1007000070,18.287818638413313,17.9,2.1665845721414216,cutoff,0.9282140722666604
S4_mixed_day,混合使用（标准一天）,4.0,0.5,1007000071,18.306687150834183,17.830423174636326,2.6710750021644967,cutoff,0.927367134825141
S4_mixed_day,混合使用（标准一天）,4.0,0.5,1007000072,18.247892131479173,17.788888888888888,2.5802805642177162,cutoff,0.9278558317896616
S4_mixed_day,混合使用（标准一天）,4.0,0.5,1007000073,18.193827924637496,17.809299420172312,2.1591444749906024,cutoff,0.9273744615911709
S4_mixed_day,混合使用（标准一天）,4.0,0.5,1007000074,18.28140750827336,17.769565065738167,2.8804444039099586,cutoff,0.9275452147238092
S4_mixed_day,混合使用（标准一天）,4.0,0.5,1007000075,18.2713754988124,17.828144482296384,2.486130942881639,cutoff,0.9280044962373305
S4_mixed_day,混合使用（标准一天）,4.0,0.5,1007000076,18.34848170537414,17.876861040121085,2.638162618116214,cutoff,0.9282663507850014
S4_mixed_day,混合使用（标准一天）,4.0,0.5,1007000077,18.405579335101063,17.853532627305285,3.0920866997015213,cutoff,0.9283757336492355
S4_mixed_day,混合使用（标准一天）,4.0,0.5,1007000078,18.230158912301594,17.841006285125406,2.1812257725655084,cutoff,0.9284903126048124
S4_mixed_day,混合使用（标准一天）,4.0,0.5,1007000079,18.167781883233303,17.819444444444443,1.9548164920341342,cutoff,0.9274123986088705
S3_gaming,游戏（高 CPU/GPU 负载）,0.5,0.5,1007000000,3.8326721009640696,3.8326721009640696,0.0,cutoff,0.90613897800472
S3_gaming,游戏（高 CPU/GPU 负载）,0.5,0.5,1007000001,3.8329679132130345,3.8329679132130345,0.0,cutoff,0.9015577952046389
S3_gaming,游戏（高 CPU/GPU 负载）,0.5,0.5,1007000002,3.8345062431168446,3.8345062431168446,0.0,cutoff,0.9050906440994122
S3_gaming,游戏（高 CPU/GPU 负载）,0.5,0.5,1007000003,3.833287172515329,3.833287172515329,0.0,cutoff,0.9093986103071835
S3_gaming,游戏（高 CPU/GPU 负载）,0.5,0.5,1007000004,3.8243696394877147,3.8243696394877147,0.0,cutoff,0.8990077143207615
S3_gaming,游戏（高 CPU/GPU 负载）,0.5,0.5,1007000005,3.8336050442502287,3.8336050442502287,0.0,cutoff,0.90026503156708
S3_gaming,游戏（高 CPU/GPU 负载）,0.5,0.5,1007000006,3.8353382935077645,3.8353382935077645,0.0,cutoff,0.907509417889484
S3_gaming,游戏（高 CPU/GPU 负载）,0.5,0.5,1007000007,3.833554222161602,3.833554222161602,0.0,cutoff,0.9092045728610979
S3_gaming,游戏（高 CPU/GPU 负载）,0.5,0.5,1007000008,3.821824665957783,3.821824665957783,0.0,cutoff,0.9022639095141095
S3_gaming,游戏（高 CPU/GPU 负载）,0.5,0.5,1007000009,3.825,3.825,0.0,cutoff,0.8983362795524608
S3_gaming,游戏（高 CPU/GPU 负载）,0.5,0.5,1007000010,3.8313083968205444,3.8313083968205444,0.0,cutoff,0.8993265316511012
S3_gaming,游戏（高 CPU/GPU 负载）,0.5,0.5,1007000011,3.825099042997774,3.825099042997774,0.0,cutoff,0.9002171143999017
S3_gaming,游戏（高 CPU/GPU 负载）,0.5,0.5,1007000012,3.83228406213566,3.83228406213566,0.0,cutoff,0.902929415766155
S3_gaming,游戏（高 CPU/GPU 负载）,0.5,0.5,1007000013,3.835014884633693,3.835014884633693,0.0,cutoff,0.9018975720289282
S3_gaming,游戏（高 CPU/GPU 负载）,0.5,0.5,1007000014,3.8338694087434297,3.8338694087434297,0.0,cutoff,0.9080431459343282
S3_gaming,游戏（高 CPU/GPU 负载）,0.5,0.5,1007000015,3.822280239054219,3.822280239054219,0.0,cutoff,0.8986857474961343
S3_gaming,游戏（高 CPU/GPU 负载）,0.5,0.5,1007000016,3.8361797822808463,3.8361797822808463,0.0,cutoff,0.9070627094047011
S3_gaming,游戏（高 CPU/GPU 负载）,0.5,0.5,1007000017,3.8267478238579846,3.8267478238579846,0.0,cutoff,0.8989614549262739
S3_gaming,游戏（高 CPU/GPU 负载）,0.5,0.5,1007000018,3.8279116935785003,3.8279116935785003,0.0,cutoff,0.9039394051348784
S3_gaming,游戏（高 CPU/GPU 负载）,0.5,0.5,1007000019,3.8298544503775878,3.8298544503775878,0.0,cutoff,0.905496779607836
S3_gaming,游戏（高 CPU/GPU 负载）,0.5,0.5,1007000020,3.8357184894157217,3.8357184894157217,0.0,cutoff,0.8999505733136679
S3_gaming,游戏（高 CPU/GPU 负载）,0.5,0.5,1007000021,3.8356246859647185,3.8356246859647185,0.0,cutoff,0.9024488872549234
S3_gaming,游戏（高 CPU/GPU 负载）,0.5,0.5,1007000022,3.8206034997707174,3.8206034997707174,0.0,cutoff,0.8987744721678085
S3_gaming,游戏（高 CPU/GPU 负载）,0.5,0.5,1007000023,3.8334808467868817,3.8334808467868817,0.0,cutoff,0.903766709592738
S3_gaming,游戏（高 CPU/GPU 负载）,0.5,0.5,1007000024,3.8184926456830186,3.8184926456830186,0.0,cutoff,0.8993228548305601
S3_gaming,游戏（高 CPU/GPU 负载）,0.5,0.5,1007000025,3.827099347427931,3.827099347427931,0.0,cutoff,0.904891528169427
S3_gaming,游戏（高 CPU/GPU 负载）,0.5,0.5,1007000026,3.8309644322860232,3.8309644322860232,0.0,cutoff,0.9092404739223524
S3_gaming,游戏（高 CPU/GPU 负载）,0.5,0.5,1007000027,3.8357996161058283,3.8357996161058283,0.0,cutoff,0.8996786455256714
S3_gaming,游戏（高 CPU/GPU 负载）,0.5,0.5,1007000028,3.826499073932029,3.826499073932029,0.0,cutoff,0.9029683047241139
S3_gaming,游戏（高 CPU/GPU 负载）,0.5,0.5,1007000029,3.8286405502777683,3.8286405502777683,0.0,cutoff,0.9031155388538308
S3_gaming,游戏（高 CPU/GPU 负载）,0.5,0.5,1007000030,3.828117518166261,3.828117518166261,0.0,cutoff,0.8986924578434562
S3_gaming,游戏（高 CPU/GPU 负载）,0.5,0.5,1007000031,3.839515502312769,3.839515502312769,0.0,cutoff,0.9090376314677399
S3_gaming,游戏（高 CPU/GPU 负载）,0.5,0.5,1007000032,3.834186077568636,3.834186077568636,0.0,cutoff,0.9069876709345319
S3_gaming,游戏（高 CPU/GPU 负载）,0.5,0.5,1007000033,3.831836493108038,3.831836493108038,0.0,cutoff,0.9013867182638767
S3_gaming,游戏（高 CPU/GPU 负载）,0.5,0.5,1007000034,3.8329757243875413,3.8329757243875413,0.0,cutoff,0.9064630187518841
S3_gaming,游戏（高 CPU/GPU 负载）,0.5,0.5,1007000035,3.838362222897996,3.838362222897996,0.0,cutoff,0.9035161828811847
S3_gaming,游戏（高 CPU/GPU 负载）,0.5,0.5,1007000036,3.8228508360155278,3.8228508360155278,0.0,cutoff,0.900062301824994
S3_gaming,游戏（高 CPU/GPU 负载）,0.5,0.5,1007000037,3.836865548664407,3.836865548664407,0.0,cutoff,0.9016343424260611
S3_gaming,游戏（高 CPU/GPU 负载）,0.5,0.5,1007000038,3.832354564359191,3.832354564359191,0.0,cutoff,0.9016887366297334
S3_gaming,游戏（高 CPU/GPU 负载）,0.5,0.5,1007000039,3.8363051230753538,3.8363051230753538,0.0,cutoff,0.9059254207305183
S3_gaming,游戏（高 CPU/GPU 负载）,0.5,0.5,1007000040,3.8308700186306353,3.8308700186306353,0.0,cutoff,0.9067149479481477
S3_gaming,游戏（高 CPU/GPU 负载）,0.5,0.5,1007000041,3.8304762074897982,3.8304762074897982,0.0,cutoff,0.9023777761289375
S3_gaming,游戏（高 CPU/GPU 负载）,0.5,0.5,1007000042,3.8334999027237013,3.8334999027237013,0.0,cutoff,0.9084714705790125
S3_gaming,游戏（高 CPU/GPU 负载）,0.5,0.5,1007000043,3.8348496737432014,3.8348496737432014,0.0,cutoff,0.899564856093865
S3_gaming,游戏（高 CPU/GPU 负载）,0.5,0.5,1007000044,3.833068833517841,3.833068833517841,0.0,cutoff,0.8990251795961507
S3_gaming,游戏（高 CPU/GPU 负载）,0.5,0.5,1007000045,3.8309903569993033,3.8309903569993033,0.0,cutoff,0.9006086073862765
S3_gaming,游戏（高 CPU/GPU 负载）,0.5,0.5,1007000046,3.82996328342522,3.82996328342522,0.0,cutoff,0.9027690340604018
S3_gaming,游戏（高 CPU/GPU 负载）,0.5,0.5,1007000047,3.8307739208429914,3.8307739208429914,0.0,cutoff,0.905465558133716
S3_gaming,游戏（高 CPU/GPU 负载）,0.5,0.5,1007000048,3.828025725813184,3.828025725813184,0.0,cutoff,0.9002322673975797
S3_gaming,游戏（高 CPU/GPU 负载）,0.5,0.5,1007000049,3.8305555555555557,3.8305555555555557,0.0,cutoff,0.8985171379504272
S3_gaming,游戏（高 CPU/GPU 负载）,0.5,0.5,1007000050,3.8379985829411813,3.8379985829411813,0.0,cutoff,0.9006653123420363
S3_gaming,游戏（高 CPU/GPU 负载）,0.5,0.5,1007000051,3.8280992372987135,3.8280992372987135,0.0,cutoff,0.9015870991461811
S3_gaming,游戏（高 CPU/GPU 负载）,0.5,0.5,1007000052,3.8314005151334665,3.8314005151334665,0.0,cutoff,0.907024197122718
S3_gaming,游戏（高 CPU/GPU 负载）,0.5,0.5,1007000053,3.8323355823156913,3.8323355823156913,0.0,cutoff,0.9063309171284125
S3_gaming,游戏（高 CPU/GPU 负载）,0.5,0.5,1007000054,3.8326039903564224,3.8326039903564224,0.0,cutoff,0.9088016968766156
S3_gaming,游戏（高 CPU/GPU 负载）,0.5,0.5,1007000055,3.8323225665774743,3.8323225665774743,0.0,cutoff,0.9015089265796995
S3_gaming,游戏（高 CPU/GPU 负载）,0.5,0.5,1007000056,3.8354826762714787,3.8354826762714787,0.0,cutoff,0.903508782514922
S3_gaming,游戏（高 CPU/GPU 负载）,0.5,0.5,1007000057,3.827777777777778,3.827777777777778,0.0,cutoff,0.8983589630408675
S3_gaming,游戏（高 CPU/GPU 负载）,0.5,0.5,1007000058,3.8273233361386505,3.8273233361386505,0.0,cutoff,0.8991478990832996
S3_gaming,游戏（高 CPU/GPU 负载）,0.5,0.5,1007000059,3.829500772520737,3.829500772520737,0.0,cutoff,0.9092956504220568
S3_gaming,游戏（高 CPU/GPU 负载）,0.5,0.5,1007000060,3.828059109716785,3.828059109716785,0.0,cutoff,0.9069098610762203
S3_gaming,游戏（高 CPU/GPU 负载）,0.5,0.5,1007000061,3.825,3.825,0.0,cutoff,0.8984228721017133
S3_gaming,游戏（高 CPU/GPU 负载）,0.5,0.5,1007000062,3.8295033819752273,3.8295033819752273,0.0,cutoff,0.9042065479354638
S3_gaming,游戏（高 CPU/GPU 负载）,0.5,0.5,1007000063,3.835630679141849,3.835630679141849,0.0,cutoff,0.9054279613936896
S3_gaming,游戏（高 CPU/GPU 负载）,0.5,0.5,1007000064,3.8345341169396456,3.8345341169396456,0.0,cutoff,0.904635967391143
S3_gaming,游戏（高 CPU/GPU 负载）,0.5,0.5,1007000065,3.832238987291269,3.832238987291269,0.0,cutoff,0.909339438433778
S3_gaming,游戏（高 CPU/GPU 负载）,0.5,0.5,1007000066,3.830159592922852,3.830159592922852,0.0,cutoff,0.9001684382320959
S3_gaming,游戏（高 CPU/GPU 负载）,0.5,0.5,1007000067,3.827343093780809,3.827343093780809,0.0,cutoff,0.903041838569854
S3_gaming,游戏（高 CPU/GPU 负载）,0.5,0.5,1007000068,3.8281300404439396,3.8281300404439396,0.0,cutoff,0.9023938921102821
S3_gaming,游戏（高 CPU/GPU 负载）,0.5,0.5,1007000069,3.829189695057221,3.829189695057221,0.0,cutoff,0.9008817245073408
S3_gaming,游戏（高 CPU/GPU 负载）,0.5,0.5,1007000070,3.825981796414217,3.825981796414217,0.0,cutoff,0.9048909871221607
S3_gaming,游戏（高 CPU/GPU 负载）,0.5,0.5,1007000071,3.8296493243079084,3.8296493243079084,0.0,cutoff,0.9014300248905568
S3_gaming,游戏（高 CPU/GPU 负载）,0.5,0.5,1007000072,3.827777777777778,3.827777777777778,0.0,cutoff,0.8982566678801321
S3_gaming,游戏（高 CPU/GPU 负载）,0.5,0.5,1007000073,3.8230105984641343,3.8230105984641343,0.0,cutoff,0.8987225165435445
S3_gaming,游戏（高 CPU/GPU 负载）,0.5,0.5,1007000074,3.8231420220709484,3.8231420220709484,0.0,cutoff,0.9031911577123133
S3_gaming,游戏（高 CPU/GPU 负载）,0.5,0.5,1007000075,3.829767725386389,3.829767725386389,0.0,cutoff,0.8990332929804861
S3_gaming,游戏（高 CPU/GPU 负载）,0.5,0.5,1007000076,3.834381543562975,3.834381543562975,0.0,cutoff,0.9004012211945143
S3_gaming,游戏（高 CPU/GPU 负载）,0.5,0.5,1007000077,3.8321588946069243,3.8321588946069243,0.0,cutoff,0.8995935881930166
S3_gaming,游戏（高 CPU/GPU 负载）,0.5,0.5,1007000078,3.829558300514416,3.829558300514416,0.0,cutoff,0.908402540697937
S3_gaming,游戏（高 CPU/GPU 负载）,0.5,0.5,1007000079,3.8305555555555557,3.8305555555555557,0.0,cutoff,0.8981370292369704
S3_gaming,游戏（高 CPU/GPU 负载）,1.0,0.5,1007000000,3.8435005942577467,3.8326721009640696,0.2825311690753112,cutoff,0.9090022956390216
S3_gaming,游戏（高 CPU/GPU 负载）,1.0,0.5,1007000001,3.845363729298795,3.8329679132130345,0.32339994402325967,cutoff,0.9006686446884042
S3_gaming,游戏（高 CPU/GPU 负载）,1.0,0.5,1007000002,3.8477684145846283,3.8345062431168446,0.34586386426127175,cutoff,0.8998282019565068
S3_gaming,游戏（高 CPU/GPU 负载）,1.0,0.5,1007000003,3.8428765981665327,3.833287172515329,0.25016194246963475,cutoff,0.9092900100775118
S3_gaming,游戏（高 CPU/GPU 负载）,1.0,0.5,1007000004,3.84726290481706,3.8243696394877147,0.5986153925333445,cutoff,0.9060040974813358
S3_gaming,游戏（高 CPU/GPU 负载）,1.0,0.5,1007000005,3.8503819418758143,3.8336050442502287,0.43762717942861906,cutoff,0.9028984952856398
S3_gaming,游戏（高 CPU/GPU 负载）,1.0,0.5,1007000006,3.8497035326558433,3.8353382935077645,0.3745494673154514,cutoff,0.9057027662948115
S3_gaming,游戏（高 CPU/GPU 负载）,1.0,0.5,1007000007,3.8487428487441018,3.833554222161602,0.39620221085422785,cutoff,0.9093096728214924
S3_gaming,游戏（高 CPU/GPU 负载）,1.0,0.5,1007000008,3.8440142976671603,3.821824665957783,0.5806030796500798,cutoff,0.9075767711668077
S3_gaming,游戏（高 CPU/GPU 负载）,1.0,0.5,1007000009,3.844370114765321,3.825,0.5064082291587109,cutoff,0.9087396013645999
S3_gaming,游戏（高 CPU/GPU 负载）,1.0,0.5,1007000010,3.847828265419772,3.8313083968205444,0.43118086272921885,cutoff,0.898491327969911
S3_gaming,游戏（高 CPU/GPU 负载）,1.0,0.5,1007000011,3.8403390997283924,3.825099042997774,0.3984225391108968,cutoff,0.9092170189494819
S3_gaming,游戏（高 CPU/GPU 负载）,1.0,0.5,1007000012,3.844947552234386,3.83228406213566,0.330442365268424,cutoff,0.9087729398441708
S3_gaming,游戏（高 CPU/GPU 负载）,1.0,0.5,1007000013,3.8501950445050963,3.835014884633693,0.39583053333711254,cutoff,0.8989726092078576
S3_gaming,游戏（高 CPU/GPU 负载）,1.0,0.5,1007000014,3.8484956967663133,3.8338694087434297,0.3815019882922254,cutoff,0.902202868340631
S3_gaming,游戏（高 CPU/GPU 负载）,1.0,0.5,1007000015,3.844763749303652,3.822280239054219,0.588222444280957,cutoff,0.9088119012806115
S3_gaming,游戏（高 CPU/GPU 负载）,1.0,0.5,1007000016,3.849069557819546,3.8361797822808463,0.33600551252152433,cutoff,0.9091892760049995
S3_gaming,游戏（高 CPU/GPU 负载）,1.0,0.5,1007000017,3.84599445840216,3.8267478238579846,0.5029501663052247,cutoff,0.9067694655999099
S3_gaming,游戏（高 CPU/GPU 负载）,1.0,0.5,1007000018,3.844505516932755,3.8279116935785003,0.43349545868813444,cutoff,0.8988481698017509
S3_gaming,游戏（高 CPU/GPU 负载）,1.0,0.5,1007000019,3.8445759551399967,3.8298544503775878,0.38438810020463215,cutoff,0.8992973837937398
S3_gaming,游戏（高 CPU/GPU 负载）,1.0,0.5,1007000020,3.8516247629644225,3.8357184894157217,0.41468824139708205,cutoff,0.9019990851632856
S3_gaming,游戏（高 CPU/GPU 负载）,1.0,0.5,1007000021,3.8469352306651996,3.8356246859647185,0.29488142418804775,cutoff,0.8984240471180232
S3_gaming,游戏（高 CPU/GPU 负载）,1.0,0.5,1007000022,3.84411370129508,3.8206034997707174,0.6153530855995224,cutoff,0.9089473873895484
S3_gaming,游戏（高 CPU/GPU 负载）,1.0,0.5,1007000023,3.845382172422426,3.8334808467868817,0.3104574174544164,cutoff,0.906522868348841
S3_gaming,游戏（高 CPU/GPU 负载）,1.0,0.5,1007000024,3.836188665269686,3.8184926456830186,0.4634294531553831,cutoff,0.9045816768884927
S3_gaming,游戏（高 CPU/GPU 负载）,1.0,0.5,1007000025,3.8414925393123713,3.827099347427931,0.3760861837598659,cutoff,0.909008455464414
S3_gaming,游戏（高 CPU/GPU 负载）,1.0,0.5,1007000026,3.84371696810244,3.8309644322860232,0.3328805589773424,cutoff,0.9088592787273436
S3_gaming,游戏（高 CPU/GPU 负载）,1.0,0.5,1007000027,3.8487776235988553,3.8357996161058283,0.3383390372775136,cutoff,0.9040397273017534
S3_gaming,游戏（高 CPU/GPU 负载）,1.0,0.5,1007000028,3.8415188328199434,3.826499073932029,0.3925196007555914,cutoff,0.905293499183658
S3_gaming,游戏（高 CPU/GPU 负载）,1.0,0.5,1007000029,3.844151323811477,3.8286405502777683,0.4051248303417579,cutoff,0.9064766497301732
S3_gaming,游戏（高 CPU/GPU 负载）,1.0,0.5,1007000030,3.8453091200371716,3.828117518166261,0.44908762046432527,cutoff,0.9092363076628525
S3_gaming,游戏（高 CPU/GPU 负载）,1.0,0.5,1007000031,3.8547401048848364,3.839515502312769,0.3965240552589662,cutoff,0.9061443505003854
S3_gaming,游戏（高 CPU/GPU 负载）,1.0,0.5,1007000032,3.849369765064014,3.834186077568636,0.39600810154229005,cutoff,0.9086480849649792
S3_gaming,游戏（高 CPU/GPU 负载）,1.0,0.5,1007000033,3.849061997536511,3.831836493108038,0.4495365201374047,cutoff,0.9092286764665631
S3_gaming,游戏（高 CPU/GPU 负载）,1.0,0.5,1007000034,3.8496985452281334,3.8329757243875413,0.43628820120597434,cutoff,0.8997926934042718
S3_gaming,游戏（高 CPU/GPU 负载）,1.0,0.5,1007000035,3.846150183838368,3.838362222897996,0.2028980197312314,cutoff,0.8994369707921824
S3_gaming,游戏（高 CPU/GPU 负载）,1.0,0.5,1007000036,3.8416376179846212,3.8228508360155278,0.49143382190330215,cutoff,0.9060040648340913
S3_gaming,游戏（高 CPU/GPU 负载）,1.0,0.5,1007000037,3.8452940241386058,3.836865548664407,0.21967085808186498,cutoff,0.8995874321853154
S3_gaming,游戏（高 CPU/GPU 负载）,1.0,0.5,1007000038,3.850997757729341,3.832354564359191,0.4864683853506496,cutoff,0.9067563031261751
S3_gaming,游戏（高 CPU/GPU 负载）,1.0,0.5,1007000039,3.8459869492478767,3.8363051230753538,0.252373725809419,cutoff,0.9092956851959245
S3_gaming,游戏（高 CPU/GPU 负载）,1.0,0.5,1007000040,3.84660964000479,3.8308700186306353,0.41086284049337063,cutoff,0.9002983513292675
S3_gaming,游戏（高 CPU/GPU 负载）,1.0,0.5,1007000041,3.8434923317904772,3.8304762074897982,0.33980433751887923,cutoff,0.8982228944711931
S3_gaming,游戏（高 CPU/GPU 负载）,1.0,0.5,1007000042,3.847839138718864,3.8334999027237013,0.37405077237577594,cutoff,0.9026680261003404
S3_gaming,游戏（高 CPU/GPU 负载）,1.0,0.5,1007000043,3.845322991488801,3.8348496737432014,0.27310895176177186,cutoff,0.9090640933010969
S3_gaming,游戏（高 CPU/GPU 负载）,1.0,0.5,1007000044,3.8466051642334436,3.833068833517841,0.3531460379014263,cutoff,0.9093468891101915
S3_gaming,游戏（高 CPU/GPU 负载）,1.0,0.5,1007000045,3.8446263473843696,3.8309903569993033,0.3559390422414661,cutoff,0.9029104846108829
S3_gaming,游戏（高 CPU/GPU 负载）,1.0,0.5,1007000046,3.841666666666667,3.82996328342522,0.30557429341673026,cutoff,0.8974551293090619
S3_gaming,游戏（高 CPU/GPU 负载）,1.0,0.5,1007000047,3.8437071158474807,3.8307739208429914,0.3376131108682931,cutoff,0.8999963496081791
S3_gaming,游戏（高 CPU/GPU 负载）,1.0,0.5,1007000048,3.848116887378648,3.828025725813184,0.5248439536334628,cutoff,0.9090255095429232
S3_gaming,游戏（高 CPU/GPU 负载）,1.0,0.5,1007000049,3.8520995614637767,3.8305555555555557,0.5624250998520356,cutoff,0.9093413150877526
S3_gaming,游戏（高 CPU/GPU 负载）,1.0,0.5,1007000050,3.847748959164638,3.8379985829411813,0.25404845814155386,cutoff,0.9076121560017782
S3_gaming,游戏（高 CPU/GPU 负载）,1.0,0.5,1007000051,3.847862497998419,3.8280992372987135,0.5162682437054965,cutoff,0.9006345445571491
S3_gaming,游戏（高 CPU/GPU 负载）,1.0,0.5,1007000052,3.8515802700297312,3.8314005151334665,0.5266939547707875,cutoff,0.9017260319678319
S3_gaming,游戏（高 CPU/GPU 负载）,1.0,0.5,1007000053,3.847503208181625,3.8323355823156913,0.39578021131355695,cutoff,0.9036154315305915
S3_gaming,游戏（高 CPU/GPU 负载）,1.0,0.5,1007000054,3.846643537000021,3.8326039903564224,0.36631873992003805,cutoff,0.9047977527608966
S3_gaming,游戏（高 CPU/GPU 负载）,1.0,0.5,1007000055,3.843511756113861,3.8323225665774743,0.2919688868043181,cutoff,0.8992089109182955
S3_gaming,游戏（高 CPU/GPU 负载）,1.0,0.5,1007000056,3.8435280177205904,3.8354826762714787,0.20976086005771535,cutoff,0.8989013802339697
S3_gaming,游戏（高 CPU/GPU 负载）,1.0,0.5,1007000057,3.839050522061888,3.827777777777778,0.29449839929459687,cutoff,0.8979333248327791
S3_gaming,游戏（高 CPU/GPU 负载）,1.0,0.5,1007000058,3.8412575436118006,3.8273233361386505,0.36407186561896787,cutoff,0.901550886534969
S3_gaming,游戏（高 CPU/GPU 负载）,1.0,0.5,1007000059,3.846245569866753,3.829500772520737,0.4372579701816811,cutoff,0.9093451878073675
S3_gaming,游戏（高 CPU/GPU 负载）,1.0,0.5,1007000060,3.8465538640980865,3.828059109716785,0.4831365935378608,cutoff,0.8997000589709786
S3_gaming,游戏（高 CPU/GPU 负载）,1.0,0.5,1007000061,3.8431218672471554,3.825,0.47377430711517005,cutoff,0.9049031015396495
S3_gaming,游戏（高 CPU/GPU 负载）,1.0,0.5,1007000062,3.8424975966393733,3.8295033819752273,0.339318532144595,cutoff,0.8985970766146432
S3_gaming,游戏（高 CPU/GPU 负载）,1.0,0.5,1007000063,3.846615203404839,3.835630679141849,0.2863811764444328,cutoff,0.9007846221087642
S3_gaming,游戏（高 CPU/GPU 负载）,1.0,0.5,1007000064,3.8463592889527702,3.8345341169396456,0.30838614685640914,cutoff,0.898249003547879
S3_gaming,游戏（高 CPU/GPU 负载）,1.0,0.5,1007000065,3.848127779376334,3.832238987291269,0.4146085914202242,cutoff,0.9087014607786851
S3_gaming,游戏（高 CPU/GPU 负载）,1.0,0.5,1007000066,3.845316158615612,3.830159592922852,0.39571629654194534,cutoff,0.9092479240274706
S3_gaming,游戏（高 CPU/GPU 负载）,1.0,0.5,1007000067,3.8455912457585475,3.827343093780809,0.47678380355789773,cutoff,0.9087880306751566
S3_gaming,游戏（高 CPU/GPU 负载）,1.0,0.5,1007000068,3.8456156758686224,3.8281300404439396,0.45676701783764573,cutoff,0.9024984651199381
S3_gaming,游戏（高 CPU/GPU 负载）,1.0,0.5,1007000069,3.8429691875916685,3.829189695057221,0.35985400650780563,cutoff,0.9086843649897669
S3_gaming,游戏（高 CPU/GPU 负载）,1.0,0.5,1007000070,3.8459640634774668,3.825981796414217,0.522278153073746,cutoff,0.9027435437563398
S3_gaming,游戏（高 CPU/GPU 负载）,1.0,0.5,1007000071,3.845988613453595,3.8296493243079084,0.42665235801034224,cutoff,0.9090272655888212
S3_gaming,游戏（高 CPU/GPU 负载）,1.0,0.5,1007000072,3.848118842985771,3.827777777777778,0.531406638234939,cutoff,0.9087023287570597
S3_gaming,游戏（高 CPU/GPU 负载）,1.0,0.5,1007000073,3.844168490616457,3.8230105984641343,0.553435351730984,cutoff,0.9036643429769304
S3_gaming,游戏（高 CPU/GPU 负载）,1.0,0.5,1007000074,3.8421536499153373,3.8231420220709484,0.4972775725995774,cutoff,0.9050998716930017
S3_gaming,游戏（高 CPU/GPU 负载）,1.0,0.5,1007000075,3.8464080384956145,3.829767725386389,0.43449927782621767,cutoff,0.8989274645146451
S3_gaming,游戏（高 CPU/GPU 负载）,1.0,0.5,1007000076,3.8481465921932316,3.834381543562975,0.35899006068826916,cutoff,0.9077023766385635
S3_gaming,游戏（高 CPU/GPU 负载）,1.0,0.5,1007000077,3.8484869447394803,3.8321588946069243,0.42607967418926196,cutoff,0.9091295165814165
S3_gaming,游戏（高 CPU/GPU 负载）,1.0,0.5,1007000078,3.848069428414048,3.829558300514416,0.4833750121298684,cutoff,0.9092569703514138
S3_gaming,游戏（高 CPU/GPU 负载）,1.0,0.5,1007000079,3.8478555316883485,3.8305555555555557,0.4516309940395502,cutoff,0.9006218542108735
S3_gaming,游戏（高 CPU/GPU 负载）,2.0,0.5,1007000000,3.856172473950716,3.8326721009640696,0.6131589754504444,cutoff,0.9082252947877748
S3_gaming,游戏（高 CPU/GPU 负载）,2.0,0.5,1007000001,3.8561707309740862,3.8329679132130345,0.6053486041734601,cutoff,0.9092024459356297
S3_gaming,游戏（高 CPU/GPU 负载）,2.0,0.5,1007000002,3.855508525328665,3.8345062431168446,0.5477180340890201,cutoff,0.9080369157186058
S3_gaming,游戏（高 CPU/GPU 负载）,2.0,0.5,1007000003,3.8535131585272246,3.833287172515329,0.5276407715267448,cutoff,0.9081965727458392
S3_gaming,游戏（高 CPU/GPU 负载）,2.0,0.5,1007000004,3.8548489404503323,3.8243696394877147,0.7969758113313656,cutoff,0.9078863519642129
S3_gaming,游戏（高 CPU/GPU 负载）,2.0,0.5,1007000005,3.8541899408965086,3.8336050442502287,0.5369592435494562,cutoff,0.9001720952883261
S3_gaming,游戏（高 CPU/GPU 负载）,2.0,0.5,1007000006,3.8547750511719094,3.8353382935077645,0.5067807889866297,cutoff,0.9027375520845526
S3_gaming,游戏（高 CPU/GPU 负载）,2.0,0.5,1007000007,3.8535132348822514,3.833554222161602,0.5206398961378279,cutoff,0.9083373619474366
S3_gaming,游戏（高 CPU/GPU 负载）,2.0,0.5,1007000008,3.8501886688211506,3.821824665957783,0.7421586635309271,cutoff,0.9077299249477624
S3_gaming,游戏（高 CPU/GPU 负载）,2.0,0.5,1007000009,3.8544322092819727,3.825,0.7694695237117004,cutoff,0.9064656238139831
S3_gaming,游戏（高 CPU/GPU 负载）,2.0,0.5,1007000010,3.853503921993409,3.8313083968205444,0.5793197225074319,cutoff,0.9092165568428737
S3_gaming,游戏（高 CPU/GPU 负载）,2.0,0.5,1007000011,3.848837855865173,3.825099042997774,0.6206064888922355,cutoff,0.9088696208291276
S3_gaming,游戏（高 CPU/GPU 负载）,2.0,0.5,1007000012,3.851755641777385,3.83228406213566,0.508093328313285,cutoff,0.9085476388144492
S3_gaming,游戏（高 CPU/GPU 负载）,2.0,0.5,1007000013,3.8581689367383043,3.835014884633693,0.6037539045124927,cutoff,0.9091785399780129
S3_gaming,游戏（高 CPU/GPU 负载）,2.0,0.5,1007000014,3.854178587192659,3.8338694087434297,0.5297305746229302,cutoff,0.9086217234966056
S3_gaming,游戏（高 CPU/GPU 负载）,2.0,0.5,1007000015,3.853514832625339,3.822280239054219,0.8171717304236292,cutoff,0.9074804212241336
S3_gaming,游戏（高 CPU/GPU 负载）,2.0,0.5,1007000016,3.8567586401325156,3.8361797822808463,0.5364414344375131,cutoff,0.9077747820068417
S3_gaming,游戏（高 CPU/GPU 负载）,2.0,0.5,1007000017,3.8535233736730885,3.8267478238579846,0.6996946505900086,cutoff,0.9030929576734964
S3_gaming,游戏（高 CPU/GPU 负载）,2.0,0.5,1007000018,3.8561778230736112,3.8279116935785003,0.7384216710779594,cutoff,0.8995832568813426
S3_gaming,游戏（高 CPU/GPU 负载）,2.0,0.5,1007000019,3.844392480451145,3.8298544503775878,0.37959745629821645,cutoff,0.8969562591331379
S3_gaming,游戏（高 CPU/GPU 负载）,2.0,0.5,1007000020,3.858752615894075,3.8357184894157217,0.600516605739276,cutoff,0.8982010904698692
S3_gaming,游戏（高 CPU/GPU 负载）,2.0,0.5,1007000021,3.854183099400437,3.8356246859647185,0.4838433098949278,cutoff,0.9076407204133407
S3_gaming,游戏（高 CPU/GPU 负载）,2.0,0.5,1007000022,3.851512702743408,3.8206034997707174,0.8090136276780733,cutoff,0.9075635460695536
S3_gaming,游戏（高 CPU/GPU 负载）,2.0,0.5,1007000023,3.8528689888970935,3.8334808467868817,0.505758157797042,cutoff,0.9028316952059445
S3_gaming,游戏（高 CPU/GPU 负载）,2.0,0.5,1007000024,3.8448491598956527,3.8184926456830186,0.6902334679741056,cutoff,0.8995681580354764
S3_gaming,游戏（高 CPU/GPU 负载）,2.0,0.5,1007000025,3.85351004700589,3.827099347427931,0.6900970468850962,cutoff,0.9074979347081126
S3_gaming,游戏（高 CPU/GPU 负载）,2.0,0.5,1007000026,3.851773761023669,3.8309644322860232,0.5431877300209872,cutoff,0.9074683159168361
S3_gaming,游戏（高 CPU/GPU 负载）,2.0,0.5,1007000027,3.8557713354509433,3.8357996161058283,0.520666388860809,cutoff,0.9076742458203836
S3_gaming,游戏（高 CPU/GPU 负载）,2.0,0.5,1007000028,3.849520649152815,3.826499073932029,0.6016354577901306,cutoff,0.9010184675061829
S3_gaming,游戏（高 CPU/GPU 负载）,2.0,0.5,1007000029,3.8541839778083764,3.8286405502777683,0.6671670321402969,cutoff,0.9078586663289117
S3_gaming,游戏（高 CPU/GPU 负载）,2.0,0.5,1007000030,3.8514150466949104,3.828117518166261,0.608589689791174,cutoff,0.9073621068115555
S3_gaming,游戏（高 CPU/GPU 负载）,2.0,0.5,1007000031,3.8575197202305773,3.839515502312769,0.4689190057173395,cutoff,0.9039409683126807
S3_gaming,游戏（高 CPU/GPU 负载）,2.0,0.5,1007000032,3.85550609610392,3.834186077568636,0.5560507003041391,cutoff,0.9085130209349507
S3_gaming,游戏（高 CPU/GPU 负载）,2.0,0.5,1007000033,3.854757627887315,3.831836493108038,0.5981762223023581,cutoff,0.9078885071859301
S3_gaming,游戏（高 CPU/GPU 负载）,2.0,0.5,1007000034,3.8541800268720756,3.8329757243875413,0.5532073253065665,cutoff,0.9004071209634094
S3_gaming,游戏（高 CPU/GPU 负载）,2.0,0.5,1007000035,3.850171303149074,3.838362222897996,0.3076593496213024,cutoff,0.8997753169947474
S3_gaming,游戏（高 CPU/GPU 负载）,2.0,0.5,1007000036,3.855514223909007,3.8228508360155278,0.854424859734359,cutoff,0.9002745510553847
S3_gaming,游戏（高 CPU/GPU 负载）,2.0,0.5,1007000037,3.85,3.836865548664407,0.342322428789951,cutoff,0.8960678955253774
S3_gaming,游戏（高 CPU/GPU 负载）,2.0,0.5,1007000038,3.8561799480945393,3.832354564359191,0.6216904864942271,cutoff,0.9075048453566495
S3_gaming,游戏（高 CPU/GPU 负载）,2.0,0.5,1007000039,3.8568390754470037,3.8363051230753538,0.5352533678340206,cutoff,0.9092614202318297
S3_gaming,游戏（高 CPU/GPU 负载）,2.0,0.5,1007000040,3.8541900829038482,3.8308700186306353,0.6087406818764596,cutoff,0.9011880545550446
S3_gaming,游戏（高 CPU/GPU 负载）,2.0,0.5,1007000041,3.856834486837751,3.8304762074897982,0.6881201688817192,cutoff,0.9092617622601721
S3_gaming,游戏（高 CPU/GPU 负载）,2.0,0.5,1007000042,3.8541357258811098,3.8334999027237013,0.5383024307042936,cutoff,0.8988239297794356
S3_gaming,游戏（高 CPU/GPU 负载）,2.0,0.5,1007000043,3.8494306333092214,3.8348496737432014,0.38022245476411387,cutoff,0.9077412441578286
S3_gaming,游戏（高 CPU/GPU 负载）,2.0,0.5,1007000044,3.854839602704563,3.833068833517841,0.5679722992801457,cutoff,0.9085465989001751
S3_gaming,游戏（高 CPU/GPU 负载）,2.0,0.5,1007000045,3.8534732065642454,3.8309903569993033,0.5868678192798216,cutoff,0.8985656392192732
S3_gaming,游戏（高 CPU/GPU 负载）,2.0,0.5,1007000046,3.854853179844597,3.82996328342522,0.6498729772969862,cutoff,0.9024972579184916
S3_gaming,游戏（高 CPU/GPU 负载）,2.0,0.5,1007000047,3.8537524866581148,3.8307739208429914,0.5998413451156301,cutoff,0.9092433730182691
S3_gaming,游戏（高 CPU/GPU 负载）,2.0,0.5,1007000048,3.8561698701764664,3.828025725813184,0.7352130413727497,cutoff,0.9092066539336197
S3_gaming,游戏（高 CPU/GPU 负载）,2.0,0.5,1007000049,3.85708528518234,3.8305555555555557,0.6925817741582571,cutoff,0.9092842191061583
S3_gaming,游戏（高 CPU/GPU 负载）,2.0,0.5,1007000050,3.850691085867799,3.8379985829411813,0.3307062952819263,cutoff,0.9052672676192438
S3_gaming,游戏（高 CPU/GPU 负载）,2.0,0.5,1007000051,3.85,3.8280992372987135,0.5721054064612183,cutoff,0.8965268819679275
S3_gaming,游戏（高 CPU/GPU 负载）,2.0,0.5,1007000052,3.8575152841801037,3.8314005151334665,0.6815985158295967,cutoff,0.8997014142970018
S3_gaming,游戏（高 CPU/GPU 负载）,2.0,0.5,1007000053,3.8537645043004143,3.8323355823156913,0.5591608961283755,cutoff,0.9085003638636907
S3_gaming,游戏（高 CPU/GPU 负载）,2.0,0.5,1007000054,3.8548616392090613,3.8326039903564224,0.5807448123689142,cutoff,0.9007630975083106
S3_gaming,游戏（高 CPU/GPU 负载）,2.0,0.5,1007000055,3.8508596313721957,3.8323225665774743,0.48370314535595726,cutoff,0.907126535190815
S3_gaming,游戏（高 CPU/GPU 负载）,2.0,0.5,1007000056,3.848836206965257,3.8354826762714787,0.3481577632038568,cutoff,0.9092956438165303
S3_gaming,游戏（高 CPU/GPU 负载）,2.0,0.5,1007000057,3.8528558013785275,3.827777777777778,0.655158816855575,cutoff,0.9061177552969754
S3_gaming,游戏（高 CPU/GPU 负载）,2.0,0.5,1007000058,3.8472222222222223,3.8273233361386505,0.519916514386987,cutoff,0.8964194139752141
S3_gaming,游戏（高 CPU/GPU 负载）,2.0,0.5,1007000059,3.854174979053921,3.829500772520737,0.6443191423341164,cutoff,0.9081312946000493
S3_gaming,游戏（高 CPU/GPU 负载）,2.0,0.5,1007000060,3.852777777777778,3.828059109716785,0.6457232595559778,cutoff,0.8959539319703722
S3_gaming,游戏（高 CPU/GPU 负载）,2.0,0.5,1007000061,3.8521790061601147,3.825,0.7105622525520126,cutoff,0.900473178836366
S3_gaming,游戏（高 CPU/GPU 负载）,2.0,0.5,1007000062,3.850443067750466,3.8295033819752273,0.5467989889706825,cutoff,0.9073321604246661
S3_gaming,游戏（高 CPU/GPU 负载）,2.0,0.5,1007000063,3.8477197228715436,3.835630679141849,0.31517746991217743,cutoff,0.8966473923908714
S3_gaming,游戏（高 CPU/GPU 负载）,2.0,0.5,1007000064,3.858184178143658,3.8345341169396456,0.6167649180518353,cutoff,0.9025243805675589
S3_gaming,游戏（高 CPU/GPU 负载）,2.0,0.5,1007000065,3.8555163570397077,3.832238987291269,0.607409136685701,cutoff,0.9077839398270082
S3_gaming,游戏（高 CPU/GPU 负载）,2.0,0.5,1007000066,3.850089971721237,3.830159592922852,0.5203537428364946,cutoff,0.9080731904187588
S3_gaming,游戏（高 CPU/GPU 负载）,2.0,0.5,1007000067,3.854200965614588,3.827343093780809,0.7017367185455996,cutoff,0.9069570419741652
S3_gaming,游戏（高 CPU/GPU 负载）,2.0,0.5,1007000068,3.850419989164999,3.8281300404439396,0.5822672815595982,cutoff,0.8990603238826427
S3_gaming,游戏（高 CPU/GPU 负载）,2.0,0.5,1007000069,3.848021403760682,3.829189695057221,0.4917935700017452,cutoff,0.9079986945103811
S3_gaming,游戏（高 CPU/GPU 负载）,2.0,0.5,1007000070,3.851481658514682,3.825981796414217,0.6664919870858804,cutoff,0.8991086397562094
S3_gaming,游戏（高 CPU/GPU 负载）,2.0,0.5,1007000071,3.8561683924905465,3.8296493243079084,0.6924672714630515,cutoff,0.9092079327782763
S3_gaming,游戏（高 CPU/GPU 负载）,2.0,0.5,1007000072,3.8511019301223692,3.827777777777778,0.6093392484798884,cutoff,0.9074067480136342
S3_gaming,游戏（高 CPU/GPU 负载）,2.0,0.5,1007000073,3.850862827479683,3.8230105984641343,0.7285417682791132,cutoff,0.8998932465020022
S3_gaming,游戏（高 CPU/GPU 负载）,2.0,0.5,1007000074,3.854169289641459,3.8231420220709484,0.8115646081518957,cutoff,0.8996149970996601
S3_gaming,游戏（高 CPU/GPU 负载）,2.0,0.5,1007000075,3.852845115456346,3.829767725386389,0.6025793657663329,cutoff,0.9082791938337835
S3_gaming,游戏（高 CPU/GPU 负载）,2.0,0.5,1007000076,3.855099846132892,3.834381543562975,0.5403297072691644,cutoff,0.907876603513367
S3_gaming,游戏（高 CPU/GPU 负载）,2.0,0.5,1007000077,3.8548393356708694,3.8321588946069243,0.5918450066322622,cutoff,0.9085612901790329
S3_gaming,游戏（高 CPU/GPU 负载）,2.0,0.5,1007000078,3.85483387759057,3.829558300514416,0.6600128550793682,cutoff,0.9084639754929867
S3_gaming,游戏（高 CPU/GPU 负载）,2.0,0.5,1007000079,3.85,3.8305555555555557,0.5076142131979677,cutoff,0.8965026581700453
S3_gaming,游戏（高 CPU/GPU 负载）,4.0,0.5,1007000000,3.8590769605888346,3.8326721009640696,0.6889412641932804,cutoff,0.909213695664359
S3_gaming,游戏（高 CPU/GPU 负载）,4.0,0.5,1007000001,3.860581811004903,3.8329679132130345,0.7204312276311442,cutoff,0.9093465696137623
S3_gaming,游戏（高 CPU/GPU 负载）,4.0,0.5,1007000002,3.859077742187878,3.8345062431168446,0.6407995583561904,cutoff,0.9072645172492332
S3_gaming,游戏（高 CPU/GPU 负载）,4.0,0.5,1007000003,3.8583354928879463,3.833287172515329,0.6534423132243719,cutoff,0.9056755666196492
S3_gaming,游戏（高 CPU/GPU 负载）,4.0,0.5,1007000004,3.857584939652398,3.8243696394877147,0.8685169922312318,cutoff,0.905390162613827
S3_gaming,游戏（高 CPU/GPU 负载）,4.0,0.5,1007000005,3.8568187545691313,3.8336050442502287,0.605532131008624,cutoff,0.8965119703837863
S3_gaming,游戏（高 CPU/GPU 负载）,4.0,0.5,1007000006,3.856662304558215,3.8353382935077645,0.5559877491523162,cutoff,0.9054966122910811
S3_gaming,游戏（高 CPU/GPU 负载）,4.0,0.5,1007000007,3.859083895923328,3.833554222161602,0.6659531151050433,cutoff,0.9058353458897577
S3_gaming,游戏（高 CPU/GPU 负载）,4.0,0.5,1007000008,3.8560913107771877,3.821824665957783,0.8966043137621842,cutoff,0.9051460441813396
S3_gaming,游戏（高 CPU/GPU 负载）,4.0,0.5,1007000009,3.8598273501114124,3.825,0.9105189571611044,cutoff,0.9092801947104507
S3_gaming,游戏（高 CPU/GPU 负载）,4.0,0.5,1007000010,3.860578097631846,3.8313083968205444,0.7639609705026995,cutoff,0.9093463995344643
S3_gaming,游戏（高 CPU/GPU 负载）,4.0,0.5,1007000011,3.8538199800110444,3.825099042997774,0.750854727953958,cutoff,0.9084443065463035
S3_gaming,游戏（高 CPU/GPU 负载）,4.0,0.5,1007000012,3.856076681185374,3.83228406213566,0.6208469587313105,cutoff,0.9060492126181401
S3_gaming,游戏（高 CPU/GPU 负载）,4.0,0.5,1007000013,3.8598290839861837,3.835014884633693,0.647043104106773,cutoff,0.9067800607619774
S3_gaming,游戏（高 CPU/GPU 负载）,4.0,0.5,1007000014,3.857580224372605,3.8338694087434297,0.6184565278906187,cutoff,0.9061281640332677
S3_gaming,游戏（高 CPU/GPU 负载）,4.0,0.5,1007000015,3.8598283006463476,3.822280239054219,0.9823471656651548,cutoff,0.9092801575393195
S3_gaming,游戏（高 CPU/GPU 负载）,4.0,0.5,1007000016,3.859089686521591,3.8361797822808463,0.5972062192331204,cutoff,0.9053094010782624
S3_gaming,游戏（高 CPU/GPU 负载）,4.0,0.5,1007000017,3.859847522822934,3.8267478238579846,0.8649563673516271,cutoff,0.8986182279700256
S3_gaming,游戏（高 CPU/GPU 负载）,4.0,0.5,1007000018,3.8598478386598676,3.8279116935785003,0.8342968082294504,cutoff,0.9014027603895196
S3_gaming,游戏（高 CPU/GPU 负载）,4.0,0.5,1007000019,3.855317753825911,3.8298544503775878,0.6648634766214864,cutoff,0.9068802098211317
S3_gaming,游戏（高 CPU/GPU 负载）,4.0,0.5,1007000020,3.8610738742113404,3.8357184894157217,0.6610335160305519,cutoff,0.894707306500258
S3_gaming,游戏（高 CPU/GPU 负载）,4.0,0.5,1007000021,3.856826340884873,3.8356246859647185,0.5527562432720665,cutoff,0.9064010134406842
S3_gaming,游戏（高 CPU/GPU 负载）,4.0,0.5,1007000022,3.8568359806023453,3.8206034997707174,0.9483444391390595,cutoff,0.9050090491141604
S3_gaming,游戏（高 CPU/GPU 负载）,4.0,0.5,1007000023,3.855341645395386,3.8334808467868817,0.5702597582254141,cutoff,0.9014991655606375
S3_gaming,游戏（高 CPU/GPU 负载）,4.0,0.5,1007000024,3.852777777777778,3.8184926456830186,0.8978708426614405,cutoff,0.8934780830508352
S3_gaming,游戏（高 CPU/GPU 负载）,4.0,0.5,1007000025,3.8590919024307304,3.827099347427931,0.8359478575935237,cutoff,0.9049459429615401
S3_gaming,游戏（高 CPU/GPU 负载）,4.0,0.5,1007000026,3.85682891239225,3.8309644322860232,0.6751427888040386,cutoff,0.9062046981558172
S3_gaming,游戏（高 CPU/GPU 负载）,4.0,0.5,1007000027,3.8593297173532837,3.8357996161058283,0.6134340581467479,cutoff,0.9092360510867636
S3_gaming,游戏（高 CPU/GPU 负载）,4.0,0.5,1007000028,3.8538119595436777,3.826499073932029,0.7137826269897027,cutoff,0.8967528070887041
S3_gaming,游戏（高 CPU/GPU 负载）,4.0,0.5,1007000029,3.858339830840919,3.8286405502777683,0.7757134725273744,cutoff,0.9053378253863115
S3_gaming,游戏（高 CPU/GPU 负载）,4.0,0.5,1007000030,3.8560729150022865,3.828117518166261,0.7302648548108556,cutoff,0.9072089266916021
S3_gaming,游戏（高 CPU/GPU 负载）,4.0,0.5,1007000031,3.859081058237372,3.839515502312769,0.509583980395895,cutoff,0.9060734281416888
S3_gaming,游戏（高 CPU/GPU 负载）,4.0,0.5,1007000032,3.8613314037657265,3.834186077568636,0.7079814502457391,cutoff,0.9091674298256017
S3_gaming,游戏（高 CPU/GPU 负载）,4.0,0.5,1007000033,3.8590787623221092,3.831836493108038,0.7109455025826217,cutoff,0.9092138352763846
S3_gaming,游戏（高 CPU/GPU 负载）,4.0,0.5,1007000034,3.8582991094266927,3.8329757243875413,0.6606716780915114,cutoff,0.8963454759977815
S3_gaming,游戏（高 CPU/GPU 负载）,4.0,0.5,1007000035,3.8545701384823365,3.838362222897996,0.4222612313046191,cutoff,0.9063251136618254
S3_gaming,游戏（高 CPU/GPU 负载）,4.0,0.5,1007000036,3.85756581822292,3.8228508360155278,0.9080914661994789,cutoff,0.8968144504280562
S3_gaming,游戏（高 CPU/GPU 负载）,4.0,0.5,1007000037,3.856843020278132,3.836865548664407,0.5206716618120467,cutoff,0.9016285541141004
S3_gaming,游戏（高 CPU/GPU 负载）,4.0,0.5,1007000038,3.8583385662356253,3.832354564359191,0.6780166459044517,cutoff,0.9050356645146515
S3_gaming,游戏（高 CPU/GPU 负载）,4.0,0.5,1007000039,3.860581622774368,3.8363051230753538,0.6328094069731608,cutoff,0.9093465587984447
S3_gaming,游戏（高 CPU/GPU 负载）,4.0,0.5,1007000040,3.8575850381798107,3.8308700186306353,0.6973616807475201,cutoff,0.9055942856584717
S3_gaming,游戏（高 CPU/GPU 负载）,4.0,0.5,1007000041,3.860582561523823,3.8304762074897982,0.785968960599657,cutoff,0.9093466348266774
S3_gaming,游戏（高 CPU/GPU 负载）,4.0,0.5,1007000042,3.8573648870071864,3.8334999027237013,0.6225377563340742,cutoff,0.8948895840822024
S3_gaming,游戏（高 CPU/GPU 负载）,4.0,0.5,1007000043,3.853654051190002,3.8348496737432014,0.4903550085822731,cutoff,0.9066839117272474
S3_gaming,游戏（高 CPU/GPU 负载）,4.0,0.5,1007000044,3.858330912753801,3.833068833517841,0.6590562375258882,cutoff,0.9060901843889332
S3_gaming,游戏（高 CPU/GPU 负载）,4.0,0.5,1007000045,3.8565393316630106,3.8309903569993033,0.6669026095831504,cutoff,0.8946190675491774
S3_gaming,游戏（高 CPU/GPU 负载）,4.0,0.5,1007000046,3.8583498169014177,3.82996328342522,0.7411698592267179,cutoff,0.8987600740849325
S3_gaming,游戏（高 CPU/GPU 负载）,4.0,0.5,1007000047,3.855322262938821,3.8307739208429914,0.6408193906266237,cutoff,0.9068869648677302
S3_gaming,游戏（高 CPU/GPU 负载）,4.0,0.5,1007000048,3.8568272673723576,3.828025725813184,0.7523863114335602,cutoff,0.9069927310972377
S3_gaming,游戏（高 CPU/GPU 负载）,4.0,0.5,1007000049,3.858580385381602,3.8305555555555557,0.7316126713108552,cutoff,0.9091703062121717
S3_gaming,游戏（高 CPU/GPU 负载）,4.0,0.5,1007000050,3.8568407538821785,3.8379985829411813,0.4909374126594336,cutoff,0.900640506672338
S3_gaming,游戏（高 CPU/GPU 负载）,4.0,0.5,1007000051,3.8613427818721666,3.8280992372987135,0.8684086412794079,cutoff,0.9053369054105661
S3_gaming,游戏（高 CPU/GPU 负载）,4.0,0.5,1007000052,3.8613315240119177,3.8314005151334665,0.7812028202279603,cutoff,0.9091673611317869
S3_gaming,游戏（高 CPU/GPU 负载）,4.0,0.5,1007000053,3.8568368078961535,3.8323355823156913,0.6393288127877703,cutoff,0.9060228104598721
S3_gaming,游戏（高 CPU/GPU 负载）,4.0,0.5,1007000054,3.858324772147318,3.8326039903564224,0.6711046029178662,cutoff,0.9073620464042422
S3_gaming,游戏（高 CPU/GPU 负载）,4.0,0.5,1007000055,3.8560911564165052,3.8323225665774743,0.6202137065998058,cutoff,0.9030271899267994
S3_gaming,游戏（高 CPU/GPU 负载）,4.0,0.5,1007000056,3.854573371475201,3.8354826762714787,0.4977390543784368,cutoff,0.9069261625277757
S3_gaming,游戏（高 CPU/GPU 负载）,4.0,0.5,1007000057,3.8590792767463946,3.827777777777778,0.8177459817635705,cutoff,0.9092140779208925
S3_gaming,游戏（高 CPU/GPU 负载）,4.0,0.5,1007000058,3.855323306391541,3.8273233361386505,0.7315809978348801,cutoff,0.9073986587753967
S3_gaming,游戏（高 CPU/GPU 负载）,4.0,0.5,1007000059,3.85532931237021,3.829500772520737,0.6744623224732096,cutoff,0.9057062868344788
S3_gaming,游戏（高 CPU/GPU 负载）,4.0,0.5,1007000060,3.858329026907641,3.828059109716785,0.7907379777397245,cutoff,0.9093930444641011
S3_gaming,游戏（高 CPU/GPU 负载）,4.0,0.5,1007000061,3.857572542931249,3.825,0.8515697498365723,cutoff,0.9082545220112966
S3_gaming,游戏（高 CPU/GPU 负载）,4.0,0.5,1007000062,3.855351910752918,3.8295033819752273,0.6749838347017825,cutoff,0.9032560859962727
S3_gaming,游戏（高 CPU/GPU 负载）,4.0,0.5,1007000063,3.860580656248675,3.835630679141849,0.6504791309159123,cutoff,0.9093464728804729
S3_gaming,游戏（高 CPU/GPU 负载）,4.0,0.5,1007000064,3.8605796003198396,3.8345341169396456,0.6792346237091497,cutoff,0.9093464465594343
S3_gaming,游戏（高 CPU/GPU 负载）,4.0,0.5,1007000065,3.859838281489026,3.832238987291269,0.7201871879411448,cutoff,0.9057043712147438
S3_gaming,游戏（高 CPU/GPU 负载）,4.0,0.5,1007000066,3.854572258569087,3.830159592922852,0.6373798546500167,cutoff,0.9071240392252065
S3_gaming,游戏（高 CPU/GPU 负载）,4.0,0.5,1007000067,3.856849416746677,3.827343093780809,0.7709348820547136,cutoff,0.9049649268234272
S3_gaming,游戏（高 CPU/GPU 负载）,4.0,0.5,1007000068,3.8542813502834963,3.8281300404439396,0.6831353575576029,cutoff,0.8945980200058553
S3_gaming,游戏（高 CPU/GPU 负载）,4.0,0.5,1007000069,3.850333329853176,3.829189695057221,0.5521699492518578,cutoff,0.9055267238766109
S3_gaming,游戏（高 CPU/GPU 负载）,4.0,0.5,1007000070,3.853696090877715,3.825981796414217,0.724370787374692,cutoff,0.8953601426014725
S3_gaming,游戏（高 CPU/GPU 负载）,4.0,0.5,1007000071,3.8598285504185426,3.8296493243079084,0.7880415034107109,cutoff,0.9092801582464995
S3_gaming,游戏（高 CPU/GPU 负载）,4.0,0.5,1007000072,3.8545715247502876,3.827777777777778,0.6999817786722415,cutoff,0.9059274110126453
S3_gaming,游戏（高 CPU/GPU 负载）,4.0,0.5,1007000073,3.854509760301144,3.8230105984641343,0.8239360322376372,cutoff,0.8957475388967499
S3_gaming,游戏（高 CPU/GPU 负载）,4.0,0.5,1007000074,3.8560782136640364,3.8231420220709484,0.8614953722081921,cutoff,0.9091941195045075
S3_gaming,游戏（高 CPU/GPU 负载）,4.0,0.5,1007000075,3.859079015576753,3.829767725386389,0.7653542536292277,cutoff,0.9092141510747889
S3_gaming,游戏（高 CPU/GPU 负载）,4.0,0.5,1007000076,3.857832587482626,3.834381543562975,0.6115991236975226,cutoff,0.9060076508585231
S3_gaming,游戏（高 CPU/GPU 负载）,4.0,0.5,1007000077,3.857580471900164,3.8321588946069243,0.6633748232364759,cutoff,0.9061171595150291
S3_gaming,游戏（高 CPU/GPU 负载）,4.0,0.5,1007000078,3.859081063330425,3.829558300514416,0.7709182234422008,cutoff,0.9059711641276504
S3_gaming,游戏（高 CPU/GPU 负载）,4.0,0.5,1007000079,3.8583285391032223,3.8305555555555557,0.7250380041450296,cutoff,0.9093928289519142
S5_burst_recovery,高负载→休止：恢复效应演示,0.5,0.5,1007000000,10.037117245354802,10.037117245354802,0.0,cutoff,0.8960685776202822
S5_burst_recovery,高负载→休止：恢复效应演示,0.5,0.5,1007000001,10.034921392208688,10.034921392208688,0.0,cutoff,0.8857890204066691
S5_burst_recovery,高负载→休止：恢复效应演示,0.5,0.5,1007000002,10.041107543874567,10.041107543874567,0.0,cutoff,0.8956535465258695
S5_burst_recovery,高负载→休止：恢复效应演示,0.5,0.5,1007000003,10.032231311702457,10.032231311702457,0.0,cutoff,0.8858383495685958
S5_burst_recovery,高负载→休止：恢复效应演示,0.5,0.5,1007000004,10.027777777777779,10.027777777777779,0.0,cutoff,0.8835642465600435
S5_burst_recovery,高负载→休止：恢复效应演示,0.5,0.5,1007000005,10.037827001777003,10.037827001777003,0.0,cutoff,0.896135280407217
S5_burst_recovery,高负载→休止：恢复效应演示,0.5,0.5,1007000006,10.032007907292678,10.032007907292678,0.0,cutoff,0.8957798843895204
S5_burst_recovery,高负载→休止：恢复效应演示,0.5,0.5,1007000007,10.033847953228287,10.033847953228287,0.0,cutoff,0.8851544994327442
S5_burst_recovery,高负载→休止：恢复效应演示,0.5,0.5,1007000008,10.035453705537723,10.035453705537723,0.0,cutoff,0.8960001264775078
S5_burst_recovery,高负载→休止：恢复效应演示,0.5,0.5,1007000009,10.032731617743694,10.032731617743694,0.0,cutoff,0.8859289035385037
S5_burst_recovery,高负载→休止：恢复效应演示,0.5,0.5,1007000010,10.036403424220591,10.036403424220591,0.0,cutoff,0.8957332565511845
S5_burst_recovery,高负载→休止：恢复效应演示,0.5,0.5,1007000011,10.026226408706073,10.026226408706073,0.0,cutoff,0.89544646751005
S5_burst_recovery,高负载→休止：恢复效应演示,0.5,0.5,1007000012,10.027265327361055,10.027265327361055,0.0,cutoff,0.8841634606894541
S5_burst_recovery,高负载→休止：恢复效应演示,0.5,0.5,1007000013,10.032376983098244,10.032376983098244,0.0,cutoff,0.895818750404959
S5_burst_recovery,高负载→休止：恢复效应演示,0.5,0.5,1007000014,10.041572786565379,10.041572786565379,0.0,cutoff,0.8963636164846425
S5_burst_recovery,高负载→休止：恢复效应演示,0.5,0.5,1007000015,10.027777777777779,10.027777777777779,0.0,cutoff,0.8833593956570445
S5_burst_recovery,高负载→休止：恢复效应演示,0.5,0.5,1007000016,10.029803159520789,10.029803159520789,0.0,cutoff,0.8955517244590492
S5_burst_recovery,高负载→休止：恢复效应演示,0.5,0.5,1007000017,10.027777777777779,10.027777777777779,0.0,cutoff,0.8833388470884298
S5_burst_recovery,高负载→休止：恢复效应演示,0.5,0.5,1007000018,10.025994458042161,10.025994458042161,0.0,cutoff,0.8954134800671898
S5_burst_recovery,高负载→休止：恢复效应演示,0.5,0.5,1007000019,10.030058080561838,10.030058080561838,0.0,cutoff,0.8955811747910072
S5_burst_recovery,高负载→休止：恢复效应演示,0.5,0.5,1007000020,10.031668254629622,10.031668254629622,0.0,cutoff,0.895776171797771
S5_burst_recovery,高负载→休止：恢复效应演示,0.5,0.5,1007000021,10.034471051092563,10.034471051092563,0.0,cutoff,0.8846461005496357
S5_burst_recovery,高负载→休止：恢复效应演示,0.5,0.5,1007000022,10.035160826157696,10.035160826157696,0.0,cutoff,0.8844951920199282
S5_burst_recovery,高负载→休止：恢复效应演示,0.5,0.5,1007000023,10.036452646088467,10.036452646088467,0.0,cutoff,0.8866723209067849
S5_burst_recovery,高负载→休止：恢复效应演示,0.5,0.5,1007000024,10.026984048054228,10.026984048054228,0.0,cutoff,0.8955179089940135
S5_burst_recovery,高负载→休止：恢复效应演示,0.5,0.5,1007000025,10.02137585934647,10.02137585934647,0.0,cutoff,0.8837395567664672
S5_burst_recovery,高负载→休止：恢复效应演示,0.5,0.5,1007000026,10.025099566061742,10.025099566061742,0.0,cutoff,0.8846889091965872
S5_burst_recovery,高负载→休止：恢复效应演示,0.5,0.5,1007000027,10.036298160262442,10.036298160262442,0.0,cutoff,0.883777666401332
S5_burst_recovery,高负载→休止：恢复效应演示,0.5,0.5,1007000028,10.030705921336379,10.030705921336379,0.0,cutoff,0.8841709282095985
S5_burst_recovery,高负载→休止：恢复效应演示,0.5,0.5,1007000029,10.041587802292595,10.041587802292595,0.0,cutoff,0.8847797282186705
S5_burst_recovery,高负载→休止：恢复效应演示,0.5,0.5,1007000030,10.034039631120944,10.034039631120944,0.0,cutoff,0.8958776060073814
S5_burst_recovery,高负载→休止：恢复效应演示,0.5,0.5,1007000031,10.04111647342162,10.04111647342162,0.0,cutoff,0.8963196872190066
S5_burst_recovery,高负载→休止：恢复效应演示,0.5,0.5,1007000032,10.0303976750283,10.0303976750283,0.0,cutoff,0.895540942679037
S5_burst_recovery,高负载→休止：恢复效应演示,0.5,0.5,1007000033,10.030555555555555,10.030555555555555,0.0,cutoff,0.8837024330856901
S5_burst_recovery,高负载→休止：恢复效应演示,0.5,0.5,1007000034,10.03154797659272,10.03154797659272,0.0,cutoff,0.8956662677995729
S5_burst_recovery,高负载→休止：恢复效应演示,0.5,0.5,1007000035,10.03682162634855,10.03682162634855,0.0,cutoff,0.8960378519006333
S5_burst_recovery,高负载→休止：恢复效应演示,0.5,0.5,1007000036,10.027850999215389,10.027850999215389,0.0,cutoff,0.8842289859941121
S5_burst_recovery,高负载→休止：恢复效应演示,0.5,0.5,1007000037,10.039603198404794,10.039603198404794,0.0,cutoff,0.8850212707382604
S5_burst_recovery,高负载→休止：恢复效应演示,0.5,0.5,1007000038,10.033953287924277,10.033953287924277,0.0,cutoff,0.88475296946406
S5_burst_recovery,高负载→休止：恢复效应演示,0.5,0.5,1007000039,10.037474954354447,10.037474954354447,0.0,cutoff,0.8960741591036121
S5_burst_recovery,高负载→休止：恢复效应演示,0.5,0.5,1007000040,10.02334225524349,10.02334225524349,0.0,cutoff,0.895304930152161
S5_burst_recovery,高负载→休止：恢复效应演示,0.5,0.5,1007000041,10.031714813513556,10.031714813513556,0.0,cutoff,0.8957421444069936
S5_burst_recovery,高负载→休止：恢复效应演示,0.5,0.5,1007000042,10.039308032881038,10.039308032881038,0.0,cutoff,0.8961267861938885
S5_burst_recovery,高负载→休止：恢复效应演示,0.5,0.5,1007000043,10.039210206417547,10.039210206417547,0.0,cutoff,0.8961115652006568
S5_burst_recovery,高负载→休止：恢复效应演示,0.5,0.5,1007000044,10.033333333333333,10.033333333333333,0.0,cutoff,0.8842674927022881
S5_burst_recovery,高负载→休止：恢复效应演示,0.5,0.5,1007000045,10.030210722325913,10.030210722325913,0.0,cutoff,0.8957575114517792
S5_burst_recovery,高负载→休止：恢复效应演示,0.5,0.5,1007000046,10.022222222222222,10.022222222222222,0.0,cutoff,0.8835758802636869
S5_burst_recovery,高负载→休止：恢复效应演示,0.5,0.5,1007000047,10.034557271395244,10.034557271395244,0.0,cutoff,0.8959176517506089
S5_burst_recovery,高负载→休止：恢复效应演示,0.5,0.5,1007000048,10.035439023908154,10.035439023908154,0.0,cutoff,0.8847097851319068
S5_burst_recovery,高负载→休止：恢复效应演示,0.5,0.5,1007000049,10.040938355907658,10.040938355907658,0.0,cutoff,0.8962891337537513
S5_burst_recovery,高负载→休止：恢复效应演示,0.5,0.5,1007000050,10.042152561239224,10.042152561239224,0.0,cutoff,0.8963093667327588
S5_burst_recovery,高负载→休止：恢复效应演示,0.5,0.5,1007000051,10.033478973519333,10.033478973519333,0.0,cutoff,0.8843760182621726
S5_burst_recovery,高负载→休止：恢复效应演示,0.5,0.5,1007000052,10.035858916973467,10.035858916973467,0.0,cutoff,0.8957417157090928
S5_burst_recovery,高负载→休止：恢复效应演示,0.5,0.5,1007000053,10.027777777777779,10.027777777777779,0.0,cutoff,0.8837471152594448
S5_burst_recovery,高负载→休止：恢复效应演示,0.5,0.5,1007000054,10.03888888888889,10.03888888888889,0.0,cutoff,0.8843334455457605
S5_burst_recovery,高负载→休止：恢复效应演示,0.5,0.5,1007000055,10.032059152934458,10.032059152934458,0.0,cutoff,0.8958386974999569
S5_burst_recovery,高负载→休止：恢复效应演示,0.5,0.5,1007000056,10.029622103296855,10.029622103296855,0.0,cutoff,0.8956845773585594
S5_burst_recovery,高负载→休止：恢复效应演示,0.5,0.5,1007000057,10.028990809306057,10.028990809306057,0.0,cutoff,0.8956117642149412
S5_burst_recovery,高负载→休止：恢复效应演示,0.5,0.5,1007000058,10.028474001242204,10.028474001242204,0.0,cutoff,0.8955796048908444
S5_burst_recovery,高负载→休止：恢复效应演示,0.5,0.5,1007000059,10.029292966775667,10.029292966775667,0.0,cutoff,0.8956415472590094
S5_burst_recovery,高负载→休止：恢复效应演示,0.5,0.5,1007000060,10.02877749714636,10.02877749714636,0.0,cutoff,0.8956457187366201
S5_burst_recovery,高负载→休止：恢复效应演示,0.5,0.5,1007000061,10.034315026027906,10.034315026027906,0.0,cutoff,0.8854701609257712
S5_burst_recovery,高负载→休止：恢复效应演示,0.5,0.5,1007000062,10.03294582079837,10.03294582079837,0.0,cutoff,0.8959009754830303
S5_burst_recovery,高负载→休止：恢复效应演示,0.5,0.5,1007000063,10.041775116976465,10.041775116976465,0.0,cutoff,0.8849721796884065
S5_burst_recovery,高负载→休止：恢复效应演示,0.5,0.5,1007000064,10.033239094799914,10.033239094799914,0.0,cutoff,0.8848678954281642
S5_burst_recovery,高负载→休止：恢复效应演示,0.5,0.5,1007000065,10.02139934775036,10.02139934775036,0.0,cutoff,0.8838013853608846
S5_burst_recovery,高负载→休止：恢复效应演示,0.5,0.5,1007000066,10.034333124157362,10.034333124157362,0.0,cutoff,0.8847696799777649
S5_burst_recovery,高负载→休止：恢复效应演示,0.5,0.5,1007000067,10.020738714380695,10.020738714380695,0.0,cutoff,0.895151871642121
S5_burst_recovery,高负载→休止：恢复效应演示,0.5,0.5,1007000068,10.033432905759733,10.033432905759733,0.0,cutoff,0.8958147308259786
S5_burst_recovery,高负载→休止：恢复效应演示,0.5,0.5,1007000069,10.034523470266384,10.034523470266384,0.0,cutoff,0.8958977004870027
S5_burst_recovery,高负载→休止：恢复效应演示,0.5,0.5,1007000070,10.02460875131043,10.02460875131043,0.0,cutoff,0.8839919395488058
S5_burst_recovery,高负载→休止：恢复效应演示,0.5,0.5,1007000071,10.03179769180709,10.03179769180709,0.0,cutoff,0.8957625269399127
S5_burst_recovery,高负载→休止：恢复效应演示,0.5,0.5,1007000072,10.032282776681631,10.032282776681631,0.0,cutoff,0.8958423131991904
S5_burst_recovery,高负载→休止：恢复效应演示,0.5,0.5,1007000073,10.035190270918866,10.035190270918866,0.0,cutoff,0.8959918307577185
S5_burst_recovery,高负载→休止：恢复效应演示,0.5,0.5,1007000074,10.025651534084085,10.025651534084085,0.0,cutoff,0.88509460645503
S5_burst_recovery,高负载→休止：恢复效应演示,0.5,0.5,1007000075,10.03198319236665,10.03198319236665,0.0,cutoff,0.8843616650967198
S5_burst_recovery,高负载→休止：恢复效应演示,0.5,0.5,1007000076,10.024123249612508,10.024123249612508,0.0,cutoff,0.883858419566413
S5_burst_recovery,高负载→休止：恢复效应演示,0.5,0.5,1007000077,10.032737578546142,10.032737578546142,0.0,cutoff,0.8862539101656278
S5_burst_recovery,高负载→休止：恢复效应演示,0.5,0.5,1007000078,10.030443410754726,10.030443410754726,0.0,cutoff,0.8956278111742504
S5_burst_recovery,高负载→休止：恢复效应演示,0.5,0.5,1007000079,10.02430489239249,10.02430489239249,0.0,cutoff,0.8955031045569011
S5_burst_recovery,高负载→休止：恢复效应演示,1.0,0.5,1007000000,10.046744108324656,10.037117245354802,0.09591262844229434,cutoff,0.8845306085911361
S5_burst_recovery,高负载→休止：恢复效应演示,1.0,0.5,1007000001,10.046732309459223,10.034921392208688,0.11769815416497288,cutoff,0.8966128135884343
S5_burst_recovery,高负载→休止：恢复效应演示,1.0,0.5,1007000002,10.055315953732055,10.041107543874567,0.141502416893802,cutoff,0.8970435901727718
S5_burst_recovery,高负载→休止：恢复效应演示,1.0,0.5,1007000003,10.045079759468655,10.032231311702457,0.12807168581938386,cutoff,0.8964421854099263
S5_burst_recovery,高负载→休止：恢复效应演示,1.0,0.5,1007000004,10.046356879729675,10.027777777777779,0.18527636295520158,cutoff,0.8852825050332291
S5_burst_recovery,高负载→休止：恢复效应演示,1.0,0.5,1007000005,10.049419700841842,10.037827001777003,0.11549012612775675,cutoff,0.8848970482345738
S5_burst_recovery,高负载→休止：恢复效应演示,1.0,0.5,1007000006,10.047083934019232,10.032007907292678,0.15027925481991064,cutoff,0.8966458213981796
S5_burst_recovery,高负载→休止：恢复效应演示,1.0,0.5,1007000007,10.039755010943653,10.033847953228287,0.058871309819528886,cutoff,0.8840507321405986
S5_burst_recovery,高负载→休止：恢复效应演示,1.0,0.5,1007000008,10.044778467186132,10.035453705537723,0.0929181870797133,cutoff,0.896398993185865
S5_burst_recovery,高负载→休止：恢复效应演示,1.0,0.5,1007000009,10.044798247728215,10.032731617743694,0.12027262807648172,cutoff,0.8842852432544673
S5_burst_recovery,高负载→休止：恢复效应演示,1.0,0.5,1007000010,10.050080561232873,10.036403424220591,0.13627528143473414,cutoff,0.8954648788730204
S5_burst_recovery,高负载→休止：恢复效应演示,1.0,0.5,1007000011,10.03888888888889,10.026226408706073,0.12629357912585717,cutoff,0.8836975100941681
S5_burst_recovery,高负载→休止：恢复效应演示,1.0,0.5,1007000012,10.049277684913347,10.027265327361055,0.2195250333331417,cutoff,0.8968073189842971
S5_burst_recovery,高负载→休止：恢复效应演示,1.0,0.5,1007000013,10.047589083841292,10.032376983098244,0.1516300749929536,cutoff,0.8941320332862055
S5_burst_recovery,高负载→休止：恢复效应演示,1.0,0.5,1007000014,10.048186451099124,10.041572786565379,0.06586283517850457,cutoff,0.8966126315026268
S5_burst_recovery,高负载→休止：恢复效应演示,1.0,0.5,1007000015,10.04506129329924,10.027777777777779,0.17235638747163334,cutoff,0.8964283544591399
S5_burst_recovery,高负载→休止：恢复效应演示,1.0,0.5,1007000016,10.047545537844718,10.029803159520789,0.17689657555329813,cutoff,0.8845403355737632
S5_burst_recovery,高负载→休止：恢复效应演示,1.0,0.5,1007000017,10.05224546002194,10.027777777777779,0.2439990473101946,cutoff,0.8950526214738594
S5_burst_recovery,高负载→休止：恢复效应演示,1.0,0.5,1007000018,10.05276712000236,10.025994458042161,0.2670324831341077,cutoff,0.8951328411236151
S5_burst_recovery,高负载→休止：恢复效应演示,1.0,0.5,1007000019,10.050373659932806,10.030058080561838,0.2025469763763252,cutoff,0.8967068171161685
S5_burst_recovery,高负载→休止：恢复效应演示,1.0,0.5,1007000020,10.05053033574021,10.031668254629622,0.18802536758412247,cutoff,0.885040975554724
S5_burst_recovery,高负载→休止：恢复效应演示,1.0,0.5,1007000021,10.04740287985027,10.034471051092563,0.12887404519742762,cutoff,0.8867960315600564
S5_burst_recovery,高负载→休止：恢复效应演示,1.0,0.5,1007000022,10.051395466323662,10.035160826157696,0.16177757832887085,cutoff,0.8968129643494293
S5_burst_recovery,高负载→休止：恢复效应演示,1.0,0.5,1007000023,10.04934902070687,10.036452646088467,0.12849534664450957,cutoff,0.8869779918486003
S5_burst_recovery,高负载→休止：恢复效应演示,1.0,0.5,1007000024,10.04182602227559,10.026984048054228,0.14802032346149036,cutoff,0.8962285633586513
S5_burst_recovery,高负载→休止：恢复效应演示,1.0,0.5,1007000025,10.045330104731852,10.02137585934647,0.23903150347404792,cutoff,0.8951433646771157
S5_burst_recovery,高负载→休止：恢复效应演示,1.0,0.5,1007000026,10.043825680161763,10.025099566061742,0.1867923004317589,cutoff,0.896466978222196
S5_burst_recovery,高负载→休止：恢复效应演示,1.0,0.5,1007000027,10.051022042984274,10.036298160262442,0.14670631030203124,cutoff,0.8967549424211044
S5_burst_recovery,高负载→休止：恢复效应演示,1.0,0.5,1007000028,10.048859000737261,10.030705921336379,0.18097509331091688,cutoff,0.8966890764661641
S5_burst_recovery,高负载→休止：恢复效应演示,1.0,0.5,1007000029,10.051897861377222,10.041587802292595,0.10267359393375582,cutoff,0.8855247430396657
S5_burst_recovery,高负载→休止：恢复效应演示,1.0,0.5,1007000030,10.046742389474153,10.034039631120944,0.12659665319449798,cutoff,0.8844887181430563
S5_burst_recovery,高负载→休止：恢复效应演示,1.0,0.5,1007000031,10.05556185600874,10.04111647342162,0.1438623147670466,cutoff,0.8969187832436005
S5_burst_recovery,高负载→休止：恢复效应演示,1.0,0.5,1007000032,10.047741834744057,10.0303976750283,0.1729159728027205,cutoff,0.8951261244272741
S5_burst_recovery,高负载→休止：恢复效应演示,1.0,0.5,1007000033,10.049701147939484,10.030555555555555,0.19087270169521675,cutoff,0.8967604985430713
S5_burst_recovery,高负载→休止：恢复效应演示,1.0,0.5,1007000034,10.051417335846189,10.03154797659272,0.19806872578222282,cutoff,0.895483879288988
S5_burst_recovery,高负载→休止：恢复效应演示,1.0,0.5,1007000035,10.046950925976459,10.03682162634855,0.10092138731765327,cutoff,0.8966473464253125
S5_burst_recovery,高负载→休止：恢复效应演示,1.0,0.5,1007000036,10.05,10.027850999215389,0.22087484932060855,cutoff,0.884197617014702
S5_burst_recovery,高负载→休止：恢复效应演示,1.0,0.5,1007000037,10.052511777007425,10.039603198404794,0.1285765816390157,cutoff,0.8969168416537338
S5_burst_recovery,高负载→休止：恢复效应演示,1.0,0.5,1007000038,10.041666666666666,10.033953287924277,0.0768727790637839,cutoff,0.8834362970891301
S5_burst_recovery,高负载→休止：恢复效应演示,1.0,0.5,1007000039,10.056393891297246,10.037474954354447,0.1884830301329004,cutoff,0.8970056016093302
S5_burst_recovery,高负载→休止：恢复效应演示,1.0,0.5,1007000040,10.044444444444444,10.02334225524349,0.21053046642117074,cutoff,0.8838427248808184
S5_burst_recovery,高负载→休止：恢复效应演示,1.0,0.5,1007000041,10.056716344454705,10.031714813513556,0.24922489729741204,cutoff,0.8970340055265837
S5_burst_recovery,高负载→休止：恢复效应演示,1.0,0.5,1007000042,10.05166921592875,10.039308032881038,0.12312783916208841,cutoff,0.8968072359225089
S5_burst_recovery,高负载→休止：恢复效应演示,1.0,0.5,1007000043,10.050532599019663,10.039210206417547,0.11278170662148466,cutoff,0.896706777960041
S5_burst_recovery,高负载→休止：恢复效应演示,1.0,0.5,1007000044,10.05,10.033333333333333,0.1661129568106395,cutoff,0.8839941655972747
S5_burst_recovery,高负载→休止：恢复效应演示,1.0,0.5,1007000045,10.047468806877783,10.030210722325913,0.17206103669841455,cutoff,0.8965536182670902
S5_burst_recovery,高负载→休止：恢复效应演示,1.0,0.5,1007000046,10.04967841349891,10.022222222222222,0.27395312803790434,cutoff,0.8859830348861653
S5_burst_recovery,高负载→休止：恢复效应演示,1.0,0.5,1007000047,10.045787413379168,10.034557271395244,0.11191467326553,cutoff,0.8851784874140507
S5_burst_recovery,高负载→休止：恢复效应演示,1.0,0.5,1007000048,10.0562332384781,10.035439023908154,0.20720782140578672,cutoff,0.8952820814692912
S5_burst_recovery,高负载→休止：恢复效应演示,1.0,0.5,1007000049,10.055535074408724,10.040938355907658,0.14537205571506895,cutoff,0.8852898368244441
S5_burst_recovery,高负载→休止：恢复效应演示,1.0,0.5,1007000050,10.049053842233402,10.042152561239224,0.06872312437092233,cutoff,0.8967521216101876
S5_burst_recovery,高负载→休止：恢复效应演示,1.0,0.5,1007000051,10.052140903668096,10.033478973519333,0.1859966039497995,cutoff,0.8968733032659174
S5_burst_recovery,高负载→休止：恢复效应演示,1.0,0.5,1007000052,10.054304994435752,10.035858916973467,0.18380168169848454,cutoff,0.8937564185519581
S5_burst_recovery,高负载→休止：恢复效应演示,1.0,0.5,1007000053,10.046653508175963,10.027777777777779,0.18823443056360906,cutoff,0.8966055515924071
S5_burst_recovery,高负载→休止：恢复效应演示,1.0,0.5,1007000054,10.056644295184627,10.03888888888889,0.17686624976385076,cutoff,0.8970527457187778
S5_burst_recovery,高负载→休止：恢复效应演示,1.0,0.5,1007000055,10.045651988946872,10.032059152934458,0.13549397790819442,cutoff,0.884637223668028
S5_burst_recovery,高负载→休止：恢复效应演示,1.0,0.5,1007000056,10.044655856689307,10.029622103296855,0.14989351779774052,cutoff,0.8956404280985518
S5_burst_recovery,高负载→休止：恢复效应演示,1.0,0.5,1007000057,10.04625026640417,10.028990809306057,0.17209565175887842,cutoff,0.896552138390466
S5_burst_recovery,高负载→休止：恢复效应演示,1.0,0.5,1007000058,10.048399342457122,10.028474001242204,0.1986876688562007,cutoff,0.8954704156594988
S5_burst_recovery,高负载→休止：恢复效应演示,1.0,0.5,1007000059,10.048089001850064,10.029292966775667,0.18741136724854815,cutoff,0.8966069148415424
S5_burst_recovery,高负载→休止：恢复效应演示,1.0,0.5,1007000060,10.05228789189093,10.02877749714636,0.23442931854117754,cutoff,0.884771496385668
S5_burst_recovery,高负载→休止：恢复效应演示,1.0,0.5,1007000061,10.055109721112636,10.034315026027906,0.20723582058955303,cutoff,0.8951950982974206
S5_burst_recovery,高负载→休止：恢复效应演示,1.0,0.5,1007000062,10.047808196363583,10.03294582079837,0.14813571039528303,cutoff,0.8950395179007196
S5_burst_recovery,高负载→休止：恢复效应演示,1.0,0.5,1007000063,10.053656404194175,10.041775116976465,0.11831859486300936,cutoff,0.8847809080177886
S5_burst_recovery,高负载→休止：恢复效应演示,1.0,0.5,1007000064,10.055742364543882,10.033239094799914,0.2242871871321308,cutoff,0.8969440195366178
S5_burst_recovery,高负载→休止：恢复效应演示,1.0,0.5,1007000065,10.049659858616625,10.02139934775036,0.2820016435390171,cutoff,0.8858085702644157
S5_burst_recovery,高负载→休止：恢复效应演示,1.0,0.5,1007000066,10.04996699446951,10.034333124157362,0.15580378006895862,cutoff,0.896812494779757
S5_burst_recovery,高负载→休止：恢复效应演示,1.0,0.5,1007000067,10.045589803372742,10.020738714380695,0.24799657690289673,cutoff,0.8964808800488296
S5_burst_recovery,高负载→休止：恢复效应演示,1.0,0.5,1007000068,10.052264116491276,10.033432905759733,0.187684623083818,cutoff,0.8968958521856568
S5_burst_recovery,高负载→休止：恢复效应演示,1.0,0.5,1007000069,10.04834257037854,10.034523470266384,0.1377155592201703,cutoff,0.8966187117969521
S5_burst_recovery,高负载→休止：恢复效应演示,1.0,0.5,1007000070,10.0480813611555,10.02460875131043,0.23414988482220825,cutoff,0.8966033944681476
S5_burst_recovery,高负载→休止：恢复效应演示,1.0,0.5,1007000071,10.04485088979286,10.03179769180709,0.13011823390766528,cutoff,0.896415283260609
S5_burst_recovery,高负载→休止：恢复效应演示,1.0,0.5,1007000072,10.046938357613744,10.032282776681631,0.14608420893175933,cutoff,0.8966702043502084
S5_burst_recovery,高负载→休止：恢复效应演示,1.0,0.5,1007000073,10.05189967018865,10.035190270918866,0.16650804637164096,cutoff,0.8876209797348166
S5_burst_recovery,高负载→休止：恢复效应演示,1.0,0.5,1007000074,10.048795897793719,10.025651534084085,0.23085146766721087,cutoff,0.8950462341199257
S5_burst_recovery,高负载→休止：恢复效应演示,1.0,0.5,1007000075,10.049347525710106,10.03198319236665,0.17308973719841453,cutoff,0.8967601363125417
S5_burst_recovery,高负载→休止：恢复效应演示,1.0,0.5,1007000076,10.05066671352884,10.024123249612508,0.26479586548736217,cutoff,0.896727686001347
S5_burst_recovery,高负载→休止：恢复效应演示,1.0,0.5,1007000077,10.050600001392933,10.032737578546142,0.17804136415357005,cutoff,0.8950459770928972
S5_burst_recovery,高负载→休止：恢复效应演示,1.0,0.5,1007000078,10.055123487377674,10.030443410754726,0.24605170092965017,cutoff,0.8970442106918105
S5_burst_recovery,高负载→休止：恢复效应演示,1.0,0.5,1007000079,10.05187803298209,10.02430489239249,0.27506286855386985,cutoff,0.8968411769996475
S5_burst_recovery,高负载→休止：恢复效应演示,2.0,0.5,1007000000,10.058065388580173,10.037117245354802,0.20870677021399342,cutoff,0.8868741224174845
S5_burst_recovery,高负载→休止：恢复效应演示,2.0,0.5,1007000001,10.057356243112308,10.034921392208688,0.22356777922584364,cutoff,0.8971143949875744
S5_burst_recovery,高负载→休止：恢复效应演示,2.0,0.5,1007000002,10.060808208940053,10.041107543874567,0.19620012015012955,cutoff,0.8973053665991471
S5_burst_recovery,高负载→休止：恢复效应演示,2.0,0.5,1007000003,10.057687889019693,10.032231311702457,0.2537479103730513,cutoff,0.8839504820577953
S5_burst_recovery,高负载→休止：恢复效应演示,2.0,0.5,1007000004,10.057041267115087,10.027777777777779,0.29182427039975445,cutoff,0.8970888114052706
S5_burst_recovery,高负载→休止：恢复效应演示,2.0,0.5,1007000005,10.056136214034659,10.037827001777003,0.18240214993159443,cutoff,0.8969737085985788
S5_burst_recovery,高负载→休止：恢复效应演示,2.0,0.5,1007000006,10.05584290286392,10.032007907292678,0.23758948150265718,cutoff,0.8969444615820555
S5_burst_recovery,高负载→休止：恢复效应演示,2.0,0.5,1007000007,10.055254248804484,10.033847953228287,0.21334084068226145,cutoff,0.8838405197812723
S5_burst_recovery,高负载→休止：恢复效应演示,2.0,0.5,1007000008,10.055945399503598,10.035453705537723,0.20419299980993544,cutoff,0.8969666760225883
S5_burst_recovery,高负载→休止：恢复效应演示,2.0,0.5,1007000009,10.058513378868668,10.032731617743694,0.2569764856400223,cutoff,0.8869110654779118
S5_burst_recovery,高负载→休止：恢复效应演示,2.0,0.5,1007000010,10.057003930836068,10.036403424220591,0.20525785726948725,cutoff,0.8970878807395166
S5_burst_recovery,高负载→休止：恢复效应演示,2.0,0.5,1007000011,10.04986202894619,10.026226408706073,0.23573794642812018,cutoff,0.8958770372343885
S5_burst_recovery,高负载→休止：恢复效应演示,2.0,0.5,1007000012,10.055474692984406,10.027265327361055,0.28132661002174447,cutoff,0.8843122966112105
S5_burst_recovery,高负载→休止：恢复效应演示,2.0,0.5,1007000013,10.05589866876766,10.032376983098244,0.23445775322283446,cutoff,0.884673830769336
S5_burst_recovery,高负载→休止：恢复效应演示,2.0,0.5,1007000014,10.054463153904356,10.041572786565379,0.12837000351402672,cutoff,0.8858047373257112
S5_burst_recovery,高负载→休止：恢复效应演示,2.0,0.5,1007000015,10.056216030973648,10.027777777777779,0.28359476871226824,cutoff,0.8944336696040578
S5_burst_recovery,高负载→休止：恢复效应演示,2.0,0.5,1007000016,10.060865506071114,10.029803159520789,0.3097004602811061,cutoff,0.8973092374880303
S5_burst_recovery,高负载→休止：恢复效应演示,2.0,0.5,1007000017,10.054668794160055,10.027777777777779,0.2681652603218657,cutoff,0.8962898572921052
S5_burst_recovery,高负载→休止：恢复效应演示,2.0,0.5,1007000018,10.059960921638528,10.025994458042161,0.33878398535439613,cutoff,0.897221119922649
S5_burst_recovery,高负载→休止：恢复效应演示,2.0,0.5,1007000019,10.057719548583476,10.030058080561838,0.2757857212735914,cutoff,0.895796169012611
S5_burst_recovery,高负载→休止：恢复效应演示,2.0,0.5,1007000020,10.055975470130559,10.031668254629622,0.2423048179421076,cutoff,0.8958430804675109
S5_burst_recovery,高负载→休止：恢复效应演示,2.0,0.5,1007000021,10.059464664588498,10.034471051092563,0.24907753850377473,cutoff,0.8971831908792538
S5_burst_recovery,高负载→休止：恢复效应演示,2.0,0.5,1007000022,10.056019330098264,10.035160826157696,0.20785420684238676,cutoff,0.8943221607689087
S5_burst_recovery,高负载→休止：恢复效应演示,2.0,0.5,1007000023,10.05580851778886,10.036452646088467,0.19285570692087492,cutoff,0.8957665736263208
S5_burst_recovery,高负载→休止：恢复效应演示,2.0,0.5,1007000024,10.050612294825765,10.026984048054228,0.23564659780347522,cutoff,0.8967159906135161
S5_burst_recovery,高负载→休止：恢复效应演示,2.0,0.5,1007000025,10.055154996582232,10.02137585934647,0.3370708544401835,cutoff,0.897048148013118
S5_burst_recovery,高负载→休止：恢复效应演示,2.0,0.5,1007000026,10.056642613922996,10.025099566061742,0.31464074399856645,cutoff,0.897046865766697
S5_burst_recovery,高负载→休止：恢复效应演示,2.0,0.5,1007000027,10.052031401647248,10.036298160262442,0.15676339157698907,cutoff,0.8952999695873516
S5_burst_recovery,高负载→休止：恢复效应演示,2.0,0.5,1007000028,10.056600922765078,10.030705921336379,0.2581573184557005,cutoff,0.8954816976249882
S5_burst_recovery,高负载→休止：恢复效应演示,2.0,0.5,1007000029,10.060693298148676,10.041587802292595,0.19026369367321827,cutoff,0.8924919656393191
S5_burst_recovery,高负载→休止：恢复效应演示,2.0,0.5,1007000030,10.052296845423271,10.034039631120944,0.18195278246362273,cutoff,0.8968970329123582
S5_burst_recovery,高负载→休止：恢复效应演示,2.0,0.5,1007000031,10.0602711827257,10.04111647342162,0.1907627439118007,cutoff,0.8972576272344036
S5_burst_recovery,高负载→休止：恢复效应演示,2.0,0.5,1007000032,10.054629463420294,10.0303976750283,0.24158352616787382,cutoff,0.8969765982105578
S5_burst_recovery,高负载→休止：恢复效应演示,2.0,0.5,1007000033,10.055965943512982,10.030555555555555,0.25332981624684914,cutoff,0.896951610887159
S5_burst_recovery,高负载→休止：恢复效应演示,2.0,0.5,1007000034,10.05930370831673,10.03154797659272,0.27668443383588004,cutoff,0.8971552084078745
S5_burst_recovery,高负载→休止：恢复效应演示,2.0,0.5,1007000035,10.053617205179613,10.03682162634855,0.16733961662695723,cutoff,0.8943997325815167
S5_burst_recovery,高负载→休止：恢复效应演示,2.0,0.5,1007000036,10.063692766890064,10.027850999215389,0.35742222014945946,cutoff,0.8974483171625739
S5_burst_recovery,高负载→休止：恢复效应演示,2.0,0.5,1007000037,10.054891325843817,10.039603198404794,0.15227820399766406,cutoff,0.8858339583679401
S5_burst_recovery,高负载→休止：恢复效应演示,2.0,0.5,1007000038,10.05429785808411,10.033953287924277,0.20275727398809118,cutoff,0.8969560338955747
S5_burst_recovery,高负载→休止：恢复效应演示,2.0,0.5,1007000039,10.060667995231633,10.037474954354447,0.23106449562918838,cutoff,0.8972928181643519
S5_burst_recovery,高负载→休止：恢复效应演示,2.0,0.5,1007000040,10.056090678901175,10.02334225524349,0.326721594691163,cutoff,0.8969874116864028
S5_burst_recovery,高负载→休止：恢复效应演示,2.0,0.5,1007000041,10.058691242861823,10.031714813513556,0.2689114458469962,cutoff,0.8970846142085644
S5_burst_recovery,高负载→休止：恢复效应演示,2.0,0.5,1007000042,10.056721623712914,10.039308032881038,0.17345409439417356,cutoff,0.8970464789361385
S5_burst_recovery,高负载→休止：恢复效应演示,2.0,0.5,1007000043,10.057697141728442,10.039210206417547,0.18414730771427615,cutoff,0.8971457526193689
S5_burst_recovery,高负载→休止：恢复效应演示,2.0,0.5,1007000044,10.055992836429573,10.033333333333333,0.225842223550558,cutoff,0.883759383881648
S5_burst_recovery,高负载→休止：恢复效应演示,2.0,0.5,1007000045,10.05440912980496,10.030210722325913,0.2412552253282555,cutoff,0.8850776958972173
S5_burst_recovery,高负载→休止：恢复效应演示,2.0,0.5,1007000046,10.056334366311905,10.022222222222222,0.3403650740655709,cutoff,0.8960466234671739
S5_burst_recovery,高负载→休止：恢复效应演示,2.0,0.5,1007000047,10.055691243670827,10.034557271395244,0.2106119054781666,cutoff,0.8969535264372973
S5_burst_recovery,高负载→休止：恢复效应演示,2.0,0.5,1007000048,10.063019320522217,10.035439023908154,0.27482899899403435,cutoff,0.8973797923934763
S5_burst_recovery,高负载→休止：恢复效应演示,2.0,0.5,1007000049,10.061808704203337,10.040938355907658,0.20785256871335825,cutoff,0.8938494337672619
S5_burst_recovery,高负载→休止：恢复效应演示,2.0,0.5,1007000050,10.055338048572464,10.042152561239224,0.13130140428391693,cutoff,0.8957111270198214
S5_burst_recovery,高负载→休止：恢复效应演示,2.0,0.5,1007000051,10.058987719467924,10.033478973519333,0.25423630244219164,cutoff,0.8956672212427811
S5_burst_recovery,高负载→休止：恢复效应演示,2.0,0.5,1007000052,10.055378849049411,10.035858916973467,0.19450185816114413,cutoff,0.8939768289653534
S5_burst_recovery,高负载→休止：恢复效应演示,2.0,0.5,1007000053,10.05107669774438,10.027777777777779,0.23234380022095338,cutoff,0.8915599788958477
S5_burst_recovery,高负载→休止：恢复效应演示,2.0,0.5,1007000054,10.05553221311361,10.03888888888889,0.16578850915603907,cutoff,0.8941980301003993
S5_burst_recovery,高负载→休止：恢复效应演示,2.0,0.5,1007000055,10.057258848608381,10.032059152934458,0.2511916575626605,cutoff,0.8970862592143273
S5_burst_recovery,高负载→休止：恢复效应演示,2.0,0.5,1007000056,10.057390292692503,10.029622103296855,0.2768617711580568,cutoff,0.897095522849906
S5_burst_recovery,高负载→休止：恢复效应演示,2.0,0.5,1007000057,10.058609722152852,10.028990809306057,0.2953329343896785,cutoff,0.8869293522378326
S5_burst_recovery,高负载→休止：恢复效应演示,2.0,0.5,1007000058,10.058330082376427,10.028474001242204,0.29771310301572546,cutoff,0.8972186977293952
S5_burst_recovery,高负载→休止：恢复效应演示,2.0,0.5,1007000059,10.051760994384566,10.029292966775667,0.22402404320353095,cutoff,0.8954226666089729
S5_burst_recovery,高负载→休止：恢复效应演示,2.0,0.5,1007000060,10.057541960254733,10.02877749714636,0.2868192371060027,cutoff,0.8971279086657571
S5_burst_recovery,高负载→休止：恢复效应演示,2.0,0.5,1007000061,10.056080355255656,10.034315026027906,0.21690896858721753,cutoff,0.8845187590498569
S5_burst_recovery,高负载→休止：恢复效应演示,2.0,0.5,1007000062,10.057756858331155,10.03294582079837,0.24729563954538658,cutoff,0.8970566994723481
S5_burst_recovery,高负载→休止：恢复效应演示,2.0,0.5,1007000063,10.057998278258891,10.041775116976465,0.16155670778764122,cutoff,0.8960714516881532
S5_burst_recovery,高负载→休止：恢复效应演示,2.0,0.5,1007000064,10.062931965445948,10.033239094799914,0.29594501202930174,cutoff,0.8959773986529017
S5_burst_recovery,高负载→休止：恢复效应演示,2.0,0.5,1007000065,10.056933078266209,10.02139934775036,0.35457853023115565,cutoff,0.8845085455370235
S5_burst_recovery,高负载→休止：恢复效应演示,2.0,0.5,1007000066,10.057459124724717,10.034333124157362,0.23046873450593652,cutoff,0.8957054083684843
S5_burst_recovery,高负载→休止：恢复效应演示,2.0,0.5,1007000067,10.052984208566526,10.020738714380695,0.32178759575435445,cutoff,0.8956790634923507
S5_burst_recovery,高负载→休止：恢复效应演示,2.0,0.5,1007000068,10.051484428697425,10.033432905759733,0.17991372551391296,cutoff,0.883398011733531
S5_burst_recovery,高负载→休止：恢复效应演示,2.0,0.5,1007000069,10.0543986447993,10.034523470266384,0.1980679460445517,cutoff,0.8969716647789095
S5_burst_recovery,高负载→休止：恢复效应演示,2.0,0.5,1007000070,10.050812054380263,10.02460875131043,0.2613897830816355,cutoff,0.8941521350133915
S5_burst_recovery,高负载→休止：恢复效应演示,2.0,0.5,1007000071,10.054183779959677,10.03179769180709,0.22315131186177295,cutoff,0.8969301541397845
S5_burst_recovery,高负载→休止：恢复效应演示,2.0,0.5,1007000072,10.054228069558148,10.032282776681631,0.21874675350583866,cutoff,0.8969446815691408
S5_burst_recovery,高负载→休止：恢复效应演示,2.0,0.5,1007000073,10.05647733841476,10.035190270918866,0.21212420413773705,cutoff,0.8956456387857862
S5_burst_recovery,高负载→休止：恢复效应演示,2.0,0.5,1007000074,10.054857701903911,10.025651534084085,0.29131441204129255,cutoff,0.8969305699432784
S5_burst_recovery,高负载→休止：恢复效应演示,2.0,0.5,1007000075,10.054580820164617,10.03198319236665,0.22525583790014878,cutoff,0.8961585269651325
S5_burst_recovery,高负载→休止：恢复效应演示,2.0,0.5,1007000076,10.05471862696244,10.024123249612508,0.30521748973023904,cutoff,0.8865371891010247
S5_burst_recovery,高负载→休止：恢复效应演示,2.0,0.5,1007000077,10.059942657308707,10.032737578546142,0.2711630654103799,cutoff,0.8972127860294031
S5_burst_recovery,高负载→休止：恢复效应演示,2.0,0.5,1007000078,10.058685786573413,10.030443410754726,0.28156657350167813,cutoff,0.8860094564749196
S5_burst_recovery,高负载→休止：恢复效应演示,2.0,0.5,1007000079,10.05972640432785,10.02430489239249,0.35335629069146485,cutoff,0.8950565826013579
S5_burst_recovery,高负载→休止：恢复效应演示,4.0,0.5,1007000000,10.056440780863552,10.037117245354802,0.1925207710181246,cutoff,0.8818985704255314
S5_burst_recovery,高负载→休止：恢复效应演示,4.0,0.5,1007000001,10.061560303810074,10.034921392208688,0.2654620854535993,cutoff,0.8972409726422552
S5_burst_recovery,高负载→休止：恢复效应演示,4.0,0.5,1007000002,10.060278182176821,10.041107543874567,0.19092155141739606,cutoff,0.8912347277521924
S5_burst_recovery,高负载→休止：恢复效应演示,4.0,0.5,1007000003,10.057542699732233,10.032231311702457,0.2523006821049904,cutoff,0.8971369925054633
S5_burst_recovery,高负载→休止：恢复效应演示,4.0,0.5,1007000004,10.05779233624517,10.027777777777779,0.2993141564615167,cutoff,0.8949827875532572
S5_burst_recovery,高负载→休止：恢复效应演示,4.0,0.5,1007000005,10.054268270637394,10.037827001777003,0.16379310838371405,cutoff,0.8952510225688972
S5_burst_recovery,高负载→休止：恢复效应演示,4.0,0.5,1007000006,10.058475795097015,10.032007907292678,0.2638343993438877,cutoff,0.8970689096608693
S5_burst_recovery,高负载→休止：恢复效应演示,4.0,0.5,1007000007,10.054763453226496,10.033847953228287,0.20844944128816786,cutoff,0.8952356083528453
S5_burst_recovery,高负载→休止：恢复效应演示,4.0,0.5,1007000008,10.055072100789921,10.035453705537723,0.19549086496580317,cutoff,0.8914701310409376
S5_burst_recovery,高负载→休止：恢复效应演示,4.0,0.5,1007000009,10.061883088373104,10.032731617743694,0.29056364447996486,cutoff,0.8972654676202643
S5_burst_recovery,高负载→休止：恢复效应演示,4.0,0.5,1007000010,10.061206438616598,10.036403424220591,0.24713050430147165,cutoff,0.8971955974090123
S5_burst_recovery,高负载→休止：恢复效应演示,4.0,0.5,1007000011,10.056443739340398,10.026226408706073,0.30138288726541246,cutoff,0.8970075687152889
S5_burst_recovery,高负载→休止：恢复效应演示,4.0,0.5,1007000012,10.055291238145045,10.027265327361055,0.27949704998347485,cutoff,0.8821575128972428
S5_burst_recovery,高负载→休止：恢复效应演示,4.0,0.5,1007000013,10.057414122212748,10.032376983098244,0.24956338021073876,cutoff,0.8971076898123083
S5_burst_recovery,高负载→休止：恢复效应演示,4.0,0.5,1007000014,10.053435916274754,10.041572786565379,0.11814015554662238,cutoff,0.8944946026961095
S5_burst_recovery,高负载→休止：恢复效应演示,4.0,0.5,1007000015,10.04668207264325,10.027777777777779,0.18851928397700235,cutoff,0.8804954929922898
S5_burst_recovery,高负载→休止：恢复效应演示,4.0,0.5,1007000016,10.059799742964488,10.029803159520789,0.2990744979399223,cutoff,0.8972134754260892
S5_burst_recovery,高负载→休止：恢复效应演示,4.0,0.5,1007000017,10.057450052364194,10.027777777777779,0.2959007991997116,cutoff,0.8971208152947381
S5_burst_recovery,高负载→休止：恢复效应演示,4.0,0.5,1007000018,10.056466083917805,10.025994458042161,0.30392621902160527,cutoff,0.8958528713598891
S5_burst_recovery,高负载→休止：恢复效应演示,4.0,0.5,1007000019,10.055387502316519,10.030058080561838,0.2525351453723724,cutoff,0.8959533777246439
S5_burst_recovery,高负载→休止：恢复效应演示,4.0,0.5,1007000020,10.058742334907542,10.031668254629622,0.2698861205405733,cutoff,0.8962691486837955
S5_burst_recovery,高负载→休止：恢复效应演示,4.0,0.5,1007000021,10.060214955197704,10.034471051092563,0.25655467013717925,cutoff,0.8972560048132681
S5_burst_recovery,高负载→休止：恢复效应演示,4.0,0.5,1007000022,10.057559951032335,10.035160826157696,0.22320643647536795,cutoff,0.897155905112646
S5_burst_recovery,高负载→休止：恢复效应演示,4.0,0.5,1007000023,10.058189199887023,10.036452646088467,0.21657606093550938,cutoff,0.8972235213309439
S5_burst_recovery,高负载→休止：恢复效应演示,4.0,0.5,1007000024,10.052523025884321,10.026984048054228,0.25470248788367555,cutoff,0.8969387912249879
S5_burst_recovery,高负载→休止：恢复效应演示,4.0,0.5,1007000025,10.053902232251204,10.02137585934647,0.32456993292390846,cutoff,0.8955763710069318
S5_burst_recovery,高负载→休止：恢复效应演示,4.0,0.5,1007000026,10.052552312173685,10.025099566061742,0.27384013426538756,cutoff,0.8967171262164102
S5_burst_recovery,高负载→休止：恢复效应演示,4.0,0.5,1007000027,10.05457860350316,10.036298160262442,0.18214328578934663,cutoff,0.8969839583644801
S5_burst_recovery,高负载→休止：恢复效应演示,4.0,0.5,1007000028,10.058338552623335,10.030705921336379,0.2754804248440596,cutoff,0.8948994953987631
S5_burst_recovery,高负载→休止：恢复效应演示,4.0,0.5,1007000029,10.06052547323876,10.041587802292595,0.18859239513736897,cutoff,0.8972715914470468
S5_burst_recovery,高负载→休止：恢复效应演示,4.0,0.5,1007000030,10.057151401583667,10.034039631120944,0.23033365735412337,cutoff,0.8970829984345237
S5_burst_recovery,高负载→休止：恢复效应演示,4.0,0.5,1007000031,10.056994079772856,10.04111647342162,0.15812590555306164,cutoff,0.8930657739879052
S5_burst_recovery,高负载→休止：恢复效应演示,4.0,0.5,1007000032,10.058560267745417,10.0303976750283,0.2807724442195343,cutoff,0.8970970748563171
S5_burst_recovery,高负载→休止：恢复效应演示,4.0,0.5,1007000033,10.061727054362445,10.030555555555555,0.3107654270418241,cutoff,0.8972660482029416
S5_burst_recovery,高负载→休止：恢复效应演示,4.0,0.5,1007000034,10.05345251688233,10.03154797659272,0.21835653221938173,cutoff,0.895614363358065
S5_burst_recovery,高负载→休止：恢复效应演示,4.0,0.5,1007000035,10.05349966557595,10.03682162634855,0.16616853271176638,cutoff,0.8938201741078364
S5_burst_recovery,高负载→休止：恢复效应演示,4.0,0.5,1007000036,10.057417566600463,10.027850999215389,0.29484450245010907,cutoff,0.8971262109713094
S5_burst_recovery,高负载→休止：恢复效应演示,4.0,0.5,1007000037,10.059597148792843,10.039603198404794,0.19915080300410176,cutoff,0.8913041952048743
S5_burst_recovery,高负载→休止：恢复效应演示,4.0,0.5,1007000038,10.0565132716581,10.033953287924277,0.22483644368738737,cutoff,0.8958514123292723
S5_burst_recovery,高负载→休止：恢复效应演示,4.0,0.5,1007000039,10.060743322409479,10.037474954354447,0.23181495506434482,cutoff,0.8972735007291561
S5_burst_recovery,高负载→休止：恢复效应演示,4.0,0.5,1007000040,10.055887612240092,10.02334225524349,0.32469565707562764,cutoff,0.8820081714740967
S5_burst_recovery,高负载→休止：恢复效应演示,4.0,0.5,1007000041,10.057741202435938,10.031714813513556,0.25944107668733235,cutoff,0.8971515960365395
S5_burst_recovery,高负载→休止：恢复效应演示,4.0,0.5,1007000042,10.058331792148746,10.039308032881038,0.18949273401513317,cutoff,0.8819336111265306
S5_burst_recovery,高负载→休止：恢复效应演示,4.0,0.5,1007000043,10.057936214571724,10.039210206417547,0.1865286986640278,cutoff,0.8971856075304055
S5_burst_recovery,高负载→休止：恢复效应演示,4.0,0.5,1007000044,10.056621152307049,10.033333333333333,0.23210450804367455,cutoff,0.8959343305573111
S5_burst_recovery,高负载→休止：恢复效应演示,4.0,0.5,1007000045,10.057371921172052,10.030210722325913,0.27079390052775154,cutoff,0.89711200827235
S5_burst_recovery,高负载→休止：恢复效应演示,4.0,0.5,1007000046,10.054058503583368,10.022222222222222,0.3176569093684204,cutoff,0.8947571052644046
S5_burst_recovery,高负载→休止：恢复效应演示,4.0,0.5,1007000047,10.056234580715666,10.034557271395244,0.21602656434296294,cutoff,0.8969892447522994
S5_burst_recovery,高负载→休止：恢复效应演示,4.0,0.5,1007000048,10.059166542042409,10.035439023908154,0.23643727073351628,cutoff,0.8911433770485266
S5_burst_recovery,高负载→休止：恢复效应演示,4.0,0.5,1007000049,10.056875330821844,10.040938355907658,0.15871997565655835,cutoff,0.8919844246907891
S5_burst_recovery,高负载→休止：恢复效应演示,4.0,0.5,1007000050,10.059390197529435,10.042152561239224,0.1716528023757109,cutoff,0.8971661430555695
S5_burst_recovery,高负载→休止：恢复效应演示,4.0,0.5,1007000051,10.058561323636782,10.033478973519333,0.24998657179276693,cutoff,0.8945388699600191
S5_burst_recovery,高负载→休止：恢复效应演示,4.0,0.5,1007000052,10.054246217749197,10.035858916973467,0.18321601497039922,cutoff,0.8951588389429793
S5_burst_recovery,高负载→休止：恢复效应演示,4.0,0.5,1007000053,10.055004887987652,10.027777777777779,0.2715168885195103,cutoff,0.8937662412948019
S5_burst_recovery,高负载→休止：恢复效应演示,4.0,0.5,1007000054,10.052546617989988,10.03888888888889,0.13604821462078776,cutoff,0.8935942439590321
S5_burst_recovery,高负载→休止：恢复效应演示,4.0,0.5,1007000055,10.057389205905926,10.032059152934458,0.25249106474873867,cutoff,0.8970963224605624
S5_burst_recovery,高负载→休止：恢复效应演示,4.0,0.5,1007000056,10.060489673118632,10.029622103296855,0.30776403641000244,cutoff,0.8948991078157602
S5_burst_recovery,高负载→休止：恢复效应演示,4.0,0.5,1007000057,10.056055064007301,10.028990809306057,0.2698602004513849,cutoff,0.881225031429099
S5_burst_recovery,高负载→休止：恢复效应演示,4.0,0.5,1007000058,10.060505838448899,10.028474001242204,0.3194088871619679,cutoff,0.883118992284798
S5_burst_recovery,高负载→休止：恢复效应演示,4.0,0.5,1007000059,10.055056774516132,10.029292966775667,0.25688558331891187,cutoff,0.897048133393109
S5_burst_recovery,高负载→休止：恢复效应演示,4.0,0.5,1007000060,10.057976303085129,10.02877749714636,0.2911502019770355,cutoff,0.8809622891452378
S5_burst_recovery,高负载→休止：恢复效应演示,4.0,0.5,1007000061,10.05629550482035,10.034315026027906,0.21905310661891916,cutoff,0.8970045723087563
S5_burst_recovery,高负载→休止：恢复效应演示,4.0,0.5,1007000062,10.055390656060176,10.03294582079837,0.2237113173209628,cutoff,0.8922232934154593
S5_burst_recovery,高负载→休止：恢复效应演示,4.0,0.5,1007000063,10.057899127041225,10.041775116976465,0.1605693204331999,cutoff,0.8952268248532035
S5_burst_recovery,高负载→休止：恢复效应演示,4.0,0.5,1007000064,10.05727654232797,10.033239094799914,0.23957813923237822,cutoff,0.897118654864102
S5_burst_recovery,高负载→休止：恢复效应演示,4.0,0.5,1007000065,10.056301418310388,10.02139934775036,0.3482754189200408,cutoff,0.8969212368020347
S5_burst_recovery,高负载→休止：恢复效应演示,4.0,0.5,1007000066,10.057493498032919,10.034333124157362,0.23081129148283017,cutoff,0.8971353986241752
S5_burst_recovery,高负载→休止：恢复效应演示,4.0,0.5,1007000067,10.056343028735384,10.020738714380695,0.3553062839927522,cutoff,0.8942856446775176
S5_burst_recovery,高负载→休止：恢复效应演示,4.0,0.5,1007000068,10.056160191620506,10.033432905759733,0.22651555129975806,cutoff,0.8952817934069982
S5_burst_recovery,高负载→休止：恢复效应演示,4.0,0.5,1007000069,10.05382495436029,10.034523470266384,0.19235077929806849,cutoff,0.8969084126089261
S5_burst_recovery,高负载→休止：恢复效应演示,4.0,0.5,1007000070,10.052504552038544,10.02460875131043,0.2782732116549433,cutoff,0.8936030616231263
S5_burst_recovery,高负载→休止：恢复效应演示,4.0,0.5,1007000071,10.056075722918756,10.03179769180709,0.2420107727201553,cutoff,0.895096926692581
S5_burst_recovery,高负载→休止：恢复效应演示,4.0,0.5,1007000072,10.054856282332802,10.032282776681631,0.22500866605991782,cutoff,0.8942491808346562
S5_burst_recovery,高负载→休止：恢复效应演示,4.0,0.5,1007000073,10.056699203100692,10.035190270918866,0.21433507089703005,cutoff,0.8951470641954472
S5_burst_recovery,高负载→休止：恢复效应演示,4.0,0.5,1007000074,10.054038771062173,10.025651534084085,0.28314605670843007,cutoff,0.8960793515675611
S5_burst_recovery,高负载→休止：恢复效应演示,4.0,0.5,1007000075,10.059826609632253,10.03198319236665,0.27754649037680035,cutoff,0.8828443069668839
S5_burst_recovery,高负载→休止：恢复效应演示,4.0,0.5,1007000076,10.057295854488897,10.024123249612508,0.3309277435078596,cutoff,0.8970983298861976
S5_burst_recovery,高负载→休止：恢复效应演示,4.0,0.5,1007000077,10.057497819441123,10.032737578546142,0.24679446363600602,cutoff,0.8971186416831229
S5_burst_recovery,高负载→休止：恢复效应演示,4.0,0.5,1007000078,10.05619862187737,10.030443410754726,0.25677041450658267,cutoff,0.8969992661142467
S5_burst_recovery,高负载→休止：恢复效应演示,4.0,0.5,1007000079,10.060876458886296,10.02430489239249,0.36482895209583344,cutoff,0.8941521016085314
